order_id,unit_id,order_date,sku,title,category,store_id,buyer_id,account,channel,quantity,item_revenue,shipping_revenue,refund_amount,payment_fee,payout_amount,source_name,synthetic,grain,reporting_date,reporting_timezone,currency
CM-20260901-0001,CM-20260901-0001-U1,2026-09-01,DEMO-CASH_MONKEY-20260901-0001,Engineering reference manual,Books,GW-001,DEMO-CASH_MONKEY-0001,276 - Goodwill Michiana,Amazon-MF,1,82.91,3.99,41.45,8.29,37.16,cash_monkey_replica,true,one row per unit,2026-09-01,UTC,USD
CM-20260901-0001,CM-20260901-0001-U2,2026-09-01,DEMO-CASH_MONKEY-20260901-0001,Engineering reference manual,Books,GW-001,DEMO-CASH_MONKEY-0001,276 - Goodwill Michiana,Amazon-MF,1,82.91,3.99,41.45,8.29,37.16,cash_monkey_replica,true,one row per unit,2026-09-01,UTC,USD
CM-20260901-0002,CM-20260901-0002-U1,2026-09-01,DEMO-CASH_MONKEY-20260901-0002,Hardcover regional cookbook,Books,GW-002,DEMO-CASH_MONKEY-0002,277 - Goodwill Michiana (Stores),eBay,1,85.02,4.99,0.00,8.50,81.51,cash_monkey_replica,true,one row per unit,2026-09-01,UTC,USD
CM-20260901-0003,CM-20260901-0003-U1,2026-09-01,DEMO-CASH_MONKEY-20260901-0003,Collected short stories,Books,GW-003,DEMO-CASH_MONKEY-0003,276 - Goodwill Michiana,Goodwillbooks,1,87.13,5.99,0.00,8.71,84.41,cash_monkey_replica,true,one row per unit,2026-09-01,UTC,USD
CM-20260901-0004,CM-20260901-0004-U1,2026-09-01,DEMO-CASH_MONKEY-20260901-0004,Paperback history,Books,GW-004,DEMO-CASH_MONKEY-0004,277 - Goodwill Michiana (Stores),Amazon-MF,1,89.24,6.99,0.00,8.92,87.31,cash_monkey_replica,true,one row per unit,2026-09-01,UTC,USD
CM-20260901-0005,CM-20260901-0005-U1,2026-09-01,DEMO-CASH_MONKEY-20260901-0005,Engineering reference manual,Books,GW-005,DEMO-CASH_MONKEY-0005,276 - Goodwill Michiana,eBay,1,6.35,7.99,0.00,0.63,13.71,cash_monkey_replica,true,one row per unit,2026-09-01,UTC,USD
CM-20260901-0006,CM-20260901-0006-U1,2026-09-01,DEMO-CASH_MONKEY-20260901-0006,Hardcover regional cookbook,Books,GW-006,DEMO-CASH_MONKEY-0006,277 - Goodwill Michiana (Stores),Goodwillbooks,1,8.46,3.99,0.00,0.84,11.61,cash_monkey_replica,true,one row per unit,2026-09-01,UTC,USD
CM-20260901-0007,CM-20260901-0007-U1,2026-09-01,DEMO-CASH_MONKEY-20260901-0007,Collected short stories,Books,GW-007,DEMO-CASH_MONKEY-0007,276 - Goodwill Michiana,Amazon-MF,1,10.57,4.99,0.00,1.05,14.51,cash_monkey_replica,true,one row per unit,2026-09-01,UTC,USD
CM-20260901-0008,CM-20260901-0008-U1,2026-09-01,DEMO-CASH_MONKEY-20260901-0008,Paperback history,Books,GW-008,DEMO-CASH_MONKEY-0008,277 - Goodwill Michiana (Stores),eBay,1,12.68,5.99,0.00,1.26,17.41,cash_monkey_replica,true,one row per unit,2026-09-01,UTC,USD
CM-20260901-0009,CM-20260901-0009-U1,2026-09-01,DEMO-CASH_MONKEY-20260901-0009,Engineering reference manual,Books,GW-009,DEMO-CASH_MONKEY-0009,276 - Goodwill Michiana,Goodwillbooks,1,14.79,6.99,0.00,1.47,20.31,cash_monkey_replica,true,one row per unit,2026-09-01,UTC,USD
CM-20260901-0010,CM-20260901-0010-U1,2026-09-01,DEMO-CASH_MONKEY-20260901-0010,Hardcover regional cookbook,Books,GW-010,DEMO-CASH_MONKEY-0010,277 - Goodwill Michiana (Stores),Amazon-MF,1,16.90,7.99,0.00,1.69,23.20,cash_monkey_replica,true,one row per unit,2026-09-01,UTC,USD
CM-20260901-0011,CM-20260901-0011-U1,2026-09-01,DEMO-CASH_MONKEY-20260901-0011,Collected short stories,Books,GW-011,DEMO-CASH_MONKEY-0011,276 - Goodwill Michiana,eBay,1,19.01,3.99,0.00,1.90,21.10,cash_monkey_replica,true,one row per unit,2026-09-01,UTC,USD
CM-20260901-0012,CM-20260901-0012-U1,2026-09-01,DEMO-CASH_MONKEY-20260901-0012,Paperback history,Books,GW-012,DEMO-CASH_MONKEY-0012,277 - Goodwill Michiana (Stores),Goodwillbooks,1,21.12,4.99,0.00,2.11,24.00,cash_monkey_replica,true,one row per unit,2026-09-01,UTC,USD
CM-20260901-0013,CM-20260901-0013-U1,2026-09-01,DEMO-CASH_MONKEY-20260901-0013,Engineering reference manual,Books,GW-013,DEMO-CASH_MONKEY-0013,276 - Goodwill Michiana,Amazon-MF,1,23.23,5.99,0.00,2.32,26.90,cash_monkey_replica,true,one row per unit,2026-09-01,UTC,USD
CM-20260901-0014,CM-20260901-0014-U1,2026-09-01,DEMO-CASH_MONKEY-20260901-0014,Hardcover regional cookbook,Books,GW-014,DEMO-CASH_MONKEY-0014,277 - Goodwill Michiana (Stores),eBay,1,25.34,6.99,0.00,2.53,29.80,cash_monkey_replica,true,one row per unit,2026-09-01,UTC,USD
CM-20260901-0015,CM-20260901-0015-U1,2026-09-01,DEMO-CASH_MONKEY-20260901-0015,Collected short stories,Books,GW-015,DEMO-CASH_MONKEY-0015,276 - Goodwill Michiana,Goodwillbooks,1,27.45,7.99,0.00,2.74,32.70,cash_monkey_replica,true,one row per unit,2026-09-01,UTC,USD
CM-20260901-0016,CM-20260901-0016-U1,2026-09-01,DEMO-CASH_MONKEY-20260901-0016,Paperback history,Books,GW-016,DEMO-CASH_MONKEY-0016,277 - Goodwill Michiana (Stores),Amazon-MF,1,29.56,3.99,0.00,2.95,30.60,cash_monkey_replica,true,one row per unit,2026-09-01,UTC,USD
CM-20260901-0016,CM-20260901-0016-U2,2026-09-01,DEMO-CASH_MONKEY-20260901-0016,Paperback history,Books,GW-016,DEMO-CASH_MONKEY-0016,277 - Goodwill Michiana (Stores),Amazon-MF,1,29.56,3.99,0.00,2.95,30.60,cash_monkey_replica,true,one row per unit,2026-09-01,UTC,USD
CM-20260901-0017,CM-20260901-0017-U1,2026-09-01,DEMO-CASH_MONKEY-20260901-0017,Engineering reference manual,Books,GW-017,DEMO-CASH_MONKEY-0017,276 - Goodwill Michiana,eBay,1,31.67,4.99,0.00,3.16,33.50,cash_monkey_replica,true,one row per unit,2026-09-01,UTC,USD
CM-20260901-0018,CM-20260901-0018-U1,2026-09-01,DEMO-CASH_MONKEY-20260901-0018,Hardcover regional cookbook,Books,GW-018,DEMO-CASH_MONKEY-0018,277 - Goodwill Michiana (Stores),Goodwillbooks,1,33.78,5.99,16.89,3.37,19.51,cash_monkey_replica,true,one row per unit,2026-09-01,UTC,USD
CM-20260901-0019,CM-20260901-0019-U1,2026-09-01,DEMO-CASH_MONKEY-20260901-0019,Collected short stories,Books,GW-019,DEMO-CASH_MONKEY-0019,276 - Goodwill Michiana,Amazon-MF,1,35.89,6.99,0.00,3.58,39.30,cash_monkey_replica,true,one row per unit,2026-09-01,UTC,USD
CM-20260901-0020,CM-20260901-0020-U1,2026-09-01,DEMO-CASH_MONKEY-20260901-0020,Paperback history,Books,GW-020,DEMO-CASH_MONKEY-0020,277 - Goodwill Michiana (Stores),eBay,1,38.00,7.99,0.00,3.80,42.19,cash_monkey_replica,true,one row per unit,2026-09-01,UTC,USD
CM-20260901-0021,CM-20260901-0021-U1,2026-09-01,DEMO-CASH_MONKEY-20260901-0021,Engineering reference manual,Books,GW-021,DEMO-CASH_MONKEY-0021,276 - Goodwill Michiana,Goodwillbooks,1,40.11,3.99,0.00,4.01,40.09,cash_monkey_replica,true,one row per unit,2026-09-01,UTC,USD
CM-20260901-0022,CM-20260901-0022-U1,2026-09-01,DEMO-CASH_MONKEY-20260901-0022,Hardcover regional cookbook,Books,GW-022,DEMO-CASH_MONKEY-0022,277 - Goodwill Michiana (Stores),Amazon-MF,1,42.22,4.99,0.00,4.22,42.99,cash_monkey_replica,true,one row per unit,2026-09-01,UTC,USD
CM-20260901-0023,CM-20260901-0023-U1,2026-09-01,DEMO-CASH_MONKEY-20260901-0023,Collected short stories,Books,GW-023,DEMO-CASH_MONKEY-0023,276 - Goodwill Michiana,eBay,1,44.33,5.99,0.00,4.43,45.89,cash_monkey_replica,true,one row per unit,2026-09-01,UTC,USD
CM-20260901-0024,CM-20260901-0024-U1,2026-09-01,DEMO-CASH_MONKEY-20260901-0024,Paperback history,Books,GW-024,DEMO-CASH_MONKEY-0024,277 - Goodwill Michiana (Stores),Goodwillbooks,1,46.44,6.99,0.00,4.64,48.79,cash_monkey_replica,true,one row per unit,2026-09-01,UTC,USD
CM-20260901-0025,CM-20260901-0025-U1,2026-09-01,DEMO-CASH_MONKEY-20260901-0025,Engineering reference manual,Books,GW-001,DEMO-CASH_MONKEY-0025,276 - Goodwill Michiana,Amazon-MF,1,48.55,7.99,0.00,4.85,51.69,cash_monkey_replica,true,one row per unit,2026-09-01,UTC,USD
CM-20260901-0026,CM-20260901-0026-U1,2026-09-01,DEMO-CASH_MONKEY-20260901-0026,Hardcover regional cookbook,Books,GW-002,DEMO-CASH_MONKEY-0026,277 - Goodwill Michiana (Stores),eBay,1,50.66,3.99,0.00,5.06,49.59,cash_monkey_replica,true,one row per unit,2026-09-01,UTC,USD
CM-20260901-0027,CM-20260901-0027-U1,2026-09-01,DEMO-CASH_MONKEY-20260901-0027,Collected short stories,Books,GW-003,DEMO-CASH_MONKEY-0027,276 - Goodwill Michiana,Goodwillbooks,1,52.77,4.99,0.00,5.27,52.49,cash_monkey_replica,true,one row per unit,2026-09-01,UTC,USD
CM-20260901-0028,CM-20260901-0028-U1,2026-09-01,DEMO-CASH_MONKEY-20260901-0028,Paperback history,Books,GW-004,DEMO-CASH_MONKEY-0028,277 - Goodwill Michiana (Stores),Amazon-MF,1,54.88,5.99,0.00,5.48,55.39,cash_monkey_replica,true,one row per unit,2026-09-01,UTC,USD
CM-20260901-0029,CM-20260901-0029-U1,2026-09-01,DEMO-CASH_MONKEY-20260901-0029,Engineering reference manual,Books,GW-005,DEMO-CASH_MONKEY-0029,276 - Goodwill Michiana,eBay,1,56.99,6.99,0.00,5.69,58.29,cash_monkey_replica,true,one row per unit,2026-09-01,UTC,USD
CM-20260901-0030,CM-20260901-0030-U1,2026-09-01,DEMO-CASH_MONKEY-20260901-0030,Hardcover regional cookbook,Books,GW-006,DEMO-CASH_MONKEY-0030,277 - Goodwill Michiana (Stores),Goodwillbooks,1,59.10,7.99,0.00,5.91,61.18,cash_monkey_replica,true,one row per unit,2026-09-01,UTC,USD
CM-20260902-0001,CM-20260902-0001-U1,2026-09-02,DEMO-CASH_MONKEY-20260902-0001,Engineering reference manual,Books,GW-001,DEMO-CASH_MONKEY-0001,276 - Goodwill Michiana,Amazon-MF,1,84.28,3.99,42.14,8.42,37.71,cash_monkey_replica,true,one row per unit,2026-09-02,UTC,USD
CM-20260902-0001,CM-20260902-0001-U2,2026-09-02,DEMO-CASH_MONKEY-20260902-0001,Engineering reference manual,Books,GW-001,DEMO-CASH_MONKEY-0001,276 - Goodwill Michiana,Amazon-MF,1,84.28,3.99,42.14,8.42,37.71,cash_monkey_replica,true,one row per unit,2026-09-02,UTC,USD
CM-20260902-0002,CM-20260902-0002-U1,2026-09-02,DEMO-CASH_MONKEY-20260902-0002,Hardcover regional cookbook,Books,GW-002,DEMO-CASH_MONKEY-0002,277 - Goodwill Michiana (Stores),eBay,1,86.39,4.99,0.00,8.63,82.75,cash_monkey_replica,true,one row per unit,2026-09-02,UTC,USD
CM-20260902-0003,CM-20260902-0003-U1,2026-09-02,DEMO-CASH_MONKEY-20260902-0003,Collected short stories,Books,GW-003,DEMO-CASH_MONKEY-0003,276 - Goodwill Michiana,Goodwillbooks,1,88.50,5.99,0.00,8.85,85.64,cash_monkey_replica,true,one row per unit,2026-09-02,UTC,USD
CM-20260902-0004,CM-20260902-0004-U1,2026-09-02,DEMO-CASH_MONKEY-20260902-0004,Paperback history,Books,GW-004,DEMO-CASH_MONKEY-0004,277 - Goodwill Michiana (Stores),Amazon-MF,1,5.61,6.99,0.00,0.56,12.04,cash_monkey_replica,true,one row per unit,2026-09-02,UTC,USD
CM-20260902-0005,CM-20260902-0005-U1,2026-09-02,DEMO-CASH_MONKEY-20260902-0005,Engineering reference manual,Books,GW-005,DEMO-CASH_MONKEY-0005,276 - Goodwill Michiana,eBay,1,7.72,7.99,0.00,0.77,14.94,cash_monkey_replica,true,one row per unit,2026-09-02,UTC,USD
CM-20260902-0006,CM-20260902-0006-U1,2026-09-02,DEMO-CASH_MONKEY-20260902-0006,Hardcover regional cookbook,Books,GW-006,DEMO-CASH_MONKEY-0006,277 - Goodwill Michiana (Stores),Goodwillbooks,1,9.83,3.99,0.00,0.98,12.84,cash_monkey_replica,true,one row per unit,2026-09-02,UTC,USD
CM-20260902-0007,CM-20260902-0007-U1,2026-09-02,DEMO-CASH_MONKEY-20260902-0007,Collected short stories,Books,GW-007,DEMO-CASH_MONKEY-0007,276 - Goodwill Michiana,Amazon-MF,1,11.94,4.99,0.00,1.19,15.74,cash_monkey_replica,true,one row per unit,2026-09-02,UTC,USD
CM-20260902-0008,CM-20260902-0008-U1,2026-09-02,DEMO-CASH_MONKEY-20260902-0008,Paperback history,Books,GW-008,DEMO-CASH_MONKEY-0008,277 - Goodwill Michiana (Stores),eBay,1,14.05,5.99,0.00,1.40,18.64,cash_monkey_replica,true,one row per unit,2026-09-02,UTC,USD
CM-20260902-0009,CM-20260902-0009-U1,2026-09-02,DEMO-CASH_MONKEY-20260902-0009,Engineering reference manual,Books,GW-009,DEMO-CASH_MONKEY-0009,276 - Goodwill Michiana,Goodwillbooks,1,16.16,6.99,0.00,1.61,21.54,cash_monkey_replica,true,one row per unit,2026-09-02,UTC,USD
CM-20260902-0010,CM-20260902-0010-U1,2026-09-02,DEMO-CASH_MONKEY-20260902-0010,Hardcover regional cookbook,Books,GW-010,DEMO-CASH_MONKEY-0010,277 - Goodwill Michiana (Stores),Amazon-MF,1,18.27,7.99,0.00,1.82,24.44,cash_monkey_replica,true,one row per unit,2026-09-02,UTC,USD
CM-20260902-0011,CM-20260902-0011-U1,2026-09-02,DEMO-CASH_MONKEY-20260902-0011,Collected short stories,Books,GW-011,DEMO-CASH_MONKEY-0011,276 - Goodwill Michiana,eBay,1,20.38,3.99,0.00,2.03,22.34,cash_monkey_replica,true,one row per unit,2026-09-02,UTC,USD
CM-20260902-0012,CM-20260902-0012-U1,2026-09-02,DEMO-CASH_MONKEY-20260902-0012,Paperback history,Books,GW-012,DEMO-CASH_MONKEY-0012,277 - Goodwill Michiana (Stores),Goodwillbooks,1,22.49,4.99,0.00,2.24,25.24,cash_monkey_replica,true,one row per unit,2026-09-02,UTC,USD
CM-20260902-0013,CM-20260902-0013-U1,2026-09-02,DEMO-CASH_MONKEY-20260902-0013,Engineering reference manual,Books,GW-013,DEMO-CASH_MONKEY-0013,276 - Goodwill Michiana,Amazon-MF,1,24.60,5.99,0.00,2.46,28.13,cash_monkey_replica,true,one row per unit,2026-09-02,UTC,USD
CM-20260902-0014,CM-20260902-0014-U1,2026-09-02,DEMO-CASH_MONKEY-20260902-0014,Hardcover regional cookbook,Books,GW-014,DEMO-CASH_MONKEY-0014,277 - Goodwill Michiana (Stores),eBay,1,26.71,6.99,0.00,2.67,31.03,cash_monkey_replica,true,one row per unit,2026-09-02,UTC,USD
CM-20260902-0015,CM-20260902-0015-U1,2026-09-02,DEMO-CASH_MONKEY-20260902-0015,Collected short stories,Books,GW-015,DEMO-CASH_MONKEY-0015,276 - Goodwill Michiana,Goodwillbooks,1,28.82,7.99,0.00,2.88,33.93,cash_monkey_replica,true,one row per unit,2026-09-02,UTC,USD
CM-20260902-0016,CM-20260902-0016-U1,2026-09-02,DEMO-CASH_MONKEY-20260902-0016,Paperback history,Books,GW-016,DEMO-CASH_MONKEY-0016,277 - Goodwill Michiana (Stores),Amazon-MF,1,30.93,3.99,0.00,3.09,31.83,cash_monkey_replica,true,one row per unit,2026-09-02,UTC,USD
CM-20260902-0016,CM-20260902-0016-U2,2026-09-02,DEMO-CASH_MONKEY-20260902-0016,Paperback history,Books,GW-016,DEMO-CASH_MONKEY-0016,277 - Goodwill Michiana (Stores),Amazon-MF,1,30.93,3.99,0.00,3.09,31.83,cash_monkey_replica,true,one row per unit,2026-09-02,UTC,USD
CM-20260902-0017,CM-20260902-0017-U1,2026-09-02,DEMO-CASH_MONKEY-20260902-0017,Engineering reference manual,Books,GW-017,DEMO-CASH_MONKEY-0017,276 - Goodwill Michiana,eBay,1,33.04,4.99,0.00,3.30,34.73,cash_monkey_replica,true,one row per unit,2026-09-02,UTC,USD
CM-20260902-0018,CM-20260902-0018-U1,2026-09-02,DEMO-CASH_MONKEY-20260902-0018,Hardcover regional cookbook,Books,GW-018,DEMO-CASH_MONKEY-0018,277 - Goodwill Michiana (Stores),Goodwillbooks,1,35.15,5.99,17.57,3.51,20.06,cash_monkey_replica,true,one row per unit,2026-09-02,UTC,USD
CM-20260902-0019,CM-20260902-0019-U1,2026-09-02,DEMO-CASH_MONKEY-20260902-0019,Collected short stories,Books,GW-019,DEMO-CASH_MONKEY-0019,276 - Goodwill Michiana,Amazon-MF,1,37.26,6.99,0.00,3.72,40.53,cash_monkey_replica,true,one row per unit,2026-09-02,UTC,USD
CM-20260902-0020,CM-20260902-0020-U1,2026-09-02,DEMO-CASH_MONKEY-20260902-0020,Paperback history,Books,GW-020,DEMO-CASH_MONKEY-0020,277 - Goodwill Michiana (Stores),eBay,1,39.37,7.99,0.00,3.93,43.43,cash_monkey_replica,true,one row per unit,2026-09-02,UTC,USD
CM-20260902-0021,CM-20260902-0021-U1,2026-09-02,DEMO-CASH_MONKEY-20260902-0021,Engineering reference manual,Books,GW-021,DEMO-CASH_MONKEY-0021,276 - Goodwill Michiana,Goodwillbooks,1,41.48,3.99,0.00,4.14,41.33,cash_monkey_replica,true,one row per unit,2026-09-02,UTC,USD
CM-20260902-0022,CM-20260902-0022-U1,2026-09-02,DEMO-CASH_MONKEY-20260902-0022,Hardcover regional cookbook,Books,GW-022,DEMO-CASH_MONKEY-0022,277 - Goodwill Michiana (Stores),Amazon-MF,1,43.59,4.99,0.00,4.35,44.23,cash_monkey_replica,true,one row per unit,2026-09-02,UTC,USD
CM-20260902-0023,CM-20260902-0023-U1,2026-09-02,DEMO-CASH_MONKEY-20260902-0023,Collected short stories,Books,GW-023,DEMO-CASH_MONKEY-0023,276 - Goodwill Michiana,eBay,1,45.70,5.99,0.00,4.57,47.12,cash_monkey_replica,true,one row per unit,2026-09-02,UTC,USD
CM-20260902-0024,CM-20260902-0024-U1,2026-09-02,DEMO-CASH_MONKEY-20260902-0024,Paperback history,Books,GW-024,DEMO-CASH_MONKEY-0024,277 - Goodwill Michiana (Stores),Goodwillbooks,1,47.81,6.99,0.00,4.78,50.02,cash_monkey_replica,true,one row per unit,2026-09-02,UTC,USD
CM-20260902-0025,CM-20260902-0025-U1,2026-09-02,DEMO-CASH_MONKEY-20260902-0025,Engineering reference manual,Books,GW-001,DEMO-CASH_MONKEY-0025,276 - Goodwill Michiana,Amazon-MF,1,49.92,7.99,0.00,4.99,52.92,cash_monkey_replica,true,one row per unit,2026-09-02,UTC,USD
CM-20260902-0026,CM-20260902-0026-U1,2026-09-02,DEMO-CASH_MONKEY-20260902-0026,Hardcover regional cookbook,Books,GW-002,DEMO-CASH_MONKEY-0026,277 - Goodwill Michiana (Stores),eBay,1,52.03,3.99,0.00,5.20,50.82,cash_monkey_replica,true,one row per unit,2026-09-02,UTC,USD
CM-20260902-0027,CM-20260902-0027-U1,2026-09-02,DEMO-CASH_MONKEY-20260902-0027,Collected short stories,Books,GW-003,DEMO-CASH_MONKEY-0027,276 - Goodwill Michiana,Goodwillbooks,1,54.14,4.99,0.00,5.41,53.72,cash_monkey_replica,true,one row per unit,2026-09-02,UTC,USD
CM-20260902-0028,CM-20260902-0028-U1,2026-09-02,DEMO-CASH_MONKEY-20260902-0028,Paperback history,Books,GW-004,DEMO-CASH_MONKEY-0028,277 - Goodwill Michiana (Stores),Amazon-MF,1,56.25,5.99,0.00,5.62,56.62,cash_monkey_replica,true,one row per unit,2026-09-02,UTC,USD
CM-20260902-0029,CM-20260902-0029-U1,2026-09-02,DEMO-CASH_MONKEY-20260902-0029,Engineering reference manual,Books,GW-005,DEMO-CASH_MONKEY-0029,276 - Goodwill Michiana,eBay,1,58.36,6.99,0.00,5.83,59.52,cash_monkey_replica,true,one row per unit,2026-09-02,UTC,USD
CM-20260902-0030,CM-20260902-0030-U1,2026-09-02,DEMO-CASH_MONKEY-20260902-0030,Hardcover regional cookbook,Books,GW-006,DEMO-CASH_MONKEY-0030,277 - Goodwill Michiana (Stores),Goodwillbooks,1,60.47,7.99,0.00,6.04,62.42,cash_monkey_replica,true,one row per unit,2026-09-02,UTC,USD
CM-20260903-0001,CM-20260903-0001-U1,2026-09-03,DEMO-CASH_MONKEY-20260903-0001,Engineering reference manual,Books,GW-001,DEMO-CASH_MONKEY-0001,276 - Goodwill Michiana,Amazon-MF,1,85.65,3.99,42.82,8.56,38.26,cash_monkey_replica,true,one row per unit,2026-09-03,UTC,USD
CM-20260903-0001,CM-20260903-0001-U2,2026-09-03,DEMO-CASH_MONKEY-20260903-0001,Engineering reference manual,Books,GW-001,DEMO-CASH_MONKEY-0001,276 - Goodwill Michiana,Amazon-MF,1,85.65,3.99,42.82,8.56,38.26,cash_monkey_replica,true,one row per unit,2026-09-03,UTC,USD
CM-20260903-0002,CM-20260903-0002-U1,2026-09-03,DEMO-CASH_MONKEY-20260903-0002,Hardcover regional cookbook,Books,GW-002,DEMO-CASH_MONKEY-0002,277 - Goodwill Michiana (Stores),eBay,1,87.76,4.99,0.00,8.77,83.98,cash_monkey_replica,true,one row per unit,2026-09-03,UTC,USD
CM-20260903-0003,CM-20260903-0003-U1,2026-09-03,DEMO-CASH_MONKEY-20260903-0003,Collected short stories,Books,GW-003,DEMO-CASH_MONKEY-0003,276 - Goodwill Michiana,Goodwillbooks,1,89.87,5.99,0.00,8.98,86.88,cash_monkey_replica,true,one row per unit,2026-09-03,UTC,USD
CM-20260903-0004,CM-20260903-0004-U1,2026-09-03,DEMO-CASH_MONKEY-20260903-0004,Paperback history,Books,GW-004,DEMO-CASH_MONKEY-0004,277 - Goodwill Michiana (Stores),Amazon-MF,1,6.98,6.99,0.00,0.69,13.28,cash_monkey_replica,true,one row per unit,2026-09-03,UTC,USD
CM-20260903-0005,CM-20260903-0005-U1,2026-09-03,DEMO-CASH_MONKEY-20260903-0005,Engineering reference manual,Books,GW-005,DEMO-CASH_MONKEY-0005,276 - Goodwill Michiana,eBay,1,9.09,7.99,0.00,0.90,16.18,cash_monkey_replica,true,one row per unit,2026-09-03,UTC,USD
CM-20260903-0006,CM-20260903-0006-U1,2026-09-03,DEMO-CASH_MONKEY-20260903-0006,Hardcover regional cookbook,Books,GW-006,DEMO-CASH_MONKEY-0006,277 - Goodwill Michiana (Stores),Goodwillbooks,1,11.20,3.99,0.00,1.12,14.07,cash_monkey_replica,true,one row per unit,2026-09-03,UTC,USD
CM-20260903-0007,CM-20260903-0007-U1,2026-09-03,DEMO-CASH_MONKEY-20260903-0007,Collected short stories,Books,GW-007,DEMO-CASH_MONKEY-0007,276 - Goodwill Michiana,Amazon-MF,1,13.31,4.99,0.00,1.33,16.97,cash_monkey_replica,true,one row per unit,2026-09-03,UTC,USD
CM-20260903-0008,CM-20260903-0008-U1,2026-09-03,DEMO-CASH_MONKEY-20260903-0008,Paperback history,Books,GW-008,DEMO-CASH_MONKEY-0008,277 - Goodwill Michiana (Stores),eBay,1,15.42,5.99,0.00,1.54,19.87,cash_monkey_replica,true,one row per unit,2026-09-03,UTC,USD
CM-20260903-0009,CM-20260903-0009-U1,2026-09-03,DEMO-CASH_MONKEY-20260903-0009,Engineering reference manual,Books,GW-009,DEMO-CASH_MONKEY-0009,276 - Goodwill Michiana,Goodwillbooks,1,17.53,6.99,0.00,1.75,22.77,cash_monkey_replica,true,one row per unit,2026-09-03,UTC,USD
CM-20260903-0010,CM-20260903-0010-U1,2026-09-03,DEMO-CASH_MONKEY-20260903-0010,Hardcover regional cookbook,Books,GW-010,DEMO-CASH_MONKEY-0010,277 - Goodwill Michiana (Stores),Amazon-MF,1,19.64,7.99,0.00,1.96,25.67,cash_monkey_replica,true,one row per unit,2026-09-03,UTC,USD
CM-20260903-0011,CM-20260903-0011-U1,2026-09-03,DEMO-CASH_MONKEY-20260903-0011,Collected short stories,Books,GW-011,DEMO-CASH_MONKEY-0011,276 - Goodwill Michiana,eBay,1,21.75,3.99,0.00,2.17,23.57,cash_monkey_replica,true,one row per unit,2026-09-03,UTC,USD
CM-20260903-0012,CM-20260903-0012-U1,2026-09-03,DEMO-CASH_MONKEY-20260903-0012,Paperback history,Books,GW-012,DEMO-CASH_MONKEY-0012,277 - Goodwill Michiana (Stores),Goodwillbooks,1,23.86,4.99,0.00,2.38,26.47,cash_monkey_replica,true,one row per unit,2026-09-03,UTC,USD
CM-20260903-0013,CM-20260903-0013-U1,2026-09-03,DEMO-CASH_MONKEY-20260903-0013,Engineering reference manual,Books,GW-013,DEMO-CASH_MONKEY-0013,276 - Goodwill Michiana,Amazon-MF,1,25.97,5.99,0.00,2.59,29.37,cash_monkey_replica,true,one row per unit,2026-09-03,UTC,USD
CM-20260903-0014,CM-20260903-0014-U1,2026-09-03,DEMO-CASH_MONKEY-20260903-0014,Hardcover regional cookbook,Books,GW-014,DEMO-CASH_MONKEY-0014,277 - Goodwill Michiana (Stores),eBay,1,28.08,6.99,0.00,2.80,32.27,cash_monkey_replica,true,one row per unit,2026-09-03,UTC,USD
CM-20260903-0015,CM-20260903-0015-U1,2026-09-03,DEMO-CASH_MONKEY-20260903-0015,Collected short stories,Books,GW-015,DEMO-CASH_MONKEY-0015,276 - Goodwill Michiana,Goodwillbooks,1,30.19,7.99,0.00,3.01,35.17,cash_monkey_replica,true,one row per unit,2026-09-03,UTC,USD
CM-20260903-0016,CM-20260903-0016-U1,2026-09-03,DEMO-CASH_MONKEY-20260903-0016,Paperback history,Books,GW-016,DEMO-CASH_MONKEY-0016,277 - Goodwill Michiana (Stores),Amazon-MF,1,32.30,3.99,0.00,3.23,33.06,cash_monkey_replica,true,one row per unit,2026-09-03,UTC,USD
CM-20260903-0016,CM-20260903-0016-U2,2026-09-03,DEMO-CASH_MONKEY-20260903-0016,Paperback history,Books,GW-016,DEMO-CASH_MONKEY-0016,277 - Goodwill Michiana (Stores),Amazon-MF,1,32.30,3.99,0.00,3.23,33.06,cash_monkey_replica,true,one row per unit,2026-09-03,UTC,USD
CM-20260903-0017,CM-20260903-0017-U1,2026-09-03,DEMO-CASH_MONKEY-20260903-0017,Engineering reference manual,Books,GW-017,DEMO-CASH_MONKEY-0017,276 - Goodwill Michiana,eBay,1,34.41,4.99,0.00,3.44,35.96,cash_monkey_replica,true,one row per unit,2026-09-03,UTC,USD
CM-20260903-0018,CM-20260903-0018-U1,2026-09-03,DEMO-CASH_MONKEY-20260903-0018,Hardcover regional cookbook,Books,GW-018,DEMO-CASH_MONKEY-0018,277 - Goodwill Michiana (Stores),Goodwillbooks,1,36.52,5.99,18.26,3.65,20.60,cash_monkey_replica,true,one row per unit,2026-09-03,UTC,USD
CM-20260903-0019,CM-20260903-0019-U1,2026-09-03,DEMO-CASH_MONKEY-20260903-0019,Collected short stories,Books,GW-019,DEMO-CASH_MONKEY-0019,276 - Goodwill Michiana,Amazon-MF,1,38.63,6.99,0.00,3.86,41.76,cash_monkey_replica,true,one row per unit,2026-09-03,UTC,USD
CM-20260903-0020,CM-20260903-0020-U1,2026-09-03,DEMO-CASH_MONKEY-20260903-0020,Paperback history,Books,GW-020,DEMO-CASH_MONKEY-0020,277 - Goodwill Michiana (Stores),eBay,1,40.74,7.99,0.00,4.07,44.66,cash_monkey_replica,true,one row per unit,2026-09-03,UTC,USD
CM-20260903-0021,CM-20260903-0021-U1,2026-09-03,DEMO-CASH_MONKEY-20260903-0021,Engineering reference manual,Books,GW-021,DEMO-CASH_MONKEY-0021,276 - Goodwill Michiana,Goodwillbooks,1,42.85,3.99,0.00,4.28,42.56,cash_monkey_replica,true,one row per unit,2026-09-03,UTC,USD
CM-20260903-0022,CM-20260903-0022-U1,2026-09-03,DEMO-CASH_MONKEY-20260903-0022,Hardcover regional cookbook,Books,GW-022,DEMO-CASH_MONKEY-0022,277 - Goodwill Michiana (Stores),Amazon-MF,1,44.96,4.99,0.00,4.49,45.46,cash_monkey_replica,true,one row per unit,2026-09-03,UTC,USD
CM-20260903-0023,CM-20260903-0023-U1,2026-09-03,DEMO-CASH_MONKEY-20260903-0023,Collected short stories,Books,GW-023,DEMO-CASH_MONKEY-0023,276 - Goodwill Michiana,eBay,1,47.07,5.99,0.00,4.70,48.36,cash_monkey_replica,true,one row per unit,2026-09-03,UTC,USD
CM-20260903-0024,CM-20260903-0024-U1,2026-09-03,DEMO-CASH_MONKEY-20260903-0024,Paperback history,Books,GW-024,DEMO-CASH_MONKEY-0024,277 - Goodwill Michiana (Stores),Goodwillbooks,1,49.18,6.99,0.00,4.91,51.26,cash_monkey_replica,true,one row per unit,2026-09-03,UTC,USD
CM-20260903-0025,CM-20260903-0025-U1,2026-09-03,DEMO-CASH_MONKEY-20260903-0025,Engineering reference manual,Books,GW-001,DEMO-CASH_MONKEY-0025,276 - Goodwill Michiana,Amazon-MF,1,51.29,7.99,0.00,5.12,54.16,cash_monkey_replica,true,one row per unit,2026-09-03,UTC,USD
CM-20260903-0026,CM-20260903-0026-U1,2026-09-03,DEMO-CASH_MONKEY-20260903-0026,Hardcover regional cookbook,Books,GW-002,DEMO-CASH_MONKEY-0026,277 - Goodwill Michiana (Stores),eBay,1,53.40,3.99,0.00,5.34,52.05,cash_monkey_replica,true,one row per unit,2026-09-03,UTC,USD
CM-20260903-0027,CM-20260903-0027-U1,2026-09-03,DEMO-CASH_MONKEY-20260903-0027,Collected short stories,Books,GW-003,DEMO-CASH_MONKEY-0027,276 - Goodwill Michiana,Goodwillbooks,1,55.51,4.99,0.00,5.55,54.95,cash_monkey_replica,true,one row per unit,2026-09-03,UTC,USD
CM-20260903-0028,CM-20260903-0028-U1,2026-09-03,DEMO-CASH_MONKEY-20260903-0028,Paperback history,Books,GW-004,DEMO-CASH_MONKEY-0028,277 - Goodwill Michiana (Stores),Amazon-MF,1,57.62,5.99,0.00,5.76,57.85,cash_monkey_replica,true,one row per unit,2026-09-03,UTC,USD
CM-20260903-0029,CM-20260903-0029-U1,2026-09-03,DEMO-CASH_MONKEY-20260903-0029,Engineering reference manual,Books,GW-005,DEMO-CASH_MONKEY-0029,276 - Goodwill Michiana,eBay,1,59.73,6.99,0.00,5.97,60.75,cash_monkey_replica,true,one row per unit,2026-09-03,UTC,USD
CM-20260903-0030,CM-20260903-0030-U1,2026-09-03,DEMO-CASH_MONKEY-20260903-0030,Hardcover regional cookbook,Books,GW-006,DEMO-CASH_MONKEY-0030,277 - Goodwill Michiana (Stores),Goodwillbooks,1,61.84,7.99,0.00,6.18,63.65,cash_monkey_replica,true,one row per unit,2026-09-03,UTC,USD
CM-20260904-0001,CM-20260904-0001-U1,2026-09-04,DEMO-CASH_MONKEY-20260904-0001,Engineering reference manual,Books,GW-001,DEMO-CASH_MONKEY-0001,276 - Goodwill Michiana,Amazon-MF,1,87.02,3.99,43.51,8.70,38.80,cash_monkey_replica,true,one row per unit,2026-09-04,UTC,USD
CM-20260904-0001,CM-20260904-0001-U2,2026-09-04,DEMO-CASH_MONKEY-20260904-0001,Engineering reference manual,Books,GW-001,DEMO-CASH_MONKEY-0001,276 - Goodwill Michiana,Amazon-MF,1,87.02,3.99,43.51,8.70,38.80,cash_monkey_replica,true,one row per unit,2026-09-04,UTC,USD
CM-20260904-0002,CM-20260904-0002-U1,2026-09-04,DEMO-CASH_MONKEY-20260904-0002,Hardcover regional cookbook,Books,GW-002,DEMO-CASH_MONKEY-0002,277 - Goodwill Michiana (Stores),eBay,1,89.13,4.99,0.00,8.91,85.21,cash_monkey_replica,true,one row per unit,2026-09-04,UTC,USD
CM-20260904-0003,CM-20260904-0003-U1,2026-09-04,DEMO-CASH_MONKEY-20260904-0003,Collected short stories,Books,GW-003,DEMO-CASH_MONKEY-0003,276 - Goodwill Michiana,Goodwillbooks,1,6.24,5.99,0.00,0.62,11.61,cash_monkey_replica,true,one row per unit,2026-09-04,UTC,USD
CM-20260904-0004,CM-20260904-0004-U1,2026-09-04,DEMO-CASH_MONKEY-20260904-0004,Paperback history,Books,GW-004,DEMO-CASH_MONKEY-0004,277 - Goodwill Michiana (Stores),Amazon-MF,1,8.35,6.99,0.00,0.83,14.51,cash_monkey_replica,true,one row per unit,2026-09-04,UTC,USD
CM-20260904-0005,CM-20260904-0005-U1,2026-09-04,DEMO-CASH_MONKEY-20260904-0005,Engineering reference manual,Books,GW-005,DEMO-CASH_MONKEY-0005,276 - Goodwill Michiana,eBay,1,10.46,7.99,0.00,1.04,17.41,cash_monkey_replica,true,one row per unit,2026-09-04,UTC,USD
CM-20260904-0006,CM-20260904-0006-U1,2026-09-04,DEMO-CASH_MONKEY-20260904-0006,Hardcover regional cookbook,Books,GW-006,DEMO-CASH_MONKEY-0006,277 - Goodwill Michiana (Stores),Goodwillbooks,1,12.57,3.99,0.00,1.25,15.31,cash_monkey_replica,true,one row per unit,2026-09-04,UTC,USD
CM-20260904-0007,CM-20260904-0007-U1,2026-09-04,DEMO-CASH_MONKEY-20260904-0007,Collected short stories,Books,GW-007,DEMO-CASH_MONKEY-0007,276 - Goodwill Michiana,Amazon-MF,1,14.68,4.99,0.00,1.46,18.21,cash_monkey_replica,true,one row per unit,2026-09-04,UTC,USD
CM-20260904-0008,CM-20260904-0008-U1,2026-09-04,DEMO-CASH_MONKEY-20260904-0008,Paperback history,Books,GW-008,DEMO-CASH_MONKEY-0008,277 - Goodwill Michiana (Stores),eBay,1,16.79,5.99,0.00,1.67,21.11,cash_monkey_replica,true,one row per unit,2026-09-04,UTC,USD
CM-20260904-0009,CM-20260904-0009-U1,2026-09-04,DEMO-CASH_MONKEY-20260904-0009,Engineering reference manual,Books,GW-009,DEMO-CASH_MONKEY-0009,276 - Goodwill Michiana,Goodwillbooks,1,18.90,6.99,0.00,1.89,24.00,cash_monkey_replica,true,one row per unit,2026-09-04,UTC,USD
CM-20260904-0010,CM-20260904-0010-U1,2026-09-04,DEMO-CASH_MONKEY-20260904-0010,Hardcover regional cookbook,Books,GW-010,DEMO-CASH_MONKEY-0010,277 - Goodwill Michiana (Stores),Amazon-MF,1,21.01,7.99,0.00,2.10,26.90,cash_monkey_replica,true,one row per unit,2026-09-04,UTC,USD
CM-20260904-0011,CM-20260904-0011-U1,2026-09-04,DEMO-CASH_MONKEY-20260904-0011,Collected short stories,Books,GW-011,DEMO-CASH_MONKEY-0011,276 - Goodwill Michiana,eBay,1,23.12,3.99,0.00,2.31,24.80,cash_monkey_replica,true,one row per unit,2026-09-04,UTC,USD
CM-20260904-0012,CM-20260904-0012-U1,2026-09-04,DEMO-CASH_MONKEY-20260904-0012,Paperback history,Books,GW-012,DEMO-CASH_MONKEY-0012,277 - Goodwill Michiana (Stores),Goodwillbooks,1,25.23,4.99,0.00,2.52,27.70,cash_monkey_replica,true,one row per unit,2026-09-04,UTC,USD
CM-20260904-0013,CM-20260904-0013-U1,2026-09-04,DEMO-CASH_MONKEY-20260904-0013,Engineering reference manual,Books,GW-013,DEMO-CASH_MONKEY-0013,276 - Goodwill Michiana,Amazon-MF,1,27.34,5.99,0.00,2.73,30.60,cash_monkey_replica,true,one row per unit,2026-09-04,UTC,USD
CM-20260904-0014,CM-20260904-0014-U1,2026-09-04,DEMO-CASH_MONKEY-20260904-0014,Hardcover regional cookbook,Books,GW-014,DEMO-CASH_MONKEY-0014,277 - Goodwill Michiana (Stores),eBay,1,29.45,6.99,0.00,2.94,33.50,cash_monkey_replica,true,one row per unit,2026-09-04,UTC,USD
CM-20260904-0015,CM-20260904-0015-U1,2026-09-04,DEMO-CASH_MONKEY-20260904-0015,Collected short stories,Books,GW-015,DEMO-CASH_MONKEY-0015,276 - Goodwill Michiana,Goodwillbooks,1,31.56,7.99,0.00,3.15,36.40,cash_monkey_replica,true,one row per unit,2026-09-04,UTC,USD
CM-20260904-0016,CM-20260904-0016-U1,2026-09-04,DEMO-CASH_MONKEY-20260904-0016,Paperback history,Books,GW-016,DEMO-CASH_MONKEY-0016,277 - Goodwill Michiana (Stores),Amazon-MF,1,33.67,3.99,0.00,3.36,34.30,cash_monkey_replica,true,one row per unit,2026-09-04,UTC,USD
CM-20260904-0016,CM-20260904-0016-U2,2026-09-04,DEMO-CASH_MONKEY-20260904-0016,Paperback history,Books,GW-016,DEMO-CASH_MONKEY-0016,277 - Goodwill Michiana (Stores),Amazon-MF,1,33.67,3.99,0.00,3.36,34.30,cash_monkey_replica,true,one row per unit,2026-09-04,UTC,USD
CM-20260904-0017,CM-20260904-0017-U1,2026-09-04,DEMO-CASH_MONKEY-20260904-0017,Engineering reference manual,Books,GW-017,DEMO-CASH_MONKEY-0017,276 - Goodwill Michiana,eBay,1,35.78,4.99,0.00,3.57,37.20,cash_monkey_replica,true,one row per unit,2026-09-04,UTC,USD
CM-20260904-0018,CM-20260904-0018-U1,2026-09-04,DEMO-CASH_MONKEY-20260904-0018,Hardcover regional cookbook,Books,GW-018,DEMO-CASH_MONKEY-0018,277 - Goodwill Michiana (Stores),Goodwillbooks,1,37.89,5.99,18.94,3.78,21.16,cash_monkey_replica,true,one row per unit,2026-09-04,UTC,USD
CM-20260904-0019,CM-20260904-0019-U1,2026-09-04,DEMO-CASH_MONKEY-20260904-0019,Collected short stories,Books,GW-019,DEMO-CASH_MONKEY-0019,276 - Goodwill Michiana,Amazon-MF,1,40.00,6.99,0.00,4.00,42.99,cash_monkey_replica,true,one row per unit,2026-09-04,UTC,USD
CM-20260904-0020,CM-20260904-0020-U1,2026-09-04,DEMO-CASH_MONKEY-20260904-0020,Paperback history,Books,GW-020,DEMO-CASH_MONKEY-0020,277 - Goodwill Michiana (Stores),eBay,1,42.11,7.99,0.00,4.21,45.89,cash_monkey_replica,true,one row per unit,2026-09-04,UTC,USD
CM-20260904-0021,CM-20260904-0021-U1,2026-09-04,DEMO-CASH_MONKEY-20260904-0021,Engineering reference manual,Books,GW-021,DEMO-CASH_MONKEY-0021,276 - Goodwill Michiana,Goodwillbooks,1,44.22,3.99,0.00,4.42,43.79,cash_monkey_replica,true,one row per unit,2026-09-04,UTC,USD
CM-20260904-0022,CM-20260904-0022-U1,2026-09-04,DEMO-CASH_MONKEY-20260904-0022,Hardcover regional cookbook,Books,GW-022,DEMO-CASH_MONKEY-0022,277 - Goodwill Michiana (Stores),Amazon-MF,1,46.33,4.99,0.00,4.63,46.69,cash_monkey_replica,true,one row per unit,2026-09-04,UTC,USD
CM-20260904-0023,CM-20260904-0023-U1,2026-09-04,DEMO-CASH_MONKEY-20260904-0023,Collected short stories,Books,GW-023,DEMO-CASH_MONKEY-0023,276 - Goodwill Michiana,eBay,1,48.44,5.99,0.00,4.84,49.59,cash_monkey_replica,true,one row per unit,2026-09-04,UTC,USD
CM-20260904-0024,CM-20260904-0024-U1,2026-09-04,DEMO-CASH_MONKEY-20260904-0024,Paperback history,Books,GW-024,DEMO-CASH_MONKEY-0024,277 - Goodwill Michiana (Stores),Goodwillbooks,1,50.55,6.99,0.00,5.05,52.49,cash_monkey_replica,true,one row per unit,2026-09-04,UTC,USD
CM-20260904-0025,CM-20260904-0025-U1,2026-09-04,DEMO-CASH_MONKEY-20260904-0025,Engineering reference manual,Books,GW-001,DEMO-CASH_MONKEY-0025,276 - Goodwill Michiana,Amazon-MF,1,52.66,7.99,0.00,5.26,55.39,cash_monkey_replica,true,one row per unit,2026-09-04,UTC,USD
CM-20260904-0026,CM-20260904-0026-U1,2026-09-04,DEMO-CASH_MONKEY-20260904-0026,Hardcover regional cookbook,Books,GW-002,DEMO-CASH_MONKEY-0026,277 - Goodwill Michiana (Stores),eBay,1,54.77,3.99,0.00,5.47,53.29,cash_monkey_replica,true,one row per unit,2026-09-04,UTC,USD
CM-20260904-0027,CM-20260904-0027-U1,2026-09-04,DEMO-CASH_MONKEY-20260904-0027,Collected short stories,Books,GW-003,DEMO-CASH_MONKEY-0027,276 - Goodwill Michiana,Goodwillbooks,1,56.88,4.99,0.00,5.68,56.19,cash_monkey_replica,true,one row per unit,2026-09-04,UTC,USD
CM-20260904-0028,CM-20260904-0028-U1,2026-09-04,DEMO-CASH_MONKEY-20260904-0028,Paperback history,Books,GW-004,DEMO-CASH_MONKEY-0028,277 - Goodwill Michiana (Stores),Amazon-MF,1,58.99,5.99,0.00,5.89,59.09,cash_monkey_replica,true,one row per unit,2026-09-04,UTC,USD
CM-20260904-0029,CM-20260904-0029-U1,2026-09-04,DEMO-CASH_MONKEY-20260904-0029,Engineering reference manual,Books,GW-005,DEMO-CASH_MONKEY-0029,276 - Goodwill Michiana,eBay,1,61.10,6.99,0.00,6.11,61.98,cash_monkey_replica,true,one row per unit,2026-09-04,UTC,USD
CM-20260904-0030,CM-20260904-0030-U1,2026-09-04,DEMO-CASH_MONKEY-20260904-0030,Hardcover regional cookbook,Books,GW-006,DEMO-CASH_MONKEY-0030,277 - Goodwill Michiana (Stores),Goodwillbooks,1,63.21,7.99,0.00,6.32,64.88,cash_monkey_replica,true,one row per unit,2026-09-04,UTC,USD
CM-20260905-0001,CM-20260905-0001-U1,2026-09-05,DEMO-CASH_MONKEY-20260905-0001,Engineering reference manual,Books,GW-001,DEMO-CASH_MONKEY-0001,276 - Goodwill Michiana,Amazon-MF,1,88.39,3.99,44.19,8.83,39.36,cash_monkey_replica,true,one row per unit,2026-09-05,UTC,USD
CM-20260905-0001,CM-20260905-0001-U2,2026-09-05,DEMO-CASH_MONKEY-20260905-0001,Engineering reference manual,Books,GW-001,DEMO-CASH_MONKEY-0001,276 - Goodwill Michiana,Amazon-MF,1,88.39,3.99,44.19,8.83,39.36,cash_monkey_replica,true,one row per unit,2026-09-05,UTC,USD
CM-20260905-0002,CM-20260905-0002-U1,2026-09-05,DEMO-CASH_MONKEY-20260905-0002,Hardcover regional cookbook,Books,GW-002,DEMO-CASH_MONKEY-0002,277 - Goodwill Michiana (Stores),eBay,1,5.50,4.99,0.00,0.55,9.94,cash_monkey_replica,true,one row per unit,2026-09-05,UTC,USD
CM-20260905-0003,CM-20260905-0003-U1,2026-09-05,DEMO-CASH_MONKEY-20260905-0003,Collected short stories,Books,GW-003,DEMO-CASH_MONKEY-0003,276 - Goodwill Michiana,Goodwillbooks,1,7.61,5.99,0.00,0.76,12.84,cash_monkey_replica,true,one row per unit,2026-09-05,UTC,USD
CM-20260905-0004,CM-20260905-0004-U1,2026-09-05,DEMO-CASH_MONKEY-20260905-0004,Paperback history,Books,GW-004,DEMO-CASH_MONKEY-0004,277 - Goodwill Michiana (Stores),Amazon-MF,1,9.72,6.99,0.00,0.97,15.74,cash_monkey_replica,true,one row per unit,2026-09-05,UTC,USD
CM-20260905-0005,CM-20260905-0005-U1,2026-09-05,DEMO-CASH_MONKEY-20260905-0005,Engineering reference manual,Books,GW-005,DEMO-CASH_MONKEY-0005,276 - Goodwill Michiana,eBay,1,11.83,7.99,0.00,1.18,18.64,cash_monkey_replica,true,one row per unit,2026-09-05,UTC,USD
CM-20260905-0006,CM-20260905-0006-U1,2026-09-05,DEMO-CASH_MONKEY-20260905-0006,Hardcover regional cookbook,Books,GW-006,DEMO-CASH_MONKEY-0006,277 - Goodwill Michiana (Stores),Goodwillbooks,1,13.94,3.99,0.00,1.39,16.54,cash_monkey_replica,true,one row per unit,2026-09-05,UTC,USD
CM-20260905-0007,CM-20260905-0007-U1,2026-09-05,DEMO-CASH_MONKEY-20260905-0007,Collected short stories,Books,GW-007,DEMO-CASH_MONKEY-0007,276 - Goodwill Michiana,Amazon-MF,1,16.05,4.99,0.00,1.60,19.44,cash_monkey_replica,true,one row per unit,2026-09-05,UTC,USD
CM-20260905-0008,CM-20260905-0008-U1,2026-09-05,DEMO-CASH_MONKEY-20260905-0008,Paperback history,Books,GW-008,DEMO-CASH_MONKEY-0008,277 - Goodwill Michiana (Stores),eBay,1,18.16,5.99,0.00,1.81,22.34,cash_monkey_replica,true,one row per unit,2026-09-05,UTC,USD
CM-20260905-0009,CM-20260905-0009-U1,2026-09-05,DEMO-CASH_MONKEY-20260905-0009,Engineering reference manual,Books,GW-009,DEMO-CASH_MONKEY-0009,276 - Goodwill Michiana,Goodwillbooks,1,20.27,6.99,0.00,2.02,25.24,cash_monkey_replica,true,one row per unit,2026-09-05,UTC,USD
CM-20260905-0010,CM-20260905-0010-U1,2026-09-05,DEMO-CASH_MONKEY-20260905-0010,Hardcover regional cookbook,Books,GW-010,DEMO-CASH_MONKEY-0010,277 - Goodwill Michiana (Stores),Amazon-MF,1,22.38,7.99,0.00,2.23,28.14,cash_monkey_replica,true,one row per unit,2026-09-05,UTC,USD
CM-20260905-0011,CM-20260905-0011-U1,2026-09-05,DEMO-CASH_MONKEY-20260905-0011,Collected short stories,Books,GW-011,DEMO-CASH_MONKEY-0011,276 - Goodwill Michiana,eBay,1,24.49,3.99,0.00,2.44,26.04,cash_monkey_replica,true,one row per unit,2026-09-05,UTC,USD
CM-20260905-0012,CM-20260905-0012-U1,2026-09-05,DEMO-CASH_MONKEY-20260905-0012,Paperback history,Books,GW-012,DEMO-CASH_MONKEY-0012,277 - Goodwill Michiana (Stores),Goodwillbooks,1,26.60,4.99,0.00,2.66,28.93,cash_monkey_replica,true,one row per unit,2026-09-05,UTC,USD
CM-20260905-0013,CM-20260905-0013-U1,2026-09-05,DEMO-CASH_MONKEY-20260905-0013,Engineering reference manual,Books,GW-013,DEMO-CASH_MONKEY-0013,276 - Goodwill Michiana,Amazon-MF,1,28.71,5.99,0.00,2.87,31.83,cash_monkey_replica,true,one row per unit,2026-09-05,UTC,USD
CM-20260905-0014,CM-20260905-0014-U1,2026-09-05,DEMO-CASH_MONKEY-20260905-0014,Hardcover regional cookbook,Books,GW-014,DEMO-CASH_MONKEY-0014,277 - Goodwill Michiana (Stores),eBay,1,30.82,6.99,0.00,3.08,34.73,cash_monkey_replica,true,one row per unit,2026-09-05,UTC,USD
CM-20260905-0015,CM-20260905-0015-U1,2026-09-05,DEMO-CASH_MONKEY-20260905-0015,Collected short stories,Books,GW-015,DEMO-CASH_MONKEY-0015,276 - Goodwill Michiana,Goodwillbooks,1,32.93,7.99,0.00,3.29,37.63,cash_monkey_replica,true,one row per unit,2026-09-05,UTC,USD
CM-20260905-0016,CM-20260905-0016-U1,2026-09-05,DEMO-CASH_MONKEY-20260905-0016,Paperback history,Books,GW-016,DEMO-CASH_MONKEY-0016,277 - Goodwill Michiana (Stores),Amazon-MF,1,35.04,3.99,0.00,3.50,35.53,cash_monkey_replica,true,one row per unit,2026-09-05,UTC,USD
CM-20260905-0016,CM-20260905-0016-U2,2026-09-05,DEMO-CASH_MONKEY-20260905-0016,Paperback history,Books,GW-016,DEMO-CASH_MONKEY-0016,277 - Goodwill Michiana (Stores),Amazon-MF,1,35.04,3.99,0.00,3.50,35.53,cash_monkey_replica,true,one row per unit,2026-09-05,UTC,USD
CM-20260905-0017,CM-20260905-0017-U1,2026-09-05,DEMO-CASH_MONKEY-20260905-0017,Engineering reference manual,Books,GW-017,DEMO-CASH_MONKEY-0017,276 - Goodwill Michiana,eBay,1,37.15,4.99,0.00,3.71,38.43,cash_monkey_replica,true,one row per unit,2026-09-05,UTC,USD
CM-20260905-0018,CM-20260905-0018-U1,2026-09-05,DEMO-CASH_MONKEY-20260905-0018,Hardcover regional cookbook,Books,GW-018,DEMO-CASH_MONKEY-0018,277 - Goodwill Michiana (Stores),Goodwillbooks,1,39.26,5.99,19.63,3.92,21.70,cash_monkey_replica,true,one row per unit,2026-09-05,UTC,USD
CM-20260905-0019,CM-20260905-0019-U1,2026-09-05,DEMO-CASH_MONKEY-20260905-0019,Collected short stories,Books,GW-019,DEMO-CASH_MONKEY-0019,276 - Goodwill Michiana,Amazon-MF,1,41.37,6.99,0.00,4.13,44.23,cash_monkey_replica,true,one row per unit,2026-09-05,UTC,USD
CM-20260905-0020,CM-20260905-0020-U1,2026-09-05,DEMO-CASH_MONKEY-20260905-0020,Paperback history,Books,GW-020,DEMO-CASH_MONKEY-0020,277 - Goodwill Michiana (Stores),eBay,1,43.48,7.99,0.00,4.34,47.13,cash_monkey_replica,true,one row per unit,2026-09-05,UTC,USD
CM-20260905-0021,CM-20260905-0021-U1,2026-09-05,DEMO-CASH_MONKEY-20260905-0021,Engineering reference manual,Books,GW-021,DEMO-CASH_MONKEY-0021,276 - Goodwill Michiana,Goodwillbooks,1,45.59,3.99,0.00,4.55,45.03,cash_monkey_replica,true,one row per unit,2026-09-05,UTC,USD
CM-20260905-0022,CM-20260905-0022-U1,2026-09-05,DEMO-CASH_MONKEY-20260905-0022,Hardcover regional cookbook,Books,GW-022,DEMO-CASH_MONKEY-0022,277 - Goodwill Michiana (Stores),Amazon-MF,1,47.70,4.99,0.00,4.77,47.92,cash_monkey_replica,true,one row per unit,2026-09-05,UTC,USD
CM-20260905-0023,CM-20260905-0023-U1,2026-09-05,DEMO-CASH_MONKEY-20260905-0023,Collected short stories,Books,GW-023,DEMO-CASH_MONKEY-0023,276 - Goodwill Michiana,eBay,1,49.81,5.99,0.00,4.98,50.82,cash_monkey_replica,true,one row per unit,2026-09-05,UTC,USD
CM-20260905-0024,CM-20260905-0024-U1,2026-09-05,DEMO-CASH_MONKEY-20260905-0024,Paperback history,Books,GW-024,DEMO-CASH_MONKEY-0024,277 - Goodwill Michiana (Stores),Goodwillbooks,1,51.92,6.99,0.00,5.19,53.72,cash_monkey_replica,true,one row per unit,2026-09-05,UTC,USD
CM-20260905-0025,CM-20260905-0025-U1,2026-09-05,DEMO-CASH_MONKEY-20260905-0025,Engineering reference manual,Books,GW-001,DEMO-CASH_MONKEY-0025,276 - Goodwill Michiana,Amazon-MF,1,54.03,7.99,0.00,5.40,56.62,cash_monkey_replica,true,one row per unit,2026-09-05,UTC,USD
CM-20260905-0026,CM-20260905-0026-U1,2026-09-05,DEMO-CASH_MONKEY-20260905-0026,Hardcover regional cookbook,Books,GW-002,DEMO-CASH_MONKEY-0026,277 - Goodwill Michiana (Stores),eBay,1,56.14,3.99,0.00,5.61,54.52,cash_monkey_replica,true,one row per unit,2026-09-05,UTC,USD
CM-20260905-0027,CM-20260905-0027-U1,2026-09-05,DEMO-CASH_MONKEY-20260905-0027,Collected short stories,Books,GW-003,DEMO-CASH_MONKEY-0027,276 - Goodwill Michiana,Goodwillbooks,1,58.25,4.99,0.00,5.82,57.42,cash_monkey_replica,true,one row per unit,2026-09-05,UTC,USD
CM-20260905-0028,CM-20260905-0028-U1,2026-09-05,DEMO-CASH_MONKEY-20260905-0028,Paperback history,Books,GW-004,DEMO-CASH_MONKEY-0028,277 - Goodwill Michiana (Stores),Amazon-MF,1,60.36,5.99,0.00,6.03,60.32,cash_monkey_replica,true,one row per unit,2026-09-05,UTC,USD
CM-20260905-0029,CM-20260905-0029-U1,2026-09-05,DEMO-CASH_MONKEY-20260905-0029,Engineering reference manual,Books,GW-005,DEMO-CASH_MONKEY-0029,276 - Goodwill Michiana,eBay,1,62.47,6.99,0.00,6.24,63.22,cash_monkey_replica,true,one row per unit,2026-09-05,UTC,USD
CM-20260905-0030,CM-20260905-0030-U1,2026-09-05,DEMO-CASH_MONKEY-20260905-0030,Hardcover regional cookbook,Books,GW-006,DEMO-CASH_MONKEY-0030,277 - Goodwill Michiana (Stores),Goodwillbooks,1,64.58,7.99,0.00,6.45,66.12,cash_monkey_replica,true,one row per unit,2026-09-05,UTC,USD
CM-20260906-0001,CM-20260906-0001-U1,2026-09-06,DEMO-CASH_MONKEY-20260906-0001,Engineering reference manual,Books,GW-001,DEMO-CASH_MONKEY-0001,276 - Goodwill Michiana,Amazon-MF,1,89.76,3.99,44.88,8.97,39.90,cash_monkey_replica,true,one row per unit,2026-09-06,UTC,USD
CM-20260906-0001,CM-20260906-0001-U2,2026-09-06,DEMO-CASH_MONKEY-20260906-0001,Engineering reference manual,Books,GW-001,DEMO-CASH_MONKEY-0001,276 - Goodwill Michiana,Amazon-MF,1,89.76,3.99,44.88,8.97,39.90,cash_monkey_replica,true,one row per unit,2026-09-06,UTC,USD
CM-20260906-0002,CM-20260906-0002-U1,2026-09-06,DEMO-CASH_MONKEY-20260906-0002,Hardcover regional cookbook,Books,GW-002,DEMO-CASH_MONKEY-0002,277 - Goodwill Michiana (Stores),eBay,1,6.87,4.99,0.00,0.68,11.18,cash_monkey_replica,true,one row per unit,2026-09-06,UTC,USD
CM-20260906-0003,CM-20260906-0003-U1,2026-09-06,DEMO-CASH_MONKEY-20260906-0003,Collected short stories,Books,GW-003,DEMO-CASH_MONKEY-0003,276 - Goodwill Michiana,Goodwillbooks,1,8.98,5.99,0.00,0.89,14.08,cash_monkey_replica,true,one row per unit,2026-09-06,UTC,USD
CM-20260906-0004,CM-20260906-0004-U1,2026-09-06,DEMO-CASH_MONKEY-20260906-0004,Paperback history,Books,GW-004,DEMO-CASH_MONKEY-0004,277 - Goodwill Michiana (Stores),Amazon-MF,1,11.09,6.99,0.00,1.10,16.98,cash_monkey_replica,true,one row per unit,2026-09-06,UTC,USD
CM-20260906-0005,CM-20260906-0005-U1,2026-09-06,DEMO-CASH_MONKEY-20260906-0005,Engineering reference manual,Books,GW-005,DEMO-CASH_MONKEY-0005,276 - Goodwill Michiana,eBay,1,13.20,7.99,0.00,1.32,19.87,cash_monkey_replica,true,one row per unit,2026-09-06,UTC,USD
CM-20260906-0006,CM-20260906-0006-U1,2026-09-06,DEMO-CASH_MONKEY-20260906-0006,Hardcover regional cookbook,Books,GW-006,DEMO-CASH_MONKEY-0006,277 - Goodwill Michiana (Stores),Goodwillbooks,1,15.31,3.99,0.00,1.53,17.77,cash_monkey_replica,true,one row per unit,2026-09-06,UTC,USD
CM-20260906-0007,CM-20260906-0007-U1,2026-09-06,DEMO-CASH_MONKEY-20260906-0007,Collected short stories,Books,GW-007,DEMO-CASH_MONKEY-0007,276 - Goodwill Michiana,Amazon-MF,1,17.42,4.99,0.00,1.74,20.67,cash_monkey_replica,true,one row per unit,2026-09-06,UTC,USD
CM-20260906-0008,CM-20260906-0008-U1,2026-09-06,DEMO-CASH_MONKEY-20260906-0008,Paperback history,Books,GW-008,DEMO-CASH_MONKEY-0008,277 - Goodwill Michiana (Stores),eBay,1,19.53,5.99,0.00,1.95,23.57,cash_monkey_replica,true,one row per unit,2026-09-06,UTC,USD
CM-20260906-0009,CM-20260906-0009-U1,2026-09-06,DEMO-CASH_MONKEY-20260906-0009,Engineering reference manual,Books,GW-009,DEMO-CASH_MONKEY-0009,276 - Goodwill Michiana,Goodwillbooks,1,21.64,6.99,0.00,2.16,26.47,cash_monkey_replica,true,one row per unit,2026-09-06,UTC,USD
CM-20260906-0010,CM-20260906-0010-U1,2026-09-06,DEMO-CASH_MONKEY-20260906-0010,Hardcover regional cookbook,Books,GW-010,DEMO-CASH_MONKEY-0010,277 - Goodwill Michiana (Stores),Amazon-MF,1,23.75,7.99,0.00,2.37,29.37,cash_monkey_replica,true,one row per unit,2026-09-06,UTC,USD
CM-20260906-0011,CM-20260906-0011-U1,2026-09-06,DEMO-CASH_MONKEY-20260906-0011,Collected short stories,Books,GW-011,DEMO-CASH_MONKEY-0011,276 - Goodwill Michiana,eBay,1,25.86,3.99,0.00,2.58,27.27,cash_monkey_replica,true,one row per unit,2026-09-06,UTC,USD
CM-20260906-0012,CM-20260906-0012-U1,2026-09-06,DEMO-CASH_MONKEY-20260906-0012,Paperback history,Books,GW-012,DEMO-CASH_MONKEY-0012,277 - Goodwill Michiana (Stores),Goodwillbooks,1,27.97,4.99,0.00,2.79,30.17,cash_monkey_replica,true,one row per unit,2026-09-06,UTC,USD
CM-20260906-0013,CM-20260906-0013-U1,2026-09-06,DEMO-CASH_MONKEY-20260906-0013,Engineering reference manual,Books,GW-013,DEMO-CASH_MONKEY-0013,276 - Goodwill Michiana,Amazon-MF,1,30.08,5.99,0.00,3.00,33.07,cash_monkey_replica,true,one row per unit,2026-09-06,UTC,USD
CM-20260906-0014,CM-20260906-0014-U1,2026-09-06,DEMO-CASH_MONKEY-20260906-0014,Hardcover regional cookbook,Books,GW-014,DEMO-CASH_MONKEY-0014,277 - Goodwill Michiana (Stores),eBay,1,32.19,6.99,0.00,3.21,35.97,cash_monkey_replica,true,one row per unit,2026-09-06,UTC,USD
CM-20260906-0015,CM-20260906-0015-U1,2026-09-06,DEMO-CASH_MONKEY-20260906-0015,Collected short stories,Books,GW-015,DEMO-CASH_MONKEY-0015,276 - Goodwill Michiana,Goodwillbooks,1,34.30,7.99,0.00,3.43,38.86,cash_monkey_replica,true,one row per unit,2026-09-06,UTC,USD
CM-20260906-0016,CM-20260906-0016-U1,2026-09-06,DEMO-CASH_MONKEY-20260906-0016,Paperback history,Books,GW-016,DEMO-CASH_MONKEY-0016,277 - Goodwill Michiana (Stores),Amazon-MF,1,36.41,3.99,0.00,3.64,36.76,cash_monkey_replica,true,one row per unit,2026-09-06,UTC,USD
CM-20260906-0016,CM-20260906-0016-U2,2026-09-06,DEMO-CASH_MONKEY-20260906-0016,Paperback history,Books,GW-016,DEMO-CASH_MONKEY-0016,277 - Goodwill Michiana (Stores),Amazon-MF,1,36.41,3.99,0.00,3.64,36.76,cash_monkey_replica,true,one row per unit,2026-09-06,UTC,USD
CM-20260906-0017,CM-20260906-0017-U1,2026-09-06,DEMO-CASH_MONKEY-20260906-0017,Engineering reference manual,Books,GW-017,DEMO-CASH_MONKEY-0017,276 - Goodwill Michiana,eBay,1,38.52,4.99,0.00,3.85,39.66,cash_monkey_replica,true,one row per unit,2026-09-06,UTC,USD
CM-20260906-0018,CM-20260906-0018-U1,2026-09-06,DEMO-CASH_MONKEY-20260906-0018,Hardcover regional cookbook,Books,GW-018,DEMO-CASH_MONKEY-0018,277 - Goodwill Michiana (Stores),Goodwillbooks,1,40.63,5.99,20.31,4.06,22.25,cash_monkey_replica,true,one row per unit,2026-09-06,UTC,USD
CM-20260906-0019,CM-20260906-0019-U1,2026-09-06,DEMO-CASH_MONKEY-20260906-0019,Collected short stories,Books,GW-019,DEMO-CASH_MONKEY-0019,276 - Goodwill Michiana,Amazon-MF,1,42.74,6.99,0.00,4.27,45.46,cash_monkey_replica,true,one row per unit,2026-09-06,UTC,USD
CM-20260906-0020,CM-20260906-0020-U1,2026-09-06,DEMO-CASH_MONKEY-20260906-0020,Paperback history,Books,GW-020,DEMO-CASH_MONKEY-0020,277 - Goodwill Michiana (Stores),eBay,1,44.85,7.99,0.00,4.48,48.36,cash_monkey_replica,true,one row per unit,2026-09-06,UTC,USD
CM-20260906-0021,CM-20260906-0021-U1,2026-09-06,DEMO-CASH_MONKEY-20260906-0021,Engineering reference manual,Books,GW-021,DEMO-CASH_MONKEY-0021,276 - Goodwill Michiana,Goodwillbooks,1,46.96,3.99,0.00,4.69,46.26,cash_monkey_replica,true,one row per unit,2026-09-06,UTC,USD
CM-20260906-0022,CM-20260906-0022-U1,2026-09-06,DEMO-CASH_MONKEY-20260906-0022,Hardcover regional cookbook,Books,GW-022,DEMO-CASH_MONKEY-0022,277 - Goodwill Michiana (Stores),Amazon-MF,1,49.07,4.99,0.00,4.90,49.16,cash_monkey_replica,true,one row per unit,2026-09-06,UTC,USD
CM-20260906-0023,CM-20260906-0023-U1,2026-09-06,DEMO-CASH_MONKEY-20260906-0023,Collected short stories,Books,GW-023,DEMO-CASH_MONKEY-0023,276 - Goodwill Michiana,eBay,1,51.18,5.99,0.00,5.11,52.06,cash_monkey_replica,true,one row per unit,2026-09-06,UTC,USD
CM-20260906-0024,CM-20260906-0024-U1,2026-09-06,DEMO-CASH_MONKEY-20260906-0024,Paperback history,Books,GW-024,DEMO-CASH_MONKEY-0024,277 - Goodwill Michiana (Stores),Goodwillbooks,1,53.29,6.99,0.00,5.32,54.96,cash_monkey_replica,true,one row per unit,2026-09-06,UTC,USD
CM-20260906-0025,CM-20260906-0025-U1,2026-09-06,DEMO-CASH_MONKEY-20260906-0025,Engineering reference manual,Books,GW-001,DEMO-CASH_MONKEY-0025,276 - Goodwill Michiana,Amazon-MF,1,55.40,7.99,0.00,5.54,57.85,cash_monkey_replica,true,one row per unit,2026-09-06,UTC,USD
CM-20260906-0026,CM-20260906-0026-U1,2026-09-06,DEMO-CASH_MONKEY-20260906-0026,Hardcover regional cookbook,Books,GW-002,DEMO-CASH_MONKEY-0026,277 - Goodwill Michiana (Stores),eBay,1,57.51,3.99,0.00,5.75,55.75,cash_monkey_replica,true,one row per unit,2026-09-06,UTC,USD
CM-20260906-0027,CM-20260906-0027-U1,2026-09-06,DEMO-CASH_MONKEY-20260906-0027,Collected short stories,Books,GW-003,DEMO-CASH_MONKEY-0027,276 - Goodwill Michiana,Goodwillbooks,1,59.62,4.99,0.00,5.96,58.65,cash_monkey_replica,true,one row per unit,2026-09-06,UTC,USD
CM-20260906-0028,CM-20260906-0028-U1,2026-09-06,DEMO-CASH_MONKEY-20260906-0028,Paperback history,Books,GW-004,DEMO-CASH_MONKEY-0028,277 - Goodwill Michiana (Stores),Amazon-MF,1,61.73,5.99,0.00,6.17,61.55,cash_monkey_replica,true,one row per unit,2026-09-06,UTC,USD
CM-20260906-0029,CM-20260906-0029-U1,2026-09-06,DEMO-CASH_MONKEY-20260906-0029,Engineering reference manual,Books,GW-005,DEMO-CASH_MONKEY-0029,276 - Goodwill Michiana,eBay,1,63.84,6.99,0.00,6.38,64.45,cash_monkey_replica,true,one row per unit,2026-09-06,UTC,USD
CM-20260906-0030,CM-20260906-0030-U1,2026-09-06,DEMO-CASH_MONKEY-20260906-0030,Hardcover regional cookbook,Books,GW-006,DEMO-CASH_MONKEY-0030,277 - Goodwill Michiana (Stores),Goodwillbooks,1,65.95,7.99,0.00,6.59,67.35,cash_monkey_replica,true,one row per unit,2026-09-06,UTC,USD
CM-20260907-0001,CM-20260907-0001-U1,2026-09-07,DEMO-CASH_MONKEY-20260907-0001,Engineering reference manual,Books,GW-001,DEMO-CASH_MONKEY-0001,276 - Goodwill Michiana,Amazon-MF,1,6.13,3.99,3.06,0.61,6.45,cash_monkey_replica,true,one row per unit,2026-09-07,UTC,USD
CM-20260907-0001,CM-20260907-0001-U2,2026-09-07,DEMO-CASH_MONKEY-20260907-0001,Engineering reference manual,Books,GW-001,DEMO-CASH_MONKEY-0001,276 - Goodwill Michiana,Amazon-MF,1,6.13,3.99,3.06,0.61,6.45,cash_monkey_replica,true,one row per unit,2026-09-07,UTC,USD
CM-20260907-0002,CM-20260907-0002-U1,2026-09-07,DEMO-CASH_MONKEY-20260907-0002,Hardcover regional cookbook,Books,GW-002,DEMO-CASH_MONKEY-0002,277 - Goodwill Michiana (Stores),eBay,1,8.24,4.99,0.00,0.82,12.41,cash_monkey_replica,true,one row per unit,2026-09-07,UTC,USD
CM-20260907-0003,CM-20260907-0003-U1,2026-09-07,DEMO-CASH_MONKEY-20260907-0003,Collected short stories,Books,GW-003,DEMO-CASH_MONKEY-0003,276 - Goodwill Michiana,Goodwillbooks,1,10.35,5.99,0.00,1.03,15.31,cash_monkey_replica,true,one row per unit,2026-09-07,UTC,USD
CM-20260907-0004,CM-20260907-0004-U1,2026-09-07,DEMO-CASH_MONKEY-20260907-0004,Paperback history,Books,GW-004,DEMO-CASH_MONKEY-0004,277 - Goodwill Michiana (Stores),Amazon-MF,1,12.46,6.99,0.00,1.24,18.21,cash_monkey_replica,true,one row per unit,2026-09-07,UTC,USD
CM-20260907-0005,CM-20260907-0005-U1,2026-09-07,DEMO-CASH_MONKEY-20260907-0005,Engineering reference manual,Books,GW-005,DEMO-CASH_MONKEY-0005,276 - Goodwill Michiana,eBay,1,14.57,7.99,0.00,1.45,21.11,cash_monkey_replica,true,one row per unit,2026-09-07,UTC,USD
CM-20260907-0006,CM-20260907-0006-U1,2026-09-07,DEMO-CASH_MONKEY-20260907-0006,Hardcover regional cookbook,Books,GW-006,DEMO-CASH_MONKEY-0006,277 - Goodwill Michiana (Stores),Goodwillbooks,1,16.68,3.99,0.00,1.66,19.01,cash_monkey_replica,true,one row per unit,2026-09-07,UTC,USD
CM-20260907-0007,CM-20260907-0007-U1,2026-09-07,DEMO-CASH_MONKEY-20260907-0007,Collected short stories,Books,GW-007,DEMO-CASH_MONKEY-0007,276 - Goodwill Michiana,Amazon-MF,1,18.79,4.99,0.00,1.87,21.91,cash_monkey_replica,true,one row per unit,2026-09-07,UTC,USD
CM-20260907-0008,CM-20260907-0008-U1,2026-09-07,DEMO-CASH_MONKEY-20260907-0008,Paperback history,Books,GW-008,DEMO-CASH_MONKEY-0008,277 - Goodwill Michiana (Stores),eBay,1,20.90,5.99,0.00,2.09,24.80,cash_monkey_replica,true,one row per unit,2026-09-07,UTC,USD
CM-20260907-0009,CM-20260907-0009-U1,2026-09-07,DEMO-CASH_MONKEY-20260907-0009,Engineering reference manual,Books,GW-009,DEMO-CASH_MONKEY-0009,276 - Goodwill Michiana,Goodwillbooks,1,23.01,6.99,0.00,2.30,27.70,cash_monkey_replica,true,one row per unit,2026-09-07,UTC,USD
CM-20260907-0010,CM-20260907-0010-U1,2026-09-07,DEMO-CASH_MONKEY-20260907-0010,Hardcover regional cookbook,Books,GW-010,DEMO-CASH_MONKEY-0010,277 - Goodwill Michiana (Stores),Amazon-MF,1,25.12,7.99,0.00,2.51,30.60,cash_monkey_replica,true,one row per unit,2026-09-07,UTC,USD
CM-20260907-0011,CM-20260907-0011-U1,2026-09-07,DEMO-CASH_MONKEY-20260907-0011,Collected short stories,Books,GW-011,DEMO-CASH_MONKEY-0011,276 - Goodwill Michiana,eBay,1,27.23,3.99,0.00,2.72,28.50,cash_monkey_replica,true,one row per unit,2026-09-07,UTC,USD
CM-20260907-0012,CM-20260907-0012-U1,2026-09-07,DEMO-CASH_MONKEY-20260907-0012,Paperback history,Books,GW-012,DEMO-CASH_MONKEY-0012,277 - Goodwill Michiana (Stores),Goodwillbooks,1,29.34,4.99,0.00,2.93,31.40,cash_monkey_replica,true,one row per unit,2026-09-07,UTC,USD
CM-20260907-0013,CM-20260907-0013-U1,2026-09-07,DEMO-CASH_MONKEY-20260907-0013,Engineering reference manual,Books,GW-013,DEMO-CASH_MONKEY-0013,276 - Goodwill Michiana,Amazon-MF,1,31.45,5.99,0.00,3.14,34.30,cash_monkey_replica,true,one row per unit,2026-09-07,UTC,USD
CM-20260907-0014,CM-20260907-0014-U1,2026-09-07,DEMO-CASH_MONKEY-20260907-0014,Hardcover regional cookbook,Books,GW-014,DEMO-CASH_MONKEY-0014,277 - Goodwill Michiana (Stores),eBay,1,33.56,6.99,0.00,3.35,37.20,cash_monkey_replica,true,one row per unit,2026-09-07,UTC,USD
CM-20260907-0015,CM-20260907-0015-U1,2026-09-07,DEMO-CASH_MONKEY-20260907-0015,Collected short stories,Books,GW-015,DEMO-CASH_MONKEY-0015,276 - Goodwill Michiana,Goodwillbooks,1,35.67,7.99,0.00,3.56,40.10,cash_monkey_replica,true,one row per unit,2026-09-07,UTC,USD
CM-20260907-0016,CM-20260907-0016-U1,2026-09-07,DEMO-CASH_MONKEY-20260907-0016,Paperback history,Books,GW-016,DEMO-CASH_MONKEY-0016,277 - Goodwill Michiana (Stores),Amazon-MF,1,37.78,3.99,0.00,3.77,38.00,cash_monkey_replica,true,one row per unit,2026-09-07,UTC,USD
CM-20260907-0016,CM-20260907-0016-U2,2026-09-07,DEMO-CASH_MONKEY-20260907-0016,Paperback history,Books,GW-016,DEMO-CASH_MONKEY-0016,277 - Goodwill Michiana (Stores),Amazon-MF,1,37.78,3.99,0.00,3.77,38.00,cash_monkey_replica,true,one row per unit,2026-09-07,UTC,USD
CM-20260907-0017,CM-20260907-0017-U1,2026-09-07,DEMO-CASH_MONKEY-20260907-0017,Engineering reference manual,Books,GW-017,DEMO-CASH_MONKEY-0017,276 - Goodwill Michiana,eBay,1,39.89,4.99,0.00,3.98,40.90,cash_monkey_replica,true,one row per unit,2026-09-07,UTC,USD
CM-20260907-0018,CM-20260907-0018-U1,2026-09-07,DEMO-CASH_MONKEY-20260907-0018,Hardcover regional cookbook,Books,GW-018,DEMO-CASH_MONKEY-0018,277 - Goodwill Michiana (Stores),Goodwillbooks,1,42.00,5.99,21.00,4.20,22.79,cash_monkey_replica,true,one row per unit,2026-09-07,UTC,USD
CM-20260907-0019,CM-20260907-0019-U1,2026-09-07,DEMO-CASH_MONKEY-20260907-0019,Collected short stories,Books,GW-019,DEMO-CASH_MONKEY-0019,276 - Goodwill Michiana,Amazon-MF,1,44.11,6.99,0.00,4.41,46.69,cash_monkey_replica,true,one row per unit,2026-09-07,UTC,USD
CM-20260907-0020,CM-20260907-0020-U1,2026-09-07,DEMO-CASH_MONKEY-20260907-0020,Paperback history,Books,GW-020,DEMO-CASH_MONKEY-0020,277 - Goodwill Michiana (Stores),eBay,1,46.22,7.99,0.00,4.62,49.59,cash_monkey_replica,true,one row per unit,2026-09-07,UTC,USD
CM-20260907-0021,CM-20260907-0021-U1,2026-09-07,DEMO-CASH_MONKEY-20260907-0021,Engineering reference manual,Books,GW-021,DEMO-CASH_MONKEY-0021,276 - Goodwill Michiana,Goodwillbooks,1,48.33,3.99,0.00,4.83,47.49,cash_monkey_replica,true,one row per unit,2026-09-07,UTC,USD
CM-20260907-0022,CM-20260907-0022-U1,2026-09-07,DEMO-CASH_MONKEY-20260907-0022,Hardcover regional cookbook,Books,GW-022,DEMO-CASH_MONKEY-0022,277 - Goodwill Michiana (Stores),Amazon-MF,1,50.44,4.99,0.00,5.04,50.39,cash_monkey_replica,true,one row per unit,2026-09-07,UTC,USD
CM-20260907-0023,CM-20260907-0023-U1,2026-09-07,DEMO-CASH_MONKEY-20260907-0023,Collected short stories,Books,GW-023,DEMO-CASH_MONKEY-0023,276 - Goodwill Michiana,eBay,1,52.55,5.99,0.00,5.25,53.29,cash_monkey_replica,true,one row per unit,2026-09-07,UTC,USD
CM-20260907-0024,CM-20260907-0024-U1,2026-09-07,DEMO-CASH_MONKEY-20260907-0024,Paperback history,Books,GW-024,DEMO-CASH_MONKEY-0024,277 - Goodwill Michiana (Stores),Goodwillbooks,1,54.66,6.99,0.00,5.46,56.19,cash_monkey_replica,true,one row per unit,2026-09-07,UTC,USD
CM-20260907-0025,CM-20260907-0025-U1,2026-09-07,DEMO-CASH_MONKEY-20260907-0025,Engineering reference manual,Books,GW-001,DEMO-CASH_MONKEY-0025,276 - Goodwill Michiana,Amazon-MF,1,56.77,7.99,0.00,5.67,59.09,cash_monkey_replica,true,one row per unit,2026-09-07,UTC,USD
CM-20260907-0026,CM-20260907-0026-U1,2026-09-07,DEMO-CASH_MONKEY-20260907-0026,Hardcover regional cookbook,Books,GW-002,DEMO-CASH_MONKEY-0026,277 - Goodwill Michiana (Stores),eBay,1,58.88,3.99,0.00,5.88,56.99,cash_monkey_replica,true,one row per unit,2026-09-07,UTC,USD
CM-20260907-0027,CM-20260907-0027-U1,2026-09-07,DEMO-CASH_MONKEY-20260907-0027,Collected short stories,Books,GW-003,DEMO-CASH_MONKEY-0027,276 - Goodwill Michiana,Goodwillbooks,1,60.99,4.99,0.00,6.09,59.89,cash_monkey_replica,true,one row per unit,2026-09-07,UTC,USD
CM-20260907-0028,CM-20260907-0028-U1,2026-09-07,DEMO-CASH_MONKEY-20260907-0028,Paperback history,Books,GW-004,DEMO-CASH_MONKEY-0028,277 - Goodwill Michiana (Stores),Amazon-MF,1,63.10,5.99,0.00,6.31,62.78,cash_monkey_replica,true,one row per unit,2026-09-07,UTC,USD
CM-20260907-0029,CM-20260907-0029-U1,2026-09-07,DEMO-CASH_MONKEY-20260907-0029,Engineering reference manual,Books,GW-005,DEMO-CASH_MONKEY-0029,276 - Goodwill Michiana,eBay,1,65.21,6.99,0.00,6.52,65.68,cash_monkey_replica,true,one row per unit,2026-09-07,UTC,USD
CM-20260907-0030,CM-20260907-0030-U1,2026-09-07,DEMO-CASH_MONKEY-20260907-0030,Hardcover regional cookbook,Books,GW-006,DEMO-CASH_MONKEY-0030,277 - Goodwill Michiana (Stores),Goodwillbooks,1,67.32,7.99,0.00,6.73,68.58,cash_monkey_replica,true,one row per unit,2026-09-07,UTC,USD
CM-20260908-0001,CM-20260908-0001-U1,2026-09-08,DEMO-CASH_MONKEY-20260908-0001,Engineering reference manual,Books,GW-001,DEMO-CASH_MONKEY-0001,276 - Goodwill Michiana,Amazon-MF,1,7.50,3.99,3.75,0.75,6.99,cash_monkey_replica,true,one row per unit,2026-09-08,UTC,USD
CM-20260908-0001,CM-20260908-0001-U2,2026-09-08,DEMO-CASH_MONKEY-20260908-0001,Engineering reference manual,Books,GW-001,DEMO-CASH_MONKEY-0001,276 - Goodwill Michiana,Amazon-MF,1,7.50,3.99,3.75,0.75,6.99,cash_monkey_replica,true,one row per unit,2026-09-08,UTC,USD
CM-20260908-0002,CM-20260908-0002-U1,2026-09-08,DEMO-CASH_MONKEY-20260908-0002,Hardcover regional cookbook,Books,GW-002,DEMO-CASH_MONKEY-0002,277 - Goodwill Michiana (Stores),eBay,1,9.61,4.99,0.00,0.96,13.64,cash_monkey_replica,true,one row per unit,2026-09-08,UTC,USD
CM-20260908-0003,CM-20260908-0003-U1,2026-09-08,DEMO-CASH_MONKEY-20260908-0003,Collected short stories,Books,GW-003,DEMO-CASH_MONKEY-0003,276 - Goodwill Michiana,Goodwillbooks,1,11.72,5.99,0.00,1.17,16.54,cash_monkey_replica,true,one row per unit,2026-09-08,UTC,USD
CM-20260908-0004,CM-20260908-0004-U1,2026-09-08,DEMO-CASH_MONKEY-20260908-0004,Paperback history,Books,GW-004,DEMO-CASH_MONKEY-0004,277 - Goodwill Michiana (Stores),Amazon-MF,1,13.83,6.99,0.00,1.38,19.44,cash_monkey_replica,true,one row per unit,2026-09-08,UTC,USD
CM-20260908-0005,CM-20260908-0005-U1,2026-09-08,DEMO-CASH_MONKEY-20260908-0005,Engineering reference manual,Books,GW-005,DEMO-CASH_MONKEY-0005,276 - Goodwill Michiana,eBay,1,15.94,7.99,0.00,1.59,22.34,cash_monkey_replica,true,one row per unit,2026-09-08,UTC,USD
CM-20260908-0006,CM-20260908-0006-U1,2026-09-08,DEMO-CASH_MONKEY-20260908-0006,Hardcover regional cookbook,Books,GW-006,DEMO-CASH_MONKEY-0006,277 - Goodwill Michiana (Stores),Goodwillbooks,1,18.05,3.99,0.00,1.80,20.24,cash_monkey_replica,true,one row per unit,2026-09-08,UTC,USD
CM-20260908-0007,CM-20260908-0007-U1,2026-09-08,DEMO-CASH_MONKEY-20260908-0007,Collected short stories,Books,GW-007,DEMO-CASH_MONKEY-0007,276 - Goodwill Michiana,Amazon-MF,1,20.16,4.99,0.00,2.01,23.14,cash_monkey_replica,true,one row per unit,2026-09-08,UTC,USD
CM-20260908-0008,CM-20260908-0008-U1,2026-09-08,DEMO-CASH_MONKEY-20260908-0008,Paperback history,Books,GW-008,DEMO-CASH_MONKEY-0008,277 - Goodwill Michiana (Stores),eBay,1,22.27,5.99,0.00,2.22,26.04,cash_monkey_replica,true,one row per unit,2026-09-08,UTC,USD
CM-20260908-0009,CM-20260908-0009-U1,2026-09-08,DEMO-CASH_MONKEY-20260908-0009,Engineering reference manual,Books,GW-009,DEMO-CASH_MONKEY-0009,276 - Goodwill Michiana,Goodwillbooks,1,24.38,6.99,0.00,2.43,28.94,cash_monkey_replica,true,one row per unit,2026-09-08,UTC,USD
CM-20260908-0010,CM-20260908-0010-U1,2026-09-08,DEMO-CASH_MONKEY-20260908-0010,Hardcover regional cookbook,Books,GW-010,DEMO-CASH_MONKEY-0010,277 - Goodwill Michiana (Stores),Amazon-MF,1,26.49,7.99,0.00,2.64,31.84,cash_monkey_replica,true,one row per unit,2026-09-08,UTC,USD
CM-20260908-0011,CM-20260908-0011-U1,2026-09-08,DEMO-CASH_MONKEY-20260908-0011,Collected short stories,Books,GW-011,DEMO-CASH_MONKEY-0011,276 - Goodwill Michiana,eBay,1,28.60,3.99,0.00,2.86,29.73,cash_monkey_replica,true,one row per unit,2026-09-08,UTC,USD
CM-20260908-0012,CM-20260908-0012-U1,2026-09-08,DEMO-CASH_MONKEY-20260908-0012,Paperback history,Books,GW-012,DEMO-CASH_MONKEY-0012,277 - Goodwill Michiana (Stores),Goodwillbooks,1,30.71,4.99,0.00,3.07,32.63,cash_monkey_replica,true,one row per unit,2026-09-08,UTC,USD
CM-20260908-0013,CM-20260908-0013-U1,2026-09-08,DEMO-CASH_MONKEY-20260908-0013,Engineering reference manual,Books,GW-013,DEMO-CASH_MONKEY-0013,276 - Goodwill Michiana,Amazon-MF,1,32.82,5.99,0.00,3.28,35.53,cash_monkey_replica,true,one row per unit,2026-09-08,UTC,USD
CM-20260908-0014,CM-20260908-0014-U1,2026-09-08,DEMO-CASH_MONKEY-20260908-0014,Hardcover regional cookbook,Books,GW-014,DEMO-CASH_MONKEY-0014,277 - Goodwill Michiana (Stores),eBay,1,34.93,6.99,0.00,3.49,38.43,cash_monkey_replica,true,one row per unit,2026-09-08,UTC,USD
CM-20260908-0015,CM-20260908-0015-U1,2026-09-08,DEMO-CASH_MONKEY-20260908-0015,Collected short stories,Books,GW-015,DEMO-CASH_MONKEY-0015,276 - Goodwill Michiana,Goodwillbooks,1,37.04,7.99,0.00,3.70,41.33,cash_monkey_replica,true,one row per unit,2026-09-08,UTC,USD
CM-20260908-0016,CM-20260908-0016-U1,2026-09-08,DEMO-CASH_MONKEY-20260908-0016,Paperback history,Books,GW-016,DEMO-CASH_MONKEY-0016,277 - Goodwill Michiana (Stores),Amazon-MF,1,39.15,3.99,0.00,3.91,39.23,cash_monkey_replica,true,one row per unit,2026-09-08,UTC,USD
CM-20260908-0016,CM-20260908-0016-U2,2026-09-08,DEMO-CASH_MONKEY-20260908-0016,Paperback history,Books,GW-016,DEMO-CASH_MONKEY-0016,277 - Goodwill Michiana (Stores),Amazon-MF,1,39.15,3.99,0.00,3.91,39.23,cash_monkey_replica,true,one row per unit,2026-09-08,UTC,USD
CM-20260908-0017,CM-20260908-0017-U1,2026-09-08,DEMO-CASH_MONKEY-20260908-0017,Engineering reference manual,Books,GW-017,DEMO-CASH_MONKEY-0017,276 - Goodwill Michiana,eBay,1,41.26,4.99,0.00,4.12,42.13,cash_monkey_replica,true,one row per unit,2026-09-08,UTC,USD
CM-20260908-0018,CM-20260908-0018-U1,2026-09-08,DEMO-CASH_MONKEY-20260908-0018,Hardcover regional cookbook,Books,GW-018,DEMO-CASH_MONKEY-0018,277 - Goodwill Michiana (Stores),Goodwillbooks,1,43.37,5.99,21.68,4.33,23.35,cash_monkey_replica,true,one row per unit,2026-09-08,UTC,USD
CM-20260908-0019,CM-20260908-0019-U1,2026-09-08,DEMO-CASH_MONKEY-20260908-0019,Collected short stories,Books,GW-019,DEMO-CASH_MONKEY-0019,276 - Goodwill Michiana,Amazon-MF,1,45.48,6.99,0.00,4.54,47.93,cash_monkey_replica,true,one row per unit,2026-09-08,UTC,USD
CM-20260908-0020,CM-20260908-0020-U1,2026-09-08,DEMO-CASH_MONKEY-20260908-0020,Paperback history,Books,GW-020,DEMO-CASH_MONKEY-0020,277 - Goodwill Michiana (Stores),eBay,1,47.59,7.99,0.00,4.75,50.83,cash_monkey_replica,true,one row per unit,2026-09-08,UTC,USD
CM-20260908-0021,CM-20260908-0021-U1,2026-09-08,DEMO-CASH_MONKEY-20260908-0021,Engineering reference manual,Books,GW-021,DEMO-CASH_MONKEY-0021,276 - Goodwill Michiana,Goodwillbooks,1,49.70,3.99,0.00,4.97,48.72,cash_monkey_replica,true,one row per unit,2026-09-08,UTC,USD
CM-20260908-0022,CM-20260908-0022-U1,2026-09-08,DEMO-CASH_MONKEY-20260908-0022,Hardcover regional cookbook,Books,GW-022,DEMO-CASH_MONKEY-0022,277 - Goodwill Michiana (Stores),Amazon-MF,1,51.81,4.99,0.00,5.18,51.62,cash_monkey_replica,true,one row per unit,2026-09-08,UTC,USD
CM-20260908-0023,CM-20260908-0023-U1,2026-09-08,DEMO-CASH_MONKEY-20260908-0023,Collected short stories,Books,GW-023,DEMO-CASH_MONKEY-0023,276 - Goodwill Michiana,eBay,1,53.92,5.99,0.00,5.39,54.52,cash_monkey_replica,true,one row per unit,2026-09-08,UTC,USD
CM-20260908-0024,CM-20260908-0024-U1,2026-09-08,DEMO-CASH_MONKEY-20260908-0024,Paperback history,Books,GW-024,DEMO-CASH_MONKEY-0024,277 - Goodwill Michiana (Stores),Goodwillbooks,1,56.03,6.99,0.00,5.60,57.42,cash_monkey_replica,true,one row per unit,2026-09-08,UTC,USD
CM-20260908-0025,CM-20260908-0025-U1,2026-09-08,DEMO-CASH_MONKEY-20260908-0025,Engineering reference manual,Books,GW-001,DEMO-CASH_MONKEY-0025,276 - Goodwill Michiana,Amazon-MF,1,58.14,7.99,0.00,5.81,60.32,cash_monkey_replica,true,one row per unit,2026-09-08,UTC,USD
CM-20260908-0026,CM-20260908-0026-U1,2026-09-08,DEMO-CASH_MONKEY-20260908-0026,Hardcover regional cookbook,Books,GW-002,DEMO-CASH_MONKEY-0026,277 - Goodwill Michiana (Stores),eBay,1,60.25,3.99,0.00,6.02,58.22,cash_monkey_replica,true,one row per unit,2026-09-08,UTC,USD
CM-20260908-0027,CM-20260908-0027-U1,2026-09-08,DEMO-CASH_MONKEY-20260908-0027,Collected short stories,Books,GW-003,DEMO-CASH_MONKEY-0027,276 - Goodwill Michiana,Goodwillbooks,1,62.36,4.99,0.00,6.23,61.12,cash_monkey_replica,true,one row per unit,2026-09-08,UTC,USD
CM-20260908-0028,CM-20260908-0028-U1,2026-09-08,DEMO-CASH_MONKEY-20260908-0028,Paperback history,Books,GW-004,DEMO-CASH_MONKEY-0028,277 - Goodwill Michiana (Stores),Amazon-MF,1,64.47,5.99,0.00,6.44,64.02,cash_monkey_replica,true,one row per unit,2026-09-08,UTC,USD
CM-20260908-0029,CM-20260908-0029-U1,2026-09-08,DEMO-CASH_MONKEY-20260908-0029,Engineering reference manual,Books,GW-005,DEMO-CASH_MONKEY-0029,276 - Goodwill Michiana,eBay,1,66.58,6.99,0.00,6.65,66.92,cash_monkey_replica,true,one row per unit,2026-09-08,UTC,USD
CM-20260908-0030,CM-20260908-0030-U1,2026-09-08,DEMO-CASH_MONKEY-20260908-0030,Hardcover regional cookbook,Books,GW-006,DEMO-CASH_MONKEY-0030,277 - Goodwill Michiana (Stores),Goodwillbooks,1,68.69,7.99,0.00,6.86,69.82,cash_monkey_replica,true,one row per unit,2026-09-08,UTC,USD
CM-20260909-0001,CM-20260909-0001-U1,2026-09-09,DEMO-CASH_MONKEY-20260909-0001,Engineering reference manual,Books,GW-001,DEMO-CASH_MONKEY-0001,276 - Goodwill Michiana,Amazon-MF,1,8.87,3.99,4.43,0.88,7.55,cash_monkey_replica,true,one row per unit,2026-09-09,UTC,USD
CM-20260909-0001,CM-20260909-0001-U2,2026-09-09,DEMO-CASH_MONKEY-20260909-0001,Engineering reference manual,Books,GW-001,DEMO-CASH_MONKEY-0001,276 - Goodwill Michiana,Amazon-MF,1,8.87,3.99,4.43,0.88,7.55,cash_monkey_replica,true,one row per unit,2026-09-09,UTC,USD
CM-20260909-0002,CM-20260909-0002-U1,2026-09-09,DEMO-CASH_MONKEY-20260909-0002,Hardcover regional cookbook,Books,GW-002,DEMO-CASH_MONKEY-0002,277 - Goodwill Michiana (Stores),eBay,1,10.98,4.99,0.00,1.09,14.88,cash_monkey_replica,true,one row per unit,2026-09-09,UTC,USD
CM-20260909-0003,CM-20260909-0003-U1,2026-09-09,DEMO-CASH_MONKEY-20260909-0003,Collected short stories,Books,GW-003,DEMO-CASH_MONKEY-0003,276 - Goodwill Michiana,Goodwillbooks,1,13.09,5.99,0.00,1.30,17.78,cash_monkey_replica,true,one row per unit,2026-09-09,UTC,USD
CM-20260909-0004,CM-20260909-0004-U1,2026-09-09,DEMO-CASH_MONKEY-20260909-0004,Paperback history,Books,GW-004,DEMO-CASH_MONKEY-0004,277 - Goodwill Michiana (Stores),Amazon-MF,1,15.20,6.99,0.00,1.52,20.67,cash_monkey_replica,true,one row per unit,2026-09-09,UTC,USD
CM-20260909-0005,CM-20260909-0005-U1,2026-09-09,DEMO-CASH_MONKEY-20260909-0005,Engineering reference manual,Books,GW-005,DEMO-CASH_MONKEY-0005,276 - Goodwill Michiana,eBay,1,17.31,7.99,0.00,1.73,23.57,cash_monkey_replica,true,one row per unit,2026-09-09,UTC,USD
CM-20260909-0006,CM-20260909-0006-U1,2026-09-09,DEMO-CASH_MONKEY-20260909-0006,Hardcover regional cookbook,Books,GW-006,DEMO-CASH_MONKEY-0006,277 - Goodwill Michiana (Stores),Goodwillbooks,1,19.42,3.99,0.00,1.94,21.47,cash_monkey_replica,true,one row per unit,2026-09-09,UTC,USD
CM-20260909-0007,CM-20260909-0007-U1,2026-09-09,DEMO-CASH_MONKEY-20260909-0007,Collected short stories,Books,GW-007,DEMO-CASH_MONKEY-0007,276 - Goodwill Michiana,Amazon-MF,1,21.53,4.99,0.00,2.15,24.37,cash_monkey_replica,true,one row per unit,2026-09-09,UTC,USD
CM-20260909-0008,CM-20260909-0008-U1,2026-09-09,DEMO-CASH_MONKEY-20260909-0008,Paperback history,Books,GW-008,DEMO-CASH_MONKEY-0008,277 - Goodwill Michiana (Stores),eBay,1,23.64,5.99,0.00,2.36,27.27,cash_monkey_replica,true,one row per unit,2026-09-09,UTC,USD
CM-20260909-0009,CM-20260909-0009-U1,2026-09-09,DEMO-CASH_MONKEY-20260909-0009,Engineering reference manual,Books,GW-009,DEMO-CASH_MONKEY-0009,276 - Goodwill Michiana,Goodwillbooks,1,25.75,6.99,0.00,2.57,30.17,cash_monkey_replica,true,one row per unit,2026-09-09,UTC,USD
CM-20260909-0010,CM-20260909-0010-U1,2026-09-09,DEMO-CASH_MONKEY-20260909-0010,Hardcover regional cookbook,Books,GW-010,DEMO-CASH_MONKEY-0010,277 - Goodwill Michiana (Stores),Amazon-MF,1,27.86,7.99,0.00,2.78,33.07,cash_monkey_replica,true,one row per unit,2026-09-09,UTC,USD
CM-20260909-0011,CM-20260909-0011-U1,2026-09-09,DEMO-CASH_MONKEY-20260909-0011,Collected short stories,Books,GW-011,DEMO-CASH_MONKEY-0011,276 - Goodwill Michiana,eBay,1,29.97,3.99,0.00,2.99,30.97,cash_monkey_replica,true,one row per unit,2026-09-09,UTC,USD
CM-20260909-0012,CM-20260909-0012-U1,2026-09-09,DEMO-CASH_MONKEY-20260909-0012,Paperback history,Books,GW-012,DEMO-CASH_MONKEY-0012,277 - Goodwill Michiana (Stores),Goodwillbooks,1,32.08,4.99,0.00,3.20,33.87,cash_monkey_replica,true,one row per unit,2026-09-09,UTC,USD
CM-20260909-0013,CM-20260909-0013-U1,2026-09-09,DEMO-CASH_MONKEY-20260909-0013,Engineering reference manual,Books,GW-013,DEMO-CASH_MONKEY-0013,276 - Goodwill Michiana,Amazon-MF,1,34.19,5.99,0.00,3.41,36.77,cash_monkey_replica,true,one row per unit,2026-09-09,UTC,USD
CM-20260909-0014,CM-20260909-0014-U1,2026-09-09,DEMO-CASH_MONKEY-20260909-0014,Hardcover regional cookbook,Books,GW-014,DEMO-CASH_MONKEY-0014,277 - Goodwill Michiana (Stores),eBay,1,36.30,6.99,0.00,3.63,39.66,cash_monkey_replica,true,one row per unit,2026-09-09,UTC,USD
CM-20260909-0015,CM-20260909-0015-U1,2026-09-09,DEMO-CASH_MONKEY-20260909-0015,Collected short stories,Books,GW-015,DEMO-CASH_MONKEY-0015,276 - Goodwill Michiana,Goodwillbooks,1,38.41,7.99,0.00,3.84,42.56,cash_monkey_replica,true,one row per unit,2026-09-09,UTC,USD
CM-20260909-0016,CM-20260909-0016-U1,2026-09-09,DEMO-CASH_MONKEY-20260909-0016,Paperback history,Books,GW-016,DEMO-CASH_MONKEY-0016,277 - Goodwill Michiana (Stores),Amazon-MF,1,40.52,3.99,0.00,4.05,40.46,cash_monkey_replica,true,one row per unit,2026-09-09,UTC,USD
CM-20260909-0016,CM-20260909-0016-U2,2026-09-09,DEMO-CASH_MONKEY-20260909-0016,Paperback history,Books,GW-016,DEMO-CASH_MONKEY-0016,277 - Goodwill Michiana (Stores),Amazon-MF,1,40.52,3.99,0.00,4.05,40.46,cash_monkey_replica,true,one row per unit,2026-09-09,UTC,USD
CM-20260909-0017,CM-20260909-0017-U1,2026-09-09,DEMO-CASH_MONKEY-20260909-0017,Engineering reference manual,Books,GW-017,DEMO-CASH_MONKEY-0017,276 - Goodwill Michiana,eBay,1,42.63,4.99,0.00,4.26,43.36,cash_monkey_replica,true,one row per unit,2026-09-09,UTC,USD
CM-20260909-0018,CM-20260909-0018-U1,2026-09-09,DEMO-CASH_MONKEY-20260909-0018,Hardcover regional cookbook,Books,GW-018,DEMO-CASH_MONKEY-0018,277 - Goodwill Michiana (Stores),Goodwillbooks,1,44.74,5.99,22.37,4.47,23.89,cash_monkey_replica,true,one row per unit,2026-09-09,UTC,USD
CM-20260909-0019,CM-20260909-0019-U1,2026-09-09,DEMO-CASH_MONKEY-20260909-0019,Collected short stories,Books,GW-019,DEMO-CASH_MONKEY-0019,276 - Goodwill Michiana,Amazon-MF,1,46.85,6.99,0.00,4.68,49.16,cash_monkey_replica,true,one row per unit,2026-09-09,UTC,USD
CM-20260909-0020,CM-20260909-0020-U1,2026-09-09,DEMO-CASH_MONKEY-20260909-0020,Paperback history,Books,GW-020,DEMO-CASH_MONKEY-0020,277 - Goodwill Michiana (Stores),eBay,1,48.96,7.99,0.00,4.89,52.06,cash_monkey_replica,true,one row per unit,2026-09-09,UTC,USD
CM-20260909-0021,CM-20260909-0021-U1,2026-09-09,DEMO-CASH_MONKEY-20260909-0021,Engineering reference manual,Books,GW-021,DEMO-CASH_MONKEY-0021,276 - Goodwill Michiana,Goodwillbooks,1,51.07,3.99,0.00,5.10,49.96,cash_monkey_replica,true,one row per unit,2026-09-09,UTC,USD
CM-20260909-0022,CM-20260909-0022-U1,2026-09-09,DEMO-CASH_MONKEY-20260909-0022,Hardcover regional cookbook,Books,GW-022,DEMO-CASH_MONKEY-0022,277 - Goodwill Michiana (Stores),Amazon-MF,1,53.18,4.99,0.00,5.31,52.86,cash_monkey_replica,true,one row per unit,2026-09-09,UTC,USD
CM-20260909-0023,CM-20260909-0023-U1,2026-09-09,DEMO-CASH_MONKEY-20260909-0023,Collected short stories,Books,GW-023,DEMO-CASH_MONKEY-0023,276 - Goodwill Michiana,eBay,1,55.29,5.99,0.00,5.52,55.76,cash_monkey_replica,true,one row per unit,2026-09-09,UTC,USD
CM-20260909-0024,CM-20260909-0024-U1,2026-09-09,DEMO-CASH_MONKEY-20260909-0024,Paperback history,Books,GW-024,DEMO-CASH_MONKEY-0024,277 - Goodwill Michiana (Stores),Goodwillbooks,1,57.40,6.99,0.00,5.74,58.65,cash_monkey_replica,true,one row per unit,2026-09-09,UTC,USD
CM-20260909-0025,CM-20260909-0025-U1,2026-09-09,DEMO-CASH_MONKEY-20260909-0025,Engineering reference manual,Books,GW-001,DEMO-CASH_MONKEY-0025,276 - Goodwill Michiana,Amazon-MF,1,59.51,7.99,0.00,5.95,61.55,cash_monkey_replica,true,one row per unit,2026-09-09,UTC,USD
CM-20260909-0026,CM-20260909-0026-U1,2026-09-09,DEMO-CASH_MONKEY-20260909-0026,Hardcover regional cookbook,Books,GW-002,DEMO-CASH_MONKEY-0026,277 - Goodwill Michiana (Stores),eBay,1,61.62,3.99,0.00,6.16,59.45,cash_monkey_replica,true,one row per unit,2026-09-09,UTC,USD
CM-20260909-0027,CM-20260909-0027-U1,2026-09-09,DEMO-CASH_MONKEY-20260909-0027,Collected short stories,Books,GW-003,DEMO-CASH_MONKEY-0027,276 - Goodwill Michiana,Goodwillbooks,1,63.73,4.99,0.00,6.37,62.35,cash_monkey_replica,true,one row per unit,2026-09-09,UTC,USD
CM-20260909-0028,CM-20260909-0028-U1,2026-09-09,DEMO-CASH_MONKEY-20260909-0028,Paperback history,Books,GW-004,DEMO-CASH_MONKEY-0028,277 - Goodwill Michiana (Stores),Amazon-MF,1,65.84,5.99,0.00,6.58,65.25,cash_monkey_replica,true,one row per unit,2026-09-09,UTC,USD
CM-20260909-0029,CM-20260909-0029-U1,2026-09-09,DEMO-CASH_MONKEY-20260909-0029,Engineering reference manual,Books,GW-005,DEMO-CASH_MONKEY-0029,276 - Goodwill Michiana,eBay,1,67.95,6.99,0.00,6.79,68.15,cash_monkey_replica,true,one row per unit,2026-09-09,UTC,USD
CM-20260909-0030,CM-20260909-0030-U1,2026-09-09,DEMO-CASH_MONKEY-20260909-0030,Hardcover regional cookbook,Books,GW-006,DEMO-CASH_MONKEY-0030,277 - Goodwill Michiana (Stores),Goodwillbooks,1,70.06,7.99,0.00,7.00,71.05,cash_monkey_replica,true,one row per unit,2026-09-09,UTC,USD
CM-20260910-0001,CM-20260910-0001-U1,2026-09-10,DEMO-CASH_MONKEY-20260910-0001,Engineering reference manual,Books,GW-001,DEMO-CASH_MONKEY-0001,276 - Goodwill Michiana,Amazon-MF,1,10.24,3.99,5.12,1.02,8.09,cash_monkey_replica,true,one row per unit,2026-09-10,UTC,USD
CM-20260910-0001,CM-20260910-0001-U2,2026-09-10,DEMO-CASH_MONKEY-20260910-0001,Engineering reference manual,Books,GW-001,DEMO-CASH_MONKEY-0001,276 - Goodwill Michiana,Amazon-MF,1,10.24,3.99,5.12,1.02,8.09,cash_monkey_replica,true,one row per unit,2026-09-10,UTC,USD
CM-20260910-0002,CM-20260910-0002-U1,2026-09-10,DEMO-CASH_MONKEY-20260910-0002,Hardcover regional cookbook,Books,GW-002,DEMO-CASH_MONKEY-0002,277 - Goodwill Michiana (Stores),eBay,1,12.35,4.99,0.00,1.23,16.11,cash_monkey_replica,true,one row per unit,2026-09-10,UTC,USD
CM-20260910-0003,CM-20260910-0003-U1,2026-09-10,DEMO-CASH_MONKEY-20260910-0003,Collected short stories,Books,GW-003,DEMO-CASH_MONKEY-0003,276 - Goodwill Michiana,Goodwillbooks,1,14.46,5.99,0.00,1.44,19.01,cash_monkey_replica,true,one row per unit,2026-09-10,UTC,USD
CM-20260910-0004,CM-20260910-0004-U1,2026-09-10,DEMO-CASH_MONKEY-20260910-0004,Paperback history,Books,GW-004,DEMO-CASH_MONKEY-0004,277 - Goodwill Michiana (Stores),Amazon-MF,1,16.57,6.99,0.00,1.65,21.91,cash_monkey_replica,true,one row per unit,2026-09-10,UTC,USD
CM-20260910-0005,CM-20260910-0005-U1,2026-09-10,DEMO-CASH_MONKEY-20260910-0005,Engineering reference manual,Books,GW-005,DEMO-CASH_MONKEY-0005,276 - Goodwill Michiana,eBay,1,18.68,7.99,0.00,1.86,24.81,cash_monkey_replica,true,one row per unit,2026-09-10,UTC,USD
CM-20260910-0006,CM-20260910-0006-U1,2026-09-10,DEMO-CASH_MONKEY-20260910-0006,Hardcover regional cookbook,Books,GW-006,DEMO-CASH_MONKEY-0006,277 - Goodwill Michiana (Stores),Goodwillbooks,1,20.79,3.99,0.00,2.07,22.71,cash_monkey_replica,true,one row per unit,2026-09-10,UTC,USD
CM-20260910-0007,CM-20260910-0007-U1,2026-09-10,DEMO-CASH_MONKEY-20260910-0007,Collected short stories,Books,GW-007,DEMO-CASH_MONKEY-0007,276 - Goodwill Michiana,Amazon-MF,1,22.90,4.99,0.00,2.29,25.60,cash_monkey_replica,true,one row per unit,2026-09-10,UTC,USD
CM-20260910-0008,CM-20260910-0008-U1,2026-09-10,DEMO-CASH_MONKEY-20260910-0008,Paperback history,Books,GW-008,DEMO-CASH_MONKEY-0008,277 - Goodwill Michiana (Stores),eBay,1,25.01,5.99,0.00,2.50,28.50,cash_monkey_replica,true,one row per unit,2026-09-10,UTC,USD
CM-20260910-0009,CM-20260910-0009-U1,2026-09-10,DEMO-CASH_MONKEY-20260910-0009,Engineering reference manual,Books,GW-009,DEMO-CASH_MONKEY-0009,276 - Goodwill Michiana,Goodwillbooks,1,27.12,6.99,0.00,2.71,31.40,cash_monkey_replica,true,one row per unit,2026-09-10,UTC,USD
CM-20260910-0010,CM-20260910-0010-U1,2026-09-10,DEMO-CASH_MONKEY-20260910-0010,Hardcover regional cookbook,Books,GW-010,DEMO-CASH_MONKEY-0010,277 - Goodwill Michiana (Stores),Amazon-MF,1,29.23,7.99,0.00,2.92,34.30,cash_monkey_replica,true,one row per unit,2026-09-10,UTC,USD
CM-20260910-0011,CM-20260910-0011-U1,2026-09-10,DEMO-CASH_MONKEY-20260910-0011,Collected short stories,Books,GW-011,DEMO-CASH_MONKEY-0011,276 - Goodwill Michiana,eBay,1,31.34,3.99,0.00,3.13,32.20,cash_monkey_replica,true,one row per unit,2026-09-10,UTC,USD
CM-20260910-0012,CM-20260910-0012-U1,2026-09-10,DEMO-CASH_MONKEY-20260910-0012,Paperback history,Books,GW-012,DEMO-CASH_MONKEY-0012,277 - Goodwill Michiana (Stores),Goodwillbooks,1,33.45,4.99,0.00,3.34,35.10,cash_monkey_replica,true,one row per unit,2026-09-10,UTC,USD
CM-20260910-0013,CM-20260910-0013-U1,2026-09-10,DEMO-CASH_MONKEY-20260910-0013,Engineering reference manual,Books,GW-013,DEMO-CASH_MONKEY-0013,276 - Goodwill Michiana,Amazon-MF,1,35.56,5.99,0.00,3.55,38.00,cash_monkey_replica,true,one row per unit,2026-09-10,UTC,USD
CM-20260910-0014,CM-20260910-0014-U1,2026-09-10,DEMO-CASH_MONKEY-20260910-0014,Hardcover regional cookbook,Books,GW-014,DEMO-CASH_MONKEY-0014,277 - Goodwill Michiana (Stores),eBay,1,37.67,6.99,0.00,3.76,40.90,cash_monkey_replica,true,one row per unit,2026-09-10,UTC,USD
CM-20260910-0015,CM-20260910-0015-U1,2026-09-10,DEMO-CASH_MONKEY-20260910-0015,Collected short stories,Books,GW-015,DEMO-CASH_MONKEY-0015,276 - Goodwill Michiana,Goodwillbooks,1,39.78,7.99,0.00,3.97,43.80,cash_monkey_replica,true,one row per unit,2026-09-10,UTC,USD
CM-20260910-0016,CM-20260910-0016-U1,2026-09-10,DEMO-CASH_MONKEY-20260910-0016,Paperback history,Books,GW-016,DEMO-CASH_MONKEY-0016,277 - Goodwill Michiana (Stores),Amazon-MF,1,41.89,3.99,0.00,4.18,41.70,cash_monkey_replica,true,one row per unit,2026-09-10,UTC,USD
CM-20260910-0016,CM-20260910-0016-U2,2026-09-10,DEMO-CASH_MONKEY-20260910-0016,Paperback history,Books,GW-016,DEMO-CASH_MONKEY-0016,277 - Goodwill Michiana (Stores),Amazon-MF,1,41.89,3.99,0.00,4.18,41.70,cash_monkey_replica,true,one row per unit,2026-09-10,UTC,USD
CM-20260910-0017,CM-20260910-0017-U1,2026-09-10,DEMO-CASH_MONKEY-20260910-0017,Engineering reference manual,Books,GW-017,DEMO-CASH_MONKEY-0017,276 - Goodwill Michiana,eBay,1,44.00,4.99,0.00,4.40,44.59,cash_monkey_replica,true,one row per unit,2026-09-10,UTC,USD
CM-20260910-0018,CM-20260910-0018-U1,2026-09-10,DEMO-CASH_MONKEY-20260910-0018,Hardcover regional cookbook,Books,GW-018,DEMO-CASH_MONKEY-0018,277 - Goodwill Michiana (Stores),Goodwillbooks,1,46.11,5.99,23.05,4.61,24.44,cash_monkey_replica,true,one row per unit,2026-09-10,UTC,USD
CM-20260910-0019,CM-20260910-0019-U1,2026-09-10,DEMO-CASH_MONKEY-20260910-0019,Collected short stories,Books,GW-019,DEMO-CASH_MONKEY-0019,276 - Goodwill Michiana,Amazon-MF,1,48.22,6.99,0.00,4.82,50.39,cash_monkey_replica,true,one row per unit,2026-09-10,UTC,USD
CM-20260910-0020,CM-20260910-0020-U1,2026-09-10,DEMO-CASH_MONKEY-20260910-0020,Paperback history,Books,GW-020,DEMO-CASH_MONKEY-0020,277 - Goodwill Michiana (Stores),eBay,1,50.33,7.99,0.00,5.03,53.29,cash_monkey_replica,true,one row per unit,2026-09-10,UTC,USD
CM-20260910-0021,CM-20260910-0021-U1,2026-09-10,DEMO-CASH_MONKEY-20260910-0021,Engineering reference manual,Books,GW-021,DEMO-CASH_MONKEY-0021,276 - Goodwill Michiana,Goodwillbooks,1,52.44,3.99,0.00,5.24,51.19,cash_monkey_replica,true,one row per unit,2026-09-10,UTC,USD
CM-20260910-0022,CM-20260910-0022-U1,2026-09-10,DEMO-CASH_MONKEY-20260910-0022,Hardcover regional cookbook,Books,GW-022,DEMO-CASH_MONKEY-0022,277 - Goodwill Michiana (Stores),Amazon-MF,1,54.55,4.99,0.00,5.45,54.09,cash_monkey_replica,true,one row per unit,2026-09-10,UTC,USD
CM-20260910-0023,CM-20260910-0023-U1,2026-09-10,DEMO-CASH_MONKEY-20260910-0023,Collected short stories,Books,GW-023,DEMO-CASH_MONKEY-0023,276 - Goodwill Michiana,eBay,1,56.66,5.99,0.00,5.66,56.99,cash_monkey_replica,true,one row per unit,2026-09-10,UTC,USD
CM-20260910-0024,CM-20260910-0024-U1,2026-09-10,DEMO-CASH_MONKEY-20260910-0024,Paperback history,Books,GW-024,DEMO-CASH_MONKEY-0024,277 - Goodwill Michiana (Stores),Goodwillbooks,1,58.77,6.99,0.00,5.87,59.89,cash_monkey_replica,true,one row per unit,2026-09-10,UTC,USD
CM-20260910-0025,CM-20260910-0025-U1,2026-09-10,DEMO-CASH_MONKEY-20260910-0025,Engineering reference manual,Books,GW-001,DEMO-CASH_MONKEY-0025,276 - Goodwill Michiana,Amazon-MF,1,60.88,7.99,0.00,6.08,62.79,cash_monkey_replica,true,one row per unit,2026-09-10,UTC,USD
CM-20260910-0026,CM-20260910-0026-U1,2026-09-10,DEMO-CASH_MONKEY-20260910-0026,Hardcover regional cookbook,Books,GW-002,DEMO-CASH_MONKEY-0026,277 - Goodwill Michiana (Stores),eBay,1,62.99,3.99,0.00,6.29,60.69,cash_monkey_replica,true,one row per unit,2026-09-10,UTC,USD
CM-20260910-0027,CM-20260910-0027-U1,2026-09-10,DEMO-CASH_MONKEY-20260910-0027,Collected short stories,Books,GW-003,DEMO-CASH_MONKEY-0027,276 - Goodwill Michiana,Goodwillbooks,1,65.10,4.99,0.00,6.51,63.58,cash_monkey_replica,true,one row per unit,2026-09-10,UTC,USD
CM-20260910-0028,CM-20260910-0028-U1,2026-09-10,DEMO-CASH_MONKEY-20260910-0028,Paperback history,Books,GW-004,DEMO-CASH_MONKEY-0028,277 - Goodwill Michiana (Stores),Amazon-MF,1,67.21,5.99,0.00,6.72,66.48,cash_monkey_replica,true,one row per unit,2026-09-10,UTC,USD
CM-20260910-0029,CM-20260910-0029-U1,2026-09-10,DEMO-CASH_MONKEY-20260910-0029,Engineering reference manual,Books,GW-005,DEMO-CASH_MONKEY-0029,276 - Goodwill Michiana,eBay,1,69.32,6.99,0.00,6.93,69.38,cash_monkey_replica,true,one row per unit,2026-09-10,UTC,USD
CM-20260910-0030,CM-20260910-0030-U1,2026-09-10,DEMO-CASH_MONKEY-20260910-0030,Hardcover regional cookbook,Books,GW-006,DEMO-CASH_MONKEY-0030,277 - Goodwill Michiana (Stores),Goodwillbooks,1,71.43,7.99,0.00,7.14,72.28,cash_monkey_replica,true,one row per unit,2026-09-10,UTC,USD
CM-20260911-0001,CM-20260911-0001-U1,2026-09-11,DEMO-CASH_MONKEY-20260911-0001,Engineering reference manual,Books,GW-001,DEMO-CASH_MONKEY-0001,276 - Goodwill Michiana,Amazon-MF,1,11.61,3.99,5.80,1.16,8.64,cash_monkey_replica,true,one row per unit,2026-09-11,UTC,USD
CM-20260911-0001,CM-20260911-0001-U2,2026-09-11,DEMO-CASH_MONKEY-20260911-0001,Engineering reference manual,Books,GW-001,DEMO-CASH_MONKEY-0001,276 - Goodwill Michiana,Amazon-MF,1,11.61,3.99,5.80,1.16,8.64,cash_monkey_replica,true,one row per unit,2026-09-11,UTC,USD
CM-20260911-0002,CM-20260911-0002-U1,2026-09-11,DEMO-CASH_MONKEY-20260911-0002,Hardcover regional cookbook,Books,GW-002,DEMO-CASH_MONKEY-0002,277 - Goodwill Michiana (Stores),eBay,1,13.72,4.99,0.00,1.37,17.34,cash_monkey_replica,true,one row per unit,2026-09-11,UTC,USD
CM-20260911-0003,CM-20260911-0003-U1,2026-09-11,DEMO-CASH_MONKEY-20260911-0003,Collected short stories,Books,GW-003,DEMO-CASH_MONKEY-0003,276 - Goodwill Michiana,Goodwillbooks,1,15.83,5.99,0.00,1.58,20.24,cash_monkey_replica,true,one row per unit,2026-09-11,UTC,USD
CM-20260911-0004,CM-20260911-0004-U1,2026-09-11,DEMO-CASH_MONKEY-20260911-0004,Paperback history,Books,GW-004,DEMO-CASH_MONKEY-0004,277 - Goodwill Michiana (Stores),Amazon-MF,1,17.94,6.99,0.00,1.79,23.14,cash_monkey_replica,true,one row per unit,2026-09-11,UTC,USD
CM-20260911-0005,CM-20260911-0005-U1,2026-09-11,DEMO-CASH_MONKEY-20260911-0005,Engineering reference manual,Books,GW-005,DEMO-CASH_MONKEY-0005,276 - Goodwill Michiana,eBay,1,20.05,7.99,0.00,2.00,26.04,cash_monkey_replica,true,one row per unit,2026-09-11,UTC,USD
CM-20260911-0006,CM-20260911-0006-U1,2026-09-11,DEMO-CASH_MONKEY-20260911-0006,Hardcover regional cookbook,Books,GW-006,DEMO-CASH_MONKEY-0006,277 - Goodwill Michiana (Stores),Goodwillbooks,1,22.16,3.99,0.00,2.21,23.94,cash_monkey_replica,true,one row per unit,2026-09-11,UTC,USD
CM-20260911-0007,CM-20260911-0007-U1,2026-09-11,DEMO-CASH_MONKEY-20260911-0007,Collected short stories,Books,GW-007,DEMO-CASH_MONKEY-0007,276 - Goodwill Michiana,Amazon-MF,1,24.27,4.99,0.00,2.42,26.84,cash_monkey_replica,true,one row per unit,2026-09-11,UTC,USD
CM-20260911-0008,CM-20260911-0008-U1,2026-09-11,DEMO-CASH_MONKEY-20260911-0008,Paperback history,Books,GW-008,DEMO-CASH_MONKEY-0008,277 - Goodwill Michiana (Stores),eBay,1,26.38,5.99,0.00,2.63,29.74,cash_monkey_replica,true,one row per unit,2026-09-11,UTC,USD
CM-20260911-0009,CM-20260911-0009-U1,2026-09-11,DEMO-CASH_MONKEY-20260911-0009,Engineering reference manual,Books,GW-009,DEMO-CASH_MONKEY-0009,276 - Goodwill Michiana,Goodwillbooks,1,28.49,6.99,0.00,2.84,32.64,cash_monkey_replica,true,one row per unit,2026-09-11,UTC,USD
CM-20260911-0010,CM-20260911-0010-U1,2026-09-11,DEMO-CASH_MONKEY-20260911-0010,Hardcover regional cookbook,Books,GW-010,DEMO-CASH_MONKEY-0010,277 - Goodwill Michiana (Stores),Amazon-MF,1,30.60,7.99,0.00,3.06,35.53,cash_monkey_replica,true,one row per unit,2026-09-11,UTC,USD
CM-20260911-0011,CM-20260911-0011-U1,2026-09-11,DEMO-CASH_MONKEY-20260911-0011,Collected short stories,Books,GW-011,DEMO-CASH_MONKEY-0011,276 - Goodwill Michiana,eBay,1,32.71,3.99,0.00,3.27,33.43,cash_monkey_replica,true,one row per unit,2026-09-11,UTC,USD
CM-20260911-0012,CM-20260911-0012-U1,2026-09-11,DEMO-CASH_MONKEY-20260911-0012,Paperback history,Books,GW-012,DEMO-CASH_MONKEY-0012,277 - Goodwill Michiana (Stores),Goodwillbooks,1,34.82,4.99,0.00,3.48,36.33,cash_monkey_replica,true,one row per unit,2026-09-11,UTC,USD
CM-20260911-0013,CM-20260911-0013-U1,2026-09-11,DEMO-CASH_MONKEY-20260911-0013,Engineering reference manual,Books,GW-013,DEMO-CASH_MONKEY-0013,276 - Goodwill Michiana,Amazon-MF,1,36.93,5.99,0.00,3.69,39.23,cash_monkey_replica,true,one row per unit,2026-09-11,UTC,USD
CM-20260911-0014,CM-20260911-0014-U1,2026-09-11,DEMO-CASH_MONKEY-20260911-0014,Hardcover regional cookbook,Books,GW-014,DEMO-CASH_MONKEY-0014,277 - Goodwill Michiana (Stores),eBay,1,39.04,6.99,0.00,3.90,42.13,cash_monkey_replica,true,one row per unit,2026-09-11,UTC,USD
CM-20260911-0015,CM-20260911-0015-U1,2026-09-11,DEMO-CASH_MONKEY-20260911-0015,Collected short stories,Books,GW-015,DEMO-CASH_MONKEY-0015,276 - Goodwill Michiana,Goodwillbooks,1,41.15,7.99,0.00,4.11,45.03,cash_monkey_replica,true,one row per unit,2026-09-11,UTC,USD
CM-20260911-0016,CM-20260911-0016-U1,2026-09-11,DEMO-CASH_MONKEY-20260911-0016,Paperback history,Books,GW-016,DEMO-CASH_MONKEY-0016,277 - Goodwill Michiana (Stores),Amazon-MF,1,43.26,3.99,0.00,4.32,42.93,cash_monkey_replica,true,one row per unit,2026-09-11,UTC,USD
CM-20260911-0016,CM-20260911-0016-U2,2026-09-11,DEMO-CASH_MONKEY-20260911-0016,Paperback history,Books,GW-016,DEMO-CASH_MONKEY-0016,277 - Goodwill Michiana (Stores),Amazon-MF,1,43.26,3.99,0.00,4.32,42.93,cash_monkey_replica,true,one row per unit,2026-09-11,UTC,USD
CM-20260911-0017,CM-20260911-0017-U1,2026-09-11,DEMO-CASH_MONKEY-20260911-0017,Engineering reference manual,Books,GW-017,DEMO-CASH_MONKEY-0017,276 - Goodwill Michiana,eBay,1,45.37,4.99,0.00,4.53,45.83,cash_monkey_replica,true,one row per unit,2026-09-11,UTC,USD
CM-20260911-0018,CM-20260911-0018-U1,2026-09-11,DEMO-CASH_MONKEY-20260911-0018,Hardcover regional cookbook,Books,GW-018,DEMO-CASH_MONKEY-0018,277 - Goodwill Michiana (Stores),Goodwillbooks,1,47.48,5.99,23.74,4.74,24.99,cash_monkey_replica,true,one row per unit,2026-09-11,UTC,USD
CM-20260911-0019,CM-20260911-0019-U1,2026-09-11,DEMO-CASH_MONKEY-20260911-0019,Collected short stories,Books,GW-019,DEMO-CASH_MONKEY-0019,276 - Goodwill Michiana,Amazon-MF,1,49.59,6.99,0.00,4.95,51.63,cash_monkey_replica,true,one row per unit,2026-09-11,UTC,USD
CM-20260911-0020,CM-20260911-0020-U1,2026-09-11,DEMO-CASH_MONKEY-20260911-0020,Paperback history,Books,GW-020,DEMO-CASH_MONKEY-0020,277 - Goodwill Michiana (Stores),eBay,1,51.70,7.99,0.00,5.17,54.52,cash_monkey_replica,true,one row per unit,2026-09-11,UTC,USD
CM-20260911-0021,CM-20260911-0021-U1,2026-09-11,DEMO-CASH_MONKEY-20260911-0021,Engineering reference manual,Books,GW-021,DEMO-CASH_MONKEY-0021,276 - Goodwill Michiana,Goodwillbooks,1,53.81,3.99,0.00,5.38,52.42,cash_monkey_replica,true,one row per unit,2026-09-11,UTC,USD
CM-20260911-0022,CM-20260911-0022-U1,2026-09-11,DEMO-CASH_MONKEY-20260911-0022,Hardcover regional cookbook,Books,GW-022,DEMO-CASH_MONKEY-0022,277 - Goodwill Michiana (Stores),Amazon-MF,1,55.92,4.99,0.00,5.59,55.32,cash_monkey_replica,true,one row per unit,2026-09-11,UTC,USD
CM-20260911-0023,CM-20260911-0023-U1,2026-09-11,DEMO-CASH_MONKEY-20260911-0023,Collected short stories,Books,GW-023,DEMO-CASH_MONKEY-0023,276 - Goodwill Michiana,eBay,1,58.03,5.99,0.00,5.80,58.22,cash_monkey_replica,true,one row per unit,2026-09-11,UTC,USD
CM-20260911-0024,CM-20260911-0024-U1,2026-09-11,DEMO-CASH_MONKEY-20260911-0024,Paperback history,Books,GW-024,DEMO-CASH_MONKEY-0024,277 - Goodwill Michiana (Stores),Goodwillbooks,1,60.14,6.99,0.00,6.01,61.12,cash_monkey_replica,true,one row per unit,2026-09-11,UTC,USD
CM-20260911-0025,CM-20260911-0025-U1,2026-09-11,DEMO-CASH_MONKEY-20260911-0025,Engineering reference manual,Books,GW-001,DEMO-CASH_MONKEY-0025,276 - Goodwill Michiana,Amazon-MF,1,62.25,7.99,0.00,6.22,64.02,cash_monkey_replica,true,one row per unit,2026-09-11,UTC,USD
CM-20260911-0026,CM-20260911-0026-U1,2026-09-11,DEMO-CASH_MONKEY-20260911-0026,Hardcover regional cookbook,Books,GW-002,DEMO-CASH_MONKEY-0026,277 - Goodwill Michiana (Stores),eBay,1,64.36,3.99,0.00,6.43,61.92,cash_monkey_replica,true,one row per unit,2026-09-11,UTC,USD
CM-20260911-0027,CM-20260911-0027-U1,2026-09-11,DEMO-CASH_MONKEY-20260911-0027,Collected short stories,Books,GW-003,DEMO-CASH_MONKEY-0027,276 - Goodwill Michiana,Goodwillbooks,1,66.47,4.99,0.00,6.64,64.82,cash_monkey_replica,true,one row per unit,2026-09-11,UTC,USD
CM-20260911-0028,CM-20260911-0028-U1,2026-09-11,DEMO-CASH_MONKEY-20260911-0028,Paperback history,Books,GW-004,DEMO-CASH_MONKEY-0028,277 - Goodwill Michiana (Stores),Amazon-MF,1,68.58,5.99,0.00,6.85,67.72,cash_monkey_replica,true,one row per unit,2026-09-11,UTC,USD
CM-20260911-0029,CM-20260911-0029-U1,2026-09-11,DEMO-CASH_MONKEY-20260911-0029,Engineering reference manual,Books,GW-005,DEMO-CASH_MONKEY-0029,276 - Goodwill Michiana,eBay,1,70.69,6.99,0.00,7.06,70.62,cash_monkey_replica,true,one row per unit,2026-09-11,UTC,USD
CM-20260911-0030,CM-20260911-0030-U1,2026-09-11,DEMO-CASH_MONKEY-20260911-0030,Hardcover regional cookbook,Books,GW-006,DEMO-CASH_MONKEY-0030,277 - Goodwill Michiana (Stores),Goodwillbooks,1,72.80,7.99,0.00,7.28,73.51,cash_monkey_replica,true,one row per unit,2026-09-11,UTC,USD
CM-20260912-0001,CM-20260912-0001-U1,2026-09-12,DEMO-CASH_MONKEY-20260912-0001,Engineering reference manual,Books,GW-001,DEMO-CASH_MONKEY-0001,276 - Goodwill Michiana,Amazon-MF,1,12.98,3.99,6.49,1.29,9.19,cash_monkey_replica,true,one row per unit,2026-09-12,UTC,USD
CM-20260912-0001,CM-20260912-0001-U2,2026-09-12,DEMO-CASH_MONKEY-20260912-0001,Engineering reference manual,Books,GW-001,DEMO-CASH_MONKEY-0001,276 - Goodwill Michiana,Amazon-MF,1,12.98,3.99,6.49,1.29,9.19,cash_monkey_replica,true,one row per unit,2026-09-12,UTC,USD
CM-20260912-0002,CM-20260912-0002-U1,2026-09-12,DEMO-CASH_MONKEY-20260912-0002,Hardcover regional cookbook,Books,GW-002,DEMO-CASH_MONKEY-0002,277 - Goodwill Michiana (Stores),eBay,1,15.09,4.99,0.00,1.50,18.58,cash_monkey_replica,true,one row per unit,2026-09-12,UTC,USD
CM-20260912-0003,CM-20260912-0003-U1,2026-09-12,DEMO-CASH_MONKEY-20260912-0003,Collected short stories,Books,GW-003,DEMO-CASH_MONKEY-0003,276 - Goodwill Michiana,Goodwillbooks,1,17.20,5.99,0.00,1.72,21.47,cash_monkey_replica,true,one row per unit,2026-09-12,UTC,USD
CM-20260912-0004,CM-20260912-0004-U1,2026-09-12,DEMO-CASH_MONKEY-20260912-0004,Paperback history,Books,GW-004,DEMO-CASH_MONKEY-0004,277 - Goodwill Michiana (Stores),Amazon-MF,1,19.31,6.99,0.00,1.93,24.37,cash_monkey_replica,true,one row per unit,2026-09-12,UTC,USD
CM-20260912-0005,CM-20260912-0005-U1,2026-09-12,DEMO-CASH_MONKEY-20260912-0005,Engineering reference manual,Books,GW-005,DEMO-CASH_MONKEY-0005,276 - Goodwill Michiana,eBay,1,21.42,7.99,0.00,2.14,27.27,cash_monkey_replica,true,one row per unit,2026-09-12,UTC,USD
CM-20260912-0006,CM-20260912-0006-U1,2026-09-12,DEMO-CASH_MONKEY-20260912-0006,Hardcover regional cookbook,Books,GW-006,DEMO-CASH_MONKEY-0006,277 - Goodwill Michiana (Stores),Goodwillbooks,1,23.53,3.99,0.00,2.35,25.17,cash_monkey_replica,true,one row per unit,2026-09-12,UTC,USD
CM-20260912-0007,CM-20260912-0007-U1,2026-09-12,DEMO-CASH_MONKEY-20260912-0007,Collected short stories,Books,GW-007,DEMO-CASH_MONKEY-0007,276 - Goodwill Michiana,Amazon-MF,1,25.64,4.99,0.00,2.56,28.07,cash_monkey_replica,true,one row per unit,2026-09-12,UTC,USD
CM-20260912-0008,CM-20260912-0008-U1,2026-09-12,DEMO-CASH_MONKEY-20260912-0008,Paperback history,Books,GW-008,DEMO-CASH_MONKEY-0008,277 - Goodwill Michiana (Stores),eBay,1,27.75,5.99,0.00,2.77,30.97,cash_monkey_replica,true,one row per unit,2026-09-12,UTC,USD
CM-20260912-0009,CM-20260912-0009-U1,2026-09-12,DEMO-CASH_MONKEY-20260912-0009,Engineering reference manual,Books,GW-009,DEMO-CASH_MONKEY-0009,276 - Goodwill Michiana,Goodwillbooks,1,29.86,6.99,0.00,2.98,33.87,cash_monkey_replica,true,one row per unit,2026-09-12,UTC,USD
CM-20260912-0010,CM-20260912-0010-U1,2026-09-12,DEMO-CASH_MONKEY-20260912-0010,Hardcover regional cookbook,Books,GW-010,DEMO-CASH_MONKEY-0010,277 - Goodwill Michiana (Stores),Amazon-MF,1,31.97,7.99,0.00,3.19,36.77,cash_monkey_replica,true,one row per unit,2026-09-12,UTC,USD
CM-20260912-0011,CM-20260912-0011-U1,2026-09-12,DEMO-CASH_MONKEY-20260912-0011,Collected short stories,Books,GW-011,DEMO-CASH_MONKEY-0011,276 - Goodwill Michiana,eBay,1,34.08,3.99,0.00,3.40,34.67,cash_monkey_replica,true,one row per unit,2026-09-12,UTC,USD
CM-20260912-0012,CM-20260912-0012-U1,2026-09-12,DEMO-CASH_MONKEY-20260912-0012,Paperback history,Books,GW-012,DEMO-CASH_MONKEY-0012,277 - Goodwill Michiana (Stores),Goodwillbooks,1,36.19,4.99,0.00,3.61,37.57,cash_monkey_replica,true,one row per unit,2026-09-12,UTC,USD
CM-20260912-0013,CM-20260912-0013-U1,2026-09-12,DEMO-CASH_MONKEY-20260912-0013,Engineering reference manual,Books,GW-013,DEMO-CASH_MONKEY-0013,276 - Goodwill Michiana,Amazon-MF,1,38.30,5.99,0.00,3.83,40.46,cash_monkey_replica,true,one row per unit,2026-09-12,UTC,USD
CM-20260912-0014,CM-20260912-0014-U1,2026-09-12,DEMO-CASH_MONKEY-20260912-0014,Hardcover regional cookbook,Books,GW-014,DEMO-CASH_MONKEY-0014,277 - Goodwill Michiana (Stores),eBay,1,40.41,6.99,0.00,4.04,43.36,cash_monkey_replica,true,one row per unit,2026-09-12,UTC,USD
CM-20260912-0015,CM-20260912-0015-U1,2026-09-12,DEMO-CASH_MONKEY-20260912-0015,Collected short stories,Books,GW-015,DEMO-CASH_MONKEY-0015,276 - Goodwill Michiana,Goodwillbooks,1,42.52,7.99,0.00,4.25,46.26,cash_monkey_replica,true,one row per unit,2026-09-12,UTC,USD
CM-20260912-0016,CM-20260912-0016-U1,2026-09-12,DEMO-CASH_MONKEY-20260912-0016,Paperback history,Books,GW-016,DEMO-CASH_MONKEY-0016,277 - Goodwill Michiana (Stores),Amazon-MF,1,44.63,3.99,0.00,4.46,44.16,cash_monkey_replica,true,one row per unit,2026-09-12,UTC,USD
CM-20260912-0016,CM-20260912-0016-U2,2026-09-12,DEMO-CASH_MONKEY-20260912-0016,Paperback history,Books,GW-016,DEMO-CASH_MONKEY-0016,277 - Goodwill Michiana (Stores),Amazon-MF,1,44.63,3.99,0.00,4.46,44.16,cash_monkey_replica,true,one row per unit,2026-09-12,UTC,USD
CM-20260912-0017,CM-20260912-0017-U1,2026-09-12,DEMO-CASH_MONKEY-20260912-0017,Engineering reference manual,Books,GW-017,DEMO-CASH_MONKEY-0017,276 - Goodwill Michiana,eBay,1,46.74,4.99,0.00,4.67,47.06,cash_monkey_replica,true,one row per unit,2026-09-12,UTC,USD
CM-20260912-0018,CM-20260912-0018-U1,2026-09-12,DEMO-CASH_MONKEY-20260912-0018,Hardcover regional cookbook,Books,GW-018,DEMO-CASH_MONKEY-0018,277 - Goodwill Michiana (Stores),Goodwillbooks,1,48.85,5.99,24.42,4.88,25.54,cash_monkey_replica,true,one row per unit,2026-09-12,UTC,USD
CM-20260912-0019,CM-20260912-0019-U1,2026-09-12,DEMO-CASH_MONKEY-20260912-0019,Collected short stories,Books,GW-019,DEMO-CASH_MONKEY-0019,276 - Goodwill Michiana,Amazon-MF,1,50.96,6.99,0.00,5.09,52.86,cash_monkey_replica,true,one row per unit,2026-09-12,UTC,USD
CM-20260912-0020,CM-20260912-0020-U1,2026-09-12,DEMO-CASH_MONKEY-20260912-0020,Paperback history,Books,GW-020,DEMO-CASH_MONKEY-0020,277 - Goodwill Michiana (Stores),eBay,1,53.07,7.99,0.00,5.30,55.76,cash_monkey_replica,true,one row per unit,2026-09-12,UTC,USD
CM-20260912-0021,CM-20260912-0021-U1,2026-09-12,DEMO-CASH_MONKEY-20260912-0021,Engineering reference manual,Books,GW-021,DEMO-CASH_MONKEY-0021,276 - Goodwill Michiana,Goodwillbooks,1,55.18,3.99,0.00,5.51,53.66,cash_monkey_replica,true,one row per unit,2026-09-12,UTC,USD
CM-20260912-0022,CM-20260912-0022-U1,2026-09-12,DEMO-CASH_MONKEY-20260912-0022,Hardcover regional cookbook,Books,GW-022,DEMO-CASH_MONKEY-0022,277 - Goodwill Michiana (Stores),Amazon-MF,1,57.29,4.99,0.00,5.72,56.56,cash_monkey_replica,true,one row per unit,2026-09-12,UTC,USD
CM-20260912-0023,CM-20260912-0023-U1,2026-09-12,DEMO-CASH_MONKEY-20260912-0023,Collected short stories,Books,GW-023,DEMO-CASH_MONKEY-0023,276 - Goodwill Michiana,eBay,1,59.40,5.99,0.00,5.94,59.45,cash_monkey_replica,true,one row per unit,2026-09-12,UTC,USD
CM-20260912-0024,CM-20260912-0024-U1,2026-09-12,DEMO-CASH_MONKEY-20260912-0024,Paperback history,Books,GW-024,DEMO-CASH_MONKEY-0024,277 - Goodwill Michiana (Stores),Goodwillbooks,1,61.51,6.99,0.00,6.15,62.35,cash_monkey_replica,true,one row per unit,2026-09-12,UTC,USD
CM-20260912-0025,CM-20260912-0025-U1,2026-09-12,DEMO-CASH_MONKEY-20260912-0025,Engineering reference manual,Books,GW-001,DEMO-CASH_MONKEY-0025,276 - Goodwill Michiana,Amazon-MF,1,63.62,7.99,0.00,6.36,65.25,cash_monkey_replica,true,one row per unit,2026-09-12,UTC,USD
CM-20260912-0026,CM-20260912-0026-U1,2026-09-12,DEMO-CASH_MONKEY-20260912-0026,Hardcover regional cookbook,Books,GW-002,DEMO-CASH_MONKEY-0026,277 - Goodwill Michiana (Stores),eBay,1,65.73,3.99,0.00,6.57,63.15,cash_monkey_replica,true,one row per unit,2026-09-12,UTC,USD
CM-20260912-0027,CM-20260912-0027-U1,2026-09-12,DEMO-CASH_MONKEY-20260912-0027,Collected short stories,Books,GW-003,DEMO-CASH_MONKEY-0027,276 - Goodwill Michiana,Goodwillbooks,1,67.84,4.99,0.00,6.78,66.05,cash_monkey_replica,true,one row per unit,2026-09-12,UTC,USD
CM-20260912-0028,CM-20260912-0028-U1,2026-09-12,DEMO-CASH_MONKEY-20260912-0028,Paperback history,Books,GW-004,DEMO-CASH_MONKEY-0028,277 - Goodwill Michiana (Stores),Amazon-MF,1,69.95,5.99,0.00,6.99,68.95,cash_monkey_replica,true,one row per unit,2026-09-12,UTC,USD
CM-20260912-0029,CM-20260912-0029-U1,2026-09-12,DEMO-CASH_MONKEY-20260912-0029,Engineering reference manual,Books,GW-005,DEMO-CASH_MONKEY-0029,276 - Goodwill Michiana,eBay,1,72.06,6.99,0.00,7.20,71.85,cash_monkey_replica,true,one row per unit,2026-09-12,UTC,USD
CM-20260912-0030,CM-20260912-0030-U1,2026-09-12,DEMO-CASH_MONKEY-20260912-0030,Hardcover regional cookbook,Books,GW-006,DEMO-CASH_MONKEY-0030,277 - Goodwill Michiana (Stores),Goodwillbooks,1,74.17,7.99,0.00,7.41,74.75,cash_monkey_replica,true,one row per unit,2026-09-12,UTC,USD
CM-20260913-0001,CM-20260913-0001-U1,2026-09-13,DEMO-CASH_MONKEY-20260913-0001,Engineering reference manual,Books,GW-001,DEMO-CASH_MONKEY-0001,276 - Goodwill Michiana,Amazon-MF,1,14.35,3.99,7.17,1.43,9.74,cash_monkey_replica,true,one row per unit,2026-09-13,UTC,USD
CM-20260913-0001,CM-20260913-0001-U2,2026-09-13,DEMO-CASH_MONKEY-20260913-0001,Engineering reference manual,Books,GW-001,DEMO-CASH_MONKEY-0001,276 - Goodwill Michiana,Amazon-MF,1,14.35,3.99,7.17,1.43,9.74,cash_monkey_replica,true,one row per unit,2026-09-13,UTC,USD
CM-20260913-0002,CM-20260913-0002-U1,2026-09-13,DEMO-CASH_MONKEY-20260913-0002,Hardcover regional cookbook,Books,GW-002,DEMO-CASH_MONKEY-0002,277 - Goodwill Michiana (Stores),eBay,1,16.46,4.99,0.00,1.64,19.81,cash_monkey_replica,true,one row per unit,2026-09-13,UTC,USD
CM-20260913-0003,CM-20260913-0003-U1,2026-09-13,DEMO-CASH_MONKEY-20260913-0003,Collected short stories,Books,GW-003,DEMO-CASH_MONKEY-0003,276 - Goodwill Michiana,Goodwillbooks,1,18.57,5.99,0.00,1.85,22.71,cash_monkey_replica,true,one row per unit,2026-09-13,UTC,USD
CM-20260913-0004,CM-20260913-0004-U1,2026-09-13,DEMO-CASH_MONKEY-20260913-0004,Paperback history,Books,GW-004,DEMO-CASH_MONKEY-0004,277 - Goodwill Michiana (Stores),Amazon-MF,1,20.68,6.99,0.00,2.06,25.61,cash_monkey_replica,true,one row per unit,2026-09-13,UTC,USD
CM-20260913-0005,CM-20260913-0005-U1,2026-09-13,DEMO-CASH_MONKEY-20260913-0005,Engineering reference manual,Books,GW-005,DEMO-CASH_MONKEY-0005,276 - Goodwill Michiana,eBay,1,22.79,7.99,0.00,2.27,28.51,cash_monkey_replica,true,one row per unit,2026-09-13,UTC,USD
CM-20260913-0006,CM-20260913-0006-U1,2026-09-13,DEMO-CASH_MONKEY-20260913-0006,Hardcover regional cookbook,Books,GW-006,DEMO-CASH_MONKEY-0006,277 - Goodwill Michiana (Stores),Goodwillbooks,1,24.90,3.99,0.00,2.49,26.40,cash_monkey_replica,true,one row per unit,2026-09-13,UTC,USD
CM-20260913-0007,CM-20260913-0007-U1,2026-09-13,DEMO-CASH_MONKEY-20260913-0007,Collected short stories,Books,GW-007,DEMO-CASH_MONKEY-0007,276 - Goodwill Michiana,Amazon-MF,1,27.01,4.99,0.00,2.70,29.30,cash_monkey_replica,true,one row per unit,2026-09-13,UTC,USD
CM-20260913-0008,CM-20260913-0008-U1,2026-09-13,DEMO-CASH_MONKEY-20260913-0008,Paperback history,Books,GW-008,DEMO-CASH_MONKEY-0008,277 - Goodwill Michiana (Stores),eBay,1,29.12,5.99,0.00,2.91,32.20,cash_monkey_replica,true,one row per unit,2026-09-13,UTC,USD
CM-20260913-0009,CM-20260913-0009-U1,2026-09-13,DEMO-CASH_MONKEY-20260913-0009,Engineering reference manual,Books,GW-009,DEMO-CASH_MONKEY-0009,276 - Goodwill Michiana,Goodwillbooks,1,31.23,6.99,0.00,3.12,35.10,cash_monkey_replica,true,one row per unit,2026-09-13,UTC,USD
CM-20260913-0010,CM-20260913-0010-U1,2026-09-13,DEMO-CASH_MONKEY-20260913-0010,Hardcover regional cookbook,Books,GW-010,DEMO-CASH_MONKEY-0010,277 - Goodwill Michiana (Stores),Amazon-MF,1,33.34,7.99,0.00,3.33,38.00,cash_monkey_replica,true,one row per unit,2026-09-13,UTC,USD
CM-20260913-0011,CM-20260913-0011-U1,2026-09-13,DEMO-CASH_MONKEY-20260913-0011,Collected short stories,Books,GW-011,DEMO-CASH_MONKEY-0011,276 - Goodwill Michiana,eBay,1,35.45,3.99,0.00,3.54,35.90,cash_monkey_replica,true,one row per unit,2026-09-13,UTC,USD
CM-20260913-0012,CM-20260913-0012-U1,2026-09-13,DEMO-CASH_MONKEY-20260913-0012,Paperback history,Books,GW-012,DEMO-CASH_MONKEY-0012,277 - Goodwill Michiana (Stores),Goodwillbooks,1,37.56,4.99,0.00,3.75,38.80,cash_monkey_replica,true,one row per unit,2026-09-13,UTC,USD
CM-20260913-0013,CM-20260913-0013-U1,2026-09-13,DEMO-CASH_MONKEY-20260913-0013,Engineering reference manual,Books,GW-013,DEMO-CASH_MONKEY-0013,276 - Goodwill Michiana,Amazon-MF,1,39.67,5.99,0.00,3.96,41.70,cash_monkey_replica,true,one row per unit,2026-09-13,UTC,USD
CM-20260913-0014,CM-20260913-0014-U1,2026-09-13,DEMO-CASH_MONKEY-20260913-0014,Hardcover regional cookbook,Books,GW-014,DEMO-CASH_MONKEY-0014,277 - Goodwill Michiana (Stores),eBay,1,41.78,6.99,0.00,4.17,44.60,cash_monkey_replica,true,one row per unit,2026-09-13,UTC,USD
CM-20260913-0015,CM-20260913-0015-U1,2026-09-13,DEMO-CASH_MONKEY-20260913-0015,Collected short stories,Books,GW-015,DEMO-CASH_MONKEY-0015,276 - Goodwill Michiana,Goodwillbooks,1,43.89,7.99,0.00,4.38,47.50,cash_monkey_replica,true,one row per unit,2026-09-13,UTC,USD
CM-20260913-0016,CM-20260913-0016-U1,2026-09-13,DEMO-CASH_MONKEY-20260913-0016,Paperback history,Books,GW-016,DEMO-CASH_MONKEY-0016,277 - Goodwill Michiana (Stores),Amazon-MF,1,46.00,3.99,0.00,4.60,45.39,cash_monkey_replica,true,one row per unit,2026-09-13,UTC,USD
CM-20260913-0016,CM-20260913-0016-U2,2026-09-13,DEMO-CASH_MONKEY-20260913-0016,Paperback history,Books,GW-016,DEMO-CASH_MONKEY-0016,277 - Goodwill Michiana (Stores),Amazon-MF,1,46.00,3.99,0.00,4.60,45.39,cash_monkey_replica,true,one row per unit,2026-09-13,UTC,USD
CM-20260913-0017,CM-20260913-0017-U1,2026-09-13,DEMO-CASH_MONKEY-20260913-0017,Engineering reference manual,Books,GW-017,DEMO-CASH_MONKEY-0017,276 - Goodwill Michiana,eBay,1,48.11,4.99,0.00,4.81,48.29,cash_monkey_replica,true,one row per unit,2026-09-13,UTC,USD
CM-20260913-0018,CM-20260913-0018-U1,2026-09-13,DEMO-CASH_MONKEY-20260913-0018,Hardcover regional cookbook,Books,GW-018,DEMO-CASH_MONKEY-0018,277 - Goodwill Michiana (Stores),Goodwillbooks,1,50.22,5.99,25.11,5.02,26.08,cash_monkey_replica,true,one row per unit,2026-09-13,UTC,USD
CM-20260913-0019,CM-20260913-0019-U1,2026-09-13,DEMO-CASH_MONKEY-20260913-0019,Collected short stories,Books,GW-019,DEMO-CASH_MONKEY-0019,276 - Goodwill Michiana,Amazon-MF,1,52.33,6.99,0.00,5.23,54.09,cash_monkey_replica,true,one row per unit,2026-09-13,UTC,USD
CM-20260913-0020,CM-20260913-0020-U1,2026-09-13,DEMO-CASH_MONKEY-20260913-0020,Paperback history,Books,GW-020,DEMO-CASH_MONKEY-0020,277 - Goodwill Michiana (Stores),eBay,1,54.44,7.99,0.00,5.44,56.99,cash_monkey_replica,true,one row per unit,2026-09-13,UTC,USD
CM-20260913-0021,CM-20260913-0021-U1,2026-09-13,DEMO-CASH_MONKEY-20260913-0021,Engineering reference manual,Books,GW-021,DEMO-CASH_MONKEY-0021,276 - Goodwill Michiana,Goodwillbooks,1,56.55,3.99,0.00,5.65,54.89,cash_monkey_replica,true,one row per unit,2026-09-13,UTC,USD
CM-20260913-0022,CM-20260913-0022-U1,2026-09-13,DEMO-CASH_MONKEY-20260913-0022,Hardcover regional cookbook,Books,GW-022,DEMO-CASH_MONKEY-0022,277 - Goodwill Michiana (Stores),Amazon-MF,1,58.66,4.99,0.00,5.86,57.79,cash_monkey_replica,true,one row per unit,2026-09-13,UTC,USD
CM-20260913-0023,CM-20260913-0023-U1,2026-09-13,DEMO-CASH_MONKEY-20260913-0023,Collected short stories,Books,GW-023,DEMO-CASH_MONKEY-0023,276 - Goodwill Michiana,eBay,1,60.77,5.99,0.00,6.07,60.69,cash_monkey_replica,true,one row per unit,2026-09-13,UTC,USD
CM-20260913-0024,CM-20260913-0024-U1,2026-09-13,DEMO-CASH_MONKEY-20260913-0024,Paperback history,Books,GW-024,DEMO-CASH_MONKEY-0024,277 - Goodwill Michiana (Stores),Goodwillbooks,1,62.88,6.99,0.00,6.28,63.59,cash_monkey_replica,true,one row per unit,2026-09-13,UTC,USD
CM-20260913-0025,CM-20260913-0025-U1,2026-09-13,DEMO-CASH_MONKEY-20260913-0025,Engineering reference manual,Books,GW-001,DEMO-CASH_MONKEY-0025,276 - Goodwill Michiana,Amazon-MF,1,64.99,7.99,0.00,6.49,66.49,cash_monkey_replica,true,one row per unit,2026-09-13,UTC,USD
CM-20260913-0026,CM-20260913-0026-U1,2026-09-13,DEMO-CASH_MONKEY-20260913-0026,Hardcover regional cookbook,Books,GW-002,DEMO-CASH_MONKEY-0026,277 - Goodwill Michiana (Stores),eBay,1,67.10,3.99,0.00,6.71,64.38,cash_monkey_replica,true,one row per unit,2026-09-13,UTC,USD
CM-20260913-0027,CM-20260913-0027-U1,2026-09-13,DEMO-CASH_MONKEY-20260913-0027,Collected short stories,Books,GW-003,DEMO-CASH_MONKEY-0027,276 - Goodwill Michiana,Goodwillbooks,1,69.21,4.99,0.00,6.92,67.28,cash_monkey_replica,true,one row per unit,2026-09-13,UTC,USD
CM-20260913-0028,CM-20260913-0028-U1,2026-09-13,DEMO-CASH_MONKEY-20260913-0028,Paperback history,Books,GW-004,DEMO-CASH_MONKEY-0028,277 - Goodwill Michiana (Stores),Amazon-MF,1,71.32,5.99,0.00,7.13,70.18,cash_monkey_replica,true,one row per unit,2026-09-13,UTC,USD
CM-20260913-0029,CM-20260913-0029-U1,2026-09-13,DEMO-CASH_MONKEY-20260913-0029,Engineering reference manual,Books,GW-005,DEMO-CASH_MONKEY-0029,276 - Goodwill Michiana,eBay,1,73.43,6.99,0.00,7.34,73.08,cash_monkey_replica,true,one row per unit,2026-09-13,UTC,USD
CM-20260913-0030,CM-20260913-0030-U1,2026-09-13,DEMO-CASH_MONKEY-20260913-0030,Hardcover regional cookbook,Books,GW-006,DEMO-CASH_MONKEY-0030,277 - Goodwill Michiana (Stores),Goodwillbooks,1,75.54,7.99,0.00,7.55,75.98,cash_monkey_replica,true,one row per unit,2026-09-13,UTC,USD
CM-20260914-0001,CM-20260914-0001-U1,2026-09-14,DEMO-CASH_MONKEY-20260914-0001,Engineering reference manual,Books,GW-001,DEMO-CASH_MONKEY-0001,276 - Goodwill Michiana,Amazon-MF,1,15.72,3.99,7.86,1.57,10.28,cash_monkey_replica,true,one row per unit,2026-09-14,UTC,USD
CM-20260914-0001,CM-20260914-0001-U2,2026-09-14,DEMO-CASH_MONKEY-20260914-0001,Engineering reference manual,Books,GW-001,DEMO-CASH_MONKEY-0001,276 - Goodwill Michiana,Amazon-MF,1,15.72,3.99,7.86,1.57,10.28,cash_monkey_replica,true,one row per unit,2026-09-14,UTC,USD
CM-20260914-0002,CM-20260914-0002-U1,2026-09-14,DEMO-CASH_MONKEY-20260914-0002,Hardcover regional cookbook,Books,GW-002,DEMO-CASH_MONKEY-0002,277 - Goodwill Michiana (Stores),eBay,1,17.83,4.99,0.00,1.78,21.04,cash_monkey_replica,true,one row per unit,2026-09-14,UTC,USD
CM-20260914-0003,CM-20260914-0003-U1,2026-09-14,DEMO-CASH_MONKEY-20260914-0003,Collected short stories,Books,GW-003,DEMO-CASH_MONKEY-0003,276 - Goodwill Michiana,Goodwillbooks,1,19.94,5.99,0.00,1.99,23.94,cash_monkey_replica,true,one row per unit,2026-09-14,UTC,USD
CM-20260914-0004,CM-20260914-0004-U1,2026-09-14,DEMO-CASH_MONKEY-20260914-0004,Paperback history,Books,GW-004,DEMO-CASH_MONKEY-0004,277 - Goodwill Michiana (Stores),Amazon-MF,1,22.05,6.99,0.00,2.20,26.84,cash_monkey_replica,true,one row per unit,2026-09-14,UTC,USD
CM-20260914-0005,CM-20260914-0005-U1,2026-09-14,DEMO-CASH_MONKEY-20260914-0005,Engineering reference manual,Books,GW-005,DEMO-CASH_MONKEY-0005,276 - Goodwill Michiana,eBay,1,24.16,7.99,0.00,2.41,29.74,cash_monkey_replica,true,one row per unit,2026-09-14,UTC,USD
CM-20260914-0006,CM-20260914-0006-U1,2026-09-14,DEMO-CASH_MONKEY-20260914-0006,Hardcover regional cookbook,Books,GW-006,DEMO-CASH_MONKEY-0006,277 - Goodwill Michiana (Stores),Goodwillbooks,1,26.27,3.99,0.00,2.62,27.64,cash_monkey_replica,true,one row per unit,2026-09-14,UTC,USD
CM-20260914-0007,CM-20260914-0007-U1,2026-09-14,DEMO-CASH_MONKEY-20260914-0007,Collected short stories,Books,GW-007,DEMO-CASH_MONKEY-0007,276 - Goodwill Michiana,Amazon-MF,1,28.38,4.99,0.00,2.83,30.54,cash_monkey_replica,true,one row per unit,2026-09-14,UTC,USD
CM-20260914-0008,CM-20260914-0008-U1,2026-09-14,DEMO-CASH_MONKEY-20260914-0008,Paperback history,Books,GW-008,DEMO-CASH_MONKEY-0008,277 - Goodwill Michiana (Stores),eBay,1,30.49,5.99,0.00,3.04,33.44,cash_monkey_replica,true,one row per unit,2026-09-14,UTC,USD
CM-20260914-0009,CM-20260914-0009-U1,2026-09-14,DEMO-CASH_MONKEY-20260914-0009,Engineering reference manual,Books,GW-009,DEMO-CASH_MONKEY-0009,276 - Goodwill Michiana,Goodwillbooks,1,32.60,6.99,0.00,3.26,36.33,cash_monkey_replica,true,one row per unit,2026-09-14,UTC,USD
CM-20260914-0010,CM-20260914-0010-U1,2026-09-14,DEMO-CASH_MONKEY-20260914-0010,Hardcover regional cookbook,Books,GW-010,DEMO-CASH_MONKEY-0010,277 - Goodwill Michiana (Stores),Amazon-MF,1,34.71,7.99,0.00,3.47,39.23,cash_monkey_replica,true,one row per unit,2026-09-14,UTC,USD
CM-20260914-0011,CM-20260914-0011-U1,2026-09-14,DEMO-CASH_MONKEY-20260914-0011,Collected short stories,Books,GW-011,DEMO-CASH_MONKEY-0011,276 - Goodwill Michiana,eBay,1,36.82,3.99,0.00,3.68,37.13,cash_monkey_replica,true,one row per unit,2026-09-14,UTC,USD
CM-20260914-0012,CM-20260914-0012-U1,2026-09-14,DEMO-CASH_MONKEY-20260914-0012,Paperback history,Books,GW-012,DEMO-CASH_MONKEY-0012,277 - Goodwill Michiana (Stores),Goodwillbooks,1,38.93,4.99,0.00,3.89,40.03,cash_monkey_replica,true,one row per unit,2026-09-14,UTC,USD
CM-20260914-0013,CM-20260914-0013-U1,2026-09-14,DEMO-CASH_MONKEY-20260914-0013,Engineering reference manual,Books,GW-013,DEMO-CASH_MONKEY-0013,276 - Goodwill Michiana,Amazon-MF,1,41.04,5.99,0.00,4.10,42.93,cash_monkey_replica,true,one row per unit,2026-09-14,UTC,USD
CM-20260914-0014,CM-20260914-0014-U1,2026-09-14,DEMO-CASH_MONKEY-20260914-0014,Hardcover regional cookbook,Books,GW-014,DEMO-CASH_MONKEY-0014,277 - Goodwill Michiana (Stores),eBay,1,43.15,6.99,0.00,4.31,45.83,cash_monkey_replica,true,one row per unit,2026-09-14,UTC,USD
CM-20260914-0015,CM-20260914-0015-U1,2026-09-14,DEMO-CASH_MONKEY-20260914-0015,Collected short stories,Books,GW-015,DEMO-CASH_MONKEY-0015,276 - Goodwill Michiana,Goodwillbooks,1,45.26,7.99,0.00,4.52,48.73,cash_monkey_replica,true,one row per unit,2026-09-14,UTC,USD
CM-20260914-0016,CM-20260914-0016-U1,2026-09-14,DEMO-CASH_MONKEY-20260914-0016,Paperback history,Books,GW-016,DEMO-CASH_MONKEY-0016,277 - Goodwill Michiana (Stores),Amazon-MF,1,47.37,3.99,0.00,4.73,46.63,cash_monkey_replica,true,one row per unit,2026-09-14,UTC,USD
CM-20260914-0016,CM-20260914-0016-U2,2026-09-14,DEMO-CASH_MONKEY-20260914-0016,Paperback history,Books,GW-016,DEMO-CASH_MONKEY-0016,277 - Goodwill Michiana (Stores),Amazon-MF,1,47.37,3.99,0.00,4.73,46.63,cash_monkey_replica,true,one row per unit,2026-09-14,UTC,USD
CM-20260914-0017,CM-20260914-0017-U1,2026-09-14,DEMO-CASH_MONKEY-20260914-0017,Engineering reference manual,Books,GW-017,DEMO-CASH_MONKEY-0017,276 - Goodwill Michiana,eBay,1,49.48,4.99,0.00,4.94,49.53,cash_monkey_replica,true,one row per unit,2026-09-14,UTC,USD
CM-20260914-0018,CM-20260914-0018-U1,2026-09-14,DEMO-CASH_MONKEY-20260914-0018,Hardcover regional cookbook,Books,GW-018,DEMO-CASH_MONKEY-0018,277 - Goodwill Michiana (Stores),Goodwillbooks,1,51.59,5.99,25.79,5.15,26.64,cash_monkey_replica,true,one row per unit,2026-09-14,UTC,USD
CM-20260914-0019,CM-20260914-0019-U1,2026-09-14,DEMO-CASH_MONKEY-20260914-0019,Collected short stories,Books,GW-019,DEMO-CASH_MONKEY-0019,276 - Goodwill Michiana,Amazon-MF,1,53.70,6.99,0.00,5.37,55.32,cash_monkey_replica,true,one row per unit,2026-09-14,UTC,USD
CM-20260914-0020,CM-20260914-0020-U1,2026-09-14,DEMO-CASH_MONKEY-20260914-0020,Paperback history,Books,GW-020,DEMO-CASH_MONKEY-0020,277 - Goodwill Michiana (Stores),eBay,1,55.81,7.99,0.00,5.58,58.22,cash_monkey_replica,true,one row per unit,2026-09-14,UTC,USD
CM-20260914-0021,CM-20260914-0021-U1,2026-09-14,DEMO-CASH_MONKEY-20260914-0021,Engineering reference manual,Books,GW-021,DEMO-CASH_MONKEY-0021,276 - Goodwill Michiana,Goodwillbooks,1,57.92,3.99,0.00,5.79,56.12,cash_monkey_replica,true,one row per unit,2026-09-14,UTC,USD
CM-20260914-0022,CM-20260914-0022-U1,2026-09-14,DEMO-CASH_MONKEY-20260914-0022,Hardcover regional cookbook,Books,GW-022,DEMO-CASH_MONKEY-0022,277 - Goodwill Michiana (Stores),Amazon-MF,1,60.03,4.99,0.00,6.00,59.02,cash_monkey_replica,true,one row per unit,2026-09-14,UTC,USD
CM-20260914-0023,CM-20260914-0023-U1,2026-09-14,DEMO-CASH_MONKEY-20260914-0023,Collected short stories,Books,GW-023,DEMO-CASH_MONKEY-0023,276 - Goodwill Michiana,eBay,1,62.14,5.99,0.00,6.21,61.92,cash_monkey_replica,true,one row per unit,2026-09-14,UTC,USD
CM-20260914-0024,CM-20260914-0024-U1,2026-09-14,DEMO-CASH_MONKEY-20260914-0024,Paperback history,Books,GW-024,DEMO-CASH_MONKEY-0024,277 - Goodwill Michiana (Stores),Goodwillbooks,1,64.25,6.99,0.00,6.42,64.82,cash_monkey_replica,true,one row per unit,2026-09-14,UTC,USD
CM-20260914-0025,CM-20260914-0025-U1,2026-09-14,DEMO-CASH_MONKEY-20260914-0025,Engineering reference manual,Books,GW-001,DEMO-CASH_MONKEY-0025,276 - Goodwill Michiana,Amazon-MF,1,66.36,7.99,0.00,6.63,67.72,cash_monkey_replica,true,one row per unit,2026-09-14,UTC,USD
CM-20260914-0026,CM-20260914-0026-U1,2026-09-14,DEMO-CASH_MONKEY-20260914-0026,Hardcover regional cookbook,Books,GW-002,DEMO-CASH_MONKEY-0026,277 - Goodwill Michiana (Stores),eBay,1,68.47,3.99,0.00,6.84,65.62,cash_monkey_replica,true,one row per unit,2026-09-14,UTC,USD
CM-20260914-0027,CM-20260914-0027-U1,2026-09-14,DEMO-CASH_MONKEY-20260914-0027,Collected short stories,Books,GW-003,DEMO-CASH_MONKEY-0027,276 - Goodwill Michiana,Goodwillbooks,1,70.58,4.99,0.00,7.05,68.52,cash_monkey_replica,true,one row per unit,2026-09-14,UTC,USD
CM-20260914-0028,CM-20260914-0028-U1,2026-09-14,DEMO-CASH_MONKEY-20260914-0028,Paperback history,Books,GW-004,DEMO-CASH_MONKEY-0028,277 - Goodwill Michiana (Stores),Amazon-MF,1,72.69,5.99,0.00,7.26,71.42,cash_monkey_replica,true,one row per unit,2026-09-14,UTC,USD
CM-20260914-0029,CM-20260914-0029-U1,2026-09-14,DEMO-CASH_MONKEY-20260914-0029,Engineering reference manual,Books,GW-005,DEMO-CASH_MONKEY-0029,276 - Goodwill Michiana,eBay,1,74.80,6.99,0.00,7.48,74.31,cash_monkey_replica,true,one row per unit,2026-09-14,UTC,USD
CM-20260914-0030,CM-20260914-0030-U1,2026-09-14,DEMO-CASH_MONKEY-20260914-0030,Hardcover regional cookbook,Books,GW-006,DEMO-CASH_MONKEY-0030,277 - Goodwill Michiana (Stores),Goodwillbooks,1,76.91,7.99,0.00,7.69,77.21,cash_monkey_replica,true,one row per unit,2026-09-14,UTC,USD
CM-20260915-0001,CM-20260915-0001-U1,2026-09-15,DEMO-CASH_MONKEY-20260915-0001,Engineering reference manual,Books,GW-001,DEMO-CASH_MONKEY-0001,276 - Goodwill Michiana,Amazon-MF,1,17.09,3.99,8.54,1.70,10.84,cash_monkey_replica,true,one row per unit,2026-09-15,UTC,USD
CM-20260915-0001,CM-20260915-0001-U2,2026-09-15,DEMO-CASH_MONKEY-20260915-0001,Engineering reference manual,Books,GW-001,DEMO-CASH_MONKEY-0001,276 - Goodwill Michiana,Amazon-MF,1,17.09,3.99,8.54,1.70,10.84,cash_monkey_replica,true,one row per unit,2026-09-15,UTC,USD
CM-20260915-0002,CM-20260915-0002-U1,2026-09-15,DEMO-CASH_MONKEY-20260915-0002,Hardcover regional cookbook,Books,GW-002,DEMO-CASH_MONKEY-0002,277 - Goodwill Michiana (Stores),eBay,1,19.20,4.99,0.00,1.92,22.27,cash_monkey_replica,true,one row per unit,2026-09-15,UTC,USD
CM-20260915-0003,CM-20260915-0003-U1,2026-09-15,DEMO-CASH_MONKEY-20260915-0003,Collected short stories,Books,GW-003,DEMO-CASH_MONKEY-0003,276 - Goodwill Michiana,Goodwillbooks,1,21.31,5.99,0.00,2.13,25.17,cash_monkey_replica,true,one row per unit,2026-09-15,UTC,USD
CM-20260915-0004,CM-20260915-0004-U1,2026-09-15,DEMO-CASH_MONKEY-20260915-0004,Paperback history,Books,GW-004,DEMO-CASH_MONKEY-0004,277 - Goodwill Michiana (Stores),Amazon-MF,1,23.42,6.99,0.00,2.34,28.07,cash_monkey_replica,true,one row per unit,2026-09-15,UTC,USD
CM-20260915-0005,CM-20260915-0005-U1,2026-09-15,DEMO-CASH_MONKEY-20260915-0005,Engineering reference manual,Books,GW-005,DEMO-CASH_MONKEY-0005,276 - Goodwill Michiana,eBay,1,25.53,7.99,0.00,2.55,30.97,cash_monkey_replica,true,one row per unit,2026-09-15,UTC,USD
CM-20260915-0006,CM-20260915-0006-U1,2026-09-15,DEMO-CASH_MONKEY-20260915-0006,Hardcover regional cookbook,Books,GW-006,DEMO-CASH_MONKEY-0006,277 - Goodwill Michiana (Stores),Goodwillbooks,1,27.64,3.99,0.00,2.76,28.87,cash_monkey_replica,true,one row per unit,2026-09-15,UTC,USD
CM-20260915-0007,CM-20260915-0007-U1,2026-09-15,DEMO-CASH_MONKEY-20260915-0007,Collected short stories,Books,GW-007,DEMO-CASH_MONKEY-0007,276 - Goodwill Michiana,Amazon-MF,1,29.75,4.99,0.00,2.97,31.77,cash_monkey_replica,true,one row per unit,2026-09-15,UTC,USD
CM-20260915-0008,CM-20260915-0008-U1,2026-09-15,DEMO-CASH_MONKEY-20260915-0008,Paperback history,Books,GW-008,DEMO-CASH_MONKEY-0008,277 - Goodwill Michiana (Stores),eBay,1,31.86,5.99,0.00,3.18,34.67,cash_monkey_replica,true,one row per unit,2026-09-15,UTC,USD
CM-20260915-0009,CM-20260915-0009-U1,2026-09-15,DEMO-CASH_MONKEY-20260915-0009,Engineering reference manual,Books,GW-009,DEMO-CASH_MONKEY-0009,276 - Goodwill Michiana,Goodwillbooks,1,33.97,6.99,0.00,3.39,37.57,cash_monkey_replica,true,one row per unit,2026-09-15,UTC,USD
CM-20260915-0010,CM-20260915-0010-U1,2026-09-15,DEMO-CASH_MONKEY-20260915-0010,Hardcover regional cookbook,Books,GW-010,DEMO-CASH_MONKEY-0010,277 - Goodwill Michiana (Stores),Amazon-MF,1,36.08,7.99,0.00,3.60,40.47,cash_monkey_replica,true,one row per unit,2026-09-15,UTC,USD
CM-20260915-0011,CM-20260915-0011-U1,2026-09-15,DEMO-CASH_MONKEY-20260915-0011,Collected short stories,Books,GW-011,DEMO-CASH_MONKEY-0011,276 - Goodwill Michiana,eBay,1,38.19,3.99,0.00,3.81,38.37,cash_monkey_replica,true,one row per unit,2026-09-15,UTC,USD
CM-20260915-0012,CM-20260915-0012-U1,2026-09-15,DEMO-CASH_MONKEY-20260915-0012,Paperback history,Books,GW-012,DEMO-CASH_MONKEY-0012,277 - Goodwill Michiana (Stores),Goodwillbooks,1,40.30,4.99,0.00,4.03,41.26,cash_monkey_replica,true,one row per unit,2026-09-15,UTC,USD
CM-20260915-0013,CM-20260915-0013-U1,2026-09-15,DEMO-CASH_MONKEY-20260915-0013,Engineering reference manual,Books,GW-013,DEMO-CASH_MONKEY-0013,276 - Goodwill Michiana,Amazon-MF,1,42.41,5.99,0.00,4.24,44.16,cash_monkey_replica,true,one row per unit,2026-09-15,UTC,USD
CM-20260915-0014,CM-20260915-0014-U1,2026-09-15,DEMO-CASH_MONKEY-20260915-0014,Hardcover regional cookbook,Books,GW-014,DEMO-CASH_MONKEY-0014,277 - Goodwill Michiana (Stores),eBay,1,44.52,6.99,0.00,4.45,47.06,cash_monkey_replica,true,one row per unit,2026-09-15,UTC,USD
CM-20260915-0015,CM-20260915-0015-U1,2026-09-15,DEMO-CASH_MONKEY-20260915-0015,Collected short stories,Books,GW-015,DEMO-CASH_MONKEY-0015,276 - Goodwill Michiana,Goodwillbooks,1,46.63,7.99,0.00,4.66,49.96,cash_monkey_replica,true,one row per unit,2026-09-15,UTC,USD
CM-20260915-0016,CM-20260915-0016-U1,2026-09-15,DEMO-CASH_MONKEY-20260915-0016,Paperback history,Books,GW-016,DEMO-CASH_MONKEY-0016,277 - Goodwill Michiana (Stores),Amazon-MF,1,48.74,3.99,0.00,4.87,47.86,cash_monkey_replica,true,one row per unit,2026-09-15,UTC,USD
CM-20260915-0016,CM-20260915-0016-U2,2026-09-15,DEMO-CASH_MONKEY-20260915-0016,Paperback history,Books,GW-016,DEMO-CASH_MONKEY-0016,277 - Goodwill Michiana (Stores),Amazon-MF,1,48.74,3.99,0.00,4.87,47.86,cash_monkey_replica,true,one row per unit,2026-09-15,UTC,USD
CM-20260915-0017,CM-20260915-0017-U1,2026-09-15,DEMO-CASH_MONKEY-20260915-0017,Engineering reference manual,Books,GW-017,DEMO-CASH_MONKEY-0017,276 - Goodwill Michiana,eBay,1,50.85,4.99,0.00,5.08,50.76,cash_monkey_replica,true,one row per unit,2026-09-15,UTC,USD
CM-20260915-0018,CM-20260915-0018-U1,2026-09-15,DEMO-CASH_MONKEY-20260915-0018,Hardcover regional cookbook,Books,GW-018,DEMO-CASH_MONKEY-0018,277 - Goodwill Michiana (Stores),Goodwillbooks,1,52.96,5.99,26.48,5.29,27.18,cash_monkey_replica,true,one row per unit,2026-09-15,UTC,USD
CM-20260915-0019,CM-20260915-0019-U1,2026-09-15,DEMO-CASH_MONKEY-20260915-0019,Collected short stories,Books,GW-019,DEMO-CASH_MONKEY-0019,276 - Goodwill Michiana,Amazon-MF,1,55.07,6.99,0.00,5.50,56.56,cash_monkey_replica,true,one row per unit,2026-09-15,UTC,USD
CM-20260915-0020,CM-20260915-0020-U1,2026-09-15,DEMO-CASH_MONKEY-20260915-0020,Paperback history,Books,GW-020,DEMO-CASH_MONKEY-0020,277 - Goodwill Michiana (Stores),eBay,1,57.18,7.99,0.00,5.71,59.46,cash_monkey_replica,true,one row per unit,2026-09-15,UTC,USD
CM-20260915-0021,CM-20260915-0021-U1,2026-09-15,DEMO-CASH_MONKEY-20260915-0021,Engineering reference manual,Books,GW-021,DEMO-CASH_MONKEY-0021,276 - Goodwill Michiana,Goodwillbooks,1,59.29,3.99,0.00,5.92,57.36,cash_monkey_replica,true,one row per unit,2026-09-15,UTC,USD
CM-20260915-0022,CM-20260915-0022-U1,2026-09-15,DEMO-CASH_MONKEY-20260915-0022,Hardcover regional cookbook,Books,GW-022,DEMO-CASH_MONKEY-0022,277 - Goodwill Michiana (Stores),Amazon-MF,1,61.40,4.99,0.00,6.14,60.25,cash_monkey_replica,true,one row per unit,2026-09-15,UTC,USD
CM-20260915-0023,CM-20260915-0023-U1,2026-09-15,DEMO-CASH_MONKEY-20260915-0023,Collected short stories,Books,GW-023,DEMO-CASH_MONKEY-0023,276 - Goodwill Michiana,eBay,1,63.51,5.99,0.00,6.35,63.15,cash_monkey_replica,true,one row per unit,2026-09-15,UTC,USD
CM-20260915-0024,CM-20260915-0024-U1,2026-09-15,DEMO-CASH_MONKEY-20260915-0024,Paperback history,Books,GW-024,DEMO-CASH_MONKEY-0024,277 - Goodwill Michiana (Stores),Goodwillbooks,1,65.62,6.99,0.00,6.56,66.05,cash_monkey_replica,true,one row per unit,2026-09-15,UTC,USD
CM-20260915-0025,CM-20260915-0025-U1,2026-09-15,DEMO-CASH_MONKEY-20260915-0025,Engineering reference manual,Books,GW-001,DEMO-CASH_MONKEY-0025,276 - Goodwill Michiana,Amazon-MF,1,67.73,7.99,0.00,6.77,68.95,cash_monkey_replica,true,one row per unit,2026-09-15,UTC,USD
CM-20260915-0026,CM-20260915-0026-U1,2026-09-15,DEMO-CASH_MONKEY-20260915-0026,Hardcover regional cookbook,Books,GW-002,DEMO-CASH_MONKEY-0026,277 - Goodwill Michiana (Stores),eBay,1,69.84,3.99,0.00,6.98,66.85,cash_monkey_replica,true,one row per unit,2026-09-15,UTC,USD
CM-20260915-0027,CM-20260915-0027-U1,2026-09-15,DEMO-CASH_MONKEY-20260915-0027,Collected short stories,Books,GW-003,DEMO-CASH_MONKEY-0027,276 - Goodwill Michiana,Goodwillbooks,1,71.95,4.99,0.00,7.19,69.75,cash_monkey_replica,true,one row per unit,2026-09-15,UTC,USD
CM-20260915-0028,CM-20260915-0028-U1,2026-09-15,DEMO-CASH_MONKEY-20260915-0028,Paperback history,Books,GW-004,DEMO-CASH_MONKEY-0028,277 - Goodwill Michiana (Stores),Amazon-MF,1,74.06,5.99,0.00,7.40,72.65,cash_monkey_replica,true,one row per unit,2026-09-15,UTC,USD
CM-20260915-0029,CM-20260915-0029-U1,2026-09-15,DEMO-CASH_MONKEY-20260915-0029,Engineering reference manual,Books,GW-005,DEMO-CASH_MONKEY-0029,276 - Goodwill Michiana,eBay,1,76.17,6.99,0.00,7.61,75.55,cash_monkey_replica,true,one row per unit,2026-09-15,UTC,USD
CM-20260915-0030,CM-20260915-0030-U1,2026-09-15,DEMO-CASH_MONKEY-20260915-0030,Hardcover regional cookbook,Books,GW-006,DEMO-CASH_MONKEY-0030,277 - Goodwill Michiana (Stores),Goodwillbooks,1,78.28,7.99,0.00,7.82,78.45,cash_monkey_replica,true,one row per unit,2026-09-15,UTC,USD
CM-20260916-0001,CM-20260916-0001-U1,2026-09-16,DEMO-CASH_MONKEY-20260916-0001,Engineering reference manual,Books,GW-001,DEMO-CASH_MONKEY-0001,276 - Goodwill Michiana,Amazon-MF,1,18.46,3.99,9.23,1.84,11.38,cash_monkey_replica,true,one row per unit,2026-09-16,UTC,USD
CM-20260916-0001,CM-20260916-0001-U2,2026-09-16,DEMO-CASH_MONKEY-20260916-0001,Engineering reference manual,Books,GW-001,DEMO-CASH_MONKEY-0001,276 - Goodwill Michiana,Amazon-MF,1,18.46,3.99,9.23,1.84,11.38,cash_monkey_replica,true,one row per unit,2026-09-16,UTC,USD
CM-20260916-0002,CM-20260916-0002-U1,2026-09-16,DEMO-CASH_MONKEY-20260916-0002,Hardcover regional cookbook,Books,GW-002,DEMO-CASH_MONKEY-0002,277 - Goodwill Michiana (Stores),eBay,1,20.57,4.99,0.00,2.05,23.51,cash_monkey_replica,true,one row per unit,2026-09-16,UTC,USD
CM-20260916-0003,CM-20260916-0003-U1,2026-09-16,DEMO-CASH_MONKEY-20260916-0003,Collected short stories,Books,GW-003,DEMO-CASH_MONKEY-0003,276 - Goodwill Michiana,Goodwillbooks,1,22.68,5.99,0.00,2.26,26.41,cash_monkey_replica,true,one row per unit,2026-09-16,UTC,USD
CM-20260916-0004,CM-20260916-0004-U1,2026-09-16,DEMO-CASH_MONKEY-20260916-0004,Paperback history,Books,GW-004,DEMO-CASH_MONKEY-0004,277 - Goodwill Michiana (Stores),Amazon-MF,1,24.79,6.99,0.00,2.47,29.31,cash_monkey_replica,true,one row per unit,2026-09-16,UTC,USD
CM-20260916-0005,CM-20260916-0005-U1,2026-09-16,DEMO-CASH_MONKEY-20260916-0005,Engineering reference manual,Books,GW-005,DEMO-CASH_MONKEY-0005,276 - Goodwill Michiana,eBay,1,26.90,7.99,0.00,2.69,32.20,cash_monkey_replica,true,one row per unit,2026-09-16,UTC,USD
CM-20260916-0006,CM-20260916-0006-U1,2026-09-16,DEMO-CASH_MONKEY-20260916-0006,Hardcover regional cookbook,Books,GW-006,DEMO-CASH_MONKEY-0006,277 - Goodwill Michiana (Stores),Goodwillbooks,1,29.01,3.99,0.00,2.90,30.10,cash_monkey_replica,true,one row per unit,2026-09-16,UTC,USD
CM-20260916-0007,CM-20260916-0007-U1,2026-09-16,DEMO-CASH_MONKEY-20260916-0007,Collected short stories,Books,GW-007,DEMO-CASH_MONKEY-0007,276 - Goodwill Michiana,Amazon-MF,1,31.12,4.99,0.00,3.11,33.00,cash_monkey_replica,true,one row per unit,2026-09-16,UTC,USD
CM-20260916-0008,CM-20260916-0008-U1,2026-09-16,DEMO-CASH_MONKEY-20260916-0008,Paperback history,Books,GW-008,DEMO-CASH_MONKEY-0008,277 - Goodwill Michiana (Stores),eBay,1,33.23,5.99,0.00,3.32,35.90,cash_monkey_replica,true,one row per unit,2026-09-16,UTC,USD
CM-20260916-0009,CM-20260916-0009-U1,2026-09-16,DEMO-CASH_MONKEY-20260916-0009,Engineering reference manual,Books,GW-009,DEMO-CASH_MONKEY-0009,276 - Goodwill Michiana,Goodwillbooks,1,35.34,6.99,0.00,3.53,38.80,cash_monkey_replica,true,one row per unit,2026-09-16,UTC,USD
CM-20260916-0010,CM-20260916-0010-U1,2026-09-16,DEMO-CASH_MONKEY-20260916-0010,Hardcover regional cookbook,Books,GW-010,DEMO-CASH_MONKEY-0010,277 - Goodwill Michiana (Stores),Amazon-MF,1,37.45,7.99,0.00,3.74,41.70,cash_monkey_replica,true,one row per unit,2026-09-16,UTC,USD
CM-20260916-0011,CM-20260916-0011-U1,2026-09-16,DEMO-CASH_MONKEY-20260916-0011,Collected short stories,Books,GW-011,DEMO-CASH_MONKEY-0011,276 - Goodwill Michiana,eBay,1,39.56,3.99,0.00,3.95,39.60,cash_monkey_replica,true,one row per unit,2026-09-16,UTC,USD
CM-20260916-0012,CM-20260916-0012-U1,2026-09-16,DEMO-CASH_MONKEY-20260916-0012,Paperback history,Books,GW-012,DEMO-CASH_MONKEY-0012,277 - Goodwill Michiana (Stores),Goodwillbooks,1,41.67,4.99,0.00,4.16,42.50,cash_monkey_replica,true,one row per unit,2026-09-16,UTC,USD
CM-20260916-0013,CM-20260916-0013-U1,2026-09-16,DEMO-CASH_MONKEY-20260916-0013,Engineering reference manual,Books,GW-013,DEMO-CASH_MONKEY-0013,276 - Goodwill Michiana,Amazon-MF,1,43.78,5.99,0.00,4.37,45.40,cash_monkey_replica,true,one row per unit,2026-09-16,UTC,USD
CM-20260916-0014,CM-20260916-0014-U1,2026-09-16,DEMO-CASH_MONKEY-20260916-0014,Hardcover regional cookbook,Books,GW-014,DEMO-CASH_MONKEY-0014,277 - Goodwill Michiana (Stores),eBay,1,45.89,6.99,0.00,4.58,48.30,cash_monkey_replica,true,one row per unit,2026-09-16,UTC,USD
CM-20260916-0015,CM-20260916-0015-U1,2026-09-16,DEMO-CASH_MONKEY-20260916-0015,Collected short stories,Books,GW-015,DEMO-CASH_MONKEY-0015,276 - Goodwill Michiana,Goodwillbooks,1,48.00,7.99,0.00,4.80,51.19,cash_monkey_replica,true,one row per unit,2026-09-16,UTC,USD
CM-20260916-0016,CM-20260916-0016-U1,2026-09-16,DEMO-CASH_MONKEY-20260916-0016,Paperback history,Books,GW-016,DEMO-CASH_MONKEY-0016,277 - Goodwill Michiana (Stores),Amazon-MF,1,50.11,3.99,0.00,5.01,49.09,cash_monkey_replica,true,one row per unit,2026-09-16,UTC,USD
CM-20260916-0016,CM-20260916-0016-U2,2026-09-16,DEMO-CASH_MONKEY-20260916-0016,Paperback history,Books,GW-016,DEMO-CASH_MONKEY-0016,277 - Goodwill Michiana (Stores),Amazon-MF,1,50.11,3.99,0.00,5.01,49.09,cash_monkey_replica,true,one row per unit,2026-09-16,UTC,USD
CM-20260916-0017,CM-20260916-0017-U1,2026-09-16,DEMO-CASH_MONKEY-20260916-0017,Engineering reference manual,Books,GW-017,DEMO-CASH_MONKEY-0017,276 - Goodwill Michiana,eBay,1,52.22,4.99,0.00,5.22,51.99,cash_monkey_replica,true,one row per unit,2026-09-16,UTC,USD
CM-20260916-0018,CM-20260916-0018-U1,2026-09-16,DEMO-CASH_MONKEY-20260916-0018,Hardcover regional cookbook,Books,GW-018,DEMO-CASH_MONKEY-0018,277 - Goodwill Michiana (Stores),Goodwillbooks,1,54.33,5.99,27.16,5.43,27.73,cash_monkey_replica,true,one row per unit,2026-09-16,UTC,USD
CM-20260916-0019,CM-20260916-0019-U1,2026-09-16,DEMO-CASH_MONKEY-20260916-0019,Collected short stories,Books,GW-019,DEMO-CASH_MONKEY-0019,276 - Goodwill Michiana,Amazon-MF,1,56.44,6.99,0.00,5.64,57.79,cash_monkey_replica,true,one row per unit,2026-09-16,UTC,USD
CM-20260916-0020,CM-20260916-0020-U1,2026-09-16,DEMO-CASH_MONKEY-20260916-0020,Paperback history,Books,GW-020,DEMO-CASH_MONKEY-0020,277 - Goodwill Michiana (Stores),eBay,1,58.55,7.99,0.00,5.85,60.69,cash_monkey_replica,true,one row per unit,2026-09-16,UTC,USD
CM-20260916-0021,CM-20260916-0021-U1,2026-09-16,DEMO-CASH_MONKEY-20260916-0021,Engineering reference manual,Books,GW-021,DEMO-CASH_MONKEY-0021,276 - Goodwill Michiana,Goodwillbooks,1,60.66,3.99,0.00,6.06,58.59,cash_monkey_replica,true,one row per unit,2026-09-16,UTC,USD
CM-20260916-0022,CM-20260916-0022-U1,2026-09-16,DEMO-CASH_MONKEY-20260916-0022,Hardcover regional cookbook,Books,GW-022,DEMO-CASH_MONKEY-0022,277 - Goodwill Michiana (Stores),Amazon-MF,1,62.77,4.99,0.00,6.27,61.49,cash_monkey_replica,true,one row per unit,2026-09-16,UTC,USD
CM-20260916-0023,CM-20260916-0023-U1,2026-09-16,DEMO-CASH_MONKEY-20260916-0023,Collected short stories,Books,GW-023,DEMO-CASH_MONKEY-0023,276 - Goodwill Michiana,eBay,1,64.88,5.99,0.00,6.48,64.39,cash_monkey_replica,true,one row per unit,2026-09-16,UTC,USD
CM-20260916-0024,CM-20260916-0024-U1,2026-09-16,DEMO-CASH_MONKEY-20260916-0024,Paperback history,Books,GW-024,DEMO-CASH_MONKEY-0024,277 - Goodwill Michiana (Stores),Goodwillbooks,1,66.99,6.99,0.00,6.69,67.29,cash_monkey_replica,true,one row per unit,2026-09-16,UTC,USD
CM-20260916-0025,CM-20260916-0025-U1,2026-09-16,DEMO-CASH_MONKEY-20260916-0025,Engineering reference manual,Books,GW-001,DEMO-CASH_MONKEY-0025,276 - Goodwill Michiana,Amazon-MF,1,69.10,7.99,0.00,6.91,70.18,cash_monkey_replica,true,one row per unit,2026-09-16,UTC,USD
CM-20260916-0026,CM-20260916-0026-U1,2026-09-16,DEMO-CASH_MONKEY-20260916-0026,Hardcover regional cookbook,Books,GW-002,DEMO-CASH_MONKEY-0026,277 - Goodwill Michiana (Stores),eBay,1,71.21,3.99,0.00,7.12,68.08,cash_monkey_replica,true,one row per unit,2026-09-16,UTC,USD
CM-20260916-0027,CM-20260916-0027-U1,2026-09-16,DEMO-CASH_MONKEY-20260916-0027,Collected short stories,Books,GW-003,DEMO-CASH_MONKEY-0027,276 - Goodwill Michiana,Goodwillbooks,1,73.32,4.99,0.00,7.33,70.98,cash_monkey_replica,true,one row per unit,2026-09-16,UTC,USD
CM-20260916-0028,CM-20260916-0028-U1,2026-09-16,DEMO-CASH_MONKEY-20260916-0028,Paperback history,Books,GW-004,DEMO-CASH_MONKEY-0028,277 - Goodwill Michiana (Stores),Amazon-MF,1,75.43,5.99,0.00,7.54,73.88,cash_monkey_replica,true,one row per unit,2026-09-16,UTC,USD
CM-20260916-0029,CM-20260916-0029-U1,2026-09-16,DEMO-CASH_MONKEY-20260916-0029,Engineering reference manual,Books,GW-005,DEMO-CASH_MONKEY-0029,276 - Goodwill Michiana,eBay,1,77.54,6.99,0.00,7.75,76.78,cash_monkey_replica,true,one row per unit,2026-09-16,UTC,USD
CM-20260916-0030,CM-20260916-0030-U1,2026-09-16,DEMO-CASH_MONKEY-20260916-0030,Hardcover regional cookbook,Books,GW-006,DEMO-CASH_MONKEY-0030,277 - Goodwill Michiana (Stores),Goodwillbooks,1,79.65,7.99,0.00,7.96,79.68,cash_monkey_replica,true,one row per unit,2026-09-16,UTC,USD
CM-20260917-0001,CM-20260917-0001-U1,2026-09-17,DEMO-CASH_MONKEY-20260917-0001,Engineering reference manual,Books,GW-001,DEMO-CASH_MONKEY-0001,276 - Goodwill Michiana,Amazon-MF,1,19.83,3.99,9.91,1.98,11.93,cash_monkey_replica,true,one row per unit,2026-09-17,UTC,USD
CM-20260917-0001,CM-20260917-0001-U2,2026-09-17,DEMO-CASH_MONKEY-20260917-0001,Engineering reference manual,Books,GW-001,DEMO-CASH_MONKEY-0001,276 - Goodwill Michiana,Amazon-MF,1,19.83,3.99,9.91,1.98,11.93,cash_monkey_replica,true,one row per unit,2026-09-17,UTC,USD
CM-20260917-0002,CM-20260917-0002-U1,2026-09-17,DEMO-CASH_MONKEY-20260917-0002,Hardcover regional cookbook,Books,GW-002,DEMO-CASH_MONKEY-0002,277 - Goodwill Michiana (Stores),eBay,1,21.94,4.99,0.00,2.19,24.74,cash_monkey_replica,true,one row per unit,2026-09-17,UTC,USD
CM-20260917-0003,CM-20260917-0003-U1,2026-09-17,DEMO-CASH_MONKEY-20260917-0003,Collected short stories,Books,GW-003,DEMO-CASH_MONKEY-0003,276 - Goodwill Michiana,Goodwillbooks,1,24.05,5.99,0.00,2.40,27.64,cash_monkey_replica,true,one row per unit,2026-09-17,UTC,USD
CM-20260917-0004,CM-20260917-0004-U1,2026-09-17,DEMO-CASH_MONKEY-20260917-0004,Paperback history,Books,GW-004,DEMO-CASH_MONKEY-0004,277 - Goodwill Michiana (Stores),Amazon-MF,1,26.16,6.99,0.00,2.61,30.54,cash_monkey_replica,true,one row per unit,2026-09-17,UTC,USD
CM-20260917-0005,CM-20260917-0005-U1,2026-09-17,DEMO-CASH_MONKEY-20260917-0005,Engineering reference manual,Books,GW-005,DEMO-CASH_MONKEY-0005,276 - Goodwill Michiana,eBay,1,28.27,7.99,0.00,2.82,33.44,cash_monkey_replica,true,one row per unit,2026-09-17,UTC,USD
CM-20260917-0006,CM-20260917-0006-U1,2026-09-17,DEMO-CASH_MONKEY-20260917-0006,Hardcover regional cookbook,Books,GW-006,DEMO-CASH_MONKEY-0006,277 - Goodwill Michiana (Stores),Goodwillbooks,1,30.38,3.99,0.00,3.03,31.34,cash_monkey_replica,true,one row per unit,2026-09-17,UTC,USD
CM-20260917-0007,CM-20260917-0007-U1,2026-09-17,DEMO-CASH_MONKEY-20260917-0007,Collected short stories,Books,GW-007,DEMO-CASH_MONKEY-0007,276 - Goodwill Michiana,Amazon-MF,1,32.49,4.99,0.00,3.24,34.24,cash_monkey_replica,true,one row per unit,2026-09-17,UTC,USD
CM-20260917-0008,CM-20260917-0008-U1,2026-09-17,DEMO-CASH_MONKEY-20260917-0008,Paperback history,Books,GW-008,DEMO-CASH_MONKEY-0008,277 - Goodwill Michiana (Stores),eBay,1,34.60,5.99,0.00,3.46,37.13,cash_monkey_replica,true,one row per unit,2026-09-17,UTC,USD
CM-20260917-0009,CM-20260917-0009-U1,2026-09-17,DEMO-CASH_MONKEY-20260917-0009,Engineering reference manual,Books,GW-009,DEMO-CASH_MONKEY-0009,276 - Goodwill Michiana,Goodwillbooks,1,36.71,6.99,0.00,3.67,40.03,cash_monkey_replica,true,one row per unit,2026-09-17,UTC,USD
CM-20260917-0010,CM-20260917-0010-U1,2026-09-17,DEMO-CASH_MONKEY-20260917-0010,Hardcover regional cookbook,Books,GW-010,DEMO-CASH_MONKEY-0010,277 - Goodwill Michiana (Stores),Amazon-MF,1,38.82,7.99,0.00,3.88,42.93,cash_monkey_replica,true,one row per unit,2026-09-17,UTC,USD
CM-20260917-0011,CM-20260917-0011-U1,2026-09-17,DEMO-CASH_MONKEY-20260917-0011,Collected short stories,Books,GW-011,DEMO-CASH_MONKEY-0011,276 - Goodwill Michiana,eBay,1,40.93,3.99,0.00,4.09,40.83,cash_monkey_replica,true,one row per unit,2026-09-17,UTC,USD
CM-20260917-0012,CM-20260917-0012-U1,2026-09-17,DEMO-CASH_MONKEY-20260917-0012,Paperback history,Books,GW-012,DEMO-CASH_MONKEY-0012,277 - Goodwill Michiana (Stores),Goodwillbooks,1,43.04,4.99,0.00,4.30,43.73,cash_monkey_replica,true,one row per unit,2026-09-17,UTC,USD
CM-20260917-0013,CM-20260917-0013-U1,2026-09-17,DEMO-CASH_MONKEY-20260917-0013,Engineering reference manual,Books,GW-013,DEMO-CASH_MONKEY-0013,276 - Goodwill Michiana,Amazon-MF,1,45.15,5.99,0.00,4.51,46.63,cash_monkey_replica,true,one row per unit,2026-09-17,UTC,USD
CM-20260917-0014,CM-20260917-0014-U1,2026-09-17,DEMO-CASH_MONKEY-20260917-0014,Hardcover regional cookbook,Books,GW-014,DEMO-CASH_MONKEY-0014,277 - Goodwill Michiana (Stores),eBay,1,47.26,6.99,0.00,4.72,49.53,cash_monkey_replica,true,one row per unit,2026-09-17,UTC,USD
CM-20260917-0015,CM-20260917-0015-U1,2026-09-17,DEMO-CASH_MONKEY-20260917-0015,Collected short stories,Books,GW-015,DEMO-CASH_MONKEY-0015,276 - Goodwill Michiana,Goodwillbooks,1,49.37,7.99,0.00,4.93,52.43,cash_monkey_replica,true,one row per unit,2026-09-17,UTC,USD
CM-20260917-0016,CM-20260917-0016-U1,2026-09-17,DEMO-CASH_MONKEY-20260917-0016,Paperback history,Books,GW-016,DEMO-CASH_MONKEY-0016,277 - Goodwill Michiana (Stores),Amazon-MF,1,51.48,3.99,0.00,5.14,50.33,cash_monkey_replica,true,one row per unit,2026-09-17,UTC,USD
CM-20260917-0016,CM-20260917-0016-U2,2026-09-17,DEMO-CASH_MONKEY-20260917-0016,Paperback history,Books,GW-016,DEMO-CASH_MONKEY-0016,277 - Goodwill Michiana (Stores),Amazon-MF,1,51.48,3.99,0.00,5.14,50.33,cash_monkey_replica,true,one row per unit,2026-09-17,UTC,USD
CM-20260917-0017,CM-20260917-0017-U1,2026-09-17,DEMO-CASH_MONKEY-20260917-0017,Engineering reference manual,Books,GW-017,DEMO-CASH_MONKEY-0017,276 - Goodwill Michiana,eBay,1,53.59,4.99,0.00,5.35,53.23,cash_monkey_replica,true,one row per unit,2026-09-17,UTC,USD
CM-20260917-0018,CM-20260917-0018-U1,2026-09-17,DEMO-CASH_MONKEY-20260917-0018,Hardcover regional cookbook,Books,GW-018,DEMO-CASH_MONKEY-0018,277 - Goodwill Michiana (Stores),Goodwillbooks,1,55.70,5.99,27.85,5.57,28.27,cash_monkey_replica,true,one row per unit,2026-09-17,UTC,USD
CM-20260917-0019,CM-20260917-0019-U1,2026-09-17,DEMO-CASH_MONKEY-20260917-0019,Collected short stories,Books,GW-019,DEMO-CASH_MONKEY-0019,276 - Goodwill Michiana,Amazon-MF,1,57.81,6.99,0.00,5.78,59.02,cash_monkey_replica,true,one row per unit,2026-09-17,UTC,USD
CM-20260917-0020,CM-20260917-0020-U1,2026-09-17,DEMO-CASH_MONKEY-20260917-0020,Paperback history,Books,GW-020,DEMO-CASH_MONKEY-0020,277 - Goodwill Michiana (Stores),eBay,1,59.92,7.99,0.00,5.99,61.92,cash_monkey_replica,true,one row per unit,2026-09-17,UTC,USD
CM-20260917-0021,CM-20260917-0021-U1,2026-09-17,DEMO-CASH_MONKEY-20260917-0021,Engineering reference manual,Books,GW-021,DEMO-CASH_MONKEY-0021,276 - Goodwill Michiana,Goodwillbooks,1,62.03,3.99,0.00,6.20,59.82,cash_monkey_replica,true,one row per unit,2026-09-17,UTC,USD
CM-20260917-0022,CM-20260917-0022-U1,2026-09-17,DEMO-CASH_MONKEY-20260917-0022,Hardcover regional cookbook,Books,GW-022,DEMO-CASH_MONKEY-0022,277 - Goodwill Michiana (Stores),Amazon-MF,1,64.14,4.99,0.00,6.41,62.72,cash_monkey_replica,true,one row per unit,2026-09-17,UTC,USD
CM-20260917-0023,CM-20260917-0023-U1,2026-09-17,DEMO-CASH_MONKEY-20260917-0023,Collected short stories,Books,GW-023,DEMO-CASH_MONKEY-0023,276 - Goodwill Michiana,eBay,1,66.25,5.99,0.00,6.62,65.62,cash_monkey_replica,true,one row per unit,2026-09-17,UTC,USD
CM-20260917-0024,CM-20260917-0024-U1,2026-09-17,DEMO-CASH_MONKEY-20260917-0024,Paperback history,Books,GW-024,DEMO-CASH_MONKEY-0024,277 - Goodwill Michiana (Stores),Goodwillbooks,1,68.36,6.99,0.00,6.83,68.52,cash_monkey_replica,true,one row per unit,2026-09-17,UTC,USD
CM-20260917-0025,CM-20260917-0025-U1,2026-09-17,DEMO-CASH_MONKEY-20260917-0025,Engineering reference manual,Books,GW-001,DEMO-CASH_MONKEY-0025,276 - Goodwill Michiana,Amazon-MF,1,70.47,7.99,0.00,7.04,71.42,cash_monkey_replica,true,one row per unit,2026-09-17,UTC,USD
CM-20260917-0026,CM-20260917-0026-U1,2026-09-17,DEMO-CASH_MONKEY-20260917-0026,Hardcover regional cookbook,Books,GW-002,DEMO-CASH_MONKEY-0026,277 - Goodwill Michiana (Stores),eBay,1,72.58,3.99,0.00,7.25,69.32,cash_monkey_replica,true,one row per unit,2026-09-17,UTC,USD
CM-20260917-0027,CM-20260917-0027-U1,2026-09-17,DEMO-CASH_MONKEY-20260917-0027,Collected short stories,Books,GW-003,DEMO-CASH_MONKEY-0027,276 - Goodwill Michiana,Goodwillbooks,1,74.69,4.99,0.00,7.46,72.22,cash_monkey_replica,true,one row per unit,2026-09-17,UTC,USD
CM-20260917-0028,CM-20260917-0028-U1,2026-09-17,DEMO-CASH_MONKEY-20260917-0028,Paperback history,Books,GW-004,DEMO-CASH_MONKEY-0028,277 - Goodwill Michiana (Stores),Amazon-MF,1,76.80,5.99,0.00,7.68,75.11,cash_monkey_replica,true,one row per unit,2026-09-17,UTC,USD
CM-20260917-0029,CM-20260917-0029-U1,2026-09-17,DEMO-CASH_MONKEY-20260917-0029,Engineering reference manual,Books,GW-005,DEMO-CASH_MONKEY-0029,276 - Goodwill Michiana,eBay,1,78.91,6.99,0.00,7.89,78.01,cash_monkey_replica,true,one row per unit,2026-09-17,UTC,USD
CM-20260917-0030,CM-20260917-0030-U1,2026-09-17,DEMO-CASH_MONKEY-20260917-0030,Hardcover regional cookbook,Books,GW-006,DEMO-CASH_MONKEY-0030,277 - Goodwill Michiana (Stores),Goodwillbooks,1,81.02,7.99,0.00,8.10,80.91,cash_monkey_replica,true,one row per unit,2026-09-17,UTC,USD
CM-20260918-0001,CM-20260918-0001-U1,2026-09-18,DEMO-CASH_MONKEY-20260918-0001,Engineering reference manual,Books,GW-001,DEMO-CASH_MONKEY-0001,276 - Goodwill Michiana,Amazon-MF,1,21.20,3.99,10.60,2.12,12.47,cash_monkey_replica,true,one row per unit,2026-09-18,UTC,USD
CM-20260918-0001,CM-20260918-0001-U2,2026-09-18,DEMO-CASH_MONKEY-20260918-0001,Engineering reference manual,Books,GW-001,DEMO-CASH_MONKEY-0001,276 - Goodwill Michiana,Amazon-MF,1,21.20,3.99,10.60,2.12,12.47,cash_monkey_replica,true,one row per unit,2026-09-18,UTC,USD
CM-20260918-0002,CM-20260918-0002-U1,2026-09-18,DEMO-CASH_MONKEY-20260918-0002,Hardcover regional cookbook,Books,GW-002,DEMO-CASH_MONKEY-0002,277 - Goodwill Michiana (Stores),eBay,1,23.31,4.99,0.00,2.33,25.97,cash_monkey_replica,true,one row per unit,2026-09-18,UTC,USD
CM-20260918-0003,CM-20260918-0003-U1,2026-09-18,DEMO-CASH_MONKEY-20260918-0003,Collected short stories,Books,GW-003,DEMO-CASH_MONKEY-0003,276 - Goodwill Michiana,Goodwillbooks,1,25.42,5.99,0.00,2.54,28.87,cash_monkey_replica,true,one row per unit,2026-09-18,UTC,USD
CM-20260918-0004,CM-20260918-0004-U1,2026-09-18,DEMO-CASH_MONKEY-20260918-0004,Paperback history,Books,GW-004,DEMO-CASH_MONKEY-0004,277 - Goodwill Michiana (Stores),Amazon-MF,1,27.53,6.99,0.00,2.75,31.77,cash_monkey_replica,true,one row per unit,2026-09-18,UTC,USD
CM-20260918-0005,CM-20260918-0005-U1,2026-09-18,DEMO-CASH_MONKEY-20260918-0005,Engineering reference manual,Books,GW-005,DEMO-CASH_MONKEY-0005,276 - Goodwill Michiana,eBay,1,29.64,7.99,0.00,2.96,34.67,cash_monkey_replica,true,one row per unit,2026-09-18,UTC,USD
CM-20260918-0006,CM-20260918-0006-U1,2026-09-18,DEMO-CASH_MONKEY-20260918-0006,Hardcover regional cookbook,Books,GW-006,DEMO-CASH_MONKEY-0006,277 - Goodwill Michiana (Stores),Goodwillbooks,1,31.75,3.99,0.00,3.17,32.57,cash_monkey_replica,true,one row per unit,2026-09-18,UTC,USD
CM-20260918-0007,CM-20260918-0007-U1,2026-09-18,DEMO-CASH_MONKEY-20260918-0007,Collected short stories,Books,GW-007,DEMO-CASH_MONKEY-0007,276 - Goodwill Michiana,Amazon-MF,1,33.86,4.99,0.00,3.38,35.47,cash_monkey_replica,true,one row per unit,2026-09-18,UTC,USD
CM-20260918-0008,CM-20260918-0008-U1,2026-09-18,DEMO-CASH_MONKEY-20260918-0008,Paperback history,Books,GW-008,DEMO-CASH_MONKEY-0008,277 - Goodwill Michiana (Stores),eBay,1,35.97,5.99,0.00,3.59,38.37,cash_monkey_replica,true,one row per unit,2026-09-18,UTC,USD
CM-20260918-0009,CM-20260918-0009-U1,2026-09-18,DEMO-CASH_MONKEY-20260918-0009,Engineering reference manual,Books,GW-009,DEMO-CASH_MONKEY-0009,276 - Goodwill Michiana,Goodwillbooks,1,38.08,6.99,0.00,3.80,41.27,cash_monkey_replica,true,one row per unit,2026-09-18,UTC,USD
CM-20260918-0010,CM-20260918-0010-U1,2026-09-18,DEMO-CASH_MONKEY-20260918-0010,Hardcover regional cookbook,Books,GW-010,DEMO-CASH_MONKEY-0010,277 - Goodwill Michiana (Stores),Amazon-MF,1,40.19,7.99,0.00,4.01,44.17,cash_monkey_replica,true,one row per unit,2026-09-18,UTC,USD
CM-20260918-0011,CM-20260918-0011-U1,2026-09-18,DEMO-CASH_MONKEY-20260918-0011,Collected short stories,Books,GW-011,DEMO-CASH_MONKEY-0011,276 - Goodwill Michiana,eBay,1,42.30,3.99,0.00,4.23,42.06,cash_monkey_replica,true,one row per unit,2026-09-18,UTC,USD
CM-20260918-0012,CM-20260918-0012-U1,2026-09-18,DEMO-CASH_MONKEY-20260918-0012,Paperback history,Books,GW-012,DEMO-CASH_MONKEY-0012,277 - Goodwill Michiana (Stores),Goodwillbooks,1,44.41,4.99,0.00,4.44,44.96,cash_monkey_replica,true,one row per unit,2026-09-18,UTC,USD
CM-20260918-0013,CM-20260918-0013-U1,2026-09-18,DEMO-CASH_MONKEY-20260918-0013,Engineering reference manual,Books,GW-013,DEMO-CASH_MONKEY-0013,276 - Goodwill Michiana,Amazon-MF,1,46.52,5.99,0.00,4.65,47.86,cash_monkey_replica,true,one row per unit,2026-09-18,UTC,USD
CM-20260918-0014,CM-20260918-0014-U1,2026-09-18,DEMO-CASH_MONKEY-20260918-0014,Hardcover regional cookbook,Books,GW-014,DEMO-CASH_MONKEY-0014,277 - Goodwill Michiana (Stores),eBay,1,48.63,6.99,0.00,4.86,50.76,cash_monkey_replica,true,one row per unit,2026-09-18,UTC,USD
CM-20260918-0015,CM-20260918-0015-U1,2026-09-18,DEMO-CASH_MONKEY-20260918-0015,Collected short stories,Books,GW-015,DEMO-CASH_MONKEY-0015,276 - Goodwill Michiana,Goodwillbooks,1,50.74,7.99,0.00,5.07,53.66,cash_monkey_replica,true,one row per unit,2026-09-18,UTC,USD
CM-20260918-0016,CM-20260918-0016-U1,2026-09-18,DEMO-CASH_MONKEY-20260918-0016,Paperback history,Books,GW-016,DEMO-CASH_MONKEY-0016,277 - Goodwill Michiana (Stores),Amazon-MF,1,52.85,3.99,0.00,5.28,51.56,cash_monkey_replica,true,one row per unit,2026-09-18,UTC,USD
CM-20260918-0016,CM-20260918-0016-U2,2026-09-18,DEMO-CASH_MONKEY-20260918-0016,Paperback history,Books,GW-016,DEMO-CASH_MONKEY-0016,277 - Goodwill Michiana (Stores),Amazon-MF,1,52.85,3.99,0.00,5.28,51.56,cash_monkey_replica,true,one row per unit,2026-09-18,UTC,USD
CM-20260918-0017,CM-20260918-0017-U1,2026-09-18,DEMO-CASH_MONKEY-20260918-0017,Engineering reference manual,Books,GW-017,DEMO-CASH_MONKEY-0017,276 - Goodwill Michiana,eBay,1,54.96,4.99,0.00,5.49,54.46,cash_monkey_replica,true,one row per unit,2026-09-18,UTC,USD
CM-20260918-0018,CM-20260918-0018-U1,2026-09-18,DEMO-CASH_MONKEY-20260918-0018,Hardcover regional cookbook,Books,GW-018,DEMO-CASH_MONKEY-0018,277 - Goodwill Michiana (Stores),Goodwillbooks,1,57.07,5.99,28.53,5.70,28.83,cash_monkey_replica,true,one row per unit,2026-09-18,UTC,USD
CM-20260918-0019,CM-20260918-0019-U1,2026-09-18,DEMO-CASH_MONKEY-20260918-0019,Collected short stories,Books,GW-019,DEMO-CASH_MONKEY-0019,276 - Goodwill Michiana,Amazon-MF,1,59.18,6.99,0.00,5.91,60.26,cash_monkey_replica,true,one row per unit,2026-09-18,UTC,USD
CM-20260918-0020,CM-20260918-0020-U1,2026-09-18,DEMO-CASH_MONKEY-20260918-0020,Paperback history,Books,GW-020,DEMO-CASH_MONKEY-0020,277 - Goodwill Michiana (Stores),eBay,1,61.29,7.99,0.00,6.12,63.16,cash_monkey_replica,true,one row per unit,2026-09-18,UTC,USD
CM-20260918-0021,CM-20260918-0021-U1,2026-09-18,DEMO-CASH_MONKEY-20260918-0021,Engineering reference manual,Books,GW-021,DEMO-CASH_MONKEY-0021,276 - Goodwill Michiana,Goodwillbooks,1,63.40,3.99,0.00,6.34,61.05,cash_monkey_replica,true,one row per unit,2026-09-18,UTC,USD
CM-20260918-0022,CM-20260918-0022-U1,2026-09-18,DEMO-CASH_MONKEY-20260918-0022,Hardcover regional cookbook,Books,GW-022,DEMO-CASH_MONKEY-0022,277 - Goodwill Michiana (Stores),Amazon-MF,1,65.51,4.99,0.00,6.55,63.95,cash_monkey_replica,true,one row per unit,2026-09-18,UTC,USD
CM-20260918-0023,CM-20260918-0023-U1,2026-09-18,DEMO-CASH_MONKEY-20260918-0023,Collected short stories,Books,GW-023,DEMO-CASH_MONKEY-0023,276 - Goodwill Michiana,eBay,1,67.62,5.99,0.00,6.76,66.85,cash_monkey_replica,true,one row per unit,2026-09-18,UTC,USD
CM-20260918-0024,CM-20260918-0024-U1,2026-09-18,DEMO-CASH_MONKEY-20260918-0024,Paperback history,Books,GW-024,DEMO-CASH_MONKEY-0024,277 - Goodwill Michiana (Stores),Goodwillbooks,1,69.73,6.99,0.00,6.97,69.75,cash_monkey_replica,true,one row per unit,2026-09-18,UTC,USD
CM-20260918-0025,CM-20260918-0025-U1,2026-09-18,DEMO-CASH_MONKEY-20260918-0025,Engineering reference manual,Books,GW-001,DEMO-CASH_MONKEY-0025,276 - Goodwill Michiana,Amazon-MF,1,71.84,7.99,0.00,7.18,72.65,cash_monkey_replica,true,one row per unit,2026-09-18,UTC,USD
CM-20260918-0026,CM-20260918-0026-U1,2026-09-18,DEMO-CASH_MONKEY-20260918-0026,Hardcover regional cookbook,Books,GW-002,DEMO-CASH_MONKEY-0026,277 - Goodwill Michiana (Stores),eBay,1,73.95,3.99,0.00,7.39,70.55,cash_monkey_replica,true,one row per unit,2026-09-18,UTC,USD
CM-20260918-0027,CM-20260918-0027-U1,2026-09-18,DEMO-CASH_MONKEY-20260918-0027,Collected short stories,Books,GW-003,DEMO-CASH_MONKEY-0027,276 - Goodwill Michiana,Goodwillbooks,1,76.06,4.99,0.00,7.60,73.45,cash_monkey_replica,true,one row per unit,2026-09-18,UTC,USD
CM-20260918-0028,CM-20260918-0028-U1,2026-09-18,DEMO-CASH_MONKEY-20260918-0028,Paperback history,Books,GW-004,DEMO-CASH_MONKEY-0028,277 - Goodwill Michiana (Stores),Amazon-MF,1,78.17,5.99,0.00,7.81,76.35,cash_monkey_replica,true,one row per unit,2026-09-18,UTC,USD
CM-20260918-0029,CM-20260918-0029-U1,2026-09-18,DEMO-CASH_MONKEY-20260918-0029,Engineering reference manual,Books,GW-005,DEMO-CASH_MONKEY-0029,276 - Goodwill Michiana,eBay,1,80.28,6.99,0.00,8.02,79.25,cash_monkey_replica,true,one row per unit,2026-09-18,UTC,USD
CM-20260918-0030,CM-20260918-0030-U1,2026-09-18,DEMO-CASH_MONKEY-20260918-0030,Hardcover regional cookbook,Books,GW-006,DEMO-CASH_MONKEY-0030,277 - Goodwill Michiana (Stores),Goodwillbooks,1,82.39,7.99,0.00,8.23,82.15,cash_monkey_replica,true,one row per unit,2026-09-18,UTC,USD
CM-20260919-0001,CM-20260919-0001-U1,2026-09-19,DEMO-CASH_MONKEY-20260919-0001,Engineering reference manual,Books,GW-001,DEMO-CASH_MONKEY-0001,276 - Goodwill Michiana,Amazon-MF,1,22.57,3.99,11.28,2.25,13.03,cash_monkey_replica,true,one row per unit,2026-09-19,UTC,USD
CM-20260919-0001,CM-20260919-0001-U2,2026-09-19,DEMO-CASH_MONKEY-20260919-0001,Engineering reference manual,Books,GW-001,DEMO-CASH_MONKEY-0001,276 - Goodwill Michiana,Amazon-MF,1,22.57,3.99,11.28,2.25,13.03,cash_monkey_replica,true,one row per unit,2026-09-19,UTC,USD
CM-20260919-0002,CM-20260919-0002-U1,2026-09-19,DEMO-CASH_MONKEY-20260919-0002,Hardcover regional cookbook,Books,GW-002,DEMO-CASH_MONKEY-0002,277 - Goodwill Michiana (Stores),eBay,1,24.68,4.99,0.00,2.46,27.21,cash_monkey_replica,true,one row per unit,2026-09-19,UTC,USD
CM-20260919-0003,CM-20260919-0003-U1,2026-09-19,DEMO-CASH_MONKEY-20260919-0003,Collected short stories,Books,GW-003,DEMO-CASH_MONKEY-0003,276 - Goodwill Michiana,Goodwillbooks,1,26.79,5.99,0.00,2.67,30.11,cash_monkey_replica,true,one row per unit,2026-09-19,UTC,USD
CM-20260919-0004,CM-20260919-0004-U1,2026-09-19,DEMO-CASH_MONKEY-20260919-0004,Paperback history,Books,GW-004,DEMO-CASH_MONKEY-0004,277 - Goodwill Michiana (Stores),Amazon-MF,1,28.90,6.99,0.00,2.89,33.00,cash_monkey_replica,true,one row per unit,2026-09-19,UTC,USD
CM-20260919-0005,CM-20260919-0005-U1,2026-09-19,DEMO-CASH_MONKEY-20260919-0005,Engineering reference manual,Books,GW-005,DEMO-CASH_MONKEY-0005,276 - Goodwill Michiana,eBay,1,31.01,7.99,0.00,3.10,35.90,cash_monkey_replica,true,one row per unit,2026-09-19,UTC,USD
CM-20260919-0006,CM-20260919-0006-U1,2026-09-19,DEMO-CASH_MONKEY-20260919-0006,Hardcover regional cookbook,Books,GW-006,DEMO-CASH_MONKEY-0006,277 - Goodwill Michiana (Stores),Goodwillbooks,1,33.12,3.99,0.00,3.31,33.80,cash_monkey_replica,true,one row per unit,2026-09-19,UTC,USD
CM-20260919-0007,CM-20260919-0007-U1,2026-09-19,DEMO-CASH_MONKEY-20260919-0007,Collected short stories,Books,GW-007,DEMO-CASH_MONKEY-0007,276 - Goodwill Michiana,Amazon-MF,1,35.23,4.99,0.00,3.52,36.70,cash_monkey_replica,true,one row per unit,2026-09-19,UTC,USD
CM-20260919-0008,CM-20260919-0008-U1,2026-09-19,DEMO-CASH_MONKEY-20260919-0008,Paperback history,Books,GW-008,DEMO-CASH_MONKEY-0008,277 - Goodwill Michiana (Stores),eBay,1,37.34,5.99,0.00,3.73,39.60,cash_monkey_replica,true,one row per unit,2026-09-19,UTC,USD
CM-20260919-0009,CM-20260919-0009-U1,2026-09-19,DEMO-CASH_MONKEY-20260919-0009,Engineering reference manual,Books,GW-009,DEMO-CASH_MONKEY-0009,276 - Goodwill Michiana,Goodwillbooks,1,39.45,6.99,0.00,3.94,42.50,cash_monkey_replica,true,one row per unit,2026-09-19,UTC,USD
CM-20260919-0010,CM-20260919-0010-U1,2026-09-19,DEMO-CASH_MONKEY-20260919-0010,Hardcover regional cookbook,Books,GW-010,DEMO-CASH_MONKEY-0010,277 - Goodwill Michiana (Stores),Amazon-MF,1,41.56,7.99,0.00,4.15,45.40,cash_monkey_replica,true,one row per unit,2026-09-19,UTC,USD
CM-20260919-0011,CM-20260919-0011-U1,2026-09-19,DEMO-CASH_MONKEY-20260919-0011,Collected short stories,Books,GW-011,DEMO-CASH_MONKEY-0011,276 - Goodwill Michiana,eBay,1,43.67,3.99,0.00,4.36,43.30,cash_monkey_replica,true,one row per unit,2026-09-19,UTC,USD
CM-20260919-0012,CM-20260919-0012-U1,2026-09-19,DEMO-CASH_MONKEY-20260919-0012,Paperback history,Books,GW-012,DEMO-CASH_MONKEY-0012,277 - Goodwill Michiana (Stores),Goodwillbooks,1,45.78,4.99,0.00,4.57,46.20,cash_monkey_replica,true,one row per unit,2026-09-19,UTC,USD
CM-20260919-0013,CM-20260919-0013-U1,2026-09-19,DEMO-CASH_MONKEY-20260919-0013,Engineering reference manual,Books,GW-013,DEMO-CASH_MONKEY-0013,276 - Goodwill Michiana,Amazon-MF,1,47.89,5.99,0.00,4.78,49.10,cash_monkey_replica,true,one row per unit,2026-09-19,UTC,USD
CM-20260919-0014,CM-20260919-0014-U1,2026-09-19,DEMO-CASH_MONKEY-20260919-0014,Hardcover regional cookbook,Books,GW-014,DEMO-CASH_MONKEY-0014,277 - Goodwill Michiana (Stores),eBay,1,50.00,6.99,0.00,5.00,51.99,cash_monkey_replica,true,one row per unit,2026-09-19,UTC,USD
CM-20260919-0015,CM-20260919-0015-U1,2026-09-19,DEMO-CASH_MONKEY-20260919-0015,Collected short stories,Books,GW-015,DEMO-CASH_MONKEY-0015,276 - Goodwill Michiana,Goodwillbooks,1,52.11,7.99,0.00,5.21,54.89,cash_monkey_replica,true,one row per unit,2026-09-19,UTC,USD
CM-20260919-0016,CM-20260919-0016-U1,2026-09-19,DEMO-CASH_MONKEY-20260919-0016,Paperback history,Books,GW-016,DEMO-CASH_MONKEY-0016,277 - Goodwill Michiana (Stores),Amazon-MF,1,54.22,3.99,0.00,5.42,52.79,cash_monkey_replica,true,one row per unit,2026-09-19,UTC,USD
CM-20260919-0016,CM-20260919-0016-U2,2026-09-19,DEMO-CASH_MONKEY-20260919-0016,Paperback history,Books,GW-016,DEMO-CASH_MONKEY-0016,277 - Goodwill Michiana (Stores),Amazon-MF,1,54.22,3.99,0.00,5.42,52.79,cash_monkey_replica,true,one row per unit,2026-09-19,UTC,USD
CM-20260919-0017,CM-20260919-0017-U1,2026-09-19,DEMO-CASH_MONKEY-20260919-0017,Engineering reference manual,Books,GW-017,DEMO-CASH_MONKEY-0017,276 - Goodwill Michiana,eBay,1,56.33,4.99,0.00,5.63,55.69,cash_monkey_replica,true,one row per unit,2026-09-19,UTC,USD
CM-20260919-0018,CM-20260919-0018-U1,2026-09-19,DEMO-CASH_MONKEY-20260919-0018,Hardcover regional cookbook,Books,GW-018,DEMO-CASH_MONKEY-0018,277 - Goodwill Michiana (Stores),Goodwillbooks,1,58.44,5.99,29.22,5.84,29.37,cash_monkey_replica,true,one row per unit,2026-09-19,UTC,USD
CM-20260919-0019,CM-20260919-0019-U1,2026-09-19,DEMO-CASH_MONKEY-20260919-0019,Collected short stories,Books,GW-019,DEMO-CASH_MONKEY-0019,276 - Goodwill Michiana,Amazon-MF,1,60.55,6.99,0.00,6.05,61.49,cash_monkey_replica,true,one row per unit,2026-09-19,UTC,USD
CM-20260919-0020,CM-20260919-0020-U1,2026-09-19,DEMO-CASH_MONKEY-20260919-0020,Paperback history,Books,GW-020,DEMO-CASH_MONKEY-0020,277 - Goodwill Michiana (Stores),eBay,1,62.66,7.99,0.00,6.26,64.39,cash_monkey_replica,true,one row per unit,2026-09-19,UTC,USD
CM-20260919-0021,CM-20260919-0021-U1,2026-09-19,DEMO-CASH_MONKEY-20260919-0021,Engineering reference manual,Books,GW-021,DEMO-CASH_MONKEY-0021,276 - Goodwill Michiana,Goodwillbooks,1,64.77,3.99,0.00,6.47,62.29,cash_monkey_replica,true,one row per unit,2026-09-19,UTC,USD
CM-20260919-0022,CM-20260919-0022-U1,2026-09-19,DEMO-CASH_MONKEY-20260919-0022,Hardcover regional cookbook,Books,GW-022,DEMO-CASH_MONKEY-0022,277 - Goodwill Michiana (Stores),Amazon-MF,1,66.88,4.99,0.00,6.68,65.19,cash_monkey_replica,true,one row per unit,2026-09-19,UTC,USD
CM-20260919-0023,CM-20260919-0023-U1,2026-09-19,DEMO-CASH_MONKEY-20260919-0023,Collected short stories,Books,GW-023,DEMO-CASH_MONKEY-0023,276 - Goodwill Michiana,eBay,1,68.99,5.99,0.00,6.89,68.09,cash_monkey_replica,true,one row per unit,2026-09-19,UTC,USD
CM-20260919-0024,CM-20260919-0024-U1,2026-09-19,DEMO-CASH_MONKEY-20260919-0024,Paperback history,Books,GW-024,DEMO-CASH_MONKEY-0024,277 - Goodwill Michiana (Stores),Goodwillbooks,1,71.10,6.99,0.00,7.11,70.98,cash_monkey_replica,true,one row per unit,2026-09-19,UTC,USD
CM-20260919-0025,CM-20260919-0025-U1,2026-09-19,DEMO-CASH_MONKEY-20260919-0025,Engineering reference manual,Books,GW-001,DEMO-CASH_MONKEY-0025,276 - Goodwill Michiana,Amazon-MF,1,73.21,7.99,0.00,7.32,73.88,cash_monkey_replica,true,one row per unit,2026-09-19,UTC,USD
CM-20260919-0026,CM-20260919-0026-U1,2026-09-19,DEMO-CASH_MONKEY-20260919-0026,Hardcover regional cookbook,Books,GW-002,DEMO-CASH_MONKEY-0026,277 - Goodwill Michiana (Stores),eBay,1,75.32,3.99,0.00,7.53,71.78,cash_monkey_replica,true,one row per unit,2026-09-19,UTC,USD
CM-20260919-0027,CM-20260919-0027-U1,2026-09-19,DEMO-CASH_MONKEY-20260919-0027,Collected short stories,Books,GW-003,DEMO-CASH_MONKEY-0027,276 - Goodwill Michiana,Goodwillbooks,1,77.43,4.99,0.00,7.74,74.68,cash_monkey_replica,true,one row per unit,2026-09-19,UTC,USD
CM-20260919-0028,CM-20260919-0028-U1,2026-09-19,DEMO-CASH_MONKEY-20260919-0028,Paperback history,Books,GW-004,DEMO-CASH_MONKEY-0028,277 - Goodwill Michiana (Stores),Amazon-MF,1,79.54,5.99,0.00,7.95,77.58,cash_monkey_replica,true,one row per unit,2026-09-19,UTC,USD
CM-20260919-0029,CM-20260919-0029-U1,2026-09-19,DEMO-CASH_MONKEY-20260919-0029,Engineering reference manual,Books,GW-005,DEMO-CASH_MONKEY-0029,276 - Goodwill Michiana,eBay,1,81.65,6.99,0.00,8.16,80.48,cash_monkey_replica,true,one row per unit,2026-09-19,UTC,USD
CM-20260919-0030,CM-20260919-0030-U1,2026-09-19,DEMO-CASH_MONKEY-20260919-0030,Hardcover regional cookbook,Books,GW-006,DEMO-CASH_MONKEY-0030,277 - Goodwill Michiana (Stores),Goodwillbooks,1,83.76,7.99,0.00,8.37,83.38,cash_monkey_replica,true,one row per unit,2026-09-19,UTC,USD
CM-20260920-0001,CM-20260920-0001-U1,2026-09-20,DEMO-CASH_MONKEY-20260920-0001,Engineering reference manual,Books,GW-001,DEMO-CASH_MONKEY-0001,276 - Goodwill Michiana,Amazon-MF,1,23.94,3.99,11.97,2.39,13.57,cash_monkey_replica,true,one row per unit,2026-09-20,UTC,USD
CM-20260920-0001,CM-20260920-0001-U2,2026-09-20,DEMO-CASH_MONKEY-20260920-0001,Engineering reference manual,Books,GW-001,DEMO-CASH_MONKEY-0001,276 - Goodwill Michiana,Amazon-MF,1,23.94,3.99,11.97,2.39,13.57,cash_monkey_replica,true,one row per unit,2026-09-20,UTC,USD
CM-20260920-0002,CM-20260920-0002-U1,2026-09-20,DEMO-CASH_MONKEY-20260920-0002,Hardcover regional cookbook,Books,GW-002,DEMO-CASH_MONKEY-0002,277 - Goodwill Michiana (Stores),eBay,1,26.05,4.99,0.00,2.60,28.44,cash_monkey_replica,true,one row per unit,2026-09-20,UTC,USD
CM-20260920-0003,CM-20260920-0003-U1,2026-09-20,DEMO-CASH_MONKEY-20260920-0003,Collected short stories,Books,GW-003,DEMO-CASH_MONKEY-0003,276 - Goodwill Michiana,Goodwillbooks,1,28.16,5.99,0.00,2.81,31.34,cash_monkey_replica,true,one row per unit,2026-09-20,UTC,USD
CM-20260920-0004,CM-20260920-0004-U1,2026-09-20,DEMO-CASH_MONKEY-20260920-0004,Paperback history,Books,GW-004,DEMO-CASH_MONKEY-0004,277 - Goodwill Michiana (Stores),Amazon-MF,1,30.27,6.99,0.00,3.02,34.24,cash_monkey_replica,true,one row per unit,2026-09-20,UTC,USD
CM-20260920-0005,CM-20260920-0005-U1,2026-09-20,DEMO-CASH_MONKEY-20260920-0005,Engineering reference manual,Books,GW-005,DEMO-CASH_MONKEY-0005,276 - Goodwill Michiana,eBay,1,32.38,7.99,0.00,3.23,37.14,cash_monkey_replica,true,one row per unit,2026-09-20,UTC,USD
CM-20260920-0006,CM-20260920-0006-U1,2026-09-20,DEMO-CASH_MONKEY-20260920-0006,Hardcover regional cookbook,Books,GW-006,DEMO-CASH_MONKEY-0006,277 - Goodwill Michiana (Stores),Goodwillbooks,1,34.49,3.99,0.00,3.44,35.04,cash_monkey_replica,true,one row per unit,2026-09-20,UTC,USD
CM-20260920-0007,CM-20260920-0007-U1,2026-09-20,DEMO-CASH_MONKEY-20260920-0007,Collected short stories,Books,GW-007,DEMO-CASH_MONKEY-0007,276 - Goodwill Michiana,Amazon-MF,1,36.60,4.99,0.00,3.66,37.93,cash_monkey_replica,true,one row per unit,2026-09-20,UTC,USD
CM-20260920-0008,CM-20260920-0008-U1,2026-09-20,DEMO-CASH_MONKEY-20260920-0008,Paperback history,Books,GW-008,DEMO-CASH_MONKEY-0008,277 - Goodwill Michiana (Stores),eBay,1,38.71,5.99,0.00,3.87,40.83,cash_monkey_replica,true,one row per unit,2026-09-20,UTC,USD
CM-20260920-0009,CM-20260920-0009-U1,2026-09-20,DEMO-CASH_MONKEY-20260920-0009,Engineering reference manual,Books,GW-009,DEMO-CASH_MONKEY-0009,276 - Goodwill Michiana,Goodwillbooks,1,40.82,6.99,0.00,4.08,43.73,cash_monkey_replica,true,one row per unit,2026-09-20,UTC,USD
CM-20260920-0010,CM-20260920-0010-U1,2026-09-20,DEMO-CASH_MONKEY-20260920-0010,Hardcover regional cookbook,Books,GW-010,DEMO-CASH_MONKEY-0010,277 - Goodwill Michiana (Stores),Amazon-MF,1,42.93,7.99,0.00,4.29,46.63,cash_monkey_replica,true,one row per unit,2026-09-20,UTC,USD
CM-20260920-0011,CM-20260920-0011-U1,2026-09-20,DEMO-CASH_MONKEY-20260920-0011,Collected short stories,Books,GW-011,DEMO-CASH_MONKEY-0011,276 - Goodwill Michiana,eBay,1,45.04,3.99,0.00,4.50,44.53,cash_monkey_replica,true,one row per unit,2026-09-20,UTC,USD
CM-20260920-0012,CM-20260920-0012-U1,2026-09-20,DEMO-CASH_MONKEY-20260920-0012,Paperback history,Books,GW-012,DEMO-CASH_MONKEY-0012,277 - Goodwill Michiana (Stores),Goodwillbooks,1,47.15,4.99,0.00,4.71,47.43,cash_monkey_replica,true,one row per unit,2026-09-20,UTC,USD
CM-20260920-0013,CM-20260920-0013-U1,2026-09-20,DEMO-CASH_MONKEY-20260920-0013,Engineering reference manual,Books,GW-013,DEMO-CASH_MONKEY-0013,276 - Goodwill Michiana,Amazon-MF,1,49.26,5.99,0.00,4.92,50.33,cash_monkey_replica,true,one row per unit,2026-09-20,UTC,USD
CM-20260920-0014,CM-20260920-0014-U1,2026-09-20,DEMO-CASH_MONKEY-20260920-0014,Hardcover regional cookbook,Books,GW-014,DEMO-CASH_MONKEY-0014,277 - Goodwill Michiana (Stores),eBay,1,51.37,6.99,0.00,5.13,53.23,cash_monkey_replica,true,one row per unit,2026-09-20,UTC,USD
CM-20260920-0015,CM-20260920-0015-U1,2026-09-20,DEMO-CASH_MONKEY-20260920-0015,Collected short stories,Books,GW-015,DEMO-CASH_MONKEY-0015,276 - Goodwill Michiana,Goodwillbooks,1,53.48,7.99,0.00,5.34,56.13,cash_monkey_replica,true,one row per unit,2026-09-20,UTC,USD
CM-20260920-0016,CM-20260920-0016-U1,2026-09-20,DEMO-CASH_MONKEY-20260920-0016,Paperback history,Books,GW-016,DEMO-CASH_MONKEY-0016,277 - Goodwill Michiana (Stores),Amazon-MF,1,55.59,3.99,0.00,5.55,54.03,cash_monkey_replica,true,one row per unit,2026-09-20,UTC,USD
CM-20260920-0016,CM-20260920-0016-U2,2026-09-20,DEMO-CASH_MONKEY-20260920-0016,Paperback history,Books,GW-016,DEMO-CASH_MONKEY-0016,277 - Goodwill Michiana (Stores),Amazon-MF,1,55.59,3.99,0.00,5.55,54.03,cash_monkey_replica,true,one row per unit,2026-09-20,UTC,USD
CM-20260920-0017,CM-20260920-0017-U1,2026-09-20,DEMO-CASH_MONKEY-20260920-0017,Engineering reference manual,Books,GW-017,DEMO-CASH_MONKEY-0017,276 - Goodwill Michiana,eBay,1,57.70,4.99,0.00,5.77,56.92,cash_monkey_replica,true,one row per unit,2026-09-20,UTC,USD
CM-20260920-0018,CM-20260920-0018-U1,2026-09-20,DEMO-CASH_MONKEY-20260920-0018,Hardcover regional cookbook,Books,GW-018,DEMO-CASH_MONKEY-0018,277 - Goodwill Michiana (Stores),Goodwillbooks,1,59.81,5.99,29.90,5.98,29.92,cash_monkey_replica,true,one row per unit,2026-09-20,UTC,USD
CM-20260920-0019,CM-20260920-0019-U1,2026-09-20,DEMO-CASH_MONKEY-20260920-0019,Collected short stories,Books,GW-019,DEMO-CASH_MONKEY-0019,276 - Goodwill Michiana,Amazon-MF,1,61.92,6.99,0.00,6.19,62.72,cash_monkey_replica,true,one row per unit,2026-09-20,UTC,USD
CM-20260920-0020,CM-20260920-0020-U1,2026-09-20,DEMO-CASH_MONKEY-20260920-0020,Paperback history,Books,GW-020,DEMO-CASH_MONKEY-0020,277 - Goodwill Michiana (Stores),eBay,1,64.03,7.99,0.00,6.40,65.62,cash_monkey_replica,true,one row per unit,2026-09-20,UTC,USD
CM-20260920-0021,CM-20260920-0021-U1,2026-09-20,DEMO-CASH_MONKEY-20260920-0021,Engineering reference manual,Books,GW-021,DEMO-CASH_MONKEY-0021,276 - Goodwill Michiana,Goodwillbooks,1,66.14,3.99,0.00,6.61,63.52,cash_monkey_replica,true,one row per unit,2026-09-20,UTC,USD
CM-20260920-0022,CM-20260920-0022-U1,2026-09-20,DEMO-CASH_MONKEY-20260920-0022,Hardcover regional cookbook,Books,GW-022,DEMO-CASH_MONKEY-0022,277 - Goodwill Michiana (Stores),Amazon-MF,1,68.25,4.99,0.00,6.82,66.42,cash_monkey_replica,true,one row per unit,2026-09-20,UTC,USD
CM-20260920-0023,CM-20260920-0023-U1,2026-09-20,DEMO-CASH_MONKEY-20260920-0023,Collected short stories,Books,GW-023,DEMO-CASH_MONKEY-0023,276 - Goodwill Michiana,eBay,1,70.36,5.99,0.00,7.03,69.32,cash_monkey_replica,true,one row per unit,2026-09-20,UTC,USD
CM-20260920-0024,CM-20260920-0024-U1,2026-09-20,DEMO-CASH_MONKEY-20260920-0024,Paperback history,Books,GW-024,DEMO-CASH_MONKEY-0024,277 - Goodwill Michiana (Stores),Goodwillbooks,1,72.47,6.99,0.00,7.24,72.22,cash_monkey_replica,true,one row per unit,2026-09-20,UTC,USD
CM-20260920-0025,CM-20260920-0025-U1,2026-09-20,DEMO-CASH_MONKEY-20260920-0025,Engineering reference manual,Books,GW-001,DEMO-CASH_MONKEY-0025,276 - Goodwill Michiana,Amazon-MF,1,74.58,7.99,0.00,7.45,75.12,cash_monkey_replica,true,one row per unit,2026-09-20,UTC,USD
CM-20260920-0026,CM-20260920-0026-U1,2026-09-20,DEMO-CASH_MONKEY-20260920-0026,Hardcover regional cookbook,Books,GW-002,DEMO-CASH_MONKEY-0026,277 - Goodwill Michiana (Stores),eBay,1,76.69,3.99,0.00,7.66,73.02,cash_monkey_replica,true,one row per unit,2026-09-20,UTC,USD
CM-20260920-0027,CM-20260920-0027-U1,2026-09-20,DEMO-CASH_MONKEY-20260920-0027,Collected short stories,Books,GW-003,DEMO-CASH_MONKEY-0027,276 - Goodwill Michiana,Goodwillbooks,1,78.80,4.99,0.00,7.88,75.91,cash_monkey_replica,true,one row per unit,2026-09-20,UTC,USD
CM-20260920-0028,CM-20260920-0028-U1,2026-09-20,DEMO-CASH_MONKEY-20260920-0028,Paperback history,Books,GW-004,DEMO-CASH_MONKEY-0028,277 - Goodwill Michiana (Stores),Amazon-MF,1,80.91,5.99,0.00,8.09,78.81,cash_monkey_replica,true,one row per unit,2026-09-20,UTC,USD
CM-20260920-0029,CM-20260920-0029-U1,2026-09-20,DEMO-CASH_MONKEY-20260920-0029,Engineering reference manual,Books,GW-005,DEMO-CASH_MONKEY-0029,276 - Goodwill Michiana,eBay,1,83.02,6.99,0.00,8.30,81.71,cash_monkey_replica,true,one row per unit,2026-09-20,UTC,USD
CM-20260920-0030,CM-20260920-0030-U1,2026-09-20,DEMO-CASH_MONKEY-20260920-0030,Hardcover regional cookbook,Books,GW-006,DEMO-CASH_MONKEY-0030,277 - Goodwill Michiana (Stores),Goodwillbooks,1,85.13,7.99,0.00,8.51,84.61,cash_monkey_replica,true,one row per unit,2026-09-20,UTC,USD
CM-20260921-0001,CM-20260921-0001-U1,2026-09-21,DEMO-CASH_MONKEY-20260921-0001,Engineering reference manual,Books,GW-001,DEMO-CASH_MONKEY-0001,276 - Goodwill Michiana,Amazon-MF,1,25.31,3.99,12.65,2.53,14.12,cash_monkey_replica,true,one row per unit,2026-09-21,UTC,USD
CM-20260921-0001,CM-20260921-0001-U2,2026-09-21,DEMO-CASH_MONKEY-20260921-0001,Engineering reference manual,Books,GW-001,DEMO-CASH_MONKEY-0001,276 - Goodwill Michiana,Amazon-MF,1,25.31,3.99,12.65,2.53,14.12,cash_monkey_replica,true,one row per unit,2026-09-21,UTC,USD
CM-20260921-0002,CM-20260921-0002-U1,2026-09-21,DEMO-CASH_MONKEY-20260921-0002,Hardcover regional cookbook,Books,GW-002,DEMO-CASH_MONKEY-0002,277 - Goodwill Michiana (Stores),eBay,1,27.42,4.99,0.00,2.74,29.67,cash_monkey_replica,true,one row per unit,2026-09-21,UTC,USD
CM-20260921-0003,CM-20260921-0003-U1,2026-09-21,DEMO-CASH_MONKEY-20260921-0003,Collected short stories,Books,GW-003,DEMO-CASH_MONKEY-0003,276 - Goodwill Michiana,Goodwillbooks,1,29.53,5.99,0.00,2.95,32.57,cash_monkey_replica,true,one row per unit,2026-09-21,UTC,USD
CM-20260921-0004,CM-20260921-0004-U1,2026-09-21,DEMO-CASH_MONKEY-20260921-0004,Paperback history,Books,GW-004,DEMO-CASH_MONKEY-0004,277 - Goodwill Michiana (Stores),Amazon-MF,1,31.64,6.99,0.00,3.16,35.47,cash_monkey_replica,true,one row per unit,2026-09-21,UTC,USD
CM-20260921-0005,CM-20260921-0005-U1,2026-09-21,DEMO-CASH_MONKEY-20260921-0005,Engineering reference manual,Books,GW-005,DEMO-CASH_MONKEY-0005,276 - Goodwill Michiana,eBay,1,33.75,7.99,0.00,3.37,38.37,cash_monkey_replica,true,one row per unit,2026-09-21,UTC,USD
CM-20260921-0006,CM-20260921-0006-U1,2026-09-21,DEMO-CASH_MONKEY-20260921-0006,Hardcover regional cookbook,Books,GW-006,DEMO-CASH_MONKEY-0006,277 - Goodwill Michiana (Stores),Goodwillbooks,1,35.86,3.99,0.00,3.58,36.27,cash_monkey_replica,true,one row per unit,2026-09-21,UTC,USD
CM-20260921-0007,CM-20260921-0007-U1,2026-09-21,DEMO-CASH_MONKEY-20260921-0007,Collected short stories,Books,GW-007,DEMO-CASH_MONKEY-0007,276 - Goodwill Michiana,Amazon-MF,1,37.97,4.99,0.00,3.79,39.17,cash_monkey_replica,true,one row per unit,2026-09-21,UTC,USD
CM-20260921-0008,CM-20260921-0008-U1,2026-09-21,DEMO-CASH_MONKEY-20260921-0008,Paperback history,Books,GW-008,DEMO-CASH_MONKEY-0008,277 - Goodwill Michiana (Stores),eBay,1,40.08,5.99,0.00,4.00,42.07,cash_monkey_replica,true,one row per unit,2026-09-21,UTC,USD
CM-20260921-0009,CM-20260921-0009-U1,2026-09-21,DEMO-CASH_MONKEY-20260921-0009,Engineering reference manual,Books,GW-009,DEMO-CASH_MONKEY-0009,276 - Goodwill Michiana,Goodwillbooks,1,42.19,6.99,0.00,4.21,44.97,cash_monkey_replica,true,one row per unit,2026-09-21,UTC,USD
CM-20260921-0010,CM-20260921-0010-U1,2026-09-21,DEMO-CASH_MONKEY-20260921-0010,Hardcover regional cookbook,Books,GW-010,DEMO-CASH_MONKEY-0010,277 - Goodwill Michiana (Stores),Amazon-MF,1,44.30,7.99,0.00,4.43,47.86,cash_monkey_replica,true,one row per unit,2026-09-21,UTC,USD
CM-20260921-0011,CM-20260921-0011-U1,2026-09-21,DEMO-CASH_MONKEY-20260921-0011,Collected short stories,Books,GW-011,DEMO-CASH_MONKEY-0011,276 - Goodwill Michiana,eBay,1,46.41,3.99,0.00,4.64,45.76,cash_monkey_replica,true,one row per unit,2026-09-21,UTC,USD
CM-20260921-0012,CM-20260921-0012-U1,2026-09-21,DEMO-CASH_MONKEY-20260921-0012,Paperback history,Books,GW-012,DEMO-CASH_MONKEY-0012,277 - Goodwill Michiana (Stores),Goodwillbooks,1,48.52,4.99,0.00,4.85,48.66,cash_monkey_replica,true,one row per unit,2026-09-21,UTC,USD
CM-20260921-0013,CM-20260921-0013-U1,2026-09-21,DEMO-CASH_MONKEY-20260921-0013,Engineering reference manual,Books,GW-013,DEMO-CASH_MONKEY-0013,276 - Goodwill Michiana,Amazon-MF,1,50.63,5.99,0.00,5.06,51.56,cash_monkey_replica,true,one row per unit,2026-09-21,UTC,USD
CM-20260921-0014,CM-20260921-0014-U1,2026-09-21,DEMO-CASH_MONKEY-20260921-0014,Hardcover regional cookbook,Books,GW-014,DEMO-CASH_MONKEY-0014,277 - Goodwill Michiana (Stores),eBay,1,52.74,6.99,0.00,5.27,54.46,cash_monkey_replica,true,one row per unit,2026-09-21,UTC,USD
CM-20260921-0015,CM-20260921-0015-U1,2026-09-21,DEMO-CASH_MONKEY-20260921-0015,Collected short stories,Books,GW-015,DEMO-CASH_MONKEY-0015,276 - Goodwill Michiana,Goodwillbooks,1,54.85,7.99,0.00,5.48,57.36,cash_monkey_replica,true,one row per unit,2026-09-21,UTC,USD
CM-20260921-0016,CM-20260921-0016-U1,2026-09-21,DEMO-CASH_MONKEY-20260921-0016,Paperback history,Books,GW-016,DEMO-CASH_MONKEY-0016,277 - Goodwill Michiana (Stores),Amazon-MF,1,56.96,3.99,0.00,5.69,55.26,cash_monkey_replica,true,one row per unit,2026-09-21,UTC,USD
CM-20260921-0016,CM-20260921-0016-U2,2026-09-21,DEMO-CASH_MONKEY-20260921-0016,Paperback history,Books,GW-016,DEMO-CASH_MONKEY-0016,277 - Goodwill Michiana (Stores),Amazon-MF,1,56.96,3.99,0.00,5.69,55.26,cash_monkey_replica,true,one row per unit,2026-09-21,UTC,USD
CM-20260921-0017,CM-20260921-0017-U1,2026-09-21,DEMO-CASH_MONKEY-20260921-0017,Engineering reference manual,Books,GW-017,DEMO-CASH_MONKEY-0017,276 - Goodwill Michiana,eBay,1,59.07,4.99,0.00,5.90,58.16,cash_monkey_replica,true,one row per unit,2026-09-21,UTC,USD
CM-20260921-0018,CM-20260921-0018-U1,2026-09-21,DEMO-CASH_MONKEY-20260921-0018,Hardcover regional cookbook,Books,GW-018,DEMO-CASH_MONKEY-0018,277 - Goodwill Michiana (Stores),Goodwillbooks,1,61.18,5.99,30.59,6.11,30.47,cash_monkey_replica,true,one row per unit,2026-09-21,UTC,USD
CM-20260921-0019,CM-20260921-0019-U1,2026-09-21,DEMO-CASH_MONKEY-20260921-0019,Collected short stories,Books,GW-019,DEMO-CASH_MONKEY-0019,276 - Goodwill Michiana,Amazon-MF,1,63.29,6.99,0.00,6.32,63.96,cash_monkey_replica,true,one row per unit,2026-09-21,UTC,USD
CM-20260921-0020,CM-20260921-0020-U1,2026-09-21,DEMO-CASH_MONKEY-20260921-0020,Paperback history,Books,GW-020,DEMO-CASH_MONKEY-0020,277 - Goodwill Michiana (Stores),eBay,1,65.40,7.99,0.00,6.54,66.85,cash_monkey_replica,true,one row per unit,2026-09-21,UTC,USD
CM-20260921-0021,CM-20260921-0021-U1,2026-09-21,DEMO-CASH_MONKEY-20260921-0021,Engineering reference manual,Books,GW-021,DEMO-CASH_MONKEY-0021,276 - Goodwill Michiana,Goodwillbooks,1,67.51,3.99,0.00,6.75,64.75,cash_monkey_replica,true,one row per unit,2026-09-21,UTC,USD
CM-20260921-0022,CM-20260921-0022-U1,2026-09-21,DEMO-CASH_MONKEY-20260921-0022,Hardcover regional cookbook,Books,GW-022,DEMO-CASH_MONKEY-0022,277 - Goodwill Michiana (Stores),Amazon-MF,1,69.62,4.99,0.00,6.96,67.65,cash_monkey_replica,true,one row per unit,2026-09-21,UTC,USD
CM-20260921-0023,CM-20260921-0023-U1,2026-09-21,DEMO-CASH_MONKEY-20260921-0023,Collected short stories,Books,GW-023,DEMO-CASH_MONKEY-0023,276 - Goodwill Michiana,eBay,1,71.73,5.99,0.00,7.17,70.55,cash_monkey_replica,true,one row per unit,2026-09-21,UTC,USD
CM-20260921-0024,CM-20260921-0024-U1,2026-09-21,DEMO-CASH_MONKEY-20260921-0024,Paperback history,Books,GW-024,DEMO-CASH_MONKEY-0024,277 - Goodwill Michiana (Stores),Goodwillbooks,1,73.84,6.99,0.00,7.38,73.45,cash_monkey_replica,true,one row per unit,2026-09-21,UTC,USD
CM-20260921-0025,CM-20260921-0025-U1,2026-09-21,DEMO-CASH_MONKEY-20260921-0025,Engineering reference manual,Books,GW-001,DEMO-CASH_MONKEY-0025,276 - Goodwill Michiana,Amazon-MF,1,75.95,7.99,0.00,7.59,76.35,cash_monkey_replica,true,one row per unit,2026-09-21,UTC,USD
CM-20260921-0026,CM-20260921-0026-U1,2026-09-21,DEMO-CASH_MONKEY-20260921-0026,Hardcover regional cookbook,Books,GW-002,DEMO-CASH_MONKEY-0026,277 - Goodwill Michiana (Stores),eBay,1,78.06,3.99,0.00,7.80,74.25,cash_monkey_replica,true,one row per unit,2026-09-21,UTC,USD
CM-20260921-0027,CM-20260921-0027-U1,2026-09-21,DEMO-CASH_MONKEY-20260921-0027,Collected short stories,Books,GW-003,DEMO-CASH_MONKEY-0027,276 - Goodwill Michiana,Goodwillbooks,1,80.17,4.99,0.00,8.01,77.15,cash_monkey_replica,true,one row per unit,2026-09-21,UTC,USD
CM-20260921-0028,CM-20260921-0028-U1,2026-09-21,DEMO-CASH_MONKEY-20260921-0028,Paperback history,Books,GW-004,DEMO-CASH_MONKEY-0028,277 - Goodwill Michiana (Stores),Amazon-MF,1,82.28,5.99,0.00,8.22,80.05,cash_monkey_replica,true,one row per unit,2026-09-21,UTC,USD
CM-20260921-0029,CM-20260921-0029-U1,2026-09-21,DEMO-CASH_MONKEY-20260921-0029,Engineering reference manual,Books,GW-005,DEMO-CASH_MONKEY-0029,276 - Goodwill Michiana,eBay,1,84.39,6.99,0.00,8.43,82.95,cash_monkey_replica,true,one row per unit,2026-09-21,UTC,USD
CM-20260921-0030,CM-20260921-0030-U1,2026-09-21,DEMO-CASH_MONKEY-20260921-0030,Hardcover regional cookbook,Books,GW-006,DEMO-CASH_MONKEY-0030,277 - Goodwill Michiana (Stores),Goodwillbooks,1,86.50,7.99,0.00,8.65,85.84,cash_monkey_replica,true,one row per unit,2026-09-21,UTC,USD
CM-20260922-0001,CM-20260922-0001-U1,2026-09-22,DEMO-CASH_MONKEY-20260922-0001,Engineering reference manual,Books,GW-001,DEMO-CASH_MONKEY-0001,276 - Goodwill Michiana,Amazon-MF,1,26.68,3.99,13.34,2.66,14.67,cash_monkey_replica,true,one row per unit,2026-09-22,UTC,USD
CM-20260922-0001,CM-20260922-0001-U2,2026-09-22,DEMO-CASH_MONKEY-20260922-0001,Engineering reference manual,Books,GW-001,DEMO-CASH_MONKEY-0001,276 - Goodwill Michiana,Amazon-MF,1,26.68,3.99,13.34,2.66,14.67,cash_monkey_replica,true,one row per unit,2026-09-22,UTC,USD
CM-20260922-0002,CM-20260922-0002-U1,2026-09-22,DEMO-CASH_MONKEY-20260922-0002,Hardcover regional cookbook,Books,GW-002,DEMO-CASH_MONKEY-0002,277 - Goodwill Michiana (Stores),eBay,1,28.79,4.99,0.00,2.87,30.91,cash_monkey_replica,true,one row per unit,2026-09-22,UTC,USD
CM-20260922-0003,CM-20260922-0003-U1,2026-09-22,DEMO-CASH_MONKEY-20260922-0003,Collected short stories,Books,GW-003,DEMO-CASH_MONKEY-0003,276 - Goodwill Michiana,Goodwillbooks,1,30.90,5.99,0.00,3.09,33.80,cash_monkey_replica,true,one row per unit,2026-09-22,UTC,USD
CM-20260922-0004,CM-20260922-0004-U1,2026-09-22,DEMO-CASH_MONKEY-20260922-0004,Paperback history,Books,GW-004,DEMO-CASH_MONKEY-0004,277 - Goodwill Michiana (Stores),Amazon-MF,1,33.01,6.99,0.00,3.30,36.70,cash_monkey_replica,true,one row per unit,2026-09-22,UTC,USD
CM-20260922-0005,CM-20260922-0005-U1,2026-09-22,DEMO-CASH_MONKEY-20260922-0005,Engineering reference manual,Books,GW-005,DEMO-CASH_MONKEY-0005,276 - Goodwill Michiana,eBay,1,35.12,7.99,0.00,3.51,39.60,cash_monkey_replica,true,one row per unit,2026-09-22,UTC,USD
CM-20260922-0006,CM-20260922-0006-U1,2026-09-22,DEMO-CASH_MONKEY-20260922-0006,Hardcover regional cookbook,Books,GW-006,DEMO-CASH_MONKEY-0006,277 - Goodwill Michiana (Stores),Goodwillbooks,1,37.23,3.99,0.00,3.72,37.50,cash_monkey_replica,true,one row per unit,2026-09-22,UTC,USD
CM-20260922-0007,CM-20260922-0007-U1,2026-09-22,DEMO-CASH_MONKEY-20260922-0007,Collected short stories,Books,GW-007,DEMO-CASH_MONKEY-0007,276 - Goodwill Michiana,Amazon-MF,1,39.34,4.99,0.00,3.93,40.40,cash_monkey_replica,true,one row per unit,2026-09-22,UTC,USD
CM-20260922-0008,CM-20260922-0008-U1,2026-09-22,DEMO-CASH_MONKEY-20260922-0008,Paperback history,Books,GW-008,DEMO-CASH_MONKEY-0008,277 - Goodwill Michiana (Stores),eBay,1,41.45,5.99,0.00,4.14,43.30,cash_monkey_replica,true,one row per unit,2026-09-22,UTC,USD
CM-20260922-0009,CM-20260922-0009-U1,2026-09-22,DEMO-CASH_MONKEY-20260922-0009,Engineering reference manual,Books,GW-009,DEMO-CASH_MONKEY-0009,276 - Goodwill Michiana,Goodwillbooks,1,43.56,6.99,0.00,4.35,46.20,cash_monkey_replica,true,one row per unit,2026-09-22,UTC,USD
CM-20260922-0010,CM-20260922-0010-U1,2026-09-22,DEMO-CASH_MONKEY-20260922-0010,Hardcover regional cookbook,Books,GW-010,DEMO-CASH_MONKEY-0010,277 - Goodwill Michiana (Stores),Amazon-MF,1,45.67,7.99,0.00,4.56,49.10,cash_monkey_replica,true,one row per unit,2026-09-22,UTC,USD
CM-20260922-0011,CM-20260922-0011-U1,2026-09-22,DEMO-CASH_MONKEY-20260922-0011,Collected short stories,Books,GW-011,DEMO-CASH_MONKEY-0011,276 - Goodwill Michiana,eBay,1,47.78,3.99,0.00,4.77,47.00,cash_monkey_replica,true,one row per unit,2026-09-22,UTC,USD
CM-20260922-0012,CM-20260922-0012-U1,2026-09-22,DEMO-CASH_MONKEY-20260922-0012,Paperback history,Books,GW-012,DEMO-CASH_MONKEY-0012,277 - Goodwill Michiana (Stores),Goodwillbooks,1,49.89,4.99,0.00,4.98,49.90,cash_monkey_replica,true,one row per unit,2026-09-22,UTC,USD
CM-20260922-0013,CM-20260922-0013-U1,2026-09-22,DEMO-CASH_MONKEY-20260922-0013,Engineering reference manual,Books,GW-013,DEMO-CASH_MONKEY-0013,276 - Goodwill Michiana,Amazon-MF,1,52.00,5.99,0.00,5.20,52.79,cash_monkey_replica,true,one row per unit,2026-09-22,UTC,USD
CM-20260922-0014,CM-20260922-0014-U1,2026-09-22,DEMO-CASH_MONKEY-20260922-0014,Hardcover regional cookbook,Books,GW-014,DEMO-CASH_MONKEY-0014,277 - Goodwill Michiana (Stores),eBay,1,54.11,6.99,0.00,5.41,55.69,cash_monkey_replica,true,one row per unit,2026-09-22,UTC,USD
CM-20260922-0015,CM-20260922-0015-U1,2026-09-22,DEMO-CASH_MONKEY-20260922-0015,Collected short stories,Books,GW-015,DEMO-CASH_MONKEY-0015,276 - Goodwill Michiana,Goodwillbooks,1,56.22,7.99,0.00,5.62,58.59,cash_monkey_replica,true,one row per unit,2026-09-22,UTC,USD
CM-20260922-0016,CM-20260922-0016-U1,2026-09-22,DEMO-CASH_MONKEY-20260922-0016,Paperback history,Books,GW-016,DEMO-CASH_MONKEY-0016,277 - Goodwill Michiana (Stores),Amazon-MF,1,58.33,3.99,0.00,5.83,56.49,cash_monkey_replica,true,one row per unit,2026-09-22,UTC,USD
CM-20260922-0016,CM-20260922-0016-U2,2026-09-22,DEMO-CASH_MONKEY-20260922-0016,Paperback history,Books,GW-016,DEMO-CASH_MONKEY-0016,277 - Goodwill Michiana (Stores),Amazon-MF,1,58.33,3.99,0.00,5.83,56.49,cash_monkey_replica,true,one row per unit,2026-09-22,UTC,USD
CM-20260922-0017,CM-20260922-0017-U1,2026-09-22,DEMO-CASH_MONKEY-20260922-0017,Engineering reference manual,Books,GW-017,DEMO-CASH_MONKEY-0017,276 - Goodwill Michiana,eBay,1,60.44,4.99,0.00,6.04,59.39,cash_monkey_replica,true,one row per unit,2026-09-22,UTC,USD
CM-20260922-0018,CM-20260922-0018-U1,2026-09-22,DEMO-CASH_MONKEY-20260922-0018,Hardcover regional cookbook,Books,GW-018,DEMO-CASH_MONKEY-0018,277 - Goodwill Michiana (Stores),Goodwillbooks,1,62.55,5.99,31.27,6.25,31.02,cash_monkey_replica,true,one row per unit,2026-09-22,UTC,USD
CM-20260922-0019,CM-20260922-0019-U1,2026-09-22,DEMO-CASH_MONKEY-20260922-0019,Collected short stories,Books,GW-019,DEMO-CASH_MONKEY-0019,276 - Goodwill Michiana,Amazon-MF,1,64.66,6.99,0.00,6.46,65.19,cash_monkey_replica,true,one row per unit,2026-09-22,UTC,USD
CM-20260922-0020,CM-20260922-0020-U1,2026-09-22,DEMO-CASH_MONKEY-20260922-0020,Paperback history,Books,GW-020,DEMO-CASH_MONKEY-0020,277 - Goodwill Michiana (Stores),eBay,1,66.77,7.99,0.00,6.67,68.09,cash_monkey_replica,true,one row per unit,2026-09-22,UTC,USD
CM-20260922-0021,CM-20260922-0021-U1,2026-09-22,DEMO-CASH_MONKEY-20260922-0021,Engineering reference manual,Books,GW-021,DEMO-CASH_MONKEY-0021,276 - Goodwill Michiana,Goodwillbooks,1,68.88,3.99,0.00,6.88,65.99,cash_monkey_replica,true,one row per unit,2026-09-22,UTC,USD
CM-20260922-0022,CM-20260922-0022-U1,2026-09-22,DEMO-CASH_MONKEY-20260922-0022,Hardcover regional cookbook,Books,GW-022,DEMO-CASH_MONKEY-0022,277 - Goodwill Michiana (Stores),Amazon-MF,1,70.99,4.99,0.00,7.09,68.89,cash_monkey_replica,true,one row per unit,2026-09-22,UTC,USD
CM-20260922-0023,CM-20260922-0023-U1,2026-09-22,DEMO-CASH_MONKEY-20260922-0023,Collected short stories,Books,GW-023,DEMO-CASH_MONKEY-0023,276 - Goodwill Michiana,eBay,1,73.10,5.99,0.00,7.31,71.78,cash_monkey_replica,true,one row per unit,2026-09-22,UTC,USD
CM-20260922-0024,CM-20260922-0024-U1,2026-09-22,DEMO-CASH_MONKEY-20260922-0024,Paperback history,Books,GW-024,DEMO-CASH_MONKEY-0024,277 - Goodwill Michiana (Stores),Goodwillbooks,1,75.21,6.99,0.00,7.52,74.68,cash_monkey_replica,true,one row per unit,2026-09-22,UTC,USD
CM-20260922-0025,CM-20260922-0025-U1,2026-09-22,DEMO-CASH_MONKEY-20260922-0025,Engineering reference manual,Books,GW-001,DEMO-CASH_MONKEY-0025,276 - Goodwill Michiana,Amazon-MF,1,77.32,7.99,0.00,7.73,77.58,cash_monkey_replica,true,one row per unit,2026-09-22,UTC,USD
CM-20260922-0026,CM-20260922-0026-U1,2026-09-22,DEMO-CASH_MONKEY-20260922-0026,Hardcover regional cookbook,Books,GW-002,DEMO-CASH_MONKEY-0026,277 - Goodwill Michiana (Stores),eBay,1,79.43,3.99,0.00,7.94,75.48,cash_monkey_replica,true,one row per unit,2026-09-22,UTC,USD
CM-20260922-0027,CM-20260922-0027-U1,2026-09-22,DEMO-CASH_MONKEY-20260922-0027,Collected short stories,Books,GW-003,DEMO-CASH_MONKEY-0027,276 - Goodwill Michiana,Goodwillbooks,1,81.54,4.99,0.00,8.15,78.38,cash_monkey_replica,true,one row per unit,2026-09-22,UTC,USD
CM-20260922-0028,CM-20260922-0028-U1,2026-09-22,DEMO-CASH_MONKEY-20260922-0028,Paperback history,Books,GW-004,DEMO-CASH_MONKEY-0028,277 - Goodwill Michiana (Stores),Amazon-MF,1,83.65,5.99,0.00,8.36,81.28,cash_monkey_replica,true,one row per unit,2026-09-22,UTC,USD
CM-20260922-0029,CM-20260922-0029-U1,2026-09-22,DEMO-CASH_MONKEY-20260922-0029,Engineering reference manual,Books,GW-005,DEMO-CASH_MONKEY-0029,276 - Goodwill Michiana,eBay,1,85.76,6.99,0.00,8.57,84.18,cash_monkey_replica,true,one row per unit,2026-09-22,UTC,USD
CM-20260922-0030,CM-20260922-0030-U1,2026-09-22,DEMO-CASH_MONKEY-20260922-0030,Hardcover regional cookbook,Books,GW-006,DEMO-CASH_MONKEY-0030,277 - Goodwill Michiana (Stores),Goodwillbooks,1,87.87,7.99,0.00,8.78,87.08,cash_monkey_replica,true,one row per unit,2026-09-22,UTC,USD
CM-20260923-0001,CM-20260923-0001-U1,2026-09-23,DEMO-CASH_MONKEY-20260923-0001,Engineering reference manual,Books,GW-001,DEMO-CASH_MONKEY-0001,276 - Goodwill Michiana,Amazon-MF,1,28.05,3.99,14.02,2.80,15.22,cash_monkey_replica,true,one row per unit,2026-09-23,UTC,USD
CM-20260923-0001,CM-20260923-0001-U2,2026-09-23,DEMO-CASH_MONKEY-20260923-0001,Engineering reference manual,Books,GW-001,DEMO-CASH_MONKEY-0001,276 - Goodwill Michiana,Amazon-MF,1,28.05,3.99,14.02,2.80,15.22,cash_monkey_replica,true,one row per unit,2026-09-23,UTC,USD
CM-20260923-0002,CM-20260923-0002-U1,2026-09-23,DEMO-CASH_MONKEY-20260923-0002,Hardcover regional cookbook,Books,GW-002,DEMO-CASH_MONKEY-0002,277 - Goodwill Michiana (Stores),eBay,1,30.16,4.99,0.00,3.01,32.14,cash_monkey_replica,true,one row per unit,2026-09-23,UTC,USD
CM-20260923-0003,CM-20260923-0003-U1,2026-09-23,DEMO-CASH_MONKEY-20260923-0003,Collected short stories,Books,GW-003,DEMO-CASH_MONKEY-0003,276 - Goodwill Michiana,Goodwillbooks,1,32.27,5.99,0.00,3.22,35.04,cash_monkey_replica,true,one row per unit,2026-09-23,UTC,USD
CM-20260923-0004,CM-20260923-0004-U1,2026-09-23,DEMO-CASH_MONKEY-20260923-0004,Paperback history,Books,GW-004,DEMO-CASH_MONKEY-0004,277 - Goodwill Michiana (Stores),Amazon-MF,1,34.38,6.99,0.00,3.43,37.94,cash_monkey_replica,true,one row per unit,2026-09-23,UTC,USD
CM-20260923-0005,CM-20260923-0005-U1,2026-09-23,DEMO-CASH_MONKEY-20260923-0005,Engineering reference manual,Books,GW-005,DEMO-CASH_MONKEY-0005,276 - Goodwill Michiana,eBay,1,36.49,7.99,0.00,3.64,40.84,cash_monkey_replica,true,one row per unit,2026-09-23,UTC,USD
CM-20260923-0006,CM-20260923-0006-U1,2026-09-23,DEMO-CASH_MONKEY-20260923-0006,Hardcover regional cookbook,Books,GW-006,DEMO-CASH_MONKEY-0006,277 - Goodwill Michiana (Stores),Goodwillbooks,1,38.60,3.99,0.00,3.86,38.73,cash_monkey_replica,true,one row per unit,2026-09-23,UTC,USD
CM-20260923-0007,CM-20260923-0007-U1,2026-09-23,DEMO-CASH_MONKEY-20260923-0007,Collected short stories,Books,GW-007,DEMO-CASH_MONKEY-0007,276 - Goodwill Michiana,Amazon-MF,1,40.71,4.99,0.00,4.07,41.63,cash_monkey_replica,true,one row per unit,2026-09-23,UTC,USD
CM-20260923-0008,CM-20260923-0008-U1,2026-09-23,DEMO-CASH_MONKEY-20260923-0008,Paperback history,Books,GW-008,DEMO-CASH_MONKEY-0008,277 - Goodwill Michiana (Stores),eBay,1,42.82,5.99,0.00,4.28,44.53,cash_monkey_replica,true,one row per unit,2026-09-23,UTC,USD
CM-20260923-0009,CM-20260923-0009-U1,2026-09-23,DEMO-CASH_MONKEY-20260923-0009,Engineering reference manual,Books,GW-009,DEMO-CASH_MONKEY-0009,276 - Goodwill Michiana,Goodwillbooks,1,44.93,6.99,0.00,4.49,47.43,cash_monkey_replica,true,one row per unit,2026-09-23,UTC,USD
CM-20260923-0010,CM-20260923-0010-U1,2026-09-23,DEMO-CASH_MONKEY-20260923-0010,Hardcover regional cookbook,Books,GW-010,DEMO-CASH_MONKEY-0010,277 - Goodwill Michiana (Stores),Amazon-MF,1,47.04,7.99,0.00,4.70,50.33,cash_monkey_replica,true,one row per unit,2026-09-23,UTC,USD
CM-20260923-0011,CM-20260923-0011-U1,2026-09-23,DEMO-CASH_MONKEY-20260923-0011,Collected short stories,Books,GW-011,DEMO-CASH_MONKEY-0011,276 - Goodwill Michiana,eBay,1,49.15,3.99,0.00,4.91,48.23,cash_monkey_replica,true,one row per unit,2026-09-23,UTC,USD
CM-20260923-0012,CM-20260923-0012-U1,2026-09-23,DEMO-CASH_MONKEY-20260923-0012,Paperback history,Books,GW-012,DEMO-CASH_MONKEY-0012,277 - Goodwill Michiana (Stores),Goodwillbooks,1,51.26,4.99,0.00,5.12,51.13,cash_monkey_replica,true,one row per unit,2026-09-23,UTC,USD
CM-20260923-0013,CM-20260923-0013-U1,2026-09-23,DEMO-CASH_MONKEY-20260923-0013,Engineering reference manual,Books,GW-013,DEMO-CASH_MONKEY-0013,276 - Goodwill Michiana,Amazon-MF,1,53.37,5.99,0.00,5.33,54.03,cash_monkey_replica,true,one row per unit,2026-09-23,UTC,USD
CM-20260923-0014,CM-20260923-0014-U1,2026-09-23,DEMO-CASH_MONKEY-20260923-0014,Hardcover regional cookbook,Books,GW-014,DEMO-CASH_MONKEY-0014,277 - Goodwill Michiana (Stores),eBay,1,55.48,6.99,0.00,5.54,56.93,cash_monkey_replica,true,one row per unit,2026-09-23,UTC,USD
CM-20260923-0015,CM-20260923-0015-U1,2026-09-23,DEMO-CASH_MONKEY-20260923-0015,Collected short stories,Books,GW-015,DEMO-CASH_MONKEY-0015,276 - Goodwill Michiana,Goodwillbooks,1,57.59,7.99,0.00,5.75,59.83,cash_monkey_replica,true,one row per unit,2026-09-23,UTC,USD
CM-20260923-0016,CM-20260923-0016-U1,2026-09-23,DEMO-CASH_MONKEY-20260923-0016,Paperback history,Books,GW-016,DEMO-CASH_MONKEY-0016,277 - Goodwill Michiana (Stores),Amazon-MF,1,59.70,3.99,0.00,5.97,57.72,cash_monkey_replica,true,one row per unit,2026-09-23,UTC,USD
CM-20260923-0016,CM-20260923-0016-U2,2026-09-23,DEMO-CASH_MONKEY-20260923-0016,Paperback history,Books,GW-016,DEMO-CASH_MONKEY-0016,277 - Goodwill Michiana (Stores),Amazon-MF,1,59.70,3.99,0.00,5.97,57.72,cash_monkey_replica,true,one row per unit,2026-09-23,UTC,USD
CM-20260923-0017,CM-20260923-0017-U1,2026-09-23,DEMO-CASH_MONKEY-20260923-0017,Engineering reference manual,Books,GW-017,DEMO-CASH_MONKEY-0017,276 - Goodwill Michiana,eBay,1,61.81,4.99,0.00,6.18,60.62,cash_monkey_replica,true,one row per unit,2026-09-23,UTC,USD
CM-20260923-0018,CM-20260923-0018-U1,2026-09-23,DEMO-CASH_MONKEY-20260923-0018,Hardcover regional cookbook,Books,GW-018,DEMO-CASH_MONKEY-0018,277 - Goodwill Michiana (Stores),Goodwillbooks,1,63.92,5.99,31.96,6.39,31.56,cash_monkey_replica,true,one row per unit,2026-09-23,UTC,USD
CM-20260923-0019,CM-20260923-0019-U1,2026-09-23,DEMO-CASH_MONKEY-20260923-0019,Collected short stories,Books,GW-019,DEMO-CASH_MONKEY-0019,276 - Goodwill Michiana,Amazon-MF,1,66.03,6.99,0.00,6.60,66.42,cash_monkey_replica,true,one row per unit,2026-09-23,UTC,USD
CM-20260923-0020,CM-20260923-0020-U1,2026-09-23,DEMO-CASH_MONKEY-20260923-0020,Paperback history,Books,GW-020,DEMO-CASH_MONKEY-0020,277 - Goodwill Michiana (Stores),eBay,1,68.14,7.99,0.00,6.81,69.32,cash_monkey_replica,true,one row per unit,2026-09-23,UTC,USD
CM-20260923-0021,CM-20260923-0021-U1,2026-09-23,DEMO-CASH_MONKEY-20260923-0021,Engineering reference manual,Books,GW-021,DEMO-CASH_MONKEY-0021,276 - Goodwill Michiana,Goodwillbooks,1,70.25,3.99,0.00,7.02,67.22,cash_monkey_replica,true,one row per unit,2026-09-23,UTC,USD
CM-20260923-0022,CM-20260923-0022-U1,2026-09-23,DEMO-CASH_MONKEY-20260923-0022,Hardcover regional cookbook,Books,GW-022,DEMO-CASH_MONKEY-0022,277 - Goodwill Michiana (Stores),Amazon-MF,1,72.36,4.99,0.00,7.23,70.12,cash_monkey_replica,true,one row per unit,2026-09-23,UTC,USD
CM-20260923-0023,CM-20260923-0023-U1,2026-09-23,DEMO-CASH_MONKEY-20260923-0023,Collected short stories,Books,GW-023,DEMO-CASH_MONKEY-0023,276 - Goodwill Michiana,eBay,1,74.47,5.99,0.00,7.44,73.02,cash_monkey_replica,true,one row per unit,2026-09-23,UTC,USD
CM-20260923-0024,CM-20260923-0024-U1,2026-09-23,DEMO-CASH_MONKEY-20260923-0024,Paperback history,Books,GW-024,DEMO-CASH_MONKEY-0024,277 - Goodwill Michiana (Stores),Goodwillbooks,1,76.58,6.99,0.00,7.65,75.92,cash_monkey_replica,true,one row per unit,2026-09-23,UTC,USD
CM-20260923-0025,CM-20260923-0025-U1,2026-09-23,DEMO-CASH_MONKEY-20260923-0025,Engineering reference manual,Books,GW-001,DEMO-CASH_MONKEY-0025,276 - Goodwill Michiana,Amazon-MF,1,78.69,7.99,0.00,7.86,78.82,cash_monkey_replica,true,one row per unit,2026-09-23,UTC,USD
CM-20260923-0026,CM-20260923-0026-U1,2026-09-23,DEMO-CASH_MONKEY-20260923-0026,Hardcover regional cookbook,Books,GW-002,DEMO-CASH_MONKEY-0026,277 - Goodwill Michiana (Stores),eBay,1,80.80,3.99,0.00,8.08,76.71,cash_monkey_replica,true,one row per unit,2026-09-23,UTC,USD
CM-20260923-0027,CM-20260923-0027-U1,2026-09-23,DEMO-CASH_MONKEY-20260923-0027,Collected short stories,Books,GW-003,DEMO-CASH_MONKEY-0027,276 - Goodwill Michiana,Goodwillbooks,1,82.91,4.99,0.00,8.29,79.61,cash_monkey_replica,true,one row per unit,2026-09-23,UTC,USD
CM-20260923-0028,CM-20260923-0028-U1,2026-09-23,DEMO-CASH_MONKEY-20260923-0028,Paperback history,Books,GW-004,DEMO-CASH_MONKEY-0028,277 - Goodwill Michiana (Stores),Amazon-MF,1,85.02,5.99,0.00,8.50,82.51,cash_monkey_replica,true,one row per unit,2026-09-23,UTC,USD
CM-20260923-0029,CM-20260923-0029-U1,2026-09-23,DEMO-CASH_MONKEY-20260923-0029,Engineering reference manual,Books,GW-005,DEMO-CASH_MONKEY-0029,276 - Goodwill Michiana,eBay,1,87.13,6.99,0.00,8.71,85.41,cash_monkey_replica,true,one row per unit,2026-09-23,UTC,USD
CM-20260923-0030,CM-20260923-0030-U1,2026-09-23,DEMO-CASH_MONKEY-20260923-0030,Hardcover regional cookbook,Books,GW-006,DEMO-CASH_MONKEY-0030,277 - Goodwill Michiana (Stores),Goodwillbooks,1,89.24,7.99,0.00,8.92,88.31,cash_monkey_replica,true,one row per unit,2026-09-23,UTC,USD
CM-20260924-0001,CM-20260924-0001-U1,2026-09-24,DEMO-CASH_MONKEY-20260924-0001,Engineering reference manual,Books,GW-001,DEMO-CASH_MONKEY-0001,276 - Goodwill Michiana,Amazon-MF,1,29.42,3.99,14.71,2.94,15.76,cash_monkey_replica,true,one row per unit,2026-09-24,UTC,USD
CM-20260924-0001,CM-20260924-0001-U2,2026-09-24,DEMO-CASH_MONKEY-20260924-0001,Engineering reference manual,Books,GW-001,DEMO-CASH_MONKEY-0001,276 - Goodwill Michiana,Amazon-MF,1,29.42,3.99,14.71,2.94,15.76,cash_monkey_replica,true,one row per unit,2026-09-24,UTC,USD
CM-20260924-0002,CM-20260924-0002-U1,2026-09-24,DEMO-CASH_MONKEY-20260924-0002,Hardcover regional cookbook,Books,GW-002,DEMO-CASH_MONKEY-0002,277 - Goodwill Michiana (Stores),eBay,1,31.53,4.99,0.00,3.15,33.37,cash_monkey_replica,true,one row per unit,2026-09-24,UTC,USD
CM-20260924-0003,CM-20260924-0003-U1,2026-09-24,DEMO-CASH_MONKEY-20260924-0003,Collected short stories,Books,GW-003,DEMO-CASH_MONKEY-0003,276 - Goodwill Michiana,Goodwillbooks,1,33.64,5.99,0.00,3.36,36.27,cash_monkey_replica,true,one row per unit,2026-09-24,UTC,USD
CM-20260924-0004,CM-20260924-0004-U1,2026-09-24,DEMO-CASH_MONKEY-20260924-0004,Paperback history,Books,GW-004,DEMO-CASH_MONKEY-0004,277 - Goodwill Michiana (Stores),Amazon-MF,1,35.75,6.99,0.00,3.57,39.17,cash_monkey_replica,true,one row per unit,2026-09-24,UTC,USD
CM-20260924-0005,CM-20260924-0005-U1,2026-09-24,DEMO-CASH_MONKEY-20260924-0005,Engineering reference manual,Books,GW-005,DEMO-CASH_MONKEY-0005,276 - Goodwill Michiana,eBay,1,37.86,7.99,0.00,3.78,42.07,cash_monkey_replica,true,one row per unit,2026-09-24,UTC,USD
CM-20260924-0006,CM-20260924-0006-U1,2026-09-24,DEMO-CASH_MONKEY-20260924-0006,Hardcover regional cookbook,Books,GW-006,DEMO-CASH_MONKEY-0006,277 - Goodwill Michiana (Stores),Goodwillbooks,1,39.97,3.99,0.00,3.99,39.97,cash_monkey_replica,true,one row per unit,2026-09-24,UTC,USD
CM-20260924-0007,CM-20260924-0007-U1,2026-09-24,DEMO-CASH_MONKEY-20260924-0007,Collected short stories,Books,GW-007,DEMO-CASH_MONKEY-0007,276 - Goodwill Michiana,Amazon-MF,1,42.08,4.99,0.00,4.20,42.87,cash_monkey_replica,true,one row per unit,2026-09-24,UTC,USD
CM-20260924-0008,CM-20260924-0008-U1,2026-09-24,DEMO-CASH_MONKEY-20260924-0008,Paperback history,Books,GW-008,DEMO-CASH_MONKEY-0008,277 - Goodwill Michiana (Stores),eBay,1,44.19,5.99,0.00,4.41,45.77,cash_monkey_replica,true,one row per unit,2026-09-24,UTC,USD
CM-20260924-0009,CM-20260924-0009-U1,2026-09-24,DEMO-CASH_MONKEY-20260924-0009,Engineering reference manual,Books,GW-009,DEMO-CASH_MONKEY-0009,276 - Goodwill Michiana,Goodwillbooks,1,46.30,6.99,0.00,4.63,48.66,cash_monkey_replica,true,one row per unit,2026-09-24,UTC,USD
CM-20260924-0010,CM-20260924-0010-U1,2026-09-24,DEMO-CASH_MONKEY-20260924-0010,Hardcover regional cookbook,Books,GW-010,DEMO-CASH_MONKEY-0010,277 - Goodwill Michiana (Stores),Amazon-MF,1,48.41,7.99,0.00,4.84,51.56,cash_monkey_replica,true,one row per unit,2026-09-24,UTC,USD
CM-20260924-0011,CM-20260924-0011-U1,2026-09-24,DEMO-CASH_MONKEY-20260924-0011,Collected short stories,Books,GW-011,DEMO-CASH_MONKEY-0011,276 - Goodwill Michiana,eBay,1,50.52,3.99,0.00,5.05,49.46,cash_monkey_replica,true,one row per unit,2026-09-24,UTC,USD
CM-20260924-0012,CM-20260924-0012-U1,2026-09-24,DEMO-CASH_MONKEY-20260924-0012,Paperback history,Books,GW-012,DEMO-CASH_MONKEY-0012,277 - Goodwill Michiana (Stores),Goodwillbooks,1,52.63,4.99,0.00,5.26,52.36,cash_monkey_replica,true,one row per unit,2026-09-24,UTC,USD
CM-20260924-0013,CM-20260924-0013-U1,2026-09-24,DEMO-CASH_MONKEY-20260924-0013,Engineering reference manual,Books,GW-013,DEMO-CASH_MONKEY-0013,276 - Goodwill Michiana,Amazon-MF,1,54.74,5.99,0.00,5.47,55.26,cash_monkey_replica,true,one row per unit,2026-09-24,UTC,USD
CM-20260924-0014,CM-20260924-0014-U1,2026-09-24,DEMO-CASH_MONKEY-20260924-0014,Hardcover regional cookbook,Books,GW-014,DEMO-CASH_MONKEY-0014,277 - Goodwill Michiana (Stores),eBay,1,56.85,6.99,0.00,5.68,58.16,cash_monkey_replica,true,one row per unit,2026-09-24,UTC,USD
CM-20260924-0015,CM-20260924-0015-U1,2026-09-24,DEMO-CASH_MONKEY-20260924-0015,Collected short stories,Books,GW-015,DEMO-CASH_MONKEY-0015,276 - Goodwill Michiana,Goodwillbooks,1,58.96,7.99,0.00,5.89,61.06,cash_monkey_replica,true,one row per unit,2026-09-24,UTC,USD
CM-20260924-0016,CM-20260924-0016-U1,2026-09-24,DEMO-CASH_MONKEY-20260924-0016,Paperback history,Books,GW-016,DEMO-CASH_MONKEY-0016,277 - Goodwill Michiana (Stores),Amazon-MF,1,61.07,3.99,0.00,6.10,58.96,cash_monkey_replica,true,one row per unit,2026-09-24,UTC,USD
CM-20260924-0016,CM-20260924-0016-U2,2026-09-24,DEMO-CASH_MONKEY-20260924-0016,Paperback history,Books,GW-016,DEMO-CASH_MONKEY-0016,277 - Goodwill Michiana (Stores),Amazon-MF,1,61.07,3.99,0.00,6.10,58.96,cash_monkey_replica,true,one row per unit,2026-09-24,UTC,USD
CM-20260924-0017,CM-20260924-0017-U1,2026-09-24,DEMO-CASH_MONKEY-20260924-0017,Engineering reference manual,Books,GW-017,DEMO-CASH_MONKEY-0017,276 - Goodwill Michiana,eBay,1,63.18,4.99,0.00,6.31,61.86,cash_monkey_replica,true,one row per unit,2026-09-24,UTC,USD
CM-20260924-0018,CM-20260924-0018-U1,2026-09-24,DEMO-CASH_MONKEY-20260924-0018,Hardcover regional cookbook,Books,GW-018,DEMO-CASH_MONKEY-0018,277 - Goodwill Michiana (Stores),Goodwillbooks,1,65.29,5.99,32.64,6.52,32.12,cash_monkey_replica,true,one row per unit,2026-09-24,UTC,USD
CM-20260924-0019,CM-20260924-0019-U1,2026-09-24,DEMO-CASH_MONKEY-20260924-0019,Collected short stories,Books,GW-019,DEMO-CASH_MONKEY-0019,276 - Goodwill Michiana,Amazon-MF,1,67.40,6.99,0.00,6.74,67.65,cash_monkey_replica,true,one row per unit,2026-09-24,UTC,USD
CM-20260924-0020,CM-20260924-0020-U1,2026-09-24,DEMO-CASH_MONKEY-20260924-0020,Paperback history,Books,GW-020,DEMO-CASH_MONKEY-0020,277 - Goodwill Michiana (Stores),eBay,1,69.51,7.99,0.00,6.95,70.55,cash_monkey_replica,true,one row per unit,2026-09-24,UTC,USD
CM-20260924-0021,CM-20260924-0021-U1,2026-09-24,DEMO-CASH_MONKEY-20260924-0021,Engineering reference manual,Books,GW-021,DEMO-CASH_MONKEY-0021,276 - Goodwill Michiana,Goodwillbooks,1,71.62,3.99,0.00,7.16,68.45,cash_monkey_replica,true,one row per unit,2026-09-24,UTC,USD
CM-20260924-0022,CM-20260924-0022-U1,2026-09-24,DEMO-CASH_MONKEY-20260924-0022,Hardcover regional cookbook,Books,GW-022,DEMO-CASH_MONKEY-0022,277 - Goodwill Michiana (Stores),Amazon-MF,1,73.73,4.99,0.00,7.37,71.35,cash_monkey_replica,true,one row per unit,2026-09-24,UTC,USD
CM-20260924-0023,CM-20260924-0023-U1,2026-09-24,DEMO-CASH_MONKEY-20260924-0023,Collected short stories,Books,GW-023,DEMO-CASH_MONKEY-0023,276 - Goodwill Michiana,eBay,1,75.84,5.99,0.00,7.58,74.25,cash_monkey_replica,true,one row per unit,2026-09-24,UTC,USD
CM-20260924-0024,CM-20260924-0024-U1,2026-09-24,DEMO-CASH_MONKEY-20260924-0024,Paperback history,Books,GW-024,DEMO-CASH_MONKEY-0024,277 - Goodwill Michiana (Stores),Goodwillbooks,1,77.95,6.99,0.00,7.79,77.15,cash_monkey_replica,true,one row per unit,2026-09-24,UTC,USD
CM-20260924-0025,CM-20260924-0025-U1,2026-09-24,DEMO-CASH_MONKEY-20260924-0025,Engineering reference manual,Books,GW-001,DEMO-CASH_MONKEY-0025,276 - Goodwill Michiana,Amazon-MF,1,80.06,7.99,0.00,8.00,80.05,cash_monkey_replica,true,one row per unit,2026-09-24,UTC,USD
CM-20260924-0026,CM-20260924-0026-U1,2026-09-24,DEMO-CASH_MONKEY-20260924-0026,Hardcover regional cookbook,Books,GW-002,DEMO-CASH_MONKEY-0026,277 - Goodwill Michiana (Stores),eBay,1,82.17,3.99,0.00,8.21,77.95,cash_monkey_replica,true,one row per unit,2026-09-24,UTC,USD
CM-20260924-0027,CM-20260924-0027-U1,2026-09-24,DEMO-CASH_MONKEY-20260924-0027,Collected short stories,Books,GW-003,DEMO-CASH_MONKEY-0027,276 - Goodwill Michiana,Goodwillbooks,1,84.28,4.99,0.00,8.42,80.85,cash_monkey_replica,true,one row per unit,2026-09-24,UTC,USD
CM-20260924-0028,CM-20260924-0028-U1,2026-09-24,DEMO-CASH_MONKEY-20260924-0028,Paperback history,Books,GW-004,DEMO-CASH_MONKEY-0028,277 - Goodwill Michiana (Stores),Amazon-MF,1,86.39,5.99,0.00,8.63,83.75,cash_monkey_replica,true,one row per unit,2026-09-24,UTC,USD
CM-20260924-0029,CM-20260924-0029-U1,2026-09-24,DEMO-CASH_MONKEY-20260924-0029,Engineering reference manual,Books,GW-005,DEMO-CASH_MONKEY-0029,276 - Goodwill Michiana,eBay,1,88.50,6.99,0.00,8.85,86.64,cash_monkey_replica,true,one row per unit,2026-09-24,UTC,USD
CM-20260924-0030,CM-20260924-0030-U1,2026-09-24,DEMO-CASH_MONKEY-20260924-0030,Hardcover regional cookbook,Books,GW-006,DEMO-CASH_MONKEY-0030,277 - Goodwill Michiana (Stores),Goodwillbooks,1,5.61,7.99,0.00,0.56,13.04,cash_monkey_replica,true,one row per unit,2026-09-24,UTC,USD
CM-20260925-0001,CM-20260925-0001-U1,2026-09-25,DEMO-CASH_MONKEY-20260925-0001,Engineering reference manual,Books,GW-001,DEMO-CASH_MONKEY-0001,276 - Goodwill Michiana,Amazon-MF,1,30.79,3.99,15.39,3.07,16.32,cash_monkey_replica,true,one row per unit,2026-09-25,UTC,USD
CM-20260925-0001,CM-20260925-0001-U2,2026-09-25,DEMO-CASH_MONKEY-20260925-0001,Engineering reference manual,Books,GW-001,DEMO-CASH_MONKEY-0001,276 - Goodwill Michiana,Amazon-MF,1,30.79,3.99,15.39,3.07,16.32,cash_monkey_replica,true,one row per unit,2026-09-25,UTC,USD
CM-20260925-0002,CM-20260925-0002-U1,2026-09-25,DEMO-CASH_MONKEY-20260925-0002,Hardcover regional cookbook,Books,GW-002,DEMO-CASH_MONKEY-0002,277 - Goodwill Michiana (Stores),eBay,1,32.90,4.99,0.00,3.29,34.60,cash_monkey_replica,true,one row per unit,2026-09-25,UTC,USD
CM-20260925-0003,CM-20260925-0003-U1,2026-09-25,DEMO-CASH_MONKEY-20260925-0003,Collected short stories,Books,GW-003,DEMO-CASH_MONKEY-0003,276 - Goodwill Michiana,Goodwillbooks,1,35.01,5.99,0.00,3.50,37.50,cash_monkey_replica,true,one row per unit,2026-09-25,UTC,USD
CM-20260925-0004,CM-20260925-0004-U1,2026-09-25,DEMO-CASH_MONKEY-20260925-0004,Paperback history,Books,GW-004,DEMO-CASH_MONKEY-0004,277 - Goodwill Michiana (Stores),Amazon-MF,1,37.12,6.99,0.00,3.71,40.40,cash_monkey_replica,true,one row per unit,2026-09-25,UTC,USD
CM-20260925-0005,CM-20260925-0005-U1,2026-09-25,DEMO-CASH_MONKEY-20260925-0005,Engineering reference manual,Books,GW-005,DEMO-CASH_MONKEY-0005,276 - Goodwill Michiana,eBay,1,39.23,7.99,0.00,3.92,43.30,cash_monkey_replica,true,one row per unit,2026-09-25,UTC,USD
CM-20260925-0006,CM-20260925-0006-U1,2026-09-25,DEMO-CASH_MONKEY-20260925-0006,Hardcover regional cookbook,Books,GW-006,DEMO-CASH_MONKEY-0006,277 - Goodwill Michiana (Stores),Goodwillbooks,1,41.34,3.99,0.00,4.13,41.20,cash_monkey_replica,true,one row per unit,2026-09-25,UTC,USD
CM-20260925-0007,CM-20260925-0007-U1,2026-09-25,DEMO-CASH_MONKEY-20260925-0007,Collected short stories,Books,GW-007,DEMO-CASH_MONKEY-0007,276 - Goodwill Michiana,Amazon-MF,1,43.45,4.99,0.00,4.34,44.10,cash_monkey_replica,true,one row per unit,2026-09-25,UTC,USD
CM-20260925-0008,CM-20260925-0008-U1,2026-09-25,DEMO-CASH_MONKEY-20260925-0008,Paperback history,Books,GW-008,DEMO-CASH_MONKEY-0008,277 - Goodwill Michiana (Stores),eBay,1,45.56,5.99,0.00,4.55,47.00,cash_monkey_replica,true,one row per unit,2026-09-25,UTC,USD
CM-20260925-0009,CM-20260925-0009-U1,2026-09-25,DEMO-CASH_MONKEY-20260925-0009,Engineering reference manual,Books,GW-009,DEMO-CASH_MONKEY-0009,276 - Goodwill Michiana,Goodwillbooks,1,47.67,6.99,0.00,4.76,49.90,cash_monkey_replica,true,one row per unit,2026-09-25,UTC,USD
CM-20260925-0010,CM-20260925-0010-U1,2026-09-25,DEMO-CASH_MONKEY-20260925-0010,Hardcover regional cookbook,Books,GW-010,DEMO-CASH_MONKEY-0010,277 - Goodwill Michiana (Stores),Amazon-MF,1,49.78,7.99,0.00,4.97,52.80,cash_monkey_replica,true,one row per unit,2026-09-25,UTC,USD
CM-20260925-0011,CM-20260925-0011-U1,2026-09-25,DEMO-CASH_MONKEY-20260925-0011,Collected short stories,Books,GW-011,DEMO-CASH_MONKEY-0011,276 - Goodwill Michiana,eBay,1,51.89,3.99,0.00,5.18,50.70,cash_monkey_replica,true,one row per unit,2026-09-25,UTC,USD
CM-20260925-0012,CM-20260925-0012-U1,2026-09-25,DEMO-CASH_MONKEY-20260925-0012,Paperback history,Books,GW-012,DEMO-CASH_MONKEY-0012,277 - Goodwill Michiana (Stores),Goodwillbooks,1,54.00,4.99,0.00,5.40,53.59,cash_monkey_replica,true,one row per unit,2026-09-25,UTC,USD
CM-20260925-0013,CM-20260925-0013-U1,2026-09-25,DEMO-CASH_MONKEY-20260925-0013,Engineering reference manual,Books,GW-013,DEMO-CASH_MONKEY-0013,276 - Goodwill Michiana,Amazon-MF,1,56.11,5.99,0.00,5.61,56.49,cash_monkey_replica,true,one row per unit,2026-09-25,UTC,USD
CM-20260925-0014,CM-20260925-0014-U1,2026-09-25,DEMO-CASH_MONKEY-20260925-0014,Hardcover regional cookbook,Books,GW-014,DEMO-CASH_MONKEY-0014,277 - Goodwill Michiana (Stores),eBay,1,58.22,6.99,0.00,5.82,59.39,cash_monkey_replica,true,one row per unit,2026-09-25,UTC,USD
CM-20260925-0015,CM-20260925-0015-U1,2026-09-25,DEMO-CASH_MONKEY-20260925-0015,Collected short stories,Books,GW-015,DEMO-CASH_MONKEY-0015,276 - Goodwill Michiana,Goodwillbooks,1,60.33,7.99,0.00,6.03,62.29,cash_monkey_replica,true,one row per unit,2026-09-25,UTC,USD
CM-20260925-0016,CM-20260925-0016-U1,2026-09-25,DEMO-CASH_MONKEY-20260925-0016,Paperback history,Books,GW-016,DEMO-CASH_MONKEY-0016,277 - Goodwill Michiana (Stores),Amazon-MF,1,62.44,3.99,0.00,6.24,60.19,cash_monkey_replica,true,one row per unit,2026-09-25,UTC,USD
CM-20260925-0016,CM-20260925-0016-U2,2026-09-25,DEMO-CASH_MONKEY-20260925-0016,Paperback history,Books,GW-016,DEMO-CASH_MONKEY-0016,277 - Goodwill Michiana (Stores),Amazon-MF,1,62.44,3.99,0.00,6.24,60.19,cash_monkey_replica,true,one row per unit,2026-09-25,UTC,USD
CM-20260925-0017,CM-20260925-0017-U1,2026-09-25,DEMO-CASH_MONKEY-20260925-0017,Engineering reference manual,Books,GW-017,DEMO-CASH_MONKEY-0017,276 - Goodwill Michiana,eBay,1,64.55,4.99,0.00,6.45,63.09,cash_monkey_replica,true,one row per unit,2026-09-25,UTC,USD
CM-20260925-0018,CM-20260925-0018-U1,2026-09-25,DEMO-CASH_MONKEY-20260925-0018,Hardcover regional cookbook,Books,GW-018,DEMO-CASH_MONKEY-0018,277 - Goodwill Michiana (Stores),Goodwillbooks,1,66.66,5.99,33.33,6.66,32.66,cash_monkey_replica,true,one row per unit,2026-09-25,UTC,USD
CM-20260925-0019,CM-20260925-0019-U1,2026-09-25,DEMO-CASH_MONKEY-20260925-0019,Collected short stories,Books,GW-019,DEMO-CASH_MONKEY-0019,276 - Goodwill Michiana,Amazon-MF,1,68.77,6.99,0.00,6.87,68.89,cash_monkey_replica,true,one row per unit,2026-09-25,UTC,USD
CM-20260925-0020,CM-20260925-0020-U1,2026-09-25,DEMO-CASH_MONKEY-20260925-0020,Paperback history,Books,GW-020,DEMO-CASH_MONKEY-0020,277 - Goodwill Michiana (Stores),eBay,1,70.88,7.99,0.00,7.08,71.79,cash_monkey_replica,true,one row per unit,2026-09-25,UTC,USD
CM-20260925-0021,CM-20260925-0021-U1,2026-09-25,DEMO-CASH_MONKEY-20260925-0021,Engineering reference manual,Books,GW-021,DEMO-CASH_MONKEY-0021,276 - Goodwill Michiana,Goodwillbooks,1,72.99,3.99,0.00,7.29,69.69,cash_monkey_replica,true,one row per unit,2026-09-25,UTC,USD
CM-20260925-0022,CM-20260925-0022-U1,2026-09-25,DEMO-CASH_MONKEY-20260925-0022,Hardcover regional cookbook,Books,GW-022,DEMO-CASH_MONKEY-0022,277 - Goodwill Michiana (Stores),Amazon-MF,1,75.10,4.99,0.00,7.51,72.58,cash_monkey_replica,true,one row per unit,2026-09-25,UTC,USD
CM-20260925-0023,CM-20260925-0023-U1,2026-09-25,DEMO-CASH_MONKEY-20260925-0023,Collected short stories,Books,GW-023,DEMO-CASH_MONKEY-0023,276 - Goodwill Michiana,eBay,1,77.21,5.99,0.00,7.72,75.48,cash_monkey_replica,true,one row per unit,2026-09-25,UTC,USD
CM-20260925-0024,CM-20260925-0024-U1,2026-09-25,DEMO-CASH_MONKEY-20260925-0024,Paperback history,Books,GW-024,DEMO-CASH_MONKEY-0024,277 - Goodwill Michiana (Stores),Goodwillbooks,1,79.32,6.99,0.00,7.93,78.38,cash_monkey_replica,true,one row per unit,2026-09-25,UTC,USD
CM-20260925-0025,CM-20260925-0025-U1,2026-09-25,DEMO-CASH_MONKEY-20260925-0025,Engineering reference manual,Books,GW-001,DEMO-CASH_MONKEY-0025,276 - Goodwill Michiana,Amazon-MF,1,81.43,7.99,0.00,8.14,81.28,cash_monkey_replica,true,one row per unit,2026-09-25,UTC,USD
CM-20260925-0026,CM-20260925-0026-U1,2026-09-25,DEMO-CASH_MONKEY-20260925-0026,Hardcover regional cookbook,Books,GW-002,DEMO-CASH_MONKEY-0026,277 - Goodwill Michiana (Stores),eBay,1,83.54,3.99,0.00,8.35,79.18,cash_monkey_replica,true,one row per unit,2026-09-25,UTC,USD
CM-20260925-0027,CM-20260925-0027-U1,2026-09-25,DEMO-CASH_MONKEY-20260925-0027,Collected short stories,Books,GW-003,DEMO-CASH_MONKEY-0027,276 - Goodwill Michiana,Goodwillbooks,1,85.65,4.99,0.00,8.56,82.08,cash_monkey_replica,true,one row per unit,2026-09-25,UTC,USD
CM-20260925-0028,CM-20260925-0028-U1,2026-09-25,DEMO-CASH_MONKEY-20260925-0028,Paperback history,Books,GW-004,DEMO-CASH_MONKEY-0028,277 - Goodwill Michiana (Stores),Amazon-MF,1,87.76,5.99,0.00,8.77,84.98,cash_monkey_replica,true,one row per unit,2026-09-25,UTC,USD
CM-20260925-0029,CM-20260925-0029-U1,2026-09-25,DEMO-CASH_MONKEY-20260925-0029,Engineering reference manual,Books,GW-005,DEMO-CASH_MONKEY-0029,276 - Goodwill Michiana,eBay,1,89.87,6.99,0.00,8.98,87.88,cash_monkey_replica,true,one row per unit,2026-09-25,UTC,USD
CM-20260925-0030,CM-20260925-0030-U1,2026-09-25,DEMO-CASH_MONKEY-20260925-0030,Hardcover regional cookbook,Books,GW-006,DEMO-CASH_MONKEY-0030,277 - Goodwill Michiana (Stores),Goodwillbooks,1,6.98,7.99,0.00,0.69,14.28,cash_monkey_replica,true,one row per unit,2026-09-25,UTC,USD
CM-20260926-0001,CM-20260926-0001-U1,2026-09-26,DEMO-CASH_MONKEY-20260926-0001,Engineering reference manual,Books,GW-001,DEMO-CASH_MONKEY-0001,276 - Goodwill Michiana,Amazon-MF,1,32.16,3.99,16.08,3.21,16.86,cash_monkey_replica,true,one row per unit,2026-09-26,UTC,USD
CM-20260926-0001,CM-20260926-0001-U2,2026-09-26,DEMO-CASH_MONKEY-20260926-0001,Engineering reference manual,Books,GW-001,DEMO-CASH_MONKEY-0001,276 - Goodwill Michiana,Amazon-MF,1,32.16,3.99,16.08,3.21,16.86,cash_monkey_replica,true,one row per unit,2026-09-26,UTC,USD
CM-20260926-0002,CM-20260926-0002-U1,2026-09-26,DEMO-CASH_MONKEY-20260926-0002,Hardcover regional cookbook,Books,GW-002,DEMO-CASH_MONKEY-0002,277 - Goodwill Michiana (Stores),eBay,1,34.27,4.99,0.00,3.42,35.84,cash_monkey_replica,true,one row per unit,2026-09-26,UTC,USD
CM-20260926-0003,CM-20260926-0003-U1,2026-09-26,DEMO-CASH_MONKEY-20260926-0003,Collected short stories,Books,GW-003,DEMO-CASH_MONKEY-0003,276 - Goodwill Michiana,Goodwillbooks,1,36.38,5.99,0.00,3.63,38.74,cash_monkey_replica,true,one row per unit,2026-09-26,UTC,USD
CM-20260926-0004,CM-20260926-0004-U1,2026-09-26,DEMO-CASH_MONKEY-20260926-0004,Paperback history,Books,GW-004,DEMO-CASH_MONKEY-0004,277 - Goodwill Michiana (Stores),Amazon-MF,1,38.49,6.99,0.00,3.84,41.64,cash_monkey_replica,true,one row per unit,2026-09-26,UTC,USD
CM-20260926-0005,CM-20260926-0005-U1,2026-09-26,DEMO-CASH_MONKEY-20260926-0005,Engineering reference manual,Books,GW-005,DEMO-CASH_MONKEY-0005,276 - Goodwill Michiana,eBay,1,40.60,7.99,0.00,4.06,44.53,cash_monkey_replica,true,one row per unit,2026-09-26,UTC,USD
CM-20260926-0006,CM-20260926-0006-U1,2026-09-26,DEMO-CASH_MONKEY-20260926-0006,Hardcover regional cookbook,Books,GW-006,DEMO-CASH_MONKEY-0006,277 - Goodwill Michiana (Stores),Goodwillbooks,1,42.71,3.99,0.00,4.27,42.43,cash_monkey_replica,true,one row per unit,2026-09-26,UTC,USD
CM-20260926-0007,CM-20260926-0007-U1,2026-09-26,DEMO-CASH_MONKEY-20260926-0007,Collected short stories,Books,GW-007,DEMO-CASH_MONKEY-0007,276 - Goodwill Michiana,Amazon-MF,1,44.82,4.99,0.00,4.48,45.33,cash_monkey_replica,true,one row per unit,2026-09-26,UTC,USD
CM-20260926-0008,CM-20260926-0008-U1,2026-09-26,DEMO-CASH_MONKEY-20260926-0008,Paperback history,Books,GW-008,DEMO-CASH_MONKEY-0008,277 - Goodwill Michiana (Stores),eBay,1,46.93,5.99,0.00,4.69,48.23,cash_monkey_replica,true,one row per unit,2026-09-26,UTC,USD
CM-20260926-0009,CM-20260926-0009-U1,2026-09-26,DEMO-CASH_MONKEY-20260926-0009,Engineering reference manual,Books,GW-009,DEMO-CASH_MONKEY-0009,276 - Goodwill Michiana,Goodwillbooks,1,49.04,6.99,0.00,4.90,51.13,cash_monkey_replica,true,one row per unit,2026-09-26,UTC,USD
CM-20260926-0010,CM-20260926-0010-U1,2026-09-26,DEMO-CASH_MONKEY-20260926-0010,Hardcover regional cookbook,Books,GW-010,DEMO-CASH_MONKEY-0010,277 - Goodwill Michiana (Stores),Amazon-MF,1,51.15,7.99,0.00,5.11,54.03,cash_monkey_replica,true,one row per unit,2026-09-26,UTC,USD
CM-20260926-0011,CM-20260926-0011-U1,2026-09-26,DEMO-CASH_MONKEY-20260926-0011,Collected short stories,Books,GW-011,DEMO-CASH_MONKEY-0011,276 - Goodwill Michiana,eBay,1,53.26,3.99,0.00,5.32,51.93,cash_monkey_replica,true,one row per unit,2026-09-26,UTC,USD
CM-20260926-0012,CM-20260926-0012-U1,2026-09-26,DEMO-CASH_MONKEY-20260926-0012,Paperback history,Books,GW-012,DEMO-CASH_MONKEY-0012,277 - Goodwill Michiana (Stores),Goodwillbooks,1,55.37,4.99,0.00,5.53,54.83,cash_monkey_replica,true,one row per unit,2026-09-26,UTC,USD
CM-20260926-0013,CM-20260926-0013-U1,2026-09-26,DEMO-CASH_MONKEY-20260926-0013,Engineering reference manual,Books,GW-013,DEMO-CASH_MONKEY-0013,276 - Goodwill Michiana,Amazon-MF,1,57.48,5.99,0.00,5.74,57.73,cash_monkey_replica,true,one row per unit,2026-09-26,UTC,USD
CM-20260926-0014,CM-20260926-0014-U1,2026-09-26,DEMO-CASH_MONKEY-20260926-0014,Hardcover regional cookbook,Books,GW-014,DEMO-CASH_MONKEY-0014,277 - Goodwill Michiana (Stores),eBay,1,59.59,6.99,0.00,5.95,60.63,cash_monkey_replica,true,one row per unit,2026-09-26,UTC,USD
CM-20260926-0015,CM-20260926-0015-U1,2026-09-26,DEMO-CASH_MONKEY-20260926-0015,Collected short stories,Books,GW-015,DEMO-CASH_MONKEY-0015,276 - Goodwill Michiana,Goodwillbooks,1,61.70,7.99,0.00,6.17,63.52,cash_monkey_replica,true,one row per unit,2026-09-26,UTC,USD
CM-20260926-0016,CM-20260926-0016-U1,2026-09-26,DEMO-CASH_MONKEY-20260926-0016,Paperback history,Books,GW-016,DEMO-CASH_MONKEY-0016,277 - Goodwill Michiana (Stores),Amazon-MF,1,63.81,3.99,0.00,6.38,61.42,cash_monkey_replica,true,one row per unit,2026-09-26,UTC,USD
CM-20260926-0016,CM-20260926-0016-U2,2026-09-26,DEMO-CASH_MONKEY-20260926-0016,Paperback history,Books,GW-016,DEMO-CASH_MONKEY-0016,277 - Goodwill Michiana (Stores),Amazon-MF,1,63.81,3.99,0.00,6.38,61.42,cash_monkey_replica,true,one row per unit,2026-09-26,UTC,USD
CM-20260926-0017,CM-20260926-0017-U1,2026-09-26,DEMO-CASH_MONKEY-20260926-0017,Engineering reference manual,Books,GW-017,DEMO-CASH_MONKEY-0017,276 - Goodwill Michiana,eBay,1,65.92,4.99,0.00,6.59,64.32,cash_monkey_replica,true,one row per unit,2026-09-26,UTC,USD
CM-20260926-0018,CM-20260926-0018-U1,2026-09-26,DEMO-CASH_MONKEY-20260926-0018,Hardcover regional cookbook,Books,GW-018,DEMO-CASH_MONKEY-0018,277 - Goodwill Michiana (Stores),Goodwillbooks,1,68.03,5.99,34.01,6.80,33.21,cash_monkey_replica,true,one row per unit,2026-09-26,UTC,USD
CM-20260926-0019,CM-20260926-0019-U1,2026-09-26,DEMO-CASH_MONKEY-20260926-0019,Collected short stories,Books,GW-019,DEMO-CASH_MONKEY-0019,276 - Goodwill Michiana,Amazon-MF,1,70.14,6.99,0.00,7.01,70.12,cash_monkey_replica,true,one row per unit,2026-09-26,UTC,USD
CM-20260926-0020,CM-20260926-0020-U1,2026-09-26,DEMO-CASH_MONKEY-20260926-0020,Paperback history,Books,GW-020,DEMO-CASH_MONKEY-0020,277 - Goodwill Michiana (Stores),eBay,1,72.25,7.99,0.00,7.22,73.02,cash_monkey_replica,true,one row per unit,2026-09-26,UTC,USD
CM-20260926-0021,CM-20260926-0021-U1,2026-09-26,DEMO-CASH_MONKEY-20260926-0021,Engineering reference manual,Books,GW-021,DEMO-CASH_MONKEY-0021,276 - Goodwill Michiana,Goodwillbooks,1,74.36,3.99,0.00,7.43,70.92,cash_monkey_replica,true,one row per unit,2026-09-26,UTC,USD
CM-20260926-0022,CM-20260926-0022-U1,2026-09-26,DEMO-CASH_MONKEY-20260926-0022,Hardcover regional cookbook,Books,GW-022,DEMO-CASH_MONKEY-0022,277 - Goodwill Michiana (Stores),Amazon-MF,1,76.47,4.99,0.00,7.64,73.82,cash_monkey_replica,true,one row per unit,2026-09-26,UTC,USD
CM-20260926-0023,CM-20260926-0023-U1,2026-09-26,DEMO-CASH_MONKEY-20260926-0023,Collected short stories,Books,GW-023,DEMO-CASH_MONKEY-0023,276 - Goodwill Michiana,eBay,1,78.58,5.99,0.00,7.85,76.72,cash_monkey_replica,true,one row per unit,2026-09-26,UTC,USD
CM-20260926-0024,CM-20260926-0024-U1,2026-09-26,DEMO-CASH_MONKEY-20260926-0024,Paperback history,Books,GW-024,DEMO-CASH_MONKEY-0024,277 - Goodwill Michiana (Stores),Goodwillbooks,1,80.69,6.99,0.00,8.06,79.62,cash_monkey_replica,true,one row per unit,2026-09-26,UTC,USD
CM-20260926-0025,CM-20260926-0025-U1,2026-09-26,DEMO-CASH_MONKEY-20260926-0025,Engineering reference manual,Books,GW-001,DEMO-CASH_MONKEY-0025,276 - Goodwill Michiana,Amazon-MF,1,82.80,7.99,0.00,8.28,82.51,cash_monkey_replica,true,one row per unit,2026-09-26,UTC,USD
CM-20260926-0026,CM-20260926-0026-U1,2026-09-26,DEMO-CASH_MONKEY-20260926-0026,Hardcover regional cookbook,Books,GW-002,DEMO-CASH_MONKEY-0026,277 - Goodwill Michiana (Stores),eBay,1,84.91,3.99,0.00,8.49,80.41,cash_monkey_replica,true,one row per unit,2026-09-26,UTC,USD
CM-20260926-0027,CM-20260926-0027-U1,2026-09-26,DEMO-CASH_MONKEY-20260926-0027,Collected short stories,Books,GW-003,DEMO-CASH_MONKEY-0027,276 - Goodwill Michiana,Goodwillbooks,1,87.02,4.99,0.00,8.70,83.31,cash_monkey_replica,true,one row per unit,2026-09-26,UTC,USD
CM-20260926-0028,CM-20260926-0028-U1,2026-09-26,DEMO-CASH_MONKEY-20260926-0028,Paperback history,Books,GW-004,DEMO-CASH_MONKEY-0028,277 - Goodwill Michiana (Stores),Amazon-MF,1,89.13,5.99,0.00,8.91,86.21,cash_monkey_replica,true,one row per unit,2026-09-26,UTC,USD
CM-20260926-0029,CM-20260926-0029-U1,2026-09-26,DEMO-CASH_MONKEY-20260926-0029,Engineering reference manual,Books,GW-005,DEMO-CASH_MONKEY-0029,276 - Goodwill Michiana,eBay,1,6.24,6.99,0.00,0.62,12.61,cash_monkey_replica,true,one row per unit,2026-09-26,UTC,USD
CM-20260926-0030,CM-20260926-0030-U1,2026-09-26,DEMO-CASH_MONKEY-20260926-0030,Hardcover regional cookbook,Books,GW-006,DEMO-CASH_MONKEY-0030,277 - Goodwill Michiana (Stores),Goodwillbooks,1,8.35,7.99,0.00,0.83,15.51,cash_monkey_replica,true,one row per unit,2026-09-26,UTC,USD
CM-20260927-0001,CM-20260927-0001-U1,2026-09-27,DEMO-CASH_MONKEY-20260927-0001,Engineering reference manual,Books,GW-001,DEMO-CASH_MONKEY-0001,276 - Goodwill Michiana,Amazon-MF,1,33.53,3.99,16.76,3.35,17.41,cash_monkey_replica,true,one row per unit,2026-09-27,UTC,USD
CM-20260927-0001,CM-20260927-0001-U2,2026-09-27,DEMO-CASH_MONKEY-20260927-0001,Engineering reference manual,Books,GW-001,DEMO-CASH_MONKEY-0001,276 - Goodwill Michiana,Amazon-MF,1,33.53,3.99,16.76,3.35,17.41,cash_monkey_replica,true,one row per unit,2026-09-27,UTC,USD
CM-20260927-0002,CM-20260927-0002-U1,2026-09-27,DEMO-CASH_MONKEY-20260927-0002,Hardcover regional cookbook,Books,GW-002,DEMO-CASH_MONKEY-0002,277 - Goodwill Michiana (Stores),eBay,1,35.64,4.99,0.00,3.56,37.07,cash_monkey_replica,true,one row per unit,2026-09-27,UTC,USD
CM-20260927-0003,CM-20260927-0003-U1,2026-09-27,DEMO-CASH_MONKEY-20260927-0003,Collected short stories,Books,GW-003,DEMO-CASH_MONKEY-0003,276 - Goodwill Michiana,Goodwillbooks,1,37.75,5.99,0.00,3.77,39.97,cash_monkey_replica,true,one row per unit,2026-09-27,UTC,USD
CM-20260927-0004,CM-20260927-0004-U1,2026-09-27,DEMO-CASH_MONKEY-20260927-0004,Paperback history,Books,GW-004,DEMO-CASH_MONKEY-0004,277 - Goodwill Michiana (Stores),Amazon-MF,1,39.86,6.99,0.00,3.98,42.87,cash_monkey_replica,true,one row per unit,2026-09-27,UTC,USD
CM-20260927-0005,CM-20260927-0005-U1,2026-09-27,DEMO-CASH_MONKEY-20260927-0005,Engineering reference manual,Books,GW-005,DEMO-CASH_MONKEY-0005,276 - Goodwill Michiana,eBay,1,41.97,7.99,0.00,4.19,45.77,cash_monkey_replica,true,one row per unit,2026-09-27,UTC,USD
CM-20260927-0006,CM-20260927-0006-U1,2026-09-27,DEMO-CASH_MONKEY-20260927-0006,Hardcover regional cookbook,Books,GW-006,DEMO-CASH_MONKEY-0006,277 - Goodwill Michiana (Stores),Goodwillbooks,1,44.08,3.99,0.00,4.40,43.67,cash_monkey_replica,true,one row per unit,2026-09-27,UTC,USD
CM-20260927-0007,CM-20260927-0007-U1,2026-09-27,DEMO-CASH_MONKEY-20260927-0007,Collected short stories,Books,GW-007,DEMO-CASH_MONKEY-0007,276 - Goodwill Michiana,Amazon-MF,1,46.19,4.99,0.00,4.61,46.57,cash_monkey_replica,true,one row per unit,2026-09-27,UTC,USD
CM-20260927-0008,CM-20260927-0008-U1,2026-09-27,DEMO-CASH_MONKEY-20260927-0008,Paperback history,Books,GW-008,DEMO-CASH_MONKEY-0008,277 - Goodwill Michiana (Stores),eBay,1,48.30,5.99,0.00,4.83,49.46,cash_monkey_replica,true,one row per unit,2026-09-27,UTC,USD
CM-20260927-0009,CM-20260927-0009-U1,2026-09-27,DEMO-CASH_MONKEY-20260927-0009,Engineering reference manual,Books,GW-009,DEMO-CASH_MONKEY-0009,276 - Goodwill Michiana,Goodwillbooks,1,50.41,6.99,0.00,5.04,52.36,cash_monkey_replica,true,one row per unit,2026-09-27,UTC,USD
CM-20260927-0010,CM-20260927-0010-U1,2026-09-27,DEMO-CASH_MONKEY-20260927-0010,Hardcover regional cookbook,Books,GW-010,DEMO-CASH_MONKEY-0010,277 - Goodwill Michiana (Stores),Amazon-MF,1,52.52,7.99,0.00,5.25,55.26,cash_monkey_replica,true,one row per unit,2026-09-27,UTC,USD
CM-20260927-0011,CM-20260927-0011-U1,2026-09-27,DEMO-CASH_MONKEY-20260927-0011,Collected short stories,Books,GW-011,DEMO-CASH_MONKEY-0011,276 - Goodwill Michiana,eBay,1,54.63,3.99,0.00,5.46,53.16,cash_monkey_replica,true,one row per unit,2026-09-27,UTC,USD
CM-20260927-0012,CM-20260927-0012-U1,2026-09-27,DEMO-CASH_MONKEY-20260927-0012,Paperback history,Books,GW-012,DEMO-CASH_MONKEY-0012,277 - Goodwill Michiana (Stores),Goodwillbooks,1,56.74,4.99,0.00,5.67,56.06,cash_monkey_replica,true,one row per unit,2026-09-27,UTC,USD
CM-20260927-0013,CM-20260927-0013-U1,2026-09-27,DEMO-CASH_MONKEY-20260927-0013,Engineering reference manual,Books,GW-013,DEMO-CASH_MONKEY-0013,276 - Goodwill Michiana,Amazon-MF,1,58.85,5.99,0.00,5.88,58.96,cash_monkey_replica,true,one row per unit,2026-09-27,UTC,USD
CM-20260927-0014,CM-20260927-0014-U1,2026-09-27,DEMO-CASH_MONKEY-20260927-0014,Hardcover regional cookbook,Books,GW-014,DEMO-CASH_MONKEY-0014,277 - Goodwill Michiana (Stores),eBay,1,60.96,6.99,0.00,6.09,61.86,cash_monkey_replica,true,one row per unit,2026-09-27,UTC,USD
CM-20260927-0015,CM-20260927-0015-U1,2026-09-27,DEMO-CASH_MONKEY-20260927-0015,Collected short stories,Books,GW-015,DEMO-CASH_MONKEY-0015,276 - Goodwill Michiana,Goodwillbooks,1,63.07,7.99,0.00,6.30,64.76,cash_monkey_replica,true,one row per unit,2026-09-27,UTC,USD
CM-20260927-0016,CM-20260927-0016-U1,2026-09-27,DEMO-CASH_MONKEY-20260927-0016,Paperback history,Books,GW-016,DEMO-CASH_MONKEY-0016,277 - Goodwill Michiana (Stores),Amazon-MF,1,65.18,3.99,0.00,6.51,62.66,cash_monkey_replica,true,one row per unit,2026-09-27,UTC,USD
CM-20260927-0016,CM-20260927-0016-U2,2026-09-27,DEMO-CASH_MONKEY-20260927-0016,Paperback history,Books,GW-016,DEMO-CASH_MONKEY-0016,277 - Goodwill Michiana (Stores),Amazon-MF,1,65.18,3.99,0.00,6.51,62.66,cash_monkey_replica,true,one row per unit,2026-09-27,UTC,USD
CM-20260927-0017,CM-20260927-0017-U1,2026-09-27,DEMO-CASH_MONKEY-20260927-0017,Engineering reference manual,Books,GW-017,DEMO-CASH_MONKEY-0017,276 - Goodwill Michiana,eBay,1,67.29,4.99,0.00,6.72,65.56,cash_monkey_replica,true,one row per unit,2026-09-27,UTC,USD
CM-20260927-0018,CM-20260927-0018-U1,2026-09-27,DEMO-CASH_MONKEY-20260927-0018,Hardcover regional cookbook,Books,GW-018,DEMO-CASH_MONKEY-0018,277 - Goodwill Michiana (Stores),Goodwillbooks,1,69.40,5.99,34.70,6.94,33.75,cash_monkey_replica,true,one row per unit,2026-09-27,UTC,USD
CM-20260927-0019,CM-20260927-0019-U1,2026-09-27,DEMO-CASH_MONKEY-20260927-0019,Collected short stories,Books,GW-019,DEMO-CASH_MONKEY-0019,276 - Goodwill Michiana,Amazon-MF,1,71.51,6.99,0.00,7.15,71.35,cash_monkey_replica,true,one row per unit,2026-09-27,UTC,USD
CM-20260927-0020,CM-20260927-0020-U1,2026-09-27,DEMO-CASH_MONKEY-20260927-0020,Paperback history,Books,GW-020,DEMO-CASH_MONKEY-0020,277 - Goodwill Michiana (Stores),eBay,1,73.62,7.99,0.00,7.36,74.25,cash_monkey_replica,true,one row per unit,2026-09-27,UTC,USD
CM-20260927-0021,CM-20260927-0021-U1,2026-09-27,DEMO-CASH_MONKEY-20260927-0021,Engineering reference manual,Books,GW-021,DEMO-CASH_MONKEY-0021,276 - Goodwill Michiana,Goodwillbooks,1,75.73,3.99,0.00,7.57,72.15,cash_monkey_replica,true,one row per unit,2026-09-27,UTC,USD
CM-20260927-0022,CM-20260927-0022-U1,2026-09-27,DEMO-CASH_MONKEY-20260927-0022,Hardcover regional cookbook,Books,GW-022,DEMO-CASH_MONKEY-0022,277 - Goodwill Michiana (Stores),Amazon-MF,1,77.84,4.99,0.00,7.78,75.05,cash_monkey_replica,true,one row per unit,2026-09-27,UTC,USD
CM-20260927-0023,CM-20260927-0023-U1,2026-09-27,DEMO-CASH_MONKEY-20260927-0023,Collected short stories,Books,GW-023,DEMO-CASH_MONKEY-0023,276 - Goodwill Michiana,eBay,1,79.95,5.99,0.00,7.99,77.95,cash_monkey_replica,true,one row per unit,2026-09-27,UTC,USD
CM-20260927-0024,CM-20260927-0024-U1,2026-09-27,DEMO-CASH_MONKEY-20260927-0024,Paperback history,Books,GW-024,DEMO-CASH_MONKEY-0024,277 - Goodwill Michiana (Stores),Goodwillbooks,1,82.06,6.99,0.00,8.20,80.85,cash_monkey_replica,true,one row per unit,2026-09-27,UTC,USD
CM-20260927-0025,CM-20260927-0025-U1,2026-09-27,DEMO-CASH_MONKEY-20260927-0025,Engineering reference manual,Books,GW-001,DEMO-CASH_MONKEY-0025,276 - Goodwill Michiana,Amazon-MF,1,84.17,7.99,0.00,8.41,83.75,cash_monkey_replica,true,one row per unit,2026-09-27,UTC,USD
CM-20260927-0026,CM-20260927-0026-U1,2026-09-27,DEMO-CASH_MONKEY-20260927-0026,Hardcover regional cookbook,Books,GW-002,DEMO-CASH_MONKEY-0026,277 - Goodwill Michiana (Stores),eBay,1,86.28,3.99,0.00,8.62,81.65,cash_monkey_replica,true,one row per unit,2026-09-27,UTC,USD
CM-20260927-0027,CM-20260927-0027-U1,2026-09-27,DEMO-CASH_MONKEY-20260927-0027,Collected short stories,Books,GW-003,DEMO-CASH_MONKEY-0027,276 - Goodwill Michiana,Goodwillbooks,1,88.39,4.99,0.00,8.83,84.55,cash_monkey_replica,true,one row per unit,2026-09-27,UTC,USD
CM-20260927-0028,CM-20260927-0028-U1,2026-09-27,DEMO-CASH_MONKEY-20260927-0028,Paperback history,Books,GW-004,DEMO-CASH_MONKEY-0028,277 - Goodwill Michiana (Stores),Amazon-MF,1,5.50,5.99,0.00,0.55,10.94,cash_monkey_replica,true,one row per unit,2026-09-27,UTC,USD
CM-20260927-0029,CM-20260927-0029-U1,2026-09-27,DEMO-CASH_MONKEY-20260927-0029,Engineering reference manual,Books,GW-005,DEMO-CASH_MONKEY-0029,276 - Goodwill Michiana,eBay,1,7.61,6.99,0.00,0.76,13.84,cash_monkey_replica,true,one row per unit,2026-09-27,UTC,USD
CM-20260927-0030,CM-20260927-0030-U1,2026-09-27,DEMO-CASH_MONKEY-20260927-0030,Hardcover regional cookbook,Books,GW-006,DEMO-CASH_MONKEY-0030,277 - Goodwill Michiana (Stores),Goodwillbooks,1,9.72,7.99,0.00,0.97,16.74,cash_monkey_replica,true,one row per unit,2026-09-27,UTC,USD
CM-20260928-0001,CM-20260928-0001-U1,2026-09-28,DEMO-CASH_MONKEY-20260928-0001,Engineering reference manual,Books,GW-001,DEMO-CASH_MONKEY-0001,276 - Goodwill Michiana,Amazon-MF,1,34.90,3.99,17.45,3.49,17.95,cash_monkey_replica,true,one row per unit,2026-09-28,UTC,USD
CM-20260928-0001,CM-20260928-0001-U2,2026-09-28,DEMO-CASH_MONKEY-20260928-0001,Engineering reference manual,Books,GW-001,DEMO-CASH_MONKEY-0001,276 - Goodwill Michiana,Amazon-MF,1,34.90,3.99,17.45,3.49,17.95,cash_monkey_replica,true,one row per unit,2026-09-28,UTC,USD
CM-20260928-0002,CM-20260928-0002-U1,2026-09-28,DEMO-CASH_MONKEY-20260928-0002,Hardcover regional cookbook,Books,GW-002,DEMO-CASH_MONKEY-0002,277 - Goodwill Michiana (Stores),eBay,1,37.01,4.99,0.00,3.70,38.30,cash_monkey_replica,true,one row per unit,2026-09-28,UTC,USD
CM-20260928-0003,CM-20260928-0003-U1,2026-09-28,DEMO-CASH_MONKEY-20260928-0003,Collected short stories,Books,GW-003,DEMO-CASH_MONKEY-0003,276 - Goodwill Michiana,Goodwillbooks,1,39.12,5.99,0.00,3.91,41.20,cash_monkey_replica,true,one row per unit,2026-09-28,UTC,USD
CM-20260928-0004,CM-20260928-0004-U1,2026-09-28,DEMO-CASH_MONKEY-20260928-0004,Paperback history,Books,GW-004,DEMO-CASH_MONKEY-0004,277 - Goodwill Michiana (Stores),Amazon-MF,1,41.23,6.99,0.00,4.12,44.10,cash_monkey_replica,true,one row per unit,2026-09-28,UTC,USD
CM-20260928-0005,CM-20260928-0005-U1,2026-09-28,DEMO-CASH_MONKEY-20260928-0005,Engineering reference manual,Books,GW-005,DEMO-CASH_MONKEY-0005,276 - Goodwill Michiana,eBay,1,43.34,7.99,0.00,4.33,47.00,cash_monkey_replica,true,one row per unit,2026-09-28,UTC,USD
CM-20260928-0006,CM-20260928-0006-U1,2026-09-28,DEMO-CASH_MONKEY-20260928-0006,Hardcover regional cookbook,Books,GW-006,DEMO-CASH_MONKEY-0006,277 - Goodwill Michiana (Stores),Goodwillbooks,1,45.45,3.99,0.00,4.54,44.90,cash_monkey_replica,true,one row per unit,2026-09-28,UTC,USD
CM-20260928-0007,CM-20260928-0007-U1,2026-09-28,DEMO-CASH_MONKEY-20260928-0007,Collected short stories,Books,GW-007,DEMO-CASH_MONKEY-0007,276 - Goodwill Michiana,Amazon-MF,1,47.56,4.99,0.00,4.75,47.80,cash_monkey_replica,true,one row per unit,2026-09-28,UTC,USD
CM-20260928-0008,CM-20260928-0008-U1,2026-09-28,DEMO-CASH_MONKEY-20260928-0008,Paperback history,Books,GW-008,DEMO-CASH_MONKEY-0008,277 - Goodwill Michiana (Stores),eBay,1,49.67,5.99,0.00,4.96,50.70,cash_monkey_replica,true,one row per unit,2026-09-28,UTC,USD
CM-20260928-0009,CM-20260928-0009-U1,2026-09-28,DEMO-CASH_MONKEY-20260928-0009,Engineering reference manual,Books,GW-009,DEMO-CASH_MONKEY-0009,276 - Goodwill Michiana,Goodwillbooks,1,51.78,6.99,0.00,5.17,53.60,cash_monkey_replica,true,one row per unit,2026-09-28,UTC,USD
CM-20260928-0010,CM-20260928-0010-U1,2026-09-28,DEMO-CASH_MONKEY-20260928-0010,Hardcover regional cookbook,Books,GW-010,DEMO-CASH_MONKEY-0010,277 - Goodwill Michiana (Stores),Amazon-MF,1,53.89,7.99,0.00,5.38,56.50,cash_monkey_replica,true,one row per unit,2026-09-28,UTC,USD
CM-20260928-0011,CM-20260928-0011-U1,2026-09-28,DEMO-CASH_MONKEY-20260928-0011,Collected short stories,Books,GW-011,DEMO-CASH_MONKEY-0011,276 - Goodwill Michiana,eBay,1,56.00,3.99,0.00,5.60,54.39,cash_monkey_replica,true,one row per unit,2026-09-28,UTC,USD
CM-20260928-0012,CM-20260928-0012-U1,2026-09-28,DEMO-CASH_MONKEY-20260928-0012,Paperback history,Books,GW-012,DEMO-CASH_MONKEY-0012,277 - Goodwill Michiana (Stores),Goodwillbooks,1,58.11,4.99,0.00,5.81,57.29,cash_monkey_replica,true,one row per unit,2026-09-28,UTC,USD
CM-20260928-0013,CM-20260928-0013-U1,2026-09-28,DEMO-CASH_MONKEY-20260928-0013,Engineering reference manual,Books,GW-013,DEMO-CASH_MONKEY-0013,276 - Goodwill Michiana,Amazon-MF,1,60.22,5.99,0.00,6.02,60.19,cash_monkey_replica,true,one row per unit,2026-09-28,UTC,USD
CM-20260928-0014,CM-20260928-0014-U1,2026-09-28,DEMO-CASH_MONKEY-20260928-0014,Hardcover regional cookbook,Books,GW-014,DEMO-CASH_MONKEY-0014,277 - Goodwill Michiana (Stores),eBay,1,62.33,6.99,0.00,6.23,63.09,cash_monkey_replica,true,one row per unit,2026-09-28,UTC,USD
CM-20260928-0015,CM-20260928-0015-U1,2026-09-28,DEMO-CASH_MONKEY-20260928-0015,Collected short stories,Books,GW-015,DEMO-CASH_MONKEY-0015,276 - Goodwill Michiana,Goodwillbooks,1,64.44,7.99,0.00,6.44,65.99,cash_monkey_replica,true,one row per unit,2026-09-28,UTC,USD
CM-20260928-0016,CM-20260928-0016-U1,2026-09-28,DEMO-CASH_MONKEY-20260928-0016,Paperback history,Books,GW-016,DEMO-CASH_MONKEY-0016,277 - Goodwill Michiana (Stores),Amazon-MF,1,66.55,3.99,0.00,6.65,63.89,cash_monkey_replica,true,one row per unit,2026-09-28,UTC,USD
CM-20260928-0016,CM-20260928-0016-U2,2026-09-28,DEMO-CASH_MONKEY-20260928-0016,Paperback history,Books,GW-016,DEMO-CASH_MONKEY-0016,277 - Goodwill Michiana (Stores),Amazon-MF,1,66.55,3.99,0.00,6.65,63.89,cash_monkey_replica,true,one row per unit,2026-09-28,UTC,USD
CM-20260928-0017,CM-20260928-0017-U1,2026-09-28,DEMO-CASH_MONKEY-20260928-0017,Engineering reference manual,Books,GW-017,DEMO-CASH_MONKEY-0017,276 - Goodwill Michiana,eBay,1,68.66,4.99,0.00,6.86,66.79,cash_monkey_replica,true,one row per unit,2026-09-28,UTC,USD
CM-20260928-0018,CM-20260928-0018-U1,2026-09-28,DEMO-CASH_MONKEY-20260928-0018,Hardcover regional cookbook,Books,GW-018,DEMO-CASH_MONKEY-0018,277 - Goodwill Michiana (Stores),Goodwillbooks,1,70.77,5.99,35.38,7.07,34.31,cash_monkey_replica,true,one row per unit,2026-09-28,UTC,USD
CM-20260928-0019,CM-20260928-0019-U1,2026-09-28,DEMO-CASH_MONKEY-20260928-0019,Collected short stories,Books,GW-019,DEMO-CASH_MONKEY-0019,276 - Goodwill Michiana,Amazon-MF,1,72.88,6.99,0.00,7.28,72.59,cash_monkey_replica,true,one row per unit,2026-09-28,UTC,USD
CM-20260928-0020,CM-20260928-0020-U1,2026-09-28,DEMO-CASH_MONKEY-20260928-0020,Paperback history,Books,GW-020,DEMO-CASH_MONKEY-0020,277 - Goodwill Michiana (Stores),eBay,1,74.99,7.99,0.00,7.49,75.49,cash_monkey_replica,true,one row per unit,2026-09-28,UTC,USD
CM-20260928-0021,CM-20260928-0021-U1,2026-09-28,DEMO-CASH_MONKEY-20260928-0021,Engineering reference manual,Books,GW-021,DEMO-CASH_MONKEY-0021,276 - Goodwill Michiana,Goodwillbooks,1,77.10,3.99,0.00,7.71,73.38,cash_monkey_replica,true,one row per unit,2026-09-28,UTC,USD
CM-20260928-0022,CM-20260928-0022-U1,2026-09-28,DEMO-CASH_MONKEY-20260928-0022,Hardcover regional cookbook,Books,GW-022,DEMO-CASH_MONKEY-0022,277 - Goodwill Michiana (Stores),Amazon-MF,1,79.21,4.99,0.00,7.92,76.28,cash_monkey_replica,true,one row per unit,2026-09-28,UTC,USD
CM-20260928-0023,CM-20260928-0023-U1,2026-09-28,DEMO-CASH_MONKEY-20260928-0023,Collected short stories,Books,GW-023,DEMO-CASH_MONKEY-0023,276 - Goodwill Michiana,eBay,1,81.32,5.99,0.00,8.13,79.18,cash_monkey_replica,true,one row per unit,2026-09-28,UTC,USD
CM-20260928-0024,CM-20260928-0024-U1,2026-09-28,DEMO-CASH_MONKEY-20260928-0024,Paperback history,Books,GW-024,DEMO-CASH_MONKEY-0024,277 - Goodwill Michiana (Stores),Goodwillbooks,1,83.43,6.99,0.00,8.34,82.08,cash_monkey_replica,true,one row per unit,2026-09-28,UTC,USD
CM-20260928-0025,CM-20260928-0025-U1,2026-09-28,DEMO-CASH_MONKEY-20260928-0025,Engineering reference manual,Books,GW-001,DEMO-CASH_MONKEY-0025,276 - Goodwill Michiana,Amazon-MF,1,85.54,7.99,0.00,8.55,84.98,cash_monkey_replica,true,one row per unit,2026-09-28,UTC,USD
CM-20260928-0026,CM-20260928-0026-U1,2026-09-28,DEMO-CASH_MONKEY-20260928-0026,Hardcover regional cookbook,Books,GW-002,DEMO-CASH_MONKEY-0026,277 - Goodwill Michiana (Stores),eBay,1,87.65,3.99,0.00,8.76,82.88,cash_monkey_replica,true,one row per unit,2026-09-28,UTC,USD
CM-20260928-0027,CM-20260928-0027-U1,2026-09-28,DEMO-CASH_MONKEY-20260928-0027,Collected short stories,Books,GW-003,DEMO-CASH_MONKEY-0027,276 - Goodwill Michiana,Goodwillbooks,1,89.76,4.99,0.00,8.97,85.78,cash_monkey_replica,true,one row per unit,2026-09-28,UTC,USD
CM-20260928-0028,CM-20260928-0028-U1,2026-09-28,DEMO-CASH_MONKEY-20260928-0028,Paperback history,Books,GW-004,DEMO-CASH_MONKEY-0028,277 - Goodwill Michiana (Stores),Amazon-MF,1,6.87,5.99,0.00,0.68,12.18,cash_monkey_replica,true,one row per unit,2026-09-28,UTC,USD
CM-20260928-0029,CM-20260928-0029-U1,2026-09-28,DEMO-CASH_MONKEY-20260928-0029,Engineering reference manual,Books,GW-005,DEMO-CASH_MONKEY-0029,276 - Goodwill Michiana,eBay,1,8.98,6.99,0.00,0.89,15.08,cash_monkey_replica,true,one row per unit,2026-09-28,UTC,USD
CM-20260928-0030,CM-20260928-0030-U1,2026-09-28,DEMO-CASH_MONKEY-20260928-0030,Hardcover regional cookbook,Books,GW-006,DEMO-CASH_MONKEY-0030,277 - Goodwill Michiana (Stores),Goodwillbooks,1,11.09,7.99,0.00,1.10,17.98,cash_monkey_replica,true,one row per unit,2026-09-28,UTC,USD
CM-20260929-0001,CM-20260929-0001-U1,2026-09-29,DEMO-CASH_MONKEY-20260929-0001,Engineering reference manual,Books,GW-001,DEMO-CASH_MONKEY-0001,276 - Goodwill Michiana,Amazon-MF,1,36.27,3.99,18.13,3.62,18.51,cash_monkey_replica,true,one row per unit,2026-09-29,UTC,USD
CM-20260929-0001,CM-20260929-0001-U2,2026-09-29,DEMO-CASH_MONKEY-20260929-0001,Engineering reference manual,Books,GW-001,DEMO-CASH_MONKEY-0001,276 - Goodwill Michiana,Amazon-MF,1,36.27,3.99,18.13,3.62,18.51,cash_monkey_replica,true,one row per unit,2026-09-29,UTC,USD
CM-20260929-0002,CM-20260929-0002-U1,2026-09-29,DEMO-CASH_MONKEY-20260929-0002,Hardcover regional cookbook,Books,GW-002,DEMO-CASH_MONKEY-0002,277 - Goodwill Michiana (Stores),eBay,1,38.38,4.99,0.00,3.83,39.54,cash_monkey_replica,true,one row per unit,2026-09-29,UTC,USD
CM-20260929-0003,CM-20260929-0003-U1,2026-09-29,DEMO-CASH_MONKEY-20260929-0003,Collected short stories,Books,GW-003,DEMO-CASH_MONKEY-0003,276 - Goodwill Michiana,Goodwillbooks,1,40.49,5.99,0.00,4.04,42.44,cash_monkey_replica,true,one row per unit,2026-09-29,UTC,USD
CM-20260929-0004,CM-20260929-0004-U1,2026-09-29,DEMO-CASH_MONKEY-20260929-0004,Paperback history,Books,GW-004,DEMO-CASH_MONKEY-0004,277 - Goodwill Michiana (Stores),Amazon-MF,1,42.60,6.99,0.00,4.26,45.33,cash_monkey_replica,true,one row per unit,2026-09-29,UTC,USD
CM-20260929-0005,CM-20260929-0005-U1,2026-09-29,DEMO-CASH_MONKEY-20260929-0005,Engineering reference manual,Books,GW-005,DEMO-CASH_MONKEY-0005,276 - Goodwill Michiana,eBay,1,44.71,7.99,0.00,4.47,48.23,cash_monkey_replica,true,one row per unit,2026-09-29,UTC,USD
CM-20260929-0006,CM-20260929-0006-U1,2026-09-29,DEMO-CASH_MONKEY-20260929-0006,Hardcover regional cookbook,Books,GW-006,DEMO-CASH_MONKEY-0006,277 - Goodwill Michiana (Stores),Goodwillbooks,1,46.82,3.99,0.00,4.68,46.13,cash_monkey_replica,true,one row per unit,2026-09-29,UTC,USD
CM-20260929-0007,CM-20260929-0007-U1,2026-09-29,DEMO-CASH_MONKEY-20260929-0007,Collected short stories,Books,GW-007,DEMO-CASH_MONKEY-0007,276 - Goodwill Michiana,Amazon-MF,1,48.93,4.99,0.00,4.89,49.03,cash_monkey_replica,true,one row per unit,2026-09-29,UTC,USD
CM-20260929-0008,CM-20260929-0008-U1,2026-09-29,DEMO-CASH_MONKEY-20260929-0008,Paperback history,Books,GW-008,DEMO-CASH_MONKEY-0008,277 - Goodwill Michiana (Stores),eBay,1,51.04,5.99,0.00,5.10,51.93,cash_monkey_replica,true,one row per unit,2026-09-29,UTC,USD
CM-20260929-0009,CM-20260929-0009-U1,2026-09-29,DEMO-CASH_MONKEY-20260929-0009,Engineering reference manual,Books,GW-009,DEMO-CASH_MONKEY-0009,276 - Goodwill Michiana,Goodwillbooks,1,53.15,6.99,0.00,5.31,54.83,cash_monkey_replica,true,one row per unit,2026-09-29,UTC,USD
CM-20260929-0010,CM-20260929-0010-U1,2026-09-29,DEMO-CASH_MONKEY-20260929-0010,Hardcover regional cookbook,Books,GW-010,DEMO-CASH_MONKEY-0010,277 - Goodwill Michiana (Stores),Amazon-MF,1,55.26,7.99,0.00,5.52,57.73,cash_monkey_replica,true,one row per unit,2026-09-29,UTC,USD
CM-20260929-0011,CM-20260929-0011-U1,2026-09-29,DEMO-CASH_MONKEY-20260929-0011,Collected short stories,Books,GW-011,DEMO-CASH_MONKEY-0011,276 - Goodwill Michiana,eBay,1,57.37,3.99,0.00,5.73,55.63,cash_monkey_replica,true,one row per unit,2026-09-29,UTC,USD
CM-20260929-0012,CM-20260929-0012-U1,2026-09-29,DEMO-CASH_MONKEY-20260929-0012,Paperback history,Books,GW-012,DEMO-CASH_MONKEY-0012,277 - Goodwill Michiana (Stores),Goodwillbooks,1,59.48,4.99,0.00,5.94,58.53,cash_monkey_replica,true,one row per unit,2026-09-29,UTC,USD
CM-20260929-0013,CM-20260929-0013-U1,2026-09-29,DEMO-CASH_MONKEY-20260929-0013,Engineering reference manual,Books,GW-013,DEMO-CASH_MONKEY-0013,276 - Goodwill Michiana,Amazon-MF,1,61.59,5.99,0.00,6.15,61.43,cash_monkey_replica,true,one row per unit,2026-09-29,UTC,USD
CM-20260929-0014,CM-20260929-0014-U1,2026-09-29,DEMO-CASH_MONKEY-20260929-0014,Hardcover regional cookbook,Books,GW-014,DEMO-CASH_MONKEY-0014,277 - Goodwill Michiana (Stores),eBay,1,63.70,6.99,0.00,6.37,64.32,cash_monkey_replica,true,one row per unit,2026-09-29,UTC,USD
CM-20260929-0015,CM-20260929-0015-U1,2026-09-29,DEMO-CASH_MONKEY-20260929-0015,Collected short stories,Books,GW-015,DEMO-CASH_MONKEY-0015,276 - Goodwill Michiana,Goodwillbooks,1,65.81,7.99,0.00,6.58,67.22,cash_monkey_replica,true,one row per unit,2026-09-29,UTC,USD
CM-20260929-0016,CM-20260929-0016-U1,2026-09-29,DEMO-CASH_MONKEY-20260929-0016,Paperback history,Books,GW-016,DEMO-CASH_MONKEY-0016,277 - Goodwill Michiana (Stores),Amazon-MF,1,67.92,3.99,0.00,6.79,65.12,cash_monkey_replica,true,one row per unit,2026-09-29,UTC,USD
CM-20260929-0016,CM-20260929-0016-U2,2026-09-29,DEMO-CASH_MONKEY-20260929-0016,Paperback history,Books,GW-016,DEMO-CASH_MONKEY-0016,277 - Goodwill Michiana (Stores),Amazon-MF,1,67.92,3.99,0.00,6.79,65.12,cash_monkey_replica,true,one row per unit,2026-09-29,UTC,USD
CM-20260929-0017,CM-20260929-0017-U1,2026-09-29,DEMO-CASH_MONKEY-20260929-0017,Engineering reference manual,Books,GW-017,DEMO-CASH_MONKEY-0017,276 - Goodwill Michiana,eBay,1,70.03,4.99,0.00,7.00,68.02,cash_monkey_replica,true,one row per unit,2026-09-29,UTC,USD
CM-20260929-0018,CM-20260929-0018-U1,2026-09-29,DEMO-CASH_MONKEY-20260929-0018,Hardcover regional cookbook,Books,GW-018,DEMO-CASH_MONKEY-0018,277 - Goodwill Michiana (Stores),Goodwillbooks,1,72.14,5.99,36.07,7.21,34.85,cash_monkey_replica,true,one row per unit,2026-09-29,UTC,USD
CM-20260929-0019,CM-20260929-0019-U1,2026-09-29,DEMO-CASH_MONKEY-20260929-0019,Collected short stories,Books,GW-019,DEMO-CASH_MONKEY-0019,276 - Goodwill Michiana,Amazon-MF,1,74.25,6.99,0.00,7.42,73.82,cash_monkey_replica,true,one row per unit,2026-09-29,UTC,USD
CM-20260929-0020,CM-20260929-0020-U1,2026-09-29,DEMO-CASH_MONKEY-20260929-0020,Paperback history,Books,GW-020,DEMO-CASH_MONKEY-0020,277 - Goodwill Michiana (Stores),eBay,1,76.36,7.99,0.00,7.63,76.72,cash_monkey_replica,true,one row per unit,2026-09-29,UTC,USD
CM-20260929-0021,CM-20260929-0021-U1,2026-09-29,DEMO-CASH_MONKEY-20260929-0021,Engineering reference manual,Books,GW-021,DEMO-CASH_MONKEY-0021,276 - Goodwill Michiana,Goodwillbooks,1,78.47,3.99,0.00,7.84,74.62,cash_monkey_replica,true,one row per unit,2026-09-29,UTC,USD
CM-20260929-0022,CM-20260929-0022-U1,2026-09-29,DEMO-CASH_MONKEY-20260929-0022,Hardcover regional cookbook,Books,GW-022,DEMO-CASH_MONKEY-0022,277 - Goodwill Michiana (Stores),Amazon-MF,1,80.58,4.99,0.00,8.05,77.52,cash_monkey_replica,true,one row per unit,2026-09-29,UTC,USD
CM-20260929-0023,CM-20260929-0023-U1,2026-09-29,DEMO-CASH_MONKEY-20260929-0023,Collected short stories,Books,GW-023,DEMO-CASH_MONKEY-0023,276 - Goodwill Michiana,eBay,1,82.69,5.99,0.00,8.26,80.42,cash_monkey_replica,true,one row per unit,2026-09-29,UTC,USD
CM-20260929-0024,CM-20260929-0024-U1,2026-09-29,DEMO-CASH_MONKEY-20260929-0024,Paperback history,Books,GW-024,DEMO-CASH_MONKEY-0024,277 - Goodwill Michiana (Stores),Goodwillbooks,1,84.80,6.99,0.00,8.48,83.31,cash_monkey_replica,true,one row per unit,2026-09-29,UTC,USD
CM-20260929-0025,CM-20260929-0025-U1,2026-09-29,DEMO-CASH_MONKEY-20260929-0025,Engineering reference manual,Books,GW-001,DEMO-CASH_MONKEY-0025,276 - Goodwill Michiana,Amazon-MF,1,86.91,7.99,0.00,8.69,86.21,cash_monkey_replica,true,one row per unit,2026-09-29,UTC,USD
CM-20260929-0026,CM-20260929-0026-U1,2026-09-29,DEMO-CASH_MONKEY-20260929-0026,Hardcover regional cookbook,Books,GW-002,DEMO-CASH_MONKEY-0026,277 - Goodwill Michiana (Stores),eBay,1,89.02,3.99,0.00,8.90,84.11,cash_monkey_replica,true,one row per unit,2026-09-29,UTC,USD
CM-20260929-0027,CM-20260929-0027-U1,2026-09-29,DEMO-CASH_MONKEY-20260929-0027,Collected short stories,Books,GW-003,DEMO-CASH_MONKEY-0027,276 - Goodwill Michiana,Goodwillbooks,1,6.13,4.99,0.00,0.61,10.51,cash_monkey_replica,true,one row per unit,2026-09-29,UTC,USD
CM-20260929-0028,CM-20260929-0028-U1,2026-09-29,DEMO-CASH_MONKEY-20260929-0028,Paperback history,Books,GW-004,DEMO-CASH_MONKEY-0028,277 - Goodwill Michiana (Stores),Amazon-MF,1,8.24,5.99,0.00,0.82,13.41,cash_monkey_replica,true,one row per unit,2026-09-29,UTC,USD
CM-20260929-0029,CM-20260929-0029-U1,2026-09-29,DEMO-CASH_MONKEY-20260929-0029,Engineering reference manual,Books,GW-005,DEMO-CASH_MONKEY-0029,276 - Goodwill Michiana,eBay,1,10.35,6.99,0.00,1.03,16.31,cash_monkey_replica,true,one row per unit,2026-09-29,UTC,USD
CM-20260929-0030,CM-20260929-0030-U1,2026-09-29,DEMO-CASH_MONKEY-20260929-0030,Hardcover regional cookbook,Books,GW-006,DEMO-CASH_MONKEY-0030,277 - Goodwill Michiana (Stores),Goodwillbooks,1,12.46,7.99,0.00,1.24,19.21,cash_monkey_replica,true,one row per unit,2026-09-29,UTC,USD
CM-20260930-0001,CM-20260930-0001-U1,2026-09-30,DEMO-CASH_MONKEY-20260930-0001,Engineering reference manual,Books,GW-001,DEMO-CASH_MONKEY-0001,276 - Goodwill Michiana,Amazon-MF,1,37.64,3.99,18.82,3.76,19.05,cash_monkey_replica,true,one row per unit,2026-09-30,UTC,USD
CM-20260930-0001,CM-20260930-0001-U2,2026-09-30,DEMO-CASH_MONKEY-20260930-0001,Engineering reference manual,Books,GW-001,DEMO-CASH_MONKEY-0001,276 - Goodwill Michiana,Amazon-MF,1,37.64,3.99,18.82,3.76,19.05,cash_monkey_replica,true,one row per unit,2026-09-30,UTC,USD
CM-20260930-0002,CM-20260930-0002-U1,2026-09-30,DEMO-CASH_MONKEY-20260930-0002,Hardcover regional cookbook,Books,GW-002,DEMO-CASH_MONKEY-0002,277 - Goodwill Michiana (Stores),eBay,1,39.75,4.99,0.00,3.97,40.77,cash_monkey_replica,true,one row per unit,2026-09-30,UTC,USD
CM-20260930-0003,CM-20260930-0003-U1,2026-09-30,DEMO-CASH_MONKEY-20260930-0003,Collected short stories,Books,GW-003,DEMO-CASH_MONKEY-0003,276 - Goodwill Michiana,Goodwillbooks,1,41.86,5.99,0.00,4.18,43.67,cash_monkey_replica,true,one row per unit,2026-09-30,UTC,USD
CM-20260930-0004,CM-20260930-0004-U1,2026-09-30,DEMO-CASH_MONKEY-20260930-0004,Paperback history,Books,GW-004,DEMO-CASH_MONKEY-0004,277 - Goodwill Michiana (Stores),Amazon-MF,1,43.97,6.99,0.00,4.39,46.57,cash_monkey_replica,true,one row per unit,2026-09-30,UTC,USD
CM-20260930-0005,CM-20260930-0005-U1,2026-09-30,DEMO-CASH_MONKEY-20260930-0005,Engineering reference manual,Books,GW-005,DEMO-CASH_MONKEY-0005,276 - Goodwill Michiana,eBay,1,46.08,7.99,0.00,4.60,49.47,cash_monkey_replica,true,one row per unit,2026-09-30,UTC,USD
CM-20260930-0006,CM-20260930-0006-U1,2026-09-30,DEMO-CASH_MONKEY-20260930-0006,Hardcover regional cookbook,Books,GW-006,DEMO-CASH_MONKEY-0006,277 - Goodwill Michiana (Stores),Goodwillbooks,1,48.19,3.99,0.00,4.81,47.37,cash_monkey_replica,true,one row per unit,2026-09-30,UTC,USD
CM-20260930-0007,CM-20260930-0007-U1,2026-09-30,DEMO-CASH_MONKEY-20260930-0007,Collected short stories,Books,GW-007,DEMO-CASH_MONKEY-0007,276 - Goodwill Michiana,Amazon-MF,1,50.30,4.99,0.00,5.03,50.26,cash_monkey_replica,true,one row per unit,2026-09-30,UTC,USD
CM-20260930-0008,CM-20260930-0008-U1,2026-09-30,DEMO-CASH_MONKEY-20260930-0008,Paperback history,Books,GW-008,DEMO-CASH_MONKEY-0008,277 - Goodwill Michiana (Stores),eBay,1,52.41,5.99,0.00,5.24,53.16,cash_monkey_replica,true,one row per unit,2026-09-30,UTC,USD
CM-20260930-0009,CM-20260930-0009-U1,2026-09-30,DEMO-CASH_MONKEY-20260930-0009,Engineering reference manual,Books,GW-009,DEMO-CASH_MONKEY-0009,276 - Goodwill Michiana,Goodwillbooks,1,54.52,6.99,0.00,5.45,56.06,cash_monkey_replica,true,one row per unit,2026-09-30,UTC,USD
CM-20260930-0010,CM-20260930-0010-U1,2026-09-30,DEMO-CASH_MONKEY-20260930-0010,Hardcover regional cookbook,Books,GW-010,DEMO-CASH_MONKEY-0010,277 - Goodwill Michiana (Stores),Amazon-MF,1,56.63,7.99,0.00,5.66,58.96,cash_monkey_replica,true,one row per unit,2026-09-30,UTC,USD
CM-20260930-0011,CM-20260930-0011-U1,2026-09-30,DEMO-CASH_MONKEY-20260930-0011,Collected short stories,Books,GW-011,DEMO-CASH_MONKEY-0011,276 - Goodwill Michiana,eBay,1,58.74,3.99,0.00,5.87,56.86,cash_monkey_replica,true,one row per unit,2026-09-30,UTC,USD
CM-20260930-0012,CM-20260930-0012-U1,2026-09-30,DEMO-CASH_MONKEY-20260930-0012,Paperback history,Books,GW-012,DEMO-CASH_MONKEY-0012,277 - Goodwill Michiana (Stores),Goodwillbooks,1,60.85,4.99,0.00,6.08,59.76,cash_monkey_replica,true,one row per unit,2026-09-30,UTC,USD
CM-20260930-0013,CM-20260930-0013-U1,2026-09-30,DEMO-CASH_MONKEY-20260930-0013,Engineering reference manual,Books,GW-013,DEMO-CASH_MONKEY-0013,276 - Goodwill Michiana,Amazon-MF,1,62.96,5.99,0.00,6.29,62.66,cash_monkey_replica,true,one row per unit,2026-09-30,UTC,USD
CM-20260930-0014,CM-20260930-0014-U1,2026-09-30,DEMO-CASH_MONKEY-20260930-0014,Hardcover regional cookbook,Books,GW-014,DEMO-CASH_MONKEY-0014,277 - Goodwill Michiana (Stores),eBay,1,65.07,6.99,0.00,6.50,65.56,cash_monkey_replica,true,one row per unit,2026-09-30,UTC,USD
CM-20260930-0015,CM-20260930-0015-U1,2026-09-30,DEMO-CASH_MONKEY-20260930-0015,Collected short stories,Books,GW-015,DEMO-CASH_MONKEY-0015,276 - Goodwill Michiana,Goodwillbooks,1,67.18,7.99,0.00,6.71,68.46,cash_monkey_replica,true,one row per unit,2026-09-30,UTC,USD
CM-20260930-0016,CM-20260930-0016-U1,2026-09-30,DEMO-CASH_MONKEY-20260930-0016,Paperback history,Books,GW-016,DEMO-CASH_MONKEY-0016,277 - Goodwill Michiana (Stores),Amazon-MF,1,69.29,3.99,0.00,6.92,66.36,cash_monkey_replica,true,one row per unit,2026-09-30,UTC,USD
CM-20260930-0016,CM-20260930-0016-U2,2026-09-30,DEMO-CASH_MONKEY-20260930-0016,Paperback history,Books,GW-016,DEMO-CASH_MONKEY-0016,277 - Goodwill Michiana (Stores),Amazon-MF,1,69.29,3.99,0.00,6.92,66.36,cash_monkey_replica,true,one row per unit,2026-09-30,UTC,USD
CM-20260930-0017,CM-20260930-0017-U1,2026-09-30,DEMO-CASH_MONKEY-20260930-0017,Engineering reference manual,Books,GW-017,DEMO-CASH_MONKEY-0017,276 - Goodwill Michiana,eBay,1,71.40,4.99,0.00,7.14,69.25,cash_monkey_replica,true,one row per unit,2026-09-30,UTC,USD
CM-20260930-0018,CM-20260930-0018-U1,2026-09-30,DEMO-CASH_MONKEY-20260930-0018,Hardcover regional cookbook,Books,GW-018,DEMO-CASH_MONKEY-0018,277 - Goodwill Michiana (Stores),Goodwillbooks,1,73.51,5.99,36.75,7.35,35.40,cash_monkey_replica,true,one row per unit,2026-09-30,UTC,USD
CM-20260930-0019,CM-20260930-0019-U1,2026-09-30,DEMO-CASH_MONKEY-20260930-0019,Collected short stories,Books,GW-019,DEMO-CASH_MONKEY-0019,276 - Goodwill Michiana,Amazon-MF,1,75.62,6.99,0.00,7.56,75.05,cash_monkey_replica,true,one row per unit,2026-09-30,UTC,USD
CM-20260930-0020,CM-20260930-0020-U1,2026-09-30,DEMO-CASH_MONKEY-20260930-0020,Paperback history,Books,GW-020,DEMO-CASH_MONKEY-0020,277 - Goodwill Michiana (Stores),eBay,1,77.73,7.99,0.00,7.77,77.95,cash_monkey_replica,true,one row per unit,2026-09-30,UTC,USD
CM-20260930-0021,CM-20260930-0021-U1,2026-09-30,DEMO-CASH_MONKEY-20260930-0021,Engineering reference manual,Books,GW-021,DEMO-CASH_MONKEY-0021,276 - Goodwill Michiana,Goodwillbooks,1,79.84,3.99,0.00,7.98,75.85,cash_monkey_replica,true,one row per unit,2026-09-30,UTC,USD
CM-20260930-0022,CM-20260930-0022-U1,2026-09-30,DEMO-CASH_MONKEY-20260930-0022,Hardcover regional cookbook,Books,GW-022,DEMO-CASH_MONKEY-0022,277 - Goodwill Michiana (Stores),Amazon-MF,1,81.95,4.99,0.00,8.19,78.75,cash_monkey_replica,true,one row per unit,2026-09-30,UTC,USD
CM-20260930-0023,CM-20260930-0023-U1,2026-09-30,DEMO-CASH_MONKEY-20260930-0023,Collected short stories,Books,GW-023,DEMO-CASH_MONKEY-0023,276 - Goodwill Michiana,eBay,1,84.06,5.99,0.00,8.40,81.65,cash_monkey_replica,true,one row per unit,2026-09-30,UTC,USD
CM-20260930-0024,CM-20260930-0024-U1,2026-09-30,DEMO-CASH_MONKEY-20260930-0024,Paperback history,Books,GW-024,DEMO-CASH_MONKEY-0024,277 - Goodwill Michiana (Stores),Goodwillbooks,1,86.17,6.99,0.00,8.61,84.55,cash_monkey_replica,true,one row per unit,2026-09-30,UTC,USD
CM-20260930-0025,CM-20260930-0025-U1,2026-09-30,DEMO-CASH_MONKEY-20260930-0025,Engineering reference manual,Books,GW-001,DEMO-CASH_MONKEY-0025,276 - Goodwill Michiana,Amazon-MF,1,88.28,7.99,0.00,8.82,87.45,cash_monkey_replica,true,one row per unit,2026-09-30,UTC,USD
CM-20260930-0026,CM-20260930-0026-U1,2026-09-30,DEMO-CASH_MONKEY-20260930-0026,Hardcover regional cookbook,Books,GW-002,DEMO-CASH_MONKEY-0026,277 - Goodwill Michiana (Stores),eBay,1,5.39,3.99,0.00,0.53,8.85,cash_monkey_replica,true,one row per unit,2026-09-30,UTC,USD
CM-20260930-0027,CM-20260930-0027-U1,2026-09-30,DEMO-CASH_MONKEY-20260930-0027,Collected short stories,Books,GW-003,DEMO-CASH_MONKEY-0027,276 - Goodwill Michiana,Goodwillbooks,1,7.50,4.99,0.00,0.75,11.74,cash_monkey_replica,true,one row per unit,2026-09-30,UTC,USD
CM-20260930-0028,CM-20260930-0028-U1,2026-09-30,DEMO-CASH_MONKEY-20260930-0028,Paperback history,Books,GW-004,DEMO-CASH_MONKEY-0028,277 - Goodwill Michiana (Stores),Amazon-MF,1,9.61,5.99,0.00,0.96,14.64,cash_monkey_replica,true,one row per unit,2026-09-30,UTC,USD
CM-20260930-0029,CM-20260930-0029-U1,2026-09-30,DEMO-CASH_MONKEY-20260930-0029,Engineering reference manual,Books,GW-005,DEMO-CASH_MONKEY-0029,276 - Goodwill Michiana,eBay,1,11.72,6.99,0.00,1.17,17.54,cash_monkey_replica,true,one row per unit,2026-09-30,UTC,USD
CM-20260930-0030,CM-20260930-0030-U1,2026-09-30,DEMO-CASH_MONKEY-20260930-0030,Hardcover regional cookbook,Books,GW-006,DEMO-CASH_MONKEY-0030,277 - Goodwill Michiana (Stores),Goodwillbooks,1,13.83,7.99,0.00,1.38,20.44,cash_monkey_replica,true,one row per unit,2026-09-30,UTC,USD
