source,record_key,amount_cents
upright_replica,"[""UP-20260901-0001""]",350
upright_replica,"[""UP-20260901-0002""]",350
upright_replica,"[""UP-20260901-0003""]",350
upright_replica,"[""UP-20260901-0004""]",350
upright_replica,"[""UP-20260901-0005""]",350
upright_replica,"[""UP-20260901-0006""]",350
upright_replica,"[""UP-20260901-0007""]",350
upright_replica,"[""UP-20260901-0008""]",350
upright_replica,"[""UP-20260901-0009""]",350
upright_replica,"[""UP-20260901-0010""]",350
upright_replica,"[""UP-20260901-0011""]",350
upright_replica,"[""UP-20260901-0012""]",350
upright_replica,"[""UP-20260901-0013""]",350
upright_replica,"[""UP-20260901-0014""]",350
upright_replica,"[""UP-20260901-0015""]",350
upright_replica,"[""UP-20260901-0016""]",350
upright_replica,"[""UP-20260901-0017""]",350
upright_replica,"[""UP-20260901-0018""]",350
upright_replica,"[""UP-20260901-0019""]",350
upright_replica,"[""UP-20260901-0020""]",350
upright_replica,"[""UP-20260901-0021""]",350
upright_replica,"[""UP-20260901-0022""]",350
upright_replica,"[""UP-20260901-0023""]",350
upright_replica,"[""UP-20260901-0024""]",350
upright_replica,"[""UP-20260901-0025""]",350
upright_replica,"[""UP-20260901-0026""]",350
upright_replica,"[""UP-20260901-0027""]",350
upright_replica,"[""UP-20260901-0028""]",350
upright_replica,"[""UP-20260901-0029""]",350
upright_replica,"[""UP-20260901-0030""]",350
upright_replica,"[""UP-20260901-0031""]",350
upright_replica,"[""UP-20260901-0032""]",350
upright_replica,"[""UP-20260901-0033""]",350
upright_replica,"[""UP-20260901-0034""]",350
upright_replica,"[""UP-20260901-0035""]",350
upright_replica,"[""UP-20260901-0036""]",350
upright_replica,"[""UP-20260901-0037""]",350
upright_replica,"[""UP-20260901-0038""]",350
upright_replica,"[""UP-20260901-0039""]",350
upright_replica,"[""UP-20260901-0040""]",350
upright_replica,"[""UP-20260901-0041""]",350
upright_replica,"[""UP-20260901-0042""]",350
upright_replica,"[""UP-20260901-0043""]",350
upright_replica,"[""UP-20260901-0044""]",350
upright_replica,"[""UP-20260901-0045""]",350
upright_replica,"[""UP-20260901-0046""]",350
upright_replica,"[""UP-20260901-0047""]",350
upright_replica,"[""UP-20260901-0048""]",350
upright_replica,"[""UP-20260901-0049""]",350
upright_replica,"[""UP-20260901-0050""]",350
upright_replica,"[""UP-20260901-0051""]",350
upright_replica,"[""UP-20260901-0052""]",350
upright_replica,"[""UP-20260901-0053""]",350
upright_replica,"[""UP-20260901-0054""]",350
upright_replica,"[""UP-20260901-0055""]",350
upright_replica,"[""UP-20260901-0056""]",350
upright_replica,"[""UP-20260901-0057""]",350
upright_replica,"[""UP-20260901-0058""]",350
upright_replica,"[""UP-20260901-0059""]",350
upright_replica,"[""UP-20260901-0060""]",350
upright_replica,"[""UP-20260901-0061""]",350
upright_replica,"[""UP-20260901-0062""]",350
upright_replica,"[""UP-20260901-0063""]",350
upright_replica,"[""UP-20260901-0064""]",350
upright_replica,"[""UP-20260901-0065""]",350
upright_replica,"[""UP-20260901-0066""]",350
upright_replica,"[""UP-20260901-0067""]",350
upright_replica,"[""UP-20260901-0068""]",350
upright_replica,"[""UP-20260901-0069""]",350
upright_replica,"[""UP-20260901-0070""]",350
upright_replica,"[""UP-20260901-0071""]",350
upright_replica,"[""UP-20260901-0072""]",350
upright_replica,"[""UP-20260901-0073""]",350
upright_replica,"[""UP-20260901-0074""]",350
upright_replica,"[""UP-20260901-0075""]",350
upright_replica,"[""UP-20260901-0076""]",350
upright_replica,"[""UP-20260901-0077""]",350
upright_replica,"[""UP-20260901-0078""]",350
upright_replica,"[""UP-20260901-0079""]",350
upright_replica,"[""UP-20260901-0080""]",350
upright_replica,"[""UP-20260901-0081""]",350
upright_replica,"[""UP-20260901-0082""]",350
upright_replica,"[""UP-20260901-0083""]",350
upright_replica,"[""UP-20260901-0084""]",350
upright_replica,"[""UP-20260901-0085""]",350
upright_replica,"[""UP-20260901-0086""]",350
upright_replica,"[""UP-20260901-0087""]",350
upright_replica,"[""UP-20260901-0088""]",350
upright_replica,"[""UP-20260901-0089""]",350
upright_replica,"[""UP-20260901-0090""]",350
upright_replica,"[""UP-20260901-0091""]",350
upright_replica,"[""UP-20260901-0092""]",350
upright_replica,"[""UP-20260901-0093""]",350
upright_replica,"[""UP-20260901-0094""]",350
upright_replica,"[""UP-20260901-0095""]",350
upright_replica,"[""UP-20260901-0096""]",350
upright_replica,"[""UP-20260901-0097""]",350
upright_replica,"[""UP-20260901-0098""]",350
upright_replica,"[""UP-20260901-0099""]",350
upright_replica,"[""UP-20260901-0100""]",350
upright_replica,"[""UP-20260901-0101""]",350
upright_replica,"[""UP-20260901-0102""]",350
upright_replica,"[""UP-20260901-0103""]",350
upright_replica,"[""UP-20260901-0104""]",350
upright_replica,"[""UP-20260901-0105""]",350
upright_replica,"[""UP-20260901-0106""]",350
upright_replica,"[""UP-20260901-0107""]",350
upright_replica,"[""UP-20260901-0108""]",350
upright_replica,"[""UP-20260901-0109""]",350
upright_replica,"[""UP-20260901-0110""]",350
upright_replica,"[""UP-20260901-0111""]",350
upright_replica,"[""UP-20260901-0112""]",350
upright_replica,"[""UP-20260901-0113""]",350
upright_replica,"[""UP-20260901-0114""]",350
upright_replica,"[""UP-20260901-0115""]",350
upright_replica,"[""UP-20260901-0116""]",350
upright_replica,"[""UP-20260901-0117""]",350
upright_replica,"[""UP-20260901-0118""]",350
upright_replica,"[""UP-20260901-0119""]",350
upright_replica,"[""UP-20260901-0120""]",350
upright_replica,"[""UP-20260901-0121""]",350
upright_replica,"[""UP-20260901-0122""]",350
upright_replica,"[""UP-20260901-0123""]",350
upright_replica,"[""UP-20260901-0124""]",350
upright_replica,"[""UP-20260901-0125""]",350
upright_replica,"[""UP-20260901-0126""]",350
upright_replica,"[""UP-20260901-0127""]",350
upright_replica,"[""UP-20260901-0128""]",350
upright_replica,"[""UP-20260902-0001""]",350
upright_replica,"[""UP-20260902-0002""]",350
upright_replica,"[""UP-20260902-0003""]",350
upright_replica,"[""UP-20260902-0004""]",350
upright_replica,"[""UP-20260902-0005""]",350
upright_replica,"[""UP-20260902-0006""]",350
upright_replica,"[""UP-20260902-0007""]",350
upright_replica,"[""UP-20260902-0008""]",350
upright_replica,"[""UP-20260902-0009""]",350
upright_replica,"[""UP-20260902-0010""]",350
upright_replica,"[""UP-20260902-0011""]",350
upright_replica,"[""UP-20260902-0012""]",350
upright_replica,"[""UP-20260902-0013""]",350
upright_replica,"[""UP-20260902-0014""]",350
upright_replica,"[""UP-20260902-0015""]",350
upright_replica,"[""UP-20260902-0016""]",350
upright_replica,"[""UP-20260902-0017""]",350
upright_replica,"[""UP-20260902-0018""]",350
upright_replica,"[""UP-20260902-0019""]",350
upright_replica,"[""UP-20260902-0020""]",350
upright_replica,"[""UP-20260902-0021""]",350
upright_replica,"[""UP-20260902-0022""]",350
upright_replica,"[""UP-20260902-0023""]",350
upright_replica,"[""UP-20260902-0024""]",350
upright_replica,"[""UP-20260902-0025""]",350
upright_replica,"[""UP-20260902-0026""]",350
upright_replica,"[""UP-20260902-0027""]",350
upright_replica,"[""UP-20260902-0028""]",350
upright_replica,"[""UP-20260902-0029""]",350
upright_replica,"[""UP-20260902-0030""]",350
upright_replica,"[""UP-20260902-0031""]",350
upright_replica,"[""UP-20260902-0032""]",350
upright_replica,"[""UP-20260902-0033""]",350
upright_replica,"[""UP-20260902-0034""]",350
upright_replica,"[""UP-20260902-0035""]",350
upright_replica,"[""UP-20260902-0036""]",350
upright_replica,"[""UP-20260902-0037""]",350
upright_replica,"[""UP-20260902-0038""]",350
upright_replica,"[""UP-20260902-0039""]",350
upright_replica,"[""UP-20260902-0040""]",350
upright_replica,"[""UP-20260902-0041""]",350
upright_replica,"[""UP-20260902-0042""]",350
upright_replica,"[""UP-20260902-0043""]",350
upright_replica,"[""UP-20260902-0044""]",350
upright_replica,"[""UP-20260902-0045""]",350
upright_replica,"[""UP-20260902-0046""]",350
upright_replica,"[""UP-20260902-0047""]",350
upright_replica,"[""UP-20260902-0048""]",350
upright_replica,"[""UP-20260902-0049""]",350
upright_replica,"[""UP-20260902-0050""]",350
upright_replica,"[""UP-20260902-0051""]",350
upright_replica,"[""UP-20260902-0052""]",350
upright_replica,"[""UP-20260902-0053""]",350
upright_replica,"[""UP-20260902-0054""]",350
upright_replica,"[""UP-20260902-0055""]",350
upright_replica,"[""UP-20260902-0056""]",350
upright_replica,"[""UP-20260902-0057""]",350
upright_replica,"[""UP-20260902-0058""]",350
upright_replica,"[""UP-20260902-0059""]",350
upright_replica,"[""UP-20260902-0060""]",350
upright_replica,"[""UP-20260902-0061""]",350
upright_replica,"[""UP-20260902-0062""]",350
upright_replica,"[""UP-20260902-0063""]",350
upright_replica,"[""UP-20260902-0064""]",350
upright_replica,"[""UP-20260902-0065""]",350
upright_replica,"[""UP-20260902-0066""]",350
upright_replica,"[""UP-20260902-0067""]",350
upright_replica,"[""UP-20260902-0068""]",350
upright_replica,"[""UP-20260902-0069""]",350
upright_replica,"[""UP-20260902-0070""]",350
upright_replica,"[""UP-20260902-0071""]",350
upright_replica,"[""UP-20260902-0072""]",350
upright_replica,"[""UP-20260902-0073""]",350
upright_replica,"[""UP-20260902-0074""]",350
upright_replica,"[""UP-20260902-0075""]",350
upright_replica,"[""UP-20260902-0076""]",350
upright_replica,"[""UP-20260902-0077""]",350
upright_replica,"[""UP-20260902-0078""]",350
upright_replica,"[""UP-20260902-0079""]",350
upright_replica,"[""UP-20260902-0080""]",350
upright_replica,"[""UP-20260902-0081""]",350
upright_replica,"[""UP-20260902-0082""]",350
upright_replica,"[""UP-20260902-0083""]",350
upright_replica,"[""UP-20260902-0084""]",350
upright_replica,"[""UP-20260902-0085""]",350
upright_replica,"[""UP-20260902-0086""]",350
upright_replica,"[""UP-20260902-0087""]",350
upright_replica,"[""UP-20260902-0088""]",350
upright_replica,"[""UP-20260902-0089""]",350
upright_replica,"[""UP-20260902-0090""]",350
upright_replica,"[""UP-20260902-0091""]",350
upright_replica,"[""UP-20260902-0092""]",350
upright_replica,"[""UP-20260902-0093""]",350
upright_replica,"[""UP-20260902-0094""]",350
upright_replica,"[""UP-20260902-0095""]",350
upright_replica,"[""UP-20260902-0096""]",350
upright_replica,"[""UP-20260902-0097""]",350
upright_replica,"[""UP-20260902-0098""]",350
upright_replica,"[""UP-20260902-0099""]",350
upright_replica,"[""UP-20260902-0100""]",350
upright_replica,"[""UP-20260902-0101""]",350
upright_replica,"[""UP-20260902-0102""]",350
upright_replica,"[""UP-20260902-0103""]",350
upright_replica,"[""UP-20260902-0104""]",350
upright_replica,"[""UP-20260902-0105""]",350
upright_replica,"[""UP-20260902-0106""]",350
upright_replica,"[""UP-20260902-0107""]",350
upright_replica,"[""UP-20260902-0108""]",350
upright_replica,"[""UP-20260902-0109""]",350
upright_replica,"[""UP-20260902-0110""]",350
upright_replica,"[""UP-20260902-0111""]",350
upright_replica,"[""UP-20260902-0112""]",350
upright_replica,"[""UP-20260902-0113""]",350
upright_replica,"[""UP-20260902-0114""]",350
upright_replica,"[""UP-20260902-0115""]",350
upright_replica,"[""UP-20260902-0116""]",350
upright_replica,"[""UP-20260902-0117""]",350
upright_replica,"[""UP-20260902-0118""]",350
upright_replica,"[""UP-20260902-0119""]",350
upright_replica,"[""UP-20260902-0120""]",350
upright_replica,"[""UP-20260902-0121""]",350
upright_replica,"[""UP-20260902-0122""]",350
upright_replica,"[""UP-20260902-0123""]",350
upright_replica,"[""UP-20260902-0124""]",350
upright_replica,"[""UP-20260902-0125""]",350
upright_replica,"[""UP-20260902-0126""]",350
upright_replica,"[""UP-20260902-0127""]",350
upright_replica,"[""UP-20260902-0128""]",350
upright_replica,"[""UP-20260903-0001""]",350
upright_replica,"[""UP-20260903-0002""]",350
upright_replica,"[""UP-20260903-0003""]",350
upright_replica,"[""UP-20260903-0004""]",350
upright_replica,"[""UP-20260903-0005""]",350
upright_replica,"[""UP-20260903-0006""]",350
upright_replica,"[""UP-20260903-0007""]",350
upright_replica,"[""UP-20260903-0008""]",350
upright_replica,"[""UP-20260903-0009""]",350
upright_replica,"[""UP-20260903-0010""]",350
upright_replica,"[""UP-20260903-0011""]",350
upright_replica,"[""UP-20260903-0012""]",350
upright_replica,"[""UP-20260903-0013""]",350
upright_replica,"[""UP-20260903-0014""]",350
upright_replica,"[""UP-20260903-0015""]",350
upright_replica,"[""UP-20260903-0016""]",350
upright_replica,"[""UP-20260903-0017""]",350
upright_replica,"[""UP-20260903-0018""]",350
upright_replica,"[""UP-20260903-0019""]",350
upright_replica,"[""UP-20260903-0020""]",350
upright_replica,"[""UP-20260903-0021""]",350
upright_replica,"[""UP-20260903-0022""]",350
upright_replica,"[""UP-20260903-0023""]",350
upright_replica,"[""UP-20260903-0024""]",350
upright_replica,"[""UP-20260903-0025""]",350
upright_replica,"[""UP-20260903-0026""]",350
upright_replica,"[""UP-20260903-0027""]",350
upright_replica,"[""UP-20260903-0028""]",350
upright_replica,"[""UP-20260903-0029""]",350
upright_replica,"[""UP-20260903-0030""]",350
upright_replica,"[""UP-20260903-0031""]",350
upright_replica,"[""UP-20260903-0032""]",350
upright_replica,"[""UP-20260903-0033""]",350
upright_replica,"[""UP-20260903-0034""]",350
upright_replica,"[""UP-20260903-0035""]",350
upright_replica,"[""UP-20260903-0036""]",350
upright_replica,"[""UP-20260903-0037""]",350
upright_replica,"[""UP-20260903-0038""]",350
upright_replica,"[""UP-20260903-0039""]",350
upright_replica,"[""UP-20260903-0040""]",350
upright_replica,"[""UP-20260903-0041""]",350
upright_replica,"[""UP-20260903-0042""]",350
upright_replica,"[""UP-20260903-0043""]",350
upright_replica,"[""UP-20260903-0044""]",350
upright_replica,"[""UP-20260903-0045""]",350
upright_replica,"[""UP-20260903-0046""]",350
upright_replica,"[""UP-20260903-0047""]",350
upright_replica,"[""UP-20260903-0048""]",350
upright_replica,"[""UP-20260903-0049""]",350
upright_replica,"[""UP-20260903-0050""]",350
upright_replica,"[""UP-20260903-0051""]",350
upright_replica,"[""UP-20260903-0052""]",350
upright_replica,"[""UP-20260903-0053""]",350
upright_replica,"[""UP-20260903-0054""]",350
upright_replica,"[""UP-20260903-0055""]",350
upright_replica,"[""UP-20260903-0056""]",350
upright_replica,"[""UP-20260903-0057""]",350
upright_replica,"[""UP-20260903-0058""]",350
upright_replica,"[""UP-20260903-0059""]",350
upright_replica,"[""UP-20260903-0060""]",350
upright_replica,"[""UP-20260903-0061""]",350
upright_replica,"[""UP-20260903-0062""]",350
upright_replica,"[""UP-20260903-0063""]",350
upright_replica,"[""UP-20260903-0064""]",350
upright_replica,"[""UP-20260903-0065""]",350
upright_replica,"[""UP-20260903-0066""]",350
upright_replica,"[""UP-20260903-0067""]",350
upright_replica,"[""UP-20260903-0068""]",350
upright_replica,"[""UP-20260903-0069""]",350
upright_replica,"[""UP-20260903-0070""]",350
upright_replica,"[""UP-20260903-0071""]",350
upright_replica,"[""UP-20260903-0072""]",350
upright_replica,"[""UP-20260903-0073""]",350
upright_replica,"[""UP-20260903-0074""]",350
upright_replica,"[""UP-20260903-0075""]",350
upright_replica,"[""UP-20260903-0076""]",350
upright_replica,"[""UP-20260903-0077""]",350
upright_replica,"[""UP-20260903-0078""]",350
upright_replica,"[""UP-20260903-0079""]",350
upright_replica,"[""UP-20260903-0080""]",350
upright_replica,"[""UP-20260903-0081""]",350
upright_replica,"[""UP-20260903-0082""]",350
upright_replica,"[""UP-20260903-0083""]",350
upright_replica,"[""UP-20260903-0084""]",350
upright_replica,"[""UP-20260903-0085""]",350
upright_replica,"[""UP-20260903-0086""]",350
upright_replica,"[""UP-20260903-0087""]",350
upright_replica,"[""UP-20260903-0088""]",350
upright_replica,"[""UP-20260903-0089""]",350
upright_replica,"[""UP-20260903-0090""]",350
upright_replica,"[""UP-20260903-0091""]",350
upright_replica,"[""UP-20260903-0092""]",350
upright_replica,"[""UP-20260903-0093""]",350
upright_replica,"[""UP-20260903-0094""]",350
upright_replica,"[""UP-20260903-0095""]",350
upright_replica,"[""UP-20260903-0096""]",350
upright_replica,"[""UP-20260903-0097""]",350
upright_replica,"[""UP-20260903-0098""]",350
upright_replica,"[""UP-20260903-0099""]",350
upright_replica,"[""UP-20260903-0100""]",350
upright_replica,"[""UP-20260903-0101""]",350
upright_replica,"[""UP-20260903-0102""]",350
upright_replica,"[""UP-20260903-0103""]",350
upright_replica,"[""UP-20260903-0104""]",350
upright_replica,"[""UP-20260903-0105""]",350
upright_replica,"[""UP-20260903-0106""]",350
upright_replica,"[""UP-20260903-0107""]",350
upright_replica,"[""UP-20260903-0108""]",350
upright_replica,"[""UP-20260903-0109""]",350
upright_replica,"[""UP-20260903-0110""]",350
upright_replica,"[""UP-20260903-0111""]",350
upright_replica,"[""UP-20260903-0112""]",350
upright_replica,"[""UP-20260903-0113""]",350
upright_replica,"[""UP-20260903-0114""]",350
upright_replica,"[""UP-20260903-0115""]",350
upright_replica,"[""UP-20260903-0116""]",350
upright_replica,"[""UP-20260903-0117""]",350
upright_replica,"[""UP-20260903-0118""]",350
upright_replica,"[""UP-20260903-0119""]",350
upright_replica,"[""UP-20260903-0120""]",350
upright_replica,"[""UP-20260903-0121""]",350
upright_replica,"[""UP-20260903-0122""]",350
upright_replica,"[""UP-20260903-0123""]",350
upright_replica,"[""UP-20260903-0124""]",350
upright_replica,"[""UP-20260903-0125""]",350
upright_replica,"[""UP-20260903-0126""]",350
upright_replica,"[""UP-20260903-0127""]",350
upright_replica,"[""UP-20260903-0128""]",350
upright_replica,"[""UP-20260904-0001""]",350
upright_replica,"[""UP-20260904-0002""]",350
upright_replica,"[""UP-20260904-0003""]",350
upright_replica,"[""UP-20260904-0004""]",350
upright_replica,"[""UP-20260904-0005""]",350
upright_replica,"[""UP-20260904-0006""]",350
upright_replica,"[""UP-20260904-0007""]",350
upright_replica,"[""UP-20260904-0008""]",350
upright_replica,"[""UP-20260904-0009""]",350
upright_replica,"[""UP-20260904-0010""]",350
upright_replica,"[""UP-20260904-0011""]",350
upright_replica,"[""UP-20260904-0012""]",350
upright_replica,"[""UP-20260904-0013""]",350
upright_replica,"[""UP-20260904-0014""]",350
upright_replica,"[""UP-20260904-0015""]",350
upright_replica,"[""UP-20260904-0016""]",350
upright_replica,"[""UP-20260904-0017""]",350
upright_replica,"[""UP-20260904-0018""]",350
upright_replica,"[""UP-20260904-0019""]",350
upright_replica,"[""UP-20260904-0020""]",350
upright_replica,"[""UP-20260904-0021""]",350
upright_replica,"[""UP-20260904-0022""]",350
upright_replica,"[""UP-20260904-0023""]",350
upright_replica,"[""UP-20260904-0024""]",350
upright_replica,"[""UP-20260904-0025""]",350
upright_replica,"[""UP-20260904-0026""]",350
upright_replica,"[""UP-20260904-0027""]",350
upright_replica,"[""UP-20260904-0028""]",350
upright_replica,"[""UP-20260904-0029""]",350
upright_replica,"[""UP-20260904-0030""]",350
upright_replica,"[""UP-20260904-0031""]",350
upright_replica,"[""UP-20260904-0032""]",350
upright_replica,"[""UP-20260904-0033""]",350
upright_replica,"[""UP-20260904-0034""]",350
upright_replica,"[""UP-20260904-0035""]",350
upright_replica,"[""UP-20260904-0036""]",350
upright_replica,"[""UP-20260904-0037""]",350
upright_replica,"[""UP-20260904-0038""]",350
upright_replica,"[""UP-20260904-0039""]",350
upright_replica,"[""UP-20260904-0040""]",350
upright_replica,"[""UP-20260904-0041""]",350
upright_replica,"[""UP-20260904-0042""]",350
upright_replica,"[""UP-20260904-0043""]",350
upright_replica,"[""UP-20260904-0044""]",350
upright_replica,"[""UP-20260904-0045""]",350
upright_replica,"[""UP-20260904-0046""]",350
upright_replica,"[""UP-20260904-0047""]",350
upright_replica,"[""UP-20260904-0048""]",350
upright_replica,"[""UP-20260904-0049""]",350
upright_replica,"[""UP-20260904-0050""]",350
upright_replica,"[""UP-20260904-0051""]",350
upright_replica,"[""UP-20260904-0052""]",350
upright_replica,"[""UP-20260904-0053""]",350
upright_replica,"[""UP-20260904-0054""]",350
upright_replica,"[""UP-20260904-0055""]",350
upright_replica,"[""UP-20260904-0056""]",350
upright_replica,"[""UP-20260904-0057""]",350
upright_replica,"[""UP-20260904-0058""]",350
upright_replica,"[""UP-20260904-0059""]",350
upright_replica,"[""UP-20260904-0060""]",350
upright_replica,"[""UP-20260904-0061""]",350
upright_replica,"[""UP-20260904-0062""]",350
upright_replica,"[""UP-20260904-0063""]",350
upright_replica,"[""UP-20260904-0064""]",350
upright_replica,"[""UP-20260904-0065""]",350
upright_replica,"[""UP-20260904-0066""]",350
upright_replica,"[""UP-20260904-0067""]",350
upright_replica,"[""UP-20260904-0068""]",350
upright_replica,"[""UP-20260904-0069""]",350
upright_replica,"[""UP-20260904-0070""]",350
upright_replica,"[""UP-20260904-0071""]",350
upright_replica,"[""UP-20260904-0072""]",350
upright_replica,"[""UP-20260904-0073""]",350
upright_replica,"[""UP-20260904-0074""]",350
upright_replica,"[""UP-20260904-0075""]",350
upright_replica,"[""UP-20260904-0076""]",350
upright_replica,"[""UP-20260904-0077""]",350
upright_replica,"[""UP-20260904-0078""]",350
upright_replica,"[""UP-20260904-0079""]",350
upright_replica,"[""UP-20260904-0080""]",350
upright_replica,"[""UP-20260904-0081""]",350
upright_replica,"[""UP-20260904-0082""]",350
upright_replica,"[""UP-20260904-0083""]",350
upright_replica,"[""UP-20260904-0084""]",350
upright_replica,"[""UP-20260904-0085""]",350
upright_replica,"[""UP-20260904-0086""]",350
upright_replica,"[""UP-20260904-0087""]",350
upright_replica,"[""UP-20260904-0088""]",350
upright_replica,"[""UP-20260904-0089""]",350
upright_replica,"[""UP-20260904-0090""]",350
upright_replica,"[""UP-20260904-0091""]",350
upright_replica,"[""UP-20260904-0092""]",350
upright_replica,"[""UP-20260904-0093""]",350
upright_replica,"[""UP-20260904-0094""]",350
upright_replica,"[""UP-20260904-0095""]",350
upright_replica,"[""UP-20260904-0096""]",350
upright_replica,"[""UP-20260904-0097""]",350
upright_replica,"[""UP-20260904-0098""]",350
upright_replica,"[""UP-20260904-0099""]",350
upright_replica,"[""UP-20260904-0100""]",350
upright_replica,"[""UP-20260904-0101""]",350
upright_replica,"[""UP-20260904-0102""]",350
upright_replica,"[""UP-20260904-0103""]",350
upright_replica,"[""UP-20260904-0104""]",350
upright_replica,"[""UP-20260904-0105""]",350
upright_replica,"[""UP-20260904-0106""]",350
upright_replica,"[""UP-20260904-0107""]",350
upright_replica,"[""UP-20260904-0108""]",350
upright_replica,"[""UP-20260904-0109""]",350
upright_replica,"[""UP-20260904-0110""]",350
upright_replica,"[""UP-20260904-0111""]",350
upright_replica,"[""UP-20260904-0112""]",350
upright_replica,"[""UP-20260904-0113""]",350
upright_replica,"[""UP-20260904-0114""]",350
upright_replica,"[""UP-20260904-0115""]",350
upright_replica,"[""UP-20260904-0116""]",350
upright_replica,"[""UP-20260904-0117""]",350
upright_replica,"[""UP-20260904-0118""]",350
upright_replica,"[""UP-20260904-0119""]",350
upright_replica,"[""UP-20260904-0120""]",350
upright_replica,"[""UP-20260904-0121""]",350
upright_replica,"[""UP-20260904-0122""]",350
upright_replica,"[""UP-20260904-0123""]",350
upright_replica,"[""UP-20260904-0124""]",350
upright_replica,"[""UP-20260904-0125""]",350
upright_replica,"[""UP-20260904-0126""]",350
upright_replica,"[""UP-20260904-0127""]",350
upright_replica,"[""UP-20260904-0128""]",350
upright_replica,"[""UP-20260905-0001""]",350
upright_replica,"[""UP-20260905-0002""]",350
upright_replica,"[""UP-20260905-0003""]",350
upright_replica,"[""UP-20260905-0004""]",350
upright_replica,"[""UP-20260905-0005""]",350
upright_replica,"[""UP-20260905-0006""]",350
upright_replica,"[""UP-20260905-0007""]",350
upright_replica,"[""UP-20260905-0008""]",350
upright_replica,"[""UP-20260905-0009""]",350
upright_replica,"[""UP-20260905-0010""]",350
upright_replica,"[""UP-20260905-0011""]",350
upright_replica,"[""UP-20260905-0012""]",350
upright_replica,"[""UP-20260905-0013""]",350
upright_replica,"[""UP-20260905-0014""]",350
upright_replica,"[""UP-20260905-0015""]",350
upright_replica,"[""UP-20260905-0016""]",350
upright_replica,"[""UP-20260905-0017""]",350
upright_replica,"[""UP-20260905-0018""]",350
upright_replica,"[""UP-20260905-0019""]",350
upright_replica,"[""UP-20260905-0020""]",350
upright_replica,"[""UP-20260905-0021""]",350
upright_replica,"[""UP-20260905-0022""]",350
upright_replica,"[""UP-20260905-0023""]",350
upright_replica,"[""UP-20260905-0024""]",350
upright_replica,"[""UP-20260905-0025""]",350
upright_replica,"[""UP-20260905-0026""]",350
upright_replica,"[""UP-20260905-0027""]",350
upright_replica,"[""UP-20260905-0028""]",350
upright_replica,"[""UP-20260905-0029""]",350
upright_replica,"[""UP-20260905-0030""]",350
upright_replica,"[""UP-20260905-0031""]",350
upright_replica,"[""UP-20260905-0032""]",350
upright_replica,"[""UP-20260905-0033""]",350
upright_replica,"[""UP-20260905-0034""]",350
upright_replica,"[""UP-20260905-0035""]",350
upright_replica,"[""UP-20260905-0036""]",350
upright_replica,"[""UP-20260905-0037""]",350
upright_replica,"[""UP-20260905-0038""]",350
upright_replica,"[""UP-20260905-0039""]",350
upright_replica,"[""UP-20260905-0040""]",350
upright_replica,"[""UP-20260905-0041""]",350
upright_replica,"[""UP-20260905-0042""]",350
upright_replica,"[""UP-20260905-0043""]",350
upright_replica,"[""UP-20260905-0044""]",350
upright_replica,"[""UP-20260905-0045""]",350
upright_replica,"[""UP-20260905-0046""]",350
upright_replica,"[""UP-20260905-0047""]",350
upright_replica,"[""UP-20260905-0048""]",350
upright_replica,"[""UP-20260905-0049""]",350
upright_replica,"[""UP-20260905-0050""]",350
upright_replica,"[""UP-20260905-0051""]",350
upright_replica,"[""UP-20260905-0052""]",350
upright_replica,"[""UP-20260905-0053""]",350
upright_replica,"[""UP-20260905-0054""]",350
upright_replica,"[""UP-20260905-0055""]",350
upright_replica,"[""UP-20260905-0056""]",350
upright_replica,"[""UP-20260905-0057""]",350
upright_replica,"[""UP-20260905-0058""]",350
upright_replica,"[""UP-20260905-0059""]",350
upright_replica,"[""UP-20260905-0060""]",350
upright_replica,"[""UP-20260905-0061""]",350
upright_replica,"[""UP-20260905-0062""]",350
upright_replica,"[""UP-20260905-0063""]",350
upright_replica,"[""UP-20260905-0064""]",350
upright_replica,"[""UP-20260905-0065""]",350
upright_replica,"[""UP-20260905-0066""]",350
upright_replica,"[""UP-20260905-0067""]",350
upright_replica,"[""UP-20260905-0068""]",350
upright_replica,"[""UP-20260905-0069""]",350
upright_replica,"[""UP-20260905-0070""]",350
upright_replica,"[""UP-20260905-0071""]",350
upright_replica,"[""UP-20260905-0072""]",350
upright_replica,"[""UP-20260905-0073""]",350
upright_replica,"[""UP-20260905-0074""]",350
upright_replica,"[""UP-20260905-0075""]",350
upright_replica,"[""UP-20260905-0076""]",350
upright_replica,"[""UP-20260905-0077""]",350
upright_replica,"[""UP-20260905-0078""]",350
upright_replica,"[""UP-20260905-0079""]",350
upright_replica,"[""UP-20260905-0080""]",350
upright_replica,"[""UP-20260905-0081""]",350
upright_replica,"[""UP-20260905-0082""]",350
upright_replica,"[""UP-20260905-0083""]",350
upright_replica,"[""UP-20260905-0084""]",350
upright_replica,"[""UP-20260905-0085""]",350
upright_replica,"[""UP-20260905-0086""]",350
upright_replica,"[""UP-20260905-0087""]",350
upright_replica,"[""UP-20260905-0088""]",350
upright_replica,"[""UP-20260905-0089""]",350
upright_replica,"[""UP-20260905-0090""]",350
upright_replica,"[""UP-20260905-0091""]",350
upright_replica,"[""UP-20260905-0092""]",350
upright_replica,"[""UP-20260905-0093""]",350
upright_replica,"[""UP-20260905-0094""]",350
upright_replica,"[""UP-20260905-0095""]",350
upright_replica,"[""UP-20260905-0096""]",350
upright_replica,"[""UP-20260905-0097""]",350
upright_replica,"[""UP-20260905-0098""]",350
upright_replica,"[""UP-20260905-0099""]",350
upright_replica,"[""UP-20260905-0100""]",350
upright_replica,"[""UP-20260905-0101""]",350
upright_replica,"[""UP-20260905-0102""]",350
upright_replica,"[""UP-20260905-0103""]",350
upright_replica,"[""UP-20260905-0104""]",350
upright_replica,"[""UP-20260905-0105""]",350
upright_replica,"[""UP-20260905-0106""]",350
upright_replica,"[""UP-20260905-0107""]",350
upright_replica,"[""UP-20260905-0108""]",350
upright_replica,"[""UP-20260905-0109""]",350
upright_replica,"[""UP-20260905-0110""]",350
upright_replica,"[""UP-20260905-0111""]",350
upright_replica,"[""UP-20260905-0112""]",350
upright_replica,"[""UP-20260905-0113""]",350
upright_replica,"[""UP-20260905-0114""]",350
upright_replica,"[""UP-20260905-0115""]",350
upright_replica,"[""UP-20260905-0116""]",350
upright_replica,"[""UP-20260905-0117""]",350
upright_replica,"[""UP-20260905-0118""]",350
upright_replica,"[""UP-20260905-0119""]",350
upright_replica,"[""UP-20260905-0120""]",350
upright_replica,"[""UP-20260905-0121""]",350
upright_replica,"[""UP-20260905-0122""]",350
upright_replica,"[""UP-20260905-0123""]",350
upright_replica,"[""UP-20260905-0124""]",350
upright_replica,"[""UP-20260905-0125""]",350
upright_replica,"[""UP-20260905-0126""]",350
upright_replica,"[""UP-20260905-0127""]",350
upright_replica,"[""UP-20260905-0128""]",350
upright_replica,"[""UP-20260906-0001""]",350
upright_replica,"[""UP-20260906-0002""]",350
upright_replica,"[""UP-20260906-0003""]",350
upright_replica,"[""UP-20260906-0004""]",350
upright_replica,"[""UP-20260906-0005""]",350
upright_replica,"[""UP-20260906-0006""]",350
upright_replica,"[""UP-20260906-0007""]",350
upright_replica,"[""UP-20260906-0008""]",350
upright_replica,"[""UP-20260906-0009""]",350
upright_replica,"[""UP-20260906-0010""]",350
upright_replica,"[""UP-20260906-0011""]",350
upright_replica,"[""UP-20260906-0012""]",350
upright_replica,"[""UP-20260906-0013""]",350
upright_replica,"[""UP-20260906-0014""]",350
upright_replica,"[""UP-20260906-0015""]",350
upright_replica,"[""UP-20260906-0016""]",350
upright_replica,"[""UP-20260906-0017""]",350
upright_replica,"[""UP-20260906-0018""]",350
upright_replica,"[""UP-20260906-0019""]",350
upright_replica,"[""UP-20260906-0020""]",350
upright_replica,"[""UP-20260906-0021""]",350
upright_replica,"[""UP-20260906-0022""]",350
upright_replica,"[""UP-20260906-0023""]",350
upright_replica,"[""UP-20260906-0024""]",350
upright_replica,"[""UP-20260906-0025""]",350
upright_replica,"[""UP-20260906-0026""]",350
upright_replica,"[""UP-20260906-0027""]",350
upright_replica,"[""UP-20260906-0028""]",350
upright_replica,"[""UP-20260906-0029""]",350
upright_replica,"[""UP-20260906-0030""]",350
upright_replica,"[""UP-20260906-0031""]",350
upright_replica,"[""UP-20260906-0032""]",350
upright_replica,"[""UP-20260906-0033""]",350
upright_replica,"[""UP-20260906-0034""]",350
upright_replica,"[""UP-20260906-0035""]",350
upright_replica,"[""UP-20260906-0036""]",350
upright_replica,"[""UP-20260906-0037""]",350
upright_replica,"[""UP-20260906-0038""]",350
upright_replica,"[""UP-20260906-0039""]",350
upright_replica,"[""UP-20260906-0040""]",350
upright_replica,"[""UP-20260906-0041""]",350
upright_replica,"[""UP-20260906-0042""]",350
upright_replica,"[""UP-20260906-0043""]",350
upright_replica,"[""UP-20260906-0044""]",350
upright_replica,"[""UP-20260906-0045""]",350
upright_replica,"[""UP-20260906-0046""]",350
upright_replica,"[""UP-20260906-0047""]",350
upright_replica,"[""UP-20260906-0048""]",350
upright_replica,"[""UP-20260906-0049""]",350
upright_replica,"[""UP-20260906-0050""]",350
upright_replica,"[""UP-20260906-0051""]",350
upright_replica,"[""UP-20260906-0052""]",350
upright_replica,"[""UP-20260906-0053""]",350
upright_replica,"[""UP-20260906-0054""]",350
upright_replica,"[""UP-20260906-0055""]",350
upright_replica,"[""UP-20260906-0056""]",350
upright_replica,"[""UP-20260906-0057""]",350
upright_replica,"[""UP-20260906-0058""]",350
upright_replica,"[""UP-20260906-0059""]",350
upright_replica,"[""UP-20260906-0060""]",350
upright_replica,"[""UP-20260906-0061""]",350
upright_replica,"[""UP-20260906-0062""]",350
upright_replica,"[""UP-20260906-0063""]",350
upright_replica,"[""UP-20260906-0064""]",350
upright_replica,"[""UP-20260906-0065""]",350
upright_replica,"[""UP-20260906-0066""]",350
upright_replica,"[""UP-20260906-0067""]",350
upright_replica,"[""UP-20260906-0068""]",350
upright_replica,"[""UP-20260906-0069""]",350
upright_replica,"[""UP-20260906-0070""]",350
upright_replica,"[""UP-20260906-0071""]",350
upright_replica,"[""UP-20260906-0072""]",350
upright_replica,"[""UP-20260906-0073""]",350
upright_replica,"[""UP-20260906-0074""]",350
upright_replica,"[""UP-20260906-0075""]",350
upright_replica,"[""UP-20260906-0076""]",350
upright_replica,"[""UP-20260906-0077""]",350
upright_replica,"[""UP-20260906-0078""]",350
upright_replica,"[""UP-20260906-0079""]",350
upright_replica,"[""UP-20260906-0080""]",350
upright_replica,"[""UP-20260906-0081""]",350
upright_replica,"[""UP-20260906-0082""]",350
upright_replica,"[""UP-20260906-0083""]",350
upright_replica,"[""UP-20260906-0084""]",350
upright_replica,"[""UP-20260906-0085""]",350
upright_replica,"[""UP-20260906-0086""]",350
upright_replica,"[""UP-20260906-0087""]",350
upright_replica,"[""UP-20260906-0088""]",350
upright_replica,"[""UP-20260906-0089""]",350
upright_replica,"[""UP-20260906-0090""]",350
upright_replica,"[""UP-20260906-0091""]",350
upright_replica,"[""UP-20260906-0092""]",350
upright_replica,"[""UP-20260906-0093""]",350
upright_replica,"[""UP-20260906-0094""]",350
upright_replica,"[""UP-20260906-0095""]",350
upright_replica,"[""UP-20260906-0096""]",350
upright_replica,"[""UP-20260906-0097""]",350
upright_replica,"[""UP-20260906-0098""]",350
upright_replica,"[""UP-20260906-0099""]",350
upright_replica,"[""UP-20260906-0100""]",350
upright_replica,"[""UP-20260906-0101""]",350
upright_replica,"[""UP-20260906-0102""]",350
upright_replica,"[""UP-20260906-0103""]",350
upright_replica,"[""UP-20260906-0104""]",350
upright_replica,"[""UP-20260906-0105""]",350
upright_replica,"[""UP-20260906-0106""]",350
upright_replica,"[""UP-20260906-0107""]",350
upright_replica,"[""UP-20260906-0108""]",350
upright_replica,"[""UP-20260906-0109""]",350
upright_replica,"[""UP-20260906-0110""]",350
upright_replica,"[""UP-20260906-0111""]",350
upright_replica,"[""UP-20260906-0112""]",350
upright_replica,"[""UP-20260906-0113""]",350
upright_replica,"[""UP-20260906-0114""]",350
upright_replica,"[""UP-20260906-0115""]",350
upright_replica,"[""UP-20260906-0116""]",350
upright_replica,"[""UP-20260906-0117""]",350
upright_replica,"[""UP-20260906-0118""]",350
upright_replica,"[""UP-20260906-0119""]",350
upright_replica,"[""UP-20260906-0120""]",350
upright_replica,"[""UP-20260906-0121""]",350
upright_replica,"[""UP-20260906-0122""]",350
upright_replica,"[""UP-20260906-0123""]",350
upright_replica,"[""UP-20260906-0124""]",350
upright_replica,"[""UP-20260906-0125""]",350
upright_replica,"[""UP-20260906-0126""]",350
upright_replica,"[""UP-20260906-0127""]",350
upright_replica,"[""UP-20260906-0128""]",350
upright_replica,"[""UP-20260907-0001""]",350
upright_replica,"[""UP-20260907-0002""]",350
upright_replica,"[""UP-20260907-0003""]",350
upright_replica,"[""UP-20260907-0004""]",350
upright_replica,"[""UP-20260907-0005""]",350
upright_replica,"[""UP-20260907-0006""]",350
upright_replica,"[""UP-20260907-0007""]",350
upright_replica,"[""UP-20260907-0008""]",350
upright_replica,"[""UP-20260907-0009""]",350
upright_replica,"[""UP-20260907-0010""]",350
upright_replica,"[""UP-20260907-0011""]",350
upright_replica,"[""UP-20260907-0012""]",350
upright_replica,"[""UP-20260907-0013""]",350
upright_replica,"[""UP-20260907-0014""]",350
upright_replica,"[""UP-20260907-0015""]",350
upright_replica,"[""UP-20260907-0016""]",350
upright_replica,"[""UP-20260907-0017""]",350
upright_replica,"[""UP-20260907-0018""]",350
upright_replica,"[""UP-20260907-0019""]",350
upright_replica,"[""UP-20260907-0020""]",350
upright_replica,"[""UP-20260907-0021""]",350
upright_replica,"[""UP-20260907-0022""]",350
upright_replica,"[""UP-20260907-0023""]",350
upright_replica,"[""UP-20260907-0024""]",350
upright_replica,"[""UP-20260907-0025""]",350
upright_replica,"[""UP-20260907-0026""]",350
upright_replica,"[""UP-20260907-0027""]",350
upright_replica,"[""UP-20260907-0028""]",350
upright_replica,"[""UP-20260907-0029""]",350
upright_replica,"[""UP-20260907-0030""]",350
upright_replica,"[""UP-20260907-0031""]",350
upright_replica,"[""UP-20260907-0032""]",350
upright_replica,"[""UP-20260907-0033""]",350
upright_replica,"[""UP-20260907-0034""]",350
upright_replica,"[""UP-20260907-0035""]",350
upright_replica,"[""UP-20260907-0036""]",350
upright_replica,"[""UP-20260907-0037""]",350
upright_replica,"[""UP-20260907-0038""]",350
upright_replica,"[""UP-20260907-0039""]",350
upright_replica,"[""UP-20260907-0040""]",350
upright_replica,"[""UP-20260907-0041""]",350
upright_replica,"[""UP-20260907-0042""]",350
upright_replica,"[""UP-20260907-0043""]",350
upright_replica,"[""UP-20260907-0044""]",350
upright_replica,"[""UP-20260907-0045""]",350
upright_replica,"[""UP-20260907-0046""]",350
upright_replica,"[""UP-20260907-0047""]",350
upright_replica,"[""UP-20260907-0048""]",350
upright_replica,"[""UP-20260907-0049""]",350
upright_replica,"[""UP-20260907-0050""]",350
upright_replica,"[""UP-20260907-0051""]",350
upright_replica,"[""UP-20260907-0052""]",350
upright_replica,"[""UP-20260907-0053""]",350
upright_replica,"[""UP-20260907-0054""]",350
upright_replica,"[""UP-20260907-0055""]",350
upright_replica,"[""UP-20260907-0056""]",350
upright_replica,"[""UP-20260907-0057""]",350
upright_replica,"[""UP-20260907-0058""]",350
upright_replica,"[""UP-20260907-0059""]",350
upright_replica,"[""UP-20260907-0060""]",350
upright_replica,"[""UP-20260907-0061""]",350
upright_replica,"[""UP-20260907-0062""]",350
upright_replica,"[""UP-20260907-0063""]",350
upright_replica,"[""UP-20260907-0064""]",350
upright_replica,"[""UP-20260907-0065""]",350
upright_replica,"[""UP-20260907-0066""]",350
upright_replica,"[""UP-20260907-0067""]",350
upright_replica,"[""UP-20260907-0068""]",350
upright_replica,"[""UP-20260907-0069""]",350
upright_replica,"[""UP-20260907-0070""]",350
upright_replica,"[""UP-20260907-0071""]",350
upright_replica,"[""UP-20260907-0072""]",350
upright_replica,"[""UP-20260907-0073""]",350
upright_replica,"[""UP-20260907-0074""]",350
upright_replica,"[""UP-20260907-0075""]",350
upright_replica,"[""UP-20260907-0076""]",350
upright_replica,"[""UP-20260907-0077""]",350
upright_replica,"[""UP-20260907-0078""]",350
upright_replica,"[""UP-20260907-0079""]",350
upright_replica,"[""UP-20260907-0080""]",350
upright_replica,"[""UP-20260907-0081""]",350
upright_replica,"[""UP-20260907-0082""]",350
upright_replica,"[""UP-20260907-0083""]",350
upright_replica,"[""UP-20260907-0084""]",350
upright_replica,"[""UP-20260907-0085""]",350
upright_replica,"[""UP-20260907-0086""]",350
upright_replica,"[""UP-20260907-0087""]",350
upright_replica,"[""UP-20260907-0088""]",350
upright_replica,"[""UP-20260907-0089""]",350
upright_replica,"[""UP-20260907-0090""]",350
upright_replica,"[""UP-20260907-0091""]",350
upright_replica,"[""UP-20260907-0092""]",350
upright_replica,"[""UP-20260907-0093""]",350
upright_replica,"[""UP-20260907-0094""]",350
upright_replica,"[""UP-20260907-0095""]",350
upright_replica,"[""UP-20260907-0096""]",350
upright_replica,"[""UP-20260907-0097""]",350
upright_replica,"[""UP-20260907-0098""]",350
upright_replica,"[""UP-20260907-0099""]",350
upright_replica,"[""UP-20260907-0100""]",350
upright_replica,"[""UP-20260907-0101""]",350
upright_replica,"[""UP-20260907-0102""]",350
upright_replica,"[""UP-20260907-0103""]",350
upright_replica,"[""UP-20260907-0104""]",350
upright_replica,"[""UP-20260907-0105""]",350
upright_replica,"[""UP-20260907-0106""]",350
upright_replica,"[""UP-20260907-0107""]",350
upright_replica,"[""UP-20260907-0108""]",350
upright_replica,"[""UP-20260907-0109""]",350
upright_replica,"[""UP-20260907-0110""]",350
upright_replica,"[""UP-20260907-0111""]",350
upright_replica,"[""UP-20260907-0112""]",350
upright_replica,"[""UP-20260907-0113""]",350
upright_replica,"[""UP-20260907-0114""]",350
upright_replica,"[""UP-20260907-0115""]",350
upright_replica,"[""UP-20260907-0116""]",350
upright_replica,"[""UP-20260907-0117""]",350
upright_replica,"[""UP-20260907-0118""]",350
upright_replica,"[""UP-20260907-0119""]",350
upright_replica,"[""UP-20260907-0120""]",350
upright_replica,"[""UP-20260907-0121""]",350
upright_replica,"[""UP-20260907-0122""]",350
upright_replica,"[""UP-20260907-0123""]",350
upright_replica,"[""UP-20260907-0124""]",350
upright_replica,"[""UP-20260907-0125""]",350
upright_replica,"[""UP-20260907-0126""]",350
upright_replica,"[""UP-20260907-0127""]",350
upright_replica,"[""UP-20260907-0128""]",350
upright_replica,"[""UP-20260908-0001""]",350
upright_replica,"[""UP-20260908-0002""]",350
upright_replica,"[""UP-20260908-0003""]",350
upright_replica,"[""UP-20260908-0004""]",350
upright_replica,"[""UP-20260908-0005""]",350
upright_replica,"[""UP-20260908-0006""]",350
upright_replica,"[""UP-20260908-0007""]",350
upright_replica,"[""UP-20260908-0008""]",350
upright_replica,"[""UP-20260908-0009""]",350
upright_replica,"[""UP-20260908-0010""]",350
upright_replica,"[""UP-20260908-0011""]",350
upright_replica,"[""UP-20260908-0012""]",350
upright_replica,"[""UP-20260908-0013""]",350
upright_replica,"[""UP-20260908-0014""]",350
upright_replica,"[""UP-20260908-0015""]",350
upright_replica,"[""UP-20260908-0016""]",350
upright_replica,"[""UP-20260908-0017""]",350
upright_replica,"[""UP-20260908-0018""]",350
upright_replica,"[""UP-20260908-0019""]",350
upright_replica,"[""UP-20260908-0020""]",350
upright_replica,"[""UP-20260908-0021""]",350
upright_replica,"[""UP-20260908-0022""]",350
upright_replica,"[""UP-20260908-0023""]",350
upright_replica,"[""UP-20260908-0024""]",350
upright_replica,"[""UP-20260908-0025""]",350
upright_replica,"[""UP-20260908-0026""]",350
upright_replica,"[""UP-20260908-0027""]",350
upright_replica,"[""UP-20260908-0028""]",350
upright_replica,"[""UP-20260908-0029""]",350
upright_replica,"[""UP-20260908-0030""]",350
upright_replica,"[""UP-20260908-0031""]",350
upright_replica,"[""UP-20260908-0032""]",350
upright_replica,"[""UP-20260908-0033""]",350
upright_replica,"[""UP-20260908-0034""]",350
upright_replica,"[""UP-20260908-0035""]",350
upright_replica,"[""UP-20260908-0036""]",350
upright_replica,"[""UP-20260908-0037""]",350
upright_replica,"[""UP-20260908-0038""]",350
upright_replica,"[""UP-20260908-0039""]",350
upright_replica,"[""UP-20260908-0040""]",350
upright_replica,"[""UP-20260908-0041""]",350
upright_replica,"[""UP-20260908-0042""]",350
upright_replica,"[""UP-20260908-0043""]",350
upright_replica,"[""UP-20260908-0044""]",350
upright_replica,"[""UP-20260908-0045""]",350
upright_replica,"[""UP-20260908-0046""]",350
upright_replica,"[""UP-20260908-0047""]",350
upright_replica,"[""UP-20260908-0048""]",350
upright_replica,"[""UP-20260908-0049""]",350
upright_replica,"[""UP-20260908-0050""]",350
upright_replica,"[""UP-20260908-0051""]",350
upright_replica,"[""UP-20260908-0052""]",350
upright_replica,"[""UP-20260908-0053""]",350
upright_replica,"[""UP-20260908-0054""]",350
upright_replica,"[""UP-20260908-0055""]",350
upright_replica,"[""UP-20260908-0056""]",350
upright_replica,"[""UP-20260908-0057""]",350
upright_replica,"[""UP-20260908-0058""]",350
upright_replica,"[""UP-20260908-0059""]",350
upright_replica,"[""UP-20260908-0060""]",350
upright_replica,"[""UP-20260908-0061""]",350
upright_replica,"[""UP-20260908-0062""]",350
upright_replica,"[""UP-20260908-0063""]",350
upright_replica,"[""UP-20260908-0064""]",350
upright_replica,"[""UP-20260908-0065""]",350
upright_replica,"[""UP-20260908-0066""]",350
upright_replica,"[""UP-20260908-0067""]",350
upright_replica,"[""UP-20260908-0068""]",350
upright_replica,"[""UP-20260908-0069""]",350
upright_replica,"[""UP-20260908-0070""]",350
upright_replica,"[""UP-20260908-0071""]",350
upright_replica,"[""UP-20260908-0072""]",350
upright_replica,"[""UP-20260908-0073""]",350
upright_replica,"[""UP-20260908-0074""]",350
upright_replica,"[""UP-20260908-0075""]",350
upright_replica,"[""UP-20260908-0076""]",350
upright_replica,"[""UP-20260908-0077""]",350
upright_replica,"[""UP-20260908-0078""]",350
upright_replica,"[""UP-20260908-0079""]",350
upright_replica,"[""UP-20260908-0080""]",350
upright_replica,"[""UP-20260908-0081""]",350
upright_replica,"[""UP-20260908-0082""]",350
upright_replica,"[""UP-20260908-0083""]",350
upright_replica,"[""UP-20260908-0084""]",350
upright_replica,"[""UP-20260908-0085""]",350
upright_replica,"[""UP-20260908-0086""]",350
upright_replica,"[""UP-20260908-0087""]",350
upright_replica,"[""UP-20260908-0088""]",350
upright_replica,"[""UP-20260908-0089""]",350
upright_replica,"[""UP-20260908-0090""]",350
upright_replica,"[""UP-20260908-0091""]",350
upright_replica,"[""UP-20260908-0092""]",350
upright_replica,"[""UP-20260908-0093""]",350
upright_replica,"[""UP-20260908-0094""]",350
upright_replica,"[""UP-20260908-0095""]",350
upright_replica,"[""UP-20260908-0096""]",350
upright_replica,"[""UP-20260908-0097""]",350
upright_replica,"[""UP-20260908-0098""]",350
upright_replica,"[""UP-20260908-0099""]",350
upright_replica,"[""UP-20260908-0100""]",350
upright_replica,"[""UP-20260908-0101""]",350
upright_replica,"[""UP-20260908-0102""]",350
upright_replica,"[""UP-20260908-0103""]",350
upright_replica,"[""UP-20260908-0104""]",350
upright_replica,"[""UP-20260908-0105""]",350
upright_replica,"[""UP-20260908-0106""]",350
upright_replica,"[""UP-20260908-0107""]",350
upright_replica,"[""UP-20260908-0108""]",350
upright_replica,"[""UP-20260908-0109""]",350
upright_replica,"[""UP-20260908-0110""]",350
upright_replica,"[""UP-20260908-0111""]",350
upright_replica,"[""UP-20260908-0112""]",350
upright_replica,"[""UP-20260908-0113""]",350
upright_replica,"[""UP-20260908-0114""]",350
upright_replica,"[""UP-20260908-0115""]",350
upright_replica,"[""UP-20260908-0116""]",350
upright_replica,"[""UP-20260908-0117""]",350
upright_replica,"[""UP-20260908-0118""]",350
upright_replica,"[""UP-20260908-0119""]",350
upright_replica,"[""UP-20260908-0120""]",350
upright_replica,"[""UP-20260908-0121""]",350
upright_replica,"[""UP-20260908-0122""]",350
upright_replica,"[""UP-20260908-0123""]",350
upright_replica,"[""UP-20260908-0124""]",350
upright_replica,"[""UP-20260908-0125""]",350
upright_replica,"[""UP-20260908-0126""]",350
upright_replica,"[""UP-20260908-0127""]",350
upright_replica,"[""UP-20260908-0128""]",350
upright_replica,"[""UP-20260909-0001""]",350
upright_replica,"[""UP-20260909-0002""]",350
upright_replica,"[""UP-20260909-0003""]",350
upright_replica,"[""UP-20260909-0004""]",350
upright_replica,"[""UP-20260909-0005""]",350
upright_replica,"[""UP-20260909-0006""]",350
upright_replica,"[""UP-20260909-0007""]",350
upright_replica,"[""UP-20260909-0008""]",350
upright_replica,"[""UP-20260909-0009""]",350
upright_replica,"[""UP-20260909-0010""]",350
upright_replica,"[""UP-20260909-0011""]",350
upright_replica,"[""UP-20260909-0012""]",350
upright_replica,"[""UP-20260909-0013""]",350
upright_replica,"[""UP-20260909-0014""]",350
upright_replica,"[""UP-20260909-0015""]",350
upright_replica,"[""UP-20260909-0016""]",350
upright_replica,"[""UP-20260909-0017""]",350
upright_replica,"[""UP-20260909-0018""]",350
upright_replica,"[""UP-20260909-0019""]",350
upright_replica,"[""UP-20260909-0020""]",350
upright_replica,"[""UP-20260909-0021""]",350
upright_replica,"[""UP-20260909-0022""]",350
upright_replica,"[""UP-20260909-0023""]",350
upright_replica,"[""UP-20260909-0024""]",350
upright_replica,"[""UP-20260909-0025""]",350
upright_replica,"[""UP-20260909-0026""]",350
upright_replica,"[""UP-20260909-0027""]",350
upright_replica,"[""UP-20260909-0028""]",350
upright_replica,"[""UP-20260909-0029""]",350
upright_replica,"[""UP-20260909-0030""]",350
upright_replica,"[""UP-20260909-0031""]",350
upright_replica,"[""UP-20260909-0032""]",350
upright_replica,"[""UP-20260909-0033""]",350
upright_replica,"[""UP-20260909-0034""]",350
upright_replica,"[""UP-20260909-0035""]",350
upright_replica,"[""UP-20260909-0036""]",350
upright_replica,"[""UP-20260909-0037""]",350
upright_replica,"[""UP-20260909-0038""]",350
upright_replica,"[""UP-20260909-0039""]",350
upright_replica,"[""UP-20260909-0040""]",350
upright_replica,"[""UP-20260909-0041""]",350
upright_replica,"[""UP-20260909-0042""]",350
upright_replica,"[""UP-20260909-0043""]",350
upright_replica,"[""UP-20260909-0044""]",350
upright_replica,"[""UP-20260909-0045""]",350
upright_replica,"[""UP-20260909-0046""]",350
upright_replica,"[""UP-20260909-0047""]",350
upright_replica,"[""UP-20260909-0048""]",350
upright_replica,"[""UP-20260909-0049""]",350
upright_replica,"[""UP-20260909-0050""]",350
upright_replica,"[""UP-20260909-0051""]",350
upright_replica,"[""UP-20260909-0052""]",350
upright_replica,"[""UP-20260909-0053""]",350
upright_replica,"[""UP-20260909-0054""]",350
upright_replica,"[""UP-20260909-0055""]",350
upright_replica,"[""UP-20260909-0056""]",350
upright_replica,"[""UP-20260909-0057""]",350
upright_replica,"[""UP-20260909-0058""]",350
upright_replica,"[""UP-20260909-0059""]",350
upright_replica,"[""UP-20260909-0060""]",350
upright_replica,"[""UP-20260909-0061""]",350
upright_replica,"[""UP-20260909-0062""]",350
upright_replica,"[""UP-20260909-0063""]",350
upright_replica,"[""UP-20260909-0064""]",350
upright_replica,"[""UP-20260909-0065""]",350
upright_replica,"[""UP-20260909-0066""]",350
upright_replica,"[""UP-20260909-0067""]",350
upright_replica,"[""UP-20260909-0068""]",350
upright_replica,"[""UP-20260909-0069""]",350
upright_replica,"[""UP-20260909-0070""]",350
upright_replica,"[""UP-20260909-0071""]",350
upright_replica,"[""UP-20260909-0072""]",350
upright_replica,"[""UP-20260909-0073""]",350
upright_replica,"[""UP-20260909-0074""]",350
upright_replica,"[""UP-20260909-0075""]",350
upright_replica,"[""UP-20260909-0076""]",350
upright_replica,"[""UP-20260909-0077""]",350
upright_replica,"[""UP-20260909-0078""]",350
upright_replica,"[""UP-20260909-0079""]",350
upright_replica,"[""UP-20260909-0080""]",350
upright_replica,"[""UP-20260909-0081""]",350
upright_replica,"[""UP-20260909-0082""]",350
upright_replica,"[""UP-20260909-0083""]",350
upright_replica,"[""UP-20260909-0084""]",350
upright_replica,"[""UP-20260909-0085""]",350
upright_replica,"[""UP-20260909-0086""]",350
upright_replica,"[""UP-20260909-0087""]",350
upright_replica,"[""UP-20260909-0088""]",350
upright_replica,"[""UP-20260909-0089""]",350
upright_replica,"[""UP-20260909-0090""]",350
upright_replica,"[""UP-20260909-0091""]",350
upright_replica,"[""UP-20260909-0092""]",350
upright_replica,"[""UP-20260909-0093""]",350
upright_replica,"[""UP-20260909-0094""]",350
upright_replica,"[""UP-20260909-0095""]",350
upright_replica,"[""UP-20260909-0096""]",350
upright_replica,"[""UP-20260909-0097""]",350
upright_replica,"[""UP-20260909-0098""]",350
upright_replica,"[""UP-20260909-0099""]",350
upright_replica,"[""UP-20260909-0100""]",350
upright_replica,"[""UP-20260909-0101""]",350
upright_replica,"[""UP-20260909-0102""]",350
upright_replica,"[""UP-20260909-0103""]",350
upright_replica,"[""UP-20260909-0104""]",350
upright_replica,"[""UP-20260909-0105""]",350
upright_replica,"[""UP-20260909-0106""]",350
upright_replica,"[""UP-20260909-0107""]",350
upright_replica,"[""UP-20260909-0108""]",350
upright_replica,"[""UP-20260909-0109""]",350
upright_replica,"[""UP-20260909-0110""]",350
upright_replica,"[""UP-20260909-0111""]",350
upright_replica,"[""UP-20260909-0112""]",350
upright_replica,"[""UP-20260909-0113""]",350
upright_replica,"[""UP-20260909-0114""]",350
upright_replica,"[""UP-20260909-0115""]",350
upright_replica,"[""UP-20260909-0116""]",350
upright_replica,"[""UP-20260909-0117""]",350
upright_replica,"[""UP-20260909-0118""]",350
upright_replica,"[""UP-20260909-0119""]",350
upright_replica,"[""UP-20260909-0120""]",350
upright_replica,"[""UP-20260909-0121""]",350
upright_replica,"[""UP-20260909-0122""]",350
upright_replica,"[""UP-20260909-0123""]",350
upright_replica,"[""UP-20260909-0124""]",350
upright_replica,"[""UP-20260909-0125""]",350
upright_replica,"[""UP-20260909-0126""]",350
upright_replica,"[""UP-20260909-0127""]",350
upright_replica,"[""UP-20260909-0128""]",350
upright_replica,"[""UP-20260910-0001""]",350
upright_replica,"[""UP-20260910-0002""]",350
upright_replica,"[""UP-20260910-0003""]",350
upright_replica,"[""UP-20260910-0004""]",350
upright_replica,"[""UP-20260910-0005""]",350
upright_replica,"[""UP-20260910-0006""]",350
upright_replica,"[""UP-20260910-0007""]",350
upright_replica,"[""UP-20260910-0008""]",350
upright_replica,"[""UP-20260910-0009""]",350
upright_replica,"[""UP-20260910-0010""]",350
upright_replica,"[""UP-20260910-0011""]",350
upright_replica,"[""UP-20260910-0012""]",350
upright_replica,"[""UP-20260910-0013""]",350
upright_replica,"[""UP-20260910-0014""]",350
upright_replica,"[""UP-20260910-0015""]",350
upright_replica,"[""UP-20260910-0016""]",350
upright_replica,"[""UP-20260910-0017""]",350
upright_replica,"[""UP-20260910-0018""]",350
upright_replica,"[""UP-20260910-0019""]",350
upright_replica,"[""UP-20260910-0020""]",350
upright_replica,"[""UP-20260910-0021""]",350
upright_replica,"[""UP-20260910-0022""]",350
upright_replica,"[""UP-20260910-0023""]",350
upright_replica,"[""UP-20260910-0024""]",350
upright_replica,"[""UP-20260910-0025""]",350
upright_replica,"[""UP-20260910-0026""]",350
upright_replica,"[""UP-20260910-0027""]",350
upright_replica,"[""UP-20260910-0028""]",350
upright_replica,"[""UP-20260910-0029""]",350
upright_replica,"[""UP-20260910-0030""]",350
upright_replica,"[""UP-20260910-0031""]",350
upright_replica,"[""UP-20260910-0032""]",350
upright_replica,"[""UP-20260910-0033""]",350
upright_replica,"[""UP-20260910-0034""]",350
upright_replica,"[""UP-20260910-0035""]",350
upright_replica,"[""UP-20260910-0036""]",350
upright_replica,"[""UP-20260910-0037""]",350
upright_replica,"[""UP-20260910-0038""]",350
upright_replica,"[""UP-20260910-0039""]",350
upright_replica,"[""UP-20260910-0040""]",350
upright_replica,"[""UP-20260910-0041""]",350
upright_replica,"[""UP-20260910-0042""]",350
upright_replica,"[""UP-20260910-0043""]",350
upright_replica,"[""UP-20260910-0044""]",350
upright_replica,"[""UP-20260910-0045""]",350
upright_replica,"[""UP-20260910-0046""]",350
upright_replica,"[""UP-20260910-0047""]",350
upright_replica,"[""UP-20260910-0048""]",350
upright_replica,"[""UP-20260910-0049""]",350
upright_replica,"[""UP-20260910-0050""]",350
upright_replica,"[""UP-20260910-0051""]",350
upright_replica,"[""UP-20260910-0052""]",350
upright_replica,"[""UP-20260910-0053""]",350
upright_replica,"[""UP-20260910-0054""]",350
upright_replica,"[""UP-20260910-0055""]",350
upright_replica,"[""UP-20260910-0056""]",350
upright_replica,"[""UP-20260910-0057""]",350
upright_replica,"[""UP-20260910-0058""]",350
upright_replica,"[""UP-20260910-0059""]",350
upright_replica,"[""UP-20260910-0060""]",350
upright_replica,"[""UP-20260910-0061""]",350
upright_replica,"[""UP-20260910-0062""]",350
upright_replica,"[""UP-20260910-0063""]",350
upright_replica,"[""UP-20260910-0064""]",350
upright_replica,"[""UP-20260910-0065""]",350
upright_replica,"[""UP-20260910-0066""]",350
upright_replica,"[""UP-20260910-0067""]",350
upright_replica,"[""UP-20260910-0068""]",350
upright_replica,"[""UP-20260910-0069""]",350
upright_replica,"[""UP-20260910-0070""]",350
upright_replica,"[""UP-20260910-0071""]",350
upright_replica,"[""UP-20260910-0072""]",350
upright_replica,"[""UP-20260910-0073""]",350
upright_replica,"[""UP-20260910-0074""]",350
upright_replica,"[""UP-20260910-0075""]",350
upright_replica,"[""UP-20260910-0076""]",350
upright_replica,"[""UP-20260910-0077""]",350
upright_replica,"[""UP-20260910-0078""]",350
upright_replica,"[""UP-20260910-0079""]",350
upright_replica,"[""UP-20260910-0080""]",350
upright_replica,"[""UP-20260910-0081""]",350
upright_replica,"[""UP-20260910-0082""]",350
upright_replica,"[""UP-20260910-0083""]",350
upright_replica,"[""UP-20260910-0084""]",350
upright_replica,"[""UP-20260910-0085""]",350
upright_replica,"[""UP-20260910-0086""]",350
upright_replica,"[""UP-20260910-0087""]",350
upright_replica,"[""UP-20260910-0088""]",350
upright_replica,"[""UP-20260910-0089""]",350
upright_replica,"[""UP-20260910-0090""]",350
upright_replica,"[""UP-20260910-0091""]",350
upright_replica,"[""UP-20260910-0092""]",350
upright_replica,"[""UP-20260910-0093""]",350
upright_replica,"[""UP-20260910-0094""]",350
upright_replica,"[""UP-20260910-0095""]",350
upright_replica,"[""UP-20260910-0096""]",350
upright_replica,"[""UP-20260910-0097""]",350
upright_replica,"[""UP-20260910-0098""]",350
upright_replica,"[""UP-20260910-0099""]",350
upright_replica,"[""UP-20260910-0100""]",350
upright_replica,"[""UP-20260910-0101""]",350
upright_replica,"[""UP-20260910-0102""]",350
upright_replica,"[""UP-20260910-0103""]",350
upright_replica,"[""UP-20260910-0104""]",350
upright_replica,"[""UP-20260910-0105""]",350
upright_replica,"[""UP-20260910-0106""]",350
upright_replica,"[""UP-20260910-0107""]",350
upright_replica,"[""UP-20260910-0108""]",350
upright_replica,"[""UP-20260910-0109""]",350
upright_replica,"[""UP-20260910-0110""]",350
upright_replica,"[""UP-20260910-0111""]",350
upright_replica,"[""UP-20260910-0112""]",350
upright_replica,"[""UP-20260910-0113""]",350
upright_replica,"[""UP-20260910-0114""]",350
upright_replica,"[""UP-20260910-0115""]",350
upright_replica,"[""UP-20260910-0116""]",350
upright_replica,"[""UP-20260910-0117""]",350
upright_replica,"[""UP-20260910-0118""]",350
upright_replica,"[""UP-20260910-0119""]",350
upright_replica,"[""UP-20260910-0120""]",350
upright_replica,"[""UP-20260910-0121""]",350
upright_replica,"[""UP-20260910-0122""]",350
upright_replica,"[""UP-20260910-0123""]",350
upright_replica,"[""UP-20260910-0124""]",350
upright_replica,"[""UP-20260910-0125""]",350
upright_replica,"[""UP-20260910-0126""]",350
upright_replica,"[""UP-20260910-0127""]",350
upright_replica,"[""UP-20260910-0128""]",350
upright_replica,"[""UP-20260911-0001""]",350
upright_replica,"[""UP-20260911-0002""]",350
upright_replica,"[""UP-20260911-0003""]",350
upright_replica,"[""UP-20260911-0004""]",350
upright_replica,"[""UP-20260911-0005""]",350
upright_replica,"[""UP-20260911-0006""]",350
upright_replica,"[""UP-20260911-0007""]",350
upright_replica,"[""UP-20260911-0008""]",350
upright_replica,"[""UP-20260911-0009""]",350
upright_replica,"[""UP-20260911-0010""]",350
upright_replica,"[""UP-20260911-0011""]",350
upright_replica,"[""UP-20260911-0012""]",350
upright_replica,"[""UP-20260911-0013""]",350
upright_replica,"[""UP-20260911-0014""]",350
upright_replica,"[""UP-20260911-0015""]",350
upright_replica,"[""UP-20260911-0016""]",350
upright_replica,"[""UP-20260911-0017""]",350
upright_replica,"[""UP-20260911-0018""]",350
upright_replica,"[""UP-20260911-0019""]",350
upright_replica,"[""UP-20260911-0020""]",350
upright_replica,"[""UP-20260911-0021""]",350
upright_replica,"[""UP-20260911-0022""]",350
upright_replica,"[""UP-20260911-0023""]",350
upright_replica,"[""UP-20260911-0024""]",350
upright_replica,"[""UP-20260911-0025""]",350
upright_replica,"[""UP-20260911-0026""]",350
upright_replica,"[""UP-20260911-0027""]",350
upright_replica,"[""UP-20260911-0028""]",350
upright_replica,"[""UP-20260911-0029""]",350
upright_replica,"[""UP-20260911-0030""]",350
upright_replica,"[""UP-20260911-0031""]",350
upright_replica,"[""UP-20260911-0032""]",350
upright_replica,"[""UP-20260911-0033""]",350
upright_replica,"[""UP-20260911-0034""]",350
upright_replica,"[""UP-20260911-0035""]",350
upright_replica,"[""UP-20260911-0036""]",350
upright_replica,"[""UP-20260911-0037""]",350
upright_replica,"[""UP-20260911-0038""]",350
upright_replica,"[""UP-20260911-0039""]",350
upright_replica,"[""UP-20260911-0040""]",350
upright_replica,"[""UP-20260911-0041""]",350
upright_replica,"[""UP-20260911-0042""]",350
upright_replica,"[""UP-20260911-0043""]",350
upright_replica,"[""UP-20260911-0044""]",350
upright_replica,"[""UP-20260911-0045""]",350
upright_replica,"[""UP-20260911-0046""]",350
upright_replica,"[""UP-20260911-0047""]",350
upright_replica,"[""UP-20260911-0048""]",350
upright_replica,"[""UP-20260911-0049""]",350
upright_replica,"[""UP-20260911-0050""]",350
upright_replica,"[""UP-20260911-0051""]",350
upright_replica,"[""UP-20260911-0052""]",350
upright_replica,"[""UP-20260911-0053""]",350
upright_replica,"[""UP-20260911-0054""]",350
upright_replica,"[""UP-20260911-0055""]",350
upright_replica,"[""UP-20260911-0056""]",350
upright_replica,"[""UP-20260911-0057""]",350
upright_replica,"[""UP-20260911-0058""]",350
upright_replica,"[""UP-20260911-0059""]",350
upright_replica,"[""UP-20260911-0060""]",350
upright_replica,"[""UP-20260911-0061""]",350
upright_replica,"[""UP-20260911-0062""]",350
upright_replica,"[""UP-20260911-0063""]",350
upright_replica,"[""UP-20260911-0064""]",350
upright_replica,"[""UP-20260911-0065""]",350
upright_replica,"[""UP-20260911-0066""]",350
upright_replica,"[""UP-20260911-0067""]",350
upright_replica,"[""UP-20260911-0068""]",350
upright_replica,"[""UP-20260911-0069""]",350
upright_replica,"[""UP-20260911-0070""]",350
upright_replica,"[""UP-20260911-0071""]",350
upright_replica,"[""UP-20260911-0072""]",350
upright_replica,"[""UP-20260911-0073""]",350
upright_replica,"[""UP-20260911-0074""]",350
upright_replica,"[""UP-20260911-0075""]",350
upright_replica,"[""UP-20260911-0076""]",350
upright_replica,"[""UP-20260911-0077""]",350
upright_replica,"[""UP-20260911-0078""]",350
upright_replica,"[""UP-20260911-0079""]",350
upright_replica,"[""UP-20260911-0080""]",350
upright_replica,"[""UP-20260911-0081""]",350
upright_replica,"[""UP-20260911-0082""]",350
upright_replica,"[""UP-20260911-0083""]",350
upright_replica,"[""UP-20260911-0084""]",350
upright_replica,"[""UP-20260911-0085""]",350
upright_replica,"[""UP-20260911-0086""]",350
upright_replica,"[""UP-20260911-0087""]",350
upright_replica,"[""UP-20260911-0088""]",350
upright_replica,"[""UP-20260911-0089""]",350
upright_replica,"[""UP-20260911-0090""]",350
upright_replica,"[""UP-20260911-0091""]",350
upright_replica,"[""UP-20260911-0092""]",350
upright_replica,"[""UP-20260911-0093""]",350
upright_replica,"[""UP-20260911-0094""]",350
upright_replica,"[""UP-20260911-0095""]",350
upright_replica,"[""UP-20260911-0096""]",350
upright_replica,"[""UP-20260911-0097""]",350
upright_replica,"[""UP-20260911-0098""]",350
upright_replica,"[""UP-20260911-0099""]",350
upright_replica,"[""UP-20260911-0100""]",350
upright_replica,"[""UP-20260911-0101""]",350
upright_replica,"[""UP-20260911-0102""]",350
upright_replica,"[""UP-20260911-0103""]",350
upright_replica,"[""UP-20260911-0104""]",350
upright_replica,"[""UP-20260911-0105""]",350
upright_replica,"[""UP-20260911-0106""]",350
upright_replica,"[""UP-20260911-0107""]",350
upright_replica,"[""UP-20260911-0108""]",350
upright_replica,"[""UP-20260911-0109""]",350
upright_replica,"[""UP-20260911-0110""]",350
upright_replica,"[""UP-20260911-0111""]",350
upright_replica,"[""UP-20260911-0112""]",350
upright_replica,"[""UP-20260911-0113""]",350
upright_replica,"[""UP-20260911-0114""]",350
upright_replica,"[""UP-20260911-0115""]",350
upright_replica,"[""UP-20260911-0116""]",350
upright_replica,"[""UP-20260911-0117""]",350
upright_replica,"[""UP-20260911-0118""]",350
upright_replica,"[""UP-20260911-0119""]",350
upright_replica,"[""UP-20260911-0120""]",350
upright_replica,"[""UP-20260911-0121""]",350
upright_replica,"[""UP-20260911-0122""]",350
upright_replica,"[""UP-20260911-0123""]",350
upright_replica,"[""UP-20260911-0124""]",350
upright_replica,"[""UP-20260911-0125""]",350
upright_replica,"[""UP-20260911-0126""]",350
upright_replica,"[""UP-20260911-0127""]",350
upright_replica,"[""UP-20260911-0128""]",350
upright_replica,"[""UP-20260912-0001""]",350
upright_replica,"[""UP-20260912-0002""]",350
upright_replica,"[""UP-20260912-0003""]",350
upright_replica,"[""UP-20260912-0004""]",350
upright_replica,"[""UP-20260912-0005""]",350
upright_replica,"[""UP-20260912-0006""]",350
upright_replica,"[""UP-20260912-0007""]",350
upright_replica,"[""UP-20260912-0008""]",350
upright_replica,"[""UP-20260912-0009""]",350
upright_replica,"[""UP-20260912-0010""]",350
upright_replica,"[""UP-20260912-0011""]",350
upright_replica,"[""UP-20260912-0012""]",350
upright_replica,"[""UP-20260912-0013""]",350
upright_replica,"[""UP-20260912-0014""]",350
upright_replica,"[""UP-20260912-0015""]",350
upright_replica,"[""UP-20260912-0016""]",350
upright_replica,"[""UP-20260912-0017""]",350
upright_replica,"[""UP-20260912-0018""]",350
upright_replica,"[""UP-20260912-0019""]",350
upright_replica,"[""UP-20260912-0020""]",350
upright_replica,"[""UP-20260912-0021""]",350
upright_replica,"[""UP-20260912-0022""]",350
upright_replica,"[""UP-20260912-0023""]",350
upright_replica,"[""UP-20260912-0024""]",350
upright_replica,"[""UP-20260912-0025""]",350
upright_replica,"[""UP-20260912-0026""]",350
upright_replica,"[""UP-20260912-0027""]",350
upright_replica,"[""UP-20260912-0028""]",350
upright_replica,"[""UP-20260912-0029""]",350
upright_replica,"[""UP-20260912-0030""]",350
upright_replica,"[""UP-20260912-0031""]",350
upright_replica,"[""UP-20260912-0032""]",350
upright_replica,"[""UP-20260912-0033""]",350
upright_replica,"[""UP-20260912-0034""]",350
upright_replica,"[""UP-20260912-0035""]",350
upright_replica,"[""UP-20260912-0036""]",350
upright_replica,"[""UP-20260912-0037""]",350
upright_replica,"[""UP-20260912-0038""]",350
upright_replica,"[""UP-20260912-0039""]",350
upright_replica,"[""UP-20260912-0040""]",350
upright_replica,"[""UP-20260912-0041""]",350
upright_replica,"[""UP-20260912-0042""]",350
upright_replica,"[""UP-20260912-0043""]",350
upright_replica,"[""UP-20260912-0044""]",350
upright_replica,"[""UP-20260912-0045""]",350
upright_replica,"[""UP-20260912-0046""]",350
upright_replica,"[""UP-20260912-0047""]",350
upright_replica,"[""UP-20260912-0048""]",350
upright_replica,"[""UP-20260912-0049""]",350
upright_replica,"[""UP-20260912-0050""]",350
upright_replica,"[""UP-20260912-0051""]",350
upright_replica,"[""UP-20260912-0052""]",350
upright_replica,"[""UP-20260912-0053""]",350
upright_replica,"[""UP-20260912-0054""]",350
upright_replica,"[""UP-20260912-0055""]",350
upright_replica,"[""UP-20260912-0056""]",350
upright_replica,"[""UP-20260912-0057""]",350
upright_replica,"[""UP-20260912-0058""]",350
upright_replica,"[""UP-20260912-0059""]",350
upright_replica,"[""UP-20260912-0060""]",350
upright_replica,"[""UP-20260912-0061""]",350
upright_replica,"[""UP-20260912-0062""]",350
upright_replica,"[""UP-20260912-0063""]",350
upright_replica,"[""UP-20260912-0064""]",350
upright_replica,"[""UP-20260912-0065""]",350
upright_replica,"[""UP-20260912-0066""]",350
upright_replica,"[""UP-20260912-0067""]",350
upright_replica,"[""UP-20260912-0068""]",350
upright_replica,"[""UP-20260912-0069""]",350
upright_replica,"[""UP-20260912-0070""]",350
upright_replica,"[""UP-20260912-0071""]",350
upright_replica,"[""UP-20260912-0072""]",350
upright_replica,"[""UP-20260912-0073""]",350
upright_replica,"[""UP-20260912-0074""]",350
upright_replica,"[""UP-20260912-0075""]",350
upright_replica,"[""UP-20260912-0076""]",350
upright_replica,"[""UP-20260912-0077""]",350
upright_replica,"[""UP-20260912-0078""]",350
upright_replica,"[""UP-20260912-0079""]",350
upright_replica,"[""UP-20260912-0080""]",350
upright_replica,"[""UP-20260912-0081""]",350
upright_replica,"[""UP-20260912-0082""]",350
upright_replica,"[""UP-20260912-0083""]",350
upright_replica,"[""UP-20260912-0084""]",350
upright_replica,"[""UP-20260912-0085""]",350
upright_replica,"[""UP-20260912-0086""]",350
upright_replica,"[""UP-20260912-0087""]",350
upright_replica,"[""UP-20260912-0088""]",350
upright_replica,"[""UP-20260912-0089""]",350
upright_replica,"[""UP-20260912-0090""]",350
upright_replica,"[""UP-20260912-0091""]",350
upright_replica,"[""UP-20260912-0092""]",350
upright_replica,"[""UP-20260912-0093""]",350
upright_replica,"[""UP-20260912-0094""]",350
upright_replica,"[""UP-20260912-0095""]",350
upright_replica,"[""UP-20260912-0096""]",350
upright_replica,"[""UP-20260912-0097""]",350
upright_replica,"[""UP-20260912-0098""]",350
upright_replica,"[""UP-20260912-0099""]",350
upright_replica,"[""UP-20260912-0100""]",350
upright_replica,"[""UP-20260912-0101""]",350
upright_replica,"[""UP-20260912-0102""]",350
upright_replica,"[""UP-20260912-0103""]",350
upright_replica,"[""UP-20260912-0104""]",350
upright_replica,"[""UP-20260912-0105""]",350
upright_replica,"[""UP-20260912-0106""]",350
upright_replica,"[""UP-20260912-0107""]",350
upright_replica,"[""UP-20260912-0108""]",350
upright_replica,"[""UP-20260912-0109""]",350
upright_replica,"[""UP-20260912-0110""]",350
upright_replica,"[""UP-20260912-0111""]",350
upright_replica,"[""UP-20260912-0112""]",350
upright_replica,"[""UP-20260912-0113""]",350
upright_replica,"[""UP-20260912-0114""]",350
upright_replica,"[""UP-20260912-0115""]",350
upright_replica,"[""UP-20260912-0116""]",350
upright_replica,"[""UP-20260912-0117""]",350
upright_replica,"[""UP-20260912-0118""]",350
upright_replica,"[""UP-20260912-0119""]",350
upright_replica,"[""UP-20260912-0120""]",350
upright_replica,"[""UP-20260912-0121""]",350
upright_replica,"[""UP-20260912-0122""]",350
upright_replica,"[""UP-20260912-0123""]",350
upright_replica,"[""UP-20260912-0124""]",350
upright_replica,"[""UP-20260912-0125""]",350
upright_replica,"[""UP-20260912-0126""]",350
upright_replica,"[""UP-20260912-0127""]",350
upright_replica,"[""UP-20260912-0128""]",350
upright_replica,"[""UP-20260913-0001""]",350
upright_replica,"[""UP-20260913-0002""]",350
upright_replica,"[""UP-20260913-0003""]",350
upright_replica,"[""UP-20260913-0004""]",350
upright_replica,"[""UP-20260913-0005""]",350
upright_replica,"[""UP-20260913-0006""]",350
upright_replica,"[""UP-20260913-0007""]",350
upright_replica,"[""UP-20260913-0008""]",350
upright_replica,"[""UP-20260913-0009""]",350
upright_replica,"[""UP-20260913-0010""]",350
upright_replica,"[""UP-20260913-0011""]",350
upright_replica,"[""UP-20260913-0012""]",350
upright_replica,"[""UP-20260913-0013""]",350
upright_replica,"[""UP-20260913-0014""]",350
upright_replica,"[""UP-20260913-0015""]",350
upright_replica,"[""UP-20260913-0016""]",350
upright_replica,"[""UP-20260913-0017""]",350
upright_replica,"[""UP-20260913-0018""]",350
upright_replica,"[""UP-20260913-0019""]",350
upright_replica,"[""UP-20260913-0020""]",350
upright_replica,"[""UP-20260913-0021""]",350
upright_replica,"[""UP-20260913-0022""]",350
upright_replica,"[""UP-20260913-0023""]",350
upright_replica,"[""UP-20260913-0024""]",350
upright_replica,"[""UP-20260913-0025""]",350
upright_replica,"[""UP-20260913-0026""]",350
upright_replica,"[""UP-20260913-0027""]",350
upright_replica,"[""UP-20260913-0028""]",350
upright_replica,"[""UP-20260913-0029""]",350
upright_replica,"[""UP-20260913-0030""]",350
upright_replica,"[""UP-20260913-0031""]",350
upright_replica,"[""UP-20260913-0032""]",350
upright_replica,"[""UP-20260913-0033""]",350
upright_replica,"[""UP-20260913-0034""]",350
upright_replica,"[""UP-20260913-0035""]",350
upright_replica,"[""UP-20260913-0036""]",350
upright_replica,"[""UP-20260913-0037""]",350
upright_replica,"[""UP-20260913-0038""]",350
upright_replica,"[""UP-20260913-0039""]",350
upright_replica,"[""UP-20260913-0040""]",350
upright_replica,"[""UP-20260913-0041""]",350
upright_replica,"[""UP-20260913-0042""]",350
upright_replica,"[""UP-20260913-0043""]",350
upright_replica,"[""UP-20260913-0044""]",350
upright_replica,"[""UP-20260913-0045""]",350
upright_replica,"[""UP-20260913-0046""]",350
upright_replica,"[""UP-20260913-0047""]",350
upright_replica,"[""UP-20260913-0048""]",350
upright_replica,"[""UP-20260913-0049""]",350
upright_replica,"[""UP-20260913-0050""]",350
upright_replica,"[""UP-20260913-0051""]",350
upright_replica,"[""UP-20260913-0052""]",350
upright_replica,"[""UP-20260913-0053""]",350
upright_replica,"[""UP-20260913-0054""]",350
upright_replica,"[""UP-20260913-0055""]",350
upright_replica,"[""UP-20260913-0056""]",350
upright_replica,"[""UP-20260913-0057""]",350
upright_replica,"[""UP-20260913-0058""]",350
upright_replica,"[""UP-20260913-0059""]",350
upright_replica,"[""UP-20260913-0060""]",350
upright_replica,"[""UP-20260913-0061""]",350
upright_replica,"[""UP-20260913-0062""]",350
upright_replica,"[""UP-20260913-0063""]",350
upright_replica,"[""UP-20260913-0064""]",350
upright_replica,"[""UP-20260913-0065""]",350
upright_replica,"[""UP-20260913-0066""]",350
upright_replica,"[""UP-20260913-0067""]",350
upright_replica,"[""UP-20260913-0068""]",350
upright_replica,"[""UP-20260913-0069""]",350
upright_replica,"[""UP-20260913-0070""]",350
upright_replica,"[""UP-20260913-0071""]",350
upright_replica,"[""UP-20260913-0072""]",350
upright_replica,"[""UP-20260913-0073""]",350
upright_replica,"[""UP-20260913-0074""]",350
upright_replica,"[""UP-20260913-0075""]",350
upright_replica,"[""UP-20260913-0076""]",350
upright_replica,"[""UP-20260913-0077""]",350
upright_replica,"[""UP-20260913-0078""]",350
upright_replica,"[""UP-20260913-0079""]",350
upright_replica,"[""UP-20260913-0080""]",350
upright_replica,"[""UP-20260913-0081""]",350
upright_replica,"[""UP-20260913-0082""]",350
upright_replica,"[""UP-20260913-0083""]",350
upright_replica,"[""UP-20260913-0084""]",350
upright_replica,"[""UP-20260913-0085""]",350
upright_replica,"[""UP-20260913-0086""]",350
upright_replica,"[""UP-20260913-0087""]",350
upright_replica,"[""UP-20260913-0088""]",350
upright_replica,"[""UP-20260913-0089""]",350
upright_replica,"[""UP-20260913-0090""]",350
upright_replica,"[""UP-20260913-0091""]",350
upright_replica,"[""UP-20260913-0092""]",350
upright_replica,"[""UP-20260913-0093""]",350
upright_replica,"[""UP-20260913-0094""]",350
upright_replica,"[""UP-20260913-0095""]",350
upright_replica,"[""UP-20260913-0096""]",350
upright_replica,"[""UP-20260913-0097""]",350
upright_replica,"[""UP-20260913-0098""]",350
upright_replica,"[""UP-20260913-0099""]",350
upright_replica,"[""UP-20260913-0100""]",350
upright_replica,"[""UP-20260913-0101""]",350
upright_replica,"[""UP-20260913-0102""]",350
upright_replica,"[""UP-20260913-0103""]",350
upright_replica,"[""UP-20260913-0104""]",350
upright_replica,"[""UP-20260913-0105""]",350
upright_replica,"[""UP-20260913-0106""]",350
upright_replica,"[""UP-20260913-0107""]",350
upright_replica,"[""UP-20260913-0108""]",350
upright_replica,"[""UP-20260913-0109""]",350
upright_replica,"[""UP-20260913-0110""]",350
upright_replica,"[""UP-20260913-0111""]",350
upright_replica,"[""UP-20260913-0112""]",350
upright_replica,"[""UP-20260913-0113""]",350
upright_replica,"[""UP-20260913-0114""]",350
upright_replica,"[""UP-20260913-0115""]",350
upright_replica,"[""UP-20260913-0116""]",350
upright_replica,"[""UP-20260913-0117""]",350
upright_replica,"[""UP-20260913-0118""]",350
upright_replica,"[""UP-20260913-0119""]",350
upright_replica,"[""UP-20260913-0120""]",350
upright_replica,"[""UP-20260913-0121""]",350
upright_replica,"[""UP-20260913-0122""]",350
upright_replica,"[""UP-20260913-0123""]",350
upright_replica,"[""UP-20260913-0124""]",350
upright_replica,"[""UP-20260913-0125""]",350
upright_replica,"[""UP-20260913-0126""]",350
upright_replica,"[""UP-20260913-0127""]",350
upright_replica,"[""UP-20260913-0128""]",350
upright_replica,"[""UP-20260914-0001""]",350
upright_replica,"[""UP-20260914-0002""]",350
upright_replica,"[""UP-20260914-0003""]",350
upright_replica,"[""UP-20260914-0004""]",350
upright_replica,"[""UP-20260914-0005""]",350
upright_replica,"[""UP-20260914-0006""]",350
upright_replica,"[""UP-20260914-0007""]",350
upright_replica,"[""UP-20260914-0008""]",350
upright_replica,"[""UP-20260914-0009""]",350
upright_replica,"[""UP-20260914-0010""]",350
upright_replica,"[""UP-20260914-0011""]",350
upright_replica,"[""UP-20260914-0012""]",350
upright_replica,"[""UP-20260914-0013""]",350
upright_replica,"[""UP-20260914-0014""]",350
upright_replica,"[""UP-20260914-0015""]",350
upright_replica,"[""UP-20260914-0016""]",350
upright_replica,"[""UP-20260914-0017""]",350
upright_replica,"[""UP-20260914-0018""]",350
upright_replica,"[""UP-20260914-0019""]",350
upright_replica,"[""UP-20260914-0020""]",350
upright_replica,"[""UP-20260914-0021""]",350
upright_replica,"[""UP-20260914-0022""]",350
upright_replica,"[""UP-20260914-0023""]",350
upright_replica,"[""UP-20260914-0024""]",350
upright_replica,"[""UP-20260914-0025""]",350
upright_replica,"[""UP-20260914-0026""]",350
upright_replica,"[""UP-20260914-0027""]",350
upright_replica,"[""UP-20260914-0028""]",350
upright_replica,"[""UP-20260914-0029""]",350
upright_replica,"[""UP-20260914-0030""]",350
upright_replica,"[""UP-20260914-0031""]",350
upright_replica,"[""UP-20260914-0032""]",350
upright_replica,"[""UP-20260914-0033""]",350
upright_replica,"[""UP-20260914-0034""]",350
upright_replica,"[""UP-20260914-0035""]",350
upright_replica,"[""UP-20260914-0036""]",350
upright_replica,"[""UP-20260914-0037""]",350
upright_replica,"[""UP-20260914-0038""]",350
upright_replica,"[""UP-20260914-0039""]",350
upright_replica,"[""UP-20260914-0040""]",350
upright_replica,"[""UP-20260914-0041""]",350
upright_replica,"[""UP-20260914-0042""]",350
upright_replica,"[""UP-20260914-0043""]",350
upright_replica,"[""UP-20260914-0044""]",350
upright_replica,"[""UP-20260914-0045""]",350
upright_replica,"[""UP-20260914-0046""]",350
upright_replica,"[""UP-20260914-0047""]",350
upright_replica,"[""UP-20260914-0048""]",350
upright_replica,"[""UP-20260914-0049""]",350
upright_replica,"[""UP-20260914-0050""]",350
upright_replica,"[""UP-20260914-0051""]",350
upright_replica,"[""UP-20260914-0052""]",350
upright_replica,"[""UP-20260914-0053""]",350
upright_replica,"[""UP-20260914-0054""]",350
upright_replica,"[""UP-20260914-0055""]",350
upright_replica,"[""UP-20260914-0056""]",350
upright_replica,"[""UP-20260914-0057""]",350
upright_replica,"[""UP-20260914-0058""]",350
upright_replica,"[""UP-20260914-0059""]",350
upright_replica,"[""UP-20260914-0060""]",350
upright_replica,"[""UP-20260914-0061""]",350
upright_replica,"[""UP-20260914-0062""]",350
upright_replica,"[""UP-20260914-0063""]",350
upright_replica,"[""UP-20260914-0064""]",350
upright_replica,"[""UP-20260914-0065""]",350
upright_replica,"[""UP-20260914-0066""]",350
upright_replica,"[""UP-20260914-0067""]",350
upright_replica,"[""UP-20260914-0068""]",350
upright_replica,"[""UP-20260914-0069""]",350
upright_replica,"[""UP-20260914-0070""]",350
upright_replica,"[""UP-20260914-0071""]",350
upright_replica,"[""UP-20260914-0072""]",350
upright_replica,"[""UP-20260914-0073""]",350
upright_replica,"[""UP-20260914-0074""]",350
upright_replica,"[""UP-20260914-0075""]",350
upright_replica,"[""UP-20260914-0076""]",350
upright_replica,"[""UP-20260914-0077""]",350
upright_replica,"[""UP-20260914-0078""]",350
upright_replica,"[""UP-20260914-0079""]",350
upright_replica,"[""UP-20260914-0080""]",350
upright_replica,"[""UP-20260914-0081""]",350
upright_replica,"[""UP-20260914-0082""]",350
upright_replica,"[""UP-20260914-0083""]",350
upright_replica,"[""UP-20260914-0084""]",350
upright_replica,"[""UP-20260914-0085""]",350
upright_replica,"[""UP-20260914-0086""]",350
upright_replica,"[""UP-20260914-0087""]",350
upright_replica,"[""UP-20260914-0088""]",350
upright_replica,"[""UP-20260914-0089""]",350
upright_replica,"[""UP-20260914-0090""]",350
upright_replica,"[""UP-20260914-0091""]",350
upright_replica,"[""UP-20260914-0092""]",350
upright_replica,"[""UP-20260914-0093""]",350
upright_replica,"[""UP-20260914-0094""]",350
upright_replica,"[""UP-20260914-0095""]",350
upright_replica,"[""UP-20260914-0096""]",350
upright_replica,"[""UP-20260914-0097""]",350
upright_replica,"[""UP-20260914-0098""]",350
upright_replica,"[""UP-20260914-0099""]",350
upright_replica,"[""UP-20260914-0100""]",350
upright_replica,"[""UP-20260914-0101""]",350
upright_replica,"[""UP-20260914-0102""]",350
upright_replica,"[""UP-20260914-0103""]",350
upright_replica,"[""UP-20260914-0104""]",350
upright_replica,"[""UP-20260914-0105""]",350
upright_replica,"[""UP-20260914-0106""]",350
upright_replica,"[""UP-20260914-0107""]",350
upright_replica,"[""UP-20260914-0108""]",350
upright_replica,"[""UP-20260914-0109""]",350
upright_replica,"[""UP-20260914-0110""]",350
upright_replica,"[""UP-20260914-0111""]",350
upright_replica,"[""UP-20260914-0112""]",350
upright_replica,"[""UP-20260914-0113""]",350
upright_replica,"[""UP-20260914-0114""]",350
upright_replica,"[""UP-20260914-0115""]",350
upright_replica,"[""UP-20260914-0116""]",350
upright_replica,"[""UP-20260914-0117""]",350
upright_replica,"[""UP-20260914-0118""]",350
upright_replica,"[""UP-20260914-0119""]",350
upright_replica,"[""UP-20260914-0120""]",350
upright_replica,"[""UP-20260914-0121""]",350
upright_replica,"[""UP-20260914-0122""]",350
upright_replica,"[""UP-20260914-0123""]",350
upright_replica,"[""UP-20260914-0124""]",350
upright_replica,"[""UP-20260914-0125""]",350
upright_replica,"[""UP-20260914-0126""]",350
upright_replica,"[""UP-20260914-0127""]",350
upright_replica,"[""UP-20260914-0128""]",350
upright_replica,"[""UP-20260915-0001""]",350
upright_replica,"[""UP-20260915-0002""]",350
upright_replica,"[""UP-20260915-0003""]",350
upright_replica,"[""UP-20260915-0004""]",350
upright_replica,"[""UP-20260915-0005""]",350
upright_replica,"[""UP-20260915-0006""]",350
upright_replica,"[""UP-20260915-0007""]",350
upright_replica,"[""UP-20260915-0008""]",350
upright_replica,"[""UP-20260915-0009""]",350
upright_replica,"[""UP-20260915-0010""]",350
upright_replica,"[""UP-20260915-0011""]",350
upright_replica,"[""UP-20260915-0012""]",350
upright_replica,"[""UP-20260915-0013""]",350
upright_replica,"[""UP-20260915-0014""]",350
upright_replica,"[""UP-20260915-0015""]",350
upright_replica,"[""UP-20260915-0016""]",350
upright_replica,"[""UP-20260915-0017""]",350
upright_replica,"[""UP-20260915-0018""]",350
upright_replica,"[""UP-20260915-0019""]",350
upright_replica,"[""UP-20260915-0020""]",350
upright_replica,"[""UP-20260915-0021""]",350
upright_replica,"[""UP-20260915-0022""]",350
upright_replica,"[""UP-20260915-0023""]",350
upright_replica,"[""UP-20260915-0024""]",350
upright_replica,"[""UP-20260915-0025""]",350
upright_replica,"[""UP-20260915-0026""]",350
upright_replica,"[""UP-20260915-0027""]",350
upright_replica,"[""UP-20260915-0028""]",350
upright_replica,"[""UP-20260915-0029""]",350
upright_replica,"[""UP-20260915-0030""]",350
upright_replica,"[""UP-20260915-0031""]",350
upright_replica,"[""UP-20260915-0032""]",350
upright_replica,"[""UP-20260915-0033""]",350
upright_replica,"[""UP-20260915-0034""]",350
upright_replica,"[""UP-20260915-0035""]",350
upright_replica,"[""UP-20260915-0036""]",350
upright_replica,"[""UP-20260915-0037""]",350
upright_replica,"[""UP-20260915-0038""]",350
upright_replica,"[""UP-20260915-0039""]",350
upright_replica,"[""UP-20260915-0040""]",350
upright_replica,"[""UP-20260915-0041""]",350
upright_replica,"[""UP-20260915-0042""]",350
upright_replica,"[""UP-20260915-0043""]",350
upright_replica,"[""UP-20260915-0044""]",350
upright_replica,"[""UP-20260915-0045""]",350
upright_replica,"[""UP-20260915-0046""]",350
upright_replica,"[""UP-20260915-0047""]",350
upright_replica,"[""UP-20260915-0048""]",350
upright_replica,"[""UP-20260915-0049""]",350
upright_replica,"[""UP-20260915-0050""]",350
upright_replica,"[""UP-20260915-0051""]",350
upright_replica,"[""UP-20260915-0052""]",350
upright_replica,"[""UP-20260915-0053""]",350
upright_replica,"[""UP-20260915-0054""]",350
upright_replica,"[""UP-20260915-0055""]",350
upright_replica,"[""UP-20260915-0056""]",350
upright_replica,"[""UP-20260915-0057""]",350
upright_replica,"[""UP-20260915-0058""]",350
upright_replica,"[""UP-20260915-0059""]",350
upright_replica,"[""UP-20260915-0060""]",350
upright_replica,"[""UP-20260915-0061""]",350
upright_replica,"[""UP-20260915-0062""]",350
upright_replica,"[""UP-20260915-0063""]",350
upright_replica,"[""UP-20260915-0064""]",350
upright_replica,"[""UP-20260915-0065""]",350
upright_replica,"[""UP-20260915-0066""]",350
upright_replica,"[""UP-20260915-0067""]",350
upright_replica,"[""UP-20260915-0068""]",350
upright_replica,"[""UP-20260915-0069""]",350
upright_replica,"[""UP-20260915-0070""]",350
upright_replica,"[""UP-20260915-0071""]",350
upright_replica,"[""UP-20260915-0072""]",350
upright_replica,"[""UP-20260915-0073""]",350
upright_replica,"[""UP-20260915-0074""]",350
upright_replica,"[""UP-20260915-0075""]",350
upright_replica,"[""UP-20260915-0076""]",350
upright_replica,"[""UP-20260915-0077""]",350
upright_replica,"[""UP-20260915-0078""]",350
upright_replica,"[""UP-20260915-0079""]",350
upright_replica,"[""UP-20260915-0080""]",350
upright_replica,"[""UP-20260915-0081""]",350
upright_replica,"[""UP-20260915-0082""]",350
upright_replica,"[""UP-20260915-0083""]",350
upright_replica,"[""UP-20260915-0084""]",350
upright_replica,"[""UP-20260915-0085""]",350
upright_replica,"[""UP-20260915-0086""]",350
upright_replica,"[""UP-20260915-0087""]",350
upright_replica,"[""UP-20260915-0088""]",350
upright_replica,"[""UP-20260915-0089""]",350
upright_replica,"[""UP-20260915-0090""]",350
upright_replica,"[""UP-20260915-0091""]",350
upright_replica,"[""UP-20260915-0092""]",350
upright_replica,"[""UP-20260915-0093""]",350
upright_replica,"[""UP-20260915-0094""]",350
upright_replica,"[""UP-20260915-0095""]",350
upright_replica,"[""UP-20260915-0096""]",350
upright_replica,"[""UP-20260915-0097""]",350
upright_replica,"[""UP-20260915-0098""]",350
upright_replica,"[""UP-20260915-0099""]",350
upright_replica,"[""UP-20260915-0100""]",350
upright_replica,"[""UP-20260915-0101""]",350
upright_replica,"[""UP-20260915-0102""]",350
upright_replica,"[""UP-20260915-0103""]",350
upright_replica,"[""UP-20260915-0104""]",350
upright_replica,"[""UP-20260915-0105""]",350
upright_replica,"[""UP-20260915-0106""]",350
upright_replica,"[""UP-20260915-0107""]",350
upright_replica,"[""UP-20260915-0108""]",350
upright_replica,"[""UP-20260915-0109""]",350
upright_replica,"[""UP-20260915-0110""]",350
upright_replica,"[""UP-20260915-0111""]",350
upright_replica,"[""UP-20260915-0112""]",350
upright_replica,"[""UP-20260915-0113""]",350
upright_replica,"[""UP-20260915-0114""]",350
upright_replica,"[""UP-20260915-0115""]",350
upright_replica,"[""UP-20260915-0116""]",350
upright_replica,"[""UP-20260915-0117""]",350
upright_replica,"[""UP-20260915-0118""]",350
upright_replica,"[""UP-20260915-0119""]",350
upright_replica,"[""UP-20260915-0120""]",350
upright_replica,"[""UP-20260915-0121""]",350
upright_replica,"[""UP-20260915-0122""]",350
upright_replica,"[""UP-20260915-0123""]",350
upright_replica,"[""UP-20260915-0124""]",350
upright_replica,"[""UP-20260915-0125""]",350
upright_replica,"[""UP-20260915-0126""]",350
upright_replica,"[""UP-20260915-0127""]",350
upright_replica,"[""UP-20260915-0128""]",350
upright_replica,"[""UP-20260916-0001""]",350
upright_replica,"[""UP-20260916-0002""]",350
upright_replica,"[""UP-20260916-0003""]",350
upright_replica,"[""UP-20260916-0004""]",350
upright_replica,"[""UP-20260916-0005""]",350
upright_replica,"[""UP-20260916-0006""]",350
upright_replica,"[""UP-20260916-0007""]",350
upright_replica,"[""UP-20260916-0008""]",350
upright_replica,"[""UP-20260916-0009""]",350
upright_replica,"[""UP-20260916-0010""]",350
upright_replica,"[""UP-20260916-0011""]",350
upright_replica,"[""UP-20260916-0012""]",350
upright_replica,"[""UP-20260916-0013""]",350
upright_replica,"[""UP-20260916-0014""]",350
upright_replica,"[""UP-20260916-0015""]",350
upright_replica,"[""UP-20260916-0016""]",350
upright_replica,"[""UP-20260916-0017""]",350
upright_replica,"[""UP-20260916-0018""]",350
upright_replica,"[""UP-20260916-0019""]",350
upright_replica,"[""UP-20260916-0020""]",350
upright_replica,"[""UP-20260916-0021""]",350
upright_replica,"[""UP-20260916-0022""]",350
upright_replica,"[""UP-20260916-0023""]",350
upright_replica,"[""UP-20260916-0024""]",350
upright_replica,"[""UP-20260916-0025""]",350
upright_replica,"[""UP-20260916-0026""]",350
upright_replica,"[""UP-20260916-0027""]",350
upright_replica,"[""UP-20260916-0028""]",350
upright_replica,"[""UP-20260916-0029""]",350
upright_replica,"[""UP-20260916-0030""]",350
upright_replica,"[""UP-20260916-0031""]",350
upright_replica,"[""UP-20260916-0032""]",350
upright_replica,"[""UP-20260916-0033""]",350
upright_replica,"[""UP-20260916-0034""]",350
upright_replica,"[""UP-20260916-0035""]",350
upright_replica,"[""UP-20260916-0036""]",350
upright_replica,"[""UP-20260916-0037""]",350
upright_replica,"[""UP-20260916-0038""]",350
upright_replica,"[""UP-20260916-0039""]",350
upright_replica,"[""UP-20260916-0040""]",350
upright_replica,"[""UP-20260916-0041""]",350
upright_replica,"[""UP-20260916-0042""]",350
upright_replica,"[""UP-20260916-0043""]",350
upright_replica,"[""UP-20260916-0044""]",350
upright_replica,"[""UP-20260916-0045""]",350
upright_replica,"[""UP-20260916-0046""]",350
upright_replica,"[""UP-20260916-0047""]",350
upright_replica,"[""UP-20260916-0048""]",350
upright_replica,"[""UP-20260916-0049""]",350
upright_replica,"[""UP-20260916-0050""]",350
upright_replica,"[""UP-20260916-0051""]",350
upright_replica,"[""UP-20260916-0052""]",350
upright_replica,"[""UP-20260916-0053""]",350
upright_replica,"[""UP-20260916-0054""]",350
upright_replica,"[""UP-20260916-0055""]",350
upright_replica,"[""UP-20260916-0056""]",350
upright_replica,"[""UP-20260916-0057""]",350
upright_replica,"[""UP-20260916-0058""]",350
upright_replica,"[""UP-20260916-0059""]",350
upright_replica,"[""UP-20260916-0060""]",350
upright_replica,"[""UP-20260916-0061""]",350
upright_replica,"[""UP-20260916-0062""]",350
upright_replica,"[""UP-20260916-0063""]",350
upright_replica,"[""UP-20260916-0064""]",350
upright_replica,"[""UP-20260916-0065""]",350
upright_replica,"[""UP-20260916-0066""]",350
upright_replica,"[""UP-20260916-0067""]",350
upright_replica,"[""UP-20260916-0068""]",350
upright_replica,"[""UP-20260916-0069""]",350
upright_replica,"[""UP-20260916-0070""]",350
upright_replica,"[""UP-20260916-0071""]",350
upright_replica,"[""UP-20260916-0072""]",350
upright_replica,"[""UP-20260916-0073""]",350
upright_replica,"[""UP-20260916-0074""]",350
upright_replica,"[""UP-20260916-0075""]",350
upright_replica,"[""UP-20260916-0076""]",350
upright_replica,"[""UP-20260916-0077""]",350
upright_replica,"[""UP-20260916-0078""]",350
upright_replica,"[""UP-20260916-0079""]",350
upright_replica,"[""UP-20260916-0080""]",350
upright_replica,"[""UP-20260916-0081""]",350
upright_replica,"[""UP-20260916-0082""]",350
upright_replica,"[""UP-20260916-0083""]",350
upright_replica,"[""UP-20260916-0084""]",350
upright_replica,"[""UP-20260916-0085""]",350
upright_replica,"[""UP-20260916-0086""]",350
upright_replica,"[""UP-20260916-0087""]",350
upright_replica,"[""UP-20260916-0088""]",350
upright_replica,"[""UP-20260916-0089""]",350
upright_replica,"[""UP-20260916-0090""]",350
upright_replica,"[""UP-20260916-0091""]",350
upright_replica,"[""UP-20260916-0092""]",350
upright_replica,"[""UP-20260916-0093""]",350
upright_replica,"[""UP-20260916-0094""]",350
upright_replica,"[""UP-20260916-0095""]",350
upright_replica,"[""UP-20260916-0096""]",350
upright_replica,"[""UP-20260916-0097""]",350
upright_replica,"[""UP-20260916-0098""]",350
upright_replica,"[""UP-20260916-0099""]",350
upright_replica,"[""UP-20260916-0100""]",350
upright_replica,"[""UP-20260916-0101""]",350
upright_replica,"[""UP-20260916-0102""]",350
upright_replica,"[""UP-20260916-0103""]",350
upright_replica,"[""UP-20260916-0104""]",350
upright_replica,"[""UP-20260916-0105""]",350
upright_replica,"[""UP-20260916-0106""]",350
upright_replica,"[""UP-20260916-0107""]",350
upright_replica,"[""UP-20260916-0108""]",350
upright_replica,"[""UP-20260916-0109""]",350
upright_replica,"[""UP-20260916-0110""]",350
upright_replica,"[""UP-20260916-0111""]",350
upright_replica,"[""UP-20260916-0112""]",350
upright_replica,"[""UP-20260916-0113""]",350
upright_replica,"[""UP-20260916-0114""]",350
upright_replica,"[""UP-20260916-0115""]",350
upright_replica,"[""UP-20260916-0116""]",350
upright_replica,"[""UP-20260916-0117""]",350
upright_replica,"[""UP-20260916-0118""]",350
upright_replica,"[""UP-20260916-0119""]",350
upright_replica,"[""UP-20260916-0120""]",350
upright_replica,"[""UP-20260916-0121""]",350
upright_replica,"[""UP-20260916-0122""]",350
upright_replica,"[""UP-20260916-0123""]",350
upright_replica,"[""UP-20260916-0124""]",350
upright_replica,"[""UP-20260916-0125""]",350
upright_replica,"[""UP-20260916-0126""]",350
upright_replica,"[""UP-20260916-0127""]",350
upright_replica,"[""UP-20260916-0128""]",350
upright_replica,"[""UP-20260917-0001""]",350
upright_replica,"[""UP-20260917-0002""]",350
upright_replica,"[""UP-20260917-0003""]",350
upright_replica,"[""UP-20260917-0004""]",350
upright_replica,"[""UP-20260917-0005""]",350
upright_replica,"[""UP-20260917-0006""]",350
upright_replica,"[""UP-20260917-0007""]",350
upright_replica,"[""UP-20260917-0008""]",350
upright_replica,"[""UP-20260917-0009""]",350
upright_replica,"[""UP-20260917-0010""]",350
upright_replica,"[""UP-20260917-0011""]",350
upright_replica,"[""UP-20260917-0012""]",350
upright_replica,"[""UP-20260917-0013""]",350
upright_replica,"[""UP-20260917-0014""]",350
upright_replica,"[""UP-20260917-0015""]",350
upright_replica,"[""UP-20260917-0016""]",350
upright_replica,"[""UP-20260917-0017""]",350
upright_replica,"[""UP-20260917-0018""]",350
upright_replica,"[""UP-20260917-0019""]",350
upright_replica,"[""UP-20260917-0020""]",350
upright_replica,"[""UP-20260917-0021""]",350
upright_replica,"[""UP-20260917-0022""]",350
upright_replica,"[""UP-20260917-0023""]",350
upright_replica,"[""UP-20260917-0024""]",350
upright_replica,"[""UP-20260917-0025""]",350
upright_replica,"[""UP-20260917-0026""]",350
upright_replica,"[""UP-20260917-0027""]",350
upright_replica,"[""UP-20260917-0028""]",350
upright_replica,"[""UP-20260917-0029""]",350
upright_replica,"[""UP-20260917-0030""]",350
upright_replica,"[""UP-20260917-0031""]",350
upright_replica,"[""UP-20260917-0032""]",350
upright_replica,"[""UP-20260917-0033""]",350
upright_replica,"[""UP-20260917-0034""]",350
upright_replica,"[""UP-20260917-0035""]",350
upright_replica,"[""UP-20260917-0036""]",350
upright_replica,"[""UP-20260917-0037""]",350
upright_replica,"[""UP-20260917-0038""]",350
upright_replica,"[""UP-20260917-0039""]",350
upright_replica,"[""UP-20260917-0040""]",350
upright_replica,"[""UP-20260917-0041""]",350
upright_replica,"[""UP-20260917-0042""]",350
upright_replica,"[""UP-20260917-0043""]",350
upright_replica,"[""UP-20260917-0044""]",350
upright_replica,"[""UP-20260917-0045""]",350
upright_replica,"[""UP-20260917-0046""]",350
upright_replica,"[""UP-20260917-0047""]",350
upright_replica,"[""UP-20260917-0048""]",350
upright_replica,"[""UP-20260917-0049""]",350
upright_replica,"[""UP-20260917-0050""]",350
upright_replica,"[""UP-20260917-0051""]",350
upright_replica,"[""UP-20260917-0052""]",350
upright_replica,"[""UP-20260917-0053""]",350
upright_replica,"[""UP-20260917-0054""]",350
upright_replica,"[""UP-20260917-0055""]",350
upright_replica,"[""UP-20260917-0056""]",350
upright_replica,"[""UP-20260917-0057""]",350
upright_replica,"[""UP-20260917-0058""]",350
upright_replica,"[""UP-20260917-0059""]",350
upright_replica,"[""UP-20260917-0060""]",350
upright_replica,"[""UP-20260917-0061""]",350
upright_replica,"[""UP-20260917-0062""]",350
upright_replica,"[""UP-20260917-0063""]",350
upright_replica,"[""UP-20260917-0064""]",350
upright_replica,"[""UP-20260917-0065""]",350
upright_replica,"[""UP-20260917-0066""]",350
upright_replica,"[""UP-20260917-0067""]",350
upright_replica,"[""UP-20260917-0068""]",350
upright_replica,"[""UP-20260917-0069""]",350
upright_replica,"[""UP-20260917-0070""]",350
upright_replica,"[""UP-20260917-0071""]",350
upright_replica,"[""UP-20260917-0072""]",350
upright_replica,"[""UP-20260917-0073""]",350
upright_replica,"[""UP-20260917-0074""]",350
upright_replica,"[""UP-20260917-0075""]",350
upright_replica,"[""UP-20260917-0076""]",350
upright_replica,"[""UP-20260917-0077""]",350
upright_replica,"[""UP-20260917-0078""]",350
upright_replica,"[""UP-20260917-0079""]",350
upright_replica,"[""UP-20260917-0080""]",350
upright_replica,"[""UP-20260917-0081""]",350
upright_replica,"[""UP-20260917-0082""]",350
upright_replica,"[""UP-20260917-0083""]",350
upright_replica,"[""UP-20260917-0084""]",350
upright_replica,"[""UP-20260917-0085""]",350
upright_replica,"[""UP-20260917-0086""]",350
upright_replica,"[""UP-20260917-0087""]",350
upright_replica,"[""UP-20260917-0088""]",350
upright_replica,"[""UP-20260917-0089""]",350
upright_replica,"[""UP-20260917-0090""]",350
upright_replica,"[""UP-20260917-0091""]",350
upright_replica,"[""UP-20260917-0092""]",350
upright_replica,"[""UP-20260917-0093""]",350
upright_replica,"[""UP-20260917-0094""]",350
upright_replica,"[""UP-20260917-0095""]",350
upright_replica,"[""UP-20260917-0096""]",350
upright_replica,"[""UP-20260917-0097""]",350
upright_replica,"[""UP-20260917-0098""]",350
upright_replica,"[""UP-20260917-0099""]",350
upright_replica,"[""UP-20260917-0100""]",350
upright_replica,"[""UP-20260917-0101""]",350
upright_replica,"[""UP-20260917-0102""]",350
upright_replica,"[""UP-20260917-0103""]",350
upright_replica,"[""UP-20260917-0104""]",350
upright_replica,"[""UP-20260917-0105""]",350
upright_replica,"[""UP-20260917-0106""]",350
upright_replica,"[""UP-20260917-0107""]",350
upright_replica,"[""UP-20260917-0108""]",350
upright_replica,"[""UP-20260917-0109""]",350
upright_replica,"[""UP-20260917-0110""]",350
upright_replica,"[""UP-20260917-0111""]",350
upright_replica,"[""UP-20260917-0112""]",350
upright_replica,"[""UP-20260917-0113""]",350
upright_replica,"[""UP-20260917-0114""]",350
upright_replica,"[""UP-20260917-0115""]",350
upright_replica,"[""UP-20260917-0116""]",350
upright_replica,"[""UP-20260917-0117""]",350
upright_replica,"[""UP-20260917-0118""]",350
upright_replica,"[""UP-20260917-0119""]",350
upright_replica,"[""UP-20260917-0120""]",350
upright_replica,"[""UP-20260917-0121""]",350
upright_replica,"[""UP-20260917-0122""]",350
upright_replica,"[""UP-20260917-0123""]",350
upright_replica,"[""UP-20260917-0124""]",350
upright_replica,"[""UP-20260917-0125""]",350
upright_replica,"[""UP-20260917-0126""]",350
upright_replica,"[""UP-20260917-0127""]",350
upright_replica,"[""UP-20260917-0128""]",350
upright_replica,"[""UP-20260918-0001""]",350
upright_replica,"[""UP-20260918-0002""]",350
upright_replica,"[""UP-20260918-0003""]",350
upright_replica,"[""UP-20260918-0004""]",350
upright_replica,"[""UP-20260918-0005""]",350
upright_replica,"[""UP-20260918-0006""]",350
upright_replica,"[""UP-20260918-0007""]",350
upright_replica,"[""UP-20260918-0008""]",350
upright_replica,"[""UP-20260918-0009""]",350
upright_replica,"[""UP-20260918-0010""]",350
upright_replica,"[""UP-20260918-0011""]",350
upright_replica,"[""UP-20260918-0012""]",350
upright_replica,"[""UP-20260918-0013""]",350
upright_replica,"[""UP-20260918-0014""]",350
upright_replica,"[""UP-20260918-0015""]",350
upright_replica,"[""UP-20260918-0016""]",350
upright_replica,"[""UP-20260918-0017""]",350
upright_replica,"[""UP-20260918-0018""]",350
upright_replica,"[""UP-20260918-0019""]",350
upright_replica,"[""UP-20260918-0020""]",350
upright_replica,"[""UP-20260918-0021""]",350
upright_replica,"[""UP-20260918-0022""]",350
upright_replica,"[""UP-20260918-0023""]",350
upright_replica,"[""UP-20260918-0024""]",350
upright_replica,"[""UP-20260918-0025""]",350
upright_replica,"[""UP-20260918-0026""]",350
upright_replica,"[""UP-20260918-0027""]",350
upright_replica,"[""UP-20260918-0028""]",350
upright_replica,"[""UP-20260918-0029""]",350
upright_replica,"[""UP-20260918-0030""]",350
upright_replica,"[""UP-20260918-0031""]",350
upright_replica,"[""UP-20260918-0032""]",350
upright_replica,"[""UP-20260918-0033""]",350
upright_replica,"[""UP-20260918-0034""]",350
upright_replica,"[""UP-20260918-0035""]",350
upright_replica,"[""UP-20260918-0036""]",350
upright_replica,"[""UP-20260918-0037""]",350
upright_replica,"[""UP-20260918-0038""]",350
upright_replica,"[""UP-20260918-0039""]",350
upright_replica,"[""UP-20260918-0040""]",350
upright_replica,"[""UP-20260918-0041""]",350
upright_replica,"[""UP-20260918-0042""]",350
upright_replica,"[""UP-20260918-0043""]",350
upright_replica,"[""UP-20260918-0044""]",350
upright_replica,"[""UP-20260918-0045""]",350
upright_replica,"[""UP-20260918-0046""]",350
upright_replica,"[""UP-20260918-0047""]",350
upright_replica,"[""UP-20260918-0048""]",350
upright_replica,"[""UP-20260918-0049""]",350
upright_replica,"[""UP-20260918-0050""]",350
upright_replica,"[""UP-20260918-0051""]",350
upright_replica,"[""UP-20260918-0052""]",350
upright_replica,"[""UP-20260918-0053""]",350
upright_replica,"[""UP-20260918-0054""]",350
upright_replica,"[""UP-20260918-0055""]",350
upright_replica,"[""UP-20260918-0056""]",350
upright_replica,"[""UP-20260918-0057""]",350
upright_replica,"[""UP-20260918-0058""]",350
upright_replica,"[""UP-20260918-0059""]",350
upright_replica,"[""UP-20260918-0060""]",350
upright_replica,"[""UP-20260918-0061""]",350
upright_replica,"[""UP-20260918-0062""]",350
upright_replica,"[""UP-20260918-0063""]",350
upright_replica,"[""UP-20260918-0064""]",350
upright_replica,"[""UP-20260918-0065""]",350
upright_replica,"[""UP-20260918-0066""]",350
upright_replica,"[""UP-20260918-0067""]",350
upright_replica,"[""UP-20260918-0068""]",350
upright_replica,"[""UP-20260918-0069""]",350
upright_replica,"[""UP-20260918-0070""]",350
upright_replica,"[""UP-20260918-0071""]",350
upright_replica,"[""UP-20260918-0072""]",350
upright_replica,"[""UP-20260918-0073""]",350
upright_replica,"[""UP-20260918-0074""]",350
upright_replica,"[""UP-20260918-0075""]",350
upright_replica,"[""UP-20260918-0076""]",350
upright_replica,"[""UP-20260918-0077""]",350
upright_replica,"[""UP-20260918-0078""]",350
upright_replica,"[""UP-20260918-0079""]",350
upright_replica,"[""UP-20260918-0080""]",350
upright_replica,"[""UP-20260918-0081""]",350
upright_replica,"[""UP-20260918-0082""]",350
upright_replica,"[""UP-20260918-0083""]",350
upright_replica,"[""UP-20260918-0084""]",350
upright_replica,"[""UP-20260918-0085""]",350
upright_replica,"[""UP-20260918-0086""]",350
upright_replica,"[""UP-20260918-0087""]",350
upright_replica,"[""UP-20260918-0088""]",350
upright_replica,"[""UP-20260918-0089""]",350
upright_replica,"[""UP-20260918-0090""]",350
upright_replica,"[""UP-20260918-0091""]",350
upright_replica,"[""UP-20260918-0092""]",350
upright_replica,"[""UP-20260918-0093""]",350
upright_replica,"[""UP-20260918-0094""]",350
upright_replica,"[""UP-20260918-0095""]",350
upright_replica,"[""UP-20260918-0096""]",350
upright_replica,"[""UP-20260918-0097""]",350
upright_replica,"[""UP-20260918-0098""]",350
upright_replica,"[""UP-20260918-0099""]",350
upright_replica,"[""UP-20260918-0100""]",350
upright_replica,"[""UP-20260918-0101""]",350
upright_replica,"[""UP-20260918-0102""]",350
upright_replica,"[""UP-20260918-0103""]",350
upright_replica,"[""UP-20260918-0104""]",350
upright_replica,"[""UP-20260918-0105""]",350
upright_replica,"[""UP-20260918-0106""]",350
upright_replica,"[""UP-20260918-0107""]",350
upright_replica,"[""UP-20260918-0108""]",350
upright_replica,"[""UP-20260918-0109""]",350
upright_replica,"[""UP-20260918-0110""]",350
upright_replica,"[""UP-20260918-0111""]",350
upright_replica,"[""UP-20260918-0112""]",350
upright_replica,"[""UP-20260918-0113""]",350
upright_replica,"[""UP-20260918-0114""]",350
upright_replica,"[""UP-20260918-0115""]",350
upright_replica,"[""UP-20260918-0116""]",350
upright_replica,"[""UP-20260918-0117""]",350
upright_replica,"[""UP-20260918-0118""]",350
upright_replica,"[""UP-20260918-0119""]",350
upright_replica,"[""UP-20260918-0120""]",350
upright_replica,"[""UP-20260918-0121""]",350
upright_replica,"[""UP-20260918-0122""]",350
upright_replica,"[""UP-20260918-0123""]",350
upright_replica,"[""UP-20260918-0124""]",350
upright_replica,"[""UP-20260918-0125""]",350
upright_replica,"[""UP-20260918-0126""]",350
upright_replica,"[""UP-20260918-0127""]",350
upright_replica,"[""UP-20260918-0128""]",350
upright_replica,"[""UP-20260919-0001""]",350
upright_replica,"[""UP-20260919-0002""]",350
upright_replica,"[""UP-20260919-0003""]",350
upright_replica,"[""UP-20260919-0004""]",350
upright_replica,"[""UP-20260919-0005""]",350
upright_replica,"[""UP-20260919-0006""]",350
upright_replica,"[""UP-20260919-0007""]",350
upright_replica,"[""UP-20260919-0008""]",350
upright_replica,"[""UP-20260919-0009""]",350
upright_replica,"[""UP-20260919-0010""]",350
upright_replica,"[""UP-20260919-0011""]",350
upright_replica,"[""UP-20260919-0012""]",350
upright_replica,"[""UP-20260919-0013""]",350
upright_replica,"[""UP-20260919-0014""]",350
upright_replica,"[""UP-20260919-0015""]",350
upright_replica,"[""UP-20260919-0016""]",350
upright_replica,"[""UP-20260919-0017""]",350
upright_replica,"[""UP-20260919-0018""]",350
upright_replica,"[""UP-20260919-0019""]",350
upright_replica,"[""UP-20260919-0020""]",350
upright_replica,"[""UP-20260919-0021""]",350
upright_replica,"[""UP-20260919-0022""]",350
upright_replica,"[""UP-20260919-0023""]",350
upright_replica,"[""UP-20260919-0024""]",350
upright_replica,"[""UP-20260919-0025""]",350
upright_replica,"[""UP-20260919-0026""]",350
upright_replica,"[""UP-20260919-0027""]",350
upright_replica,"[""UP-20260919-0028""]",350
upright_replica,"[""UP-20260919-0029""]",350
upright_replica,"[""UP-20260919-0030""]",350
upright_replica,"[""UP-20260919-0031""]",350
upright_replica,"[""UP-20260919-0032""]",350
upright_replica,"[""UP-20260919-0033""]",350
upright_replica,"[""UP-20260919-0034""]",350
upright_replica,"[""UP-20260919-0035""]",350
upright_replica,"[""UP-20260919-0036""]",350
upright_replica,"[""UP-20260919-0037""]",350
upright_replica,"[""UP-20260919-0038""]",350
upright_replica,"[""UP-20260919-0039""]",350
upright_replica,"[""UP-20260919-0040""]",350
upright_replica,"[""UP-20260919-0041""]",350
upright_replica,"[""UP-20260919-0042""]",350
upright_replica,"[""UP-20260919-0043""]",350
upright_replica,"[""UP-20260919-0044""]",350
upright_replica,"[""UP-20260919-0045""]",350
upright_replica,"[""UP-20260919-0046""]",350
upright_replica,"[""UP-20260919-0047""]",350
upright_replica,"[""UP-20260919-0048""]",350
upright_replica,"[""UP-20260919-0049""]",350
upright_replica,"[""UP-20260919-0050""]",350
upright_replica,"[""UP-20260919-0051""]",350
upright_replica,"[""UP-20260919-0052""]",350
upright_replica,"[""UP-20260919-0053""]",350
upright_replica,"[""UP-20260919-0054""]",350
upright_replica,"[""UP-20260919-0055""]",350
upright_replica,"[""UP-20260919-0056""]",350
upright_replica,"[""UP-20260919-0057""]",350
upright_replica,"[""UP-20260919-0058""]",350
upright_replica,"[""UP-20260919-0059""]",350
upright_replica,"[""UP-20260919-0060""]",350
upright_replica,"[""UP-20260919-0061""]",350
upright_replica,"[""UP-20260919-0062""]",350
upright_replica,"[""UP-20260919-0063""]",350
upright_replica,"[""UP-20260919-0064""]",350
upright_replica,"[""UP-20260919-0065""]",350
upright_replica,"[""UP-20260919-0066""]",350
upright_replica,"[""UP-20260919-0067""]",350
upright_replica,"[""UP-20260919-0068""]",350
upright_replica,"[""UP-20260919-0069""]",350
upright_replica,"[""UP-20260919-0070""]",350
upright_replica,"[""UP-20260919-0071""]",350
upright_replica,"[""UP-20260919-0072""]",350
upright_replica,"[""UP-20260919-0073""]",350
upright_replica,"[""UP-20260919-0074""]",350
upright_replica,"[""UP-20260919-0075""]",350
upright_replica,"[""UP-20260919-0076""]",350
upright_replica,"[""UP-20260919-0077""]",350
upright_replica,"[""UP-20260919-0078""]",350
upright_replica,"[""UP-20260919-0079""]",350
upright_replica,"[""UP-20260919-0080""]",350
upright_replica,"[""UP-20260919-0081""]",350
upright_replica,"[""UP-20260919-0082""]",350
upright_replica,"[""UP-20260919-0083""]",350
upright_replica,"[""UP-20260919-0084""]",350
upright_replica,"[""UP-20260919-0085""]",350
upright_replica,"[""UP-20260919-0086""]",350
upright_replica,"[""UP-20260919-0087""]",350
upright_replica,"[""UP-20260919-0088""]",350
upright_replica,"[""UP-20260919-0089""]",350
upright_replica,"[""UP-20260919-0090""]",350
upright_replica,"[""UP-20260919-0091""]",350
upright_replica,"[""UP-20260919-0092""]",350
upright_replica,"[""UP-20260919-0093""]",350
upright_replica,"[""UP-20260919-0094""]",350
upright_replica,"[""UP-20260919-0095""]",350
upright_replica,"[""UP-20260919-0096""]",350
upright_replica,"[""UP-20260919-0097""]",350
upright_replica,"[""UP-20260919-0098""]",350
upright_replica,"[""UP-20260919-0099""]",350
upright_replica,"[""UP-20260919-0100""]",350
upright_replica,"[""UP-20260919-0101""]",350
upright_replica,"[""UP-20260919-0102""]",350
upright_replica,"[""UP-20260919-0103""]",350
upright_replica,"[""UP-20260919-0104""]",350
upright_replica,"[""UP-20260919-0105""]",350
upright_replica,"[""UP-20260919-0106""]",350
upright_replica,"[""UP-20260919-0107""]",350
upright_replica,"[""UP-20260919-0108""]",350
upright_replica,"[""UP-20260919-0109""]",350
upright_replica,"[""UP-20260919-0110""]",350
upright_replica,"[""UP-20260919-0111""]",350
upright_replica,"[""UP-20260919-0112""]",350
upright_replica,"[""UP-20260919-0113""]",350
upright_replica,"[""UP-20260919-0114""]",350
upright_replica,"[""UP-20260919-0115""]",350
upright_replica,"[""UP-20260919-0116""]",350
upright_replica,"[""UP-20260919-0117""]",350
upright_replica,"[""UP-20260919-0118""]",350
upright_replica,"[""UP-20260919-0119""]",350
upright_replica,"[""UP-20260919-0120""]",350
upright_replica,"[""UP-20260919-0121""]",350
upright_replica,"[""UP-20260919-0122""]",350
upright_replica,"[""UP-20260919-0123""]",350
upright_replica,"[""UP-20260919-0124""]",350
upright_replica,"[""UP-20260919-0125""]",350
upright_replica,"[""UP-20260919-0126""]",350
upright_replica,"[""UP-20260919-0127""]",350
upright_replica,"[""UP-20260919-0128""]",350
upright_replica,"[""UP-20260920-0001""]",350
upright_replica,"[""UP-20260920-0002""]",350
upright_replica,"[""UP-20260920-0003""]",350
upright_replica,"[""UP-20260920-0004""]",350
upright_replica,"[""UP-20260920-0005""]",350
upright_replica,"[""UP-20260920-0006""]",350
upright_replica,"[""UP-20260920-0007""]",350
upright_replica,"[""UP-20260920-0008""]",350
upright_replica,"[""UP-20260920-0009""]",350
upright_replica,"[""UP-20260920-0010""]",350
upright_replica,"[""UP-20260920-0011""]",350
upright_replica,"[""UP-20260920-0012""]",350
upright_replica,"[""UP-20260920-0013""]",350
upright_replica,"[""UP-20260920-0014""]",350
upright_replica,"[""UP-20260920-0015""]",350
upright_replica,"[""UP-20260920-0016""]",350
upright_replica,"[""UP-20260920-0017""]",350
upright_replica,"[""UP-20260920-0018""]",350
upright_replica,"[""UP-20260920-0019""]",350
upright_replica,"[""UP-20260920-0020""]",350
upright_replica,"[""UP-20260920-0021""]",350
upright_replica,"[""UP-20260920-0022""]",350
upright_replica,"[""UP-20260920-0023""]",350
upright_replica,"[""UP-20260920-0024""]",350
upright_replica,"[""UP-20260920-0025""]",350
upright_replica,"[""UP-20260920-0026""]",350
upright_replica,"[""UP-20260920-0027""]",350
upright_replica,"[""UP-20260920-0028""]",350
upright_replica,"[""UP-20260920-0029""]",350
upright_replica,"[""UP-20260920-0030""]",350
upright_replica,"[""UP-20260920-0031""]",350
upright_replica,"[""UP-20260920-0032""]",350
upright_replica,"[""UP-20260920-0033""]",350
upright_replica,"[""UP-20260920-0034""]",350
upright_replica,"[""UP-20260920-0035""]",350
upright_replica,"[""UP-20260920-0036""]",350
upright_replica,"[""UP-20260920-0037""]",350
upright_replica,"[""UP-20260920-0038""]",350
upright_replica,"[""UP-20260920-0039""]",350
upright_replica,"[""UP-20260920-0040""]",350
upright_replica,"[""UP-20260920-0041""]",350
upright_replica,"[""UP-20260920-0042""]",350
upright_replica,"[""UP-20260920-0043""]",350
upright_replica,"[""UP-20260920-0044""]",350
upright_replica,"[""UP-20260920-0045""]",350
upright_replica,"[""UP-20260920-0046""]",350
upright_replica,"[""UP-20260920-0047""]",350
upright_replica,"[""UP-20260920-0048""]",350
upright_replica,"[""UP-20260920-0049""]",350
upright_replica,"[""UP-20260920-0050""]",350
upright_replica,"[""UP-20260920-0051""]",350
upright_replica,"[""UP-20260920-0052""]",350
upright_replica,"[""UP-20260920-0053""]",350
upright_replica,"[""UP-20260920-0054""]",350
upright_replica,"[""UP-20260920-0055""]",350
upright_replica,"[""UP-20260920-0056""]",350
upright_replica,"[""UP-20260920-0057""]",350
upright_replica,"[""UP-20260920-0058""]",350
upright_replica,"[""UP-20260920-0059""]",350
upright_replica,"[""UP-20260920-0060""]",350
upright_replica,"[""UP-20260920-0061""]",350
upright_replica,"[""UP-20260920-0062""]",350
upright_replica,"[""UP-20260920-0063""]",350
upright_replica,"[""UP-20260920-0064""]",350
upright_replica,"[""UP-20260920-0065""]",350
upright_replica,"[""UP-20260920-0066""]",350
upright_replica,"[""UP-20260920-0067""]",350
upright_replica,"[""UP-20260920-0068""]",350
upright_replica,"[""UP-20260920-0069""]",350
upright_replica,"[""UP-20260920-0070""]",350
upright_replica,"[""UP-20260920-0071""]",350
upright_replica,"[""UP-20260920-0072""]",350
upright_replica,"[""UP-20260920-0073""]",350
upright_replica,"[""UP-20260920-0074""]",350
upright_replica,"[""UP-20260920-0075""]",350
upright_replica,"[""UP-20260920-0076""]",350
upright_replica,"[""UP-20260920-0077""]",350
upright_replica,"[""UP-20260920-0078""]",350
upright_replica,"[""UP-20260920-0079""]",350
upright_replica,"[""UP-20260920-0080""]",350
upright_replica,"[""UP-20260920-0081""]",350
upright_replica,"[""UP-20260920-0082""]",350
upright_replica,"[""UP-20260920-0083""]",350
upright_replica,"[""UP-20260920-0084""]",350
upright_replica,"[""UP-20260920-0085""]",350
upright_replica,"[""UP-20260920-0086""]",350
upright_replica,"[""UP-20260920-0087""]",350
upright_replica,"[""UP-20260920-0088""]",350
upright_replica,"[""UP-20260920-0089""]",350
upright_replica,"[""UP-20260920-0090""]",350
upright_replica,"[""UP-20260920-0091""]",350
upright_replica,"[""UP-20260920-0092""]",350
upright_replica,"[""UP-20260920-0093""]",350
upright_replica,"[""UP-20260920-0094""]",350
upright_replica,"[""UP-20260920-0095""]",350
upright_replica,"[""UP-20260920-0096""]",350
upright_replica,"[""UP-20260920-0097""]",350
upright_replica,"[""UP-20260920-0098""]",350
upright_replica,"[""UP-20260920-0099""]",350
upright_replica,"[""UP-20260920-0100""]",350
upright_replica,"[""UP-20260920-0101""]",350
upright_replica,"[""UP-20260920-0102""]",350
upright_replica,"[""UP-20260920-0103""]",350
upright_replica,"[""UP-20260920-0104""]",350
upright_replica,"[""UP-20260920-0105""]",350
upright_replica,"[""UP-20260920-0106""]",350
upright_replica,"[""UP-20260920-0107""]",350
upright_replica,"[""UP-20260920-0108""]",350
upright_replica,"[""UP-20260920-0109""]",350
upright_replica,"[""UP-20260920-0110""]",350
upright_replica,"[""UP-20260920-0111""]",350
upright_replica,"[""UP-20260920-0112""]",350
upright_replica,"[""UP-20260920-0113""]",350
upright_replica,"[""UP-20260920-0114""]",350
upright_replica,"[""UP-20260920-0115""]",350
upright_replica,"[""UP-20260920-0116""]",350
upright_replica,"[""UP-20260920-0117""]",350
upright_replica,"[""UP-20260920-0118""]",350
upright_replica,"[""UP-20260920-0119""]",350
upright_replica,"[""UP-20260920-0120""]",350
upright_replica,"[""UP-20260920-0121""]",350
upright_replica,"[""UP-20260920-0122""]",350
upright_replica,"[""UP-20260920-0123""]",350
upright_replica,"[""UP-20260920-0124""]",350
upright_replica,"[""UP-20260920-0125""]",350
upright_replica,"[""UP-20260920-0126""]",350
upright_replica,"[""UP-20260920-0127""]",350
upright_replica,"[""UP-20260920-0128""]",350
upright_replica,"[""UP-20260921-0001""]",350
upright_replica,"[""UP-20260921-0002""]",350
upright_replica,"[""UP-20260921-0003""]",350
upright_replica,"[""UP-20260921-0004""]",350
upright_replica,"[""UP-20260921-0005""]",350
upright_replica,"[""UP-20260921-0006""]",350
upright_replica,"[""UP-20260921-0007""]",350
upright_replica,"[""UP-20260921-0008""]",350
upright_replica,"[""UP-20260921-0009""]",350
upright_replica,"[""UP-20260921-0010""]",350
upright_replica,"[""UP-20260921-0011""]",350
upright_replica,"[""UP-20260921-0012""]",350
upright_replica,"[""UP-20260921-0013""]",350
upright_replica,"[""UP-20260921-0014""]",350
upright_replica,"[""UP-20260921-0015""]",350
upright_replica,"[""UP-20260921-0016""]",350
upright_replica,"[""UP-20260921-0017""]",350
upright_replica,"[""UP-20260921-0018""]",350
upright_replica,"[""UP-20260921-0019""]",350
upright_replica,"[""UP-20260921-0020""]",350
upright_replica,"[""UP-20260921-0021""]",350
upright_replica,"[""UP-20260921-0022""]",350
upright_replica,"[""UP-20260921-0023""]",350
upright_replica,"[""UP-20260921-0024""]",350
upright_replica,"[""UP-20260921-0025""]",350
upright_replica,"[""UP-20260921-0026""]",350
upright_replica,"[""UP-20260921-0027""]",350
upright_replica,"[""UP-20260921-0028""]",350
upright_replica,"[""UP-20260921-0029""]",350
upright_replica,"[""UP-20260921-0030""]",350
upright_replica,"[""UP-20260921-0031""]",350
upright_replica,"[""UP-20260921-0032""]",350
upright_replica,"[""UP-20260921-0033""]",350
upright_replica,"[""UP-20260921-0034""]",350
upright_replica,"[""UP-20260921-0035""]",350
upright_replica,"[""UP-20260921-0036""]",350
upright_replica,"[""UP-20260921-0037""]",350
upright_replica,"[""UP-20260921-0038""]",350
upright_replica,"[""UP-20260921-0039""]",350
upright_replica,"[""UP-20260921-0040""]",350
upright_replica,"[""UP-20260921-0041""]",350
upright_replica,"[""UP-20260921-0042""]",350
upright_replica,"[""UP-20260921-0043""]",350
upright_replica,"[""UP-20260921-0044""]",350
upright_replica,"[""UP-20260921-0045""]",350
upright_replica,"[""UP-20260921-0046""]",350
upright_replica,"[""UP-20260921-0047""]",350
upright_replica,"[""UP-20260921-0048""]",350
upright_replica,"[""UP-20260921-0049""]",350
upright_replica,"[""UP-20260921-0050""]",350
upright_replica,"[""UP-20260921-0051""]",350
upright_replica,"[""UP-20260921-0052""]",350
upright_replica,"[""UP-20260921-0053""]",350
upright_replica,"[""UP-20260921-0054""]",350
upright_replica,"[""UP-20260921-0055""]",350
upright_replica,"[""UP-20260921-0056""]",350
upright_replica,"[""UP-20260921-0057""]",350
upright_replica,"[""UP-20260921-0058""]",350
upright_replica,"[""UP-20260921-0059""]",350
upright_replica,"[""UP-20260921-0060""]",350
upright_replica,"[""UP-20260921-0061""]",350
upright_replica,"[""UP-20260921-0062""]",350
upright_replica,"[""UP-20260921-0063""]",350
upright_replica,"[""UP-20260921-0064""]",350
upright_replica,"[""UP-20260921-0065""]",350
upright_replica,"[""UP-20260921-0066""]",350
upright_replica,"[""UP-20260921-0067""]",350
upright_replica,"[""UP-20260921-0068""]",350
upright_replica,"[""UP-20260921-0069""]",350
upright_replica,"[""UP-20260921-0070""]",350
upright_replica,"[""UP-20260921-0071""]",350
upright_replica,"[""UP-20260921-0072""]",350
upright_replica,"[""UP-20260921-0073""]",350
upright_replica,"[""UP-20260921-0074""]",350
upright_replica,"[""UP-20260921-0075""]",350
upright_replica,"[""UP-20260921-0076""]",350
upright_replica,"[""UP-20260921-0077""]",350
upright_replica,"[""UP-20260921-0078""]",350
upright_replica,"[""UP-20260921-0079""]",350
upright_replica,"[""UP-20260921-0080""]",350
upright_replica,"[""UP-20260921-0081""]",350
upright_replica,"[""UP-20260921-0082""]",350
upright_replica,"[""UP-20260921-0083""]",350
upright_replica,"[""UP-20260921-0084""]",350
upright_replica,"[""UP-20260921-0085""]",350
upright_replica,"[""UP-20260921-0086""]",350
upright_replica,"[""UP-20260921-0087""]",350
upright_replica,"[""UP-20260921-0088""]",350
upright_replica,"[""UP-20260921-0089""]",350
upright_replica,"[""UP-20260921-0090""]",350
upright_replica,"[""UP-20260921-0091""]",350
upright_replica,"[""UP-20260921-0092""]",350
upright_replica,"[""UP-20260921-0093""]",350
upright_replica,"[""UP-20260921-0094""]",350
upright_replica,"[""UP-20260921-0095""]",350
upright_replica,"[""UP-20260921-0096""]",350
upright_replica,"[""UP-20260921-0097""]",350
upright_replica,"[""UP-20260921-0098""]",350
upright_replica,"[""UP-20260921-0099""]",350
upright_replica,"[""UP-20260921-0100""]",350
upright_replica,"[""UP-20260921-0101""]",350
upright_replica,"[""UP-20260921-0102""]",350
upright_replica,"[""UP-20260921-0103""]",350
upright_replica,"[""UP-20260921-0104""]",350
upright_replica,"[""UP-20260921-0105""]",350
upright_replica,"[""UP-20260921-0106""]",350
upright_replica,"[""UP-20260921-0107""]",350
upright_replica,"[""UP-20260921-0108""]",350
upright_replica,"[""UP-20260921-0109""]",350
upright_replica,"[""UP-20260921-0110""]",350
upright_replica,"[""UP-20260921-0111""]",350
upright_replica,"[""UP-20260921-0112""]",350
upright_replica,"[""UP-20260921-0113""]",350
upright_replica,"[""UP-20260921-0114""]",350
upright_replica,"[""UP-20260921-0115""]",350
upright_replica,"[""UP-20260921-0116""]",350
upright_replica,"[""UP-20260921-0117""]",350
upright_replica,"[""UP-20260921-0118""]",350
upright_replica,"[""UP-20260921-0119""]",350
upright_replica,"[""UP-20260921-0120""]",350
upright_replica,"[""UP-20260921-0121""]",350
upright_replica,"[""UP-20260921-0122""]",350
upright_replica,"[""UP-20260921-0123""]",350
upright_replica,"[""UP-20260921-0124""]",350
upright_replica,"[""UP-20260921-0125""]",350
upright_replica,"[""UP-20260921-0126""]",350
upright_replica,"[""UP-20260921-0127""]",350
upright_replica,"[""UP-20260921-0128""]",350
upright_replica,"[""UP-20260922-0001""]",350
upright_replica,"[""UP-20260922-0002""]",350
upright_replica,"[""UP-20260922-0003""]",350
upright_replica,"[""UP-20260922-0004""]",350
upright_replica,"[""UP-20260922-0005""]",350
upright_replica,"[""UP-20260922-0006""]",350
upright_replica,"[""UP-20260922-0007""]",350
upright_replica,"[""UP-20260922-0008""]",350
upright_replica,"[""UP-20260922-0009""]",350
upright_replica,"[""UP-20260922-0010""]",350
upright_replica,"[""UP-20260922-0011""]",350
upright_replica,"[""UP-20260922-0012""]",350
upright_replica,"[""UP-20260922-0013""]",350
upright_replica,"[""UP-20260922-0014""]",350
upright_replica,"[""UP-20260922-0015""]",350
upright_replica,"[""UP-20260922-0016""]",350
upright_replica,"[""UP-20260922-0017""]",350
upright_replica,"[""UP-20260922-0018""]",350
upright_replica,"[""UP-20260922-0019""]",350
upright_replica,"[""UP-20260922-0020""]",350
upright_replica,"[""UP-20260922-0021""]",350
upright_replica,"[""UP-20260922-0022""]",350
upright_replica,"[""UP-20260922-0023""]",350
upright_replica,"[""UP-20260922-0024""]",350
upright_replica,"[""UP-20260922-0025""]",350
upright_replica,"[""UP-20260922-0026""]",350
upright_replica,"[""UP-20260922-0027""]",350
upright_replica,"[""UP-20260922-0028""]",350
upright_replica,"[""UP-20260922-0029""]",350
upright_replica,"[""UP-20260922-0030""]",350
upright_replica,"[""UP-20260922-0031""]",350
upright_replica,"[""UP-20260922-0032""]",350
upright_replica,"[""UP-20260922-0033""]",350
upright_replica,"[""UP-20260922-0034""]",350
upright_replica,"[""UP-20260922-0035""]",350
upright_replica,"[""UP-20260922-0036""]",350
upright_replica,"[""UP-20260922-0037""]",350
upright_replica,"[""UP-20260922-0038""]",350
upright_replica,"[""UP-20260922-0039""]",350
upright_replica,"[""UP-20260922-0040""]",350
upright_replica,"[""UP-20260922-0041""]",350
upright_replica,"[""UP-20260922-0042""]",350
upright_replica,"[""UP-20260922-0043""]",350
upright_replica,"[""UP-20260922-0044""]",350
upright_replica,"[""UP-20260922-0045""]",350
upright_replica,"[""UP-20260922-0046""]",350
upright_replica,"[""UP-20260922-0047""]",350
upright_replica,"[""UP-20260922-0048""]",350
upright_replica,"[""UP-20260922-0049""]",350
upright_replica,"[""UP-20260922-0050""]",350
upright_replica,"[""UP-20260922-0051""]",350
upright_replica,"[""UP-20260922-0052""]",350
upright_replica,"[""UP-20260922-0053""]",350
upright_replica,"[""UP-20260922-0054""]",350
upright_replica,"[""UP-20260922-0055""]",350
upright_replica,"[""UP-20260922-0056""]",350
upright_replica,"[""UP-20260922-0057""]",350
upright_replica,"[""UP-20260922-0058""]",350
upright_replica,"[""UP-20260922-0059""]",350
upright_replica,"[""UP-20260922-0060""]",350
upright_replica,"[""UP-20260922-0061""]",350
upright_replica,"[""UP-20260922-0062""]",350
upright_replica,"[""UP-20260922-0063""]",350
upright_replica,"[""UP-20260922-0064""]",350
upright_replica,"[""UP-20260922-0065""]",350
upright_replica,"[""UP-20260922-0066""]",350
upright_replica,"[""UP-20260922-0067""]",350
upright_replica,"[""UP-20260922-0068""]",350
upright_replica,"[""UP-20260922-0069""]",350
upright_replica,"[""UP-20260922-0070""]",350
upright_replica,"[""UP-20260922-0071""]",350
upright_replica,"[""UP-20260922-0072""]",350
upright_replica,"[""UP-20260922-0073""]",350
upright_replica,"[""UP-20260922-0074""]",350
upright_replica,"[""UP-20260922-0075""]",350
upright_replica,"[""UP-20260922-0076""]",350
upright_replica,"[""UP-20260922-0077""]",350
upright_replica,"[""UP-20260922-0078""]",350
upright_replica,"[""UP-20260922-0079""]",350
upright_replica,"[""UP-20260922-0080""]",350
upright_replica,"[""UP-20260922-0081""]",350
upright_replica,"[""UP-20260922-0082""]",350
upright_replica,"[""UP-20260922-0083""]",350
upright_replica,"[""UP-20260922-0084""]",350
upright_replica,"[""UP-20260922-0085""]",350
upright_replica,"[""UP-20260922-0086""]",350
upright_replica,"[""UP-20260922-0087""]",350
upright_replica,"[""UP-20260922-0088""]",350
upright_replica,"[""UP-20260922-0089""]",350
upright_replica,"[""UP-20260922-0090""]",350
upright_replica,"[""UP-20260922-0091""]",350
upright_replica,"[""UP-20260922-0092""]",350
upright_replica,"[""UP-20260922-0093""]",350
upright_replica,"[""UP-20260922-0094""]",350
upright_replica,"[""UP-20260922-0095""]",350
upright_replica,"[""UP-20260922-0096""]",350
upright_replica,"[""UP-20260922-0097""]",350
upright_replica,"[""UP-20260922-0098""]",350
upright_replica,"[""UP-20260922-0099""]",350
upright_replica,"[""UP-20260922-0100""]",350
upright_replica,"[""UP-20260922-0101""]",350
upright_replica,"[""UP-20260922-0102""]",350
upright_replica,"[""UP-20260922-0103""]",350
upright_replica,"[""UP-20260922-0104""]",350
upright_replica,"[""UP-20260922-0105""]",350
upright_replica,"[""UP-20260922-0106""]",350
upright_replica,"[""UP-20260922-0107""]",350
upright_replica,"[""UP-20260922-0108""]",350
upright_replica,"[""UP-20260922-0109""]",350
upright_replica,"[""UP-20260922-0110""]",350
upright_replica,"[""UP-20260922-0111""]",350
upright_replica,"[""UP-20260922-0112""]",350
upright_replica,"[""UP-20260922-0113""]",350
upright_replica,"[""UP-20260922-0114""]",350
upright_replica,"[""UP-20260922-0115""]",350
upright_replica,"[""UP-20260922-0116""]",350
upright_replica,"[""UP-20260922-0117""]",350
upright_replica,"[""UP-20260922-0118""]",350
upright_replica,"[""UP-20260922-0119""]",350
upright_replica,"[""UP-20260922-0120""]",350
upright_replica,"[""UP-20260922-0121""]",350
upright_replica,"[""UP-20260922-0122""]",350
upright_replica,"[""UP-20260922-0123""]",350
upright_replica,"[""UP-20260922-0124""]",350
upright_replica,"[""UP-20260922-0125""]",350
upright_replica,"[""UP-20260922-0126""]",350
upright_replica,"[""UP-20260922-0127""]",350
upright_replica,"[""UP-20260922-0128""]",350
upright_replica,"[""UP-20260923-0001""]",350
upright_replica,"[""UP-20260923-0002""]",350
upright_replica,"[""UP-20260923-0003""]",350
upright_replica,"[""UP-20260923-0004""]",350
upright_replica,"[""UP-20260923-0005""]",350
upright_replica,"[""UP-20260923-0006""]",350
upright_replica,"[""UP-20260923-0007""]",350
upright_replica,"[""UP-20260923-0008""]",350
upright_replica,"[""UP-20260923-0009""]",350
upright_replica,"[""UP-20260923-0010""]",350
upright_replica,"[""UP-20260923-0011""]",350
upright_replica,"[""UP-20260923-0012""]",350
upright_replica,"[""UP-20260923-0013""]",350
upright_replica,"[""UP-20260923-0014""]",350
upright_replica,"[""UP-20260923-0015""]",350
upright_replica,"[""UP-20260923-0016""]",350
upright_replica,"[""UP-20260923-0017""]",350
upright_replica,"[""UP-20260923-0018""]",350
upright_replica,"[""UP-20260923-0019""]",350
upright_replica,"[""UP-20260923-0020""]",350
upright_replica,"[""UP-20260923-0021""]",350
upright_replica,"[""UP-20260923-0022""]",350
upright_replica,"[""UP-20260923-0023""]",350
upright_replica,"[""UP-20260923-0024""]",350
upright_replica,"[""UP-20260923-0025""]",350
upright_replica,"[""UP-20260923-0026""]",350
upright_replica,"[""UP-20260923-0027""]",350
upright_replica,"[""UP-20260923-0028""]",350
upright_replica,"[""UP-20260923-0029""]",350
upright_replica,"[""UP-20260923-0030""]",350
upright_replica,"[""UP-20260923-0031""]",350
upright_replica,"[""UP-20260923-0032""]",350
upright_replica,"[""UP-20260923-0033""]",350
upright_replica,"[""UP-20260923-0034""]",350
upright_replica,"[""UP-20260923-0035""]",350
upright_replica,"[""UP-20260923-0036""]",350
upright_replica,"[""UP-20260923-0037""]",350
upright_replica,"[""UP-20260923-0038""]",350
upright_replica,"[""UP-20260923-0039""]",350
upright_replica,"[""UP-20260923-0040""]",350
upright_replica,"[""UP-20260923-0041""]",350
upright_replica,"[""UP-20260923-0042""]",350
upright_replica,"[""UP-20260923-0043""]",350
upright_replica,"[""UP-20260923-0044""]",350
upright_replica,"[""UP-20260923-0045""]",350
upright_replica,"[""UP-20260923-0046""]",350
upright_replica,"[""UP-20260923-0047""]",350
upright_replica,"[""UP-20260923-0048""]",350
upright_replica,"[""UP-20260923-0049""]",350
upright_replica,"[""UP-20260923-0050""]",350
upright_replica,"[""UP-20260923-0051""]",350
upright_replica,"[""UP-20260923-0052""]",350
upright_replica,"[""UP-20260923-0053""]",350
upright_replica,"[""UP-20260923-0054""]",350
upright_replica,"[""UP-20260923-0055""]",350
upright_replica,"[""UP-20260923-0056""]",350
upright_replica,"[""UP-20260923-0057""]",350
upright_replica,"[""UP-20260923-0058""]",350
upright_replica,"[""UP-20260923-0059""]",350
upright_replica,"[""UP-20260923-0060""]",350
upright_replica,"[""UP-20260923-0061""]",350
upright_replica,"[""UP-20260923-0062""]",350
upright_replica,"[""UP-20260923-0063""]",350
upright_replica,"[""UP-20260923-0064""]",350
upright_replica,"[""UP-20260923-0065""]",350
upright_replica,"[""UP-20260923-0066""]",350
upright_replica,"[""UP-20260923-0067""]",350
upright_replica,"[""UP-20260923-0068""]",350
upright_replica,"[""UP-20260923-0069""]",350
upright_replica,"[""UP-20260923-0070""]",350
upright_replica,"[""UP-20260923-0071""]",350
upright_replica,"[""UP-20260923-0072""]",350
upright_replica,"[""UP-20260923-0073""]",350
upright_replica,"[""UP-20260923-0074""]",350
upright_replica,"[""UP-20260923-0075""]",350
upright_replica,"[""UP-20260923-0076""]",350
upright_replica,"[""UP-20260923-0077""]",350
upright_replica,"[""UP-20260923-0078""]",350
upright_replica,"[""UP-20260923-0079""]",350
upright_replica,"[""UP-20260923-0080""]",350
upright_replica,"[""UP-20260923-0081""]",350
upright_replica,"[""UP-20260923-0082""]",350
upright_replica,"[""UP-20260923-0083""]",350
upright_replica,"[""UP-20260923-0084""]",350
upright_replica,"[""UP-20260923-0085""]",350
upright_replica,"[""UP-20260923-0086""]",350
upright_replica,"[""UP-20260923-0087""]",350
upright_replica,"[""UP-20260923-0088""]",350
upright_replica,"[""UP-20260923-0089""]",350
upright_replica,"[""UP-20260923-0090""]",350
upright_replica,"[""UP-20260923-0091""]",350
upright_replica,"[""UP-20260923-0092""]",350
upright_replica,"[""UP-20260923-0093""]",350
upright_replica,"[""UP-20260923-0094""]",350
upright_replica,"[""UP-20260923-0095""]",350
upright_replica,"[""UP-20260923-0096""]",350
upright_replica,"[""UP-20260923-0097""]",350
upright_replica,"[""UP-20260923-0098""]",350
upright_replica,"[""UP-20260923-0099""]",350
upright_replica,"[""UP-20260923-0100""]",350
upright_replica,"[""UP-20260923-0101""]",350
upright_replica,"[""UP-20260923-0102""]",350
upright_replica,"[""UP-20260923-0103""]",350
upright_replica,"[""UP-20260923-0104""]",350
upright_replica,"[""UP-20260923-0105""]",350
upright_replica,"[""UP-20260923-0106""]",350
upright_replica,"[""UP-20260923-0107""]",350
upright_replica,"[""UP-20260923-0108""]",350
upright_replica,"[""UP-20260923-0109""]",350
upright_replica,"[""UP-20260923-0110""]",350
upright_replica,"[""UP-20260923-0111""]",350
upright_replica,"[""UP-20260923-0112""]",350
upright_replica,"[""UP-20260923-0113""]",350
upright_replica,"[""UP-20260923-0114""]",350
upright_replica,"[""UP-20260923-0115""]",350
upright_replica,"[""UP-20260923-0116""]",350
upright_replica,"[""UP-20260923-0117""]",350
upright_replica,"[""UP-20260923-0118""]",350
upright_replica,"[""UP-20260923-0119""]",350
upright_replica,"[""UP-20260923-0120""]",350
upright_replica,"[""UP-20260923-0121""]",350
upright_replica,"[""UP-20260923-0122""]",350
upright_replica,"[""UP-20260923-0123""]",350
upright_replica,"[""UP-20260923-0124""]",350
upright_replica,"[""UP-20260923-0125""]",350
upright_replica,"[""UP-20260923-0126""]",350
upright_replica,"[""UP-20260923-0127""]",350
upright_replica,"[""UP-20260923-0128""]",350
upright_replica,"[""UP-20260924-0001""]",350
upright_replica,"[""UP-20260924-0002""]",350
upright_replica,"[""UP-20260924-0003""]",350
upright_replica,"[""UP-20260924-0004""]",350
upright_replica,"[""UP-20260924-0005""]",350
upright_replica,"[""UP-20260924-0006""]",350
upright_replica,"[""UP-20260924-0007""]",350
upright_replica,"[""UP-20260924-0008""]",350
upright_replica,"[""UP-20260924-0009""]",350
upright_replica,"[""UP-20260924-0010""]",350
upright_replica,"[""UP-20260924-0011""]",350
upright_replica,"[""UP-20260924-0012""]",350
upright_replica,"[""UP-20260924-0013""]",350
upright_replica,"[""UP-20260924-0014""]",350
upright_replica,"[""UP-20260924-0015""]",350
upright_replica,"[""UP-20260924-0016""]",350
upright_replica,"[""UP-20260924-0017""]",350
upright_replica,"[""UP-20260924-0018""]",350
upright_replica,"[""UP-20260924-0019""]",350
upright_replica,"[""UP-20260924-0020""]",350
upright_replica,"[""UP-20260924-0021""]",350
upright_replica,"[""UP-20260924-0022""]",350
upright_replica,"[""UP-20260924-0023""]",350
upright_replica,"[""UP-20260924-0024""]",350
upright_replica,"[""UP-20260924-0025""]",350
upright_replica,"[""UP-20260924-0026""]",350
upright_replica,"[""UP-20260924-0027""]",350
upright_replica,"[""UP-20260924-0028""]",350
upright_replica,"[""UP-20260924-0029""]",350
upright_replica,"[""UP-20260924-0030""]",350
upright_replica,"[""UP-20260924-0031""]",350
upright_replica,"[""UP-20260924-0032""]",350
upright_replica,"[""UP-20260924-0033""]",350
upright_replica,"[""UP-20260924-0034""]",350
upright_replica,"[""UP-20260924-0035""]",350
upright_replica,"[""UP-20260924-0036""]",350
upright_replica,"[""UP-20260924-0037""]",350
upright_replica,"[""UP-20260924-0038""]",350
upright_replica,"[""UP-20260924-0039""]",350
upright_replica,"[""UP-20260924-0040""]",350
upright_replica,"[""UP-20260924-0041""]",350
upright_replica,"[""UP-20260924-0042""]",350
upright_replica,"[""UP-20260924-0043""]",350
upright_replica,"[""UP-20260924-0044""]",350
upright_replica,"[""UP-20260924-0045""]",350
upright_replica,"[""UP-20260924-0046""]",350
upright_replica,"[""UP-20260924-0047""]",350
upright_replica,"[""UP-20260924-0048""]",350
upright_replica,"[""UP-20260924-0049""]",350
upright_replica,"[""UP-20260924-0050""]",350
upright_replica,"[""UP-20260924-0051""]",350
upright_replica,"[""UP-20260924-0052""]",350
upright_replica,"[""UP-20260924-0053""]",350
upright_replica,"[""UP-20260924-0054""]",350
upright_replica,"[""UP-20260924-0055""]",350
upright_replica,"[""UP-20260924-0056""]",350
upright_replica,"[""UP-20260924-0057""]",350
upright_replica,"[""UP-20260924-0058""]",350
upright_replica,"[""UP-20260924-0059""]",350
upright_replica,"[""UP-20260924-0060""]",350
upright_replica,"[""UP-20260924-0061""]",350
upright_replica,"[""UP-20260924-0062""]",350
upright_replica,"[""UP-20260924-0063""]",350
upright_replica,"[""UP-20260924-0064""]",350
upright_replica,"[""UP-20260924-0065""]",350
upright_replica,"[""UP-20260924-0066""]",350
upright_replica,"[""UP-20260924-0067""]",350
upright_replica,"[""UP-20260924-0068""]",350
upright_replica,"[""UP-20260924-0069""]",350
upright_replica,"[""UP-20260924-0070""]",350
upright_replica,"[""UP-20260924-0071""]",350
upright_replica,"[""UP-20260924-0072""]",350
upright_replica,"[""UP-20260924-0073""]",350
upright_replica,"[""UP-20260924-0074""]",350
upright_replica,"[""UP-20260924-0075""]",350
upright_replica,"[""UP-20260924-0076""]",350
upright_replica,"[""UP-20260924-0077""]",350
upright_replica,"[""UP-20260924-0078""]",350
upright_replica,"[""UP-20260924-0079""]",350
upright_replica,"[""UP-20260924-0080""]",350
upright_replica,"[""UP-20260924-0081""]",350
upright_replica,"[""UP-20260924-0082""]",350
upright_replica,"[""UP-20260924-0083""]",350
upright_replica,"[""UP-20260924-0084""]",350
upright_replica,"[""UP-20260924-0085""]",350
upright_replica,"[""UP-20260924-0086""]",350
upright_replica,"[""UP-20260924-0087""]",350
upright_replica,"[""UP-20260924-0088""]",350
upright_replica,"[""UP-20260924-0089""]",350
upright_replica,"[""UP-20260924-0090""]",350
upright_replica,"[""UP-20260924-0091""]",350
upright_replica,"[""UP-20260924-0092""]",350
upright_replica,"[""UP-20260924-0093""]",350
upright_replica,"[""UP-20260924-0094""]",350
upright_replica,"[""UP-20260924-0095""]",350
upright_replica,"[""UP-20260924-0096""]",350
upright_replica,"[""UP-20260924-0097""]",350
upright_replica,"[""UP-20260924-0098""]",350
upright_replica,"[""UP-20260924-0099""]",350
upright_replica,"[""UP-20260924-0100""]",350
upright_replica,"[""UP-20260924-0101""]",350
upright_replica,"[""UP-20260924-0102""]",350
upright_replica,"[""UP-20260924-0103""]",350
upright_replica,"[""UP-20260924-0104""]",350
upright_replica,"[""UP-20260924-0105""]",350
upright_replica,"[""UP-20260924-0106""]",350
upright_replica,"[""UP-20260924-0107""]",350
upright_replica,"[""UP-20260924-0108""]",350
upright_replica,"[""UP-20260924-0109""]",350
upright_replica,"[""UP-20260924-0110""]",350
upright_replica,"[""UP-20260924-0111""]",350
upright_replica,"[""UP-20260924-0112""]",350
upright_replica,"[""UP-20260924-0113""]",350
upright_replica,"[""UP-20260924-0114""]",350
upright_replica,"[""UP-20260924-0115""]",350
upright_replica,"[""UP-20260924-0116""]",350
upright_replica,"[""UP-20260924-0117""]",350
upright_replica,"[""UP-20260924-0118""]",350
upright_replica,"[""UP-20260924-0119""]",350
upright_replica,"[""UP-20260924-0120""]",350
upright_replica,"[""UP-20260924-0121""]",350
upright_replica,"[""UP-20260924-0122""]",350
upright_replica,"[""UP-20260924-0123""]",350
upright_replica,"[""UP-20260924-0124""]",350
upright_replica,"[""UP-20260924-0125""]",350
upright_replica,"[""UP-20260924-0126""]",350
upright_replica,"[""UP-20260924-0127""]",350
upright_replica,"[""UP-20260924-0128""]",350
upright_replica,"[""UP-20260925-0001""]",350
upright_replica,"[""UP-20260925-0002""]",350
upright_replica,"[""UP-20260925-0003""]",350
upright_replica,"[""UP-20260925-0004""]",350
upright_replica,"[""UP-20260925-0005""]",350
upright_replica,"[""UP-20260925-0006""]",350
upright_replica,"[""UP-20260925-0007""]",350
upright_replica,"[""UP-20260925-0008""]",350
upright_replica,"[""UP-20260925-0009""]",350
upright_replica,"[""UP-20260925-0010""]",350
upright_replica,"[""UP-20260925-0011""]",350
upright_replica,"[""UP-20260925-0012""]",350
upright_replica,"[""UP-20260925-0013""]",350
upright_replica,"[""UP-20260925-0014""]",350
upright_replica,"[""UP-20260925-0015""]",350
upright_replica,"[""UP-20260925-0016""]",350
upright_replica,"[""UP-20260925-0017""]",350
upright_replica,"[""UP-20260925-0018""]",350
upright_replica,"[""UP-20260925-0019""]",350
upright_replica,"[""UP-20260925-0020""]",350
upright_replica,"[""UP-20260925-0021""]",350
upright_replica,"[""UP-20260925-0022""]",350
upright_replica,"[""UP-20260925-0023""]",350
upright_replica,"[""UP-20260925-0024""]",350
upright_replica,"[""UP-20260925-0025""]",350
upright_replica,"[""UP-20260925-0026""]",350
upright_replica,"[""UP-20260925-0027""]",350
upright_replica,"[""UP-20260925-0028""]",350
upright_replica,"[""UP-20260925-0029""]",350
upright_replica,"[""UP-20260925-0030""]",350
upright_replica,"[""UP-20260925-0031""]",350
upright_replica,"[""UP-20260925-0032""]",350
upright_replica,"[""UP-20260925-0033""]",350
upright_replica,"[""UP-20260925-0034""]",350
upright_replica,"[""UP-20260925-0035""]",350
upright_replica,"[""UP-20260925-0036""]",350
upright_replica,"[""UP-20260925-0037""]",350
upright_replica,"[""UP-20260925-0038""]",350
upright_replica,"[""UP-20260925-0039""]",350
upright_replica,"[""UP-20260925-0040""]",350
upright_replica,"[""UP-20260925-0041""]",350
upright_replica,"[""UP-20260925-0042""]",350
upright_replica,"[""UP-20260925-0043""]",350
upright_replica,"[""UP-20260925-0044""]",350
upright_replica,"[""UP-20260925-0045""]",350
upright_replica,"[""UP-20260925-0046""]",350
upright_replica,"[""UP-20260925-0047""]",350
upright_replica,"[""UP-20260925-0048""]",350
upright_replica,"[""UP-20260925-0049""]",350
upright_replica,"[""UP-20260925-0050""]",350
upright_replica,"[""UP-20260925-0051""]",350
upright_replica,"[""UP-20260925-0052""]",350
upright_replica,"[""UP-20260925-0053""]",350
upright_replica,"[""UP-20260925-0054""]",350
upright_replica,"[""UP-20260925-0055""]",350
upright_replica,"[""UP-20260925-0056""]",350
upright_replica,"[""UP-20260925-0057""]",350
upright_replica,"[""UP-20260925-0058""]",350
upright_replica,"[""UP-20260925-0059""]",350
upright_replica,"[""UP-20260925-0060""]",350
upright_replica,"[""UP-20260925-0061""]",350
upright_replica,"[""UP-20260925-0062""]",350
upright_replica,"[""UP-20260925-0063""]",350
upright_replica,"[""UP-20260925-0064""]",350
upright_replica,"[""UP-20260925-0065""]",350
upright_replica,"[""UP-20260925-0066""]",350
upright_replica,"[""UP-20260925-0067""]",350
upright_replica,"[""UP-20260925-0068""]",350
upright_replica,"[""UP-20260925-0069""]",350
upright_replica,"[""UP-20260925-0070""]",350
upright_replica,"[""UP-20260925-0071""]",350
upright_replica,"[""UP-20260925-0072""]",350
upright_replica,"[""UP-20260925-0073""]",350
upright_replica,"[""UP-20260925-0074""]",350
upright_replica,"[""UP-20260925-0075""]",350
upright_replica,"[""UP-20260925-0076""]",350
upright_replica,"[""UP-20260925-0077""]",350
upright_replica,"[""UP-20260925-0078""]",350
upright_replica,"[""UP-20260925-0079""]",350
upright_replica,"[""UP-20260925-0080""]",350
upright_replica,"[""UP-20260925-0081""]",350
upright_replica,"[""UP-20260925-0082""]",350
upright_replica,"[""UP-20260925-0083""]",350
upright_replica,"[""UP-20260925-0084""]",350
upright_replica,"[""UP-20260925-0085""]",350
upright_replica,"[""UP-20260925-0086""]",350
upright_replica,"[""UP-20260925-0087""]",350
upright_replica,"[""UP-20260925-0088""]",350
upright_replica,"[""UP-20260925-0089""]",350
upright_replica,"[""UP-20260925-0090""]",350
upright_replica,"[""UP-20260925-0091""]",350
upright_replica,"[""UP-20260925-0092""]",350
upright_replica,"[""UP-20260925-0093""]",350
upright_replica,"[""UP-20260925-0094""]",350
upright_replica,"[""UP-20260925-0095""]",350
upright_replica,"[""UP-20260925-0096""]",350
upright_replica,"[""UP-20260925-0097""]",350
upright_replica,"[""UP-20260925-0098""]",350
upright_replica,"[""UP-20260925-0099""]",350
upright_replica,"[""UP-20260925-0100""]",350
upright_replica,"[""UP-20260925-0101""]",350
upright_replica,"[""UP-20260925-0102""]",350
upright_replica,"[""UP-20260925-0103""]",350
upright_replica,"[""UP-20260925-0104""]",350
upright_replica,"[""UP-20260925-0105""]",350
upright_replica,"[""UP-20260925-0106""]",350
upright_replica,"[""UP-20260925-0107""]",350
upright_replica,"[""UP-20260925-0108""]",350
upright_replica,"[""UP-20260925-0109""]",350
upright_replica,"[""UP-20260925-0110""]",350
upright_replica,"[""UP-20260925-0111""]",350
upright_replica,"[""UP-20260925-0112""]",350
upright_replica,"[""UP-20260925-0113""]",350
upright_replica,"[""UP-20260925-0114""]",350
upright_replica,"[""UP-20260925-0115""]",350
upright_replica,"[""UP-20260925-0116""]",350
upright_replica,"[""UP-20260925-0117""]",350
upright_replica,"[""UP-20260925-0118""]",350
upright_replica,"[""UP-20260925-0119""]",350
upright_replica,"[""UP-20260925-0120""]",350
upright_replica,"[""UP-20260925-0121""]",350
upright_replica,"[""UP-20260925-0122""]",350
upright_replica,"[""UP-20260925-0123""]",350
upright_replica,"[""UP-20260925-0124""]",350
upright_replica,"[""UP-20260925-0125""]",350
upright_replica,"[""UP-20260925-0126""]",350
upright_replica,"[""UP-20260925-0127""]",350
upright_replica,"[""UP-20260925-0128""]",350
upright_replica,"[""UP-20260926-0001""]",350
upright_replica,"[""UP-20260926-0002""]",350
upright_replica,"[""UP-20260926-0003""]",350
upright_replica,"[""UP-20260926-0004""]",350
upright_replica,"[""UP-20260926-0005""]",350
upright_replica,"[""UP-20260926-0006""]",350
upright_replica,"[""UP-20260926-0007""]",350
upright_replica,"[""UP-20260926-0008""]",350
upright_replica,"[""UP-20260926-0009""]",350
upright_replica,"[""UP-20260926-0010""]",350
upright_replica,"[""UP-20260926-0011""]",350
upright_replica,"[""UP-20260926-0012""]",350
upright_replica,"[""UP-20260926-0013""]",350
upright_replica,"[""UP-20260926-0014""]",350
upright_replica,"[""UP-20260926-0015""]",350
upright_replica,"[""UP-20260926-0016""]",350
upright_replica,"[""UP-20260926-0017""]",350
upright_replica,"[""UP-20260926-0018""]",350
upright_replica,"[""UP-20260926-0019""]",350
upright_replica,"[""UP-20260926-0020""]",350
upright_replica,"[""UP-20260926-0021""]",350
upright_replica,"[""UP-20260926-0022""]",350
upright_replica,"[""UP-20260926-0023""]",350
upright_replica,"[""UP-20260926-0024""]",350
upright_replica,"[""UP-20260926-0025""]",350
upright_replica,"[""UP-20260926-0026""]",350
upright_replica,"[""UP-20260926-0027""]",350
upright_replica,"[""UP-20260926-0028""]",350
upright_replica,"[""UP-20260926-0029""]",350
upright_replica,"[""UP-20260926-0030""]",350
upright_replica,"[""UP-20260926-0031""]",350
upright_replica,"[""UP-20260926-0032""]",350
upright_replica,"[""UP-20260926-0033""]",350
upright_replica,"[""UP-20260926-0034""]",350
upright_replica,"[""UP-20260926-0035""]",350
upright_replica,"[""UP-20260926-0036""]",350
upright_replica,"[""UP-20260926-0037""]",350
upright_replica,"[""UP-20260926-0038""]",350
upright_replica,"[""UP-20260926-0039""]",350
upright_replica,"[""UP-20260926-0040""]",350
upright_replica,"[""UP-20260926-0041""]",350
upright_replica,"[""UP-20260926-0042""]",350
upright_replica,"[""UP-20260926-0043""]",350
upright_replica,"[""UP-20260926-0044""]",350
upright_replica,"[""UP-20260926-0045""]",350
upright_replica,"[""UP-20260926-0046""]",350
upright_replica,"[""UP-20260926-0047""]",350
upright_replica,"[""UP-20260926-0048""]",350
upright_replica,"[""UP-20260926-0049""]",350
upright_replica,"[""UP-20260926-0050""]",350
upright_replica,"[""UP-20260926-0051""]",350
upright_replica,"[""UP-20260926-0052""]",350
upright_replica,"[""UP-20260926-0053""]",350
upright_replica,"[""UP-20260926-0054""]",350
upright_replica,"[""UP-20260926-0055""]",350
upright_replica,"[""UP-20260926-0056""]",350
upright_replica,"[""UP-20260926-0057""]",350
upright_replica,"[""UP-20260926-0058""]",350
upright_replica,"[""UP-20260926-0059""]",350
upright_replica,"[""UP-20260926-0060""]",350
upright_replica,"[""UP-20260926-0061""]",350
upright_replica,"[""UP-20260926-0062""]",350
upright_replica,"[""UP-20260926-0063""]",350
upright_replica,"[""UP-20260926-0064""]",350
upright_replica,"[""UP-20260926-0065""]",350
upright_replica,"[""UP-20260926-0066""]",350
upright_replica,"[""UP-20260926-0067""]",350
upright_replica,"[""UP-20260926-0068""]",350
upright_replica,"[""UP-20260926-0069""]",350
upright_replica,"[""UP-20260926-0070""]",350
upright_replica,"[""UP-20260926-0071""]",350
upright_replica,"[""UP-20260926-0072""]",350
upright_replica,"[""UP-20260926-0073""]",350
upright_replica,"[""UP-20260926-0074""]",350
upright_replica,"[""UP-20260926-0075""]",350
upright_replica,"[""UP-20260926-0076""]",350
upright_replica,"[""UP-20260926-0077""]",350
upright_replica,"[""UP-20260926-0078""]",350
upright_replica,"[""UP-20260926-0079""]",350
upright_replica,"[""UP-20260926-0080""]",350
upright_replica,"[""UP-20260926-0081""]",350
upright_replica,"[""UP-20260926-0082""]",350
upright_replica,"[""UP-20260926-0083""]",350
upright_replica,"[""UP-20260926-0084""]",350
upright_replica,"[""UP-20260926-0085""]",350
upright_replica,"[""UP-20260926-0086""]",350
upright_replica,"[""UP-20260926-0087""]",350
upright_replica,"[""UP-20260926-0088""]",350
upright_replica,"[""UP-20260926-0089""]",350
upright_replica,"[""UP-20260926-0090""]",350
upright_replica,"[""UP-20260926-0091""]",350
upright_replica,"[""UP-20260926-0092""]",350
upright_replica,"[""UP-20260926-0093""]",350
upright_replica,"[""UP-20260926-0094""]",350
upright_replica,"[""UP-20260926-0095""]",350
upright_replica,"[""UP-20260926-0096""]",350
upright_replica,"[""UP-20260926-0097""]",350
upright_replica,"[""UP-20260926-0098""]",350
upright_replica,"[""UP-20260926-0099""]",350
upright_replica,"[""UP-20260926-0100""]",350
upright_replica,"[""UP-20260926-0101""]",350
upright_replica,"[""UP-20260926-0102""]",350
upright_replica,"[""UP-20260926-0103""]",350
upright_replica,"[""UP-20260926-0104""]",350
upright_replica,"[""UP-20260926-0105""]",350
upright_replica,"[""UP-20260926-0106""]",350
upright_replica,"[""UP-20260926-0107""]",350
upright_replica,"[""UP-20260926-0108""]",350
upright_replica,"[""UP-20260926-0109""]",350
upright_replica,"[""UP-20260926-0110""]",350
upright_replica,"[""UP-20260926-0111""]",350
upright_replica,"[""UP-20260926-0112""]",350
upright_replica,"[""UP-20260926-0113""]",350
upright_replica,"[""UP-20260926-0114""]",350
upright_replica,"[""UP-20260926-0115""]",350
upright_replica,"[""UP-20260926-0116""]",350
upright_replica,"[""UP-20260926-0117""]",350
upright_replica,"[""UP-20260926-0118""]",350
upright_replica,"[""UP-20260926-0119""]",350
upright_replica,"[""UP-20260926-0120""]",350
upright_replica,"[""UP-20260926-0121""]",350
upright_replica,"[""UP-20260926-0122""]",350
upright_replica,"[""UP-20260926-0123""]",350
upright_replica,"[""UP-20260926-0124""]",350
upright_replica,"[""UP-20260926-0125""]",350
upright_replica,"[""UP-20260926-0126""]",350
upright_replica,"[""UP-20260926-0127""]",350
upright_replica,"[""UP-20260926-0128""]",350
upright_replica,"[""UP-20260927-0001""]",350
upright_replica,"[""UP-20260927-0002""]",350
upright_replica,"[""UP-20260927-0003""]",350
upright_replica,"[""UP-20260927-0004""]",350
upright_replica,"[""UP-20260927-0005""]",350
upright_replica,"[""UP-20260927-0006""]",350
upright_replica,"[""UP-20260927-0007""]",350
upright_replica,"[""UP-20260927-0008""]",350
upright_replica,"[""UP-20260927-0009""]",350
upright_replica,"[""UP-20260927-0010""]",350
upright_replica,"[""UP-20260927-0011""]",350
upright_replica,"[""UP-20260927-0012""]",350
upright_replica,"[""UP-20260927-0013""]",350
upright_replica,"[""UP-20260927-0014""]",350
upright_replica,"[""UP-20260927-0015""]",350
upright_replica,"[""UP-20260927-0016""]",350
upright_replica,"[""UP-20260927-0017""]",350
upright_replica,"[""UP-20260927-0018""]",350
upright_replica,"[""UP-20260927-0019""]",350
upright_replica,"[""UP-20260927-0020""]",350
upright_replica,"[""UP-20260927-0021""]",350
upright_replica,"[""UP-20260927-0022""]",350
upright_replica,"[""UP-20260927-0023""]",350
upright_replica,"[""UP-20260927-0024""]",350
upright_replica,"[""UP-20260927-0025""]",350
upright_replica,"[""UP-20260927-0026""]",350
upright_replica,"[""UP-20260927-0027""]",350
upright_replica,"[""UP-20260927-0028""]",350
upright_replica,"[""UP-20260927-0029""]",350
upright_replica,"[""UP-20260927-0030""]",350
upright_replica,"[""UP-20260927-0031""]",350
upright_replica,"[""UP-20260927-0032""]",350
upright_replica,"[""UP-20260927-0033""]",350
upright_replica,"[""UP-20260927-0034""]",350
upright_replica,"[""UP-20260927-0035""]",350
upright_replica,"[""UP-20260927-0036""]",350
upright_replica,"[""UP-20260927-0037""]",350
upright_replica,"[""UP-20260927-0038""]",350
upright_replica,"[""UP-20260927-0039""]",350
upright_replica,"[""UP-20260927-0040""]",350
upright_replica,"[""UP-20260927-0041""]",350
upright_replica,"[""UP-20260927-0042""]",350
upright_replica,"[""UP-20260927-0043""]",350
upright_replica,"[""UP-20260927-0044""]",350
upright_replica,"[""UP-20260927-0045""]",350
upright_replica,"[""UP-20260927-0046""]",350
upright_replica,"[""UP-20260927-0047""]",350
upright_replica,"[""UP-20260927-0048""]",350
upright_replica,"[""UP-20260927-0049""]",350
upright_replica,"[""UP-20260927-0050""]",350
upright_replica,"[""UP-20260927-0051""]",350
upright_replica,"[""UP-20260927-0052""]",350
upright_replica,"[""UP-20260927-0053""]",350
upright_replica,"[""UP-20260927-0054""]",350
upright_replica,"[""UP-20260927-0055""]",350
upright_replica,"[""UP-20260927-0056""]",350
upright_replica,"[""UP-20260927-0057""]",350
upright_replica,"[""UP-20260927-0058""]",350
upright_replica,"[""UP-20260927-0059""]",350
upright_replica,"[""UP-20260927-0060""]",350
upright_replica,"[""UP-20260927-0061""]",350
upright_replica,"[""UP-20260927-0062""]",350
upright_replica,"[""UP-20260927-0063""]",350
upright_replica,"[""UP-20260927-0064""]",350
upright_replica,"[""UP-20260927-0065""]",350
upright_replica,"[""UP-20260927-0066""]",350
upright_replica,"[""UP-20260927-0067""]",350
upright_replica,"[""UP-20260927-0068""]",350
upright_replica,"[""UP-20260927-0069""]",350
upright_replica,"[""UP-20260927-0070""]",350
upright_replica,"[""UP-20260927-0071""]",350
upright_replica,"[""UP-20260927-0072""]",350
upright_replica,"[""UP-20260927-0073""]",350
upright_replica,"[""UP-20260927-0074""]",350
upright_replica,"[""UP-20260927-0075""]",350
upright_replica,"[""UP-20260927-0076""]",350
upright_replica,"[""UP-20260927-0077""]",350
upright_replica,"[""UP-20260927-0078""]",350
upright_replica,"[""UP-20260927-0079""]",350
upright_replica,"[""UP-20260927-0080""]",350
upright_replica,"[""UP-20260927-0081""]",350
upright_replica,"[""UP-20260927-0082""]",350
upright_replica,"[""UP-20260927-0083""]",350
upright_replica,"[""UP-20260927-0084""]",350
upright_replica,"[""UP-20260927-0085""]",350
upright_replica,"[""UP-20260927-0086""]",350
upright_replica,"[""UP-20260927-0087""]",350
upright_replica,"[""UP-20260927-0088""]",350
upright_replica,"[""UP-20260927-0089""]",350
upright_replica,"[""UP-20260927-0090""]",350
upright_replica,"[""UP-20260927-0091""]",350
upright_replica,"[""UP-20260927-0092""]",350
upright_replica,"[""UP-20260927-0093""]",350
upright_replica,"[""UP-20260927-0094""]",350
upright_replica,"[""UP-20260927-0095""]",350
upright_replica,"[""UP-20260927-0096""]",350
upright_replica,"[""UP-20260927-0097""]",350
upright_replica,"[""UP-20260927-0098""]",350
upright_replica,"[""UP-20260927-0099""]",350
upright_replica,"[""UP-20260927-0100""]",350
upright_replica,"[""UP-20260927-0101""]",350
upright_replica,"[""UP-20260927-0102""]",350
upright_replica,"[""UP-20260927-0103""]",350
upright_replica,"[""UP-20260927-0104""]",350
upright_replica,"[""UP-20260927-0105""]",350
upright_replica,"[""UP-20260927-0106""]",350
upright_replica,"[""UP-20260927-0107""]",350
upright_replica,"[""UP-20260927-0108""]",350
upright_replica,"[""UP-20260927-0109""]",350
upright_replica,"[""UP-20260927-0110""]",350
upright_replica,"[""UP-20260927-0111""]",350
upright_replica,"[""UP-20260927-0112""]",350
upright_replica,"[""UP-20260927-0113""]",350
upright_replica,"[""UP-20260927-0114""]",350
upright_replica,"[""UP-20260927-0115""]",350
upright_replica,"[""UP-20260927-0116""]",350
upright_replica,"[""UP-20260927-0117""]",350
upright_replica,"[""UP-20260927-0118""]",350
upright_replica,"[""UP-20260927-0119""]",350
upright_replica,"[""UP-20260927-0120""]",350
upright_replica,"[""UP-20260927-0121""]",350
upright_replica,"[""UP-20260927-0122""]",350
upright_replica,"[""UP-20260927-0123""]",350
upright_replica,"[""UP-20260927-0124""]",350
upright_replica,"[""UP-20260927-0125""]",350
upright_replica,"[""UP-20260927-0126""]",350
upright_replica,"[""UP-20260927-0127""]",350
upright_replica,"[""UP-20260927-0128""]",350
upright_replica,"[""UP-20260928-0001""]",350
upright_replica,"[""UP-20260928-0002""]",350
upright_replica,"[""UP-20260928-0003""]",350
upright_replica,"[""UP-20260928-0004""]",350
upright_replica,"[""UP-20260928-0005""]",350
upright_replica,"[""UP-20260928-0006""]",350
upright_replica,"[""UP-20260928-0007""]",350
upright_replica,"[""UP-20260928-0008""]",350
upright_replica,"[""UP-20260928-0009""]",350
upright_replica,"[""UP-20260928-0010""]",350
upright_replica,"[""UP-20260928-0011""]",350
upright_replica,"[""UP-20260928-0012""]",350
upright_replica,"[""UP-20260928-0013""]",350
upright_replica,"[""UP-20260928-0014""]",350
upright_replica,"[""UP-20260928-0015""]",350
upright_replica,"[""UP-20260928-0016""]",350
upright_replica,"[""UP-20260928-0017""]",350
upright_replica,"[""UP-20260928-0018""]",350
upright_replica,"[""UP-20260928-0019""]",350
upright_replica,"[""UP-20260928-0020""]",350
upright_replica,"[""UP-20260928-0021""]",350
upright_replica,"[""UP-20260928-0022""]",350
upright_replica,"[""UP-20260928-0023""]",350
upright_replica,"[""UP-20260928-0024""]",350
upright_replica,"[""UP-20260928-0025""]",350
upright_replica,"[""UP-20260928-0026""]",350
upright_replica,"[""UP-20260928-0027""]",350
upright_replica,"[""UP-20260928-0028""]",350
upright_replica,"[""UP-20260928-0029""]",350
upright_replica,"[""UP-20260928-0030""]",350
upright_replica,"[""UP-20260928-0031""]",350
upright_replica,"[""UP-20260928-0032""]",350
upright_replica,"[""UP-20260928-0033""]",350
upright_replica,"[""UP-20260928-0034""]",350
upright_replica,"[""UP-20260928-0035""]",350
upright_replica,"[""UP-20260928-0036""]",350
upright_replica,"[""UP-20260928-0037""]",350
upright_replica,"[""UP-20260928-0038""]",350
upright_replica,"[""UP-20260928-0039""]",350
upright_replica,"[""UP-20260928-0040""]",350
upright_replica,"[""UP-20260928-0041""]",350
upright_replica,"[""UP-20260928-0042""]",350
upright_replica,"[""UP-20260928-0043""]",350
upright_replica,"[""UP-20260928-0044""]",350
upright_replica,"[""UP-20260928-0045""]",350
upright_replica,"[""UP-20260928-0046""]",350
upright_replica,"[""UP-20260928-0047""]",350
upright_replica,"[""UP-20260928-0048""]",350
upright_replica,"[""UP-20260928-0049""]",350
upright_replica,"[""UP-20260928-0050""]",350
upright_replica,"[""UP-20260928-0051""]",350
upright_replica,"[""UP-20260928-0052""]",350
upright_replica,"[""UP-20260928-0053""]",350
upright_replica,"[""UP-20260928-0054""]",350
upright_replica,"[""UP-20260928-0055""]",350
upright_replica,"[""UP-20260928-0056""]",350
upright_replica,"[""UP-20260928-0057""]",350
upright_replica,"[""UP-20260928-0058""]",350
upright_replica,"[""UP-20260928-0059""]",350
upright_replica,"[""UP-20260928-0060""]",350
upright_replica,"[""UP-20260928-0061""]",350
upright_replica,"[""UP-20260928-0062""]",350
upright_replica,"[""UP-20260928-0063""]",350
upright_replica,"[""UP-20260928-0064""]",350
upright_replica,"[""UP-20260928-0065""]",350
upright_replica,"[""UP-20260928-0066""]",350
upright_replica,"[""UP-20260928-0067""]",350
upright_replica,"[""UP-20260928-0068""]",350
upright_replica,"[""UP-20260928-0069""]",350
upright_replica,"[""UP-20260928-0070""]",350
upright_replica,"[""UP-20260928-0071""]",350
upright_replica,"[""UP-20260928-0072""]",350
upright_replica,"[""UP-20260928-0073""]",350
upright_replica,"[""UP-20260928-0074""]",350
upright_replica,"[""UP-20260928-0075""]",350
upright_replica,"[""UP-20260928-0076""]",350
upright_replica,"[""UP-20260928-0077""]",350
upright_replica,"[""UP-20260928-0078""]",350
upright_replica,"[""UP-20260928-0079""]",350
upright_replica,"[""UP-20260928-0080""]",350
upright_replica,"[""UP-20260928-0081""]",350
upright_replica,"[""UP-20260928-0082""]",350
upright_replica,"[""UP-20260928-0083""]",350
upright_replica,"[""UP-20260928-0084""]",350
upright_replica,"[""UP-20260928-0085""]",350
upright_replica,"[""UP-20260928-0086""]",350
upright_replica,"[""UP-20260928-0087""]",350
upright_replica,"[""UP-20260928-0088""]",350
upright_replica,"[""UP-20260928-0089""]",350
upright_replica,"[""UP-20260928-0090""]",350
upright_replica,"[""UP-20260928-0091""]",350
upright_replica,"[""UP-20260928-0092""]",350
upright_replica,"[""UP-20260928-0093""]",350
upright_replica,"[""UP-20260928-0094""]",350
upright_replica,"[""UP-20260928-0095""]",350
upright_replica,"[""UP-20260928-0096""]",350
upright_replica,"[""UP-20260928-0097""]",350
upright_replica,"[""UP-20260928-0098""]",350
upright_replica,"[""UP-20260928-0099""]",350
upright_replica,"[""UP-20260928-0100""]",350
upright_replica,"[""UP-20260928-0101""]",350
upright_replica,"[""UP-20260928-0102""]",350
upright_replica,"[""UP-20260928-0103""]",350
upright_replica,"[""UP-20260928-0104""]",350
upright_replica,"[""UP-20260928-0105""]",350
upright_replica,"[""UP-20260928-0106""]",350
upright_replica,"[""UP-20260928-0107""]",350
upright_replica,"[""UP-20260928-0108""]",350
upright_replica,"[""UP-20260928-0109""]",350
upright_replica,"[""UP-20260928-0110""]",350
upright_replica,"[""UP-20260928-0111""]",350
upright_replica,"[""UP-20260928-0112""]",350
upright_replica,"[""UP-20260928-0113""]",350
upright_replica,"[""UP-20260928-0114""]",350
upright_replica,"[""UP-20260928-0115""]",350
upright_replica,"[""UP-20260928-0116""]",350
upright_replica,"[""UP-20260928-0117""]",350
upright_replica,"[""UP-20260928-0118""]",350
upright_replica,"[""UP-20260928-0119""]",350
upright_replica,"[""UP-20260928-0120""]",350
upright_replica,"[""UP-20260928-0121""]",350
upright_replica,"[""UP-20260928-0122""]",350
upright_replica,"[""UP-20260928-0123""]",350
upright_replica,"[""UP-20260928-0124""]",350
upright_replica,"[""UP-20260928-0125""]",350
upright_replica,"[""UP-20260928-0126""]",350
upright_replica,"[""UP-20260928-0127""]",350
upright_replica,"[""UP-20260928-0128""]",350
upright_replica,"[""UP-20260929-0001""]",350
upright_replica,"[""UP-20260929-0002""]",350
upright_replica,"[""UP-20260929-0003""]",350
upright_replica,"[""UP-20260929-0004""]",350
upright_replica,"[""UP-20260929-0005""]",350
upright_replica,"[""UP-20260929-0006""]",350
upright_replica,"[""UP-20260929-0007""]",350
upright_replica,"[""UP-20260929-0008""]",350
upright_replica,"[""UP-20260929-0009""]",350
upright_replica,"[""UP-20260929-0010""]",350
upright_replica,"[""UP-20260929-0011""]",350
upright_replica,"[""UP-20260929-0012""]",350
upright_replica,"[""UP-20260929-0013""]",350
upright_replica,"[""UP-20260929-0014""]",350
upright_replica,"[""UP-20260929-0015""]",350
upright_replica,"[""UP-20260929-0016""]",350
upright_replica,"[""UP-20260929-0017""]",350
upright_replica,"[""UP-20260929-0018""]",350
upright_replica,"[""UP-20260929-0019""]",350
upright_replica,"[""UP-20260929-0020""]",350
upright_replica,"[""UP-20260929-0021""]",350
upright_replica,"[""UP-20260929-0022""]",350
upright_replica,"[""UP-20260929-0023""]",350
upright_replica,"[""UP-20260929-0024""]",350
upright_replica,"[""UP-20260929-0025""]",350
upright_replica,"[""UP-20260929-0026""]",350
upright_replica,"[""UP-20260929-0027""]",350
upright_replica,"[""UP-20260929-0028""]",350
upright_replica,"[""UP-20260929-0029""]",350
upright_replica,"[""UP-20260929-0030""]",350
upright_replica,"[""UP-20260929-0031""]",350
upright_replica,"[""UP-20260929-0032""]",350
upright_replica,"[""UP-20260929-0033""]",350
upright_replica,"[""UP-20260929-0034""]",350
upright_replica,"[""UP-20260929-0035""]",350
upright_replica,"[""UP-20260929-0036""]",350
upright_replica,"[""UP-20260929-0037""]",350
upright_replica,"[""UP-20260929-0038""]",350
upright_replica,"[""UP-20260929-0039""]",350
upright_replica,"[""UP-20260929-0040""]",350
upright_replica,"[""UP-20260929-0041""]",350
upright_replica,"[""UP-20260929-0042""]",350
upright_replica,"[""UP-20260929-0043""]",350
upright_replica,"[""UP-20260929-0044""]",350
upright_replica,"[""UP-20260929-0045""]",350
upright_replica,"[""UP-20260929-0046""]",350
upright_replica,"[""UP-20260929-0047""]",350
upright_replica,"[""UP-20260929-0048""]",350
upright_replica,"[""UP-20260929-0049""]",350
upright_replica,"[""UP-20260929-0050""]",350
upright_replica,"[""UP-20260929-0051""]",350
upright_replica,"[""UP-20260929-0052""]",350
upright_replica,"[""UP-20260929-0053""]",350
upright_replica,"[""UP-20260929-0054""]",350
upright_replica,"[""UP-20260929-0055""]",350
upright_replica,"[""UP-20260929-0056""]",350
upright_replica,"[""UP-20260929-0057""]",350
upright_replica,"[""UP-20260929-0058""]",350
upright_replica,"[""UP-20260929-0059""]",350
upright_replica,"[""UP-20260929-0060""]",350
upright_replica,"[""UP-20260929-0061""]",350
upright_replica,"[""UP-20260929-0062""]",350
upright_replica,"[""UP-20260929-0063""]",350
upright_replica,"[""UP-20260929-0064""]",350
upright_replica,"[""UP-20260929-0065""]",350
upright_replica,"[""UP-20260929-0066""]",350
upright_replica,"[""UP-20260929-0067""]",350
upright_replica,"[""UP-20260929-0068""]",350
upright_replica,"[""UP-20260929-0069""]",350
upright_replica,"[""UP-20260929-0070""]",350
upright_replica,"[""UP-20260929-0071""]",350
upright_replica,"[""UP-20260929-0072""]",350
upright_replica,"[""UP-20260929-0073""]",350
upright_replica,"[""UP-20260929-0074""]",350
upright_replica,"[""UP-20260929-0075""]",350
upright_replica,"[""UP-20260929-0076""]",350
upright_replica,"[""UP-20260929-0077""]",350
upright_replica,"[""UP-20260929-0078""]",350
upright_replica,"[""UP-20260929-0079""]",350
upright_replica,"[""UP-20260929-0080""]",350
upright_replica,"[""UP-20260929-0081""]",350
upright_replica,"[""UP-20260929-0082""]",350
upright_replica,"[""UP-20260929-0083""]",350
upright_replica,"[""UP-20260929-0084""]",350
upright_replica,"[""UP-20260929-0085""]",350
upright_replica,"[""UP-20260929-0086""]",350
upright_replica,"[""UP-20260929-0087""]",350
upright_replica,"[""UP-20260929-0088""]",350
upright_replica,"[""UP-20260929-0089""]",350
upright_replica,"[""UP-20260929-0090""]",350
upright_replica,"[""UP-20260929-0091""]",350
upright_replica,"[""UP-20260929-0092""]",350
upright_replica,"[""UP-20260929-0093""]",350
upright_replica,"[""UP-20260929-0094""]",350
upright_replica,"[""UP-20260929-0095""]",350
upright_replica,"[""UP-20260929-0096""]",350
upright_replica,"[""UP-20260929-0097""]",350
upright_replica,"[""UP-20260929-0098""]",350
upright_replica,"[""UP-20260929-0099""]",350
upright_replica,"[""UP-20260929-0100""]",350
upright_replica,"[""UP-20260929-0101""]",350
upright_replica,"[""UP-20260929-0102""]",350
upright_replica,"[""UP-20260929-0103""]",350
upright_replica,"[""UP-20260929-0104""]",350
upright_replica,"[""UP-20260929-0105""]",350
upright_replica,"[""UP-20260929-0106""]",350
upright_replica,"[""UP-20260929-0107""]",350
upright_replica,"[""UP-20260929-0108""]",350
upright_replica,"[""UP-20260929-0109""]",350
upright_replica,"[""UP-20260929-0110""]",350
upright_replica,"[""UP-20260929-0111""]",350
upright_replica,"[""UP-20260929-0112""]",350
upright_replica,"[""UP-20260929-0113""]",350
upright_replica,"[""UP-20260929-0114""]",350
upright_replica,"[""UP-20260929-0115""]",350
upright_replica,"[""UP-20260929-0116""]",350
upright_replica,"[""UP-20260929-0117""]",350
upright_replica,"[""UP-20260929-0118""]",350
upright_replica,"[""UP-20260929-0119""]",350
upright_replica,"[""UP-20260929-0120""]",350
upright_replica,"[""UP-20260929-0121""]",350
upright_replica,"[""UP-20260929-0122""]",350
upright_replica,"[""UP-20260929-0123""]",350
upright_replica,"[""UP-20260929-0124""]",350
upright_replica,"[""UP-20260929-0125""]",350
upright_replica,"[""UP-20260929-0126""]",350
upright_replica,"[""UP-20260929-0127""]",350
upright_replica,"[""UP-20260929-0128""]",350
upright_replica,"[""UP-20260930-0001""]",350
upright_replica,"[""UP-20260930-0002""]",350
upright_replica,"[""UP-20260930-0003""]",350
upright_replica,"[""UP-20260930-0004""]",350
upright_replica,"[""UP-20260930-0005""]",350
upright_replica,"[""UP-20260930-0006""]",350
upright_replica,"[""UP-20260930-0007""]",350
upright_replica,"[""UP-20260930-0008""]",350
upright_replica,"[""UP-20260930-0009""]",350
upright_replica,"[""UP-20260930-0010""]",350
upright_replica,"[""UP-20260930-0011""]",350
upright_replica,"[""UP-20260930-0012""]",350
upright_replica,"[""UP-20260930-0013""]",350
upright_replica,"[""UP-20260930-0014""]",350
upright_replica,"[""UP-20260930-0015""]",350
upright_replica,"[""UP-20260930-0016""]",350
upright_replica,"[""UP-20260930-0017""]",350
upright_replica,"[""UP-20260930-0018""]",350
upright_replica,"[""UP-20260930-0019""]",350
upright_replica,"[""UP-20260930-0020""]",350
upright_replica,"[""UP-20260930-0021""]",350
upright_replica,"[""UP-20260930-0022""]",350
upright_replica,"[""UP-20260930-0023""]",350
upright_replica,"[""UP-20260930-0024""]",350
upright_replica,"[""UP-20260930-0025""]",350
upright_replica,"[""UP-20260930-0026""]",350
upright_replica,"[""UP-20260930-0027""]",350
upright_replica,"[""UP-20260930-0028""]",350
upright_replica,"[""UP-20260930-0029""]",350
upright_replica,"[""UP-20260930-0030""]",350
upright_replica,"[""UP-20260930-0031""]",350
upright_replica,"[""UP-20260930-0032""]",350
upright_replica,"[""UP-20260930-0033""]",350
upright_replica,"[""UP-20260930-0034""]",350
upright_replica,"[""UP-20260930-0035""]",350
upright_replica,"[""UP-20260930-0036""]",350
upright_replica,"[""UP-20260930-0037""]",350
upright_replica,"[""UP-20260930-0038""]",350
upright_replica,"[""UP-20260930-0039""]",350
upright_replica,"[""UP-20260930-0040""]",350
upright_replica,"[""UP-20260930-0041""]",350
upright_replica,"[""UP-20260930-0042""]",350
upright_replica,"[""UP-20260930-0043""]",350
upright_replica,"[""UP-20260930-0044""]",350
upright_replica,"[""UP-20260930-0045""]",350
upright_replica,"[""UP-20260930-0046""]",350
upright_replica,"[""UP-20260930-0047""]",350
upright_replica,"[""UP-20260930-0048""]",350
upright_replica,"[""UP-20260930-0049""]",350
upright_replica,"[""UP-20260930-0050""]",350
upright_replica,"[""UP-20260930-0051""]",350
upright_replica,"[""UP-20260930-0052""]",350
upright_replica,"[""UP-20260930-0053""]",350
upright_replica,"[""UP-20260930-0054""]",350
upright_replica,"[""UP-20260930-0055""]",350
upright_replica,"[""UP-20260930-0056""]",350
upright_replica,"[""UP-20260930-0057""]",350
upright_replica,"[""UP-20260930-0058""]",350
upright_replica,"[""UP-20260930-0059""]",350
upright_replica,"[""UP-20260930-0060""]",350
upright_replica,"[""UP-20260930-0061""]",350
upright_replica,"[""UP-20260930-0062""]",350
upright_replica,"[""UP-20260930-0063""]",350
upright_replica,"[""UP-20260930-0064""]",350
upright_replica,"[""UP-20260930-0065""]",350
upright_replica,"[""UP-20260930-0066""]",350
upright_replica,"[""UP-20260930-0067""]",350
upright_replica,"[""UP-20260930-0068""]",350
upright_replica,"[""UP-20260930-0069""]",350
upright_replica,"[""UP-20260930-0070""]",350
upright_replica,"[""UP-20260930-0071""]",350
upright_replica,"[""UP-20260930-0072""]",350
upright_replica,"[""UP-20260930-0073""]",350
upright_replica,"[""UP-20260930-0074""]",350
upright_replica,"[""UP-20260930-0075""]",350
upright_replica,"[""UP-20260930-0076""]",350
upright_replica,"[""UP-20260930-0077""]",350
upright_replica,"[""UP-20260930-0078""]",350
upright_replica,"[""UP-20260930-0079""]",350
upright_replica,"[""UP-20260930-0080""]",350
upright_replica,"[""UP-20260930-0081""]",350
upright_replica,"[""UP-20260930-0082""]",350
upright_replica,"[""UP-20260930-0083""]",350
upright_replica,"[""UP-20260930-0084""]",350
upright_replica,"[""UP-20260930-0085""]",350
upright_replica,"[""UP-20260930-0086""]",350
upright_replica,"[""UP-20260930-0087""]",350
upright_replica,"[""UP-20260930-0088""]",350
upright_replica,"[""UP-20260930-0089""]",350
upright_replica,"[""UP-20260930-0090""]",350
upright_replica,"[""UP-20260930-0091""]",350
upright_replica,"[""UP-20260930-0092""]",350
upright_replica,"[""UP-20260930-0093""]",350
upright_replica,"[""UP-20260930-0094""]",350
upright_replica,"[""UP-20260930-0095""]",350
upright_replica,"[""UP-20260930-0096""]",350
upright_replica,"[""UP-20260930-0097""]",350
upright_replica,"[""UP-20260930-0098""]",350
upright_replica,"[""UP-20260930-0099""]",350
upright_replica,"[""UP-20260930-0100""]",350
upright_replica,"[""UP-20260930-0101""]",350
upright_replica,"[""UP-20260930-0102""]",350
upright_replica,"[""UP-20260930-0103""]",350
upright_replica,"[""UP-20260930-0104""]",350
upright_replica,"[""UP-20260930-0105""]",350
upright_replica,"[""UP-20260930-0106""]",350
upright_replica,"[""UP-20260930-0107""]",350
upright_replica,"[""UP-20260930-0108""]",350
upright_replica,"[""UP-20260930-0109""]",350
upright_replica,"[""UP-20260930-0110""]",350
upright_replica,"[""UP-20260930-0111""]",350
upright_replica,"[""UP-20260930-0112""]",350
upright_replica,"[""UP-20260930-0113""]",350
upright_replica,"[""UP-20260930-0114""]",350
upright_replica,"[""UP-20260930-0115""]",350
upright_replica,"[""UP-20260930-0116""]",350
upright_replica,"[""UP-20260930-0117""]",350
upright_replica,"[""UP-20260930-0118""]",350
upright_replica,"[""UP-20260930-0119""]",350
upright_replica,"[""UP-20260930-0120""]",350
upright_replica,"[""UP-20260930-0121""]",350
upright_replica,"[""UP-20260930-0122""]",350
upright_replica,"[""UP-20260930-0123""]",350
upright_replica,"[""UP-20260930-0124""]",350
upright_replica,"[""UP-20260930-0125""]",350
upright_replica,"[""UP-20260930-0126""]",350
upright_replica,"[""UP-20260930-0127""]",350
upright_replica,"[""UP-20260930-0128""]",350
cash_monkey_replica,"[""CM-20260901-0001-U1""]",350
cash_monkey_replica,"[""CM-20260901-0001-U2""]",350
cash_monkey_replica,"[""CM-20260901-0002-U1""]",350
cash_monkey_replica,"[""CM-20260901-0003-U1""]",350
cash_monkey_replica,"[""CM-20260901-0004-U1""]",350
cash_monkey_replica,"[""CM-20260901-0005-U1""]",350
cash_monkey_replica,"[""CM-20260901-0006-U1""]",350
cash_monkey_replica,"[""CM-20260901-0007-U1""]",350
cash_monkey_replica,"[""CM-20260901-0008-U1""]",350
cash_monkey_replica,"[""CM-20260901-0009-U1""]",350
cash_monkey_replica,"[""CM-20260901-0010-U1""]",350
cash_monkey_replica,"[""CM-20260901-0011-U1""]",350
cash_monkey_replica,"[""CM-20260901-0012-U1""]",350
cash_monkey_replica,"[""CM-20260901-0013-U1""]",350
cash_monkey_replica,"[""CM-20260901-0014-U1""]",350
cash_monkey_replica,"[""CM-20260901-0015-U1""]",350
cash_monkey_replica,"[""CM-20260901-0016-U1""]",350
cash_monkey_replica,"[""CM-20260901-0016-U2""]",350
cash_monkey_replica,"[""CM-20260901-0017-U1""]",350
cash_monkey_replica,"[""CM-20260901-0018-U1""]",350
cash_monkey_replica,"[""CM-20260901-0019-U1""]",350
cash_monkey_replica,"[""CM-20260901-0020-U1""]",350
cash_monkey_replica,"[""CM-20260901-0021-U1""]",350
cash_monkey_replica,"[""CM-20260901-0022-U1""]",350
cash_monkey_replica,"[""CM-20260901-0023-U1""]",350
cash_monkey_replica,"[""CM-20260901-0024-U1""]",350
cash_monkey_replica,"[""CM-20260901-0025-U1""]",350
cash_monkey_replica,"[""CM-20260901-0026-U1""]",350
cash_monkey_replica,"[""CM-20260901-0027-U1""]",350
cash_monkey_replica,"[""CM-20260901-0028-U1""]",350
cash_monkey_replica,"[""CM-20260901-0029-U1""]",350
cash_monkey_replica,"[""CM-20260901-0030-U1""]",350
cash_monkey_replica,"[""CM-20260902-0001-U1""]",350
cash_monkey_replica,"[""CM-20260902-0001-U2""]",350
cash_monkey_replica,"[""CM-20260902-0002-U1""]",350
cash_monkey_replica,"[""CM-20260902-0003-U1""]",350
cash_monkey_replica,"[""CM-20260902-0004-U1""]",350
cash_monkey_replica,"[""CM-20260902-0005-U1""]",350
cash_monkey_replica,"[""CM-20260902-0006-U1""]",350
cash_monkey_replica,"[""CM-20260902-0007-U1""]",350
cash_monkey_replica,"[""CM-20260902-0008-U1""]",350
cash_monkey_replica,"[""CM-20260902-0009-U1""]",350
cash_monkey_replica,"[""CM-20260902-0010-U1""]",350
cash_monkey_replica,"[""CM-20260902-0011-U1""]",350
cash_monkey_replica,"[""CM-20260902-0012-U1""]",350
cash_monkey_replica,"[""CM-20260902-0013-U1""]",350
cash_monkey_replica,"[""CM-20260902-0014-U1""]",350
cash_monkey_replica,"[""CM-20260902-0015-U1""]",350
cash_monkey_replica,"[""CM-20260902-0016-U1""]",350
cash_monkey_replica,"[""CM-20260902-0016-U2""]",350
cash_monkey_replica,"[""CM-20260902-0017-U1""]",350
cash_monkey_replica,"[""CM-20260902-0018-U1""]",350
cash_monkey_replica,"[""CM-20260902-0019-U1""]",350
cash_monkey_replica,"[""CM-20260902-0020-U1""]",350
cash_monkey_replica,"[""CM-20260902-0021-U1""]",350
cash_monkey_replica,"[""CM-20260902-0022-U1""]",350
cash_monkey_replica,"[""CM-20260902-0023-U1""]",350
cash_monkey_replica,"[""CM-20260902-0024-U1""]",350
cash_monkey_replica,"[""CM-20260902-0025-U1""]",350
cash_monkey_replica,"[""CM-20260902-0026-U1""]",350
cash_monkey_replica,"[""CM-20260902-0027-U1""]",350
cash_monkey_replica,"[""CM-20260902-0028-U1""]",350
cash_monkey_replica,"[""CM-20260902-0029-U1""]",350
cash_monkey_replica,"[""CM-20260902-0030-U1""]",350
cash_monkey_replica,"[""CM-20260903-0001-U1""]",350
cash_monkey_replica,"[""CM-20260903-0001-U2""]",350
cash_monkey_replica,"[""CM-20260903-0002-U1""]",350
cash_monkey_replica,"[""CM-20260903-0003-U1""]",350
cash_monkey_replica,"[""CM-20260903-0004-U1""]",350
cash_monkey_replica,"[""CM-20260903-0005-U1""]",350
cash_monkey_replica,"[""CM-20260903-0006-U1""]",350
cash_monkey_replica,"[""CM-20260903-0007-U1""]",350
cash_monkey_replica,"[""CM-20260903-0008-U1""]",350
cash_monkey_replica,"[""CM-20260903-0009-U1""]",350
cash_monkey_replica,"[""CM-20260903-0010-U1""]",350
cash_monkey_replica,"[""CM-20260903-0011-U1""]",350
cash_monkey_replica,"[""CM-20260903-0012-U1""]",350
cash_monkey_replica,"[""CM-20260903-0013-U1""]",350
cash_monkey_replica,"[""CM-20260903-0014-U1""]",350
cash_monkey_replica,"[""CM-20260903-0015-U1""]",350
cash_monkey_replica,"[""CM-20260903-0016-U1""]",350
cash_monkey_replica,"[""CM-20260903-0016-U2""]",350
cash_monkey_replica,"[""CM-20260903-0017-U1""]",350
cash_monkey_replica,"[""CM-20260903-0018-U1""]",350
cash_monkey_replica,"[""CM-20260903-0019-U1""]",350
cash_monkey_replica,"[""CM-20260903-0020-U1""]",350
cash_monkey_replica,"[""CM-20260903-0021-U1""]",350
cash_monkey_replica,"[""CM-20260903-0022-U1""]",350
cash_monkey_replica,"[""CM-20260903-0023-U1""]",350
cash_monkey_replica,"[""CM-20260903-0024-U1""]",350
cash_monkey_replica,"[""CM-20260903-0025-U1""]",350
cash_monkey_replica,"[""CM-20260903-0026-U1""]",350
cash_monkey_replica,"[""CM-20260903-0027-U1""]",350
cash_monkey_replica,"[""CM-20260903-0028-U1""]",350
cash_monkey_replica,"[""CM-20260903-0029-U1""]",350
cash_monkey_replica,"[""CM-20260903-0030-U1""]",350
cash_monkey_replica,"[""CM-20260904-0001-U1""]",350
cash_monkey_replica,"[""CM-20260904-0001-U2""]",350
cash_monkey_replica,"[""CM-20260904-0002-U1""]",350
cash_monkey_replica,"[""CM-20260904-0003-U1""]",350
cash_monkey_replica,"[""CM-20260904-0004-U1""]",350
cash_monkey_replica,"[""CM-20260904-0005-U1""]",350
cash_monkey_replica,"[""CM-20260904-0006-U1""]",350
cash_monkey_replica,"[""CM-20260904-0007-U1""]",350
cash_monkey_replica,"[""CM-20260904-0008-U1""]",350
cash_monkey_replica,"[""CM-20260904-0009-U1""]",350
cash_monkey_replica,"[""CM-20260904-0010-U1""]",350
cash_monkey_replica,"[""CM-20260904-0011-U1""]",350
cash_monkey_replica,"[""CM-20260904-0012-U1""]",350
cash_monkey_replica,"[""CM-20260904-0013-U1""]",350
cash_monkey_replica,"[""CM-20260904-0014-U1""]",350
cash_monkey_replica,"[""CM-20260904-0015-U1""]",350
cash_monkey_replica,"[""CM-20260904-0016-U1""]",350
cash_monkey_replica,"[""CM-20260904-0016-U2""]",350
cash_monkey_replica,"[""CM-20260904-0017-U1""]",350
cash_monkey_replica,"[""CM-20260904-0018-U1""]",350
cash_monkey_replica,"[""CM-20260904-0019-U1""]",350
cash_monkey_replica,"[""CM-20260904-0020-U1""]",350
cash_monkey_replica,"[""CM-20260904-0021-U1""]",350
cash_monkey_replica,"[""CM-20260904-0022-U1""]",350
cash_monkey_replica,"[""CM-20260904-0023-U1""]",350
cash_monkey_replica,"[""CM-20260904-0024-U1""]",350
cash_monkey_replica,"[""CM-20260904-0025-U1""]",350
cash_monkey_replica,"[""CM-20260904-0026-U1""]",350
cash_monkey_replica,"[""CM-20260904-0027-U1""]",350
cash_monkey_replica,"[""CM-20260904-0028-U1""]",350
cash_monkey_replica,"[""CM-20260904-0029-U1""]",350
cash_monkey_replica,"[""CM-20260904-0030-U1""]",350
cash_monkey_replica,"[""CM-20260905-0001-U1""]",350
cash_monkey_replica,"[""CM-20260905-0001-U2""]",350
cash_monkey_replica,"[""CM-20260905-0002-U1""]",350
cash_monkey_replica,"[""CM-20260905-0003-U1""]",350
cash_monkey_replica,"[""CM-20260905-0004-U1""]",350
cash_monkey_replica,"[""CM-20260905-0005-U1""]",350
cash_monkey_replica,"[""CM-20260905-0006-U1""]",350
cash_monkey_replica,"[""CM-20260905-0007-U1""]",350
cash_monkey_replica,"[""CM-20260905-0008-U1""]",350
cash_monkey_replica,"[""CM-20260905-0009-U1""]",350
cash_monkey_replica,"[""CM-20260905-0010-U1""]",350
cash_monkey_replica,"[""CM-20260905-0011-U1""]",350
cash_monkey_replica,"[""CM-20260905-0012-U1""]",350
cash_monkey_replica,"[""CM-20260905-0013-U1""]",350
cash_monkey_replica,"[""CM-20260905-0014-U1""]",350
cash_monkey_replica,"[""CM-20260905-0015-U1""]",350
cash_monkey_replica,"[""CM-20260905-0016-U1""]",350
cash_monkey_replica,"[""CM-20260905-0016-U2""]",350
cash_monkey_replica,"[""CM-20260905-0017-U1""]",350
cash_monkey_replica,"[""CM-20260905-0018-U1""]",350
cash_monkey_replica,"[""CM-20260905-0019-U1""]",350
cash_monkey_replica,"[""CM-20260905-0020-U1""]",350
cash_monkey_replica,"[""CM-20260905-0021-U1""]",350
cash_monkey_replica,"[""CM-20260905-0022-U1""]",350
cash_monkey_replica,"[""CM-20260905-0023-U1""]",350
cash_monkey_replica,"[""CM-20260905-0024-U1""]",350
cash_monkey_replica,"[""CM-20260905-0025-U1""]",350
cash_monkey_replica,"[""CM-20260905-0026-U1""]",350
cash_monkey_replica,"[""CM-20260905-0027-U1""]",350
cash_monkey_replica,"[""CM-20260905-0028-U1""]",350
cash_monkey_replica,"[""CM-20260905-0029-U1""]",350
cash_monkey_replica,"[""CM-20260905-0030-U1""]",350
cash_monkey_replica,"[""CM-20260906-0001-U1""]",350
cash_monkey_replica,"[""CM-20260906-0001-U2""]",350
cash_monkey_replica,"[""CM-20260906-0002-U1""]",350
cash_monkey_replica,"[""CM-20260906-0003-U1""]",350
cash_monkey_replica,"[""CM-20260906-0004-U1""]",350
cash_monkey_replica,"[""CM-20260906-0005-U1""]",350
cash_monkey_replica,"[""CM-20260906-0006-U1""]",350
cash_monkey_replica,"[""CM-20260906-0007-U1""]",350
cash_monkey_replica,"[""CM-20260906-0008-U1""]",350
cash_monkey_replica,"[""CM-20260906-0009-U1""]",350
cash_monkey_replica,"[""CM-20260906-0010-U1""]",350
cash_monkey_replica,"[""CM-20260906-0011-U1""]",350
cash_monkey_replica,"[""CM-20260906-0012-U1""]",350
cash_monkey_replica,"[""CM-20260906-0013-U1""]",350
cash_monkey_replica,"[""CM-20260906-0014-U1""]",350
cash_monkey_replica,"[""CM-20260906-0015-U1""]",350
cash_monkey_replica,"[""CM-20260906-0016-U1""]",350
cash_monkey_replica,"[""CM-20260906-0016-U2""]",350
cash_monkey_replica,"[""CM-20260906-0017-U1""]",350
cash_monkey_replica,"[""CM-20260906-0018-U1""]",350
cash_monkey_replica,"[""CM-20260906-0019-U1""]",350
cash_monkey_replica,"[""CM-20260906-0020-U1""]",350
cash_monkey_replica,"[""CM-20260906-0021-U1""]",350
cash_monkey_replica,"[""CM-20260906-0022-U1""]",350
cash_monkey_replica,"[""CM-20260906-0023-U1""]",350
cash_monkey_replica,"[""CM-20260906-0024-U1""]",350
cash_monkey_replica,"[""CM-20260906-0025-U1""]",350
cash_monkey_replica,"[""CM-20260906-0026-U1""]",350
cash_monkey_replica,"[""CM-20260906-0027-U1""]",350
cash_monkey_replica,"[""CM-20260906-0028-U1""]",350
cash_monkey_replica,"[""CM-20260906-0029-U1""]",350
cash_monkey_replica,"[""CM-20260906-0030-U1""]",350
cash_monkey_replica,"[""CM-20260907-0001-U1""]",350
cash_monkey_replica,"[""CM-20260907-0001-U2""]",350
cash_monkey_replica,"[""CM-20260907-0002-U1""]",350
cash_monkey_replica,"[""CM-20260907-0003-U1""]",350
cash_monkey_replica,"[""CM-20260907-0004-U1""]",350
cash_monkey_replica,"[""CM-20260907-0005-U1""]",350
cash_monkey_replica,"[""CM-20260907-0006-U1""]",350
cash_monkey_replica,"[""CM-20260907-0007-U1""]",350
cash_monkey_replica,"[""CM-20260907-0008-U1""]",350
cash_monkey_replica,"[""CM-20260907-0009-U1""]",350
cash_monkey_replica,"[""CM-20260907-0010-U1""]",350
cash_monkey_replica,"[""CM-20260907-0011-U1""]",350
cash_monkey_replica,"[""CM-20260907-0012-U1""]",350
cash_monkey_replica,"[""CM-20260907-0013-U1""]",350
cash_monkey_replica,"[""CM-20260907-0014-U1""]",350
cash_monkey_replica,"[""CM-20260907-0015-U1""]",350
cash_monkey_replica,"[""CM-20260907-0016-U1""]",350
cash_monkey_replica,"[""CM-20260907-0016-U2""]",350
cash_monkey_replica,"[""CM-20260907-0017-U1""]",350
cash_monkey_replica,"[""CM-20260907-0018-U1""]",350
cash_monkey_replica,"[""CM-20260907-0019-U1""]",350
cash_monkey_replica,"[""CM-20260907-0020-U1""]",350
cash_monkey_replica,"[""CM-20260907-0021-U1""]",350
cash_monkey_replica,"[""CM-20260907-0022-U1""]",350
cash_monkey_replica,"[""CM-20260907-0023-U1""]",350
cash_monkey_replica,"[""CM-20260907-0024-U1""]",350
cash_monkey_replica,"[""CM-20260907-0025-U1""]",350
cash_monkey_replica,"[""CM-20260907-0026-U1""]",350
cash_monkey_replica,"[""CM-20260907-0027-U1""]",350
cash_monkey_replica,"[""CM-20260907-0028-U1""]",350
cash_monkey_replica,"[""CM-20260907-0029-U1""]",350
cash_monkey_replica,"[""CM-20260907-0030-U1""]",350
cash_monkey_replica,"[""CM-20260908-0001-U1""]",350
cash_monkey_replica,"[""CM-20260908-0001-U2""]",350
cash_monkey_replica,"[""CM-20260908-0002-U1""]",350
cash_monkey_replica,"[""CM-20260908-0003-U1""]",350
cash_monkey_replica,"[""CM-20260908-0004-U1""]",350
cash_monkey_replica,"[""CM-20260908-0005-U1""]",350
cash_monkey_replica,"[""CM-20260908-0006-U1""]",350
cash_monkey_replica,"[""CM-20260908-0007-U1""]",350
cash_monkey_replica,"[""CM-20260908-0008-U1""]",350
cash_monkey_replica,"[""CM-20260908-0009-U1""]",350
cash_monkey_replica,"[""CM-20260908-0010-U1""]",350
cash_monkey_replica,"[""CM-20260908-0011-U1""]",350
cash_monkey_replica,"[""CM-20260908-0012-U1""]",350
cash_monkey_replica,"[""CM-20260908-0013-U1""]",350
cash_monkey_replica,"[""CM-20260908-0014-U1""]",350
cash_monkey_replica,"[""CM-20260908-0015-U1""]",350
cash_monkey_replica,"[""CM-20260908-0016-U1""]",350
cash_monkey_replica,"[""CM-20260908-0016-U2""]",350
cash_monkey_replica,"[""CM-20260908-0017-U1""]",350
cash_monkey_replica,"[""CM-20260908-0018-U1""]",350
cash_monkey_replica,"[""CM-20260908-0019-U1""]",350
cash_monkey_replica,"[""CM-20260908-0020-U1""]",350
cash_monkey_replica,"[""CM-20260908-0021-U1""]",350
cash_monkey_replica,"[""CM-20260908-0022-U1""]",350
cash_monkey_replica,"[""CM-20260908-0023-U1""]",350
cash_monkey_replica,"[""CM-20260908-0024-U1""]",350
cash_monkey_replica,"[""CM-20260908-0025-U1""]",350
cash_monkey_replica,"[""CM-20260908-0026-U1""]",350
cash_monkey_replica,"[""CM-20260908-0027-U1""]",350
cash_monkey_replica,"[""CM-20260908-0028-U1""]",350
cash_monkey_replica,"[""CM-20260908-0029-U1""]",350
cash_monkey_replica,"[""CM-20260908-0030-U1""]",350
cash_monkey_replica,"[""CM-20260909-0001-U1""]",350
cash_monkey_replica,"[""CM-20260909-0001-U2""]",350
cash_monkey_replica,"[""CM-20260909-0002-U1""]",350
cash_monkey_replica,"[""CM-20260909-0003-U1""]",350
cash_monkey_replica,"[""CM-20260909-0004-U1""]",350
cash_monkey_replica,"[""CM-20260909-0005-U1""]",350
cash_monkey_replica,"[""CM-20260909-0006-U1""]",350
cash_monkey_replica,"[""CM-20260909-0007-U1""]",350
cash_monkey_replica,"[""CM-20260909-0008-U1""]",350
cash_monkey_replica,"[""CM-20260909-0009-U1""]",350
cash_monkey_replica,"[""CM-20260909-0010-U1""]",350
cash_monkey_replica,"[""CM-20260909-0011-U1""]",350
cash_monkey_replica,"[""CM-20260909-0012-U1""]",350
cash_monkey_replica,"[""CM-20260909-0013-U1""]",350
cash_monkey_replica,"[""CM-20260909-0014-U1""]",350
cash_monkey_replica,"[""CM-20260909-0015-U1""]",350
cash_monkey_replica,"[""CM-20260909-0016-U1""]",350
cash_monkey_replica,"[""CM-20260909-0016-U2""]",350
cash_monkey_replica,"[""CM-20260909-0017-U1""]",350
cash_monkey_replica,"[""CM-20260909-0018-U1""]",350
cash_monkey_replica,"[""CM-20260909-0019-U1""]",350
cash_monkey_replica,"[""CM-20260909-0020-U1""]",350
cash_monkey_replica,"[""CM-20260909-0021-U1""]",350
cash_monkey_replica,"[""CM-20260909-0022-U1""]",350
cash_monkey_replica,"[""CM-20260909-0023-U1""]",350
cash_monkey_replica,"[""CM-20260909-0024-U1""]",350
cash_monkey_replica,"[""CM-20260909-0025-U1""]",350
cash_monkey_replica,"[""CM-20260909-0026-U1""]",350
cash_monkey_replica,"[""CM-20260909-0027-U1""]",350
cash_monkey_replica,"[""CM-20260909-0028-U1""]",350
cash_monkey_replica,"[""CM-20260909-0029-U1""]",350
cash_monkey_replica,"[""CM-20260909-0030-U1""]",350
cash_monkey_replica,"[""CM-20260910-0001-U1""]",350
cash_monkey_replica,"[""CM-20260910-0001-U2""]",350
cash_monkey_replica,"[""CM-20260910-0002-U1""]",350
cash_monkey_replica,"[""CM-20260910-0003-U1""]",350
cash_monkey_replica,"[""CM-20260910-0004-U1""]",350
cash_monkey_replica,"[""CM-20260910-0005-U1""]",350
cash_monkey_replica,"[""CM-20260910-0006-U1""]",350
cash_monkey_replica,"[""CM-20260910-0007-U1""]",350
cash_monkey_replica,"[""CM-20260910-0008-U1""]",350
cash_monkey_replica,"[""CM-20260910-0009-U1""]",350
cash_monkey_replica,"[""CM-20260910-0010-U1""]",350
cash_monkey_replica,"[""CM-20260910-0011-U1""]",350
cash_monkey_replica,"[""CM-20260910-0012-U1""]",350
cash_monkey_replica,"[""CM-20260910-0013-U1""]",350
cash_monkey_replica,"[""CM-20260910-0014-U1""]",350
cash_monkey_replica,"[""CM-20260910-0015-U1""]",350
cash_monkey_replica,"[""CM-20260910-0016-U1""]",350
cash_monkey_replica,"[""CM-20260910-0016-U2""]",350
cash_monkey_replica,"[""CM-20260910-0017-U1""]",350
cash_monkey_replica,"[""CM-20260910-0018-U1""]",350
cash_monkey_replica,"[""CM-20260910-0019-U1""]",350
cash_monkey_replica,"[""CM-20260910-0020-U1""]",350
cash_monkey_replica,"[""CM-20260910-0021-U1""]",350
cash_monkey_replica,"[""CM-20260910-0022-U1""]",350
cash_monkey_replica,"[""CM-20260910-0023-U1""]",350
cash_monkey_replica,"[""CM-20260910-0024-U1""]",350
cash_monkey_replica,"[""CM-20260910-0025-U1""]",350
cash_monkey_replica,"[""CM-20260910-0026-U1""]",350
cash_monkey_replica,"[""CM-20260910-0027-U1""]",350
cash_monkey_replica,"[""CM-20260910-0028-U1""]",350
cash_monkey_replica,"[""CM-20260910-0029-U1""]",350
cash_monkey_replica,"[""CM-20260910-0030-U1""]",350
cash_monkey_replica,"[""CM-20260911-0001-U1""]",350
cash_monkey_replica,"[""CM-20260911-0001-U2""]",350
cash_monkey_replica,"[""CM-20260911-0002-U1""]",350
cash_monkey_replica,"[""CM-20260911-0003-U1""]",350
cash_monkey_replica,"[""CM-20260911-0004-U1""]",350
cash_monkey_replica,"[""CM-20260911-0005-U1""]",350
cash_monkey_replica,"[""CM-20260911-0006-U1""]",350
cash_monkey_replica,"[""CM-20260911-0007-U1""]",350
cash_monkey_replica,"[""CM-20260911-0008-U1""]",350
cash_monkey_replica,"[""CM-20260911-0009-U1""]",350
cash_monkey_replica,"[""CM-20260911-0010-U1""]",350
cash_monkey_replica,"[""CM-20260911-0011-U1""]",350
cash_monkey_replica,"[""CM-20260911-0012-U1""]",350
cash_monkey_replica,"[""CM-20260911-0013-U1""]",350
cash_monkey_replica,"[""CM-20260911-0014-U1""]",350
cash_monkey_replica,"[""CM-20260911-0015-U1""]",350
cash_monkey_replica,"[""CM-20260911-0016-U1""]",350
cash_monkey_replica,"[""CM-20260911-0016-U2""]",350
cash_monkey_replica,"[""CM-20260911-0017-U1""]",350
cash_monkey_replica,"[""CM-20260911-0018-U1""]",350
cash_monkey_replica,"[""CM-20260911-0019-U1""]",350
cash_monkey_replica,"[""CM-20260911-0020-U1""]",350
cash_monkey_replica,"[""CM-20260911-0021-U1""]",350
cash_monkey_replica,"[""CM-20260911-0022-U1""]",350
cash_monkey_replica,"[""CM-20260911-0023-U1""]",350
cash_monkey_replica,"[""CM-20260911-0024-U1""]",350
cash_monkey_replica,"[""CM-20260911-0025-U1""]",350
cash_monkey_replica,"[""CM-20260911-0026-U1""]",350
cash_monkey_replica,"[""CM-20260911-0027-U1""]",350
cash_monkey_replica,"[""CM-20260911-0028-U1""]",350
cash_monkey_replica,"[""CM-20260911-0029-U1""]",350
cash_monkey_replica,"[""CM-20260911-0030-U1""]",350
cash_monkey_replica,"[""CM-20260912-0001-U1""]",350
cash_monkey_replica,"[""CM-20260912-0001-U2""]",350
cash_monkey_replica,"[""CM-20260912-0002-U1""]",350
cash_monkey_replica,"[""CM-20260912-0003-U1""]",350
cash_monkey_replica,"[""CM-20260912-0004-U1""]",350
cash_monkey_replica,"[""CM-20260912-0005-U1""]",350
cash_monkey_replica,"[""CM-20260912-0006-U1""]",350
cash_monkey_replica,"[""CM-20260912-0007-U1""]",350
cash_monkey_replica,"[""CM-20260912-0008-U1""]",350
cash_monkey_replica,"[""CM-20260912-0009-U1""]",350
cash_monkey_replica,"[""CM-20260912-0010-U1""]",350
cash_monkey_replica,"[""CM-20260912-0011-U1""]",350
cash_monkey_replica,"[""CM-20260912-0012-U1""]",350
cash_monkey_replica,"[""CM-20260912-0013-U1""]",350
cash_monkey_replica,"[""CM-20260912-0014-U1""]",350
cash_monkey_replica,"[""CM-20260912-0015-U1""]",350
cash_monkey_replica,"[""CM-20260912-0016-U1""]",350
cash_monkey_replica,"[""CM-20260912-0016-U2""]",350
cash_monkey_replica,"[""CM-20260912-0017-U1""]",350
cash_monkey_replica,"[""CM-20260912-0018-U1""]",350
cash_monkey_replica,"[""CM-20260912-0019-U1""]",350
cash_monkey_replica,"[""CM-20260912-0020-U1""]",350
cash_monkey_replica,"[""CM-20260912-0021-U1""]",350
cash_monkey_replica,"[""CM-20260912-0022-U1""]",350
cash_monkey_replica,"[""CM-20260912-0023-U1""]",350
cash_monkey_replica,"[""CM-20260912-0024-U1""]",350
cash_monkey_replica,"[""CM-20260912-0025-U1""]",350
cash_monkey_replica,"[""CM-20260912-0026-U1""]",350
cash_monkey_replica,"[""CM-20260912-0027-U1""]",350
cash_monkey_replica,"[""CM-20260912-0028-U1""]",350
cash_monkey_replica,"[""CM-20260912-0029-U1""]",350
cash_monkey_replica,"[""CM-20260912-0030-U1""]",350
cash_monkey_replica,"[""CM-20260913-0001-U1""]",350
cash_monkey_replica,"[""CM-20260913-0001-U2""]",350
cash_monkey_replica,"[""CM-20260913-0002-U1""]",350
cash_monkey_replica,"[""CM-20260913-0003-U1""]",350
cash_monkey_replica,"[""CM-20260913-0004-U1""]",350
cash_monkey_replica,"[""CM-20260913-0005-U1""]",350
cash_monkey_replica,"[""CM-20260913-0006-U1""]",350
cash_monkey_replica,"[""CM-20260913-0007-U1""]",350
cash_monkey_replica,"[""CM-20260913-0008-U1""]",350
cash_monkey_replica,"[""CM-20260913-0009-U1""]",350
cash_monkey_replica,"[""CM-20260913-0010-U1""]",350
cash_monkey_replica,"[""CM-20260913-0011-U1""]",350
cash_monkey_replica,"[""CM-20260913-0012-U1""]",350
cash_monkey_replica,"[""CM-20260913-0013-U1""]",350
cash_monkey_replica,"[""CM-20260913-0014-U1""]",350
cash_monkey_replica,"[""CM-20260913-0015-U1""]",350
cash_monkey_replica,"[""CM-20260913-0016-U1""]",350
cash_monkey_replica,"[""CM-20260913-0016-U2""]",350
cash_monkey_replica,"[""CM-20260913-0017-U1""]",350
cash_monkey_replica,"[""CM-20260913-0018-U1""]",350
cash_monkey_replica,"[""CM-20260913-0019-U1""]",350
cash_monkey_replica,"[""CM-20260913-0020-U1""]",350
cash_monkey_replica,"[""CM-20260913-0021-U1""]",350
cash_monkey_replica,"[""CM-20260913-0022-U1""]",350
cash_monkey_replica,"[""CM-20260913-0023-U1""]",350
cash_monkey_replica,"[""CM-20260913-0024-U1""]",350
cash_monkey_replica,"[""CM-20260913-0025-U1""]",350
cash_monkey_replica,"[""CM-20260913-0026-U1""]",350
cash_monkey_replica,"[""CM-20260913-0027-U1""]",350
cash_monkey_replica,"[""CM-20260913-0028-U1""]",350
cash_monkey_replica,"[""CM-20260913-0029-U1""]",350
cash_monkey_replica,"[""CM-20260913-0030-U1""]",350
cash_monkey_replica,"[""CM-20260914-0001-U1""]",350
cash_monkey_replica,"[""CM-20260914-0001-U2""]",350
cash_monkey_replica,"[""CM-20260914-0002-U1""]",350
cash_monkey_replica,"[""CM-20260914-0003-U1""]",350
cash_monkey_replica,"[""CM-20260914-0004-U1""]",350
cash_monkey_replica,"[""CM-20260914-0005-U1""]",350
cash_monkey_replica,"[""CM-20260914-0006-U1""]",350
cash_monkey_replica,"[""CM-20260914-0007-U1""]",350
cash_monkey_replica,"[""CM-20260914-0008-U1""]",350
cash_monkey_replica,"[""CM-20260914-0009-U1""]",350
cash_monkey_replica,"[""CM-20260914-0010-U1""]",350
cash_monkey_replica,"[""CM-20260914-0011-U1""]",350
cash_monkey_replica,"[""CM-20260914-0012-U1""]",350
cash_monkey_replica,"[""CM-20260914-0013-U1""]",350
cash_monkey_replica,"[""CM-20260914-0014-U1""]",350
cash_monkey_replica,"[""CM-20260914-0015-U1""]",350
cash_monkey_replica,"[""CM-20260914-0016-U1""]",350
cash_monkey_replica,"[""CM-20260914-0016-U2""]",350
cash_monkey_replica,"[""CM-20260914-0017-U1""]",350
cash_monkey_replica,"[""CM-20260914-0018-U1""]",350
cash_monkey_replica,"[""CM-20260914-0019-U1""]",350
cash_monkey_replica,"[""CM-20260914-0020-U1""]",350
cash_monkey_replica,"[""CM-20260914-0021-U1""]",350
cash_monkey_replica,"[""CM-20260914-0022-U1""]",350
cash_monkey_replica,"[""CM-20260914-0023-U1""]",350
cash_monkey_replica,"[""CM-20260914-0024-U1""]",350
cash_monkey_replica,"[""CM-20260914-0025-U1""]",350
cash_monkey_replica,"[""CM-20260914-0026-U1""]",350
cash_monkey_replica,"[""CM-20260914-0027-U1""]",350
cash_monkey_replica,"[""CM-20260914-0028-U1""]",350
cash_monkey_replica,"[""CM-20260914-0029-U1""]",350
cash_monkey_replica,"[""CM-20260914-0030-U1""]",350
cash_monkey_replica,"[""CM-20260915-0001-U1""]",350
cash_monkey_replica,"[""CM-20260915-0001-U2""]",350
cash_monkey_replica,"[""CM-20260915-0002-U1""]",350
cash_monkey_replica,"[""CM-20260915-0003-U1""]",350
cash_monkey_replica,"[""CM-20260915-0004-U1""]",350
cash_monkey_replica,"[""CM-20260915-0005-U1""]",350
cash_monkey_replica,"[""CM-20260915-0006-U1""]",350
cash_monkey_replica,"[""CM-20260915-0007-U1""]",350
cash_monkey_replica,"[""CM-20260915-0008-U1""]",350
cash_monkey_replica,"[""CM-20260915-0009-U1""]",350
cash_monkey_replica,"[""CM-20260915-0010-U1""]",350
cash_monkey_replica,"[""CM-20260915-0011-U1""]",350
cash_monkey_replica,"[""CM-20260915-0012-U1""]",350
cash_monkey_replica,"[""CM-20260915-0013-U1""]",350
cash_monkey_replica,"[""CM-20260915-0014-U1""]",350
cash_monkey_replica,"[""CM-20260915-0015-U1""]",350
cash_monkey_replica,"[""CM-20260915-0016-U1""]",350
cash_monkey_replica,"[""CM-20260915-0016-U2""]",350
cash_monkey_replica,"[""CM-20260915-0017-U1""]",350
cash_monkey_replica,"[""CM-20260915-0018-U1""]",350
cash_monkey_replica,"[""CM-20260915-0019-U1""]",350
cash_monkey_replica,"[""CM-20260915-0020-U1""]",350
cash_monkey_replica,"[""CM-20260915-0021-U1""]",350
cash_monkey_replica,"[""CM-20260915-0022-U1""]",350
cash_monkey_replica,"[""CM-20260915-0023-U1""]",350
cash_monkey_replica,"[""CM-20260915-0024-U1""]",350
cash_monkey_replica,"[""CM-20260915-0025-U1""]",350
cash_monkey_replica,"[""CM-20260915-0026-U1""]",350
cash_monkey_replica,"[""CM-20260915-0027-U1""]",350
cash_monkey_replica,"[""CM-20260915-0028-U1""]",350
cash_monkey_replica,"[""CM-20260915-0029-U1""]",350
cash_monkey_replica,"[""CM-20260915-0030-U1""]",350
cash_monkey_replica,"[""CM-20260916-0001-U1""]",350
cash_monkey_replica,"[""CM-20260916-0001-U2""]",350
cash_monkey_replica,"[""CM-20260916-0002-U1""]",350
cash_monkey_replica,"[""CM-20260916-0003-U1""]",350
cash_monkey_replica,"[""CM-20260916-0004-U1""]",350
cash_monkey_replica,"[""CM-20260916-0005-U1""]",350
cash_monkey_replica,"[""CM-20260916-0006-U1""]",350
cash_monkey_replica,"[""CM-20260916-0007-U1""]",350
cash_monkey_replica,"[""CM-20260916-0008-U1""]",350
cash_monkey_replica,"[""CM-20260916-0009-U1""]",350
cash_monkey_replica,"[""CM-20260916-0010-U1""]",350
cash_monkey_replica,"[""CM-20260916-0011-U1""]",350
cash_monkey_replica,"[""CM-20260916-0012-U1""]",350
cash_monkey_replica,"[""CM-20260916-0013-U1""]",350
cash_monkey_replica,"[""CM-20260916-0014-U1""]",350
cash_monkey_replica,"[""CM-20260916-0015-U1""]",350
cash_monkey_replica,"[""CM-20260916-0016-U1""]",350
cash_monkey_replica,"[""CM-20260916-0016-U2""]",350
cash_monkey_replica,"[""CM-20260916-0017-U1""]",350
cash_monkey_replica,"[""CM-20260916-0018-U1""]",350
cash_monkey_replica,"[""CM-20260916-0019-U1""]",350
cash_monkey_replica,"[""CM-20260916-0020-U1""]",350
cash_monkey_replica,"[""CM-20260916-0021-U1""]",350
cash_monkey_replica,"[""CM-20260916-0022-U1""]",350
cash_monkey_replica,"[""CM-20260916-0023-U1""]",350
cash_monkey_replica,"[""CM-20260916-0024-U1""]",350
cash_monkey_replica,"[""CM-20260916-0025-U1""]",350
cash_monkey_replica,"[""CM-20260916-0026-U1""]",350
cash_monkey_replica,"[""CM-20260916-0027-U1""]",350
cash_monkey_replica,"[""CM-20260916-0028-U1""]",350
cash_monkey_replica,"[""CM-20260916-0029-U1""]",350
cash_monkey_replica,"[""CM-20260916-0030-U1""]",350
cash_monkey_replica,"[""CM-20260917-0001-U1""]",350
cash_monkey_replica,"[""CM-20260917-0001-U2""]",350
cash_monkey_replica,"[""CM-20260917-0002-U1""]",350
cash_monkey_replica,"[""CM-20260917-0003-U1""]",350
cash_monkey_replica,"[""CM-20260917-0004-U1""]",350
cash_monkey_replica,"[""CM-20260917-0005-U1""]",350
cash_monkey_replica,"[""CM-20260917-0006-U1""]",350
cash_monkey_replica,"[""CM-20260917-0007-U1""]",350
cash_monkey_replica,"[""CM-20260917-0008-U1""]",350
cash_monkey_replica,"[""CM-20260917-0009-U1""]",350
cash_monkey_replica,"[""CM-20260917-0010-U1""]",350
cash_monkey_replica,"[""CM-20260917-0011-U1""]",350
cash_monkey_replica,"[""CM-20260917-0012-U1""]",350
cash_monkey_replica,"[""CM-20260917-0013-U1""]",350
cash_monkey_replica,"[""CM-20260917-0014-U1""]",350
cash_monkey_replica,"[""CM-20260917-0015-U1""]",350
cash_monkey_replica,"[""CM-20260917-0016-U1""]",350
cash_monkey_replica,"[""CM-20260917-0016-U2""]",350
cash_monkey_replica,"[""CM-20260917-0017-U1""]",350
cash_monkey_replica,"[""CM-20260917-0018-U1""]",350
cash_monkey_replica,"[""CM-20260917-0019-U1""]",350
cash_monkey_replica,"[""CM-20260917-0020-U1""]",350
cash_monkey_replica,"[""CM-20260917-0021-U1""]",350
cash_monkey_replica,"[""CM-20260917-0022-U1""]",350
cash_monkey_replica,"[""CM-20260917-0023-U1""]",350
cash_monkey_replica,"[""CM-20260917-0024-U1""]",350
cash_monkey_replica,"[""CM-20260917-0025-U1""]",350
cash_monkey_replica,"[""CM-20260917-0026-U1""]",350
cash_monkey_replica,"[""CM-20260917-0027-U1""]",350
cash_monkey_replica,"[""CM-20260917-0028-U1""]",350
cash_monkey_replica,"[""CM-20260917-0029-U1""]",350
cash_monkey_replica,"[""CM-20260917-0030-U1""]",350
cash_monkey_replica,"[""CM-20260918-0001-U1""]",350
cash_monkey_replica,"[""CM-20260918-0001-U2""]",350
cash_monkey_replica,"[""CM-20260918-0002-U1""]",350
cash_monkey_replica,"[""CM-20260918-0003-U1""]",350
cash_monkey_replica,"[""CM-20260918-0004-U1""]",350
cash_monkey_replica,"[""CM-20260918-0005-U1""]",350
cash_monkey_replica,"[""CM-20260918-0006-U1""]",350
cash_monkey_replica,"[""CM-20260918-0007-U1""]",350
cash_monkey_replica,"[""CM-20260918-0008-U1""]",350
cash_monkey_replica,"[""CM-20260918-0009-U1""]",350
cash_monkey_replica,"[""CM-20260918-0010-U1""]",350
cash_monkey_replica,"[""CM-20260918-0011-U1""]",350
cash_monkey_replica,"[""CM-20260918-0012-U1""]",350
cash_monkey_replica,"[""CM-20260918-0013-U1""]",350
cash_monkey_replica,"[""CM-20260918-0014-U1""]",350
cash_monkey_replica,"[""CM-20260918-0015-U1""]",350
cash_monkey_replica,"[""CM-20260918-0016-U1""]",350
cash_monkey_replica,"[""CM-20260918-0016-U2""]",350
cash_monkey_replica,"[""CM-20260918-0017-U1""]",350
cash_monkey_replica,"[""CM-20260918-0018-U1""]",350
cash_monkey_replica,"[""CM-20260918-0019-U1""]",350
cash_monkey_replica,"[""CM-20260918-0020-U1""]",350
cash_monkey_replica,"[""CM-20260918-0021-U1""]",350
cash_monkey_replica,"[""CM-20260918-0022-U1""]",350
cash_monkey_replica,"[""CM-20260918-0023-U1""]",350
cash_monkey_replica,"[""CM-20260918-0024-U1""]",350
cash_monkey_replica,"[""CM-20260918-0025-U1""]",350
cash_monkey_replica,"[""CM-20260918-0026-U1""]",350
cash_monkey_replica,"[""CM-20260918-0027-U1""]",350
cash_monkey_replica,"[""CM-20260918-0028-U1""]",350
cash_monkey_replica,"[""CM-20260918-0029-U1""]",350
cash_monkey_replica,"[""CM-20260918-0030-U1""]",350
cash_monkey_replica,"[""CM-20260919-0001-U1""]",350
cash_monkey_replica,"[""CM-20260919-0001-U2""]",350
cash_monkey_replica,"[""CM-20260919-0002-U1""]",350
cash_monkey_replica,"[""CM-20260919-0003-U1""]",350
cash_monkey_replica,"[""CM-20260919-0004-U1""]",350
cash_monkey_replica,"[""CM-20260919-0005-U1""]",350
cash_monkey_replica,"[""CM-20260919-0006-U1""]",350
cash_monkey_replica,"[""CM-20260919-0007-U1""]",350
cash_monkey_replica,"[""CM-20260919-0008-U1""]",350
cash_monkey_replica,"[""CM-20260919-0009-U1""]",350
cash_monkey_replica,"[""CM-20260919-0010-U1""]",350
cash_monkey_replica,"[""CM-20260919-0011-U1""]",350
cash_monkey_replica,"[""CM-20260919-0012-U1""]",350
cash_monkey_replica,"[""CM-20260919-0013-U1""]",350
cash_monkey_replica,"[""CM-20260919-0014-U1""]",350
cash_monkey_replica,"[""CM-20260919-0015-U1""]",350
cash_monkey_replica,"[""CM-20260919-0016-U1""]",350
cash_monkey_replica,"[""CM-20260919-0016-U2""]",350
cash_monkey_replica,"[""CM-20260919-0017-U1""]",350
cash_monkey_replica,"[""CM-20260919-0018-U1""]",350
cash_monkey_replica,"[""CM-20260919-0019-U1""]",350
cash_monkey_replica,"[""CM-20260919-0020-U1""]",350
cash_monkey_replica,"[""CM-20260919-0021-U1""]",350
cash_monkey_replica,"[""CM-20260919-0022-U1""]",350
cash_monkey_replica,"[""CM-20260919-0023-U1""]",350
cash_monkey_replica,"[""CM-20260919-0024-U1""]",350
cash_monkey_replica,"[""CM-20260919-0025-U1""]",350
cash_monkey_replica,"[""CM-20260919-0026-U1""]",350
cash_monkey_replica,"[""CM-20260919-0027-U1""]",350
cash_monkey_replica,"[""CM-20260919-0028-U1""]",350
cash_monkey_replica,"[""CM-20260919-0029-U1""]",350
cash_monkey_replica,"[""CM-20260919-0030-U1""]",350
cash_monkey_replica,"[""CM-20260920-0001-U1""]",350
cash_monkey_replica,"[""CM-20260920-0001-U2""]",350
cash_monkey_replica,"[""CM-20260920-0002-U1""]",350
cash_monkey_replica,"[""CM-20260920-0003-U1""]",350
cash_monkey_replica,"[""CM-20260920-0004-U1""]",350
cash_monkey_replica,"[""CM-20260920-0005-U1""]",350
cash_monkey_replica,"[""CM-20260920-0006-U1""]",350
cash_monkey_replica,"[""CM-20260920-0007-U1""]",350
cash_monkey_replica,"[""CM-20260920-0008-U1""]",350
cash_monkey_replica,"[""CM-20260920-0009-U1""]",350
cash_monkey_replica,"[""CM-20260920-0010-U1""]",350
cash_monkey_replica,"[""CM-20260920-0011-U1""]",350
cash_monkey_replica,"[""CM-20260920-0012-U1""]",350
cash_monkey_replica,"[""CM-20260920-0013-U1""]",350
cash_monkey_replica,"[""CM-20260920-0014-U1""]",350
cash_monkey_replica,"[""CM-20260920-0015-U1""]",350
cash_monkey_replica,"[""CM-20260920-0016-U1""]",350
cash_monkey_replica,"[""CM-20260920-0016-U2""]",350
cash_monkey_replica,"[""CM-20260920-0017-U1""]",350
cash_monkey_replica,"[""CM-20260920-0018-U1""]",350
cash_monkey_replica,"[""CM-20260920-0019-U1""]",350
cash_monkey_replica,"[""CM-20260920-0020-U1""]",350
cash_monkey_replica,"[""CM-20260920-0021-U1""]",350
cash_monkey_replica,"[""CM-20260920-0022-U1""]",350
cash_monkey_replica,"[""CM-20260920-0023-U1""]",350
cash_monkey_replica,"[""CM-20260920-0024-U1""]",350
cash_monkey_replica,"[""CM-20260920-0025-U1""]",350
cash_monkey_replica,"[""CM-20260920-0026-U1""]",350
cash_monkey_replica,"[""CM-20260920-0027-U1""]",350
cash_monkey_replica,"[""CM-20260920-0028-U1""]",350
cash_monkey_replica,"[""CM-20260920-0029-U1""]",350
cash_monkey_replica,"[""CM-20260920-0030-U1""]",350
cash_monkey_replica,"[""CM-20260921-0001-U1""]",350
cash_monkey_replica,"[""CM-20260921-0001-U2""]",350
cash_monkey_replica,"[""CM-20260921-0002-U1""]",350
cash_monkey_replica,"[""CM-20260921-0003-U1""]",350
cash_monkey_replica,"[""CM-20260921-0004-U1""]",350
cash_monkey_replica,"[""CM-20260921-0005-U1""]",350
cash_monkey_replica,"[""CM-20260921-0006-U1""]",350
cash_monkey_replica,"[""CM-20260921-0007-U1""]",350
cash_monkey_replica,"[""CM-20260921-0008-U1""]",350
cash_monkey_replica,"[""CM-20260921-0009-U1""]",350
cash_monkey_replica,"[""CM-20260921-0010-U1""]",350
cash_monkey_replica,"[""CM-20260921-0011-U1""]",350
cash_monkey_replica,"[""CM-20260921-0012-U1""]",350
cash_monkey_replica,"[""CM-20260921-0013-U1""]",350
cash_monkey_replica,"[""CM-20260921-0014-U1""]",350
cash_monkey_replica,"[""CM-20260921-0015-U1""]",350
cash_monkey_replica,"[""CM-20260921-0016-U1""]",350
cash_monkey_replica,"[""CM-20260921-0016-U2""]",350
cash_monkey_replica,"[""CM-20260921-0017-U1""]",350
cash_monkey_replica,"[""CM-20260921-0018-U1""]",350
cash_monkey_replica,"[""CM-20260921-0019-U1""]",350
cash_monkey_replica,"[""CM-20260921-0020-U1""]",350
cash_monkey_replica,"[""CM-20260921-0021-U1""]",350
cash_monkey_replica,"[""CM-20260921-0022-U1""]",350
cash_monkey_replica,"[""CM-20260921-0023-U1""]",350
cash_monkey_replica,"[""CM-20260921-0024-U1""]",350
cash_monkey_replica,"[""CM-20260921-0025-U1""]",350
cash_monkey_replica,"[""CM-20260921-0026-U1""]",350
cash_monkey_replica,"[""CM-20260921-0027-U1""]",350
cash_monkey_replica,"[""CM-20260921-0028-U1""]",350
cash_monkey_replica,"[""CM-20260921-0029-U1""]",350
cash_monkey_replica,"[""CM-20260921-0030-U1""]",350
cash_monkey_replica,"[""CM-20260922-0001-U1""]",350
cash_monkey_replica,"[""CM-20260922-0001-U2""]",350
cash_monkey_replica,"[""CM-20260922-0002-U1""]",350
cash_monkey_replica,"[""CM-20260922-0003-U1""]",350
cash_monkey_replica,"[""CM-20260922-0004-U1""]",350
cash_monkey_replica,"[""CM-20260922-0005-U1""]",350
cash_monkey_replica,"[""CM-20260922-0006-U1""]",350
cash_monkey_replica,"[""CM-20260922-0007-U1""]",350
cash_monkey_replica,"[""CM-20260922-0008-U1""]",350
cash_monkey_replica,"[""CM-20260922-0009-U1""]",350
cash_monkey_replica,"[""CM-20260922-0010-U1""]",350
cash_monkey_replica,"[""CM-20260922-0011-U1""]",350
cash_monkey_replica,"[""CM-20260922-0012-U1""]",350
cash_monkey_replica,"[""CM-20260922-0013-U1""]",350
cash_monkey_replica,"[""CM-20260922-0014-U1""]",350
cash_monkey_replica,"[""CM-20260922-0015-U1""]",350
cash_monkey_replica,"[""CM-20260922-0016-U1""]",350
cash_monkey_replica,"[""CM-20260922-0016-U2""]",350
cash_monkey_replica,"[""CM-20260922-0017-U1""]",350
cash_monkey_replica,"[""CM-20260922-0018-U1""]",350
cash_monkey_replica,"[""CM-20260922-0019-U1""]",350
cash_monkey_replica,"[""CM-20260922-0020-U1""]",350
cash_monkey_replica,"[""CM-20260922-0021-U1""]",350
cash_monkey_replica,"[""CM-20260922-0022-U1""]",350
cash_monkey_replica,"[""CM-20260922-0023-U1""]",350
cash_monkey_replica,"[""CM-20260922-0024-U1""]",350
cash_monkey_replica,"[""CM-20260922-0025-U1""]",350
cash_monkey_replica,"[""CM-20260922-0026-U1""]",350
cash_monkey_replica,"[""CM-20260922-0027-U1""]",350
cash_monkey_replica,"[""CM-20260922-0028-U1""]",350
cash_monkey_replica,"[""CM-20260922-0029-U1""]",350
cash_monkey_replica,"[""CM-20260922-0030-U1""]",350
cash_monkey_replica,"[""CM-20260923-0001-U1""]",350
cash_monkey_replica,"[""CM-20260923-0001-U2""]",350
cash_monkey_replica,"[""CM-20260923-0002-U1""]",350
cash_monkey_replica,"[""CM-20260923-0003-U1""]",350
cash_monkey_replica,"[""CM-20260923-0004-U1""]",350
cash_monkey_replica,"[""CM-20260923-0005-U1""]",350
cash_monkey_replica,"[""CM-20260923-0006-U1""]",350
cash_monkey_replica,"[""CM-20260923-0007-U1""]",350
cash_monkey_replica,"[""CM-20260923-0008-U1""]",350
cash_monkey_replica,"[""CM-20260923-0009-U1""]",350
cash_monkey_replica,"[""CM-20260923-0010-U1""]",350
cash_monkey_replica,"[""CM-20260923-0011-U1""]",350
cash_monkey_replica,"[""CM-20260923-0012-U1""]",350
cash_monkey_replica,"[""CM-20260923-0013-U1""]",350
cash_monkey_replica,"[""CM-20260923-0014-U1""]",350
cash_monkey_replica,"[""CM-20260923-0015-U1""]",350
cash_monkey_replica,"[""CM-20260923-0016-U1""]",350
cash_monkey_replica,"[""CM-20260923-0016-U2""]",350
cash_monkey_replica,"[""CM-20260923-0017-U1""]",350
cash_monkey_replica,"[""CM-20260923-0018-U1""]",350
cash_monkey_replica,"[""CM-20260923-0019-U1""]",350
cash_monkey_replica,"[""CM-20260923-0020-U1""]",350
cash_monkey_replica,"[""CM-20260923-0021-U1""]",350
cash_monkey_replica,"[""CM-20260923-0022-U1""]",350
cash_monkey_replica,"[""CM-20260923-0023-U1""]",350
cash_monkey_replica,"[""CM-20260923-0024-U1""]",350
cash_monkey_replica,"[""CM-20260923-0025-U1""]",350
cash_monkey_replica,"[""CM-20260923-0026-U1""]",350
cash_monkey_replica,"[""CM-20260923-0027-U1""]",350
cash_monkey_replica,"[""CM-20260923-0028-U1""]",350
cash_monkey_replica,"[""CM-20260923-0029-U1""]",350
cash_monkey_replica,"[""CM-20260923-0030-U1""]",350
cash_monkey_replica,"[""CM-20260924-0001-U1""]",350
cash_monkey_replica,"[""CM-20260924-0001-U2""]",350
cash_monkey_replica,"[""CM-20260924-0002-U1""]",350
cash_monkey_replica,"[""CM-20260924-0003-U1""]",350
cash_monkey_replica,"[""CM-20260924-0004-U1""]",350
cash_monkey_replica,"[""CM-20260924-0005-U1""]",350
cash_monkey_replica,"[""CM-20260924-0006-U1""]",350
cash_monkey_replica,"[""CM-20260924-0007-U1""]",350
cash_monkey_replica,"[""CM-20260924-0008-U1""]",350
cash_monkey_replica,"[""CM-20260924-0009-U1""]",350
cash_monkey_replica,"[""CM-20260924-0010-U1""]",350
cash_monkey_replica,"[""CM-20260924-0011-U1""]",350
cash_monkey_replica,"[""CM-20260924-0012-U1""]",350
cash_monkey_replica,"[""CM-20260924-0013-U1""]",350
cash_monkey_replica,"[""CM-20260924-0014-U1""]",350
cash_monkey_replica,"[""CM-20260924-0015-U1""]",350
cash_monkey_replica,"[""CM-20260924-0016-U1""]",350
cash_monkey_replica,"[""CM-20260924-0016-U2""]",350
cash_monkey_replica,"[""CM-20260924-0017-U1""]",350
cash_monkey_replica,"[""CM-20260924-0018-U1""]",350
cash_monkey_replica,"[""CM-20260924-0019-U1""]",350
cash_monkey_replica,"[""CM-20260924-0020-U1""]",350
cash_monkey_replica,"[""CM-20260924-0021-U1""]",350
cash_monkey_replica,"[""CM-20260924-0022-U1""]",350
cash_monkey_replica,"[""CM-20260924-0023-U1""]",350
cash_monkey_replica,"[""CM-20260924-0024-U1""]",350
cash_monkey_replica,"[""CM-20260924-0025-U1""]",350
cash_monkey_replica,"[""CM-20260924-0026-U1""]",350
cash_monkey_replica,"[""CM-20260924-0027-U1""]",350
cash_monkey_replica,"[""CM-20260924-0028-U1""]",350
cash_monkey_replica,"[""CM-20260924-0029-U1""]",350
cash_monkey_replica,"[""CM-20260924-0030-U1""]",350
cash_monkey_replica,"[""CM-20260925-0001-U1""]",350
cash_monkey_replica,"[""CM-20260925-0001-U2""]",350
cash_monkey_replica,"[""CM-20260925-0002-U1""]",350
cash_monkey_replica,"[""CM-20260925-0003-U1""]",350
cash_monkey_replica,"[""CM-20260925-0004-U1""]",350
cash_monkey_replica,"[""CM-20260925-0005-U1""]",350
cash_monkey_replica,"[""CM-20260925-0006-U1""]",350
cash_monkey_replica,"[""CM-20260925-0007-U1""]",350
cash_monkey_replica,"[""CM-20260925-0008-U1""]",350
cash_monkey_replica,"[""CM-20260925-0009-U1""]",350
cash_monkey_replica,"[""CM-20260925-0010-U1""]",350
cash_monkey_replica,"[""CM-20260925-0011-U1""]",350
cash_monkey_replica,"[""CM-20260925-0012-U1""]",350
cash_monkey_replica,"[""CM-20260925-0013-U1""]",350
cash_monkey_replica,"[""CM-20260925-0014-U1""]",350
cash_monkey_replica,"[""CM-20260925-0015-U1""]",350
cash_monkey_replica,"[""CM-20260925-0016-U1""]",350
cash_monkey_replica,"[""CM-20260925-0016-U2""]",350
cash_monkey_replica,"[""CM-20260925-0017-U1""]",350
cash_monkey_replica,"[""CM-20260925-0018-U1""]",350
cash_monkey_replica,"[""CM-20260925-0019-U1""]",350
cash_monkey_replica,"[""CM-20260925-0020-U1""]",350
cash_monkey_replica,"[""CM-20260925-0021-U1""]",350
cash_monkey_replica,"[""CM-20260925-0022-U1""]",350
cash_monkey_replica,"[""CM-20260925-0023-U1""]",350
cash_monkey_replica,"[""CM-20260925-0024-U1""]",350
cash_monkey_replica,"[""CM-20260925-0025-U1""]",350
cash_monkey_replica,"[""CM-20260925-0026-U1""]",350
cash_monkey_replica,"[""CM-20260925-0027-U1""]",350
cash_monkey_replica,"[""CM-20260925-0028-U1""]",350
cash_monkey_replica,"[""CM-20260925-0029-U1""]",350
cash_monkey_replica,"[""CM-20260925-0030-U1""]",350
cash_monkey_replica,"[""CM-20260926-0001-U1""]",350
cash_monkey_replica,"[""CM-20260926-0001-U2""]",350
cash_monkey_replica,"[""CM-20260926-0002-U1""]",350
cash_monkey_replica,"[""CM-20260926-0003-U1""]",350
cash_monkey_replica,"[""CM-20260926-0004-U1""]",350
cash_monkey_replica,"[""CM-20260926-0005-U1""]",350
cash_monkey_replica,"[""CM-20260926-0006-U1""]",350
cash_monkey_replica,"[""CM-20260926-0007-U1""]",350
cash_monkey_replica,"[""CM-20260926-0008-U1""]",350
cash_monkey_replica,"[""CM-20260926-0009-U1""]",350
cash_monkey_replica,"[""CM-20260926-0010-U1""]",350
cash_monkey_replica,"[""CM-20260926-0011-U1""]",350
cash_monkey_replica,"[""CM-20260926-0012-U1""]",350
cash_monkey_replica,"[""CM-20260926-0013-U1""]",350
cash_monkey_replica,"[""CM-20260926-0014-U1""]",350
cash_monkey_replica,"[""CM-20260926-0015-U1""]",350
cash_monkey_replica,"[""CM-20260926-0016-U1""]",350
cash_monkey_replica,"[""CM-20260926-0016-U2""]",350
cash_monkey_replica,"[""CM-20260926-0017-U1""]",350
cash_monkey_replica,"[""CM-20260926-0018-U1""]",350
cash_monkey_replica,"[""CM-20260926-0019-U1""]",350
cash_monkey_replica,"[""CM-20260926-0020-U1""]",350
cash_monkey_replica,"[""CM-20260926-0021-U1""]",350
cash_monkey_replica,"[""CM-20260926-0022-U1""]",350
cash_monkey_replica,"[""CM-20260926-0023-U1""]",350
cash_monkey_replica,"[""CM-20260926-0024-U1""]",350
cash_monkey_replica,"[""CM-20260926-0025-U1""]",350
cash_monkey_replica,"[""CM-20260926-0026-U1""]",350
cash_monkey_replica,"[""CM-20260926-0027-U1""]",350
cash_monkey_replica,"[""CM-20260926-0028-U1""]",350
cash_monkey_replica,"[""CM-20260926-0029-U1""]",350
cash_monkey_replica,"[""CM-20260926-0030-U1""]",350
cash_monkey_replica,"[""CM-20260927-0001-U1""]",350
cash_monkey_replica,"[""CM-20260927-0001-U2""]",350
cash_monkey_replica,"[""CM-20260927-0002-U1""]",350
cash_monkey_replica,"[""CM-20260927-0003-U1""]",350
cash_monkey_replica,"[""CM-20260927-0004-U1""]",350
cash_monkey_replica,"[""CM-20260927-0005-U1""]",350
cash_monkey_replica,"[""CM-20260927-0006-U1""]",350
cash_monkey_replica,"[""CM-20260927-0007-U1""]",350
cash_monkey_replica,"[""CM-20260927-0008-U1""]",350
cash_monkey_replica,"[""CM-20260927-0009-U1""]",350
cash_monkey_replica,"[""CM-20260927-0010-U1""]",350
cash_monkey_replica,"[""CM-20260927-0011-U1""]",350
cash_monkey_replica,"[""CM-20260927-0012-U1""]",350
cash_monkey_replica,"[""CM-20260927-0013-U1""]",350
cash_monkey_replica,"[""CM-20260927-0014-U1""]",350
cash_monkey_replica,"[""CM-20260927-0015-U1""]",350
cash_monkey_replica,"[""CM-20260927-0016-U1""]",350
cash_monkey_replica,"[""CM-20260927-0016-U2""]",350
cash_monkey_replica,"[""CM-20260927-0017-U1""]",350
cash_monkey_replica,"[""CM-20260927-0018-U1""]",350
cash_monkey_replica,"[""CM-20260927-0019-U1""]",350
cash_monkey_replica,"[""CM-20260927-0020-U1""]",350
cash_monkey_replica,"[""CM-20260927-0021-U1""]",350
cash_monkey_replica,"[""CM-20260927-0022-U1""]",350
cash_monkey_replica,"[""CM-20260927-0023-U1""]",350
cash_monkey_replica,"[""CM-20260927-0024-U1""]",350
cash_monkey_replica,"[""CM-20260927-0025-U1""]",350
cash_monkey_replica,"[""CM-20260927-0026-U1""]",350
cash_monkey_replica,"[""CM-20260927-0027-U1""]",350
cash_monkey_replica,"[""CM-20260927-0028-U1""]",350
cash_monkey_replica,"[""CM-20260927-0029-U1""]",350
cash_monkey_replica,"[""CM-20260927-0030-U1""]",350
cash_monkey_replica,"[""CM-20260928-0001-U1""]",350
cash_monkey_replica,"[""CM-20260928-0001-U2""]",350
cash_monkey_replica,"[""CM-20260928-0002-U1""]",350
cash_monkey_replica,"[""CM-20260928-0003-U1""]",350
cash_monkey_replica,"[""CM-20260928-0004-U1""]",350
cash_monkey_replica,"[""CM-20260928-0005-U1""]",350
cash_monkey_replica,"[""CM-20260928-0006-U1""]",350
cash_monkey_replica,"[""CM-20260928-0007-U1""]",350
cash_monkey_replica,"[""CM-20260928-0008-U1""]",350
cash_monkey_replica,"[""CM-20260928-0009-U1""]",350
cash_monkey_replica,"[""CM-20260928-0010-U1""]",350
cash_monkey_replica,"[""CM-20260928-0011-U1""]",350
cash_monkey_replica,"[""CM-20260928-0012-U1""]",350
cash_monkey_replica,"[""CM-20260928-0013-U1""]",350
cash_monkey_replica,"[""CM-20260928-0014-U1""]",350
cash_monkey_replica,"[""CM-20260928-0015-U1""]",350
cash_monkey_replica,"[""CM-20260928-0016-U1""]",350
cash_monkey_replica,"[""CM-20260928-0016-U2""]",350
cash_monkey_replica,"[""CM-20260928-0017-U1""]",350
cash_monkey_replica,"[""CM-20260928-0018-U1""]",350
cash_monkey_replica,"[""CM-20260928-0019-U1""]",350
cash_monkey_replica,"[""CM-20260928-0020-U1""]",350
cash_monkey_replica,"[""CM-20260928-0021-U1""]",350
cash_monkey_replica,"[""CM-20260928-0022-U1""]",350
cash_monkey_replica,"[""CM-20260928-0023-U1""]",350
cash_monkey_replica,"[""CM-20260928-0024-U1""]",350
cash_monkey_replica,"[""CM-20260928-0025-U1""]",350
cash_monkey_replica,"[""CM-20260928-0026-U1""]",350
cash_monkey_replica,"[""CM-20260928-0027-U1""]",350
cash_monkey_replica,"[""CM-20260928-0028-U1""]",350
cash_monkey_replica,"[""CM-20260928-0029-U1""]",350
cash_monkey_replica,"[""CM-20260928-0030-U1""]",350
cash_monkey_replica,"[""CM-20260929-0001-U1""]",350
cash_monkey_replica,"[""CM-20260929-0001-U2""]",350
cash_monkey_replica,"[""CM-20260929-0002-U1""]",350
cash_monkey_replica,"[""CM-20260929-0003-U1""]",350
cash_monkey_replica,"[""CM-20260929-0004-U1""]",350
cash_monkey_replica,"[""CM-20260929-0005-U1""]",350
cash_monkey_replica,"[""CM-20260929-0006-U1""]",350
cash_monkey_replica,"[""CM-20260929-0007-U1""]",350
cash_monkey_replica,"[""CM-20260929-0008-U1""]",350
cash_monkey_replica,"[""CM-20260929-0009-U1""]",350
cash_monkey_replica,"[""CM-20260929-0010-U1""]",350
cash_monkey_replica,"[""CM-20260929-0011-U1""]",350
cash_monkey_replica,"[""CM-20260929-0012-U1""]",350
cash_monkey_replica,"[""CM-20260929-0013-U1""]",350
cash_monkey_replica,"[""CM-20260929-0014-U1""]",350
cash_monkey_replica,"[""CM-20260929-0015-U1""]",350
cash_monkey_replica,"[""CM-20260929-0016-U1""]",350
cash_monkey_replica,"[""CM-20260929-0016-U2""]",350
cash_monkey_replica,"[""CM-20260929-0017-U1""]",350
cash_monkey_replica,"[""CM-20260929-0018-U1""]",350
cash_monkey_replica,"[""CM-20260929-0019-U1""]",350
cash_monkey_replica,"[""CM-20260929-0020-U1""]",350
cash_monkey_replica,"[""CM-20260929-0021-U1""]",350
cash_monkey_replica,"[""CM-20260929-0022-U1""]",350
cash_monkey_replica,"[""CM-20260929-0023-U1""]",350
cash_monkey_replica,"[""CM-20260929-0024-U1""]",350
cash_monkey_replica,"[""CM-20260929-0025-U1""]",350
cash_monkey_replica,"[""CM-20260929-0026-U1""]",350
cash_monkey_replica,"[""CM-20260929-0027-U1""]",350
cash_monkey_replica,"[""CM-20260929-0028-U1""]",350
cash_monkey_replica,"[""CM-20260929-0029-U1""]",350
cash_monkey_replica,"[""CM-20260929-0030-U1""]",350
cash_monkey_replica,"[""CM-20260930-0001-U1""]",350
cash_monkey_replica,"[""CM-20260930-0001-U2""]",350
cash_monkey_replica,"[""CM-20260930-0002-U1""]",350
cash_monkey_replica,"[""CM-20260930-0003-U1""]",350
cash_monkey_replica,"[""CM-20260930-0004-U1""]",350
cash_monkey_replica,"[""CM-20260930-0005-U1""]",350
cash_monkey_replica,"[""CM-20260930-0006-U1""]",350
cash_monkey_replica,"[""CM-20260930-0007-U1""]",350
cash_monkey_replica,"[""CM-20260930-0008-U1""]",350
cash_monkey_replica,"[""CM-20260930-0009-U1""]",350
cash_monkey_replica,"[""CM-20260930-0010-U1""]",350
cash_monkey_replica,"[""CM-20260930-0011-U1""]",350
cash_monkey_replica,"[""CM-20260930-0012-U1""]",350
cash_monkey_replica,"[""CM-20260930-0013-U1""]",350
cash_monkey_replica,"[""CM-20260930-0014-U1""]",350
cash_monkey_replica,"[""CM-20260930-0015-U1""]",350
cash_monkey_replica,"[""CM-20260930-0016-U1""]",350
cash_monkey_replica,"[""CM-20260930-0016-U2""]",350
cash_monkey_replica,"[""CM-20260930-0017-U1""]",350
cash_monkey_replica,"[""CM-20260930-0018-U1""]",350
cash_monkey_replica,"[""CM-20260930-0019-U1""]",350
cash_monkey_replica,"[""CM-20260930-0020-U1""]",350
cash_monkey_replica,"[""CM-20260930-0021-U1""]",350
cash_monkey_replica,"[""CM-20260930-0022-U1""]",350
cash_monkey_replica,"[""CM-20260930-0023-U1""]",350
cash_monkey_replica,"[""CM-20260930-0024-U1""]",350
cash_monkey_replica,"[""CM-20260930-0025-U1""]",350
cash_monkey_replica,"[""CM-20260930-0026-U1""]",350
cash_monkey_replica,"[""CM-20260930-0027-U1""]",350
cash_monkey_replica,"[""CM-20260930-0028-U1""]",350
cash_monkey_replica,"[""CM-20260930-0029-U1""]",350
cash_monkey_replica,"[""CM-20260930-0030-U1""]",350
