paid_order_id,paid_at,item_id,store_id,channel,buyer_id,item_title,category,quantity,gross_sales,shipping_collected,sales_tax,marketplace_fee,refund_amount,net_sales,source_name,synthetic,grain,reporting_date,reporting_timezone,currency
UP-20260901-0001,2026-09-01T18:00:00+00:00,DEMO-ITEM-20260901-0001,GW-001,Shopgoodwill,DEMO-UPRIGHT-0001,Vintage ceramic vase,Home,1,92.91,3.99,6.50,9.29,46.45,46.46,upright_replica,true,one row per paid order,2026-09-01,America/Indiana/Indianapolis,USD
UP-20260901-0002,2026-09-01T19:00:00+00:00,DEMO-ITEM-20260901-0002,GW-002,eBay,DEMO-UPRIGHT-0002,"Wool cardigan, size S",Apparel,1,95.02,4.99,6.65,9.50,0.00,95.02,upright_replica,true,one row per paid order,2026-09-01,America/Indiana/Indianapolis,USD
UP-20260901-0003,2026-09-01T20:00:00+00:00,DEMO-ITEM-20260901-0003,GW-003,Goodwillfinds,DEMO-UPRIGHT-0003,Framed landscape print,Art,1,97.13,5.99,6.79,9.71,0.00,97.13,upright_replica,true,one row per paid order,2026-09-01,America/Indiana/Indianapolis,USD
UP-20260901-0004,2026-09-01T21:00:00+00:00,DEMO-ITEM-20260901-0004,GW-004,Shopgoodwill,DEMO-UPRIGHT-0004,Silver-tone necklace,Jewelry,1,99.24,6.99,6.94,9.92,0.00,99.24,upright_replica,true,one row per paid order,2026-09-01,America/Indiana/Indianapolis,USD
UP-20260901-0005,2026-09-01T18:00:00+00:00,DEMO-ITEM-20260901-0005,GW-005,eBay,DEMO-UPRIGHT-0005,Vintage ceramic vase,Home,1,16.35,7.99,1.14,1.63,0.00,16.35,upright_replica,true,one row per paid order,2026-09-01,America/Indiana/Indianapolis,USD
UP-20260901-0006,2026-09-01T19:00:00+00:00,DEMO-ITEM-20260901-0006,GW-006,Goodwillfinds,DEMO-UPRIGHT-0006,"Wool cardigan, size S",Apparel,1,18.46,3.99,1.29,1.84,0.00,18.46,upright_replica,true,one row per paid order,2026-09-01,America/Indiana/Indianapolis,USD
UP-20260901-0007,2026-09-01T20:00:00+00:00,DEMO-ITEM-20260901-0007,GW-007,Shopgoodwill,DEMO-UPRIGHT-0007,Framed landscape print,Art,1,20.57,4.99,1.43,2.05,0.00,20.57,upright_replica,true,one row per paid order,2026-09-01,America/Indiana/Indianapolis,USD
UP-20260901-0008,2026-09-01T21:00:00+00:00,DEMO-ITEM-20260901-0008,GW-008,eBay,DEMO-UPRIGHT-0008,Silver-tone necklace,Jewelry,1,22.68,5.99,1.58,2.26,0.00,22.68,upright_replica,true,one row per paid order,2026-09-01,America/Indiana/Indianapolis,USD
UP-20260901-0009,2026-09-01T18:00:00+00:00,DEMO-ITEM-20260901-0009,GW-009,Goodwillfinds,DEMO-UPRIGHT-0009,Vintage ceramic vase,Home,1,24.79,6.99,1.73,2.47,0.00,24.79,upright_replica,true,one row per paid order,2026-09-01,America/Indiana/Indianapolis,USD
UP-20260901-0010,2026-09-01T19:00:00+00:00,DEMO-ITEM-20260901-0010,GW-010,Shopgoodwill,DEMO-UPRIGHT-0010,"Wool cardigan, size S",Apparel,1,26.90,7.99,1.88,2.69,0.00,26.90,upright_replica,true,one row per paid order,2026-09-01,America/Indiana/Indianapolis,USD
UP-20260901-0011,2026-09-01T20:00:00+00:00,DEMO-ITEM-20260901-0011,GW-011,eBay,DEMO-UPRIGHT-0011,Framed landscape print,Art,1,29.01,3.99,2.03,2.90,0.00,29.01,upright_replica,true,one row per paid order,2026-09-01,America/Indiana/Indianapolis,USD
UP-20260901-0012,2026-09-01T21:00:00+00:00,DEMO-ITEM-20260901-0012,GW-012,Goodwillfinds,DEMO-UPRIGHT-0012,Silver-tone necklace,Jewelry,1,31.12,4.99,2.17,3.11,0.00,31.12,upright_replica,true,one row per paid order,2026-09-01,America/Indiana/Indianapolis,USD
UP-20260901-0013,2026-09-01T18:00:00+00:00,DEMO-ITEM-20260901-0013,GW-013,Shopgoodwill,DEMO-UPRIGHT-0013,Vintage ceramic vase,Home,1,33.23,5.99,2.32,3.32,0.00,33.23,upright_replica,true,one row per paid order,2026-09-01,America/Indiana/Indianapolis,USD
UP-20260901-0014,2026-09-01T19:00:00+00:00,DEMO-ITEM-20260901-0014,GW-014,eBay,DEMO-UPRIGHT-0014,"Wool cardigan, size S",Apparel,1,35.34,6.99,2.47,3.53,0.00,35.34,upright_replica,true,one row per paid order,2026-09-01,America/Indiana/Indianapolis,USD
UP-20260901-0015,2026-09-01T20:00:00+00:00,DEMO-ITEM-20260901-0015,GW-015,Goodwillfinds,DEMO-UPRIGHT-0015,Framed landscape print,Art,1,37.45,7.99,2.62,3.74,0.00,37.45,upright_replica,true,one row per paid order,2026-09-01,America/Indiana/Indianapolis,USD
UP-20260901-0016,2026-09-01T21:00:00+00:00,DEMO-ITEM-20260901-0016,GW-016,Shopgoodwill,DEMO-UPRIGHT-0016,Silver-tone necklace,Jewelry,1,39.56,3.99,2.76,3.95,0.00,39.56,upright_replica,true,one row per paid order,2026-09-01,America/Indiana/Indianapolis,USD
UP-20260901-0017,2026-09-01T18:00:00+00:00,DEMO-ITEM-20260901-0017,GW-017,eBay,DEMO-UPRIGHT-0017,Vintage ceramic vase,Home,1,41.67,4.99,2.91,4.16,0.00,41.67,upright_replica,true,one row per paid order,2026-09-01,America/Indiana/Indianapolis,USD
UP-20260901-0018,2026-09-01T19:00:00+00:00,DEMO-ITEM-20260901-0018,GW-018,Goodwillfinds,DEMO-UPRIGHT-0018,"Wool cardigan, size S",Apparel,1,43.78,5.99,3.06,4.37,21.89,21.89,upright_replica,true,one row per paid order,2026-09-01,America/Indiana/Indianapolis,USD
UP-20260901-0019,2026-09-01T20:00:00+00:00,DEMO-ITEM-20260901-0019,GW-019,Shopgoodwill,DEMO-UPRIGHT-0019,Framed landscape print,Art,1,45.89,6.99,3.21,4.58,0.00,45.89,upright_replica,true,one row per paid order,2026-09-01,America/Indiana/Indianapolis,USD
UP-20260901-0020,2026-09-01T21:00:00+00:00,DEMO-ITEM-20260901-0020,GW-020,eBay,DEMO-UPRIGHT-0020,Silver-tone necklace,Jewelry,1,48.00,7.99,3.36,4.80,0.00,48.00,upright_replica,true,one row per paid order,2026-09-01,America/Indiana/Indianapolis,USD
UP-20260901-0021,2026-09-01T18:00:00+00:00,DEMO-ITEM-20260901-0021,GW-021,Goodwillfinds,DEMO-UPRIGHT-0021,Vintage ceramic vase,Home,1,50.11,3.99,3.50,5.01,0.00,50.11,upright_replica,true,one row per paid order,2026-09-01,America/Indiana/Indianapolis,USD
UP-20260901-0022,2026-09-01T19:00:00+00:00,DEMO-ITEM-20260901-0022,GW-022,Shopgoodwill,DEMO-UPRIGHT-0022,"Wool cardigan, size S",Apparel,1,52.22,4.99,3.65,5.22,0.00,52.22,upright_replica,true,one row per paid order,2026-09-01,America/Indiana/Indianapolis,USD
UP-20260901-0023,2026-09-01T20:00:00+00:00,DEMO-ITEM-20260901-0023,GW-023,eBay,DEMO-UPRIGHT-0023,Framed landscape print,Art,1,54.33,5.99,3.80,5.43,0.00,54.33,upright_replica,true,one row per paid order,2026-09-01,America/Indiana/Indianapolis,USD
UP-20260901-0024,2026-09-01T21:00:00+00:00,DEMO-ITEM-20260901-0024,GW-024,Goodwillfinds,DEMO-UPRIGHT-0024,Silver-tone necklace,Jewelry,1,56.44,6.99,3.95,5.64,0.00,56.44,upright_replica,true,one row per paid order,2026-09-01,America/Indiana/Indianapolis,USD
UP-20260901-0025,2026-09-01T18:00:00+00:00,DEMO-ITEM-20260901-0025,GW-001,Shopgoodwill,DEMO-UPRIGHT-0025,Vintage ceramic vase,Home,1,58.55,7.99,4.09,5.85,0.00,58.55,upright_replica,true,one row per paid order,2026-09-01,America/Indiana/Indianapolis,USD
UP-20260901-0026,2026-09-01T19:00:00+00:00,DEMO-ITEM-20260901-0026,GW-002,eBay,DEMO-UPRIGHT-0026,"Wool cardigan, size S",Apparel,1,60.66,3.99,4.24,6.06,0.00,60.66,upright_replica,true,one row per paid order,2026-09-01,America/Indiana/Indianapolis,USD
UP-20260901-0027,2026-09-01T20:00:00+00:00,DEMO-ITEM-20260901-0027,GW-003,Goodwillfinds,DEMO-UPRIGHT-0027,Framed landscape print,Art,1,62.77,4.99,4.39,6.27,0.00,62.77,upright_replica,true,one row per paid order,2026-09-01,America/Indiana/Indianapolis,USD
UP-20260901-0028,2026-09-01T21:00:00+00:00,DEMO-ITEM-20260901-0028,GW-004,Shopgoodwill,DEMO-UPRIGHT-0028,Silver-tone necklace,Jewelry,1,64.88,5.99,4.54,6.48,0.00,64.88,upright_replica,true,one row per paid order,2026-09-01,America/Indiana/Indianapolis,USD
UP-20260901-0029,2026-09-01T18:00:00+00:00,DEMO-ITEM-20260901-0029,GW-005,eBay,DEMO-UPRIGHT-0029,Vintage ceramic vase,Home,1,66.99,6.99,4.68,6.69,0.00,66.99,upright_replica,true,one row per paid order,2026-09-01,America/Indiana/Indianapolis,USD
UP-20260901-0030,2026-09-01T19:00:00+00:00,DEMO-ITEM-20260901-0030,GW-006,Goodwillfinds,DEMO-UPRIGHT-0030,"Wool cardigan, size S",Apparel,1,69.10,7.99,4.83,6.91,0.00,69.10,upright_replica,true,one row per paid order,2026-09-01,America/Indiana/Indianapolis,USD
UP-20260901-0031,2026-09-01T20:00:00+00:00,DEMO-ITEM-20260901-0031,GW-007,Shopgoodwill,DEMO-UPRIGHT-0031,Framed landscape print,Art,1,71.21,3.99,4.98,7.12,0.00,71.21,upright_replica,true,one row per paid order,2026-09-01,America/Indiana/Indianapolis,USD
UP-20260901-0032,2026-09-01T21:00:00+00:00,DEMO-ITEM-20260901-0032,GW-008,eBay,DEMO-UPRIGHT-0032,Silver-tone necklace,Jewelry,1,73.32,4.99,5.13,7.33,0.00,73.32,upright_replica,true,one row per paid order,2026-09-01,America/Indiana/Indianapolis,USD
UP-20260901-0033,2026-09-01T18:00:00+00:00,DEMO-ITEM-20260901-0033,GW-009,Goodwillfinds,DEMO-UPRIGHT-0033,Vintage ceramic vase,Home,1,75.43,5.99,5.28,7.54,0.00,75.43,upright_replica,true,one row per paid order,2026-09-01,America/Indiana/Indianapolis,USD
UP-20260901-0034,2026-09-01T19:00:00+00:00,DEMO-ITEM-20260901-0034,GW-010,Shopgoodwill,DEMO-UPRIGHT-0034,"Wool cardigan, size S",Apparel,1,77.54,6.99,5.42,7.75,0.00,77.54,upright_replica,true,one row per paid order,2026-09-01,America/Indiana/Indianapolis,USD
UP-20260901-0035,2026-09-01T20:00:00+00:00,DEMO-ITEM-20260901-0035,GW-011,eBay,DEMO-UPRIGHT-0035,Framed landscape print,Art,1,79.65,7.99,5.57,7.96,39.82,39.83,upright_replica,true,one row per paid order,2026-09-01,America/Indiana/Indianapolis,USD
UP-20260901-0036,2026-09-01T21:00:00+00:00,DEMO-ITEM-20260901-0036,GW-012,Goodwillfinds,DEMO-UPRIGHT-0036,Silver-tone necklace,Jewelry,1,81.76,3.99,5.72,8.17,0.00,81.76,upright_replica,true,one row per paid order,2026-09-01,America/Indiana/Indianapolis,USD
UP-20260901-0037,2026-09-01T18:00:00+00:00,DEMO-ITEM-20260901-0037,GW-013,Shopgoodwill,DEMO-UPRIGHT-0037,Vintage ceramic vase,Home,1,83.87,4.99,5.87,8.38,0.00,83.87,upright_replica,true,one row per paid order,2026-09-01,America/Indiana/Indianapolis,USD
UP-20260901-0038,2026-09-01T19:00:00+00:00,DEMO-ITEM-20260901-0038,GW-014,eBay,DEMO-UPRIGHT-0038,"Wool cardigan, size S",Apparel,1,85.98,5.99,6.01,8.59,0.00,85.98,upright_replica,true,one row per paid order,2026-09-01,America/Indiana/Indianapolis,USD
UP-20260901-0039,2026-09-01T20:00:00+00:00,DEMO-ITEM-20260901-0039,GW-015,Goodwillfinds,DEMO-UPRIGHT-0039,Framed landscape print,Art,1,88.09,6.99,6.16,8.80,0.00,88.09,upright_replica,true,one row per paid order,2026-09-01,America/Indiana/Indianapolis,USD
UP-20260901-0040,2026-09-01T21:00:00+00:00,DEMO-ITEM-20260901-0040,GW-016,Shopgoodwill,DEMO-UPRIGHT-0040,Silver-tone necklace,Jewelry,1,90.20,7.99,6.31,9.02,0.00,90.20,upright_replica,true,one row per paid order,2026-09-01,America/Indiana/Indianapolis,USD
UP-20260901-0041,2026-09-01T18:00:00+00:00,DEMO-ITEM-20260901-0041,GW-017,eBay,DEMO-UPRIGHT-0041,Vintage ceramic vase,Home,1,92.31,3.99,6.46,9.23,0.00,92.31,upright_replica,true,one row per paid order,2026-09-01,America/Indiana/Indianapolis,USD
UP-20260901-0042,2026-09-01T19:00:00+00:00,DEMO-ITEM-20260901-0042,GW-018,Goodwillfinds,DEMO-UPRIGHT-0042,"Wool cardigan, size S",Apparel,1,94.42,4.99,6.60,9.44,0.00,94.42,upright_replica,true,one row per paid order,2026-09-01,America/Indiana/Indianapolis,USD
UP-20260901-0043,2026-09-01T20:00:00+00:00,DEMO-ITEM-20260901-0043,GW-019,Shopgoodwill,DEMO-UPRIGHT-0043,Framed landscape print,Art,1,96.53,5.99,6.75,9.65,0.00,96.53,upright_replica,true,one row per paid order,2026-09-01,America/Indiana/Indianapolis,USD
UP-20260901-0044,2026-09-01T21:00:00+00:00,DEMO-ITEM-20260901-0044,GW-020,eBay,DEMO-UPRIGHT-0044,Silver-tone necklace,Jewelry,1,98.64,6.99,6.90,9.86,0.00,98.64,upright_replica,true,one row per paid order,2026-09-01,America/Indiana/Indianapolis,USD
UP-20260901-0045,2026-09-01T18:00:00+00:00,DEMO-ITEM-20260901-0045,GW-021,Goodwillfinds,DEMO-UPRIGHT-0045,Vintage ceramic vase,Home,1,15.75,7.99,1.10,1.57,0.00,15.75,upright_replica,true,one row per paid order,2026-09-01,America/Indiana/Indianapolis,USD
UP-20260901-0046,2026-09-01T19:00:00+00:00,DEMO-ITEM-20260901-0046,GW-022,Shopgoodwill,DEMO-UPRIGHT-0046,"Wool cardigan, size S",Apparel,1,17.86,3.99,1.25,1.78,0.00,17.86,upright_replica,true,one row per paid order,2026-09-01,America/Indiana/Indianapolis,USD
UP-20260901-0047,2026-09-01T20:00:00+00:00,DEMO-ITEM-20260901-0047,GW-023,eBay,DEMO-UPRIGHT-0047,Framed landscape print,Art,1,19.97,4.99,1.39,1.99,0.00,19.97,upright_replica,true,one row per paid order,2026-09-01,America/Indiana/Indianapolis,USD
UP-20260901-0048,2026-09-01T21:00:00+00:00,DEMO-ITEM-20260901-0048,GW-024,Goodwillfinds,DEMO-UPRIGHT-0048,Silver-tone necklace,Jewelry,1,22.08,5.99,1.54,2.20,0.00,22.08,upright_replica,true,one row per paid order,2026-09-01,America/Indiana/Indianapolis,USD
UP-20260901-0049,2026-09-01T18:00:00+00:00,DEMO-ITEM-20260901-0049,GW-001,Shopgoodwill,DEMO-UPRIGHT-0049,Vintage ceramic vase,Home,1,24.19,6.99,1.69,2.41,0.00,24.19,upright_replica,true,one row per paid order,2026-09-01,America/Indiana/Indianapolis,USD
UP-20260901-0050,2026-09-01T19:00:00+00:00,DEMO-ITEM-20260901-0050,GW-002,eBay,DEMO-UPRIGHT-0050,"Wool cardigan, size S",Apparel,1,26.30,7.99,1.84,2.63,0.00,26.30,upright_replica,true,one row per paid order,2026-09-01,America/Indiana/Indianapolis,USD
UP-20260901-0051,2026-09-01T20:00:00+00:00,DEMO-ITEM-20260901-0051,GW-003,Goodwillfinds,DEMO-UPRIGHT-0051,Framed landscape print,Art,1,28.41,3.99,1.98,2.84,0.00,28.41,upright_replica,true,one row per paid order,2026-09-01,America/Indiana/Indianapolis,USD
UP-20260901-0052,2026-09-01T21:00:00+00:00,DEMO-ITEM-20260901-0052,GW-004,Shopgoodwill,DEMO-UPRIGHT-0052,Silver-tone necklace,Jewelry,1,30.52,4.99,2.13,3.05,15.26,15.26,upright_replica,true,one row per paid order,2026-09-01,America/Indiana/Indianapolis,USD
UP-20260901-0053,2026-09-01T18:00:00+00:00,DEMO-ITEM-20260901-0053,GW-005,eBay,DEMO-UPRIGHT-0053,Vintage ceramic vase,Home,1,32.63,5.99,2.28,3.26,0.00,32.63,upright_replica,true,one row per paid order,2026-09-01,America/Indiana/Indianapolis,USD
UP-20260901-0054,2026-09-01T19:00:00+00:00,DEMO-ITEM-20260901-0054,GW-006,Goodwillfinds,DEMO-UPRIGHT-0054,"Wool cardigan, size S",Apparel,1,34.74,6.99,2.43,3.47,0.00,34.74,upright_replica,true,one row per paid order,2026-09-01,America/Indiana/Indianapolis,USD
UP-20260901-0055,2026-09-01T20:00:00+00:00,DEMO-ITEM-20260901-0055,GW-007,Shopgoodwill,DEMO-UPRIGHT-0055,Framed landscape print,Art,1,36.85,7.99,2.57,3.68,0.00,36.85,upright_replica,true,one row per paid order,2026-09-01,America/Indiana/Indianapolis,USD
UP-20260901-0056,2026-09-01T21:00:00+00:00,DEMO-ITEM-20260901-0056,GW-008,eBay,DEMO-UPRIGHT-0056,Silver-tone necklace,Jewelry,1,38.96,3.99,2.72,3.89,0.00,38.96,upright_replica,true,one row per paid order,2026-09-01,America/Indiana/Indianapolis,USD
UP-20260901-0057,2026-09-01T18:00:00+00:00,DEMO-ITEM-20260901-0057,GW-009,Goodwillfinds,DEMO-UPRIGHT-0057,Vintage ceramic vase,Home,1,41.07,4.99,2.87,4.10,0.00,41.07,upright_replica,true,one row per paid order,2026-09-01,America/Indiana/Indianapolis,USD
UP-20260901-0058,2026-09-01T19:00:00+00:00,DEMO-ITEM-20260901-0058,GW-010,Shopgoodwill,DEMO-UPRIGHT-0058,"Wool cardigan, size S",Apparel,1,43.18,5.99,3.02,4.31,0.00,43.18,upright_replica,true,one row per paid order,2026-09-01,America/Indiana/Indianapolis,USD
UP-20260901-0059,2026-09-01T20:00:00+00:00,DEMO-ITEM-20260901-0059,GW-011,eBay,DEMO-UPRIGHT-0059,Framed landscape print,Art,1,45.29,6.99,3.17,4.52,0.00,45.29,upright_replica,true,one row per paid order,2026-09-01,America/Indiana/Indianapolis,USD
UP-20260901-0060,2026-09-01T21:00:00+00:00,DEMO-ITEM-20260901-0060,GW-012,Goodwillfinds,DEMO-UPRIGHT-0060,Silver-tone necklace,Jewelry,1,47.40,7.99,3.31,4.74,0.00,47.40,upright_replica,true,one row per paid order,2026-09-01,America/Indiana/Indianapolis,USD
UP-20260901-0061,2026-09-01T18:00:00+00:00,DEMO-ITEM-20260901-0061,GW-013,Shopgoodwill,DEMO-UPRIGHT-0061,Vintage ceramic vase,Home,1,49.51,3.99,3.46,4.95,0.00,49.51,upright_replica,true,one row per paid order,2026-09-01,America/Indiana/Indianapolis,USD
UP-20260901-0062,2026-09-01T19:00:00+00:00,DEMO-ITEM-20260901-0062,GW-014,eBay,DEMO-UPRIGHT-0062,"Wool cardigan, size S",Apparel,1,51.62,4.99,3.61,5.16,0.00,51.62,upright_replica,true,one row per paid order,2026-09-01,America/Indiana/Indianapolis,USD
UP-20260901-0063,2026-09-01T20:00:00+00:00,DEMO-ITEM-20260901-0063,GW-015,Goodwillfinds,DEMO-UPRIGHT-0063,Framed landscape print,Art,1,53.73,5.99,3.76,5.37,0.00,53.73,upright_replica,true,one row per paid order,2026-09-01,America/Indiana/Indianapolis,USD
UP-20260901-0064,2026-09-01T21:00:00+00:00,DEMO-ITEM-20260901-0064,GW-016,Shopgoodwill,DEMO-UPRIGHT-0064,Silver-tone necklace,Jewelry,1,55.84,6.99,3.90,5.58,0.00,55.84,upright_replica,true,one row per paid order,2026-09-01,America/Indiana/Indianapolis,USD
UP-20260901-0065,2026-09-01T18:00:00+00:00,DEMO-ITEM-20260901-0065,GW-017,eBay,DEMO-UPRIGHT-0065,Vintage ceramic vase,Home,1,57.95,7.99,4.05,5.79,0.00,57.95,upright_replica,true,one row per paid order,2026-09-01,America/Indiana/Indianapolis,USD
UP-20260901-0066,2026-09-01T19:00:00+00:00,DEMO-ITEM-20260901-0066,GW-018,Goodwillfinds,DEMO-UPRIGHT-0066,"Wool cardigan, size S",Apparel,1,60.06,3.99,4.20,6.00,0.00,60.06,upright_replica,true,one row per paid order,2026-09-01,America/Indiana/Indianapolis,USD
UP-20260901-0067,2026-09-01T20:00:00+00:00,DEMO-ITEM-20260901-0067,GW-019,Shopgoodwill,DEMO-UPRIGHT-0067,Framed landscape print,Art,1,62.17,4.99,4.35,6.21,0.00,62.17,upright_replica,true,one row per paid order,2026-09-01,America/Indiana/Indianapolis,USD
UP-20260901-0068,2026-09-01T21:00:00+00:00,DEMO-ITEM-20260901-0068,GW-020,eBay,DEMO-UPRIGHT-0068,Silver-tone necklace,Jewelry,1,64.28,5.99,4.49,6.42,0.00,64.28,upright_replica,true,one row per paid order,2026-09-01,America/Indiana/Indianapolis,USD
UP-20260901-0069,2026-09-01T18:00:00+00:00,DEMO-ITEM-20260901-0069,GW-021,Goodwillfinds,DEMO-UPRIGHT-0069,Vintage ceramic vase,Home,1,66.39,6.99,4.64,6.63,33.19,33.20,upright_replica,true,one row per paid order,2026-09-01,America/Indiana/Indianapolis,USD
UP-20260901-0070,2026-09-01T19:00:00+00:00,DEMO-ITEM-20260901-0070,GW-022,Shopgoodwill,DEMO-UPRIGHT-0070,"Wool cardigan, size S",Apparel,1,68.50,7.99,4.79,6.85,0.00,68.50,upright_replica,true,one row per paid order,2026-09-01,America/Indiana/Indianapolis,USD
UP-20260901-0071,2026-09-01T20:00:00+00:00,DEMO-ITEM-20260901-0071,GW-023,eBay,DEMO-UPRIGHT-0071,Framed landscape print,Art,1,70.61,3.99,4.94,7.06,0.00,70.61,upright_replica,true,one row per paid order,2026-09-01,America/Indiana/Indianapolis,USD
UP-20260901-0072,2026-09-01T21:00:00+00:00,DEMO-ITEM-20260901-0072,GW-024,Goodwillfinds,DEMO-UPRIGHT-0072,Silver-tone necklace,Jewelry,1,72.72,4.99,5.09,7.27,0.00,72.72,upright_replica,true,one row per paid order,2026-09-01,America/Indiana/Indianapolis,USD
UP-20260901-0073,2026-09-01T18:00:00+00:00,DEMO-ITEM-20260901-0073,GW-001,Shopgoodwill,DEMO-UPRIGHT-0073,Vintage ceramic vase,Home,1,74.83,5.99,5.23,7.48,0.00,74.83,upright_replica,true,one row per paid order,2026-09-01,America/Indiana/Indianapolis,USD
UP-20260901-0074,2026-09-01T19:00:00+00:00,DEMO-ITEM-20260901-0074,GW-002,eBay,DEMO-UPRIGHT-0074,"Wool cardigan, size S",Apparel,1,76.94,6.99,5.38,7.69,0.00,76.94,upright_replica,true,one row per paid order,2026-09-01,America/Indiana/Indianapolis,USD
UP-20260901-0075,2026-09-01T20:00:00+00:00,DEMO-ITEM-20260901-0075,GW-003,Goodwillfinds,DEMO-UPRIGHT-0075,Framed landscape print,Art,1,79.05,7.99,5.53,7.90,0.00,79.05,upright_replica,true,one row per paid order,2026-09-01,America/Indiana/Indianapolis,USD
UP-20260901-0076,2026-09-01T21:00:00+00:00,DEMO-ITEM-20260901-0076,GW-004,Shopgoodwill,DEMO-UPRIGHT-0076,Silver-tone necklace,Jewelry,1,81.16,3.99,5.68,8.11,0.00,81.16,upright_replica,true,one row per paid order,2026-09-01,America/Indiana/Indianapolis,USD
UP-20260901-0077,2026-09-01T18:00:00+00:00,DEMO-ITEM-20260901-0077,GW-005,eBay,DEMO-UPRIGHT-0077,Vintage ceramic vase,Home,1,83.27,4.99,5.82,8.32,0.00,83.27,upright_replica,true,one row per paid order,2026-09-01,America/Indiana/Indianapolis,USD
UP-20260901-0078,2026-09-01T19:00:00+00:00,DEMO-ITEM-20260901-0078,GW-006,Goodwillfinds,DEMO-UPRIGHT-0078,"Wool cardigan, size S",Apparel,1,85.38,5.99,5.97,8.53,0.00,85.38,upright_replica,true,one row per paid order,2026-09-01,America/Indiana/Indianapolis,USD
UP-20260901-0079,2026-09-01T20:00:00+00:00,DEMO-ITEM-20260901-0079,GW-007,Shopgoodwill,DEMO-UPRIGHT-0079,Framed landscape print,Art,1,87.49,6.99,6.12,8.74,0.00,87.49,upright_replica,true,one row per paid order,2026-09-01,America/Indiana/Indianapolis,USD
UP-20260901-0080,2026-09-01T21:00:00+00:00,DEMO-ITEM-20260901-0080,GW-008,eBay,DEMO-UPRIGHT-0080,Silver-tone necklace,Jewelry,1,89.60,7.99,6.27,8.96,0.00,89.60,upright_replica,true,one row per paid order,2026-09-01,America/Indiana/Indianapolis,USD
UP-20260901-0081,2026-09-01T18:00:00+00:00,DEMO-ITEM-20260901-0081,GW-009,Goodwillfinds,DEMO-UPRIGHT-0081,Vintage ceramic vase,Home,1,91.71,3.99,6.41,9.17,0.00,91.71,upright_replica,true,one row per paid order,2026-09-01,America/Indiana/Indianapolis,USD
UP-20260901-0082,2026-09-01T19:00:00+00:00,DEMO-ITEM-20260901-0082,GW-010,Shopgoodwill,DEMO-UPRIGHT-0082,"Wool cardigan, size S",Apparel,1,93.82,4.99,6.56,9.38,0.00,93.82,upright_replica,true,one row per paid order,2026-09-01,America/Indiana/Indianapolis,USD
UP-20260901-0083,2026-09-01T20:00:00+00:00,DEMO-ITEM-20260901-0083,GW-011,eBay,DEMO-UPRIGHT-0083,Framed landscape print,Art,1,95.93,5.99,6.71,9.59,0.00,95.93,upright_replica,true,one row per paid order,2026-09-01,America/Indiana/Indianapolis,USD
UP-20260901-0084,2026-09-01T21:00:00+00:00,DEMO-ITEM-20260901-0084,GW-012,Goodwillfinds,DEMO-UPRIGHT-0084,Silver-tone necklace,Jewelry,1,98.04,6.99,6.86,9.80,0.00,98.04,upright_replica,true,one row per paid order,2026-09-01,America/Indiana/Indianapolis,USD
UP-20260901-0085,2026-09-01T18:00:00+00:00,DEMO-ITEM-20260901-0085,GW-013,Shopgoodwill,DEMO-UPRIGHT-0085,Vintage ceramic vase,Home,1,15.15,7.99,1.06,1.51,0.00,15.15,upright_replica,true,one row per paid order,2026-09-01,America/Indiana/Indianapolis,USD
UP-20260901-0086,2026-09-01T19:00:00+00:00,DEMO-ITEM-20260901-0086,GW-014,eBay,DEMO-UPRIGHT-0086,"Wool cardigan, size S",Apparel,1,17.26,3.99,1.20,1.72,8.63,8.63,upright_replica,true,one row per paid order,2026-09-01,America/Indiana/Indianapolis,USD
UP-20260901-0087,2026-09-01T20:00:00+00:00,DEMO-ITEM-20260901-0087,GW-015,Goodwillfinds,DEMO-UPRIGHT-0087,Framed landscape print,Art,1,19.37,4.99,1.35,1.93,0.00,19.37,upright_replica,true,one row per paid order,2026-09-01,America/Indiana/Indianapolis,USD
UP-20260901-0088,2026-09-01T21:00:00+00:00,DEMO-ITEM-20260901-0088,GW-016,Shopgoodwill,DEMO-UPRIGHT-0088,Silver-tone necklace,Jewelry,1,21.48,5.99,1.50,2.14,0.00,21.48,upright_replica,true,one row per paid order,2026-09-01,America/Indiana/Indianapolis,USD
UP-20260901-0089,2026-09-01T18:00:00+00:00,DEMO-ITEM-20260901-0089,GW-017,eBay,DEMO-UPRIGHT-0089,Vintage ceramic vase,Home,1,23.59,6.99,1.65,2.35,0.00,23.59,upright_replica,true,one row per paid order,2026-09-01,America/Indiana/Indianapolis,USD
UP-20260901-0090,2026-09-01T19:00:00+00:00,DEMO-ITEM-20260901-0090,GW-018,Goodwillfinds,DEMO-UPRIGHT-0001,"Wool cardigan, size S",Apparel,1,25.70,7.99,1.79,2.57,0.00,25.70,upright_replica,true,one row per paid order,2026-09-01,America/Indiana/Indianapolis,USD
UP-20260901-0091,2026-09-01T20:00:00+00:00,DEMO-ITEM-20260901-0091,GW-019,Shopgoodwill,DEMO-UPRIGHT-0002,Framed landscape print,Art,1,27.81,3.99,1.94,2.78,0.00,27.81,upright_replica,true,one row per paid order,2026-09-01,America/Indiana/Indianapolis,USD
UP-20260901-0092,2026-09-01T21:00:00+00:00,DEMO-ITEM-20260901-0092,GW-020,eBay,DEMO-UPRIGHT-0003,Silver-tone necklace,Jewelry,1,29.92,4.99,2.09,2.99,0.00,29.92,upright_replica,true,one row per paid order,2026-09-01,America/Indiana/Indianapolis,USD
UP-20260901-0093,2026-09-01T18:00:00+00:00,DEMO-ITEM-20260901-0093,GW-021,Goodwillfinds,DEMO-UPRIGHT-0004,Vintage ceramic vase,Home,1,32.03,5.99,2.24,3.20,0.00,32.03,upright_replica,true,one row per paid order,2026-09-01,America/Indiana/Indianapolis,USD
UP-20260901-0094,2026-09-01T19:00:00+00:00,DEMO-ITEM-20260901-0094,GW-022,Shopgoodwill,DEMO-UPRIGHT-0005,"Wool cardigan, size S",Apparel,1,34.14,6.99,2.38,3.41,0.00,34.14,upright_replica,true,one row per paid order,2026-09-01,America/Indiana/Indianapolis,USD
UP-20260901-0095,2026-09-01T20:00:00+00:00,DEMO-ITEM-20260901-0095,GW-023,eBay,DEMO-UPRIGHT-0006,Framed landscape print,Art,1,36.25,7.99,2.53,3.62,0.00,36.25,upright_replica,true,one row per paid order,2026-09-01,America/Indiana/Indianapolis,USD
UP-20260901-0096,2026-09-01T21:00:00+00:00,DEMO-ITEM-20260901-0096,GW-024,Goodwillfinds,DEMO-UPRIGHT-0007,Silver-tone necklace,Jewelry,1,38.36,3.99,2.68,3.83,0.00,38.36,upright_replica,true,one row per paid order,2026-09-01,America/Indiana/Indianapolis,USD
UP-20260901-0097,2026-09-01T18:00:00+00:00,DEMO-ITEM-20260901-0097,GW-001,Shopgoodwill,DEMO-UPRIGHT-0008,Vintage ceramic vase,Home,1,40.47,4.99,2.83,4.04,0.00,40.47,upright_replica,true,one row per paid order,2026-09-01,America/Indiana/Indianapolis,USD
UP-20260901-0098,2026-09-01T19:00:00+00:00,DEMO-ITEM-20260901-0098,GW-002,eBay,DEMO-UPRIGHT-0009,"Wool cardigan, size S",Apparel,1,42.58,5.99,2.98,4.25,0.00,42.58,upright_replica,true,one row per paid order,2026-09-01,America/Indiana/Indianapolis,USD
UP-20260901-0099,2026-09-01T20:00:00+00:00,DEMO-ITEM-20260901-0099,GW-003,Goodwillfinds,DEMO-UPRIGHT-0010,Framed landscape print,Art,1,44.69,6.99,3.12,4.46,0.00,44.69,upright_replica,true,one row per paid order,2026-09-01,America/Indiana/Indianapolis,USD
UP-20260901-0100,2026-09-01T21:00:00+00:00,DEMO-ITEM-20260901-0100,GW-004,Shopgoodwill,DEMO-UPRIGHT-0011,Silver-tone necklace,Jewelry,1,46.80,7.99,3.27,4.68,0.00,46.80,upright_replica,true,one row per paid order,2026-09-01,America/Indiana/Indianapolis,USD
UP-20260901-0101,2026-09-01T18:00:00+00:00,DEMO-ITEM-20260901-0101,GW-005,eBay,DEMO-UPRIGHT-0012,Vintage ceramic vase,Home,1,48.91,3.99,3.42,4.89,0.00,48.91,upright_replica,true,one row per paid order,2026-09-01,America/Indiana/Indianapolis,USD
UP-20260901-0102,2026-09-01T19:00:00+00:00,DEMO-ITEM-20260901-0102,GW-006,Goodwillfinds,DEMO-UPRIGHT-0013,"Wool cardigan, size S",Apparel,1,51.02,4.99,3.57,5.10,0.00,51.02,upright_replica,true,one row per paid order,2026-09-01,America/Indiana/Indianapolis,USD
UP-20260901-0103,2026-09-01T20:00:00+00:00,DEMO-ITEM-20260901-0103,GW-007,Shopgoodwill,DEMO-UPRIGHT-0014,Framed landscape print,Art,1,53.13,5.99,3.71,5.31,26.56,26.57,upright_replica,true,one row per paid order,2026-09-01,America/Indiana/Indianapolis,USD
UP-20260901-0104,2026-09-01T21:00:00+00:00,DEMO-ITEM-20260901-0104,GW-008,eBay,DEMO-UPRIGHT-0015,Silver-tone necklace,Jewelry,1,55.24,6.99,3.86,5.52,0.00,55.24,upright_replica,true,one row per paid order,2026-09-01,America/Indiana/Indianapolis,USD
UP-20260901-0105,2026-09-01T18:00:00+00:00,DEMO-ITEM-20260901-0105,GW-009,Goodwillfinds,DEMO-UPRIGHT-0016,Vintage ceramic vase,Home,1,57.35,7.99,4.01,5.73,0.00,57.35,upright_replica,true,one row per paid order,2026-09-01,America/Indiana/Indianapolis,USD
UP-20260901-0106,2026-09-01T19:00:00+00:00,DEMO-ITEM-20260901-0106,GW-010,Shopgoodwill,DEMO-UPRIGHT-0017,"Wool cardigan, size S",Apparel,1,59.46,3.99,4.16,5.94,0.00,59.46,upright_replica,true,one row per paid order,2026-09-01,America/Indiana/Indianapolis,USD
UP-20260901-0107,2026-09-01T20:00:00+00:00,DEMO-ITEM-20260901-0107,GW-011,eBay,DEMO-UPRIGHT-0018,Framed landscape print,Art,1,61.57,4.99,4.30,6.15,0.00,61.57,upright_replica,true,one row per paid order,2026-09-01,America/Indiana/Indianapolis,USD
UP-20260901-0108,2026-09-01T21:00:00+00:00,DEMO-ITEM-20260901-0108,GW-012,Goodwillfinds,DEMO-UPRIGHT-0019,Silver-tone necklace,Jewelry,1,63.68,5.99,4.45,6.36,0.00,63.68,upright_replica,true,one row per paid order,2026-09-01,America/Indiana/Indianapolis,USD
UP-20260901-0109,2026-09-01T18:00:00+00:00,DEMO-ITEM-20260901-0109,GW-013,Shopgoodwill,DEMO-UPRIGHT-0020,Vintage ceramic vase,Home,1,65.79,6.99,4.60,6.57,0.00,65.79,upright_replica,true,one row per paid order,2026-09-01,America/Indiana/Indianapolis,USD
UP-20260901-0110,2026-09-01T19:00:00+00:00,DEMO-ITEM-20260901-0110,GW-014,eBay,DEMO-UPRIGHT-0021,"Wool cardigan, size S",Apparel,1,67.90,7.99,4.75,6.79,0.00,67.90,upright_replica,true,one row per paid order,2026-09-01,America/Indiana/Indianapolis,USD
UP-20260901-0111,2026-09-01T20:00:00+00:00,DEMO-ITEM-20260901-0111,GW-015,Goodwillfinds,DEMO-UPRIGHT-0022,Framed landscape print,Art,1,70.01,3.99,4.90,7.00,0.00,70.01,upright_replica,true,one row per paid order,2026-09-01,America/Indiana/Indianapolis,USD
UP-20260901-0112,2026-09-01T21:00:00+00:00,DEMO-ITEM-20260901-0112,GW-016,Shopgoodwill,DEMO-UPRIGHT-0023,Silver-tone necklace,Jewelry,1,72.12,4.99,5.04,7.21,0.00,72.12,upright_replica,true,one row per paid order,2026-09-01,America/Indiana/Indianapolis,USD
UP-20260901-0113,2026-09-01T18:00:00+00:00,DEMO-ITEM-20260901-0113,GW-017,eBay,DEMO-UPRIGHT-0024,Vintage ceramic vase,Home,1,74.23,5.99,5.19,7.42,0.00,74.23,upright_replica,true,one row per paid order,2026-09-01,America/Indiana/Indianapolis,USD
UP-20260901-0114,2026-09-01T19:00:00+00:00,DEMO-ITEM-20260901-0114,GW-018,Goodwillfinds,DEMO-UPRIGHT-0025,"Wool cardigan, size S",Apparel,1,76.34,6.99,5.34,7.63,0.00,76.34,upright_replica,true,one row per paid order,2026-09-01,America/Indiana/Indianapolis,USD
UP-20260901-0115,2026-09-01T20:00:00+00:00,DEMO-ITEM-20260901-0115,GW-019,Shopgoodwill,DEMO-UPRIGHT-0026,Framed landscape print,Art,1,78.45,7.99,5.49,7.84,0.00,78.45,upright_replica,true,one row per paid order,2026-09-01,America/Indiana/Indianapolis,USD
UP-20260901-0116,2026-09-01T21:00:00+00:00,DEMO-ITEM-20260901-0116,GW-020,eBay,DEMO-UPRIGHT-0027,Silver-tone necklace,Jewelry,1,80.56,3.99,5.63,8.05,0.00,80.56,upright_replica,true,one row per paid order,2026-09-01,America/Indiana/Indianapolis,USD
UP-20260901-0117,2026-09-01T18:00:00+00:00,DEMO-ITEM-20260901-0117,GW-021,Goodwillfinds,DEMO-UPRIGHT-0028,Vintage ceramic vase,Home,1,82.67,4.99,5.78,8.26,0.00,82.67,upright_replica,true,one row per paid order,2026-09-01,America/Indiana/Indianapolis,USD
UP-20260901-0118,2026-09-01T19:00:00+00:00,DEMO-ITEM-20260901-0118,GW-022,Shopgoodwill,DEMO-UPRIGHT-0029,"Wool cardigan, size S",Apparel,1,84.78,5.99,5.93,8.47,0.00,84.78,upright_replica,true,one row per paid order,2026-09-01,America/Indiana/Indianapolis,USD
UP-20260901-0119,2026-09-01T20:00:00+00:00,DEMO-ITEM-20260901-0119,GW-023,eBay,DEMO-UPRIGHT-0030,Framed landscape print,Art,1,86.89,6.99,6.08,8.68,0.00,86.89,upright_replica,true,one row per paid order,2026-09-01,America/Indiana/Indianapolis,USD
UP-20260901-0120,2026-09-01T21:00:00+00:00,DEMO-ITEM-20260901-0120,GW-024,Goodwillfinds,DEMO-UPRIGHT-0031,Silver-tone necklace,Jewelry,1,89.00,7.99,6.23,8.90,44.50,44.50,upright_replica,true,one row per paid order,2026-09-01,America/Indiana/Indianapolis,USD
UP-20260901-0121,2026-09-01T18:00:00+00:00,DEMO-ITEM-20260901-0121,GW-001,Shopgoodwill,DEMO-UPRIGHT-0032,Vintage ceramic vase,Home,1,91.11,3.99,6.37,9.11,0.00,91.11,upright_replica,true,one row per paid order,2026-09-01,America/Indiana/Indianapolis,USD
UP-20260901-0122,2026-09-01T19:00:00+00:00,DEMO-ITEM-20260901-0122,GW-002,eBay,DEMO-UPRIGHT-0033,"Wool cardigan, size S",Apparel,1,93.22,4.99,6.52,9.32,0.00,93.22,upright_replica,true,one row per paid order,2026-09-01,America/Indiana/Indianapolis,USD
UP-20260901-0123,2026-09-01T20:00:00+00:00,DEMO-ITEM-20260901-0123,GW-003,Goodwillfinds,DEMO-UPRIGHT-0034,Framed landscape print,Art,1,95.33,5.99,6.67,9.53,0.00,95.33,upright_replica,true,one row per paid order,2026-09-01,America/Indiana/Indianapolis,USD
UP-20260901-0124,2026-09-01T21:00:00+00:00,DEMO-ITEM-20260901-0124,GW-004,Shopgoodwill,DEMO-UPRIGHT-0035,Silver-tone necklace,Jewelry,1,97.44,6.99,6.82,9.74,0.00,97.44,upright_replica,true,one row per paid order,2026-09-01,America/Indiana/Indianapolis,USD
UP-20260901-0125,2026-09-01T18:00:00+00:00,DEMO-ITEM-20260901-0125,GW-005,eBay,DEMO-UPRIGHT-0036,Vintage ceramic vase,Home,1,99.55,7.99,6.96,9.95,0.00,99.55,upright_replica,true,one row per paid order,2026-09-01,America/Indiana/Indianapolis,USD
UP-20260901-0126,2026-09-01T19:00:00+00:00,DEMO-ITEM-20260901-0126,GW-006,Goodwillfinds,DEMO-UPRIGHT-0037,"Wool cardigan, size S",Apparel,1,16.66,3.99,1.16,1.66,0.00,16.66,upright_replica,true,one row per paid order,2026-09-01,America/Indiana/Indianapolis,USD
UP-20260901-0127,2026-09-01T20:00:00+00:00,DEMO-ITEM-20260901-0127,GW-007,Shopgoodwill,DEMO-UPRIGHT-0038,Framed landscape print,Art,1,18.77,4.99,1.31,1.87,0.00,18.77,upright_replica,true,one row per paid order,2026-09-01,America/Indiana/Indianapolis,USD
UP-20260901-0128,2026-09-01T21:00:00+00:00,DEMO-ITEM-20260901-0128,GW-008,eBay,DEMO-UPRIGHT-0039,Silver-tone necklace,Jewelry,1,20.88,5.99,1.46,2.08,0.00,20.88,upright_replica,true,one row per paid order,2026-09-01,America/Indiana/Indianapolis,USD
UP-20260902-0001,2026-09-02T18:00:00+00:00,DEMO-ITEM-20260902-0001,GW-001,Shopgoodwill,DEMO-UPRIGHT-0001,Vintage ceramic vase,Home,1,94.28,3.99,6.59,9.42,47.14,47.14,upright_replica,true,one row per paid order,2026-09-02,America/Indiana/Indianapolis,USD
UP-20260902-0002,2026-09-02T19:00:00+00:00,DEMO-ITEM-20260902-0002,GW-002,eBay,DEMO-UPRIGHT-0002,"Wool cardigan, size S",Apparel,1,96.39,4.99,6.74,9.63,0.00,96.39,upright_replica,true,one row per paid order,2026-09-02,America/Indiana/Indianapolis,USD
UP-20260902-0003,2026-09-02T20:00:00+00:00,DEMO-ITEM-20260902-0003,GW-003,Goodwillfinds,DEMO-UPRIGHT-0003,Framed landscape print,Art,1,98.50,5.99,6.89,9.85,0.00,98.50,upright_replica,true,one row per paid order,2026-09-02,America/Indiana/Indianapolis,USD
UP-20260902-0004,2026-09-02T21:00:00+00:00,DEMO-ITEM-20260902-0004,GW-004,Shopgoodwill,DEMO-UPRIGHT-0004,Silver-tone necklace,Jewelry,1,15.61,6.99,1.09,1.56,0.00,15.61,upright_replica,true,one row per paid order,2026-09-02,America/Indiana/Indianapolis,USD
UP-20260902-0005,2026-09-02T18:00:00+00:00,DEMO-ITEM-20260902-0005,GW-005,eBay,DEMO-UPRIGHT-0005,Vintage ceramic vase,Home,1,17.72,7.99,1.24,1.77,0.00,17.72,upright_replica,true,one row per paid order,2026-09-02,America/Indiana/Indianapolis,USD
UP-20260902-0006,2026-09-02T19:00:00+00:00,DEMO-ITEM-20260902-0006,GW-006,Goodwillfinds,DEMO-UPRIGHT-0006,"Wool cardigan, size S",Apparel,1,19.83,3.99,1.38,1.98,0.00,19.83,upright_replica,true,one row per paid order,2026-09-02,America/Indiana/Indianapolis,USD
UP-20260902-0007,2026-09-02T20:00:00+00:00,DEMO-ITEM-20260902-0007,GW-007,Shopgoodwill,DEMO-UPRIGHT-0007,Framed landscape print,Art,1,21.94,4.99,1.53,2.19,0.00,21.94,upright_replica,true,one row per paid order,2026-09-02,America/Indiana/Indianapolis,USD
UP-20260902-0008,2026-09-02T21:00:00+00:00,DEMO-ITEM-20260902-0008,GW-008,eBay,DEMO-UPRIGHT-0008,Silver-tone necklace,Jewelry,1,24.05,5.99,1.68,2.40,0.00,24.05,upright_replica,true,one row per paid order,2026-09-02,America/Indiana/Indianapolis,USD
UP-20260902-0009,2026-09-02T18:00:00+00:00,DEMO-ITEM-20260902-0009,GW-009,Goodwillfinds,DEMO-UPRIGHT-0009,Vintage ceramic vase,Home,1,26.16,6.99,1.83,2.61,0.00,26.16,upright_replica,true,one row per paid order,2026-09-02,America/Indiana/Indianapolis,USD
UP-20260902-0010,2026-09-02T19:00:00+00:00,DEMO-ITEM-20260902-0010,GW-010,Shopgoodwill,DEMO-UPRIGHT-0010,"Wool cardigan, size S",Apparel,1,28.27,7.99,1.97,2.82,0.00,28.27,upright_replica,true,one row per paid order,2026-09-02,America/Indiana/Indianapolis,USD
UP-20260902-0011,2026-09-02T20:00:00+00:00,DEMO-ITEM-20260902-0011,GW-011,eBay,DEMO-UPRIGHT-0011,Framed landscape print,Art,1,30.38,3.99,2.12,3.03,0.00,30.38,upright_replica,true,one row per paid order,2026-09-02,America/Indiana/Indianapolis,USD
UP-20260902-0012,2026-09-02T21:00:00+00:00,DEMO-ITEM-20260902-0012,GW-012,Goodwillfinds,DEMO-UPRIGHT-0012,Silver-tone necklace,Jewelry,1,32.49,4.99,2.27,3.24,0.00,32.49,upright_replica,true,one row per paid order,2026-09-02,America/Indiana/Indianapolis,USD
UP-20260902-0013,2026-09-02T18:00:00+00:00,DEMO-ITEM-20260902-0013,GW-013,Shopgoodwill,DEMO-UPRIGHT-0013,Vintage ceramic vase,Home,1,34.60,5.99,2.42,3.46,0.00,34.60,upright_replica,true,one row per paid order,2026-09-02,America/Indiana/Indianapolis,USD
UP-20260902-0014,2026-09-02T19:00:00+00:00,DEMO-ITEM-20260902-0014,GW-014,eBay,DEMO-UPRIGHT-0014,"Wool cardigan, size S",Apparel,1,36.71,6.99,2.56,3.67,0.00,36.71,upright_replica,true,one row per paid order,2026-09-02,America/Indiana/Indianapolis,USD
UP-20260902-0015,2026-09-02T20:00:00+00:00,DEMO-ITEM-20260902-0015,GW-015,Goodwillfinds,DEMO-UPRIGHT-0015,Framed landscape print,Art,1,38.82,7.99,2.71,3.88,0.00,38.82,upright_replica,true,one row per paid order,2026-09-02,America/Indiana/Indianapolis,USD
UP-20260902-0016,2026-09-02T21:00:00+00:00,DEMO-ITEM-20260902-0016,GW-016,Shopgoodwill,DEMO-UPRIGHT-0016,Silver-tone necklace,Jewelry,1,40.93,3.99,2.86,4.09,0.00,40.93,upright_replica,true,one row per paid order,2026-09-02,America/Indiana/Indianapolis,USD
UP-20260902-0017,2026-09-02T18:00:00+00:00,DEMO-ITEM-20260902-0017,GW-017,eBay,DEMO-UPRIGHT-0017,Vintage ceramic vase,Home,1,43.04,4.99,3.01,4.30,0.00,43.04,upright_replica,true,one row per paid order,2026-09-02,America/Indiana/Indianapolis,USD
UP-20260902-0018,2026-09-02T19:00:00+00:00,DEMO-ITEM-20260902-0018,GW-018,Goodwillfinds,DEMO-UPRIGHT-0018,"Wool cardigan, size S",Apparel,1,45.15,5.99,3.16,4.51,22.57,22.58,upright_replica,true,one row per paid order,2026-09-02,America/Indiana/Indianapolis,USD
UP-20260902-0019,2026-09-02T20:00:00+00:00,DEMO-ITEM-20260902-0019,GW-019,Shopgoodwill,DEMO-UPRIGHT-0019,Framed landscape print,Art,1,47.26,6.99,3.30,4.72,0.00,47.26,upright_replica,true,one row per paid order,2026-09-02,America/Indiana/Indianapolis,USD
UP-20260902-0020,2026-09-02T21:00:00+00:00,DEMO-ITEM-20260902-0020,GW-020,eBay,DEMO-UPRIGHT-0020,Silver-tone necklace,Jewelry,1,49.37,7.99,3.45,4.93,0.00,49.37,upright_replica,true,one row per paid order,2026-09-02,America/Indiana/Indianapolis,USD
UP-20260902-0021,2026-09-02T18:00:00+00:00,DEMO-ITEM-20260902-0021,GW-021,Goodwillfinds,DEMO-UPRIGHT-0021,Vintage ceramic vase,Home,1,51.48,3.99,3.60,5.14,0.00,51.48,upright_replica,true,one row per paid order,2026-09-02,America/Indiana/Indianapolis,USD
UP-20260902-0022,2026-09-02T19:00:00+00:00,DEMO-ITEM-20260902-0022,GW-022,Shopgoodwill,DEMO-UPRIGHT-0022,"Wool cardigan, size S",Apparel,1,53.59,4.99,3.75,5.35,0.00,53.59,upright_replica,true,one row per paid order,2026-09-02,America/Indiana/Indianapolis,USD
UP-20260902-0023,2026-09-02T20:00:00+00:00,DEMO-ITEM-20260902-0023,GW-023,eBay,DEMO-UPRIGHT-0023,Framed landscape print,Art,1,55.70,5.99,3.89,5.57,0.00,55.70,upright_replica,true,one row per paid order,2026-09-02,America/Indiana/Indianapolis,USD
UP-20260902-0024,2026-09-02T21:00:00+00:00,DEMO-ITEM-20260902-0024,GW-024,Goodwillfinds,DEMO-UPRIGHT-0024,Silver-tone necklace,Jewelry,1,57.81,6.99,4.04,5.78,0.00,57.81,upright_replica,true,one row per paid order,2026-09-02,America/Indiana/Indianapolis,USD
UP-20260902-0025,2026-09-02T18:00:00+00:00,DEMO-ITEM-20260902-0025,GW-001,Shopgoodwill,DEMO-UPRIGHT-0025,Vintage ceramic vase,Home,1,59.92,7.99,4.19,5.99,0.00,59.92,upright_replica,true,one row per paid order,2026-09-02,America/Indiana/Indianapolis,USD
UP-20260902-0026,2026-09-02T19:00:00+00:00,DEMO-ITEM-20260902-0026,GW-002,eBay,DEMO-UPRIGHT-0026,"Wool cardigan, size S",Apparel,1,62.03,3.99,4.34,6.20,0.00,62.03,upright_replica,true,one row per paid order,2026-09-02,America/Indiana/Indianapolis,USD
UP-20260902-0027,2026-09-02T20:00:00+00:00,DEMO-ITEM-20260902-0027,GW-003,Goodwillfinds,DEMO-UPRIGHT-0027,Framed landscape print,Art,1,64.14,4.99,4.48,6.41,0.00,64.14,upright_replica,true,one row per paid order,2026-09-02,America/Indiana/Indianapolis,USD
UP-20260902-0028,2026-09-02T21:00:00+00:00,DEMO-ITEM-20260902-0028,GW-004,Shopgoodwill,DEMO-UPRIGHT-0028,Silver-tone necklace,Jewelry,1,66.25,5.99,4.63,6.62,0.00,66.25,upright_replica,true,one row per paid order,2026-09-02,America/Indiana/Indianapolis,USD
UP-20260902-0029,2026-09-02T18:00:00+00:00,DEMO-ITEM-20260902-0029,GW-005,eBay,DEMO-UPRIGHT-0029,Vintage ceramic vase,Home,1,68.36,6.99,4.78,6.83,0.00,68.36,upright_replica,true,one row per paid order,2026-09-02,America/Indiana/Indianapolis,USD
UP-20260902-0030,2026-09-02T19:00:00+00:00,DEMO-ITEM-20260902-0030,GW-006,Goodwillfinds,DEMO-UPRIGHT-0030,"Wool cardigan, size S",Apparel,1,70.47,7.99,4.93,7.04,0.00,70.47,upright_replica,true,one row per paid order,2026-09-02,America/Indiana/Indianapolis,USD
UP-20260902-0031,2026-09-02T20:00:00+00:00,DEMO-ITEM-20260902-0031,GW-007,Shopgoodwill,DEMO-UPRIGHT-0031,Framed landscape print,Art,1,72.58,3.99,5.08,7.25,0.00,72.58,upright_replica,true,one row per paid order,2026-09-02,America/Indiana/Indianapolis,USD
UP-20260902-0032,2026-09-02T21:00:00+00:00,DEMO-ITEM-20260902-0032,GW-008,eBay,DEMO-UPRIGHT-0032,Silver-tone necklace,Jewelry,1,74.69,4.99,5.22,7.46,0.00,74.69,upright_replica,true,one row per paid order,2026-09-02,America/Indiana/Indianapolis,USD
UP-20260902-0033,2026-09-02T18:00:00+00:00,DEMO-ITEM-20260902-0033,GW-009,Goodwillfinds,DEMO-UPRIGHT-0033,Vintage ceramic vase,Home,1,76.80,5.99,5.37,7.68,0.00,76.80,upright_replica,true,one row per paid order,2026-09-02,America/Indiana/Indianapolis,USD
UP-20260902-0034,2026-09-02T19:00:00+00:00,DEMO-ITEM-20260902-0034,GW-010,Shopgoodwill,DEMO-UPRIGHT-0034,"Wool cardigan, size S",Apparel,1,78.91,6.99,5.52,7.89,0.00,78.91,upright_replica,true,one row per paid order,2026-09-02,America/Indiana/Indianapolis,USD
UP-20260902-0035,2026-09-02T20:00:00+00:00,DEMO-ITEM-20260902-0035,GW-011,eBay,DEMO-UPRIGHT-0035,Framed landscape print,Art,1,81.02,7.99,5.67,8.10,40.51,40.51,upright_replica,true,one row per paid order,2026-09-02,America/Indiana/Indianapolis,USD
UP-20260902-0036,2026-09-02T21:00:00+00:00,DEMO-ITEM-20260902-0036,GW-012,Goodwillfinds,DEMO-UPRIGHT-0036,Silver-tone necklace,Jewelry,1,83.13,3.99,5.81,8.31,0.00,83.13,upright_replica,true,one row per paid order,2026-09-02,America/Indiana/Indianapolis,USD
UP-20260902-0037,2026-09-02T18:00:00+00:00,DEMO-ITEM-20260902-0037,GW-013,Shopgoodwill,DEMO-UPRIGHT-0037,Vintage ceramic vase,Home,1,85.24,4.99,5.96,8.52,0.00,85.24,upright_replica,true,one row per paid order,2026-09-02,America/Indiana/Indianapolis,USD
UP-20260902-0038,2026-09-02T19:00:00+00:00,DEMO-ITEM-20260902-0038,GW-014,eBay,DEMO-UPRIGHT-0038,"Wool cardigan, size S",Apparel,1,87.35,5.99,6.11,8.73,0.00,87.35,upright_replica,true,one row per paid order,2026-09-02,America/Indiana/Indianapolis,USD
UP-20260902-0039,2026-09-02T20:00:00+00:00,DEMO-ITEM-20260902-0039,GW-015,Goodwillfinds,DEMO-UPRIGHT-0039,Framed landscape print,Art,1,89.46,6.99,6.26,8.94,0.00,89.46,upright_replica,true,one row per paid order,2026-09-02,America/Indiana/Indianapolis,USD
UP-20260902-0040,2026-09-02T21:00:00+00:00,DEMO-ITEM-20260902-0040,GW-016,Shopgoodwill,DEMO-UPRIGHT-0040,Silver-tone necklace,Jewelry,1,91.57,7.99,6.40,9.15,0.00,91.57,upright_replica,true,one row per paid order,2026-09-02,America/Indiana/Indianapolis,USD
UP-20260902-0041,2026-09-02T18:00:00+00:00,DEMO-ITEM-20260902-0041,GW-017,eBay,DEMO-UPRIGHT-0041,Vintage ceramic vase,Home,1,93.68,3.99,6.55,9.36,0.00,93.68,upright_replica,true,one row per paid order,2026-09-02,America/Indiana/Indianapolis,USD
UP-20260902-0042,2026-09-02T19:00:00+00:00,DEMO-ITEM-20260902-0042,GW-018,Goodwillfinds,DEMO-UPRIGHT-0042,"Wool cardigan, size S",Apparel,1,95.79,4.99,6.70,9.57,0.00,95.79,upright_replica,true,one row per paid order,2026-09-02,America/Indiana/Indianapolis,USD
UP-20260902-0043,2026-09-02T20:00:00+00:00,DEMO-ITEM-20260902-0043,GW-019,Shopgoodwill,DEMO-UPRIGHT-0043,Framed landscape print,Art,1,97.90,5.99,6.85,9.79,0.00,97.90,upright_replica,true,one row per paid order,2026-09-02,America/Indiana/Indianapolis,USD
UP-20260902-0044,2026-09-02T21:00:00+00:00,DEMO-ITEM-20260902-0044,GW-020,eBay,DEMO-UPRIGHT-0044,Silver-tone necklace,Jewelry,1,15.01,6.99,1.05,1.50,0.00,15.01,upright_replica,true,one row per paid order,2026-09-02,America/Indiana/Indianapolis,USD
UP-20260902-0045,2026-09-02T18:00:00+00:00,DEMO-ITEM-20260902-0045,GW-021,Goodwillfinds,DEMO-UPRIGHT-0045,Vintage ceramic vase,Home,1,17.12,7.99,1.19,1.71,0.00,17.12,upright_replica,true,one row per paid order,2026-09-02,America/Indiana/Indianapolis,USD
UP-20260902-0046,2026-09-02T19:00:00+00:00,DEMO-ITEM-20260902-0046,GW-022,Shopgoodwill,DEMO-UPRIGHT-0046,"Wool cardigan, size S",Apparel,1,19.23,3.99,1.34,1.92,0.00,19.23,upright_replica,true,one row per paid order,2026-09-02,America/Indiana/Indianapolis,USD
UP-20260902-0047,2026-09-02T20:00:00+00:00,DEMO-ITEM-20260902-0047,GW-023,eBay,DEMO-UPRIGHT-0047,Framed landscape print,Art,1,21.34,4.99,1.49,2.13,0.00,21.34,upright_replica,true,one row per paid order,2026-09-02,America/Indiana/Indianapolis,USD
UP-20260902-0048,2026-09-02T21:00:00+00:00,DEMO-ITEM-20260902-0048,GW-024,Goodwillfinds,DEMO-UPRIGHT-0048,Silver-tone necklace,Jewelry,1,23.45,5.99,1.64,2.34,0.00,23.45,upright_replica,true,one row per paid order,2026-09-02,America/Indiana/Indianapolis,USD
UP-20260902-0049,2026-09-02T18:00:00+00:00,DEMO-ITEM-20260902-0049,GW-001,Shopgoodwill,DEMO-UPRIGHT-0049,Vintage ceramic vase,Home,1,25.56,6.99,1.78,2.55,0.00,25.56,upright_replica,true,one row per paid order,2026-09-02,America/Indiana/Indianapolis,USD
UP-20260902-0050,2026-09-02T19:00:00+00:00,DEMO-ITEM-20260902-0050,GW-002,eBay,DEMO-UPRIGHT-0050,"Wool cardigan, size S",Apparel,1,27.67,7.99,1.93,2.76,0.00,27.67,upright_replica,true,one row per paid order,2026-09-02,America/Indiana/Indianapolis,USD
UP-20260902-0051,2026-09-02T20:00:00+00:00,DEMO-ITEM-20260902-0051,GW-003,Goodwillfinds,DEMO-UPRIGHT-0051,Framed landscape print,Art,1,29.78,3.99,2.08,2.97,0.00,29.78,upright_replica,true,one row per paid order,2026-09-02,America/Indiana/Indianapolis,USD
UP-20260902-0052,2026-09-02T21:00:00+00:00,DEMO-ITEM-20260902-0052,GW-004,Shopgoodwill,DEMO-UPRIGHT-0052,Silver-tone necklace,Jewelry,1,31.89,4.99,2.23,3.18,15.94,15.95,upright_replica,true,one row per paid order,2026-09-02,America/Indiana/Indianapolis,USD
UP-20260902-0053,2026-09-02T18:00:00+00:00,DEMO-ITEM-20260902-0053,GW-005,eBay,DEMO-UPRIGHT-0053,Vintage ceramic vase,Home,1,34.00,5.99,2.38,3.40,0.00,34.00,upright_replica,true,one row per paid order,2026-09-02,America/Indiana/Indianapolis,USD
UP-20260902-0054,2026-09-02T19:00:00+00:00,DEMO-ITEM-20260902-0054,GW-006,Goodwillfinds,DEMO-UPRIGHT-0054,"Wool cardigan, size S",Apparel,1,36.11,6.99,2.52,3.61,0.00,36.11,upright_replica,true,one row per paid order,2026-09-02,America/Indiana/Indianapolis,USD
UP-20260902-0055,2026-09-02T20:00:00+00:00,DEMO-ITEM-20260902-0055,GW-007,Shopgoodwill,DEMO-UPRIGHT-0055,Framed landscape print,Art,1,38.22,7.99,2.67,3.82,0.00,38.22,upright_replica,true,one row per paid order,2026-09-02,America/Indiana/Indianapolis,USD
UP-20260902-0056,2026-09-02T21:00:00+00:00,DEMO-ITEM-20260902-0056,GW-008,eBay,DEMO-UPRIGHT-0056,Silver-tone necklace,Jewelry,1,40.33,3.99,2.82,4.03,0.00,40.33,upright_replica,true,one row per paid order,2026-09-02,America/Indiana/Indianapolis,USD
UP-20260902-0057,2026-09-02T18:00:00+00:00,DEMO-ITEM-20260902-0057,GW-009,Goodwillfinds,DEMO-UPRIGHT-0057,Vintage ceramic vase,Home,1,42.44,4.99,2.97,4.24,0.00,42.44,upright_replica,true,one row per paid order,2026-09-02,America/Indiana/Indianapolis,USD
UP-20260902-0058,2026-09-02T19:00:00+00:00,DEMO-ITEM-20260902-0058,GW-010,Shopgoodwill,DEMO-UPRIGHT-0058,"Wool cardigan, size S",Apparel,1,44.55,5.99,3.11,4.45,0.00,44.55,upright_replica,true,one row per paid order,2026-09-02,America/Indiana/Indianapolis,USD
UP-20260902-0059,2026-09-02T20:00:00+00:00,DEMO-ITEM-20260902-0059,GW-011,eBay,DEMO-UPRIGHT-0059,Framed landscape print,Art,1,46.66,6.99,3.26,4.66,0.00,46.66,upright_replica,true,one row per paid order,2026-09-02,America/Indiana/Indianapolis,USD
UP-20260902-0060,2026-09-02T21:00:00+00:00,DEMO-ITEM-20260902-0060,GW-012,Goodwillfinds,DEMO-UPRIGHT-0060,Silver-tone necklace,Jewelry,1,48.77,7.99,3.41,4.87,0.00,48.77,upright_replica,true,one row per paid order,2026-09-02,America/Indiana/Indianapolis,USD
UP-20260902-0061,2026-09-02T18:00:00+00:00,DEMO-ITEM-20260902-0061,GW-013,Shopgoodwill,DEMO-UPRIGHT-0061,Vintage ceramic vase,Home,1,50.88,3.99,3.56,5.08,0.00,50.88,upright_replica,true,one row per paid order,2026-09-02,America/Indiana/Indianapolis,USD
UP-20260902-0062,2026-09-02T19:00:00+00:00,DEMO-ITEM-20260902-0062,GW-014,eBay,DEMO-UPRIGHT-0062,"Wool cardigan, size S",Apparel,1,52.99,4.99,3.70,5.29,0.00,52.99,upright_replica,true,one row per paid order,2026-09-02,America/Indiana/Indianapolis,USD
UP-20260902-0063,2026-09-02T20:00:00+00:00,DEMO-ITEM-20260902-0063,GW-015,Goodwillfinds,DEMO-UPRIGHT-0063,Framed landscape print,Art,1,55.10,5.99,3.85,5.51,0.00,55.10,upright_replica,true,one row per paid order,2026-09-02,America/Indiana/Indianapolis,USD
UP-20260902-0064,2026-09-02T21:00:00+00:00,DEMO-ITEM-20260902-0064,GW-016,Shopgoodwill,DEMO-UPRIGHT-0064,Silver-tone necklace,Jewelry,1,57.21,6.99,4.00,5.72,0.00,57.21,upright_replica,true,one row per paid order,2026-09-02,America/Indiana/Indianapolis,USD
UP-20260902-0065,2026-09-02T18:00:00+00:00,DEMO-ITEM-20260902-0065,GW-017,eBay,DEMO-UPRIGHT-0065,Vintage ceramic vase,Home,1,59.32,7.99,4.15,5.93,0.00,59.32,upright_replica,true,one row per paid order,2026-09-02,America/Indiana/Indianapolis,USD
UP-20260902-0066,2026-09-02T19:00:00+00:00,DEMO-ITEM-20260902-0066,GW-018,Goodwillfinds,DEMO-UPRIGHT-0066,"Wool cardigan, size S",Apparel,1,61.43,3.99,4.30,6.14,0.00,61.43,upright_replica,true,one row per paid order,2026-09-02,America/Indiana/Indianapolis,USD
UP-20260902-0067,2026-09-02T20:00:00+00:00,DEMO-ITEM-20260902-0067,GW-019,Shopgoodwill,DEMO-UPRIGHT-0067,Framed landscape print,Art,1,63.54,4.99,4.44,6.35,0.00,63.54,upright_replica,true,one row per paid order,2026-09-02,America/Indiana/Indianapolis,USD
UP-20260902-0068,2026-09-02T21:00:00+00:00,DEMO-ITEM-20260902-0068,GW-020,eBay,DEMO-UPRIGHT-0068,Silver-tone necklace,Jewelry,1,65.65,5.99,4.59,6.56,0.00,65.65,upright_replica,true,one row per paid order,2026-09-02,America/Indiana/Indianapolis,USD
UP-20260902-0069,2026-09-02T18:00:00+00:00,DEMO-ITEM-20260902-0069,GW-021,Goodwillfinds,DEMO-UPRIGHT-0069,Vintage ceramic vase,Home,1,67.76,6.99,4.74,6.77,33.88,33.88,upright_replica,true,one row per paid order,2026-09-02,America/Indiana/Indianapolis,USD
UP-20260902-0070,2026-09-02T19:00:00+00:00,DEMO-ITEM-20260902-0070,GW-022,Shopgoodwill,DEMO-UPRIGHT-0070,"Wool cardigan, size S",Apparel,1,69.87,7.99,4.89,6.98,0.00,69.87,upright_replica,true,one row per paid order,2026-09-02,America/Indiana/Indianapolis,USD
UP-20260902-0071,2026-09-02T20:00:00+00:00,DEMO-ITEM-20260902-0071,GW-023,eBay,DEMO-UPRIGHT-0071,Framed landscape print,Art,1,71.98,3.99,5.03,7.19,0.00,71.98,upright_replica,true,one row per paid order,2026-09-02,America/Indiana/Indianapolis,USD
UP-20260902-0072,2026-09-02T21:00:00+00:00,DEMO-ITEM-20260902-0072,GW-024,Goodwillfinds,DEMO-UPRIGHT-0072,Silver-tone necklace,Jewelry,1,74.09,4.99,5.18,7.40,0.00,74.09,upright_replica,true,one row per paid order,2026-09-02,America/Indiana/Indianapolis,USD
UP-20260902-0073,2026-09-02T18:00:00+00:00,DEMO-ITEM-20260902-0073,GW-001,Shopgoodwill,DEMO-UPRIGHT-0073,Vintage ceramic vase,Home,1,76.20,5.99,5.33,7.62,0.00,76.20,upright_replica,true,one row per paid order,2026-09-02,America/Indiana/Indianapolis,USD
UP-20260902-0074,2026-09-02T19:00:00+00:00,DEMO-ITEM-20260902-0074,GW-002,eBay,DEMO-UPRIGHT-0074,"Wool cardigan, size S",Apparel,1,78.31,6.99,5.48,7.83,0.00,78.31,upright_replica,true,one row per paid order,2026-09-02,America/Indiana/Indianapolis,USD
UP-20260902-0075,2026-09-02T20:00:00+00:00,DEMO-ITEM-20260902-0075,GW-003,Goodwillfinds,DEMO-UPRIGHT-0075,Framed landscape print,Art,1,80.42,7.99,5.62,8.04,0.00,80.42,upright_replica,true,one row per paid order,2026-09-02,America/Indiana/Indianapolis,USD
UP-20260902-0076,2026-09-02T21:00:00+00:00,DEMO-ITEM-20260902-0076,GW-004,Shopgoodwill,DEMO-UPRIGHT-0076,Silver-tone necklace,Jewelry,1,82.53,3.99,5.77,8.25,0.00,82.53,upright_replica,true,one row per paid order,2026-09-02,America/Indiana/Indianapolis,USD
UP-20260902-0077,2026-09-02T18:00:00+00:00,DEMO-ITEM-20260902-0077,GW-005,eBay,DEMO-UPRIGHT-0077,Vintage ceramic vase,Home,1,84.64,4.99,5.92,8.46,0.00,84.64,upright_replica,true,one row per paid order,2026-09-02,America/Indiana/Indianapolis,USD
UP-20260902-0078,2026-09-02T19:00:00+00:00,DEMO-ITEM-20260902-0078,GW-006,Goodwillfinds,DEMO-UPRIGHT-0078,"Wool cardigan, size S",Apparel,1,86.75,5.99,6.07,8.67,0.00,86.75,upright_replica,true,one row per paid order,2026-09-02,America/Indiana/Indianapolis,USD
UP-20260902-0079,2026-09-02T20:00:00+00:00,DEMO-ITEM-20260902-0079,GW-007,Shopgoodwill,DEMO-UPRIGHT-0079,Framed landscape print,Art,1,88.86,6.99,6.22,8.88,0.00,88.86,upright_replica,true,one row per paid order,2026-09-02,America/Indiana/Indianapolis,USD
UP-20260902-0080,2026-09-02T21:00:00+00:00,DEMO-ITEM-20260902-0080,GW-008,eBay,DEMO-UPRIGHT-0080,Silver-tone necklace,Jewelry,1,90.97,7.99,6.36,9.09,0.00,90.97,upright_replica,true,one row per paid order,2026-09-02,America/Indiana/Indianapolis,USD
UP-20260902-0081,2026-09-02T18:00:00+00:00,DEMO-ITEM-20260902-0081,GW-009,Goodwillfinds,DEMO-UPRIGHT-0081,Vintage ceramic vase,Home,1,93.08,3.99,6.51,9.30,0.00,93.08,upright_replica,true,one row per paid order,2026-09-02,America/Indiana/Indianapolis,USD
UP-20260902-0082,2026-09-02T19:00:00+00:00,DEMO-ITEM-20260902-0082,GW-010,Shopgoodwill,DEMO-UPRIGHT-0082,"Wool cardigan, size S",Apparel,1,95.19,4.99,6.66,9.51,0.00,95.19,upright_replica,true,one row per paid order,2026-09-02,America/Indiana/Indianapolis,USD
UP-20260902-0083,2026-09-02T20:00:00+00:00,DEMO-ITEM-20260902-0083,GW-011,eBay,DEMO-UPRIGHT-0083,Framed landscape print,Art,1,97.30,5.99,6.81,9.73,0.00,97.30,upright_replica,true,one row per paid order,2026-09-02,America/Indiana/Indianapolis,USD
UP-20260902-0084,2026-09-02T21:00:00+00:00,DEMO-ITEM-20260902-0084,GW-012,Goodwillfinds,DEMO-UPRIGHT-0084,Silver-tone necklace,Jewelry,1,99.41,6.99,6.95,9.94,0.00,99.41,upright_replica,true,one row per paid order,2026-09-02,America/Indiana/Indianapolis,USD
UP-20260902-0085,2026-09-02T18:00:00+00:00,DEMO-ITEM-20260902-0085,GW-013,Shopgoodwill,DEMO-UPRIGHT-0085,Vintage ceramic vase,Home,1,16.52,7.99,1.15,1.65,0.00,16.52,upright_replica,true,one row per paid order,2026-09-02,America/Indiana/Indianapolis,USD
UP-20260902-0086,2026-09-02T19:00:00+00:00,DEMO-ITEM-20260902-0086,GW-014,eBay,DEMO-UPRIGHT-0086,"Wool cardigan, size S",Apparel,1,18.63,3.99,1.30,1.86,9.31,9.32,upright_replica,true,one row per paid order,2026-09-02,America/Indiana/Indianapolis,USD
UP-20260902-0087,2026-09-02T20:00:00+00:00,DEMO-ITEM-20260902-0087,GW-015,Goodwillfinds,DEMO-UPRIGHT-0087,Framed landscape print,Art,1,20.74,4.99,1.45,2.07,0.00,20.74,upright_replica,true,one row per paid order,2026-09-02,America/Indiana/Indianapolis,USD
UP-20260902-0088,2026-09-02T21:00:00+00:00,DEMO-ITEM-20260902-0088,GW-016,Shopgoodwill,DEMO-UPRIGHT-0088,Silver-tone necklace,Jewelry,1,22.85,5.99,1.59,2.28,0.00,22.85,upright_replica,true,one row per paid order,2026-09-02,America/Indiana/Indianapolis,USD
UP-20260902-0089,2026-09-02T18:00:00+00:00,DEMO-ITEM-20260902-0089,GW-017,eBay,DEMO-UPRIGHT-0089,Vintage ceramic vase,Home,1,24.96,6.99,1.74,2.49,0.00,24.96,upright_replica,true,one row per paid order,2026-09-02,America/Indiana/Indianapolis,USD
UP-20260902-0090,2026-09-02T19:00:00+00:00,DEMO-ITEM-20260902-0090,GW-018,Goodwillfinds,DEMO-UPRIGHT-0001,"Wool cardigan, size S",Apparel,1,27.07,7.99,1.89,2.70,0.00,27.07,upright_replica,true,one row per paid order,2026-09-02,America/Indiana/Indianapolis,USD
UP-20260902-0091,2026-09-02T20:00:00+00:00,DEMO-ITEM-20260902-0091,GW-019,Shopgoodwill,DEMO-UPRIGHT-0002,Framed landscape print,Art,1,29.18,3.99,2.04,2.91,0.00,29.18,upright_replica,true,one row per paid order,2026-09-02,America/Indiana/Indianapolis,USD
UP-20260902-0092,2026-09-02T21:00:00+00:00,DEMO-ITEM-20260902-0092,GW-020,eBay,DEMO-UPRIGHT-0003,Silver-tone necklace,Jewelry,1,31.29,4.99,2.19,3.12,0.00,31.29,upright_replica,true,one row per paid order,2026-09-02,America/Indiana/Indianapolis,USD
UP-20260902-0093,2026-09-02T18:00:00+00:00,DEMO-ITEM-20260902-0093,GW-021,Goodwillfinds,DEMO-UPRIGHT-0004,Vintage ceramic vase,Home,1,33.40,5.99,2.33,3.34,0.00,33.40,upright_replica,true,one row per paid order,2026-09-02,America/Indiana/Indianapolis,USD
UP-20260902-0094,2026-09-02T19:00:00+00:00,DEMO-ITEM-20260902-0094,GW-022,Shopgoodwill,DEMO-UPRIGHT-0005,"Wool cardigan, size S",Apparel,1,35.51,6.99,2.48,3.55,0.00,35.51,upright_replica,true,one row per paid order,2026-09-02,America/Indiana/Indianapolis,USD
UP-20260902-0095,2026-09-02T20:00:00+00:00,DEMO-ITEM-20260902-0095,GW-023,eBay,DEMO-UPRIGHT-0006,Framed landscape print,Art,1,37.62,7.99,2.63,3.76,0.00,37.62,upright_replica,true,one row per paid order,2026-09-02,America/Indiana/Indianapolis,USD
UP-20260902-0096,2026-09-02T21:00:00+00:00,DEMO-ITEM-20260902-0096,GW-024,Goodwillfinds,DEMO-UPRIGHT-0007,Silver-tone necklace,Jewelry,1,39.73,3.99,2.78,3.97,0.00,39.73,upright_replica,true,one row per paid order,2026-09-02,America/Indiana/Indianapolis,USD
UP-20260902-0097,2026-09-02T18:00:00+00:00,DEMO-ITEM-20260902-0097,GW-001,Shopgoodwill,DEMO-UPRIGHT-0008,Vintage ceramic vase,Home,1,41.84,4.99,2.92,4.18,0.00,41.84,upright_replica,true,one row per paid order,2026-09-02,America/Indiana/Indianapolis,USD
UP-20260902-0098,2026-09-02T19:00:00+00:00,DEMO-ITEM-20260902-0098,GW-002,eBay,DEMO-UPRIGHT-0009,"Wool cardigan, size S",Apparel,1,43.95,5.99,3.07,4.39,0.00,43.95,upright_replica,true,one row per paid order,2026-09-02,America/Indiana/Indianapolis,USD
UP-20260902-0099,2026-09-02T20:00:00+00:00,DEMO-ITEM-20260902-0099,GW-003,Goodwillfinds,DEMO-UPRIGHT-0010,Framed landscape print,Art,1,46.06,6.99,3.22,4.60,0.00,46.06,upright_replica,true,one row per paid order,2026-09-02,America/Indiana/Indianapolis,USD
UP-20260902-0100,2026-09-02T21:00:00+00:00,DEMO-ITEM-20260902-0100,GW-004,Shopgoodwill,DEMO-UPRIGHT-0011,Silver-tone necklace,Jewelry,1,48.17,7.99,3.37,4.81,0.00,48.17,upright_replica,true,one row per paid order,2026-09-02,America/Indiana/Indianapolis,USD
UP-20260902-0101,2026-09-02T18:00:00+00:00,DEMO-ITEM-20260902-0101,GW-005,eBay,DEMO-UPRIGHT-0012,Vintage ceramic vase,Home,1,50.28,3.99,3.51,5.02,0.00,50.28,upright_replica,true,one row per paid order,2026-09-02,America/Indiana/Indianapolis,USD
UP-20260902-0102,2026-09-02T19:00:00+00:00,DEMO-ITEM-20260902-0102,GW-006,Goodwillfinds,DEMO-UPRIGHT-0013,"Wool cardigan, size S",Apparel,1,52.39,4.99,3.66,5.23,0.00,52.39,upright_replica,true,one row per paid order,2026-09-02,America/Indiana/Indianapolis,USD
UP-20260902-0103,2026-09-02T20:00:00+00:00,DEMO-ITEM-20260902-0103,GW-007,Shopgoodwill,DEMO-UPRIGHT-0014,Framed landscape print,Art,1,54.50,5.99,3.81,5.45,27.25,27.25,upright_replica,true,one row per paid order,2026-09-02,America/Indiana/Indianapolis,USD
UP-20260902-0104,2026-09-02T21:00:00+00:00,DEMO-ITEM-20260902-0104,GW-008,eBay,DEMO-UPRIGHT-0015,Silver-tone necklace,Jewelry,1,56.61,6.99,3.96,5.66,0.00,56.61,upright_replica,true,one row per paid order,2026-09-02,America/Indiana/Indianapolis,USD
UP-20260902-0105,2026-09-02T18:00:00+00:00,DEMO-ITEM-20260902-0105,GW-009,Goodwillfinds,DEMO-UPRIGHT-0016,Vintage ceramic vase,Home,1,58.72,7.99,4.11,5.87,0.00,58.72,upright_replica,true,one row per paid order,2026-09-02,America/Indiana/Indianapolis,USD
UP-20260902-0106,2026-09-02T19:00:00+00:00,DEMO-ITEM-20260902-0106,GW-010,Shopgoodwill,DEMO-UPRIGHT-0017,"Wool cardigan, size S",Apparel,1,60.83,3.99,4.25,6.08,0.00,60.83,upright_replica,true,one row per paid order,2026-09-02,America/Indiana/Indianapolis,USD
UP-20260902-0107,2026-09-02T20:00:00+00:00,DEMO-ITEM-20260902-0107,GW-011,eBay,DEMO-UPRIGHT-0018,Framed landscape print,Art,1,62.94,4.99,4.40,6.29,0.00,62.94,upright_replica,true,one row per paid order,2026-09-02,America/Indiana/Indianapolis,USD
UP-20260902-0108,2026-09-02T21:00:00+00:00,DEMO-ITEM-20260902-0108,GW-012,Goodwillfinds,DEMO-UPRIGHT-0019,Silver-tone necklace,Jewelry,1,65.05,5.99,4.55,6.50,0.00,65.05,upright_replica,true,one row per paid order,2026-09-02,America/Indiana/Indianapolis,USD
UP-20260902-0109,2026-09-02T18:00:00+00:00,DEMO-ITEM-20260902-0109,GW-013,Shopgoodwill,DEMO-UPRIGHT-0020,Vintage ceramic vase,Home,1,67.16,6.99,4.70,6.71,0.00,67.16,upright_replica,true,one row per paid order,2026-09-02,America/Indiana/Indianapolis,USD
UP-20260902-0110,2026-09-02T19:00:00+00:00,DEMO-ITEM-20260902-0110,GW-014,eBay,DEMO-UPRIGHT-0021,"Wool cardigan, size S",Apparel,1,69.27,7.99,4.84,6.92,0.00,69.27,upright_replica,true,one row per paid order,2026-09-02,America/Indiana/Indianapolis,USD
UP-20260902-0111,2026-09-02T20:00:00+00:00,DEMO-ITEM-20260902-0111,GW-015,Goodwillfinds,DEMO-UPRIGHT-0022,Framed landscape print,Art,1,71.38,3.99,4.99,7.13,0.00,71.38,upright_replica,true,one row per paid order,2026-09-02,America/Indiana/Indianapolis,USD
UP-20260902-0112,2026-09-02T21:00:00+00:00,DEMO-ITEM-20260902-0112,GW-016,Shopgoodwill,DEMO-UPRIGHT-0023,Silver-tone necklace,Jewelry,1,73.49,4.99,5.14,7.34,0.00,73.49,upright_replica,true,one row per paid order,2026-09-02,America/Indiana/Indianapolis,USD
UP-20260902-0113,2026-09-02T18:00:00+00:00,DEMO-ITEM-20260902-0113,GW-017,eBay,DEMO-UPRIGHT-0024,Vintage ceramic vase,Home,1,75.60,5.99,5.29,7.56,0.00,75.60,upright_replica,true,one row per paid order,2026-09-02,America/Indiana/Indianapolis,USD
UP-20260902-0114,2026-09-02T19:00:00+00:00,DEMO-ITEM-20260902-0114,GW-018,Goodwillfinds,DEMO-UPRIGHT-0025,"Wool cardigan, size S",Apparel,1,77.71,6.99,5.43,7.77,0.00,77.71,upright_replica,true,one row per paid order,2026-09-02,America/Indiana/Indianapolis,USD
UP-20260902-0115,2026-09-02T20:00:00+00:00,DEMO-ITEM-20260902-0115,GW-019,Shopgoodwill,DEMO-UPRIGHT-0026,Framed landscape print,Art,1,79.82,7.99,5.58,7.98,0.00,79.82,upright_replica,true,one row per paid order,2026-09-02,America/Indiana/Indianapolis,USD
UP-20260902-0116,2026-09-02T21:00:00+00:00,DEMO-ITEM-20260902-0116,GW-020,eBay,DEMO-UPRIGHT-0027,Silver-tone necklace,Jewelry,1,81.93,3.99,5.73,8.19,0.00,81.93,upright_replica,true,one row per paid order,2026-09-02,America/Indiana/Indianapolis,USD
UP-20260902-0117,2026-09-02T18:00:00+00:00,DEMO-ITEM-20260902-0117,GW-021,Goodwillfinds,DEMO-UPRIGHT-0028,Vintage ceramic vase,Home,1,84.04,4.99,5.88,8.40,0.00,84.04,upright_replica,true,one row per paid order,2026-09-02,America/Indiana/Indianapolis,USD
UP-20260902-0118,2026-09-02T19:00:00+00:00,DEMO-ITEM-20260902-0118,GW-022,Shopgoodwill,DEMO-UPRIGHT-0029,"Wool cardigan, size S",Apparel,1,86.15,5.99,6.03,8.61,0.00,86.15,upright_replica,true,one row per paid order,2026-09-02,America/Indiana/Indianapolis,USD
UP-20260902-0119,2026-09-02T20:00:00+00:00,DEMO-ITEM-20260902-0119,GW-023,eBay,DEMO-UPRIGHT-0030,Framed landscape print,Art,1,88.26,6.99,6.17,8.82,0.00,88.26,upright_replica,true,one row per paid order,2026-09-02,America/Indiana/Indianapolis,USD
UP-20260902-0120,2026-09-02T21:00:00+00:00,DEMO-ITEM-20260902-0120,GW-024,Goodwillfinds,DEMO-UPRIGHT-0031,Silver-tone necklace,Jewelry,1,90.37,7.99,6.32,9.03,45.18,45.19,upright_replica,true,one row per paid order,2026-09-02,America/Indiana/Indianapolis,USD
UP-20260902-0121,2026-09-02T18:00:00+00:00,DEMO-ITEM-20260902-0121,GW-001,Shopgoodwill,DEMO-UPRIGHT-0032,Vintage ceramic vase,Home,1,92.48,3.99,6.47,9.24,0.00,92.48,upright_replica,true,one row per paid order,2026-09-02,America/Indiana/Indianapolis,USD
UP-20260902-0122,2026-09-02T19:00:00+00:00,DEMO-ITEM-20260902-0122,GW-002,eBay,DEMO-UPRIGHT-0033,"Wool cardigan, size S",Apparel,1,94.59,4.99,6.62,9.45,0.00,94.59,upright_replica,true,one row per paid order,2026-09-02,America/Indiana/Indianapolis,USD
UP-20260902-0123,2026-09-02T20:00:00+00:00,DEMO-ITEM-20260902-0123,GW-003,Goodwillfinds,DEMO-UPRIGHT-0034,Framed landscape print,Art,1,96.70,5.99,6.76,9.67,0.00,96.70,upright_replica,true,one row per paid order,2026-09-02,America/Indiana/Indianapolis,USD
UP-20260902-0124,2026-09-02T21:00:00+00:00,DEMO-ITEM-20260902-0124,GW-004,Shopgoodwill,DEMO-UPRIGHT-0035,Silver-tone necklace,Jewelry,1,98.81,6.99,6.91,9.88,0.00,98.81,upright_replica,true,one row per paid order,2026-09-02,America/Indiana/Indianapolis,USD
UP-20260902-0125,2026-09-02T18:00:00+00:00,DEMO-ITEM-20260902-0125,GW-005,eBay,DEMO-UPRIGHT-0036,Vintage ceramic vase,Home,1,15.92,7.99,1.11,1.59,0.00,15.92,upright_replica,true,one row per paid order,2026-09-02,America/Indiana/Indianapolis,USD
UP-20260902-0126,2026-09-02T19:00:00+00:00,DEMO-ITEM-20260902-0126,GW-006,Goodwillfinds,DEMO-UPRIGHT-0037,"Wool cardigan, size S",Apparel,1,18.03,3.99,1.26,1.80,0.00,18.03,upright_replica,true,one row per paid order,2026-09-02,America/Indiana/Indianapolis,USD
UP-20260902-0127,2026-09-02T20:00:00+00:00,DEMO-ITEM-20260902-0127,GW-007,Shopgoodwill,DEMO-UPRIGHT-0038,Framed landscape print,Art,1,20.14,4.99,1.40,2.01,0.00,20.14,upright_replica,true,one row per paid order,2026-09-02,America/Indiana/Indianapolis,USD
UP-20260902-0128,2026-09-02T21:00:00+00:00,DEMO-ITEM-20260902-0128,GW-008,eBay,DEMO-UPRIGHT-0039,Silver-tone necklace,Jewelry,1,22.25,5.99,1.55,2.22,0.00,22.25,upright_replica,true,one row per paid order,2026-09-02,America/Indiana/Indianapolis,USD
UP-20260903-0001,2026-09-03T18:00:00+00:00,DEMO-ITEM-20260903-0001,GW-001,Shopgoodwill,DEMO-UPRIGHT-0001,Vintage ceramic vase,Home,1,95.65,3.99,6.69,9.56,47.82,47.83,upright_replica,true,one row per paid order,2026-09-03,America/Indiana/Indianapolis,USD
UP-20260903-0002,2026-09-03T19:00:00+00:00,DEMO-ITEM-20260903-0002,GW-002,eBay,DEMO-UPRIGHT-0002,"Wool cardigan, size S",Apparel,1,97.76,4.99,6.84,9.77,0.00,97.76,upright_replica,true,one row per paid order,2026-09-03,America/Indiana/Indianapolis,USD
UP-20260903-0003,2026-09-03T20:00:00+00:00,DEMO-ITEM-20260903-0003,GW-003,Goodwillfinds,DEMO-UPRIGHT-0003,Framed landscape print,Art,1,99.87,5.99,6.99,9.98,0.00,99.87,upright_replica,true,one row per paid order,2026-09-03,America/Indiana/Indianapolis,USD
UP-20260903-0004,2026-09-03T21:00:00+00:00,DEMO-ITEM-20260903-0004,GW-004,Shopgoodwill,DEMO-UPRIGHT-0004,Silver-tone necklace,Jewelry,1,16.98,6.99,1.18,1.69,0.00,16.98,upright_replica,true,one row per paid order,2026-09-03,America/Indiana/Indianapolis,USD
UP-20260903-0005,2026-09-03T18:00:00+00:00,DEMO-ITEM-20260903-0005,GW-005,eBay,DEMO-UPRIGHT-0005,Vintage ceramic vase,Home,1,19.09,7.99,1.33,1.90,0.00,19.09,upright_replica,true,one row per paid order,2026-09-03,America/Indiana/Indianapolis,USD
UP-20260903-0006,2026-09-03T19:00:00+00:00,DEMO-ITEM-20260903-0006,GW-006,Goodwillfinds,DEMO-UPRIGHT-0006,"Wool cardigan, size S",Apparel,1,21.20,3.99,1.48,2.12,0.00,21.20,upright_replica,true,one row per paid order,2026-09-03,America/Indiana/Indianapolis,USD
UP-20260903-0007,2026-09-03T20:00:00+00:00,DEMO-ITEM-20260903-0007,GW-007,Shopgoodwill,DEMO-UPRIGHT-0007,Framed landscape print,Art,1,23.31,4.99,1.63,2.33,0.00,23.31,upright_replica,true,one row per paid order,2026-09-03,America/Indiana/Indianapolis,USD
UP-20260903-0008,2026-09-03T21:00:00+00:00,DEMO-ITEM-20260903-0008,GW-008,eBay,DEMO-UPRIGHT-0008,Silver-tone necklace,Jewelry,1,25.42,5.99,1.77,2.54,0.00,25.42,upright_replica,true,one row per paid order,2026-09-03,America/Indiana/Indianapolis,USD
UP-20260903-0009,2026-09-03T18:00:00+00:00,DEMO-ITEM-20260903-0009,GW-009,Goodwillfinds,DEMO-UPRIGHT-0009,Vintage ceramic vase,Home,1,27.53,6.99,1.92,2.75,0.00,27.53,upright_replica,true,one row per paid order,2026-09-03,America/Indiana/Indianapolis,USD
UP-20260903-0010,2026-09-03T19:00:00+00:00,DEMO-ITEM-20260903-0010,GW-010,Shopgoodwill,DEMO-UPRIGHT-0010,"Wool cardigan, size S",Apparel,1,29.64,7.99,2.07,2.96,0.00,29.64,upright_replica,true,one row per paid order,2026-09-03,America/Indiana/Indianapolis,USD
UP-20260903-0011,2026-09-03T20:00:00+00:00,DEMO-ITEM-20260903-0011,GW-011,eBay,DEMO-UPRIGHT-0011,Framed landscape print,Art,1,31.75,3.99,2.22,3.17,0.00,31.75,upright_replica,true,one row per paid order,2026-09-03,America/Indiana/Indianapolis,USD
UP-20260903-0012,2026-09-03T21:00:00+00:00,DEMO-ITEM-20260903-0012,GW-012,Goodwillfinds,DEMO-UPRIGHT-0012,Silver-tone necklace,Jewelry,1,33.86,4.99,2.37,3.38,0.00,33.86,upright_replica,true,one row per paid order,2026-09-03,America/Indiana/Indianapolis,USD
UP-20260903-0013,2026-09-03T18:00:00+00:00,DEMO-ITEM-20260903-0013,GW-013,Shopgoodwill,DEMO-UPRIGHT-0013,Vintage ceramic vase,Home,1,35.97,5.99,2.51,3.59,0.00,35.97,upright_replica,true,one row per paid order,2026-09-03,America/Indiana/Indianapolis,USD
UP-20260903-0014,2026-09-03T19:00:00+00:00,DEMO-ITEM-20260903-0014,GW-014,eBay,DEMO-UPRIGHT-0014,"Wool cardigan, size S",Apparel,1,38.08,6.99,2.66,3.80,0.00,38.08,upright_replica,true,one row per paid order,2026-09-03,America/Indiana/Indianapolis,USD
UP-20260903-0015,2026-09-03T20:00:00+00:00,DEMO-ITEM-20260903-0015,GW-015,Goodwillfinds,DEMO-UPRIGHT-0015,Framed landscape print,Art,1,40.19,7.99,2.81,4.01,0.00,40.19,upright_replica,true,one row per paid order,2026-09-03,America/Indiana/Indianapolis,USD
UP-20260903-0016,2026-09-03T21:00:00+00:00,DEMO-ITEM-20260903-0016,GW-016,Shopgoodwill,DEMO-UPRIGHT-0016,Silver-tone necklace,Jewelry,1,42.30,3.99,2.96,4.23,0.00,42.30,upright_replica,true,one row per paid order,2026-09-03,America/Indiana/Indianapolis,USD
UP-20260903-0017,2026-09-03T18:00:00+00:00,DEMO-ITEM-20260903-0017,GW-017,eBay,DEMO-UPRIGHT-0017,Vintage ceramic vase,Home,1,44.41,4.99,3.10,4.44,0.00,44.41,upright_replica,true,one row per paid order,2026-09-03,America/Indiana/Indianapolis,USD
UP-20260903-0018,2026-09-03T19:00:00+00:00,DEMO-ITEM-20260903-0018,GW-018,Goodwillfinds,DEMO-UPRIGHT-0018,"Wool cardigan, size S",Apparel,1,46.52,5.99,3.25,4.65,23.26,23.26,upright_replica,true,one row per paid order,2026-09-03,America/Indiana/Indianapolis,USD
UP-20260903-0019,2026-09-03T20:00:00+00:00,DEMO-ITEM-20260903-0019,GW-019,Shopgoodwill,DEMO-UPRIGHT-0019,Framed landscape print,Art,1,48.63,6.99,3.40,4.86,0.00,48.63,upright_replica,true,one row per paid order,2026-09-03,America/Indiana/Indianapolis,USD
UP-20260903-0020,2026-09-03T21:00:00+00:00,DEMO-ITEM-20260903-0020,GW-020,eBay,DEMO-UPRIGHT-0020,Silver-tone necklace,Jewelry,1,50.74,7.99,3.55,5.07,0.00,50.74,upright_replica,true,one row per paid order,2026-09-03,America/Indiana/Indianapolis,USD
UP-20260903-0021,2026-09-03T18:00:00+00:00,DEMO-ITEM-20260903-0021,GW-021,Goodwillfinds,DEMO-UPRIGHT-0021,Vintage ceramic vase,Home,1,52.85,3.99,3.69,5.28,0.00,52.85,upright_replica,true,one row per paid order,2026-09-03,America/Indiana/Indianapolis,USD
UP-20260903-0022,2026-09-03T19:00:00+00:00,DEMO-ITEM-20260903-0022,GW-022,Shopgoodwill,DEMO-UPRIGHT-0022,"Wool cardigan, size S",Apparel,1,54.96,4.99,3.84,5.49,0.00,54.96,upright_replica,true,one row per paid order,2026-09-03,America/Indiana/Indianapolis,USD
UP-20260903-0023,2026-09-03T20:00:00+00:00,DEMO-ITEM-20260903-0023,GW-023,eBay,DEMO-UPRIGHT-0023,Framed landscape print,Art,1,57.07,5.99,3.99,5.70,0.00,57.07,upright_replica,true,one row per paid order,2026-09-03,America/Indiana/Indianapolis,USD
UP-20260903-0024,2026-09-03T21:00:00+00:00,DEMO-ITEM-20260903-0024,GW-024,Goodwillfinds,DEMO-UPRIGHT-0024,Silver-tone necklace,Jewelry,1,59.18,6.99,4.14,5.91,0.00,59.18,upright_replica,true,one row per paid order,2026-09-03,America/Indiana/Indianapolis,USD
UP-20260903-0025,2026-09-03T18:00:00+00:00,DEMO-ITEM-20260903-0025,GW-001,Shopgoodwill,DEMO-UPRIGHT-0025,Vintage ceramic vase,Home,1,61.29,7.99,4.29,6.12,0.00,61.29,upright_replica,true,one row per paid order,2026-09-03,America/Indiana/Indianapolis,USD
UP-20260903-0026,2026-09-03T19:00:00+00:00,DEMO-ITEM-20260903-0026,GW-002,eBay,DEMO-UPRIGHT-0026,"Wool cardigan, size S",Apparel,1,63.40,3.99,4.43,6.34,0.00,63.40,upright_replica,true,one row per paid order,2026-09-03,America/Indiana/Indianapolis,USD
UP-20260903-0027,2026-09-03T20:00:00+00:00,DEMO-ITEM-20260903-0027,GW-003,Goodwillfinds,DEMO-UPRIGHT-0027,Framed landscape print,Art,1,65.51,4.99,4.58,6.55,0.00,65.51,upright_replica,true,one row per paid order,2026-09-03,America/Indiana/Indianapolis,USD
UP-20260903-0028,2026-09-03T21:00:00+00:00,DEMO-ITEM-20260903-0028,GW-004,Shopgoodwill,DEMO-UPRIGHT-0028,Silver-tone necklace,Jewelry,1,67.62,5.99,4.73,6.76,0.00,67.62,upright_replica,true,one row per paid order,2026-09-03,America/Indiana/Indianapolis,USD
UP-20260903-0029,2026-09-03T18:00:00+00:00,DEMO-ITEM-20260903-0029,GW-005,eBay,DEMO-UPRIGHT-0029,Vintage ceramic vase,Home,1,69.73,6.99,4.88,6.97,0.00,69.73,upright_replica,true,one row per paid order,2026-09-03,America/Indiana/Indianapolis,USD
UP-20260903-0030,2026-09-03T19:00:00+00:00,DEMO-ITEM-20260903-0030,GW-006,Goodwillfinds,DEMO-UPRIGHT-0030,"Wool cardigan, size S",Apparel,1,71.84,7.99,5.02,7.18,0.00,71.84,upright_replica,true,one row per paid order,2026-09-03,America/Indiana/Indianapolis,USD
UP-20260903-0031,2026-09-03T20:00:00+00:00,DEMO-ITEM-20260903-0031,GW-007,Shopgoodwill,DEMO-UPRIGHT-0031,Framed landscape print,Art,1,73.95,3.99,5.17,7.39,0.00,73.95,upright_replica,true,one row per paid order,2026-09-03,America/Indiana/Indianapolis,USD
UP-20260903-0032,2026-09-03T21:00:00+00:00,DEMO-ITEM-20260903-0032,GW-008,eBay,DEMO-UPRIGHT-0032,Silver-tone necklace,Jewelry,1,76.06,4.99,5.32,7.60,0.00,76.06,upright_replica,true,one row per paid order,2026-09-03,America/Indiana/Indianapolis,USD
UP-20260903-0033,2026-09-03T18:00:00+00:00,DEMO-ITEM-20260903-0033,GW-009,Goodwillfinds,DEMO-UPRIGHT-0033,Vintage ceramic vase,Home,1,78.17,5.99,5.47,7.81,0.00,78.17,upright_replica,true,one row per paid order,2026-09-03,America/Indiana/Indianapolis,USD
UP-20260903-0034,2026-09-03T19:00:00+00:00,DEMO-ITEM-20260903-0034,GW-010,Shopgoodwill,DEMO-UPRIGHT-0034,"Wool cardigan, size S",Apparel,1,80.28,6.99,5.61,8.02,0.00,80.28,upright_replica,true,one row per paid order,2026-09-03,America/Indiana/Indianapolis,USD
UP-20260903-0035,2026-09-03T20:00:00+00:00,DEMO-ITEM-20260903-0035,GW-011,eBay,DEMO-UPRIGHT-0035,Framed landscape print,Art,1,82.39,7.99,5.76,8.23,41.19,41.20,upright_replica,true,one row per paid order,2026-09-03,America/Indiana/Indianapolis,USD
UP-20260903-0036,2026-09-03T21:00:00+00:00,DEMO-ITEM-20260903-0036,GW-012,Goodwillfinds,DEMO-UPRIGHT-0036,Silver-tone necklace,Jewelry,1,84.50,3.99,5.91,8.45,0.00,84.50,upright_replica,true,one row per paid order,2026-09-03,America/Indiana/Indianapolis,USD
UP-20260903-0037,2026-09-03T18:00:00+00:00,DEMO-ITEM-20260903-0037,GW-013,Shopgoodwill,DEMO-UPRIGHT-0037,Vintage ceramic vase,Home,1,86.61,4.99,6.06,8.66,0.00,86.61,upright_replica,true,one row per paid order,2026-09-03,America/Indiana/Indianapolis,USD
UP-20260903-0038,2026-09-03T19:00:00+00:00,DEMO-ITEM-20260903-0038,GW-014,eBay,DEMO-UPRIGHT-0038,"Wool cardigan, size S",Apparel,1,88.72,5.99,6.21,8.87,0.00,88.72,upright_replica,true,one row per paid order,2026-09-03,America/Indiana/Indianapolis,USD
UP-20260903-0039,2026-09-03T20:00:00+00:00,DEMO-ITEM-20260903-0039,GW-015,Goodwillfinds,DEMO-UPRIGHT-0039,Framed landscape print,Art,1,90.83,6.99,6.35,9.08,0.00,90.83,upright_replica,true,one row per paid order,2026-09-03,America/Indiana/Indianapolis,USD
UP-20260903-0040,2026-09-03T21:00:00+00:00,DEMO-ITEM-20260903-0040,GW-016,Shopgoodwill,DEMO-UPRIGHT-0040,Silver-tone necklace,Jewelry,1,92.94,7.99,6.50,9.29,0.00,92.94,upright_replica,true,one row per paid order,2026-09-03,America/Indiana/Indianapolis,USD
UP-20260903-0041,2026-09-03T18:00:00+00:00,DEMO-ITEM-20260903-0041,GW-017,eBay,DEMO-UPRIGHT-0041,Vintage ceramic vase,Home,1,95.05,3.99,6.65,9.50,0.00,95.05,upright_replica,true,one row per paid order,2026-09-03,America/Indiana/Indianapolis,USD
UP-20260903-0042,2026-09-03T19:00:00+00:00,DEMO-ITEM-20260903-0042,GW-018,Goodwillfinds,DEMO-UPRIGHT-0042,"Wool cardigan, size S",Apparel,1,97.16,4.99,6.80,9.71,0.00,97.16,upright_replica,true,one row per paid order,2026-09-03,America/Indiana/Indianapolis,USD
UP-20260903-0043,2026-09-03T20:00:00+00:00,DEMO-ITEM-20260903-0043,GW-019,Shopgoodwill,DEMO-UPRIGHT-0043,Framed landscape print,Art,1,99.27,5.99,6.94,9.92,0.00,99.27,upright_replica,true,one row per paid order,2026-09-03,America/Indiana/Indianapolis,USD
UP-20260903-0044,2026-09-03T21:00:00+00:00,DEMO-ITEM-20260903-0044,GW-020,eBay,DEMO-UPRIGHT-0044,Silver-tone necklace,Jewelry,1,16.38,6.99,1.14,1.63,0.00,16.38,upright_replica,true,one row per paid order,2026-09-03,America/Indiana/Indianapolis,USD
UP-20260903-0045,2026-09-03T18:00:00+00:00,DEMO-ITEM-20260903-0045,GW-021,Goodwillfinds,DEMO-UPRIGHT-0045,Vintage ceramic vase,Home,1,18.49,7.99,1.29,1.84,0.00,18.49,upright_replica,true,one row per paid order,2026-09-03,America/Indiana/Indianapolis,USD
UP-20260903-0046,2026-09-03T19:00:00+00:00,DEMO-ITEM-20260903-0046,GW-022,Shopgoodwill,DEMO-UPRIGHT-0046,"Wool cardigan, size S",Apparel,1,20.60,3.99,1.44,2.06,0.00,20.60,upright_replica,true,one row per paid order,2026-09-03,America/Indiana/Indianapolis,USD
UP-20260903-0047,2026-09-03T20:00:00+00:00,DEMO-ITEM-20260903-0047,GW-023,eBay,DEMO-UPRIGHT-0047,Framed landscape print,Art,1,22.71,4.99,1.58,2.27,0.00,22.71,upright_replica,true,one row per paid order,2026-09-03,America/Indiana/Indianapolis,USD
UP-20260903-0048,2026-09-03T21:00:00+00:00,DEMO-ITEM-20260903-0048,GW-024,Goodwillfinds,DEMO-UPRIGHT-0048,Silver-tone necklace,Jewelry,1,24.82,5.99,1.73,2.48,0.00,24.82,upright_replica,true,one row per paid order,2026-09-03,America/Indiana/Indianapolis,USD
UP-20260903-0049,2026-09-03T18:00:00+00:00,DEMO-ITEM-20260903-0049,GW-001,Shopgoodwill,DEMO-UPRIGHT-0049,Vintage ceramic vase,Home,1,26.93,6.99,1.88,2.69,0.00,26.93,upright_replica,true,one row per paid order,2026-09-03,America/Indiana/Indianapolis,USD
UP-20260903-0050,2026-09-03T19:00:00+00:00,DEMO-ITEM-20260903-0050,GW-002,eBay,DEMO-UPRIGHT-0050,"Wool cardigan, size S",Apparel,1,29.04,7.99,2.03,2.90,0.00,29.04,upright_replica,true,one row per paid order,2026-09-03,America/Indiana/Indianapolis,USD
UP-20260903-0051,2026-09-03T20:00:00+00:00,DEMO-ITEM-20260903-0051,GW-003,Goodwillfinds,DEMO-UPRIGHT-0051,Framed landscape print,Art,1,31.15,3.99,2.18,3.11,0.00,31.15,upright_replica,true,one row per paid order,2026-09-03,America/Indiana/Indianapolis,USD
UP-20260903-0052,2026-09-03T21:00:00+00:00,DEMO-ITEM-20260903-0052,GW-004,Shopgoodwill,DEMO-UPRIGHT-0052,Silver-tone necklace,Jewelry,1,33.26,4.99,2.32,3.32,16.63,16.63,upright_replica,true,one row per paid order,2026-09-03,America/Indiana/Indianapolis,USD
UP-20260903-0053,2026-09-03T18:00:00+00:00,DEMO-ITEM-20260903-0053,GW-005,eBay,DEMO-UPRIGHT-0053,Vintage ceramic vase,Home,1,35.37,5.99,2.47,3.53,0.00,35.37,upright_replica,true,one row per paid order,2026-09-03,America/Indiana/Indianapolis,USD
UP-20260903-0054,2026-09-03T19:00:00+00:00,DEMO-ITEM-20260903-0054,GW-006,Goodwillfinds,DEMO-UPRIGHT-0054,"Wool cardigan, size S",Apparel,1,37.48,6.99,2.62,3.74,0.00,37.48,upright_replica,true,one row per paid order,2026-09-03,America/Indiana/Indianapolis,USD
UP-20260903-0055,2026-09-03T20:00:00+00:00,DEMO-ITEM-20260903-0055,GW-007,Shopgoodwill,DEMO-UPRIGHT-0055,Framed landscape print,Art,1,39.59,7.99,2.77,3.95,0.00,39.59,upright_replica,true,one row per paid order,2026-09-03,America/Indiana/Indianapolis,USD
UP-20260903-0056,2026-09-03T21:00:00+00:00,DEMO-ITEM-20260903-0056,GW-008,eBay,DEMO-UPRIGHT-0056,Silver-tone necklace,Jewelry,1,41.70,3.99,2.91,4.17,0.00,41.70,upright_replica,true,one row per paid order,2026-09-03,America/Indiana/Indianapolis,USD
UP-20260903-0057,2026-09-03T18:00:00+00:00,DEMO-ITEM-20260903-0057,GW-009,Goodwillfinds,DEMO-UPRIGHT-0057,Vintage ceramic vase,Home,1,43.81,4.99,3.06,4.38,0.00,43.81,upright_replica,true,one row per paid order,2026-09-03,America/Indiana/Indianapolis,USD
UP-20260903-0058,2026-09-03T19:00:00+00:00,DEMO-ITEM-20260903-0058,GW-010,Shopgoodwill,DEMO-UPRIGHT-0058,"Wool cardigan, size S",Apparel,1,45.92,5.99,3.21,4.59,0.00,45.92,upright_replica,true,one row per paid order,2026-09-03,America/Indiana/Indianapolis,USD
UP-20260903-0059,2026-09-03T20:00:00+00:00,DEMO-ITEM-20260903-0059,GW-011,eBay,DEMO-UPRIGHT-0059,Framed landscape print,Art,1,48.03,6.99,3.36,4.80,0.00,48.03,upright_replica,true,one row per paid order,2026-09-03,America/Indiana/Indianapolis,USD
UP-20260903-0060,2026-09-03T21:00:00+00:00,DEMO-ITEM-20260903-0060,GW-012,Goodwillfinds,DEMO-UPRIGHT-0060,Silver-tone necklace,Jewelry,1,50.14,7.99,3.50,5.01,0.00,50.14,upright_replica,true,one row per paid order,2026-09-03,America/Indiana/Indianapolis,USD
UP-20260903-0061,2026-09-03T18:00:00+00:00,DEMO-ITEM-20260903-0061,GW-013,Shopgoodwill,DEMO-UPRIGHT-0061,Vintage ceramic vase,Home,1,52.25,3.99,3.65,5.22,0.00,52.25,upright_replica,true,one row per paid order,2026-09-03,America/Indiana/Indianapolis,USD
UP-20260903-0062,2026-09-03T19:00:00+00:00,DEMO-ITEM-20260903-0062,GW-014,eBay,DEMO-UPRIGHT-0062,"Wool cardigan, size S",Apparel,1,54.36,4.99,3.80,5.43,0.00,54.36,upright_replica,true,one row per paid order,2026-09-03,America/Indiana/Indianapolis,USD
UP-20260903-0063,2026-09-03T20:00:00+00:00,DEMO-ITEM-20260903-0063,GW-015,Goodwillfinds,DEMO-UPRIGHT-0063,Framed landscape print,Art,1,56.47,5.99,3.95,5.64,0.00,56.47,upright_replica,true,one row per paid order,2026-09-03,America/Indiana/Indianapolis,USD
UP-20260903-0064,2026-09-03T21:00:00+00:00,DEMO-ITEM-20260903-0064,GW-016,Shopgoodwill,DEMO-UPRIGHT-0064,Silver-tone necklace,Jewelry,1,58.58,6.99,4.10,5.85,0.00,58.58,upright_replica,true,one row per paid order,2026-09-03,America/Indiana/Indianapolis,USD
UP-20260903-0065,2026-09-03T18:00:00+00:00,DEMO-ITEM-20260903-0065,GW-017,eBay,DEMO-UPRIGHT-0065,Vintage ceramic vase,Home,1,60.69,7.99,4.24,6.06,0.00,60.69,upright_replica,true,one row per paid order,2026-09-03,America/Indiana/Indianapolis,USD
UP-20260903-0066,2026-09-03T19:00:00+00:00,DEMO-ITEM-20260903-0066,GW-018,Goodwillfinds,DEMO-UPRIGHT-0066,"Wool cardigan, size S",Apparel,1,62.80,3.99,4.39,6.28,0.00,62.80,upright_replica,true,one row per paid order,2026-09-03,America/Indiana/Indianapolis,USD
UP-20260903-0067,2026-09-03T20:00:00+00:00,DEMO-ITEM-20260903-0067,GW-019,Shopgoodwill,DEMO-UPRIGHT-0067,Framed landscape print,Art,1,64.91,4.99,4.54,6.49,0.00,64.91,upright_replica,true,one row per paid order,2026-09-03,America/Indiana/Indianapolis,USD
UP-20260903-0068,2026-09-03T21:00:00+00:00,DEMO-ITEM-20260903-0068,GW-020,eBay,DEMO-UPRIGHT-0068,Silver-tone necklace,Jewelry,1,67.02,5.99,4.69,6.70,0.00,67.02,upright_replica,true,one row per paid order,2026-09-03,America/Indiana/Indianapolis,USD
UP-20260903-0069,2026-09-03T18:00:00+00:00,DEMO-ITEM-20260903-0069,GW-021,Goodwillfinds,DEMO-UPRIGHT-0069,Vintage ceramic vase,Home,1,69.13,6.99,4.83,6.91,34.56,34.57,upright_replica,true,one row per paid order,2026-09-03,America/Indiana/Indianapolis,USD
UP-20260903-0070,2026-09-03T19:00:00+00:00,DEMO-ITEM-20260903-0070,GW-022,Shopgoodwill,DEMO-UPRIGHT-0070,"Wool cardigan, size S",Apparel,1,71.24,7.99,4.98,7.12,0.00,71.24,upright_replica,true,one row per paid order,2026-09-03,America/Indiana/Indianapolis,USD
UP-20260903-0071,2026-09-03T20:00:00+00:00,DEMO-ITEM-20260903-0071,GW-023,eBay,DEMO-UPRIGHT-0071,Framed landscape print,Art,1,73.35,3.99,5.13,7.33,0.00,73.35,upright_replica,true,one row per paid order,2026-09-03,America/Indiana/Indianapolis,USD
UP-20260903-0072,2026-09-03T21:00:00+00:00,DEMO-ITEM-20260903-0072,GW-024,Goodwillfinds,DEMO-UPRIGHT-0072,Silver-tone necklace,Jewelry,1,75.46,4.99,5.28,7.54,0.00,75.46,upright_replica,true,one row per paid order,2026-09-03,America/Indiana/Indianapolis,USD
UP-20260903-0073,2026-09-03T18:00:00+00:00,DEMO-ITEM-20260903-0073,GW-001,Shopgoodwill,DEMO-UPRIGHT-0073,Vintage ceramic vase,Home,1,77.57,5.99,5.42,7.75,0.00,77.57,upright_replica,true,one row per paid order,2026-09-03,America/Indiana/Indianapolis,USD
UP-20260903-0074,2026-09-03T19:00:00+00:00,DEMO-ITEM-20260903-0074,GW-002,eBay,DEMO-UPRIGHT-0074,"Wool cardigan, size S",Apparel,1,79.68,6.99,5.57,7.96,0.00,79.68,upright_replica,true,one row per paid order,2026-09-03,America/Indiana/Indianapolis,USD
UP-20260903-0075,2026-09-03T20:00:00+00:00,DEMO-ITEM-20260903-0075,GW-003,Goodwillfinds,DEMO-UPRIGHT-0075,Framed landscape print,Art,1,81.79,7.99,5.72,8.17,0.00,81.79,upright_replica,true,one row per paid order,2026-09-03,America/Indiana/Indianapolis,USD
UP-20260903-0076,2026-09-03T21:00:00+00:00,DEMO-ITEM-20260903-0076,GW-004,Shopgoodwill,DEMO-UPRIGHT-0076,Silver-tone necklace,Jewelry,1,83.90,3.99,5.87,8.39,0.00,83.90,upright_replica,true,one row per paid order,2026-09-03,America/Indiana/Indianapolis,USD
UP-20260903-0077,2026-09-03T18:00:00+00:00,DEMO-ITEM-20260903-0077,GW-005,eBay,DEMO-UPRIGHT-0077,Vintage ceramic vase,Home,1,86.01,4.99,6.02,8.60,0.00,86.01,upright_replica,true,one row per paid order,2026-09-03,America/Indiana/Indianapolis,USD
UP-20260903-0078,2026-09-03T19:00:00+00:00,DEMO-ITEM-20260903-0078,GW-006,Goodwillfinds,DEMO-UPRIGHT-0078,"Wool cardigan, size S",Apparel,1,88.12,5.99,6.16,8.81,0.00,88.12,upright_replica,true,one row per paid order,2026-09-03,America/Indiana/Indianapolis,USD
UP-20260903-0079,2026-09-03T20:00:00+00:00,DEMO-ITEM-20260903-0079,GW-007,Shopgoodwill,DEMO-UPRIGHT-0079,Framed landscape print,Art,1,90.23,6.99,6.31,9.02,0.00,90.23,upright_replica,true,one row per paid order,2026-09-03,America/Indiana/Indianapolis,USD
UP-20260903-0080,2026-09-03T21:00:00+00:00,DEMO-ITEM-20260903-0080,GW-008,eBay,DEMO-UPRIGHT-0080,Silver-tone necklace,Jewelry,1,92.34,7.99,6.46,9.23,0.00,92.34,upright_replica,true,one row per paid order,2026-09-03,America/Indiana/Indianapolis,USD
UP-20260903-0081,2026-09-03T18:00:00+00:00,DEMO-ITEM-20260903-0081,GW-009,Goodwillfinds,DEMO-UPRIGHT-0081,Vintage ceramic vase,Home,1,94.45,3.99,6.61,9.44,0.00,94.45,upright_replica,true,one row per paid order,2026-09-03,America/Indiana/Indianapolis,USD
UP-20260903-0082,2026-09-03T19:00:00+00:00,DEMO-ITEM-20260903-0082,GW-010,Shopgoodwill,DEMO-UPRIGHT-0082,"Wool cardigan, size S",Apparel,1,96.56,4.99,6.75,9.65,0.00,96.56,upright_replica,true,one row per paid order,2026-09-03,America/Indiana/Indianapolis,USD
UP-20260903-0083,2026-09-03T20:00:00+00:00,DEMO-ITEM-20260903-0083,GW-011,eBay,DEMO-UPRIGHT-0083,Framed landscape print,Art,1,98.67,5.99,6.90,9.86,0.00,98.67,upright_replica,true,one row per paid order,2026-09-03,America/Indiana/Indianapolis,USD
UP-20260903-0084,2026-09-03T21:00:00+00:00,DEMO-ITEM-20260903-0084,GW-012,Goodwillfinds,DEMO-UPRIGHT-0084,Silver-tone necklace,Jewelry,1,15.78,6.99,1.10,1.57,0.00,15.78,upright_replica,true,one row per paid order,2026-09-03,America/Indiana/Indianapolis,USD
UP-20260903-0085,2026-09-03T18:00:00+00:00,DEMO-ITEM-20260903-0085,GW-013,Shopgoodwill,DEMO-UPRIGHT-0085,Vintage ceramic vase,Home,1,17.89,7.99,1.25,1.78,0.00,17.89,upright_replica,true,one row per paid order,2026-09-03,America/Indiana/Indianapolis,USD
UP-20260903-0086,2026-09-03T19:00:00+00:00,DEMO-ITEM-20260903-0086,GW-014,eBay,DEMO-UPRIGHT-0086,"Wool cardigan, size S",Apparel,1,20.00,3.99,1.40,2.00,10.00,10.00,upright_replica,true,one row per paid order,2026-09-03,America/Indiana/Indianapolis,USD
UP-20260903-0087,2026-09-03T20:00:00+00:00,DEMO-ITEM-20260903-0087,GW-015,Goodwillfinds,DEMO-UPRIGHT-0087,Framed landscape print,Art,1,22.11,4.99,1.54,2.21,0.00,22.11,upright_replica,true,one row per paid order,2026-09-03,America/Indiana/Indianapolis,USD
UP-20260903-0088,2026-09-03T21:00:00+00:00,DEMO-ITEM-20260903-0088,GW-016,Shopgoodwill,DEMO-UPRIGHT-0088,Silver-tone necklace,Jewelry,1,24.22,5.99,1.69,2.42,0.00,24.22,upright_replica,true,one row per paid order,2026-09-03,America/Indiana/Indianapolis,USD
UP-20260903-0089,2026-09-03T18:00:00+00:00,DEMO-ITEM-20260903-0089,GW-017,eBay,DEMO-UPRIGHT-0089,Vintage ceramic vase,Home,1,26.33,6.99,1.84,2.63,0.00,26.33,upright_replica,true,one row per paid order,2026-09-03,America/Indiana/Indianapolis,USD
UP-20260903-0090,2026-09-03T19:00:00+00:00,DEMO-ITEM-20260903-0090,GW-018,Goodwillfinds,DEMO-UPRIGHT-0001,"Wool cardigan, size S",Apparel,1,28.44,7.99,1.99,2.84,0.00,28.44,upright_replica,true,one row per paid order,2026-09-03,America/Indiana/Indianapolis,USD
UP-20260903-0091,2026-09-03T20:00:00+00:00,DEMO-ITEM-20260903-0091,GW-019,Shopgoodwill,DEMO-UPRIGHT-0002,Framed landscape print,Art,1,30.55,3.99,2.13,3.05,0.00,30.55,upright_replica,true,one row per paid order,2026-09-03,America/Indiana/Indianapolis,USD
UP-20260903-0092,2026-09-03T21:00:00+00:00,DEMO-ITEM-20260903-0092,GW-020,eBay,DEMO-UPRIGHT-0003,Silver-tone necklace,Jewelry,1,32.66,4.99,2.28,3.26,0.00,32.66,upright_replica,true,one row per paid order,2026-09-03,America/Indiana/Indianapolis,USD
UP-20260903-0093,2026-09-03T18:00:00+00:00,DEMO-ITEM-20260903-0093,GW-021,Goodwillfinds,DEMO-UPRIGHT-0004,Vintage ceramic vase,Home,1,34.77,5.99,2.43,3.47,0.00,34.77,upright_replica,true,one row per paid order,2026-09-03,America/Indiana/Indianapolis,USD
UP-20260903-0094,2026-09-03T19:00:00+00:00,DEMO-ITEM-20260903-0094,GW-022,Shopgoodwill,DEMO-UPRIGHT-0005,"Wool cardigan, size S",Apparel,1,36.88,6.99,2.58,3.68,0.00,36.88,upright_replica,true,one row per paid order,2026-09-03,America/Indiana/Indianapolis,USD
UP-20260903-0095,2026-09-03T20:00:00+00:00,DEMO-ITEM-20260903-0095,GW-023,eBay,DEMO-UPRIGHT-0006,Framed landscape print,Art,1,38.99,7.99,2.72,3.89,0.00,38.99,upright_replica,true,one row per paid order,2026-09-03,America/Indiana/Indianapolis,USD
UP-20260903-0096,2026-09-03T21:00:00+00:00,DEMO-ITEM-20260903-0096,GW-024,Goodwillfinds,DEMO-UPRIGHT-0007,Silver-tone necklace,Jewelry,1,41.10,3.99,2.87,4.11,0.00,41.10,upright_replica,true,one row per paid order,2026-09-03,America/Indiana/Indianapolis,USD
UP-20260903-0097,2026-09-03T18:00:00+00:00,DEMO-ITEM-20260903-0097,GW-001,Shopgoodwill,DEMO-UPRIGHT-0008,Vintage ceramic vase,Home,1,43.21,4.99,3.02,4.32,0.00,43.21,upright_replica,true,one row per paid order,2026-09-03,America/Indiana/Indianapolis,USD
UP-20260903-0098,2026-09-03T19:00:00+00:00,DEMO-ITEM-20260903-0098,GW-002,eBay,DEMO-UPRIGHT-0009,"Wool cardigan, size S",Apparel,1,45.32,5.99,3.17,4.53,0.00,45.32,upright_replica,true,one row per paid order,2026-09-03,America/Indiana/Indianapolis,USD
UP-20260903-0099,2026-09-03T20:00:00+00:00,DEMO-ITEM-20260903-0099,GW-003,Goodwillfinds,DEMO-UPRIGHT-0010,Framed landscape print,Art,1,47.43,6.99,3.32,4.74,0.00,47.43,upright_replica,true,one row per paid order,2026-09-03,America/Indiana/Indianapolis,USD
UP-20260903-0100,2026-09-03T21:00:00+00:00,DEMO-ITEM-20260903-0100,GW-004,Shopgoodwill,DEMO-UPRIGHT-0011,Silver-tone necklace,Jewelry,1,49.54,7.99,3.46,4.95,0.00,49.54,upright_replica,true,one row per paid order,2026-09-03,America/Indiana/Indianapolis,USD
UP-20260903-0101,2026-09-03T18:00:00+00:00,DEMO-ITEM-20260903-0101,GW-005,eBay,DEMO-UPRIGHT-0012,Vintage ceramic vase,Home,1,51.65,3.99,3.61,5.16,0.00,51.65,upright_replica,true,one row per paid order,2026-09-03,America/Indiana/Indianapolis,USD
UP-20260903-0102,2026-09-03T19:00:00+00:00,DEMO-ITEM-20260903-0102,GW-006,Goodwillfinds,DEMO-UPRIGHT-0013,"Wool cardigan, size S",Apparel,1,53.76,4.99,3.76,5.37,0.00,53.76,upright_replica,true,one row per paid order,2026-09-03,America/Indiana/Indianapolis,USD
UP-20260903-0103,2026-09-03T20:00:00+00:00,DEMO-ITEM-20260903-0103,GW-007,Shopgoodwill,DEMO-UPRIGHT-0014,Framed landscape print,Art,1,55.87,5.99,3.91,5.58,27.93,27.94,upright_replica,true,one row per paid order,2026-09-03,America/Indiana/Indianapolis,USD
UP-20260903-0104,2026-09-03T21:00:00+00:00,DEMO-ITEM-20260903-0104,GW-008,eBay,DEMO-UPRIGHT-0015,Silver-tone necklace,Jewelry,1,57.98,6.99,4.05,5.79,0.00,57.98,upright_replica,true,one row per paid order,2026-09-03,America/Indiana/Indianapolis,USD
UP-20260903-0105,2026-09-03T18:00:00+00:00,DEMO-ITEM-20260903-0105,GW-009,Goodwillfinds,DEMO-UPRIGHT-0016,Vintage ceramic vase,Home,1,60.09,7.99,4.20,6.00,0.00,60.09,upright_replica,true,one row per paid order,2026-09-03,America/Indiana/Indianapolis,USD
UP-20260903-0106,2026-09-03T19:00:00+00:00,DEMO-ITEM-20260903-0106,GW-010,Shopgoodwill,DEMO-UPRIGHT-0017,"Wool cardigan, size S",Apparel,1,62.20,3.99,4.35,6.22,0.00,62.20,upright_replica,true,one row per paid order,2026-09-03,America/Indiana/Indianapolis,USD
UP-20260903-0107,2026-09-03T20:00:00+00:00,DEMO-ITEM-20260903-0107,GW-011,eBay,DEMO-UPRIGHT-0018,Framed landscape print,Art,1,64.31,4.99,4.50,6.43,0.00,64.31,upright_replica,true,one row per paid order,2026-09-03,America/Indiana/Indianapolis,USD
UP-20260903-0108,2026-09-03T21:00:00+00:00,DEMO-ITEM-20260903-0108,GW-012,Goodwillfinds,DEMO-UPRIGHT-0019,Silver-tone necklace,Jewelry,1,66.42,5.99,4.64,6.64,0.00,66.42,upright_replica,true,one row per paid order,2026-09-03,America/Indiana/Indianapolis,USD
UP-20260903-0109,2026-09-03T18:00:00+00:00,DEMO-ITEM-20260903-0109,GW-013,Shopgoodwill,DEMO-UPRIGHT-0020,Vintage ceramic vase,Home,1,68.53,6.99,4.79,6.85,0.00,68.53,upright_replica,true,one row per paid order,2026-09-03,America/Indiana/Indianapolis,USD
UP-20260903-0110,2026-09-03T19:00:00+00:00,DEMO-ITEM-20260903-0110,GW-014,eBay,DEMO-UPRIGHT-0021,"Wool cardigan, size S",Apparel,1,70.64,7.99,4.94,7.06,0.00,70.64,upright_replica,true,one row per paid order,2026-09-03,America/Indiana/Indianapolis,USD
UP-20260903-0111,2026-09-03T20:00:00+00:00,DEMO-ITEM-20260903-0111,GW-015,Goodwillfinds,DEMO-UPRIGHT-0022,Framed landscape print,Art,1,72.75,3.99,5.09,7.27,0.00,72.75,upright_replica,true,one row per paid order,2026-09-03,America/Indiana/Indianapolis,USD
UP-20260903-0112,2026-09-03T21:00:00+00:00,DEMO-ITEM-20260903-0112,GW-016,Shopgoodwill,DEMO-UPRIGHT-0023,Silver-tone necklace,Jewelry,1,74.86,4.99,5.24,7.48,0.00,74.86,upright_replica,true,one row per paid order,2026-09-03,America/Indiana/Indianapolis,USD
UP-20260903-0113,2026-09-03T18:00:00+00:00,DEMO-ITEM-20260903-0113,GW-017,eBay,DEMO-UPRIGHT-0024,Vintage ceramic vase,Home,1,76.97,5.99,5.38,7.69,0.00,76.97,upright_replica,true,one row per paid order,2026-09-03,America/Indiana/Indianapolis,USD
UP-20260903-0114,2026-09-03T19:00:00+00:00,DEMO-ITEM-20260903-0114,GW-018,Goodwillfinds,DEMO-UPRIGHT-0025,"Wool cardigan, size S",Apparel,1,79.08,6.99,5.53,7.90,0.00,79.08,upright_replica,true,one row per paid order,2026-09-03,America/Indiana/Indianapolis,USD
UP-20260903-0115,2026-09-03T20:00:00+00:00,DEMO-ITEM-20260903-0115,GW-019,Shopgoodwill,DEMO-UPRIGHT-0026,Framed landscape print,Art,1,81.19,7.99,5.68,8.11,0.00,81.19,upright_replica,true,one row per paid order,2026-09-03,America/Indiana/Indianapolis,USD
UP-20260903-0116,2026-09-03T21:00:00+00:00,DEMO-ITEM-20260903-0116,GW-020,eBay,DEMO-UPRIGHT-0027,Silver-tone necklace,Jewelry,1,83.30,3.99,5.83,8.33,0.00,83.30,upright_replica,true,one row per paid order,2026-09-03,America/Indiana/Indianapolis,USD
UP-20260903-0117,2026-09-03T18:00:00+00:00,DEMO-ITEM-20260903-0117,GW-021,Goodwillfinds,DEMO-UPRIGHT-0028,Vintage ceramic vase,Home,1,85.41,4.99,5.97,8.54,0.00,85.41,upright_replica,true,one row per paid order,2026-09-03,America/Indiana/Indianapolis,USD
UP-20260903-0118,2026-09-03T19:00:00+00:00,DEMO-ITEM-20260903-0118,GW-022,Shopgoodwill,DEMO-UPRIGHT-0029,"Wool cardigan, size S",Apparel,1,87.52,5.99,6.12,8.75,0.00,87.52,upright_replica,true,one row per paid order,2026-09-03,America/Indiana/Indianapolis,USD
UP-20260903-0119,2026-09-03T20:00:00+00:00,DEMO-ITEM-20260903-0119,GW-023,eBay,DEMO-UPRIGHT-0030,Framed landscape print,Art,1,89.63,6.99,6.27,8.96,0.00,89.63,upright_replica,true,one row per paid order,2026-09-03,America/Indiana/Indianapolis,USD
UP-20260903-0120,2026-09-03T21:00:00+00:00,DEMO-ITEM-20260903-0120,GW-024,Goodwillfinds,DEMO-UPRIGHT-0031,Silver-tone necklace,Jewelry,1,91.74,7.99,6.42,9.17,45.87,45.87,upright_replica,true,one row per paid order,2026-09-03,America/Indiana/Indianapolis,USD
UP-20260903-0121,2026-09-03T18:00:00+00:00,DEMO-ITEM-20260903-0121,GW-001,Shopgoodwill,DEMO-UPRIGHT-0032,Vintage ceramic vase,Home,1,93.85,3.99,6.56,9.38,0.00,93.85,upright_replica,true,one row per paid order,2026-09-03,America/Indiana/Indianapolis,USD
UP-20260903-0122,2026-09-03T19:00:00+00:00,DEMO-ITEM-20260903-0122,GW-002,eBay,DEMO-UPRIGHT-0033,"Wool cardigan, size S",Apparel,1,95.96,4.99,6.71,9.59,0.00,95.96,upright_replica,true,one row per paid order,2026-09-03,America/Indiana/Indianapolis,USD
UP-20260903-0123,2026-09-03T20:00:00+00:00,DEMO-ITEM-20260903-0123,GW-003,Goodwillfinds,DEMO-UPRIGHT-0034,Framed landscape print,Art,1,98.07,5.99,6.86,9.80,0.00,98.07,upright_replica,true,one row per paid order,2026-09-03,America/Indiana/Indianapolis,USD
UP-20260903-0124,2026-09-03T21:00:00+00:00,DEMO-ITEM-20260903-0124,GW-004,Shopgoodwill,DEMO-UPRIGHT-0035,Silver-tone necklace,Jewelry,1,15.18,6.99,1.06,1.51,0.00,15.18,upright_replica,true,one row per paid order,2026-09-03,America/Indiana/Indianapolis,USD
UP-20260903-0125,2026-09-03T18:00:00+00:00,DEMO-ITEM-20260903-0125,GW-005,eBay,DEMO-UPRIGHT-0036,Vintage ceramic vase,Home,1,17.29,7.99,1.21,1.72,0.00,17.29,upright_replica,true,one row per paid order,2026-09-03,America/Indiana/Indianapolis,USD
UP-20260903-0126,2026-09-03T19:00:00+00:00,DEMO-ITEM-20260903-0126,GW-006,Goodwillfinds,DEMO-UPRIGHT-0037,"Wool cardigan, size S",Apparel,1,19.40,3.99,1.35,1.94,0.00,19.40,upright_replica,true,one row per paid order,2026-09-03,America/Indiana/Indianapolis,USD
UP-20260903-0127,2026-09-03T20:00:00+00:00,DEMO-ITEM-20260903-0127,GW-007,Shopgoodwill,DEMO-UPRIGHT-0038,Framed landscape print,Art,1,21.51,4.99,1.50,2.15,0.00,21.51,upright_replica,true,one row per paid order,2026-09-03,America/Indiana/Indianapolis,USD
UP-20260903-0128,2026-09-03T21:00:00+00:00,DEMO-ITEM-20260903-0128,GW-008,eBay,DEMO-UPRIGHT-0039,Silver-tone necklace,Jewelry,1,23.62,5.99,1.65,2.36,0.00,23.62,upright_replica,true,one row per paid order,2026-09-03,America/Indiana/Indianapolis,USD
UP-20260904-0001,2026-09-04T18:00:00+00:00,DEMO-ITEM-20260904-0001,GW-001,Shopgoodwill,DEMO-UPRIGHT-0001,Vintage ceramic vase,Home,1,97.02,3.99,6.79,9.70,48.51,48.51,upright_replica,true,one row per paid order,2026-09-04,America/Indiana/Indianapolis,USD
UP-20260904-0002,2026-09-04T19:00:00+00:00,DEMO-ITEM-20260904-0002,GW-002,eBay,DEMO-UPRIGHT-0002,"Wool cardigan, size S",Apparel,1,99.13,4.99,6.93,9.91,0.00,99.13,upright_replica,true,one row per paid order,2026-09-04,America/Indiana/Indianapolis,USD
UP-20260904-0003,2026-09-04T20:00:00+00:00,DEMO-ITEM-20260904-0003,GW-003,Goodwillfinds,DEMO-UPRIGHT-0003,Framed landscape print,Art,1,16.24,5.99,1.13,1.62,0.00,16.24,upright_replica,true,one row per paid order,2026-09-04,America/Indiana/Indianapolis,USD
UP-20260904-0004,2026-09-04T21:00:00+00:00,DEMO-ITEM-20260904-0004,GW-004,Shopgoodwill,DEMO-UPRIGHT-0004,Silver-tone necklace,Jewelry,1,18.35,6.99,1.28,1.83,0.00,18.35,upright_replica,true,one row per paid order,2026-09-04,America/Indiana/Indianapolis,USD
UP-20260904-0005,2026-09-04T18:00:00+00:00,DEMO-ITEM-20260904-0005,GW-005,eBay,DEMO-UPRIGHT-0005,Vintage ceramic vase,Home,1,20.46,7.99,1.43,2.04,0.00,20.46,upright_replica,true,one row per paid order,2026-09-04,America/Indiana/Indianapolis,USD
UP-20260904-0006,2026-09-04T19:00:00+00:00,DEMO-ITEM-20260904-0006,GW-006,Goodwillfinds,DEMO-UPRIGHT-0006,"Wool cardigan, size S",Apparel,1,22.57,3.99,1.57,2.25,0.00,22.57,upright_replica,true,one row per paid order,2026-09-04,America/Indiana/Indianapolis,USD
UP-20260904-0007,2026-09-04T20:00:00+00:00,DEMO-ITEM-20260904-0007,GW-007,Shopgoodwill,DEMO-UPRIGHT-0007,Framed landscape print,Art,1,24.68,4.99,1.72,2.46,0.00,24.68,upright_replica,true,one row per paid order,2026-09-04,America/Indiana/Indianapolis,USD
UP-20260904-0008,2026-09-04T21:00:00+00:00,DEMO-ITEM-20260904-0008,GW-008,eBay,DEMO-UPRIGHT-0008,Silver-tone necklace,Jewelry,1,26.79,5.99,1.87,2.67,0.00,26.79,upright_replica,true,one row per paid order,2026-09-04,America/Indiana/Indianapolis,USD
UP-20260904-0009,2026-09-04T18:00:00+00:00,DEMO-ITEM-20260904-0009,GW-009,Goodwillfinds,DEMO-UPRIGHT-0009,Vintage ceramic vase,Home,1,28.90,6.99,2.02,2.89,0.00,28.90,upright_replica,true,one row per paid order,2026-09-04,America/Indiana/Indianapolis,USD
UP-20260904-0010,2026-09-04T19:00:00+00:00,DEMO-ITEM-20260904-0010,GW-010,Shopgoodwill,DEMO-UPRIGHT-0010,"Wool cardigan, size S",Apparel,1,31.01,7.99,2.17,3.10,0.00,31.01,upright_replica,true,one row per paid order,2026-09-04,America/Indiana/Indianapolis,USD
UP-20260904-0011,2026-09-04T20:00:00+00:00,DEMO-ITEM-20260904-0011,GW-011,eBay,DEMO-UPRIGHT-0011,Framed landscape print,Art,1,33.12,3.99,2.31,3.31,0.00,33.12,upright_replica,true,one row per paid order,2026-09-04,America/Indiana/Indianapolis,USD
UP-20260904-0012,2026-09-04T21:00:00+00:00,DEMO-ITEM-20260904-0012,GW-012,Goodwillfinds,DEMO-UPRIGHT-0012,Silver-tone necklace,Jewelry,1,35.23,4.99,2.46,3.52,0.00,35.23,upright_replica,true,one row per paid order,2026-09-04,America/Indiana/Indianapolis,USD
UP-20260904-0013,2026-09-04T18:00:00+00:00,DEMO-ITEM-20260904-0013,GW-013,Shopgoodwill,DEMO-UPRIGHT-0013,Vintage ceramic vase,Home,1,37.34,5.99,2.61,3.73,0.00,37.34,upright_replica,true,one row per paid order,2026-09-04,America/Indiana/Indianapolis,USD
UP-20260904-0014,2026-09-04T19:00:00+00:00,DEMO-ITEM-20260904-0014,GW-014,eBay,DEMO-UPRIGHT-0014,"Wool cardigan, size S",Apparel,1,39.45,6.99,2.76,3.94,0.00,39.45,upright_replica,true,one row per paid order,2026-09-04,America/Indiana/Indianapolis,USD
UP-20260904-0015,2026-09-04T20:00:00+00:00,DEMO-ITEM-20260904-0015,GW-015,Goodwillfinds,DEMO-UPRIGHT-0015,Framed landscape print,Art,1,41.56,7.99,2.90,4.15,0.00,41.56,upright_replica,true,one row per paid order,2026-09-04,America/Indiana/Indianapolis,USD
UP-20260904-0016,2026-09-04T21:00:00+00:00,DEMO-ITEM-20260904-0016,GW-016,Shopgoodwill,DEMO-UPRIGHT-0016,Silver-tone necklace,Jewelry,1,43.67,3.99,3.05,4.36,0.00,43.67,upright_replica,true,one row per paid order,2026-09-04,America/Indiana/Indianapolis,USD
UP-20260904-0017,2026-09-04T18:00:00+00:00,DEMO-ITEM-20260904-0017,GW-017,eBay,DEMO-UPRIGHT-0017,Vintage ceramic vase,Home,1,45.78,4.99,3.20,4.57,0.00,45.78,upright_replica,true,one row per paid order,2026-09-04,America/Indiana/Indianapolis,USD
UP-20260904-0018,2026-09-04T19:00:00+00:00,DEMO-ITEM-20260904-0018,GW-018,Goodwillfinds,DEMO-UPRIGHT-0018,"Wool cardigan, size S",Apparel,1,47.89,5.99,3.35,4.78,23.94,23.95,upright_replica,true,one row per paid order,2026-09-04,America/Indiana/Indianapolis,USD
UP-20260904-0019,2026-09-04T20:00:00+00:00,DEMO-ITEM-20260904-0019,GW-019,Shopgoodwill,DEMO-UPRIGHT-0019,Framed landscape print,Art,1,50.00,6.99,3.50,5.00,0.00,50.00,upright_replica,true,one row per paid order,2026-09-04,America/Indiana/Indianapolis,USD
UP-20260904-0020,2026-09-04T21:00:00+00:00,DEMO-ITEM-20260904-0020,GW-020,eBay,DEMO-UPRIGHT-0020,Silver-tone necklace,Jewelry,1,52.11,7.99,3.64,5.21,0.00,52.11,upright_replica,true,one row per paid order,2026-09-04,America/Indiana/Indianapolis,USD
UP-20260904-0021,2026-09-04T18:00:00+00:00,DEMO-ITEM-20260904-0021,GW-021,Goodwillfinds,DEMO-UPRIGHT-0021,Vintage ceramic vase,Home,1,54.22,3.99,3.79,5.42,0.00,54.22,upright_replica,true,one row per paid order,2026-09-04,America/Indiana/Indianapolis,USD
UP-20260904-0022,2026-09-04T19:00:00+00:00,DEMO-ITEM-20260904-0022,GW-022,Shopgoodwill,DEMO-UPRIGHT-0022,"Wool cardigan, size S",Apparel,1,56.33,4.99,3.94,5.63,0.00,56.33,upright_replica,true,one row per paid order,2026-09-04,America/Indiana/Indianapolis,USD
UP-20260904-0023,2026-09-04T20:00:00+00:00,DEMO-ITEM-20260904-0023,GW-023,eBay,DEMO-UPRIGHT-0023,Framed landscape print,Art,1,58.44,5.99,4.09,5.84,0.00,58.44,upright_replica,true,one row per paid order,2026-09-04,America/Indiana/Indianapolis,USD
UP-20260904-0024,2026-09-04T21:00:00+00:00,DEMO-ITEM-20260904-0024,GW-024,Goodwillfinds,DEMO-UPRIGHT-0024,Silver-tone necklace,Jewelry,1,60.55,6.99,4.23,6.05,0.00,60.55,upright_replica,true,one row per paid order,2026-09-04,America/Indiana/Indianapolis,USD
UP-20260904-0025,2026-09-04T18:00:00+00:00,DEMO-ITEM-20260904-0025,GW-001,Shopgoodwill,DEMO-UPRIGHT-0025,Vintage ceramic vase,Home,1,62.66,7.99,4.38,6.26,0.00,62.66,upright_replica,true,one row per paid order,2026-09-04,America/Indiana/Indianapolis,USD
UP-20260904-0026,2026-09-04T19:00:00+00:00,DEMO-ITEM-20260904-0026,GW-002,eBay,DEMO-UPRIGHT-0026,"Wool cardigan, size S",Apparel,1,64.77,3.99,4.53,6.47,0.00,64.77,upright_replica,true,one row per paid order,2026-09-04,America/Indiana/Indianapolis,USD
UP-20260904-0027,2026-09-04T20:00:00+00:00,DEMO-ITEM-20260904-0027,GW-003,Goodwillfinds,DEMO-UPRIGHT-0027,Framed landscape print,Art,1,66.88,4.99,4.68,6.68,0.00,66.88,upright_replica,true,one row per paid order,2026-09-04,America/Indiana/Indianapolis,USD
UP-20260904-0028,2026-09-04T21:00:00+00:00,DEMO-ITEM-20260904-0028,GW-004,Shopgoodwill,DEMO-UPRIGHT-0028,Silver-tone necklace,Jewelry,1,68.99,5.99,4.82,6.89,0.00,68.99,upright_replica,true,one row per paid order,2026-09-04,America/Indiana/Indianapolis,USD
UP-20260904-0029,2026-09-04T18:00:00+00:00,DEMO-ITEM-20260904-0029,GW-005,eBay,DEMO-UPRIGHT-0029,Vintage ceramic vase,Home,1,71.10,6.99,4.97,7.11,0.00,71.10,upright_replica,true,one row per paid order,2026-09-04,America/Indiana/Indianapolis,USD
UP-20260904-0030,2026-09-04T19:00:00+00:00,DEMO-ITEM-20260904-0030,GW-006,Goodwillfinds,DEMO-UPRIGHT-0030,"Wool cardigan, size S",Apparel,1,73.21,7.99,5.12,7.32,0.00,73.21,upright_replica,true,one row per paid order,2026-09-04,America/Indiana/Indianapolis,USD
UP-20260904-0031,2026-09-04T20:00:00+00:00,DEMO-ITEM-20260904-0031,GW-007,Shopgoodwill,DEMO-UPRIGHT-0031,Framed landscape print,Art,1,75.32,3.99,5.27,7.53,0.00,75.32,upright_replica,true,one row per paid order,2026-09-04,America/Indiana/Indianapolis,USD
UP-20260904-0032,2026-09-04T21:00:00+00:00,DEMO-ITEM-20260904-0032,GW-008,eBay,DEMO-UPRIGHT-0032,Silver-tone necklace,Jewelry,1,77.43,4.99,5.42,7.74,0.00,77.43,upright_replica,true,one row per paid order,2026-09-04,America/Indiana/Indianapolis,USD
UP-20260904-0033,2026-09-04T18:00:00+00:00,DEMO-ITEM-20260904-0033,GW-009,Goodwillfinds,DEMO-UPRIGHT-0033,Vintage ceramic vase,Home,1,79.54,5.99,5.56,7.95,0.00,79.54,upright_replica,true,one row per paid order,2026-09-04,America/Indiana/Indianapolis,USD
UP-20260904-0034,2026-09-04T19:00:00+00:00,DEMO-ITEM-20260904-0034,GW-010,Shopgoodwill,DEMO-UPRIGHT-0034,"Wool cardigan, size S",Apparel,1,81.65,6.99,5.71,8.16,0.00,81.65,upright_replica,true,one row per paid order,2026-09-04,America/Indiana/Indianapolis,USD
UP-20260904-0035,2026-09-04T20:00:00+00:00,DEMO-ITEM-20260904-0035,GW-011,eBay,DEMO-UPRIGHT-0035,Framed landscape print,Art,1,83.76,7.99,5.86,8.37,41.88,41.88,upright_replica,true,one row per paid order,2026-09-04,America/Indiana/Indianapolis,USD
UP-20260904-0036,2026-09-04T21:00:00+00:00,DEMO-ITEM-20260904-0036,GW-012,Goodwillfinds,DEMO-UPRIGHT-0036,Silver-tone necklace,Jewelry,1,85.87,3.99,6.01,8.58,0.00,85.87,upright_replica,true,one row per paid order,2026-09-04,America/Indiana/Indianapolis,USD
UP-20260904-0037,2026-09-04T18:00:00+00:00,DEMO-ITEM-20260904-0037,GW-013,Shopgoodwill,DEMO-UPRIGHT-0037,Vintage ceramic vase,Home,1,87.98,4.99,6.15,8.79,0.00,87.98,upright_replica,true,one row per paid order,2026-09-04,America/Indiana/Indianapolis,USD
UP-20260904-0038,2026-09-04T19:00:00+00:00,DEMO-ITEM-20260904-0038,GW-014,eBay,DEMO-UPRIGHT-0038,"Wool cardigan, size S",Apparel,1,90.09,5.99,6.30,9.00,0.00,90.09,upright_replica,true,one row per paid order,2026-09-04,America/Indiana/Indianapolis,USD
UP-20260904-0039,2026-09-04T20:00:00+00:00,DEMO-ITEM-20260904-0039,GW-015,Goodwillfinds,DEMO-UPRIGHT-0039,Framed landscape print,Art,1,92.20,6.99,6.45,9.22,0.00,92.20,upright_replica,true,one row per paid order,2026-09-04,America/Indiana/Indianapolis,USD
UP-20260904-0040,2026-09-04T21:00:00+00:00,DEMO-ITEM-20260904-0040,GW-016,Shopgoodwill,DEMO-UPRIGHT-0040,Silver-tone necklace,Jewelry,1,94.31,7.99,6.60,9.43,0.00,94.31,upright_replica,true,one row per paid order,2026-09-04,America/Indiana/Indianapolis,USD
UP-20260904-0041,2026-09-04T18:00:00+00:00,DEMO-ITEM-20260904-0041,GW-017,eBay,DEMO-UPRIGHT-0041,Vintage ceramic vase,Home,1,96.42,3.99,6.74,9.64,0.00,96.42,upright_replica,true,one row per paid order,2026-09-04,America/Indiana/Indianapolis,USD
UP-20260904-0042,2026-09-04T19:00:00+00:00,DEMO-ITEM-20260904-0042,GW-018,Goodwillfinds,DEMO-UPRIGHT-0042,"Wool cardigan, size S",Apparel,1,98.53,4.99,6.89,9.85,0.00,98.53,upright_replica,true,one row per paid order,2026-09-04,America/Indiana/Indianapolis,USD
UP-20260904-0043,2026-09-04T20:00:00+00:00,DEMO-ITEM-20260904-0043,GW-019,Shopgoodwill,DEMO-UPRIGHT-0043,Framed landscape print,Art,1,15.64,5.99,1.09,1.56,0.00,15.64,upright_replica,true,one row per paid order,2026-09-04,America/Indiana/Indianapolis,USD
UP-20260904-0044,2026-09-04T21:00:00+00:00,DEMO-ITEM-20260904-0044,GW-020,eBay,DEMO-UPRIGHT-0044,Silver-tone necklace,Jewelry,1,17.75,6.99,1.24,1.77,0.00,17.75,upright_replica,true,one row per paid order,2026-09-04,America/Indiana/Indianapolis,USD
UP-20260904-0045,2026-09-04T18:00:00+00:00,DEMO-ITEM-20260904-0045,GW-021,Goodwillfinds,DEMO-UPRIGHT-0045,Vintage ceramic vase,Home,1,19.86,7.99,1.39,1.98,0.00,19.86,upright_replica,true,one row per paid order,2026-09-04,America/Indiana/Indianapolis,USD
UP-20260904-0046,2026-09-04T19:00:00+00:00,DEMO-ITEM-20260904-0046,GW-022,Shopgoodwill,DEMO-UPRIGHT-0046,"Wool cardigan, size S",Apparel,1,21.97,3.99,1.53,2.19,0.00,21.97,upright_replica,true,one row per paid order,2026-09-04,America/Indiana/Indianapolis,USD
UP-20260904-0047,2026-09-04T20:00:00+00:00,DEMO-ITEM-20260904-0047,GW-023,eBay,DEMO-UPRIGHT-0047,Framed landscape print,Art,1,24.08,4.99,1.68,2.40,0.00,24.08,upright_replica,true,one row per paid order,2026-09-04,America/Indiana/Indianapolis,USD
UP-20260904-0048,2026-09-04T21:00:00+00:00,DEMO-ITEM-20260904-0048,GW-024,Goodwillfinds,DEMO-UPRIGHT-0048,Silver-tone necklace,Jewelry,1,26.19,5.99,1.83,2.61,0.00,26.19,upright_replica,true,one row per paid order,2026-09-04,America/Indiana/Indianapolis,USD
UP-20260904-0049,2026-09-04T18:00:00+00:00,DEMO-ITEM-20260904-0049,GW-001,Shopgoodwill,DEMO-UPRIGHT-0049,Vintage ceramic vase,Home,1,28.30,6.99,1.98,2.83,0.00,28.30,upright_replica,true,one row per paid order,2026-09-04,America/Indiana/Indianapolis,USD
UP-20260904-0050,2026-09-04T19:00:00+00:00,DEMO-ITEM-20260904-0050,GW-002,eBay,DEMO-UPRIGHT-0050,"Wool cardigan, size S",Apparel,1,30.41,7.99,2.12,3.04,0.00,30.41,upright_replica,true,one row per paid order,2026-09-04,America/Indiana/Indianapolis,USD
UP-20260904-0051,2026-09-04T20:00:00+00:00,DEMO-ITEM-20260904-0051,GW-003,Goodwillfinds,DEMO-UPRIGHT-0051,Framed landscape print,Art,1,32.52,3.99,2.27,3.25,0.00,32.52,upright_replica,true,one row per paid order,2026-09-04,America/Indiana/Indianapolis,USD
UP-20260904-0052,2026-09-04T21:00:00+00:00,DEMO-ITEM-20260904-0052,GW-004,Shopgoodwill,DEMO-UPRIGHT-0052,Silver-tone necklace,Jewelry,1,34.63,4.99,2.42,3.46,17.31,17.32,upright_replica,true,one row per paid order,2026-09-04,America/Indiana/Indianapolis,USD
UP-20260904-0053,2026-09-04T18:00:00+00:00,DEMO-ITEM-20260904-0053,GW-005,eBay,DEMO-UPRIGHT-0053,Vintage ceramic vase,Home,1,36.74,5.99,2.57,3.67,0.00,36.74,upright_replica,true,one row per paid order,2026-09-04,America/Indiana/Indianapolis,USD
UP-20260904-0054,2026-09-04T19:00:00+00:00,DEMO-ITEM-20260904-0054,GW-006,Goodwillfinds,DEMO-UPRIGHT-0054,"Wool cardigan, size S",Apparel,1,38.85,6.99,2.71,3.88,0.00,38.85,upright_replica,true,one row per paid order,2026-09-04,America/Indiana/Indianapolis,USD
UP-20260904-0055,2026-09-04T20:00:00+00:00,DEMO-ITEM-20260904-0055,GW-007,Shopgoodwill,DEMO-UPRIGHT-0055,Framed landscape print,Art,1,40.96,7.99,2.86,4.09,0.00,40.96,upright_replica,true,one row per paid order,2026-09-04,America/Indiana/Indianapolis,USD
UP-20260904-0056,2026-09-04T21:00:00+00:00,DEMO-ITEM-20260904-0056,GW-008,eBay,DEMO-UPRIGHT-0056,Silver-tone necklace,Jewelry,1,43.07,3.99,3.01,4.30,0.00,43.07,upright_replica,true,one row per paid order,2026-09-04,America/Indiana/Indianapolis,USD
UP-20260904-0057,2026-09-04T18:00:00+00:00,DEMO-ITEM-20260904-0057,GW-009,Goodwillfinds,DEMO-UPRIGHT-0057,Vintage ceramic vase,Home,1,45.18,4.99,3.16,4.51,0.00,45.18,upright_replica,true,one row per paid order,2026-09-04,America/Indiana/Indianapolis,USD
UP-20260904-0058,2026-09-04T19:00:00+00:00,DEMO-ITEM-20260904-0058,GW-010,Shopgoodwill,DEMO-UPRIGHT-0058,"Wool cardigan, size S",Apparel,1,47.29,5.99,3.31,4.72,0.00,47.29,upright_replica,true,one row per paid order,2026-09-04,America/Indiana/Indianapolis,USD
UP-20260904-0059,2026-09-04T20:00:00+00:00,DEMO-ITEM-20260904-0059,GW-011,eBay,DEMO-UPRIGHT-0059,Framed landscape print,Art,1,49.40,6.99,3.45,4.94,0.00,49.40,upright_replica,true,one row per paid order,2026-09-04,America/Indiana/Indianapolis,USD
UP-20260904-0060,2026-09-04T21:00:00+00:00,DEMO-ITEM-20260904-0060,GW-012,Goodwillfinds,DEMO-UPRIGHT-0060,Silver-tone necklace,Jewelry,1,51.51,7.99,3.60,5.15,0.00,51.51,upright_replica,true,one row per paid order,2026-09-04,America/Indiana/Indianapolis,USD
UP-20260904-0061,2026-09-04T18:00:00+00:00,DEMO-ITEM-20260904-0061,GW-013,Shopgoodwill,DEMO-UPRIGHT-0061,Vintage ceramic vase,Home,1,53.62,3.99,3.75,5.36,0.00,53.62,upright_replica,true,one row per paid order,2026-09-04,America/Indiana/Indianapolis,USD
UP-20260904-0062,2026-09-04T19:00:00+00:00,DEMO-ITEM-20260904-0062,GW-014,eBay,DEMO-UPRIGHT-0062,"Wool cardigan, size S",Apparel,1,55.73,4.99,3.90,5.57,0.00,55.73,upright_replica,true,one row per paid order,2026-09-04,America/Indiana/Indianapolis,USD
UP-20260904-0063,2026-09-04T20:00:00+00:00,DEMO-ITEM-20260904-0063,GW-015,Goodwillfinds,DEMO-UPRIGHT-0063,Framed landscape print,Art,1,57.84,5.99,4.04,5.78,0.00,57.84,upright_replica,true,one row per paid order,2026-09-04,America/Indiana/Indianapolis,USD
UP-20260904-0064,2026-09-04T21:00:00+00:00,DEMO-ITEM-20260904-0064,GW-016,Shopgoodwill,DEMO-UPRIGHT-0064,Silver-tone necklace,Jewelry,1,59.95,6.99,4.19,5.99,0.00,59.95,upright_replica,true,one row per paid order,2026-09-04,America/Indiana/Indianapolis,USD
UP-20260904-0065,2026-09-04T18:00:00+00:00,DEMO-ITEM-20260904-0065,GW-017,eBay,DEMO-UPRIGHT-0065,Vintage ceramic vase,Home,1,62.06,7.99,4.34,6.20,0.00,62.06,upright_replica,true,one row per paid order,2026-09-04,America/Indiana/Indianapolis,USD
UP-20260904-0066,2026-09-04T19:00:00+00:00,DEMO-ITEM-20260904-0066,GW-018,Goodwillfinds,DEMO-UPRIGHT-0066,"Wool cardigan, size S",Apparel,1,64.17,3.99,4.49,6.41,0.00,64.17,upright_replica,true,one row per paid order,2026-09-04,America/Indiana/Indianapolis,USD
UP-20260904-0067,2026-09-04T20:00:00+00:00,DEMO-ITEM-20260904-0067,GW-019,Shopgoodwill,DEMO-UPRIGHT-0067,Framed landscape print,Art,1,66.28,4.99,4.63,6.62,0.00,66.28,upright_replica,true,one row per paid order,2026-09-04,America/Indiana/Indianapolis,USD
UP-20260904-0068,2026-09-04T21:00:00+00:00,DEMO-ITEM-20260904-0068,GW-020,eBay,DEMO-UPRIGHT-0068,Silver-tone necklace,Jewelry,1,68.39,5.99,4.78,6.83,0.00,68.39,upright_replica,true,one row per paid order,2026-09-04,America/Indiana/Indianapolis,USD
UP-20260904-0069,2026-09-04T18:00:00+00:00,DEMO-ITEM-20260904-0069,GW-021,Goodwillfinds,DEMO-UPRIGHT-0069,Vintage ceramic vase,Home,1,70.50,6.99,4.93,7.05,35.25,35.25,upright_replica,true,one row per paid order,2026-09-04,America/Indiana/Indianapolis,USD
UP-20260904-0070,2026-09-04T19:00:00+00:00,DEMO-ITEM-20260904-0070,GW-022,Shopgoodwill,DEMO-UPRIGHT-0070,"Wool cardigan, size S",Apparel,1,72.61,7.99,5.08,7.26,0.00,72.61,upright_replica,true,one row per paid order,2026-09-04,America/Indiana/Indianapolis,USD
UP-20260904-0071,2026-09-04T20:00:00+00:00,DEMO-ITEM-20260904-0071,GW-023,eBay,DEMO-UPRIGHT-0071,Framed landscape print,Art,1,74.72,3.99,5.23,7.47,0.00,74.72,upright_replica,true,one row per paid order,2026-09-04,America/Indiana/Indianapolis,USD
UP-20260904-0072,2026-09-04T21:00:00+00:00,DEMO-ITEM-20260904-0072,GW-024,Goodwillfinds,DEMO-UPRIGHT-0072,Silver-tone necklace,Jewelry,1,76.83,4.99,5.37,7.68,0.00,76.83,upright_replica,true,one row per paid order,2026-09-04,America/Indiana/Indianapolis,USD
UP-20260904-0073,2026-09-04T18:00:00+00:00,DEMO-ITEM-20260904-0073,GW-001,Shopgoodwill,DEMO-UPRIGHT-0073,Vintage ceramic vase,Home,1,78.94,5.99,5.52,7.89,0.00,78.94,upright_replica,true,one row per paid order,2026-09-04,America/Indiana/Indianapolis,USD
UP-20260904-0074,2026-09-04T19:00:00+00:00,DEMO-ITEM-20260904-0074,GW-002,eBay,DEMO-UPRIGHT-0074,"Wool cardigan, size S",Apparel,1,81.05,6.99,5.67,8.10,0.00,81.05,upright_replica,true,one row per paid order,2026-09-04,America/Indiana/Indianapolis,USD
UP-20260904-0075,2026-09-04T20:00:00+00:00,DEMO-ITEM-20260904-0075,GW-003,Goodwillfinds,DEMO-UPRIGHT-0075,Framed landscape print,Art,1,83.16,7.99,5.82,8.31,0.00,83.16,upright_replica,true,one row per paid order,2026-09-04,America/Indiana/Indianapolis,USD
UP-20260904-0076,2026-09-04T21:00:00+00:00,DEMO-ITEM-20260904-0076,GW-004,Shopgoodwill,DEMO-UPRIGHT-0076,Silver-tone necklace,Jewelry,1,85.27,3.99,5.96,8.52,0.00,85.27,upright_replica,true,one row per paid order,2026-09-04,America/Indiana/Indianapolis,USD
UP-20260904-0077,2026-09-04T18:00:00+00:00,DEMO-ITEM-20260904-0077,GW-005,eBay,DEMO-UPRIGHT-0077,Vintage ceramic vase,Home,1,87.38,4.99,6.11,8.73,0.00,87.38,upright_replica,true,one row per paid order,2026-09-04,America/Indiana/Indianapolis,USD
UP-20260904-0078,2026-09-04T19:00:00+00:00,DEMO-ITEM-20260904-0078,GW-006,Goodwillfinds,DEMO-UPRIGHT-0078,"Wool cardigan, size S",Apparel,1,89.49,5.99,6.26,8.94,0.00,89.49,upright_replica,true,one row per paid order,2026-09-04,America/Indiana/Indianapolis,USD
UP-20260904-0079,2026-09-04T20:00:00+00:00,DEMO-ITEM-20260904-0079,GW-007,Shopgoodwill,DEMO-UPRIGHT-0079,Framed landscape print,Art,1,91.60,6.99,6.41,9.16,0.00,91.60,upright_replica,true,one row per paid order,2026-09-04,America/Indiana/Indianapolis,USD
UP-20260904-0080,2026-09-04T21:00:00+00:00,DEMO-ITEM-20260904-0080,GW-008,eBay,DEMO-UPRIGHT-0080,Silver-tone necklace,Jewelry,1,93.71,7.99,6.55,9.37,0.00,93.71,upright_replica,true,one row per paid order,2026-09-04,America/Indiana/Indianapolis,USD
UP-20260904-0081,2026-09-04T18:00:00+00:00,DEMO-ITEM-20260904-0081,GW-009,Goodwillfinds,DEMO-UPRIGHT-0081,Vintage ceramic vase,Home,1,95.82,3.99,6.70,9.58,0.00,95.82,upright_replica,true,one row per paid order,2026-09-04,America/Indiana/Indianapolis,USD
UP-20260904-0082,2026-09-04T19:00:00+00:00,DEMO-ITEM-20260904-0082,GW-010,Shopgoodwill,DEMO-UPRIGHT-0082,"Wool cardigan, size S",Apparel,1,97.93,4.99,6.85,9.79,0.00,97.93,upright_replica,true,one row per paid order,2026-09-04,America/Indiana/Indianapolis,USD
UP-20260904-0083,2026-09-04T20:00:00+00:00,DEMO-ITEM-20260904-0083,GW-011,eBay,DEMO-UPRIGHT-0083,Framed landscape print,Art,1,15.04,5.99,1.05,1.50,0.00,15.04,upright_replica,true,one row per paid order,2026-09-04,America/Indiana/Indianapolis,USD
UP-20260904-0084,2026-09-04T21:00:00+00:00,DEMO-ITEM-20260904-0084,GW-012,Goodwillfinds,DEMO-UPRIGHT-0084,Silver-tone necklace,Jewelry,1,17.15,6.99,1.20,1.71,0.00,17.15,upright_replica,true,one row per paid order,2026-09-04,America/Indiana/Indianapolis,USD
UP-20260904-0085,2026-09-04T18:00:00+00:00,DEMO-ITEM-20260904-0085,GW-013,Shopgoodwill,DEMO-UPRIGHT-0085,Vintage ceramic vase,Home,1,19.26,7.99,1.34,1.92,0.00,19.26,upright_replica,true,one row per paid order,2026-09-04,America/Indiana/Indianapolis,USD
UP-20260904-0086,2026-09-04T19:00:00+00:00,DEMO-ITEM-20260904-0086,GW-014,eBay,DEMO-UPRIGHT-0086,"Wool cardigan, size S",Apparel,1,21.37,3.99,1.49,2.13,10.68,10.69,upright_replica,true,one row per paid order,2026-09-04,America/Indiana/Indianapolis,USD
UP-20260904-0087,2026-09-04T20:00:00+00:00,DEMO-ITEM-20260904-0087,GW-015,Goodwillfinds,DEMO-UPRIGHT-0087,Framed landscape print,Art,1,23.48,4.99,1.64,2.34,0.00,23.48,upright_replica,true,one row per paid order,2026-09-04,America/Indiana/Indianapolis,USD
UP-20260904-0088,2026-09-04T21:00:00+00:00,DEMO-ITEM-20260904-0088,GW-016,Shopgoodwill,DEMO-UPRIGHT-0088,Silver-tone necklace,Jewelry,1,25.59,5.99,1.79,2.55,0.00,25.59,upright_replica,true,one row per paid order,2026-09-04,America/Indiana/Indianapolis,USD
UP-20260904-0089,2026-09-04T18:00:00+00:00,DEMO-ITEM-20260904-0089,GW-017,eBay,DEMO-UPRIGHT-0089,Vintage ceramic vase,Home,1,27.70,6.99,1.93,2.77,0.00,27.70,upright_replica,true,one row per paid order,2026-09-04,America/Indiana/Indianapolis,USD
UP-20260904-0090,2026-09-04T19:00:00+00:00,DEMO-ITEM-20260904-0090,GW-018,Goodwillfinds,DEMO-UPRIGHT-0001,"Wool cardigan, size S",Apparel,1,29.81,7.99,2.08,2.98,0.00,29.81,upright_replica,true,one row per paid order,2026-09-04,America/Indiana/Indianapolis,USD
UP-20260904-0091,2026-09-04T20:00:00+00:00,DEMO-ITEM-20260904-0091,GW-019,Shopgoodwill,DEMO-UPRIGHT-0002,Framed landscape print,Art,1,31.92,3.99,2.23,3.19,0.00,31.92,upright_replica,true,one row per paid order,2026-09-04,America/Indiana/Indianapolis,USD
UP-20260904-0092,2026-09-04T21:00:00+00:00,DEMO-ITEM-20260904-0092,GW-020,eBay,DEMO-UPRIGHT-0003,Silver-tone necklace,Jewelry,1,34.03,4.99,2.38,3.40,0.00,34.03,upright_replica,true,one row per paid order,2026-09-04,America/Indiana/Indianapolis,USD
UP-20260904-0093,2026-09-04T18:00:00+00:00,DEMO-ITEM-20260904-0093,GW-021,Goodwillfinds,DEMO-UPRIGHT-0004,Vintage ceramic vase,Home,1,36.14,5.99,2.52,3.61,0.00,36.14,upright_replica,true,one row per paid order,2026-09-04,America/Indiana/Indianapolis,USD
UP-20260904-0094,2026-09-04T19:00:00+00:00,DEMO-ITEM-20260904-0094,GW-022,Shopgoodwill,DEMO-UPRIGHT-0005,"Wool cardigan, size S",Apparel,1,38.25,6.99,2.67,3.82,0.00,38.25,upright_replica,true,one row per paid order,2026-09-04,America/Indiana/Indianapolis,USD
UP-20260904-0095,2026-09-04T20:00:00+00:00,DEMO-ITEM-20260904-0095,GW-023,eBay,DEMO-UPRIGHT-0006,Framed landscape print,Art,1,40.36,7.99,2.82,4.03,0.00,40.36,upright_replica,true,one row per paid order,2026-09-04,America/Indiana/Indianapolis,USD
UP-20260904-0096,2026-09-04T21:00:00+00:00,DEMO-ITEM-20260904-0096,GW-024,Goodwillfinds,DEMO-UPRIGHT-0007,Silver-tone necklace,Jewelry,1,42.47,3.99,2.97,4.24,0.00,42.47,upright_replica,true,one row per paid order,2026-09-04,America/Indiana/Indianapolis,USD
UP-20260904-0097,2026-09-04T18:00:00+00:00,DEMO-ITEM-20260904-0097,GW-001,Shopgoodwill,DEMO-UPRIGHT-0008,Vintage ceramic vase,Home,1,44.58,4.99,3.12,4.45,0.00,44.58,upright_replica,true,one row per paid order,2026-09-04,America/Indiana/Indianapolis,USD
UP-20260904-0098,2026-09-04T19:00:00+00:00,DEMO-ITEM-20260904-0098,GW-002,eBay,DEMO-UPRIGHT-0009,"Wool cardigan, size S",Apparel,1,46.69,5.99,3.26,4.66,0.00,46.69,upright_replica,true,one row per paid order,2026-09-04,America/Indiana/Indianapolis,USD
UP-20260904-0099,2026-09-04T20:00:00+00:00,DEMO-ITEM-20260904-0099,GW-003,Goodwillfinds,DEMO-UPRIGHT-0010,Framed landscape print,Art,1,48.80,6.99,3.41,4.88,0.00,48.80,upright_replica,true,one row per paid order,2026-09-04,America/Indiana/Indianapolis,USD
UP-20260904-0100,2026-09-04T21:00:00+00:00,DEMO-ITEM-20260904-0100,GW-004,Shopgoodwill,DEMO-UPRIGHT-0011,Silver-tone necklace,Jewelry,1,50.91,7.99,3.56,5.09,0.00,50.91,upright_replica,true,one row per paid order,2026-09-04,America/Indiana/Indianapolis,USD
UP-20260904-0101,2026-09-04T18:00:00+00:00,DEMO-ITEM-20260904-0101,GW-005,eBay,DEMO-UPRIGHT-0012,Vintage ceramic vase,Home,1,53.02,3.99,3.71,5.30,0.00,53.02,upright_replica,true,one row per paid order,2026-09-04,America/Indiana/Indianapolis,USD
UP-20260904-0102,2026-09-04T19:00:00+00:00,DEMO-ITEM-20260904-0102,GW-006,Goodwillfinds,DEMO-UPRIGHT-0013,"Wool cardigan, size S",Apparel,1,55.13,4.99,3.85,5.51,0.00,55.13,upright_replica,true,one row per paid order,2026-09-04,America/Indiana/Indianapolis,USD
UP-20260904-0103,2026-09-04T20:00:00+00:00,DEMO-ITEM-20260904-0103,GW-007,Shopgoodwill,DEMO-UPRIGHT-0014,Framed landscape print,Art,1,57.24,5.99,4.00,5.72,28.62,28.62,upright_replica,true,one row per paid order,2026-09-04,America/Indiana/Indianapolis,USD
UP-20260904-0104,2026-09-04T21:00:00+00:00,DEMO-ITEM-20260904-0104,GW-008,eBay,DEMO-UPRIGHT-0015,Silver-tone necklace,Jewelry,1,59.35,6.99,4.15,5.93,0.00,59.35,upright_replica,true,one row per paid order,2026-09-04,America/Indiana/Indianapolis,USD
UP-20260904-0105,2026-09-04T18:00:00+00:00,DEMO-ITEM-20260904-0105,GW-009,Goodwillfinds,DEMO-UPRIGHT-0016,Vintage ceramic vase,Home,1,61.46,7.99,4.30,6.14,0.00,61.46,upright_replica,true,one row per paid order,2026-09-04,America/Indiana/Indianapolis,USD
UP-20260904-0106,2026-09-04T19:00:00+00:00,DEMO-ITEM-20260904-0106,GW-010,Shopgoodwill,DEMO-UPRIGHT-0017,"Wool cardigan, size S",Apparel,1,63.57,3.99,4.44,6.35,0.00,63.57,upright_replica,true,one row per paid order,2026-09-04,America/Indiana/Indianapolis,USD
UP-20260904-0107,2026-09-04T20:00:00+00:00,DEMO-ITEM-20260904-0107,GW-011,eBay,DEMO-UPRIGHT-0018,Framed landscape print,Art,1,65.68,4.99,4.59,6.56,0.00,65.68,upright_replica,true,one row per paid order,2026-09-04,America/Indiana/Indianapolis,USD
UP-20260904-0108,2026-09-04T21:00:00+00:00,DEMO-ITEM-20260904-0108,GW-012,Goodwillfinds,DEMO-UPRIGHT-0019,Silver-tone necklace,Jewelry,1,67.79,5.99,4.74,6.77,0.00,67.79,upright_replica,true,one row per paid order,2026-09-04,America/Indiana/Indianapolis,USD
UP-20260904-0109,2026-09-04T18:00:00+00:00,DEMO-ITEM-20260904-0109,GW-013,Shopgoodwill,DEMO-UPRIGHT-0020,Vintage ceramic vase,Home,1,69.90,6.99,4.89,6.99,0.00,69.90,upright_replica,true,one row per paid order,2026-09-04,America/Indiana/Indianapolis,USD
UP-20260904-0110,2026-09-04T19:00:00+00:00,DEMO-ITEM-20260904-0110,GW-014,eBay,DEMO-UPRIGHT-0021,"Wool cardigan, size S",Apparel,1,72.01,7.99,5.04,7.20,0.00,72.01,upright_replica,true,one row per paid order,2026-09-04,America/Indiana/Indianapolis,USD
UP-20260904-0111,2026-09-04T20:00:00+00:00,DEMO-ITEM-20260904-0111,GW-015,Goodwillfinds,DEMO-UPRIGHT-0022,Framed landscape print,Art,1,74.12,3.99,5.18,7.41,0.00,74.12,upright_replica,true,one row per paid order,2026-09-04,America/Indiana/Indianapolis,USD
UP-20260904-0112,2026-09-04T21:00:00+00:00,DEMO-ITEM-20260904-0112,GW-016,Shopgoodwill,DEMO-UPRIGHT-0023,Silver-tone necklace,Jewelry,1,76.23,4.99,5.33,7.62,0.00,76.23,upright_replica,true,one row per paid order,2026-09-04,America/Indiana/Indianapolis,USD
UP-20260904-0113,2026-09-04T18:00:00+00:00,DEMO-ITEM-20260904-0113,GW-017,eBay,DEMO-UPRIGHT-0024,Vintage ceramic vase,Home,1,78.34,5.99,5.48,7.83,0.00,78.34,upright_replica,true,one row per paid order,2026-09-04,America/Indiana/Indianapolis,USD
UP-20260904-0114,2026-09-04T19:00:00+00:00,DEMO-ITEM-20260904-0114,GW-018,Goodwillfinds,DEMO-UPRIGHT-0025,"Wool cardigan, size S",Apparel,1,80.45,6.99,5.63,8.04,0.00,80.45,upright_replica,true,one row per paid order,2026-09-04,America/Indiana/Indianapolis,USD
UP-20260904-0115,2026-09-04T20:00:00+00:00,DEMO-ITEM-20260904-0115,GW-019,Shopgoodwill,DEMO-UPRIGHT-0026,Framed landscape print,Art,1,82.56,7.99,5.77,8.25,0.00,82.56,upright_replica,true,one row per paid order,2026-09-04,America/Indiana/Indianapolis,USD
UP-20260904-0116,2026-09-04T21:00:00+00:00,DEMO-ITEM-20260904-0116,GW-020,eBay,DEMO-UPRIGHT-0027,Silver-tone necklace,Jewelry,1,84.67,3.99,5.92,8.46,0.00,84.67,upright_replica,true,one row per paid order,2026-09-04,America/Indiana/Indianapolis,USD
UP-20260904-0117,2026-09-04T18:00:00+00:00,DEMO-ITEM-20260904-0117,GW-021,Goodwillfinds,DEMO-UPRIGHT-0028,Vintage ceramic vase,Home,1,86.78,4.99,6.07,8.67,0.00,86.78,upright_replica,true,one row per paid order,2026-09-04,America/Indiana/Indianapolis,USD
UP-20260904-0118,2026-09-04T19:00:00+00:00,DEMO-ITEM-20260904-0118,GW-022,Shopgoodwill,DEMO-UPRIGHT-0029,"Wool cardigan, size S",Apparel,1,88.89,5.99,6.22,8.88,0.00,88.89,upright_replica,true,one row per paid order,2026-09-04,America/Indiana/Indianapolis,USD
UP-20260904-0119,2026-09-04T20:00:00+00:00,DEMO-ITEM-20260904-0119,GW-023,eBay,DEMO-UPRIGHT-0030,Framed landscape print,Art,1,91.00,6.99,6.37,9.10,0.00,91.00,upright_replica,true,one row per paid order,2026-09-04,America/Indiana/Indianapolis,USD
UP-20260904-0120,2026-09-04T21:00:00+00:00,DEMO-ITEM-20260904-0120,GW-024,Goodwillfinds,DEMO-UPRIGHT-0031,Silver-tone necklace,Jewelry,1,93.11,7.99,6.51,9.31,46.55,46.56,upright_replica,true,one row per paid order,2026-09-04,America/Indiana/Indianapolis,USD
UP-20260904-0121,2026-09-04T18:00:00+00:00,DEMO-ITEM-20260904-0121,GW-001,Shopgoodwill,DEMO-UPRIGHT-0032,Vintage ceramic vase,Home,1,95.22,3.99,6.66,9.52,0.00,95.22,upright_replica,true,one row per paid order,2026-09-04,America/Indiana/Indianapolis,USD
UP-20260904-0122,2026-09-04T19:00:00+00:00,DEMO-ITEM-20260904-0122,GW-002,eBay,DEMO-UPRIGHT-0033,"Wool cardigan, size S",Apparel,1,97.33,4.99,6.81,9.73,0.00,97.33,upright_replica,true,one row per paid order,2026-09-04,America/Indiana/Indianapolis,USD
UP-20260904-0123,2026-09-04T20:00:00+00:00,DEMO-ITEM-20260904-0123,GW-003,Goodwillfinds,DEMO-UPRIGHT-0034,Framed landscape print,Art,1,99.44,5.99,6.96,9.94,0.00,99.44,upright_replica,true,one row per paid order,2026-09-04,America/Indiana/Indianapolis,USD
UP-20260904-0124,2026-09-04T21:00:00+00:00,DEMO-ITEM-20260904-0124,GW-004,Shopgoodwill,DEMO-UPRIGHT-0035,Silver-tone necklace,Jewelry,1,16.55,6.99,1.15,1.65,0.00,16.55,upright_replica,true,one row per paid order,2026-09-04,America/Indiana/Indianapolis,USD
UP-20260904-0125,2026-09-04T18:00:00+00:00,DEMO-ITEM-20260904-0125,GW-005,eBay,DEMO-UPRIGHT-0036,Vintage ceramic vase,Home,1,18.66,7.99,1.30,1.86,0.00,18.66,upright_replica,true,one row per paid order,2026-09-04,America/Indiana/Indianapolis,USD
UP-20260904-0126,2026-09-04T19:00:00+00:00,DEMO-ITEM-20260904-0126,GW-006,Goodwillfinds,DEMO-UPRIGHT-0037,"Wool cardigan, size S",Apparel,1,20.77,3.99,1.45,2.07,0.00,20.77,upright_replica,true,one row per paid order,2026-09-04,America/Indiana/Indianapolis,USD
UP-20260904-0127,2026-09-04T20:00:00+00:00,DEMO-ITEM-20260904-0127,GW-007,Shopgoodwill,DEMO-UPRIGHT-0038,Framed landscape print,Art,1,22.88,4.99,1.60,2.28,0.00,22.88,upright_replica,true,one row per paid order,2026-09-04,America/Indiana/Indianapolis,USD
UP-20260904-0128,2026-09-04T21:00:00+00:00,DEMO-ITEM-20260904-0128,GW-008,eBay,DEMO-UPRIGHT-0039,Silver-tone necklace,Jewelry,1,24.99,5.99,1.74,2.49,0.00,24.99,upright_replica,true,one row per paid order,2026-09-04,America/Indiana/Indianapolis,USD
UP-20260905-0001,2026-09-05T18:00:00+00:00,DEMO-ITEM-20260905-0001,GW-001,Shopgoodwill,DEMO-UPRIGHT-0001,Vintage ceramic vase,Home,1,98.39,3.99,6.88,9.83,49.19,49.20,upright_replica,true,one row per paid order,2026-09-05,America/Indiana/Indianapolis,USD
UP-20260905-0002,2026-09-05T19:00:00+00:00,DEMO-ITEM-20260905-0002,GW-002,eBay,DEMO-UPRIGHT-0002,"Wool cardigan, size S",Apparel,1,15.50,4.99,1.08,1.55,0.00,15.50,upright_replica,true,one row per paid order,2026-09-05,America/Indiana/Indianapolis,USD
UP-20260905-0003,2026-09-05T20:00:00+00:00,DEMO-ITEM-20260905-0003,GW-003,Goodwillfinds,DEMO-UPRIGHT-0003,Framed landscape print,Art,1,17.61,5.99,1.23,1.76,0.00,17.61,upright_replica,true,one row per paid order,2026-09-05,America/Indiana/Indianapolis,USD
UP-20260905-0004,2026-09-05T21:00:00+00:00,DEMO-ITEM-20260905-0004,GW-004,Shopgoodwill,DEMO-UPRIGHT-0004,Silver-tone necklace,Jewelry,1,19.72,6.99,1.38,1.97,0.00,19.72,upright_replica,true,one row per paid order,2026-09-05,America/Indiana/Indianapolis,USD
UP-20260905-0005,2026-09-05T18:00:00+00:00,DEMO-ITEM-20260905-0005,GW-005,eBay,DEMO-UPRIGHT-0005,Vintage ceramic vase,Home,1,21.83,7.99,1.52,2.18,0.00,21.83,upright_replica,true,one row per paid order,2026-09-05,America/Indiana/Indianapolis,USD
UP-20260905-0006,2026-09-05T19:00:00+00:00,DEMO-ITEM-20260905-0006,GW-006,Goodwillfinds,DEMO-UPRIGHT-0006,"Wool cardigan, size S",Apparel,1,23.94,3.99,1.67,2.39,0.00,23.94,upright_replica,true,one row per paid order,2026-09-05,America/Indiana/Indianapolis,USD
UP-20260905-0007,2026-09-05T20:00:00+00:00,DEMO-ITEM-20260905-0007,GW-007,Shopgoodwill,DEMO-UPRIGHT-0007,Framed landscape print,Art,1,26.05,4.99,1.82,2.60,0.00,26.05,upright_replica,true,one row per paid order,2026-09-05,America/Indiana/Indianapolis,USD
UP-20260905-0008,2026-09-05T21:00:00+00:00,DEMO-ITEM-20260905-0008,GW-008,eBay,DEMO-UPRIGHT-0008,Silver-tone necklace,Jewelry,1,28.16,5.99,1.97,2.81,0.00,28.16,upright_replica,true,one row per paid order,2026-09-05,America/Indiana/Indianapolis,USD
UP-20260905-0009,2026-09-05T18:00:00+00:00,DEMO-ITEM-20260905-0009,GW-009,Goodwillfinds,DEMO-UPRIGHT-0009,Vintage ceramic vase,Home,1,30.27,6.99,2.11,3.02,0.00,30.27,upright_replica,true,one row per paid order,2026-09-05,America/Indiana/Indianapolis,USD
UP-20260905-0010,2026-09-05T19:00:00+00:00,DEMO-ITEM-20260905-0010,GW-010,Shopgoodwill,DEMO-UPRIGHT-0010,"Wool cardigan, size S",Apparel,1,32.38,7.99,2.26,3.23,0.00,32.38,upright_replica,true,one row per paid order,2026-09-05,America/Indiana/Indianapolis,USD
UP-20260905-0011,2026-09-05T20:00:00+00:00,DEMO-ITEM-20260905-0011,GW-011,eBay,DEMO-UPRIGHT-0011,Framed landscape print,Art,1,34.49,3.99,2.41,3.44,0.00,34.49,upright_replica,true,one row per paid order,2026-09-05,America/Indiana/Indianapolis,USD
UP-20260905-0012,2026-09-05T21:00:00+00:00,DEMO-ITEM-20260905-0012,GW-012,Goodwillfinds,DEMO-UPRIGHT-0012,Silver-tone necklace,Jewelry,1,36.60,4.99,2.56,3.66,0.00,36.60,upright_replica,true,one row per paid order,2026-09-05,America/Indiana/Indianapolis,USD
UP-20260905-0013,2026-09-05T18:00:00+00:00,DEMO-ITEM-20260905-0013,GW-013,Shopgoodwill,DEMO-UPRIGHT-0013,Vintage ceramic vase,Home,1,38.71,5.99,2.70,3.87,0.00,38.71,upright_replica,true,one row per paid order,2026-09-05,America/Indiana/Indianapolis,USD
UP-20260905-0014,2026-09-05T19:00:00+00:00,DEMO-ITEM-20260905-0014,GW-014,eBay,DEMO-UPRIGHT-0014,"Wool cardigan, size S",Apparel,1,40.82,6.99,2.85,4.08,0.00,40.82,upright_replica,true,one row per paid order,2026-09-05,America/Indiana/Indianapolis,USD
UP-20260905-0015,2026-09-05T20:00:00+00:00,DEMO-ITEM-20260905-0015,GW-015,Goodwillfinds,DEMO-UPRIGHT-0015,Framed landscape print,Art,1,42.93,7.99,3.00,4.29,0.00,42.93,upright_replica,true,one row per paid order,2026-09-05,America/Indiana/Indianapolis,USD
UP-20260905-0016,2026-09-05T21:00:00+00:00,DEMO-ITEM-20260905-0016,GW-016,Shopgoodwill,DEMO-UPRIGHT-0016,Silver-tone necklace,Jewelry,1,45.04,3.99,3.15,4.50,0.00,45.04,upright_replica,true,one row per paid order,2026-09-05,America/Indiana/Indianapolis,USD
UP-20260905-0017,2026-09-05T18:00:00+00:00,DEMO-ITEM-20260905-0017,GW-017,eBay,DEMO-UPRIGHT-0017,Vintage ceramic vase,Home,1,47.15,4.99,3.30,4.71,0.00,47.15,upright_replica,true,one row per paid order,2026-09-05,America/Indiana/Indianapolis,USD
UP-20260905-0018,2026-09-05T19:00:00+00:00,DEMO-ITEM-20260905-0018,GW-018,Goodwillfinds,DEMO-UPRIGHT-0018,"Wool cardigan, size S",Apparel,1,49.26,5.99,3.44,4.92,24.63,24.63,upright_replica,true,one row per paid order,2026-09-05,America/Indiana/Indianapolis,USD
UP-20260905-0019,2026-09-05T20:00:00+00:00,DEMO-ITEM-20260905-0019,GW-019,Shopgoodwill,DEMO-UPRIGHT-0019,Framed landscape print,Art,1,51.37,6.99,3.59,5.13,0.00,51.37,upright_replica,true,one row per paid order,2026-09-05,America/Indiana/Indianapolis,USD
UP-20260905-0020,2026-09-05T21:00:00+00:00,DEMO-ITEM-20260905-0020,GW-020,eBay,DEMO-UPRIGHT-0020,Silver-tone necklace,Jewelry,1,53.48,7.99,3.74,5.34,0.00,53.48,upright_replica,true,one row per paid order,2026-09-05,America/Indiana/Indianapolis,USD
UP-20260905-0021,2026-09-05T18:00:00+00:00,DEMO-ITEM-20260905-0021,GW-021,Goodwillfinds,DEMO-UPRIGHT-0021,Vintage ceramic vase,Home,1,55.59,3.99,3.89,5.55,0.00,55.59,upright_replica,true,one row per paid order,2026-09-05,America/Indiana/Indianapolis,USD
UP-20260905-0022,2026-09-05T19:00:00+00:00,DEMO-ITEM-20260905-0022,GW-022,Shopgoodwill,DEMO-UPRIGHT-0022,"Wool cardigan, size S",Apparel,1,57.70,4.99,4.03,5.77,0.00,57.70,upright_replica,true,one row per paid order,2026-09-05,America/Indiana/Indianapolis,USD
UP-20260905-0023,2026-09-05T20:00:00+00:00,DEMO-ITEM-20260905-0023,GW-023,eBay,DEMO-UPRIGHT-0023,Framed landscape print,Art,1,59.81,5.99,4.18,5.98,0.00,59.81,upright_replica,true,one row per paid order,2026-09-05,America/Indiana/Indianapolis,USD
UP-20260905-0024,2026-09-05T21:00:00+00:00,DEMO-ITEM-20260905-0024,GW-024,Goodwillfinds,DEMO-UPRIGHT-0024,Silver-tone necklace,Jewelry,1,61.92,6.99,4.33,6.19,0.00,61.92,upright_replica,true,one row per paid order,2026-09-05,America/Indiana/Indianapolis,USD
UP-20260905-0025,2026-09-05T18:00:00+00:00,DEMO-ITEM-20260905-0025,GW-001,Shopgoodwill,DEMO-UPRIGHT-0025,Vintage ceramic vase,Home,1,64.03,7.99,4.48,6.40,0.00,64.03,upright_replica,true,one row per paid order,2026-09-05,America/Indiana/Indianapolis,USD
UP-20260905-0026,2026-09-05T19:00:00+00:00,DEMO-ITEM-20260905-0026,GW-002,eBay,DEMO-UPRIGHT-0026,"Wool cardigan, size S",Apparel,1,66.14,3.99,4.62,6.61,0.00,66.14,upright_replica,true,one row per paid order,2026-09-05,America/Indiana/Indianapolis,USD
UP-20260905-0027,2026-09-05T20:00:00+00:00,DEMO-ITEM-20260905-0027,GW-003,Goodwillfinds,DEMO-UPRIGHT-0027,Framed landscape print,Art,1,68.25,4.99,4.77,6.82,0.00,68.25,upright_replica,true,one row per paid order,2026-09-05,America/Indiana/Indianapolis,USD
UP-20260905-0028,2026-09-05T21:00:00+00:00,DEMO-ITEM-20260905-0028,GW-004,Shopgoodwill,DEMO-UPRIGHT-0028,Silver-tone necklace,Jewelry,1,70.36,5.99,4.92,7.03,0.00,70.36,upright_replica,true,one row per paid order,2026-09-05,America/Indiana/Indianapolis,USD
UP-20260905-0029,2026-09-05T18:00:00+00:00,DEMO-ITEM-20260905-0029,GW-005,eBay,DEMO-UPRIGHT-0029,Vintage ceramic vase,Home,1,72.47,6.99,5.07,7.24,0.00,72.47,upright_replica,true,one row per paid order,2026-09-05,America/Indiana/Indianapolis,USD
UP-20260905-0030,2026-09-05T19:00:00+00:00,DEMO-ITEM-20260905-0030,GW-006,Goodwillfinds,DEMO-UPRIGHT-0030,"Wool cardigan, size S",Apparel,1,74.58,7.99,5.22,7.45,0.00,74.58,upright_replica,true,one row per paid order,2026-09-05,America/Indiana/Indianapolis,USD
UP-20260905-0031,2026-09-05T20:00:00+00:00,DEMO-ITEM-20260905-0031,GW-007,Shopgoodwill,DEMO-UPRIGHT-0031,Framed landscape print,Art,1,76.69,3.99,5.36,7.66,0.00,76.69,upright_replica,true,one row per paid order,2026-09-05,America/Indiana/Indianapolis,USD
UP-20260905-0032,2026-09-05T21:00:00+00:00,DEMO-ITEM-20260905-0032,GW-008,eBay,DEMO-UPRIGHT-0032,Silver-tone necklace,Jewelry,1,78.80,4.99,5.51,7.88,0.00,78.80,upright_replica,true,one row per paid order,2026-09-05,America/Indiana/Indianapolis,USD
UP-20260905-0033,2026-09-05T18:00:00+00:00,DEMO-ITEM-20260905-0033,GW-009,Goodwillfinds,DEMO-UPRIGHT-0033,Vintage ceramic vase,Home,1,80.91,5.99,5.66,8.09,0.00,80.91,upright_replica,true,one row per paid order,2026-09-05,America/Indiana/Indianapolis,USD
UP-20260905-0034,2026-09-05T19:00:00+00:00,DEMO-ITEM-20260905-0034,GW-010,Shopgoodwill,DEMO-UPRIGHT-0034,"Wool cardigan, size S",Apparel,1,83.02,6.99,5.81,8.30,0.00,83.02,upright_replica,true,one row per paid order,2026-09-05,America/Indiana/Indianapolis,USD
UP-20260905-0035,2026-09-05T20:00:00+00:00,DEMO-ITEM-20260905-0035,GW-011,eBay,DEMO-UPRIGHT-0035,Framed landscape print,Art,1,85.13,7.99,5.95,8.51,42.56,42.57,upright_replica,true,one row per paid order,2026-09-05,America/Indiana/Indianapolis,USD
UP-20260905-0036,2026-09-05T21:00:00+00:00,DEMO-ITEM-20260905-0036,GW-012,Goodwillfinds,DEMO-UPRIGHT-0036,Silver-tone necklace,Jewelry,1,87.24,3.99,6.10,8.72,0.00,87.24,upright_replica,true,one row per paid order,2026-09-05,America/Indiana/Indianapolis,USD
UP-20260905-0037,2026-09-05T18:00:00+00:00,DEMO-ITEM-20260905-0037,GW-013,Shopgoodwill,DEMO-UPRIGHT-0037,Vintage ceramic vase,Home,1,89.35,4.99,6.25,8.93,0.00,89.35,upright_replica,true,one row per paid order,2026-09-05,America/Indiana/Indianapolis,USD
UP-20260905-0038,2026-09-05T19:00:00+00:00,DEMO-ITEM-20260905-0038,GW-014,eBay,DEMO-UPRIGHT-0038,"Wool cardigan, size S",Apparel,1,91.46,5.99,6.40,9.14,0.00,91.46,upright_replica,true,one row per paid order,2026-09-05,America/Indiana/Indianapolis,USD
UP-20260905-0039,2026-09-05T20:00:00+00:00,DEMO-ITEM-20260905-0039,GW-015,Goodwillfinds,DEMO-UPRIGHT-0039,Framed landscape print,Art,1,93.57,6.99,6.54,9.35,0.00,93.57,upright_replica,true,one row per paid order,2026-09-05,America/Indiana/Indianapolis,USD
UP-20260905-0040,2026-09-05T21:00:00+00:00,DEMO-ITEM-20260905-0040,GW-016,Shopgoodwill,DEMO-UPRIGHT-0040,Silver-tone necklace,Jewelry,1,95.68,7.99,6.69,9.56,0.00,95.68,upright_replica,true,one row per paid order,2026-09-05,America/Indiana/Indianapolis,USD
UP-20260905-0041,2026-09-05T18:00:00+00:00,DEMO-ITEM-20260905-0041,GW-017,eBay,DEMO-UPRIGHT-0041,Vintage ceramic vase,Home,1,97.79,3.99,6.84,9.77,0.00,97.79,upright_replica,true,one row per paid order,2026-09-05,America/Indiana/Indianapolis,USD
UP-20260905-0042,2026-09-05T19:00:00+00:00,DEMO-ITEM-20260905-0042,GW-018,Goodwillfinds,DEMO-UPRIGHT-0042,"Wool cardigan, size S",Apparel,1,99.90,4.99,6.99,9.99,0.00,99.90,upright_replica,true,one row per paid order,2026-09-05,America/Indiana/Indianapolis,USD
UP-20260905-0043,2026-09-05T20:00:00+00:00,DEMO-ITEM-20260905-0043,GW-019,Shopgoodwill,DEMO-UPRIGHT-0043,Framed landscape print,Art,1,17.01,5.99,1.19,1.70,0.00,17.01,upright_replica,true,one row per paid order,2026-09-05,America/Indiana/Indianapolis,USD
UP-20260905-0044,2026-09-05T21:00:00+00:00,DEMO-ITEM-20260905-0044,GW-020,eBay,DEMO-UPRIGHT-0044,Silver-tone necklace,Jewelry,1,19.12,6.99,1.33,1.91,0.00,19.12,upright_replica,true,one row per paid order,2026-09-05,America/Indiana/Indianapolis,USD
UP-20260905-0045,2026-09-05T18:00:00+00:00,DEMO-ITEM-20260905-0045,GW-021,Goodwillfinds,DEMO-UPRIGHT-0045,Vintage ceramic vase,Home,1,21.23,7.99,1.48,2.12,0.00,21.23,upright_replica,true,one row per paid order,2026-09-05,America/Indiana/Indianapolis,USD
UP-20260905-0046,2026-09-05T19:00:00+00:00,DEMO-ITEM-20260905-0046,GW-022,Shopgoodwill,DEMO-UPRIGHT-0046,"Wool cardigan, size S",Apparel,1,23.34,3.99,1.63,2.33,0.00,23.34,upright_replica,true,one row per paid order,2026-09-05,America/Indiana/Indianapolis,USD
UP-20260905-0047,2026-09-05T20:00:00+00:00,DEMO-ITEM-20260905-0047,GW-023,eBay,DEMO-UPRIGHT-0047,Framed landscape print,Art,1,25.45,4.99,1.78,2.54,0.00,25.45,upright_replica,true,one row per paid order,2026-09-05,America/Indiana/Indianapolis,USD
UP-20260905-0048,2026-09-05T21:00:00+00:00,DEMO-ITEM-20260905-0048,GW-024,Goodwillfinds,DEMO-UPRIGHT-0048,Silver-tone necklace,Jewelry,1,27.56,5.99,1.92,2.75,0.00,27.56,upright_replica,true,one row per paid order,2026-09-05,America/Indiana/Indianapolis,USD
UP-20260905-0049,2026-09-05T18:00:00+00:00,DEMO-ITEM-20260905-0049,GW-001,Shopgoodwill,DEMO-UPRIGHT-0049,Vintage ceramic vase,Home,1,29.67,6.99,2.07,2.96,0.00,29.67,upright_replica,true,one row per paid order,2026-09-05,America/Indiana/Indianapolis,USD
UP-20260905-0050,2026-09-05T19:00:00+00:00,DEMO-ITEM-20260905-0050,GW-002,eBay,DEMO-UPRIGHT-0050,"Wool cardigan, size S",Apparel,1,31.78,7.99,2.22,3.17,0.00,31.78,upright_replica,true,one row per paid order,2026-09-05,America/Indiana/Indianapolis,USD
UP-20260905-0051,2026-09-05T20:00:00+00:00,DEMO-ITEM-20260905-0051,GW-003,Goodwillfinds,DEMO-UPRIGHT-0051,Framed landscape print,Art,1,33.89,3.99,2.37,3.38,0.00,33.89,upright_replica,true,one row per paid order,2026-09-05,America/Indiana/Indianapolis,USD
UP-20260905-0052,2026-09-05T21:00:00+00:00,DEMO-ITEM-20260905-0052,GW-004,Shopgoodwill,DEMO-UPRIGHT-0052,Silver-tone necklace,Jewelry,1,36.00,4.99,2.52,3.60,18.00,18.00,upright_replica,true,one row per paid order,2026-09-05,America/Indiana/Indianapolis,USD
UP-20260905-0053,2026-09-05T18:00:00+00:00,DEMO-ITEM-20260905-0053,GW-005,eBay,DEMO-UPRIGHT-0053,Vintage ceramic vase,Home,1,38.11,5.99,2.66,3.81,0.00,38.11,upright_replica,true,one row per paid order,2026-09-05,America/Indiana/Indianapolis,USD
UP-20260905-0054,2026-09-05T19:00:00+00:00,DEMO-ITEM-20260905-0054,GW-006,Goodwillfinds,DEMO-UPRIGHT-0054,"Wool cardigan, size S",Apparel,1,40.22,6.99,2.81,4.02,0.00,40.22,upright_replica,true,one row per paid order,2026-09-05,America/Indiana/Indianapolis,USD
UP-20260905-0055,2026-09-05T20:00:00+00:00,DEMO-ITEM-20260905-0055,GW-007,Shopgoodwill,DEMO-UPRIGHT-0055,Framed landscape print,Art,1,42.33,7.99,2.96,4.23,0.00,42.33,upright_replica,true,one row per paid order,2026-09-05,America/Indiana/Indianapolis,USD
UP-20260905-0056,2026-09-05T21:00:00+00:00,DEMO-ITEM-20260905-0056,GW-008,eBay,DEMO-UPRIGHT-0056,Silver-tone necklace,Jewelry,1,44.44,3.99,3.11,4.44,0.00,44.44,upright_replica,true,one row per paid order,2026-09-05,America/Indiana/Indianapolis,USD
UP-20260905-0057,2026-09-05T18:00:00+00:00,DEMO-ITEM-20260905-0057,GW-009,Goodwillfinds,DEMO-UPRIGHT-0057,Vintage ceramic vase,Home,1,46.55,4.99,3.25,4.65,0.00,46.55,upright_replica,true,one row per paid order,2026-09-05,America/Indiana/Indianapolis,USD
UP-20260905-0058,2026-09-05T19:00:00+00:00,DEMO-ITEM-20260905-0058,GW-010,Shopgoodwill,DEMO-UPRIGHT-0058,"Wool cardigan, size S",Apparel,1,48.66,5.99,3.40,4.86,0.00,48.66,upright_replica,true,one row per paid order,2026-09-05,America/Indiana/Indianapolis,USD
UP-20260905-0059,2026-09-05T20:00:00+00:00,DEMO-ITEM-20260905-0059,GW-011,eBay,DEMO-UPRIGHT-0059,Framed landscape print,Art,1,50.77,6.99,3.55,5.07,0.00,50.77,upright_replica,true,one row per paid order,2026-09-05,America/Indiana/Indianapolis,USD
UP-20260905-0060,2026-09-05T21:00:00+00:00,DEMO-ITEM-20260905-0060,GW-012,Goodwillfinds,DEMO-UPRIGHT-0060,Silver-tone necklace,Jewelry,1,52.88,7.99,3.70,5.28,0.00,52.88,upright_replica,true,one row per paid order,2026-09-05,America/Indiana/Indianapolis,USD
UP-20260905-0061,2026-09-05T18:00:00+00:00,DEMO-ITEM-20260905-0061,GW-013,Shopgoodwill,DEMO-UPRIGHT-0061,Vintage ceramic vase,Home,1,54.99,3.99,3.84,5.49,0.00,54.99,upright_replica,true,one row per paid order,2026-09-05,America/Indiana/Indianapolis,USD
UP-20260905-0062,2026-09-05T19:00:00+00:00,DEMO-ITEM-20260905-0062,GW-014,eBay,DEMO-UPRIGHT-0062,"Wool cardigan, size S",Apparel,1,57.10,4.99,3.99,5.71,0.00,57.10,upright_replica,true,one row per paid order,2026-09-05,America/Indiana/Indianapolis,USD
UP-20260905-0063,2026-09-05T20:00:00+00:00,DEMO-ITEM-20260905-0063,GW-015,Goodwillfinds,DEMO-UPRIGHT-0063,Framed landscape print,Art,1,59.21,5.99,4.14,5.92,0.00,59.21,upright_replica,true,one row per paid order,2026-09-05,America/Indiana/Indianapolis,USD
UP-20260905-0064,2026-09-05T21:00:00+00:00,DEMO-ITEM-20260905-0064,GW-016,Shopgoodwill,DEMO-UPRIGHT-0064,Silver-tone necklace,Jewelry,1,61.32,6.99,4.29,6.13,0.00,61.32,upright_replica,true,one row per paid order,2026-09-05,America/Indiana/Indianapolis,USD
UP-20260905-0065,2026-09-05T18:00:00+00:00,DEMO-ITEM-20260905-0065,GW-017,eBay,DEMO-UPRIGHT-0065,Vintage ceramic vase,Home,1,63.43,7.99,4.44,6.34,0.00,63.43,upright_replica,true,one row per paid order,2026-09-05,America/Indiana/Indianapolis,USD
UP-20260905-0066,2026-09-05T19:00:00+00:00,DEMO-ITEM-20260905-0066,GW-018,Goodwillfinds,DEMO-UPRIGHT-0066,"Wool cardigan, size S",Apparel,1,65.54,3.99,4.58,6.55,0.00,65.54,upright_replica,true,one row per paid order,2026-09-05,America/Indiana/Indianapolis,USD
UP-20260905-0067,2026-09-05T20:00:00+00:00,DEMO-ITEM-20260905-0067,GW-019,Shopgoodwill,DEMO-UPRIGHT-0067,Framed landscape print,Art,1,67.65,4.99,4.73,6.76,0.00,67.65,upright_replica,true,one row per paid order,2026-09-05,America/Indiana/Indianapolis,USD
UP-20260905-0068,2026-09-05T21:00:00+00:00,DEMO-ITEM-20260905-0068,GW-020,eBay,DEMO-UPRIGHT-0068,Silver-tone necklace,Jewelry,1,69.76,5.99,4.88,6.97,0.00,69.76,upright_replica,true,one row per paid order,2026-09-05,America/Indiana/Indianapolis,USD
UP-20260905-0069,2026-09-05T18:00:00+00:00,DEMO-ITEM-20260905-0069,GW-021,Goodwillfinds,DEMO-UPRIGHT-0069,Vintage ceramic vase,Home,1,71.87,6.99,5.03,7.18,35.93,35.94,upright_replica,true,one row per paid order,2026-09-05,America/Indiana/Indianapolis,USD
UP-20260905-0070,2026-09-05T19:00:00+00:00,DEMO-ITEM-20260905-0070,GW-022,Shopgoodwill,DEMO-UPRIGHT-0070,"Wool cardigan, size S",Apparel,1,73.98,7.99,5.17,7.39,0.00,73.98,upright_replica,true,one row per paid order,2026-09-05,America/Indiana/Indianapolis,USD
UP-20260905-0071,2026-09-05T20:00:00+00:00,DEMO-ITEM-20260905-0071,GW-023,eBay,DEMO-UPRIGHT-0071,Framed landscape print,Art,1,76.09,3.99,5.32,7.60,0.00,76.09,upright_replica,true,one row per paid order,2026-09-05,America/Indiana/Indianapolis,USD
UP-20260905-0072,2026-09-05T21:00:00+00:00,DEMO-ITEM-20260905-0072,GW-024,Goodwillfinds,DEMO-UPRIGHT-0072,Silver-tone necklace,Jewelry,1,78.20,4.99,5.47,7.82,0.00,78.20,upright_replica,true,one row per paid order,2026-09-05,America/Indiana/Indianapolis,USD
UP-20260905-0073,2026-09-05T18:00:00+00:00,DEMO-ITEM-20260905-0073,GW-001,Shopgoodwill,DEMO-UPRIGHT-0073,Vintage ceramic vase,Home,1,80.31,5.99,5.62,8.03,0.00,80.31,upright_replica,true,one row per paid order,2026-09-05,America/Indiana/Indianapolis,USD
UP-20260905-0074,2026-09-05T19:00:00+00:00,DEMO-ITEM-20260905-0074,GW-002,eBay,DEMO-UPRIGHT-0074,"Wool cardigan, size S",Apparel,1,82.42,6.99,5.76,8.24,0.00,82.42,upright_replica,true,one row per paid order,2026-09-05,America/Indiana/Indianapolis,USD
UP-20260905-0075,2026-09-05T20:00:00+00:00,DEMO-ITEM-20260905-0075,GW-003,Goodwillfinds,DEMO-UPRIGHT-0075,Framed landscape print,Art,1,84.53,7.99,5.91,8.45,0.00,84.53,upright_replica,true,one row per paid order,2026-09-05,America/Indiana/Indianapolis,USD
UP-20260905-0076,2026-09-05T21:00:00+00:00,DEMO-ITEM-20260905-0076,GW-004,Shopgoodwill,DEMO-UPRIGHT-0076,Silver-tone necklace,Jewelry,1,86.64,3.99,6.06,8.66,0.00,86.64,upright_replica,true,one row per paid order,2026-09-05,America/Indiana/Indianapolis,USD
UP-20260905-0077,2026-09-05T18:00:00+00:00,DEMO-ITEM-20260905-0077,GW-005,eBay,DEMO-UPRIGHT-0077,Vintage ceramic vase,Home,1,88.75,4.99,6.21,8.87,0.00,88.75,upright_replica,true,one row per paid order,2026-09-05,America/Indiana/Indianapolis,USD
UP-20260905-0078,2026-09-05T19:00:00+00:00,DEMO-ITEM-20260905-0078,GW-006,Goodwillfinds,DEMO-UPRIGHT-0078,"Wool cardigan, size S",Apparel,1,90.86,5.99,6.36,9.08,0.00,90.86,upright_replica,true,one row per paid order,2026-09-05,America/Indiana/Indianapolis,USD
UP-20260905-0079,2026-09-05T20:00:00+00:00,DEMO-ITEM-20260905-0079,GW-007,Shopgoodwill,DEMO-UPRIGHT-0079,Framed landscape print,Art,1,92.97,6.99,6.50,9.29,0.00,92.97,upright_replica,true,one row per paid order,2026-09-05,America/Indiana/Indianapolis,USD
UP-20260905-0080,2026-09-05T21:00:00+00:00,DEMO-ITEM-20260905-0080,GW-008,eBay,DEMO-UPRIGHT-0080,Silver-tone necklace,Jewelry,1,95.08,7.99,6.65,9.50,0.00,95.08,upright_replica,true,one row per paid order,2026-09-05,America/Indiana/Indianapolis,USD
UP-20260905-0081,2026-09-05T18:00:00+00:00,DEMO-ITEM-20260905-0081,GW-009,Goodwillfinds,DEMO-UPRIGHT-0081,Vintage ceramic vase,Home,1,97.19,3.99,6.80,9.71,0.00,97.19,upright_replica,true,one row per paid order,2026-09-05,America/Indiana/Indianapolis,USD
UP-20260905-0082,2026-09-05T19:00:00+00:00,DEMO-ITEM-20260905-0082,GW-010,Shopgoodwill,DEMO-UPRIGHT-0082,"Wool cardigan, size S",Apparel,1,99.30,4.99,6.95,9.93,0.00,99.30,upright_replica,true,one row per paid order,2026-09-05,America/Indiana/Indianapolis,USD
UP-20260905-0083,2026-09-05T20:00:00+00:00,DEMO-ITEM-20260905-0083,GW-011,eBay,DEMO-UPRIGHT-0083,Framed landscape print,Art,1,16.41,5.99,1.14,1.64,0.00,16.41,upright_replica,true,one row per paid order,2026-09-05,America/Indiana/Indianapolis,USD
UP-20260905-0084,2026-09-05T21:00:00+00:00,DEMO-ITEM-20260905-0084,GW-012,Goodwillfinds,DEMO-UPRIGHT-0084,Silver-tone necklace,Jewelry,1,18.52,6.99,1.29,1.85,0.00,18.52,upright_replica,true,one row per paid order,2026-09-05,America/Indiana/Indianapolis,USD
UP-20260905-0085,2026-09-05T18:00:00+00:00,DEMO-ITEM-20260905-0085,GW-013,Shopgoodwill,DEMO-UPRIGHT-0085,Vintage ceramic vase,Home,1,20.63,7.99,1.44,2.06,0.00,20.63,upright_replica,true,one row per paid order,2026-09-05,America/Indiana/Indianapolis,USD
UP-20260905-0086,2026-09-05T19:00:00+00:00,DEMO-ITEM-20260905-0086,GW-014,eBay,DEMO-UPRIGHT-0086,"Wool cardigan, size S",Apparel,1,22.74,3.99,1.59,2.27,11.37,11.37,upright_replica,true,one row per paid order,2026-09-05,America/Indiana/Indianapolis,USD
UP-20260905-0087,2026-09-05T20:00:00+00:00,DEMO-ITEM-20260905-0087,GW-015,Goodwillfinds,DEMO-UPRIGHT-0087,Framed landscape print,Art,1,24.85,4.99,1.73,2.48,0.00,24.85,upright_replica,true,one row per paid order,2026-09-05,America/Indiana/Indianapolis,USD
UP-20260905-0088,2026-09-05T21:00:00+00:00,DEMO-ITEM-20260905-0088,GW-016,Shopgoodwill,DEMO-UPRIGHT-0088,Silver-tone necklace,Jewelry,1,26.96,5.99,1.88,2.69,0.00,26.96,upright_replica,true,one row per paid order,2026-09-05,America/Indiana/Indianapolis,USD
UP-20260905-0089,2026-09-05T18:00:00+00:00,DEMO-ITEM-20260905-0089,GW-017,eBay,DEMO-UPRIGHT-0089,Vintage ceramic vase,Home,1,29.07,6.99,2.03,2.90,0.00,29.07,upright_replica,true,one row per paid order,2026-09-05,America/Indiana/Indianapolis,USD
UP-20260905-0090,2026-09-05T19:00:00+00:00,DEMO-ITEM-20260905-0090,GW-018,Goodwillfinds,DEMO-UPRIGHT-0001,"Wool cardigan, size S",Apparel,1,31.18,7.99,2.18,3.11,0.00,31.18,upright_replica,true,one row per paid order,2026-09-05,America/Indiana/Indianapolis,USD
UP-20260905-0091,2026-09-05T20:00:00+00:00,DEMO-ITEM-20260905-0091,GW-019,Shopgoodwill,DEMO-UPRIGHT-0002,Framed landscape print,Art,1,33.29,3.99,2.33,3.32,0.00,33.29,upright_replica,true,one row per paid order,2026-09-05,America/Indiana/Indianapolis,USD
UP-20260905-0092,2026-09-05T21:00:00+00:00,DEMO-ITEM-20260905-0092,GW-020,eBay,DEMO-UPRIGHT-0003,Silver-tone necklace,Jewelry,1,35.40,4.99,2.47,3.54,0.00,35.40,upright_replica,true,one row per paid order,2026-09-05,America/Indiana/Indianapolis,USD
UP-20260905-0093,2026-09-05T18:00:00+00:00,DEMO-ITEM-20260905-0093,GW-021,Goodwillfinds,DEMO-UPRIGHT-0004,Vintage ceramic vase,Home,1,37.51,5.99,2.62,3.75,0.00,37.51,upright_replica,true,one row per paid order,2026-09-05,America/Indiana/Indianapolis,USD
UP-20260905-0094,2026-09-05T19:00:00+00:00,DEMO-ITEM-20260905-0094,GW-022,Shopgoodwill,DEMO-UPRIGHT-0005,"Wool cardigan, size S",Apparel,1,39.62,6.99,2.77,3.96,0.00,39.62,upright_replica,true,one row per paid order,2026-09-05,America/Indiana/Indianapolis,USD
UP-20260905-0095,2026-09-05T20:00:00+00:00,DEMO-ITEM-20260905-0095,GW-023,eBay,DEMO-UPRIGHT-0006,Framed landscape print,Art,1,41.73,7.99,2.92,4.17,0.00,41.73,upright_replica,true,one row per paid order,2026-09-05,America/Indiana/Indianapolis,USD
UP-20260905-0096,2026-09-05T21:00:00+00:00,DEMO-ITEM-20260905-0096,GW-024,Goodwillfinds,DEMO-UPRIGHT-0007,Silver-tone necklace,Jewelry,1,43.84,3.99,3.06,4.38,0.00,43.84,upright_replica,true,one row per paid order,2026-09-05,America/Indiana/Indianapolis,USD
UP-20260905-0097,2026-09-05T18:00:00+00:00,DEMO-ITEM-20260905-0097,GW-001,Shopgoodwill,DEMO-UPRIGHT-0008,Vintage ceramic vase,Home,1,45.95,4.99,3.21,4.59,0.00,45.95,upright_replica,true,one row per paid order,2026-09-05,America/Indiana/Indianapolis,USD
UP-20260905-0098,2026-09-05T19:00:00+00:00,DEMO-ITEM-20260905-0098,GW-002,eBay,DEMO-UPRIGHT-0009,"Wool cardigan, size S",Apparel,1,48.06,5.99,3.36,4.80,0.00,48.06,upright_replica,true,one row per paid order,2026-09-05,America/Indiana/Indianapolis,USD
UP-20260905-0099,2026-09-05T20:00:00+00:00,DEMO-ITEM-20260905-0099,GW-003,Goodwillfinds,DEMO-UPRIGHT-0010,Framed landscape print,Art,1,50.17,6.99,3.51,5.01,0.00,50.17,upright_replica,true,one row per paid order,2026-09-05,America/Indiana/Indianapolis,USD
UP-20260905-0100,2026-09-05T21:00:00+00:00,DEMO-ITEM-20260905-0100,GW-004,Shopgoodwill,DEMO-UPRIGHT-0011,Silver-tone necklace,Jewelry,1,52.28,7.99,3.65,5.22,0.00,52.28,upright_replica,true,one row per paid order,2026-09-05,America/Indiana/Indianapolis,USD
UP-20260905-0101,2026-09-05T18:00:00+00:00,DEMO-ITEM-20260905-0101,GW-005,eBay,DEMO-UPRIGHT-0012,Vintage ceramic vase,Home,1,54.39,3.99,3.80,5.43,0.00,54.39,upright_replica,true,one row per paid order,2026-09-05,America/Indiana/Indianapolis,USD
UP-20260905-0102,2026-09-05T19:00:00+00:00,DEMO-ITEM-20260905-0102,GW-006,Goodwillfinds,DEMO-UPRIGHT-0013,"Wool cardigan, size S",Apparel,1,56.50,4.99,3.95,5.65,0.00,56.50,upright_replica,true,one row per paid order,2026-09-05,America/Indiana/Indianapolis,USD
UP-20260905-0103,2026-09-05T20:00:00+00:00,DEMO-ITEM-20260905-0103,GW-007,Shopgoodwill,DEMO-UPRIGHT-0014,Framed landscape print,Art,1,58.61,5.99,4.10,5.86,29.30,29.31,upright_replica,true,one row per paid order,2026-09-05,America/Indiana/Indianapolis,USD
UP-20260905-0104,2026-09-05T21:00:00+00:00,DEMO-ITEM-20260905-0104,GW-008,eBay,DEMO-UPRIGHT-0015,Silver-tone necklace,Jewelry,1,60.72,6.99,4.25,6.07,0.00,60.72,upright_replica,true,one row per paid order,2026-09-05,America/Indiana/Indianapolis,USD
UP-20260905-0105,2026-09-05T18:00:00+00:00,DEMO-ITEM-20260905-0105,GW-009,Goodwillfinds,DEMO-UPRIGHT-0016,Vintage ceramic vase,Home,1,62.83,7.99,4.39,6.28,0.00,62.83,upright_replica,true,one row per paid order,2026-09-05,America/Indiana/Indianapolis,USD
UP-20260905-0106,2026-09-05T19:00:00+00:00,DEMO-ITEM-20260905-0106,GW-010,Shopgoodwill,DEMO-UPRIGHT-0017,"Wool cardigan, size S",Apparel,1,64.94,3.99,4.54,6.49,0.00,64.94,upright_replica,true,one row per paid order,2026-09-05,America/Indiana/Indianapolis,USD
UP-20260905-0107,2026-09-05T20:00:00+00:00,DEMO-ITEM-20260905-0107,GW-011,eBay,DEMO-UPRIGHT-0018,Framed landscape print,Art,1,67.05,4.99,4.69,6.70,0.00,67.05,upright_replica,true,one row per paid order,2026-09-05,America/Indiana/Indianapolis,USD
UP-20260905-0108,2026-09-05T21:00:00+00:00,DEMO-ITEM-20260905-0108,GW-012,Goodwillfinds,DEMO-UPRIGHT-0019,Silver-tone necklace,Jewelry,1,69.16,5.99,4.84,6.91,0.00,69.16,upright_replica,true,one row per paid order,2026-09-05,America/Indiana/Indianapolis,USD
UP-20260905-0109,2026-09-05T18:00:00+00:00,DEMO-ITEM-20260905-0109,GW-013,Shopgoodwill,DEMO-UPRIGHT-0020,Vintage ceramic vase,Home,1,71.27,6.99,4.98,7.12,0.00,71.27,upright_replica,true,one row per paid order,2026-09-05,America/Indiana/Indianapolis,USD
UP-20260905-0110,2026-09-05T19:00:00+00:00,DEMO-ITEM-20260905-0110,GW-014,eBay,DEMO-UPRIGHT-0021,"Wool cardigan, size S",Apparel,1,73.38,7.99,5.13,7.33,0.00,73.38,upright_replica,true,one row per paid order,2026-09-05,America/Indiana/Indianapolis,USD
UP-20260905-0111,2026-09-05T20:00:00+00:00,DEMO-ITEM-20260905-0111,GW-015,Goodwillfinds,DEMO-UPRIGHT-0022,Framed landscape print,Art,1,75.49,3.99,5.28,7.54,0.00,75.49,upright_replica,true,one row per paid order,2026-09-05,America/Indiana/Indianapolis,USD
UP-20260905-0112,2026-09-05T21:00:00+00:00,DEMO-ITEM-20260905-0112,GW-016,Shopgoodwill,DEMO-UPRIGHT-0023,Silver-tone necklace,Jewelry,1,77.60,4.99,5.43,7.76,0.00,77.60,upright_replica,true,one row per paid order,2026-09-05,America/Indiana/Indianapolis,USD
UP-20260905-0113,2026-09-05T18:00:00+00:00,DEMO-ITEM-20260905-0113,GW-017,eBay,DEMO-UPRIGHT-0024,Vintage ceramic vase,Home,1,79.71,5.99,5.57,7.97,0.00,79.71,upright_replica,true,one row per paid order,2026-09-05,America/Indiana/Indianapolis,USD
UP-20260905-0114,2026-09-05T19:00:00+00:00,DEMO-ITEM-20260905-0114,GW-018,Goodwillfinds,DEMO-UPRIGHT-0025,"Wool cardigan, size S",Apparel,1,81.82,6.99,5.72,8.18,0.00,81.82,upright_replica,true,one row per paid order,2026-09-05,America/Indiana/Indianapolis,USD
UP-20260905-0115,2026-09-05T20:00:00+00:00,DEMO-ITEM-20260905-0115,GW-019,Shopgoodwill,DEMO-UPRIGHT-0026,Framed landscape print,Art,1,83.93,7.99,5.87,8.39,0.00,83.93,upright_replica,true,one row per paid order,2026-09-05,America/Indiana/Indianapolis,USD
UP-20260905-0116,2026-09-05T21:00:00+00:00,DEMO-ITEM-20260905-0116,GW-020,eBay,DEMO-UPRIGHT-0027,Silver-tone necklace,Jewelry,1,86.04,3.99,6.02,8.60,0.00,86.04,upright_replica,true,one row per paid order,2026-09-05,America/Indiana/Indianapolis,USD
UP-20260905-0117,2026-09-05T18:00:00+00:00,DEMO-ITEM-20260905-0117,GW-021,Goodwillfinds,DEMO-UPRIGHT-0028,Vintage ceramic vase,Home,1,88.15,4.99,6.17,8.81,0.00,88.15,upright_replica,true,one row per paid order,2026-09-05,America/Indiana/Indianapolis,USD
UP-20260905-0118,2026-09-05T19:00:00+00:00,DEMO-ITEM-20260905-0118,GW-022,Shopgoodwill,DEMO-UPRIGHT-0029,"Wool cardigan, size S",Apparel,1,90.26,5.99,6.31,9.02,0.00,90.26,upright_replica,true,one row per paid order,2026-09-05,America/Indiana/Indianapolis,USD
UP-20260905-0119,2026-09-05T20:00:00+00:00,DEMO-ITEM-20260905-0119,GW-023,eBay,DEMO-UPRIGHT-0030,Framed landscape print,Art,1,92.37,6.99,6.46,9.23,0.00,92.37,upright_replica,true,one row per paid order,2026-09-05,America/Indiana/Indianapolis,USD
UP-20260905-0120,2026-09-05T21:00:00+00:00,DEMO-ITEM-20260905-0120,GW-024,Goodwillfinds,DEMO-UPRIGHT-0031,Silver-tone necklace,Jewelry,1,94.48,7.99,6.61,9.44,47.24,47.24,upright_replica,true,one row per paid order,2026-09-05,America/Indiana/Indianapolis,USD
UP-20260905-0121,2026-09-05T18:00:00+00:00,DEMO-ITEM-20260905-0121,GW-001,Shopgoodwill,DEMO-UPRIGHT-0032,Vintage ceramic vase,Home,1,96.59,3.99,6.76,9.65,0.00,96.59,upright_replica,true,one row per paid order,2026-09-05,America/Indiana/Indianapolis,USD
UP-20260905-0122,2026-09-05T19:00:00+00:00,DEMO-ITEM-20260905-0122,GW-002,eBay,DEMO-UPRIGHT-0033,"Wool cardigan, size S",Apparel,1,98.70,4.99,6.90,9.87,0.00,98.70,upright_replica,true,one row per paid order,2026-09-05,America/Indiana/Indianapolis,USD
UP-20260905-0123,2026-09-05T20:00:00+00:00,DEMO-ITEM-20260905-0123,GW-003,Goodwillfinds,DEMO-UPRIGHT-0034,Framed landscape print,Art,1,15.81,5.99,1.10,1.58,0.00,15.81,upright_replica,true,one row per paid order,2026-09-05,America/Indiana/Indianapolis,USD
UP-20260905-0124,2026-09-05T21:00:00+00:00,DEMO-ITEM-20260905-0124,GW-004,Shopgoodwill,DEMO-UPRIGHT-0035,Silver-tone necklace,Jewelry,1,17.92,6.99,1.25,1.79,0.00,17.92,upright_replica,true,one row per paid order,2026-09-05,America/Indiana/Indianapolis,USD
UP-20260905-0125,2026-09-05T18:00:00+00:00,DEMO-ITEM-20260905-0125,GW-005,eBay,DEMO-UPRIGHT-0036,Vintage ceramic vase,Home,1,20.03,7.99,1.40,2.00,0.00,20.03,upright_replica,true,one row per paid order,2026-09-05,America/Indiana/Indianapolis,USD
UP-20260905-0126,2026-09-05T19:00:00+00:00,DEMO-ITEM-20260905-0126,GW-006,Goodwillfinds,DEMO-UPRIGHT-0037,"Wool cardigan, size S",Apparel,1,22.14,3.99,1.54,2.21,0.00,22.14,upright_replica,true,one row per paid order,2026-09-05,America/Indiana/Indianapolis,USD
UP-20260905-0127,2026-09-05T20:00:00+00:00,DEMO-ITEM-20260905-0127,GW-007,Shopgoodwill,DEMO-UPRIGHT-0038,Framed landscape print,Art,1,24.25,4.99,1.69,2.42,0.00,24.25,upright_replica,true,one row per paid order,2026-09-05,America/Indiana/Indianapolis,USD
UP-20260905-0128,2026-09-05T21:00:00+00:00,DEMO-ITEM-20260905-0128,GW-008,eBay,DEMO-UPRIGHT-0039,Silver-tone necklace,Jewelry,1,26.36,5.99,1.84,2.63,0.00,26.36,upright_replica,true,one row per paid order,2026-09-05,America/Indiana/Indianapolis,USD
UP-20260906-0001,2026-09-06T18:00:00+00:00,DEMO-ITEM-20260906-0001,GW-001,Shopgoodwill,DEMO-UPRIGHT-0001,Vintage ceramic vase,Home,1,99.76,3.99,6.98,9.97,49.88,49.88,upright_replica,true,one row per paid order,2026-09-06,America/Indiana/Indianapolis,USD
UP-20260906-0002,2026-09-06T19:00:00+00:00,DEMO-ITEM-20260906-0002,GW-002,eBay,DEMO-UPRIGHT-0002,"Wool cardigan, size S",Apparel,1,16.87,4.99,1.18,1.68,0.00,16.87,upright_replica,true,one row per paid order,2026-09-06,America/Indiana/Indianapolis,USD
UP-20260906-0003,2026-09-06T20:00:00+00:00,DEMO-ITEM-20260906-0003,GW-003,Goodwillfinds,DEMO-UPRIGHT-0003,Framed landscape print,Art,1,18.98,5.99,1.32,1.89,0.00,18.98,upright_replica,true,one row per paid order,2026-09-06,America/Indiana/Indianapolis,USD
UP-20260906-0004,2026-09-06T21:00:00+00:00,DEMO-ITEM-20260906-0004,GW-004,Shopgoodwill,DEMO-UPRIGHT-0004,Silver-tone necklace,Jewelry,1,21.09,6.99,1.47,2.10,0.00,21.09,upright_replica,true,one row per paid order,2026-09-06,America/Indiana/Indianapolis,USD
UP-20260906-0005,2026-09-06T18:00:00+00:00,DEMO-ITEM-20260906-0005,GW-005,eBay,DEMO-UPRIGHT-0005,Vintage ceramic vase,Home,1,23.20,7.99,1.62,2.32,0.00,23.20,upright_replica,true,one row per paid order,2026-09-06,America/Indiana/Indianapolis,USD
UP-20260906-0006,2026-09-06T19:00:00+00:00,DEMO-ITEM-20260906-0006,GW-006,Goodwillfinds,DEMO-UPRIGHT-0006,"Wool cardigan, size S",Apparel,1,25.31,3.99,1.77,2.53,0.00,25.31,upright_replica,true,one row per paid order,2026-09-06,America/Indiana/Indianapolis,USD
UP-20260906-0007,2026-09-06T20:00:00+00:00,DEMO-ITEM-20260906-0007,GW-007,Shopgoodwill,DEMO-UPRIGHT-0007,Framed landscape print,Art,1,27.42,4.99,1.91,2.74,0.00,27.42,upright_replica,true,one row per paid order,2026-09-06,America/Indiana/Indianapolis,USD
UP-20260906-0008,2026-09-06T21:00:00+00:00,DEMO-ITEM-20260906-0008,GW-008,eBay,DEMO-UPRIGHT-0008,Silver-tone necklace,Jewelry,1,29.53,5.99,2.06,2.95,0.00,29.53,upright_replica,true,one row per paid order,2026-09-06,America/Indiana/Indianapolis,USD
UP-20260906-0009,2026-09-06T18:00:00+00:00,DEMO-ITEM-20260906-0009,GW-009,Goodwillfinds,DEMO-UPRIGHT-0009,Vintage ceramic vase,Home,1,31.64,6.99,2.21,3.16,0.00,31.64,upright_replica,true,one row per paid order,2026-09-06,America/Indiana/Indianapolis,USD
UP-20260906-0010,2026-09-06T19:00:00+00:00,DEMO-ITEM-20260906-0010,GW-010,Shopgoodwill,DEMO-UPRIGHT-0010,"Wool cardigan, size S",Apparel,1,33.75,7.99,2.36,3.37,0.00,33.75,upright_replica,true,one row per paid order,2026-09-06,America/Indiana/Indianapolis,USD
UP-20260906-0011,2026-09-06T20:00:00+00:00,DEMO-ITEM-20260906-0011,GW-011,eBay,DEMO-UPRIGHT-0011,Framed landscape print,Art,1,35.86,3.99,2.51,3.58,0.00,35.86,upright_replica,true,one row per paid order,2026-09-06,America/Indiana/Indianapolis,USD
UP-20260906-0012,2026-09-06T21:00:00+00:00,DEMO-ITEM-20260906-0012,GW-012,Goodwillfinds,DEMO-UPRIGHT-0012,Silver-tone necklace,Jewelry,1,37.97,4.99,2.65,3.79,0.00,37.97,upright_replica,true,one row per paid order,2026-09-06,America/Indiana/Indianapolis,USD
UP-20260906-0013,2026-09-06T18:00:00+00:00,DEMO-ITEM-20260906-0013,GW-013,Shopgoodwill,DEMO-UPRIGHT-0013,Vintage ceramic vase,Home,1,40.08,5.99,2.80,4.00,0.00,40.08,upright_replica,true,one row per paid order,2026-09-06,America/Indiana/Indianapolis,USD
UP-20260906-0014,2026-09-06T19:00:00+00:00,DEMO-ITEM-20260906-0014,GW-014,eBay,DEMO-UPRIGHT-0014,"Wool cardigan, size S",Apparel,1,42.19,6.99,2.95,4.21,0.00,42.19,upright_replica,true,one row per paid order,2026-09-06,America/Indiana/Indianapolis,USD
UP-20260906-0015,2026-09-06T20:00:00+00:00,DEMO-ITEM-20260906-0015,GW-015,Goodwillfinds,DEMO-UPRIGHT-0015,Framed landscape print,Art,1,44.30,7.99,3.10,4.43,0.00,44.30,upright_replica,true,one row per paid order,2026-09-06,America/Indiana/Indianapolis,USD
UP-20260906-0016,2026-09-06T21:00:00+00:00,DEMO-ITEM-20260906-0016,GW-016,Shopgoodwill,DEMO-UPRIGHT-0016,Silver-tone necklace,Jewelry,1,46.41,3.99,3.24,4.64,0.00,46.41,upright_replica,true,one row per paid order,2026-09-06,America/Indiana/Indianapolis,USD
UP-20260906-0017,2026-09-06T18:00:00+00:00,DEMO-ITEM-20260906-0017,GW-017,eBay,DEMO-UPRIGHT-0017,Vintage ceramic vase,Home,1,48.52,4.99,3.39,4.85,0.00,48.52,upright_replica,true,one row per paid order,2026-09-06,America/Indiana/Indianapolis,USD
UP-20260906-0018,2026-09-06T19:00:00+00:00,DEMO-ITEM-20260906-0018,GW-018,Goodwillfinds,DEMO-UPRIGHT-0018,"Wool cardigan, size S",Apparel,1,50.63,5.99,3.54,5.06,25.31,25.32,upright_replica,true,one row per paid order,2026-09-06,America/Indiana/Indianapolis,USD
UP-20260906-0019,2026-09-06T20:00:00+00:00,DEMO-ITEM-20260906-0019,GW-019,Shopgoodwill,DEMO-UPRIGHT-0019,Framed landscape print,Art,1,52.74,6.99,3.69,5.27,0.00,52.74,upright_replica,true,one row per paid order,2026-09-06,America/Indiana/Indianapolis,USD
UP-20260906-0020,2026-09-06T21:00:00+00:00,DEMO-ITEM-20260906-0020,GW-020,eBay,DEMO-UPRIGHT-0020,Silver-tone necklace,Jewelry,1,54.85,7.99,3.83,5.48,0.00,54.85,upright_replica,true,one row per paid order,2026-09-06,America/Indiana/Indianapolis,USD
UP-20260906-0021,2026-09-06T18:00:00+00:00,DEMO-ITEM-20260906-0021,GW-021,Goodwillfinds,DEMO-UPRIGHT-0021,Vintage ceramic vase,Home,1,56.96,3.99,3.98,5.69,0.00,56.96,upright_replica,true,one row per paid order,2026-09-06,America/Indiana/Indianapolis,USD
UP-20260906-0022,2026-09-06T19:00:00+00:00,DEMO-ITEM-20260906-0022,GW-022,Shopgoodwill,DEMO-UPRIGHT-0022,"Wool cardigan, size S",Apparel,1,59.07,4.99,4.13,5.90,0.00,59.07,upright_replica,true,one row per paid order,2026-09-06,America/Indiana/Indianapolis,USD
UP-20260906-0023,2026-09-06T20:00:00+00:00,DEMO-ITEM-20260906-0023,GW-023,eBay,DEMO-UPRIGHT-0023,Framed landscape print,Art,1,61.18,5.99,4.28,6.11,0.00,61.18,upright_replica,true,one row per paid order,2026-09-06,America/Indiana/Indianapolis,USD
UP-20260906-0024,2026-09-06T21:00:00+00:00,DEMO-ITEM-20260906-0024,GW-024,Goodwillfinds,DEMO-UPRIGHT-0024,Silver-tone necklace,Jewelry,1,63.29,6.99,4.43,6.32,0.00,63.29,upright_replica,true,one row per paid order,2026-09-06,America/Indiana/Indianapolis,USD
UP-20260906-0025,2026-09-06T18:00:00+00:00,DEMO-ITEM-20260906-0025,GW-001,Shopgoodwill,DEMO-UPRIGHT-0025,Vintage ceramic vase,Home,1,65.40,7.99,4.57,6.54,0.00,65.40,upright_replica,true,one row per paid order,2026-09-06,America/Indiana/Indianapolis,USD
UP-20260906-0026,2026-09-06T19:00:00+00:00,DEMO-ITEM-20260906-0026,GW-002,eBay,DEMO-UPRIGHT-0026,"Wool cardigan, size S",Apparel,1,67.51,3.99,4.72,6.75,0.00,67.51,upright_replica,true,one row per paid order,2026-09-06,America/Indiana/Indianapolis,USD
UP-20260906-0027,2026-09-06T20:00:00+00:00,DEMO-ITEM-20260906-0027,GW-003,Goodwillfinds,DEMO-UPRIGHT-0027,Framed landscape print,Art,1,69.62,4.99,4.87,6.96,0.00,69.62,upright_replica,true,one row per paid order,2026-09-06,America/Indiana/Indianapolis,USD
UP-20260906-0028,2026-09-06T21:00:00+00:00,DEMO-ITEM-20260906-0028,GW-004,Shopgoodwill,DEMO-UPRIGHT-0028,Silver-tone necklace,Jewelry,1,71.73,5.99,5.02,7.17,0.00,71.73,upright_replica,true,one row per paid order,2026-09-06,America/Indiana/Indianapolis,USD
UP-20260906-0029,2026-09-06T18:00:00+00:00,DEMO-ITEM-20260906-0029,GW-005,eBay,DEMO-UPRIGHT-0029,Vintage ceramic vase,Home,1,73.84,6.99,5.16,7.38,0.00,73.84,upright_replica,true,one row per paid order,2026-09-06,America/Indiana/Indianapolis,USD
UP-20260906-0030,2026-09-06T19:00:00+00:00,DEMO-ITEM-20260906-0030,GW-006,Goodwillfinds,DEMO-UPRIGHT-0030,"Wool cardigan, size S",Apparel,1,75.95,7.99,5.31,7.59,0.00,75.95,upright_replica,true,one row per paid order,2026-09-06,America/Indiana/Indianapolis,USD
UP-20260906-0031,2026-09-06T20:00:00+00:00,DEMO-ITEM-20260906-0031,GW-007,Shopgoodwill,DEMO-UPRIGHT-0031,Framed landscape print,Art,1,78.06,3.99,5.46,7.80,0.00,78.06,upright_replica,true,one row per paid order,2026-09-06,America/Indiana/Indianapolis,USD
UP-20260906-0032,2026-09-06T21:00:00+00:00,DEMO-ITEM-20260906-0032,GW-008,eBay,DEMO-UPRIGHT-0032,Silver-tone necklace,Jewelry,1,80.17,4.99,5.61,8.01,0.00,80.17,upright_replica,true,one row per paid order,2026-09-06,America/Indiana/Indianapolis,USD
UP-20260906-0033,2026-09-06T18:00:00+00:00,DEMO-ITEM-20260906-0033,GW-009,Goodwillfinds,DEMO-UPRIGHT-0033,Vintage ceramic vase,Home,1,82.28,5.99,5.75,8.22,0.00,82.28,upright_replica,true,one row per paid order,2026-09-06,America/Indiana/Indianapolis,USD
UP-20260906-0034,2026-09-06T19:00:00+00:00,DEMO-ITEM-20260906-0034,GW-010,Shopgoodwill,DEMO-UPRIGHT-0034,"Wool cardigan, size S",Apparel,1,84.39,6.99,5.90,8.43,0.00,84.39,upright_replica,true,one row per paid order,2026-09-06,America/Indiana/Indianapolis,USD
UP-20260906-0035,2026-09-06T20:00:00+00:00,DEMO-ITEM-20260906-0035,GW-011,eBay,DEMO-UPRIGHT-0035,Framed landscape print,Art,1,86.50,7.99,6.05,8.65,43.25,43.25,upright_replica,true,one row per paid order,2026-09-06,America/Indiana/Indianapolis,USD
UP-20260906-0036,2026-09-06T21:00:00+00:00,DEMO-ITEM-20260906-0036,GW-012,Goodwillfinds,DEMO-UPRIGHT-0036,Silver-tone necklace,Jewelry,1,88.61,3.99,6.20,8.86,0.00,88.61,upright_replica,true,one row per paid order,2026-09-06,America/Indiana/Indianapolis,USD
UP-20260906-0037,2026-09-06T18:00:00+00:00,DEMO-ITEM-20260906-0037,GW-013,Shopgoodwill,DEMO-UPRIGHT-0037,Vintage ceramic vase,Home,1,90.72,4.99,6.35,9.07,0.00,90.72,upright_replica,true,one row per paid order,2026-09-06,America/Indiana/Indianapolis,USD
UP-20260906-0038,2026-09-06T19:00:00+00:00,DEMO-ITEM-20260906-0038,GW-014,eBay,DEMO-UPRIGHT-0038,"Wool cardigan, size S",Apparel,1,92.83,5.99,6.49,9.28,0.00,92.83,upright_replica,true,one row per paid order,2026-09-06,America/Indiana/Indianapolis,USD
UP-20260906-0039,2026-09-06T20:00:00+00:00,DEMO-ITEM-20260906-0039,GW-015,Goodwillfinds,DEMO-UPRIGHT-0039,Framed landscape print,Art,1,94.94,6.99,6.64,9.49,0.00,94.94,upright_replica,true,one row per paid order,2026-09-06,America/Indiana/Indianapolis,USD
UP-20260906-0040,2026-09-06T21:00:00+00:00,DEMO-ITEM-20260906-0040,GW-016,Shopgoodwill,DEMO-UPRIGHT-0040,Silver-tone necklace,Jewelry,1,97.05,7.99,6.79,9.70,0.00,97.05,upright_replica,true,one row per paid order,2026-09-06,America/Indiana/Indianapolis,USD
UP-20260906-0041,2026-09-06T18:00:00+00:00,DEMO-ITEM-20260906-0041,GW-017,eBay,DEMO-UPRIGHT-0041,Vintage ceramic vase,Home,1,99.16,3.99,6.94,9.91,0.00,99.16,upright_replica,true,one row per paid order,2026-09-06,America/Indiana/Indianapolis,USD
UP-20260906-0042,2026-09-06T19:00:00+00:00,DEMO-ITEM-20260906-0042,GW-018,Goodwillfinds,DEMO-UPRIGHT-0042,"Wool cardigan, size S",Apparel,1,16.27,4.99,1.13,1.62,0.00,16.27,upright_replica,true,one row per paid order,2026-09-06,America/Indiana/Indianapolis,USD
UP-20260906-0043,2026-09-06T20:00:00+00:00,DEMO-ITEM-20260906-0043,GW-019,Shopgoodwill,DEMO-UPRIGHT-0043,Framed landscape print,Art,1,18.38,5.99,1.28,1.83,0.00,18.38,upright_replica,true,one row per paid order,2026-09-06,America/Indiana/Indianapolis,USD
UP-20260906-0044,2026-09-06T21:00:00+00:00,DEMO-ITEM-20260906-0044,GW-020,eBay,DEMO-UPRIGHT-0044,Silver-tone necklace,Jewelry,1,20.49,6.99,1.43,2.04,0.00,20.49,upright_replica,true,one row per paid order,2026-09-06,America/Indiana/Indianapolis,USD
UP-20260906-0045,2026-09-06T18:00:00+00:00,DEMO-ITEM-20260906-0045,GW-021,Goodwillfinds,DEMO-UPRIGHT-0045,Vintage ceramic vase,Home,1,22.60,7.99,1.58,2.26,0.00,22.60,upright_replica,true,one row per paid order,2026-09-06,America/Indiana/Indianapolis,USD
UP-20260906-0046,2026-09-06T19:00:00+00:00,DEMO-ITEM-20260906-0046,GW-022,Shopgoodwill,DEMO-UPRIGHT-0046,"Wool cardigan, size S",Apparel,1,24.71,3.99,1.72,2.47,0.00,24.71,upright_replica,true,one row per paid order,2026-09-06,America/Indiana/Indianapolis,USD
UP-20260906-0047,2026-09-06T20:00:00+00:00,DEMO-ITEM-20260906-0047,GW-023,eBay,DEMO-UPRIGHT-0047,Framed landscape print,Art,1,26.82,4.99,1.87,2.68,0.00,26.82,upright_replica,true,one row per paid order,2026-09-06,America/Indiana/Indianapolis,USD
UP-20260906-0048,2026-09-06T21:00:00+00:00,DEMO-ITEM-20260906-0048,GW-024,Goodwillfinds,DEMO-UPRIGHT-0048,Silver-tone necklace,Jewelry,1,28.93,5.99,2.02,2.89,0.00,28.93,upright_replica,true,one row per paid order,2026-09-06,America/Indiana/Indianapolis,USD
UP-20260906-0049,2026-09-06T18:00:00+00:00,DEMO-ITEM-20260906-0049,GW-001,Shopgoodwill,DEMO-UPRIGHT-0049,Vintage ceramic vase,Home,1,31.04,6.99,2.17,3.10,0.00,31.04,upright_replica,true,one row per paid order,2026-09-06,America/Indiana/Indianapolis,USD
UP-20260906-0050,2026-09-06T19:00:00+00:00,DEMO-ITEM-20260906-0050,GW-002,eBay,DEMO-UPRIGHT-0050,"Wool cardigan, size S",Apparel,1,33.15,7.99,2.32,3.31,0.00,33.15,upright_replica,true,one row per paid order,2026-09-06,America/Indiana/Indianapolis,USD
UP-20260906-0051,2026-09-06T20:00:00+00:00,DEMO-ITEM-20260906-0051,GW-003,Goodwillfinds,DEMO-UPRIGHT-0051,Framed landscape print,Art,1,35.26,3.99,2.46,3.52,0.00,35.26,upright_replica,true,one row per paid order,2026-09-06,America/Indiana/Indianapolis,USD
UP-20260906-0052,2026-09-06T21:00:00+00:00,DEMO-ITEM-20260906-0052,GW-004,Shopgoodwill,DEMO-UPRIGHT-0052,Silver-tone necklace,Jewelry,1,37.37,4.99,2.61,3.73,18.68,18.69,upright_replica,true,one row per paid order,2026-09-06,America/Indiana/Indianapolis,USD
UP-20260906-0053,2026-09-06T18:00:00+00:00,DEMO-ITEM-20260906-0053,GW-005,eBay,DEMO-UPRIGHT-0053,Vintage ceramic vase,Home,1,39.48,5.99,2.76,3.94,0.00,39.48,upright_replica,true,one row per paid order,2026-09-06,America/Indiana/Indianapolis,USD
UP-20260906-0054,2026-09-06T19:00:00+00:00,DEMO-ITEM-20260906-0054,GW-006,Goodwillfinds,DEMO-UPRIGHT-0054,"Wool cardigan, size S",Apparel,1,41.59,6.99,2.91,4.15,0.00,41.59,upright_replica,true,one row per paid order,2026-09-06,America/Indiana/Indianapolis,USD
UP-20260906-0055,2026-09-06T20:00:00+00:00,DEMO-ITEM-20260906-0055,GW-007,Shopgoodwill,DEMO-UPRIGHT-0055,Framed landscape print,Art,1,43.70,7.99,3.05,4.37,0.00,43.70,upright_replica,true,one row per paid order,2026-09-06,America/Indiana/Indianapolis,USD
UP-20260906-0056,2026-09-06T21:00:00+00:00,DEMO-ITEM-20260906-0056,GW-008,eBay,DEMO-UPRIGHT-0056,Silver-tone necklace,Jewelry,1,45.81,3.99,3.20,4.58,0.00,45.81,upright_replica,true,one row per paid order,2026-09-06,America/Indiana/Indianapolis,USD
UP-20260906-0057,2026-09-06T18:00:00+00:00,DEMO-ITEM-20260906-0057,GW-009,Goodwillfinds,DEMO-UPRIGHT-0057,Vintage ceramic vase,Home,1,47.92,4.99,3.35,4.79,0.00,47.92,upright_replica,true,one row per paid order,2026-09-06,America/Indiana/Indianapolis,USD
UP-20260906-0058,2026-09-06T19:00:00+00:00,DEMO-ITEM-20260906-0058,GW-010,Shopgoodwill,DEMO-UPRIGHT-0058,"Wool cardigan, size S",Apparel,1,50.03,5.99,3.50,5.00,0.00,50.03,upright_replica,true,one row per paid order,2026-09-06,America/Indiana/Indianapolis,USD
UP-20260906-0059,2026-09-06T20:00:00+00:00,DEMO-ITEM-20260906-0059,GW-011,eBay,DEMO-UPRIGHT-0059,Framed landscape print,Art,1,52.14,6.99,3.64,5.21,0.00,52.14,upright_replica,true,one row per paid order,2026-09-06,America/Indiana/Indianapolis,USD
UP-20260906-0060,2026-09-06T21:00:00+00:00,DEMO-ITEM-20260906-0060,GW-012,Goodwillfinds,DEMO-UPRIGHT-0060,Silver-tone necklace,Jewelry,1,54.25,7.99,3.79,5.42,0.00,54.25,upright_replica,true,one row per paid order,2026-09-06,America/Indiana/Indianapolis,USD
UP-20260906-0061,2026-09-06T18:00:00+00:00,DEMO-ITEM-20260906-0061,GW-013,Shopgoodwill,DEMO-UPRIGHT-0061,Vintage ceramic vase,Home,1,56.36,3.99,3.94,5.63,0.00,56.36,upright_replica,true,one row per paid order,2026-09-06,America/Indiana/Indianapolis,USD
UP-20260906-0062,2026-09-06T19:00:00+00:00,DEMO-ITEM-20260906-0062,GW-014,eBay,DEMO-UPRIGHT-0062,"Wool cardigan, size S",Apparel,1,58.47,4.99,4.09,5.84,0.00,58.47,upright_replica,true,one row per paid order,2026-09-06,America/Indiana/Indianapolis,USD
UP-20260906-0063,2026-09-06T20:00:00+00:00,DEMO-ITEM-20260906-0063,GW-015,Goodwillfinds,DEMO-UPRIGHT-0063,Framed landscape print,Art,1,60.58,5.99,4.24,6.05,0.00,60.58,upright_replica,true,one row per paid order,2026-09-06,America/Indiana/Indianapolis,USD
UP-20260906-0064,2026-09-06T21:00:00+00:00,DEMO-ITEM-20260906-0064,GW-016,Shopgoodwill,DEMO-UPRIGHT-0064,Silver-tone necklace,Jewelry,1,62.69,6.99,4.38,6.26,0.00,62.69,upright_replica,true,one row per paid order,2026-09-06,America/Indiana/Indianapolis,USD
UP-20260906-0065,2026-09-06T18:00:00+00:00,DEMO-ITEM-20260906-0065,GW-017,eBay,DEMO-UPRIGHT-0065,Vintage ceramic vase,Home,1,64.80,7.99,4.53,6.48,0.00,64.80,upright_replica,true,one row per paid order,2026-09-06,America/Indiana/Indianapolis,USD
UP-20260906-0066,2026-09-06T19:00:00+00:00,DEMO-ITEM-20260906-0066,GW-018,Goodwillfinds,DEMO-UPRIGHT-0066,"Wool cardigan, size S",Apparel,1,66.91,3.99,4.68,6.69,0.00,66.91,upright_replica,true,one row per paid order,2026-09-06,America/Indiana/Indianapolis,USD
UP-20260906-0067,2026-09-06T20:00:00+00:00,DEMO-ITEM-20260906-0067,GW-019,Shopgoodwill,DEMO-UPRIGHT-0067,Framed landscape print,Art,1,69.02,4.99,4.83,6.90,0.00,69.02,upright_replica,true,one row per paid order,2026-09-06,America/Indiana/Indianapolis,USD
UP-20260906-0068,2026-09-06T21:00:00+00:00,DEMO-ITEM-20260906-0068,GW-020,eBay,DEMO-UPRIGHT-0068,Silver-tone necklace,Jewelry,1,71.13,5.99,4.97,7.11,0.00,71.13,upright_replica,true,one row per paid order,2026-09-06,America/Indiana/Indianapolis,USD
UP-20260906-0069,2026-09-06T18:00:00+00:00,DEMO-ITEM-20260906-0069,GW-021,Goodwillfinds,DEMO-UPRIGHT-0069,Vintage ceramic vase,Home,1,73.24,6.99,5.12,7.32,36.62,36.62,upright_replica,true,one row per paid order,2026-09-06,America/Indiana/Indianapolis,USD
UP-20260906-0070,2026-09-06T19:00:00+00:00,DEMO-ITEM-20260906-0070,GW-022,Shopgoodwill,DEMO-UPRIGHT-0070,"Wool cardigan, size S",Apparel,1,75.35,7.99,5.27,7.53,0.00,75.35,upright_replica,true,one row per paid order,2026-09-06,America/Indiana/Indianapolis,USD
UP-20260906-0071,2026-09-06T20:00:00+00:00,DEMO-ITEM-20260906-0071,GW-023,eBay,DEMO-UPRIGHT-0071,Framed landscape print,Art,1,77.46,3.99,5.42,7.74,0.00,77.46,upright_replica,true,one row per paid order,2026-09-06,America/Indiana/Indianapolis,USD
UP-20260906-0072,2026-09-06T21:00:00+00:00,DEMO-ITEM-20260906-0072,GW-024,Goodwillfinds,DEMO-UPRIGHT-0072,Silver-tone necklace,Jewelry,1,79.57,4.99,5.56,7.95,0.00,79.57,upright_replica,true,one row per paid order,2026-09-06,America/Indiana/Indianapolis,USD
UP-20260906-0073,2026-09-06T18:00:00+00:00,DEMO-ITEM-20260906-0073,GW-001,Shopgoodwill,DEMO-UPRIGHT-0073,Vintage ceramic vase,Home,1,81.68,5.99,5.71,8.16,0.00,81.68,upright_replica,true,one row per paid order,2026-09-06,America/Indiana/Indianapolis,USD
UP-20260906-0074,2026-09-06T19:00:00+00:00,DEMO-ITEM-20260906-0074,GW-002,eBay,DEMO-UPRIGHT-0074,"Wool cardigan, size S",Apparel,1,83.79,6.99,5.86,8.37,0.00,83.79,upright_replica,true,one row per paid order,2026-09-06,America/Indiana/Indianapolis,USD
UP-20260906-0075,2026-09-06T20:00:00+00:00,DEMO-ITEM-20260906-0075,GW-003,Goodwillfinds,DEMO-UPRIGHT-0075,Framed landscape print,Art,1,85.90,7.99,6.01,8.59,0.00,85.90,upright_replica,true,one row per paid order,2026-09-06,America/Indiana/Indianapolis,USD
UP-20260906-0076,2026-09-06T21:00:00+00:00,DEMO-ITEM-20260906-0076,GW-004,Shopgoodwill,DEMO-UPRIGHT-0076,Silver-tone necklace,Jewelry,1,88.01,3.99,6.16,8.80,0.00,88.01,upright_replica,true,one row per paid order,2026-09-06,America/Indiana/Indianapolis,USD
UP-20260906-0077,2026-09-06T18:00:00+00:00,DEMO-ITEM-20260906-0077,GW-005,eBay,DEMO-UPRIGHT-0077,Vintage ceramic vase,Home,1,90.12,4.99,6.30,9.01,0.00,90.12,upright_replica,true,one row per paid order,2026-09-06,America/Indiana/Indianapolis,USD
UP-20260906-0078,2026-09-06T19:00:00+00:00,DEMO-ITEM-20260906-0078,GW-006,Goodwillfinds,DEMO-UPRIGHT-0078,"Wool cardigan, size S",Apparel,1,92.23,5.99,6.45,9.22,0.00,92.23,upright_replica,true,one row per paid order,2026-09-06,America/Indiana/Indianapolis,USD
UP-20260906-0079,2026-09-06T20:00:00+00:00,DEMO-ITEM-20260906-0079,GW-007,Shopgoodwill,DEMO-UPRIGHT-0079,Framed landscape print,Art,1,94.34,6.99,6.60,9.43,0.00,94.34,upright_replica,true,one row per paid order,2026-09-06,America/Indiana/Indianapolis,USD
UP-20260906-0080,2026-09-06T21:00:00+00:00,DEMO-ITEM-20260906-0080,GW-008,eBay,DEMO-UPRIGHT-0080,Silver-tone necklace,Jewelry,1,96.45,7.99,6.75,9.64,0.00,96.45,upright_replica,true,one row per paid order,2026-09-06,America/Indiana/Indianapolis,USD
UP-20260906-0081,2026-09-06T18:00:00+00:00,DEMO-ITEM-20260906-0081,GW-009,Goodwillfinds,DEMO-UPRIGHT-0081,Vintage ceramic vase,Home,1,98.56,3.99,6.89,9.85,0.00,98.56,upright_replica,true,one row per paid order,2026-09-06,America/Indiana/Indianapolis,USD
UP-20260906-0082,2026-09-06T19:00:00+00:00,DEMO-ITEM-20260906-0082,GW-010,Shopgoodwill,DEMO-UPRIGHT-0082,"Wool cardigan, size S",Apparel,1,15.67,4.99,1.09,1.56,0.00,15.67,upright_replica,true,one row per paid order,2026-09-06,America/Indiana/Indianapolis,USD
UP-20260906-0083,2026-09-06T20:00:00+00:00,DEMO-ITEM-20260906-0083,GW-011,eBay,DEMO-UPRIGHT-0083,Framed landscape print,Art,1,17.78,5.99,1.24,1.77,0.00,17.78,upright_replica,true,one row per paid order,2026-09-06,America/Indiana/Indianapolis,USD
UP-20260906-0084,2026-09-06T21:00:00+00:00,DEMO-ITEM-20260906-0084,GW-012,Goodwillfinds,DEMO-UPRIGHT-0084,Silver-tone necklace,Jewelry,1,19.89,6.99,1.39,1.98,0.00,19.89,upright_replica,true,one row per paid order,2026-09-06,America/Indiana/Indianapolis,USD
UP-20260906-0085,2026-09-06T18:00:00+00:00,DEMO-ITEM-20260906-0085,GW-013,Shopgoodwill,DEMO-UPRIGHT-0085,Vintage ceramic vase,Home,1,22.00,7.99,1.54,2.20,0.00,22.00,upright_replica,true,one row per paid order,2026-09-06,America/Indiana/Indianapolis,USD
UP-20260906-0086,2026-09-06T19:00:00+00:00,DEMO-ITEM-20260906-0086,GW-014,eBay,DEMO-UPRIGHT-0086,"Wool cardigan, size S",Apparel,1,24.11,3.99,1.68,2.41,12.05,12.06,upright_replica,true,one row per paid order,2026-09-06,America/Indiana/Indianapolis,USD
UP-20260906-0087,2026-09-06T20:00:00+00:00,DEMO-ITEM-20260906-0087,GW-015,Goodwillfinds,DEMO-UPRIGHT-0087,Framed landscape print,Art,1,26.22,4.99,1.83,2.62,0.00,26.22,upright_replica,true,one row per paid order,2026-09-06,America/Indiana/Indianapolis,USD
UP-20260906-0088,2026-09-06T21:00:00+00:00,DEMO-ITEM-20260906-0088,GW-016,Shopgoodwill,DEMO-UPRIGHT-0088,Silver-tone necklace,Jewelry,1,28.33,5.99,1.98,2.83,0.00,28.33,upright_replica,true,one row per paid order,2026-09-06,America/Indiana/Indianapolis,USD
UP-20260906-0089,2026-09-06T18:00:00+00:00,DEMO-ITEM-20260906-0089,GW-017,eBay,DEMO-UPRIGHT-0089,Vintage ceramic vase,Home,1,30.44,6.99,2.13,3.04,0.00,30.44,upright_replica,true,one row per paid order,2026-09-06,America/Indiana/Indianapolis,USD
UP-20260906-0090,2026-09-06T19:00:00+00:00,DEMO-ITEM-20260906-0090,GW-018,Goodwillfinds,DEMO-UPRIGHT-0001,"Wool cardigan, size S",Apparel,1,32.55,7.99,2.27,3.25,0.00,32.55,upright_replica,true,one row per paid order,2026-09-06,America/Indiana/Indianapolis,USD
UP-20260906-0091,2026-09-06T20:00:00+00:00,DEMO-ITEM-20260906-0091,GW-019,Shopgoodwill,DEMO-UPRIGHT-0002,Framed landscape print,Art,1,34.66,3.99,2.42,3.46,0.00,34.66,upright_replica,true,one row per paid order,2026-09-06,America/Indiana/Indianapolis,USD
UP-20260906-0092,2026-09-06T21:00:00+00:00,DEMO-ITEM-20260906-0092,GW-020,eBay,DEMO-UPRIGHT-0003,Silver-tone necklace,Jewelry,1,36.77,4.99,2.57,3.67,0.00,36.77,upright_replica,true,one row per paid order,2026-09-06,America/Indiana/Indianapolis,USD
UP-20260906-0093,2026-09-06T18:00:00+00:00,DEMO-ITEM-20260906-0093,GW-021,Goodwillfinds,DEMO-UPRIGHT-0004,Vintage ceramic vase,Home,1,38.88,5.99,2.72,3.88,0.00,38.88,upright_replica,true,one row per paid order,2026-09-06,America/Indiana/Indianapolis,USD
UP-20260906-0094,2026-09-06T19:00:00+00:00,DEMO-ITEM-20260906-0094,GW-022,Shopgoodwill,DEMO-UPRIGHT-0005,"Wool cardigan, size S",Apparel,1,40.99,6.99,2.86,4.09,0.00,40.99,upright_replica,true,one row per paid order,2026-09-06,America/Indiana/Indianapolis,USD
UP-20260906-0095,2026-09-06T20:00:00+00:00,DEMO-ITEM-20260906-0095,GW-023,eBay,DEMO-UPRIGHT-0006,Framed landscape print,Art,1,43.10,7.99,3.01,4.31,0.00,43.10,upright_replica,true,one row per paid order,2026-09-06,America/Indiana/Indianapolis,USD
UP-20260906-0096,2026-09-06T21:00:00+00:00,DEMO-ITEM-20260906-0096,GW-024,Goodwillfinds,DEMO-UPRIGHT-0007,Silver-tone necklace,Jewelry,1,45.21,3.99,3.16,4.52,0.00,45.21,upright_replica,true,one row per paid order,2026-09-06,America/Indiana/Indianapolis,USD
UP-20260906-0097,2026-09-06T18:00:00+00:00,DEMO-ITEM-20260906-0097,GW-001,Shopgoodwill,DEMO-UPRIGHT-0008,Vintage ceramic vase,Home,1,47.32,4.99,3.31,4.73,0.00,47.32,upright_replica,true,one row per paid order,2026-09-06,America/Indiana/Indianapolis,USD
UP-20260906-0098,2026-09-06T19:00:00+00:00,DEMO-ITEM-20260906-0098,GW-002,eBay,DEMO-UPRIGHT-0009,"Wool cardigan, size S",Apparel,1,49.43,5.99,3.46,4.94,0.00,49.43,upright_replica,true,one row per paid order,2026-09-06,America/Indiana/Indianapolis,USD
UP-20260906-0099,2026-09-06T20:00:00+00:00,DEMO-ITEM-20260906-0099,GW-003,Goodwillfinds,DEMO-UPRIGHT-0010,Framed landscape print,Art,1,51.54,6.99,3.60,5.15,0.00,51.54,upright_replica,true,one row per paid order,2026-09-06,America/Indiana/Indianapolis,USD
UP-20260906-0100,2026-09-06T21:00:00+00:00,DEMO-ITEM-20260906-0100,GW-004,Shopgoodwill,DEMO-UPRIGHT-0011,Silver-tone necklace,Jewelry,1,53.65,7.99,3.75,5.36,0.00,53.65,upright_replica,true,one row per paid order,2026-09-06,America/Indiana/Indianapolis,USD
UP-20260906-0101,2026-09-06T18:00:00+00:00,DEMO-ITEM-20260906-0101,GW-005,eBay,DEMO-UPRIGHT-0012,Vintage ceramic vase,Home,1,55.76,3.99,3.90,5.57,0.00,55.76,upright_replica,true,one row per paid order,2026-09-06,America/Indiana/Indianapolis,USD
UP-20260906-0102,2026-09-06T19:00:00+00:00,DEMO-ITEM-20260906-0102,GW-006,Goodwillfinds,DEMO-UPRIGHT-0013,"Wool cardigan, size S",Apparel,1,57.87,4.99,4.05,5.78,0.00,57.87,upright_replica,true,one row per paid order,2026-09-06,America/Indiana/Indianapolis,USD
UP-20260906-0103,2026-09-06T20:00:00+00:00,DEMO-ITEM-20260906-0103,GW-007,Shopgoodwill,DEMO-UPRIGHT-0014,Framed landscape print,Art,1,59.98,5.99,4.19,5.99,29.99,29.99,upright_replica,true,one row per paid order,2026-09-06,America/Indiana/Indianapolis,USD
UP-20260906-0104,2026-09-06T21:00:00+00:00,DEMO-ITEM-20260906-0104,GW-008,eBay,DEMO-UPRIGHT-0015,Silver-tone necklace,Jewelry,1,62.09,6.99,4.34,6.20,0.00,62.09,upright_replica,true,one row per paid order,2026-09-06,America/Indiana/Indianapolis,USD
UP-20260906-0105,2026-09-06T18:00:00+00:00,DEMO-ITEM-20260906-0105,GW-009,Goodwillfinds,DEMO-UPRIGHT-0016,Vintage ceramic vase,Home,1,64.20,7.99,4.49,6.42,0.00,64.20,upright_replica,true,one row per paid order,2026-09-06,America/Indiana/Indianapolis,USD
UP-20260906-0106,2026-09-06T19:00:00+00:00,DEMO-ITEM-20260906-0106,GW-010,Shopgoodwill,DEMO-UPRIGHT-0017,"Wool cardigan, size S",Apparel,1,66.31,3.99,4.64,6.63,0.00,66.31,upright_replica,true,one row per paid order,2026-09-06,America/Indiana/Indianapolis,USD
UP-20260906-0107,2026-09-06T20:00:00+00:00,DEMO-ITEM-20260906-0107,GW-011,eBay,DEMO-UPRIGHT-0018,Framed landscape print,Art,1,68.42,4.99,4.78,6.84,0.00,68.42,upright_replica,true,one row per paid order,2026-09-06,America/Indiana/Indianapolis,USD
UP-20260906-0108,2026-09-06T21:00:00+00:00,DEMO-ITEM-20260906-0108,GW-012,Goodwillfinds,DEMO-UPRIGHT-0019,Silver-tone necklace,Jewelry,1,70.53,5.99,4.93,7.05,0.00,70.53,upright_replica,true,one row per paid order,2026-09-06,America/Indiana/Indianapolis,USD
UP-20260906-0109,2026-09-06T18:00:00+00:00,DEMO-ITEM-20260906-0109,GW-013,Shopgoodwill,DEMO-UPRIGHT-0020,Vintage ceramic vase,Home,1,72.64,6.99,5.08,7.26,0.00,72.64,upright_replica,true,one row per paid order,2026-09-06,America/Indiana/Indianapolis,USD
UP-20260906-0110,2026-09-06T19:00:00+00:00,DEMO-ITEM-20260906-0110,GW-014,eBay,DEMO-UPRIGHT-0021,"Wool cardigan, size S",Apparel,1,74.75,7.99,5.23,7.47,0.00,74.75,upright_replica,true,one row per paid order,2026-09-06,America/Indiana/Indianapolis,USD
UP-20260906-0111,2026-09-06T20:00:00+00:00,DEMO-ITEM-20260906-0111,GW-015,Goodwillfinds,DEMO-UPRIGHT-0022,Framed landscape print,Art,1,76.86,3.99,5.38,7.68,0.00,76.86,upright_replica,true,one row per paid order,2026-09-06,America/Indiana/Indianapolis,USD
UP-20260906-0112,2026-09-06T21:00:00+00:00,DEMO-ITEM-20260906-0112,GW-016,Shopgoodwill,DEMO-UPRIGHT-0023,Silver-tone necklace,Jewelry,1,78.97,4.99,5.52,7.89,0.00,78.97,upright_replica,true,one row per paid order,2026-09-06,America/Indiana/Indianapolis,USD
UP-20260906-0113,2026-09-06T18:00:00+00:00,DEMO-ITEM-20260906-0113,GW-017,eBay,DEMO-UPRIGHT-0024,Vintage ceramic vase,Home,1,81.08,5.99,5.67,8.10,0.00,81.08,upright_replica,true,one row per paid order,2026-09-06,America/Indiana/Indianapolis,USD
UP-20260906-0114,2026-09-06T19:00:00+00:00,DEMO-ITEM-20260906-0114,GW-018,Goodwillfinds,DEMO-UPRIGHT-0025,"Wool cardigan, size S",Apparel,1,83.19,6.99,5.82,8.31,0.00,83.19,upright_replica,true,one row per paid order,2026-09-06,America/Indiana/Indianapolis,USD
UP-20260906-0115,2026-09-06T20:00:00+00:00,DEMO-ITEM-20260906-0115,GW-019,Shopgoodwill,DEMO-UPRIGHT-0026,Framed landscape print,Art,1,85.30,7.99,5.97,8.53,0.00,85.30,upright_replica,true,one row per paid order,2026-09-06,America/Indiana/Indianapolis,USD
UP-20260906-0116,2026-09-06T21:00:00+00:00,DEMO-ITEM-20260906-0116,GW-020,eBay,DEMO-UPRIGHT-0027,Silver-tone necklace,Jewelry,1,87.41,3.99,6.11,8.74,0.00,87.41,upright_replica,true,one row per paid order,2026-09-06,America/Indiana/Indianapolis,USD
UP-20260906-0117,2026-09-06T18:00:00+00:00,DEMO-ITEM-20260906-0117,GW-021,Goodwillfinds,DEMO-UPRIGHT-0028,Vintage ceramic vase,Home,1,89.52,4.99,6.26,8.95,0.00,89.52,upright_replica,true,one row per paid order,2026-09-06,America/Indiana/Indianapolis,USD
UP-20260906-0118,2026-09-06T19:00:00+00:00,DEMO-ITEM-20260906-0118,GW-022,Shopgoodwill,DEMO-UPRIGHT-0029,"Wool cardigan, size S",Apparel,1,91.63,5.99,6.41,9.16,0.00,91.63,upright_replica,true,one row per paid order,2026-09-06,America/Indiana/Indianapolis,USD
UP-20260906-0119,2026-09-06T20:00:00+00:00,DEMO-ITEM-20260906-0119,GW-023,eBay,DEMO-UPRIGHT-0030,Framed landscape print,Art,1,93.74,6.99,6.56,9.37,0.00,93.74,upright_replica,true,one row per paid order,2026-09-06,America/Indiana/Indianapolis,USD
UP-20260906-0120,2026-09-06T21:00:00+00:00,DEMO-ITEM-20260906-0120,GW-024,Goodwillfinds,DEMO-UPRIGHT-0031,Silver-tone necklace,Jewelry,1,95.85,7.99,6.70,9.58,47.92,47.93,upright_replica,true,one row per paid order,2026-09-06,America/Indiana/Indianapolis,USD
UP-20260906-0121,2026-09-06T18:00:00+00:00,DEMO-ITEM-20260906-0121,GW-001,Shopgoodwill,DEMO-UPRIGHT-0032,Vintage ceramic vase,Home,1,97.96,3.99,6.85,9.79,0.00,97.96,upright_replica,true,one row per paid order,2026-09-06,America/Indiana/Indianapolis,USD
UP-20260906-0122,2026-09-06T19:00:00+00:00,DEMO-ITEM-20260906-0122,GW-002,eBay,DEMO-UPRIGHT-0033,"Wool cardigan, size S",Apparel,1,15.07,4.99,1.05,1.50,0.00,15.07,upright_replica,true,one row per paid order,2026-09-06,America/Indiana/Indianapolis,USD
UP-20260906-0123,2026-09-06T20:00:00+00:00,DEMO-ITEM-20260906-0123,GW-003,Goodwillfinds,DEMO-UPRIGHT-0034,Framed landscape print,Art,1,17.18,5.99,1.20,1.71,0.00,17.18,upright_replica,true,one row per paid order,2026-09-06,America/Indiana/Indianapolis,USD
UP-20260906-0124,2026-09-06T21:00:00+00:00,DEMO-ITEM-20260906-0124,GW-004,Shopgoodwill,DEMO-UPRIGHT-0035,Silver-tone necklace,Jewelry,1,19.29,6.99,1.35,1.92,0.00,19.29,upright_replica,true,one row per paid order,2026-09-06,America/Indiana/Indianapolis,USD
UP-20260906-0125,2026-09-06T18:00:00+00:00,DEMO-ITEM-20260906-0125,GW-005,eBay,DEMO-UPRIGHT-0036,Vintage ceramic vase,Home,1,21.40,7.99,1.49,2.14,0.00,21.40,upright_replica,true,one row per paid order,2026-09-06,America/Indiana/Indianapolis,USD
UP-20260906-0126,2026-09-06T19:00:00+00:00,DEMO-ITEM-20260906-0126,GW-006,Goodwillfinds,DEMO-UPRIGHT-0037,"Wool cardigan, size S",Apparel,1,23.51,3.99,1.64,2.35,0.00,23.51,upright_replica,true,one row per paid order,2026-09-06,America/Indiana/Indianapolis,USD
UP-20260906-0127,2026-09-06T20:00:00+00:00,DEMO-ITEM-20260906-0127,GW-007,Shopgoodwill,DEMO-UPRIGHT-0038,Framed landscape print,Art,1,25.62,4.99,1.79,2.56,0.00,25.62,upright_replica,true,one row per paid order,2026-09-06,America/Indiana/Indianapolis,USD
UP-20260906-0128,2026-09-06T21:00:00+00:00,DEMO-ITEM-20260906-0128,GW-008,eBay,DEMO-UPRIGHT-0039,Silver-tone necklace,Jewelry,1,27.73,5.99,1.94,2.77,0.00,27.73,upright_replica,true,one row per paid order,2026-09-06,America/Indiana/Indianapolis,USD
UP-20260907-0001,2026-09-07T18:00:00+00:00,DEMO-ITEM-20260907-0001,GW-001,Shopgoodwill,DEMO-UPRIGHT-0001,Vintage ceramic vase,Home,1,16.13,3.99,1.12,1.61,8.06,8.07,upright_replica,true,one row per paid order,2026-09-07,America/Indiana/Indianapolis,USD
UP-20260907-0002,2026-09-07T19:00:00+00:00,DEMO-ITEM-20260907-0002,GW-002,eBay,DEMO-UPRIGHT-0002,"Wool cardigan, size S",Apparel,1,18.24,4.99,1.27,1.82,0.00,18.24,upright_replica,true,one row per paid order,2026-09-07,America/Indiana/Indianapolis,USD
UP-20260907-0003,2026-09-07T20:00:00+00:00,DEMO-ITEM-20260907-0003,GW-003,Goodwillfinds,DEMO-UPRIGHT-0003,Framed landscape print,Art,1,20.35,5.99,1.42,2.03,0.00,20.35,upright_replica,true,one row per paid order,2026-09-07,America/Indiana/Indianapolis,USD
UP-20260907-0004,2026-09-07T21:00:00+00:00,DEMO-ITEM-20260907-0004,GW-004,Shopgoodwill,DEMO-UPRIGHT-0004,Silver-tone necklace,Jewelry,1,22.46,6.99,1.57,2.24,0.00,22.46,upright_replica,true,one row per paid order,2026-09-07,America/Indiana/Indianapolis,USD
UP-20260907-0005,2026-09-07T18:00:00+00:00,DEMO-ITEM-20260907-0005,GW-005,eBay,DEMO-UPRIGHT-0005,Vintage ceramic vase,Home,1,24.57,7.99,1.71,2.45,0.00,24.57,upright_replica,true,one row per paid order,2026-09-07,America/Indiana/Indianapolis,USD
UP-20260907-0006,2026-09-07T19:00:00+00:00,DEMO-ITEM-20260907-0006,GW-006,Goodwillfinds,DEMO-UPRIGHT-0006,"Wool cardigan, size S",Apparel,1,26.68,3.99,1.86,2.66,0.00,26.68,upright_replica,true,one row per paid order,2026-09-07,America/Indiana/Indianapolis,USD
UP-20260907-0007,2026-09-07T20:00:00+00:00,DEMO-ITEM-20260907-0007,GW-007,Shopgoodwill,DEMO-UPRIGHT-0007,Framed landscape print,Art,1,28.79,4.99,2.01,2.87,0.00,28.79,upright_replica,true,one row per paid order,2026-09-07,America/Indiana/Indianapolis,USD
UP-20260907-0008,2026-09-07T21:00:00+00:00,DEMO-ITEM-20260907-0008,GW-008,eBay,DEMO-UPRIGHT-0008,Silver-tone necklace,Jewelry,1,30.90,5.99,2.16,3.09,0.00,30.90,upright_replica,true,one row per paid order,2026-09-07,America/Indiana/Indianapolis,USD
UP-20260907-0009,2026-09-07T18:00:00+00:00,DEMO-ITEM-20260907-0009,GW-009,Goodwillfinds,DEMO-UPRIGHT-0009,Vintage ceramic vase,Home,1,33.01,6.99,2.31,3.30,0.00,33.01,upright_replica,true,one row per paid order,2026-09-07,America/Indiana/Indianapolis,USD
UP-20260907-0010,2026-09-07T19:00:00+00:00,DEMO-ITEM-20260907-0010,GW-010,Shopgoodwill,DEMO-UPRIGHT-0010,"Wool cardigan, size S",Apparel,1,35.12,7.99,2.45,3.51,0.00,35.12,upright_replica,true,one row per paid order,2026-09-07,America/Indiana/Indianapolis,USD
UP-20260907-0011,2026-09-07T20:00:00+00:00,DEMO-ITEM-20260907-0011,GW-011,eBay,DEMO-UPRIGHT-0011,Framed landscape print,Art,1,37.23,3.99,2.60,3.72,0.00,37.23,upright_replica,true,one row per paid order,2026-09-07,America/Indiana/Indianapolis,USD
UP-20260907-0012,2026-09-07T21:00:00+00:00,DEMO-ITEM-20260907-0012,GW-012,Goodwillfinds,DEMO-UPRIGHT-0012,Silver-tone necklace,Jewelry,1,39.34,4.99,2.75,3.93,0.00,39.34,upright_replica,true,one row per paid order,2026-09-07,America/Indiana/Indianapolis,USD
UP-20260907-0013,2026-09-07T18:00:00+00:00,DEMO-ITEM-20260907-0013,GW-013,Shopgoodwill,DEMO-UPRIGHT-0013,Vintage ceramic vase,Home,1,41.45,5.99,2.90,4.14,0.00,41.45,upright_replica,true,one row per paid order,2026-09-07,America/Indiana/Indianapolis,USD
UP-20260907-0014,2026-09-07T19:00:00+00:00,DEMO-ITEM-20260907-0014,GW-014,eBay,DEMO-UPRIGHT-0014,"Wool cardigan, size S",Apparel,1,43.56,6.99,3.04,4.35,0.00,43.56,upright_replica,true,one row per paid order,2026-09-07,America/Indiana/Indianapolis,USD
UP-20260907-0015,2026-09-07T20:00:00+00:00,DEMO-ITEM-20260907-0015,GW-015,Goodwillfinds,DEMO-UPRIGHT-0015,Framed landscape print,Art,1,45.67,7.99,3.19,4.56,0.00,45.67,upright_replica,true,one row per paid order,2026-09-07,America/Indiana/Indianapolis,USD
UP-20260907-0016,2026-09-07T21:00:00+00:00,DEMO-ITEM-20260907-0016,GW-016,Shopgoodwill,DEMO-UPRIGHT-0016,Silver-tone necklace,Jewelry,1,47.78,3.99,3.34,4.77,0.00,47.78,upright_replica,true,one row per paid order,2026-09-07,America/Indiana/Indianapolis,USD
UP-20260907-0017,2026-09-07T18:00:00+00:00,DEMO-ITEM-20260907-0017,GW-017,eBay,DEMO-UPRIGHT-0017,Vintage ceramic vase,Home,1,49.89,4.99,3.49,4.98,0.00,49.89,upright_replica,true,one row per paid order,2026-09-07,America/Indiana/Indianapolis,USD
UP-20260907-0018,2026-09-07T19:00:00+00:00,DEMO-ITEM-20260907-0018,GW-018,Goodwillfinds,DEMO-UPRIGHT-0018,"Wool cardigan, size S",Apparel,1,52.00,5.99,3.64,5.20,26.00,26.00,upright_replica,true,one row per paid order,2026-09-07,America/Indiana/Indianapolis,USD
UP-20260907-0019,2026-09-07T20:00:00+00:00,DEMO-ITEM-20260907-0019,GW-019,Shopgoodwill,DEMO-UPRIGHT-0019,Framed landscape print,Art,1,54.11,6.99,3.78,5.41,0.00,54.11,upright_replica,true,one row per paid order,2026-09-07,America/Indiana/Indianapolis,USD
UP-20260907-0020,2026-09-07T21:00:00+00:00,DEMO-ITEM-20260907-0020,GW-020,eBay,DEMO-UPRIGHT-0020,Silver-tone necklace,Jewelry,1,56.22,7.99,3.93,5.62,0.00,56.22,upright_replica,true,one row per paid order,2026-09-07,America/Indiana/Indianapolis,USD
UP-20260907-0021,2026-09-07T18:00:00+00:00,DEMO-ITEM-20260907-0021,GW-021,Goodwillfinds,DEMO-UPRIGHT-0021,Vintage ceramic vase,Home,1,58.33,3.99,4.08,5.83,0.00,58.33,upright_replica,true,one row per paid order,2026-09-07,America/Indiana/Indianapolis,USD
UP-20260907-0022,2026-09-07T19:00:00+00:00,DEMO-ITEM-20260907-0022,GW-022,Shopgoodwill,DEMO-UPRIGHT-0022,"Wool cardigan, size S",Apparel,1,60.44,4.99,4.23,6.04,0.00,60.44,upright_replica,true,one row per paid order,2026-09-07,America/Indiana/Indianapolis,USD
UP-20260907-0023,2026-09-07T20:00:00+00:00,DEMO-ITEM-20260907-0023,GW-023,eBay,DEMO-UPRIGHT-0023,Framed landscape print,Art,1,62.55,5.99,4.37,6.25,0.00,62.55,upright_replica,true,one row per paid order,2026-09-07,America/Indiana/Indianapolis,USD
UP-20260907-0024,2026-09-07T21:00:00+00:00,DEMO-ITEM-20260907-0024,GW-024,Goodwillfinds,DEMO-UPRIGHT-0024,Silver-tone necklace,Jewelry,1,64.66,6.99,4.52,6.46,0.00,64.66,upright_replica,true,one row per paid order,2026-09-07,America/Indiana/Indianapolis,USD
UP-20260907-0025,2026-09-07T18:00:00+00:00,DEMO-ITEM-20260907-0025,GW-001,Shopgoodwill,DEMO-UPRIGHT-0025,Vintage ceramic vase,Home,1,66.77,7.99,4.67,6.67,0.00,66.77,upright_replica,true,one row per paid order,2026-09-07,America/Indiana/Indianapolis,USD
UP-20260907-0026,2026-09-07T19:00:00+00:00,DEMO-ITEM-20260907-0026,GW-002,eBay,DEMO-UPRIGHT-0026,"Wool cardigan, size S",Apparel,1,68.88,3.99,4.82,6.88,0.00,68.88,upright_replica,true,one row per paid order,2026-09-07,America/Indiana/Indianapolis,USD
UP-20260907-0027,2026-09-07T20:00:00+00:00,DEMO-ITEM-20260907-0027,GW-003,Goodwillfinds,DEMO-UPRIGHT-0027,Framed landscape print,Art,1,70.99,4.99,4.96,7.09,0.00,70.99,upright_replica,true,one row per paid order,2026-09-07,America/Indiana/Indianapolis,USD
UP-20260907-0028,2026-09-07T21:00:00+00:00,DEMO-ITEM-20260907-0028,GW-004,Shopgoodwill,DEMO-UPRIGHT-0028,Silver-tone necklace,Jewelry,1,73.10,5.99,5.11,7.31,0.00,73.10,upright_replica,true,one row per paid order,2026-09-07,America/Indiana/Indianapolis,USD
UP-20260907-0029,2026-09-07T18:00:00+00:00,DEMO-ITEM-20260907-0029,GW-005,eBay,DEMO-UPRIGHT-0029,Vintage ceramic vase,Home,1,75.21,6.99,5.26,7.52,0.00,75.21,upright_replica,true,one row per paid order,2026-09-07,America/Indiana/Indianapolis,USD
UP-20260907-0030,2026-09-07T19:00:00+00:00,DEMO-ITEM-20260907-0030,GW-006,Goodwillfinds,DEMO-UPRIGHT-0030,"Wool cardigan, size S",Apparel,1,77.32,7.99,5.41,7.73,0.00,77.32,upright_replica,true,one row per paid order,2026-09-07,America/Indiana/Indianapolis,USD
UP-20260907-0031,2026-09-07T20:00:00+00:00,DEMO-ITEM-20260907-0031,GW-007,Shopgoodwill,DEMO-UPRIGHT-0031,Framed landscape print,Art,1,79.43,3.99,5.56,7.94,0.00,79.43,upright_replica,true,one row per paid order,2026-09-07,America/Indiana/Indianapolis,USD
UP-20260907-0032,2026-09-07T21:00:00+00:00,DEMO-ITEM-20260907-0032,GW-008,eBay,DEMO-UPRIGHT-0032,Silver-tone necklace,Jewelry,1,81.54,4.99,5.70,8.15,0.00,81.54,upright_replica,true,one row per paid order,2026-09-07,America/Indiana/Indianapolis,USD
UP-20260907-0033,2026-09-07T18:00:00+00:00,DEMO-ITEM-20260907-0033,GW-009,Goodwillfinds,DEMO-UPRIGHT-0033,Vintage ceramic vase,Home,1,83.65,5.99,5.85,8.36,0.00,83.65,upright_replica,true,one row per paid order,2026-09-07,America/Indiana/Indianapolis,USD
UP-20260907-0034,2026-09-07T19:00:00+00:00,DEMO-ITEM-20260907-0034,GW-010,Shopgoodwill,DEMO-UPRIGHT-0034,"Wool cardigan, size S",Apparel,1,85.76,6.99,6.00,8.57,0.00,85.76,upright_replica,true,one row per paid order,2026-09-07,America/Indiana/Indianapolis,USD
UP-20260907-0035,2026-09-07T20:00:00+00:00,DEMO-ITEM-20260907-0035,GW-011,eBay,DEMO-UPRIGHT-0035,Framed landscape print,Art,1,87.87,7.99,6.15,8.78,43.93,43.94,upright_replica,true,one row per paid order,2026-09-07,America/Indiana/Indianapolis,USD
UP-20260907-0036,2026-09-07T21:00:00+00:00,DEMO-ITEM-20260907-0036,GW-012,Goodwillfinds,DEMO-UPRIGHT-0036,Silver-tone necklace,Jewelry,1,89.98,3.99,6.29,8.99,0.00,89.98,upright_replica,true,one row per paid order,2026-09-07,America/Indiana/Indianapolis,USD
UP-20260907-0037,2026-09-07T18:00:00+00:00,DEMO-ITEM-20260907-0037,GW-013,Shopgoodwill,DEMO-UPRIGHT-0037,Vintage ceramic vase,Home,1,92.09,4.99,6.44,9.20,0.00,92.09,upright_replica,true,one row per paid order,2026-09-07,America/Indiana/Indianapolis,USD
UP-20260907-0038,2026-09-07T19:00:00+00:00,DEMO-ITEM-20260907-0038,GW-014,eBay,DEMO-UPRIGHT-0038,"Wool cardigan, size S",Apparel,1,94.20,5.99,6.59,9.42,0.00,94.20,upright_replica,true,one row per paid order,2026-09-07,America/Indiana/Indianapolis,USD
UP-20260907-0039,2026-09-07T20:00:00+00:00,DEMO-ITEM-20260907-0039,GW-015,Goodwillfinds,DEMO-UPRIGHT-0039,Framed landscape print,Art,1,96.31,6.99,6.74,9.63,0.00,96.31,upright_replica,true,one row per paid order,2026-09-07,America/Indiana/Indianapolis,USD
UP-20260907-0040,2026-09-07T21:00:00+00:00,DEMO-ITEM-20260907-0040,GW-016,Shopgoodwill,DEMO-UPRIGHT-0040,Silver-tone necklace,Jewelry,1,98.42,7.99,6.88,9.84,0.00,98.42,upright_replica,true,one row per paid order,2026-09-07,America/Indiana/Indianapolis,USD
UP-20260907-0041,2026-09-07T18:00:00+00:00,DEMO-ITEM-20260907-0041,GW-017,eBay,DEMO-UPRIGHT-0041,Vintage ceramic vase,Home,1,15.53,3.99,1.08,1.55,0.00,15.53,upright_replica,true,one row per paid order,2026-09-07,America/Indiana/Indianapolis,USD
UP-20260907-0042,2026-09-07T19:00:00+00:00,DEMO-ITEM-20260907-0042,GW-018,Goodwillfinds,DEMO-UPRIGHT-0042,"Wool cardigan, size S",Apparel,1,17.64,4.99,1.23,1.76,0.00,17.64,upright_replica,true,one row per paid order,2026-09-07,America/Indiana/Indianapolis,USD
UP-20260907-0043,2026-09-07T20:00:00+00:00,DEMO-ITEM-20260907-0043,GW-019,Shopgoodwill,DEMO-UPRIGHT-0043,Framed landscape print,Art,1,19.75,5.99,1.38,1.97,0.00,19.75,upright_replica,true,one row per paid order,2026-09-07,America/Indiana/Indianapolis,USD
UP-20260907-0044,2026-09-07T21:00:00+00:00,DEMO-ITEM-20260907-0044,GW-020,eBay,DEMO-UPRIGHT-0044,Silver-tone necklace,Jewelry,1,21.86,6.99,1.53,2.18,0.00,21.86,upright_replica,true,one row per paid order,2026-09-07,America/Indiana/Indianapolis,USD
UP-20260907-0045,2026-09-07T18:00:00+00:00,DEMO-ITEM-20260907-0045,GW-021,Goodwillfinds,DEMO-UPRIGHT-0045,Vintage ceramic vase,Home,1,23.97,7.99,1.67,2.39,0.00,23.97,upright_replica,true,one row per paid order,2026-09-07,America/Indiana/Indianapolis,USD
UP-20260907-0046,2026-09-07T19:00:00+00:00,DEMO-ITEM-20260907-0046,GW-022,Shopgoodwill,DEMO-UPRIGHT-0046,"Wool cardigan, size S",Apparel,1,26.08,3.99,1.82,2.60,0.00,26.08,upright_replica,true,one row per paid order,2026-09-07,America/Indiana/Indianapolis,USD
UP-20260907-0047,2026-09-07T20:00:00+00:00,DEMO-ITEM-20260907-0047,GW-023,eBay,DEMO-UPRIGHT-0047,Framed landscape print,Art,1,28.19,4.99,1.97,2.81,0.00,28.19,upright_replica,true,one row per paid order,2026-09-07,America/Indiana/Indianapolis,USD
UP-20260907-0048,2026-09-07T21:00:00+00:00,DEMO-ITEM-20260907-0048,GW-024,Goodwillfinds,DEMO-UPRIGHT-0048,Silver-tone necklace,Jewelry,1,30.30,5.99,2.12,3.03,0.00,30.30,upright_replica,true,one row per paid order,2026-09-07,America/Indiana/Indianapolis,USD
UP-20260907-0049,2026-09-07T18:00:00+00:00,DEMO-ITEM-20260907-0049,GW-001,Shopgoodwill,DEMO-UPRIGHT-0049,Vintage ceramic vase,Home,1,32.41,6.99,2.26,3.24,0.00,32.41,upright_replica,true,one row per paid order,2026-09-07,America/Indiana/Indianapolis,USD
UP-20260907-0050,2026-09-07T19:00:00+00:00,DEMO-ITEM-20260907-0050,GW-002,eBay,DEMO-UPRIGHT-0050,"Wool cardigan, size S",Apparel,1,34.52,7.99,2.41,3.45,0.00,34.52,upright_replica,true,one row per paid order,2026-09-07,America/Indiana/Indianapolis,USD
UP-20260907-0051,2026-09-07T20:00:00+00:00,DEMO-ITEM-20260907-0051,GW-003,Goodwillfinds,DEMO-UPRIGHT-0051,Framed landscape print,Art,1,36.63,3.99,2.56,3.66,0.00,36.63,upright_replica,true,one row per paid order,2026-09-07,America/Indiana/Indianapolis,USD
UP-20260907-0052,2026-09-07T21:00:00+00:00,DEMO-ITEM-20260907-0052,GW-004,Shopgoodwill,DEMO-UPRIGHT-0052,Silver-tone necklace,Jewelry,1,38.74,4.99,2.71,3.87,19.37,19.37,upright_replica,true,one row per paid order,2026-09-07,America/Indiana/Indianapolis,USD
UP-20260907-0053,2026-09-07T18:00:00+00:00,DEMO-ITEM-20260907-0053,GW-005,eBay,DEMO-UPRIGHT-0053,Vintage ceramic vase,Home,1,40.85,5.99,2.85,4.08,0.00,40.85,upright_replica,true,one row per paid order,2026-09-07,America/Indiana/Indianapolis,USD
UP-20260907-0054,2026-09-07T19:00:00+00:00,DEMO-ITEM-20260907-0054,GW-006,Goodwillfinds,DEMO-UPRIGHT-0054,"Wool cardigan, size S",Apparel,1,42.96,6.99,3.00,4.29,0.00,42.96,upright_replica,true,one row per paid order,2026-09-07,America/Indiana/Indianapolis,USD
UP-20260907-0055,2026-09-07T20:00:00+00:00,DEMO-ITEM-20260907-0055,GW-007,Shopgoodwill,DEMO-UPRIGHT-0055,Framed landscape print,Art,1,45.07,7.99,3.15,4.50,0.00,45.07,upright_replica,true,one row per paid order,2026-09-07,America/Indiana/Indianapolis,USD
UP-20260907-0056,2026-09-07T21:00:00+00:00,DEMO-ITEM-20260907-0056,GW-008,eBay,DEMO-UPRIGHT-0056,Silver-tone necklace,Jewelry,1,47.18,3.99,3.30,4.71,0.00,47.18,upright_replica,true,one row per paid order,2026-09-07,America/Indiana/Indianapolis,USD
UP-20260907-0057,2026-09-07T18:00:00+00:00,DEMO-ITEM-20260907-0057,GW-009,Goodwillfinds,DEMO-UPRIGHT-0057,Vintage ceramic vase,Home,1,49.29,4.99,3.45,4.92,0.00,49.29,upright_replica,true,one row per paid order,2026-09-07,America/Indiana/Indianapolis,USD
UP-20260907-0058,2026-09-07T19:00:00+00:00,DEMO-ITEM-20260907-0058,GW-010,Shopgoodwill,DEMO-UPRIGHT-0058,"Wool cardigan, size S",Apparel,1,51.40,5.99,3.59,5.14,0.00,51.40,upright_replica,true,one row per paid order,2026-09-07,America/Indiana/Indianapolis,USD
UP-20260907-0059,2026-09-07T20:00:00+00:00,DEMO-ITEM-20260907-0059,GW-011,eBay,DEMO-UPRIGHT-0059,Framed landscape print,Art,1,53.51,6.99,3.74,5.35,0.00,53.51,upright_replica,true,one row per paid order,2026-09-07,America/Indiana/Indianapolis,USD
UP-20260907-0060,2026-09-07T21:00:00+00:00,DEMO-ITEM-20260907-0060,GW-012,Goodwillfinds,DEMO-UPRIGHT-0060,Silver-tone necklace,Jewelry,1,55.62,7.99,3.89,5.56,0.00,55.62,upright_replica,true,one row per paid order,2026-09-07,America/Indiana/Indianapolis,USD
UP-20260907-0061,2026-09-07T18:00:00+00:00,DEMO-ITEM-20260907-0061,GW-013,Shopgoodwill,DEMO-UPRIGHT-0061,Vintage ceramic vase,Home,1,57.73,3.99,4.04,5.77,0.00,57.73,upright_replica,true,one row per paid order,2026-09-07,America/Indiana/Indianapolis,USD
UP-20260907-0062,2026-09-07T19:00:00+00:00,DEMO-ITEM-20260907-0062,GW-014,eBay,DEMO-UPRIGHT-0062,"Wool cardigan, size S",Apparel,1,59.84,4.99,4.18,5.98,0.00,59.84,upright_replica,true,one row per paid order,2026-09-07,America/Indiana/Indianapolis,USD
UP-20260907-0063,2026-09-07T20:00:00+00:00,DEMO-ITEM-20260907-0063,GW-015,Goodwillfinds,DEMO-UPRIGHT-0063,Framed landscape print,Art,1,61.95,5.99,4.33,6.19,0.00,61.95,upright_replica,true,one row per paid order,2026-09-07,America/Indiana/Indianapolis,USD
UP-20260907-0064,2026-09-07T21:00:00+00:00,DEMO-ITEM-20260907-0064,GW-016,Shopgoodwill,DEMO-UPRIGHT-0064,Silver-tone necklace,Jewelry,1,64.06,6.99,4.48,6.40,0.00,64.06,upright_replica,true,one row per paid order,2026-09-07,America/Indiana/Indianapolis,USD
UP-20260907-0065,2026-09-07T18:00:00+00:00,DEMO-ITEM-20260907-0065,GW-017,eBay,DEMO-UPRIGHT-0065,Vintage ceramic vase,Home,1,66.17,7.99,4.63,6.61,0.00,66.17,upright_replica,true,one row per paid order,2026-09-07,America/Indiana/Indianapolis,USD
UP-20260907-0066,2026-09-07T19:00:00+00:00,DEMO-ITEM-20260907-0066,GW-018,Goodwillfinds,DEMO-UPRIGHT-0066,"Wool cardigan, size S",Apparel,1,68.28,3.99,4.77,6.82,0.00,68.28,upright_replica,true,one row per paid order,2026-09-07,America/Indiana/Indianapolis,USD
UP-20260907-0067,2026-09-07T20:00:00+00:00,DEMO-ITEM-20260907-0067,GW-019,Shopgoodwill,DEMO-UPRIGHT-0067,Framed landscape print,Art,1,70.39,4.99,4.92,7.03,0.00,70.39,upright_replica,true,one row per paid order,2026-09-07,America/Indiana/Indianapolis,USD
UP-20260907-0068,2026-09-07T21:00:00+00:00,DEMO-ITEM-20260907-0068,GW-020,eBay,DEMO-UPRIGHT-0068,Silver-tone necklace,Jewelry,1,72.50,5.99,5.07,7.25,0.00,72.50,upright_replica,true,one row per paid order,2026-09-07,America/Indiana/Indianapolis,USD
UP-20260907-0069,2026-09-07T18:00:00+00:00,DEMO-ITEM-20260907-0069,GW-021,Goodwillfinds,DEMO-UPRIGHT-0069,Vintage ceramic vase,Home,1,74.61,6.99,5.22,7.46,37.30,37.31,upright_replica,true,one row per paid order,2026-09-07,America/Indiana/Indianapolis,USD
UP-20260907-0070,2026-09-07T19:00:00+00:00,DEMO-ITEM-20260907-0070,GW-022,Shopgoodwill,DEMO-UPRIGHT-0070,"Wool cardigan, size S",Apparel,1,76.72,7.99,5.37,7.67,0.00,76.72,upright_replica,true,one row per paid order,2026-09-07,America/Indiana/Indianapolis,USD
UP-20260907-0071,2026-09-07T20:00:00+00:00,DEMO-ITEM-20260907-0071,GW-023,eBay,DEMO-UPRIGHT-0071,Framed landscape print,Art,1,78.83,3.99,5.51,7.88,0.00,78.83,upright_replica,true,one row per paid order,2026-09-07,America/Indiana/Indianapolis,USD
UP-20260907-0072,2026-09-07T21:00:00+00:00,DEMO-ITEM-20260907-0072,GW-024,Goodwillfinds,DEMO-UPRIGHT-0072,Silver-tone necklace,Jewelry,1,80.94,4.99,5.66,8.09,0.00,80.94,upright_replica,true,one row per paid order,2026-09-07,America/Indiana/Indianapolis,USD
UP-20260907-0073,2026-09-07T18:00:00+00:00,DEMO-ITEM-20260907-0073,GW-001,Shopgoodwill,DEMO-UPRIGHT-0073,Vintage ceramic vase,Home,1,83.05,5.99,5.81,8.30,0.00,83.05,upright_replica,true,one row per paid order,2026-09-07,America/Indiana/Indianapolis,USD
UP-20260907-0074,2026-09-07T19:00:00+00:00,DEMO-ITEM-20260907-0074,GW-002,eBay,DEMO-UPRIGHT-0074,"Wool cardigan, size S",Apparel,1,85.16,6.99,5.96,8.51,0.00,85.16,upright_replica,true,one row per paid order,2026-09-07,America/Indiana/Indianapolis,USD
UP-20260907-0075,2026-09-07T20:00:00+00:00,DEMO-ITEM-20260907-0075,GW-003,Goodwillfinds,DEMO-UPRIGHT-0075,Framed landscape print,Art,1,87.27,7.99,6.10,8.72,0.00,87.27,upright_replica,true,one row per paid order,2026-09-07,America/Indiana/Indianapolis,USD
UP-20260907-0076,2026-09-07T21:00:00+00:00,DEMO-ITEM-20260907-0076,GW-004,Shopgoodwill,DEMO-UPRIGHT-0076,Silver-tone necklace,Jewelry,1,89.38,3.99,6.25,8.93,0.00,89.38,upright_replica,true,one row per paid order,2026-09-07,America/Indiana/Indianapolis,USD
UP-20260907-0077,2026-09-07T18:00:00+00:00,DEMO-ITEM-20260907-0077,GW-005,eBay,DEMO-UPRIGHT-0077,Vintage ceramic vase,Home,1,91.49,4.99,6.40,9.14,0.00,91.49,upright_replica,true,one row per paid order,2026-09-07,America/Indiana/Indianapolis,USD
UP-20260907-0078,2026-09-07T19:00:00+00:00,DEMO-ITEM-20260907-0078,GW-006,Goodwillfinds,DEMO-UPRIGHT-0078,"Wool cardigan, size S",Apparel,1,93.60,5.99,6.55,9.36,0.00,93.60,upright_replica,true,one row per paid order,2026-09-07,America/Indiana/Indianapolis,USD
UP-20260907-0079,2026-09-07T20:00:00+00:00,DEMO-ITEM-20260907-0079,GW-007,Shopgoodwill,DEMO-UPRIGHT-0079,Framed landscape print,Art,1,95.71,6.99,6.69,9.57,0.00,95.71,upright_replica,true,one row per paid order,2026-09-07,America/Indiana/Indianapolis,USD
UP-20260907-0080,2026-09-07T21:00:00+00:00,DEMO-ITEM-20260907-0080,GW-008,eBay,DEMO-UPRIGHT-0080,Silver-tone necklace,Jewelry,1,97.82,7.99,6.84,9.78,0.00,97.82,upright_replica,true,one row per paid order,2026-09-07,America/Indiana/Indianapolis,USD
UP-20260907-0081,2026-09-07T18:00:00+00:00,DEMO-ITEM-20260907-0081,GW-009,Goodwillfinds,DEMO-UPRIGHT-0081,Vintage ceramic vase,Home,1,99.93,3.99,6.99,9.99,0.00,99.93,upright_replica,true,one row per paid order,2026-09-07,America/Indiana/Indianapolis,USD
UP-20260907-0082,2026-09-07T19:00:00+00:00,DEMO-ITEM-20260907-0082,GW-010,Shopgoodwill,DEMO-UPRIGHT-0082,"Wool cardigan, size S",Apparel,1,17.04,4.99,1.19,1.70,0.00,17.04,upright_replica,true,one row per paid order,2026-09-07,America/Indiana/Indianapolis,USD
UP-20260907-0083,2026-09-07T20:00:00+00:00,DEMO-ITEM-20260907-0083,GW-011,eBay,DEMO-UPRIGHT-0083,Framed landscape print,Art,1,19.15,5.99,1.34,1.91,0.00,19.15,upright_replica,true,one row per paid order,2026-09-07,America/Indiana/Indianapolis,USD
UP-20260907-0084,2026-09-07T21:00:00+00:00,DEMO-ITEM-20260907-0084,GW-012,Goodwillfinds,DEMO-UPRIGHT-0084,Silver-tone necklace,Jewelry,1,21.26,6.99,1.48,2.12,0.00,21.26,upright_replica,true,one row per paid order,2026-09-07,America/Indiana/Indianapolis,USD
UP-20260907-0085,2026-09-07T18:00:00+00:00,DEMO-ITEM-20260907-0085,GW-013,Shopgoodwill,DEMO-UPRIGHT-0085,Vintage ceramic vase,Home,1,23.37,7.99,1.63,2.33,0.00,23.37,upright_replica,true,one row per paid order,2026-09-07,America/Indiana/Indianapolis,USD
UP-20260907-0086,2026-09-07T19:00:00+00:00,DEMO-ITEM-20260907-0086,GW-014,eBay,DEMO-UPRIGHT-0086,"Wool cardigan, size S",Apparel,1,25.48,3.99,1.78,2.54,12.74,12.74,upright_replica,true,one row per paid order,2026-09-07,America/Indiana/Indianapolis,USD
UP-20260907-0087,2026-09-07T20:00:00+00:00,DEMO-ITEM-20260907-0087,GW-015,Goodwillfinds,DEMO-UPRIGHT-0087,Framed landscape print,Art,1,27.59,4.99,1.93,2.75,0.00,27.59,upright_replica,true,one row per paid order,2026-09-07,America/Indiana/Indianapolis,USD
UP-20260907-0088,2026-09-07T21:00:00+00:00,DEMO-ITEM-20260907-0088,GW-016,Shopgoodwill,DEMO-UPRIGHT-0088,Silver-tone necklace,Jewelry,1,29.70,5.99,2.07,2.97,0.00,29.70,upright_replica,true,one row per paid order,2026-09-07,America/Indiana/Indianapolis,USD
UP-20260907-0089,2026-09-07T18:00:00+00:00,DEMO-ITEM-20260907-0089,GW-017,eBay,DEMO-UPRIGHT-0089,Vintage ceramic vase,Home,1,31.81,6.99,2.22,3.18,0.00,31.81,upright_replica,true,one row per paid order,2026-09-07,America/Indiana/Indianapolis,USD
UP-20260907-0090,2026-09-07T19:00:00+00:00,DEMO-ITEM-20260907-0090,GW-018,Goodwillfinds,DEMO-UPRIGHT-0001,"Wool cardigan, size S",Apparel,1,33.92,7.99,2.37,3.39,0.00,33.92,upright_replica,true,one row per paid order,2026-09-07,America/Indiana/Indianapolis,USD
UP-20260907-0091,2026-09-07T20:00:00+00:00,DEMO-ITEM-20260907-0091,GW-019,Shopgoodwill,DEMO-UPRIGHT-0002,Framed landscape print,Art,1,36.03,3.99,2.52,3.60,0.00,36.03,upright_replica,true,one row per paid order,2026-09-07,America/Indiana/Indianapolis,USD
UP-20260907-0092,2026-09-07T21:00:00+00:00,DEMO-ITEM-20260907-0092,GW-020,eBay,DEMO-UPRIGHT-0003,Silver-tone necklace,Jewelry,1,38.14,4.99,2.66,3.81,0.00,38.14,upright_replica,true,one row per paid order,2026-09-07,America/Indiana/Indianapolis,USD
UP-20260907-0093,2026-09-07T18:00:00+00:00,DEMO-ITEM-20260907-0093,GW-021,Goodwillfinds,DEMO-UPRIGHT-0004,Vintage ceramic vase,Home,1,40.25,5.99,2.81,4.02,0.00,40.25,upright_replica,true,one row per paid order,2026-09-07,America/Indiana/Indianapolis,USD
UP-20260907-0094,2026-09-07T19:00:00+00:00,DEMO-ITEM-20260907-0094,GW-022,Shopgoodwill,DEMO-UPRIGHT-0005,"Wool cardigan, size S",Apparel,1,42.36,6.99,2.96,4.23,0.00,42.36,upright_replica,true,one row per paid order,2026-09-07,America/Indiana/Indianapolis,USD
UP-20260907-0095,2026-09-07T20:00:00+00:00,DEMO-ITEM-20260907-0095,GW-023,eBay,DEMO-UPRIGHT-0006,Framed landscape print,Art,1,44.47,7.99,3.11,4.44,0.00,44.47,upright_replica,true,one row per paid order,2026-09-07,America/Indiana/Indianapolis,USD
UP-20260907-0096,2026-09-07T21:00:00+00:00,DEMO-ITEM-20260907-0096,GW-024,Goodwillfinds,DEMO-UPRIGHT-0007,Silver-tone necklace,Jewelry,1,46.58,3.99,3.26,4.65,0.00,46.58,upright_replica,true,one row per paid order,2026-09-07,America/Indiana/Indianapolis,USD
UP-20260907-0097,2026-09-07T18:00:00+00:00,DEMO-ITEM-20260907-0097,GW-001,Shopgoodwill,DEMO-UPRIGHT-0008,Vintage ceramic vase,Home,1,48.69,4.99,3.40,4.86,0.00,48.69,upright_replica,true,one row per paid order,2026-09-07,America/Indiana/Indianapolis,USD
UP-20260907-0098,2026-09-07T19:00:00+00:00,DEMO-ITEM-20260907-0098,GW-002,eBay,DEMO-UPRIGHT-0009,"Wool cardigan, size S",Apparel,1,50.80,5.99,3.55,5.08,0.00,50.80,upright_replica,true,one row per paid order,2026-09-07,America/Indiana/Indianapolis,USD
UP-20260907-0099,2026-09-07T20:00:00+00:00,DEMO-ITEM-20260907-0099,GW-003,Goodwillfinds,DEMO-UPRIGHT-0010,Framed landscape print,Art,1,52.91,6.99,3.70,5.29,0.00,52.91,upright_replica,true,one row per paid order,2026-09-07,America/Indiana/Indianapolis,USD
UP-20260907-0100,2026-09-07T21:00:00+00:00,DEMO-ITEM-20260907-0100,GW-004,Shopgoodwill,DEMO-UPRIGHT-0011,Silver-tone necklace,Jewelry,1,55.02,7.99,3.85,5.50,0.00,55.02,upright_replica,true,one row per paid order,2026-09-07,America/Indiana/Indianapolis,USD
UP-20260907-0101,2026-09-07T18:00:00+00:00,DEMO-ITEM-20260907-0101,GW-005,eBay,DEMO-UPRIGHT-0012,Vintage ceramic vase,Home,1,57.13,3.99,3.99,5.71,0.00,57.13,upright_replica,true,one row per paid order,2026-09-07,America/Indiana/Indianapolis,USD
UP-20260907-0102,2026-09-07T19:00:00+00:00,DEMO-ITEM-20260907-0102,GW-006,Goodwillfinds,DEMO-UPRIGHT-0013,"Wool cardigan, size S",Apparel,1,59.24,4.99,4.14,5.92,0.00,59.24,upright_replica,true,one row per paid order,2026-09-07,America/Indiana/Indianapolis,USD
UP-20260907-0103,2026-09-07T20:00:00+00:00,DEMO-ITEM-20260907-0103,GW-007,Shopgoodwill,DEMO-UPRIGHT-0014,Framed landscape print,Art,1,61.35,5.99,4.29,6.13,30.67,30.68,upright_replica,true,one row per paid order,2026-09-07,America/Indiana/Indianapolis,USD
UP-20260907-0104,2026-09-07T21:00:00+00:00,DEMO-ITEM-20260907-0104,GW-008,eBay,DEMO-UPRIGHT-0015,Silver-tone necklace,Jewelry,1,63.46,6.99,4.44,6.34,0.00,63.46,upright_replica,true,one row per paid order,2026-09-07,America/Indiana/Indianapolis,USD
UP-20260907-0105,2026-09-07T18:00:00+00:00,DEMO-ITEM-20260907-0105,GW-009,Goodwillfinds,DEMO-UPRIGHT-0016,Vintage ceramic vase,Home,1,65.57,7.99,4.58,6.55,0.00,65.57,upright_replica,true,one row per paid order,2026-09-07,America/Indiana/Indianapolis,USD
UP-20260907-0106,2026-09-07T19:00:00+00:00,DEMO-ITEM-20260907-0106,GW-010,Shopgoodwill,DEMO-UPRIGHT-0017,"Wool cardigan, size S",Apparel,1,67.68,3.99,4.73,6.76,0.00,67.68,upright_replica,true,one row per paid order,2026-09-07,America/Indiana/Indianapolis,USD
UP-20260907-0107,2026-09-07T20:00:00+00:00,DEMO-ITEM-20260907-0107,GW-011,eBay,DEMO-UPRIGHT-0018,Framed landscape print,Art,1,69.79,4.99,4.88,6.97,0.00,69.79,upright_replica,true,one row per paid order,2026-09-07,America/Indiana/Indianapolis,USD
UP-20260907-0108,2026-09-07T21:00:00+00:00,DEMO-ITEM-20260907-0108,GW-012,Goodwillfinds,DEMO-UPRIGHT-0019,Silver-tone necklace,Jewelry,1,71.90,5.99,5.03,7.19,0.00,71.90,upright_replica,true,one row per paid order,2026-09-07,America/Indiana/Indianapolis,USD
UP-20260907-0109,2026-09-07T18:00:00+00:00,DEMO-ITEM-20260907-0109,GW-013,Shopgoodwill,DEMO-UPRIGHT-0020,Vintage ceramic vase,Home,1,74.01,6.99,5.18,7.40,0.00,74.01,upright_replica,true,one row per paid order,2026-09-07,America/Indiana/Indianapolis,USD
UP-20260907-0110,2026-09-07T19:00:00+00:00,DEMO-ITEM-20260907-0110,GW-014,eBay,DEMO-UPRIGHT-0021,"Wool cardigan, size S",Apparel,1,76.12,7.99,5.32,7.61,0.00,76.12,upright_replica,true,one row per paid order,2026-09-07,America/Indiana/Indianapolis,USD
UP-20260907-0111,2026-09-07T20:00:00+00:00,DEMO-ITEM-20260907-0111,GW-015,Goodwillfinds,DEMO-UPRIGHT-0022,Framed landscape print,Art,1,78.23,3.99,5.47,7.82,0.00,78.23,upright_replica,true,one row per paid order,2026-09-07,America/Indiana/Indianapolis,USD
UP-20260907-0112,2026-09-07T21:00:00+00:00,DEMO-ITEM-20260907-0112,GW-016,Shopgoodwill,DEMO-UPRIGHT-0023,Silver-tone necklace,Jewelry,1,80.34,4.99,5.62,8.03,0.00,80.34,upright_replica,true,one row per paid order,2026-09-07,America/Indiana/Indianapolis,USD
UP-20260907-0113,2026-09-07T18:00:00+00:00,DEMO-ITEM-20260907-0113,GW-017,eBay,DEMO-UPRIGHT-0024,Vintage ceramic vase,Home,1,82.45,5.99,5.77,8.24,0.00,82.45,upright_replica,true,one row per paid order,2026-09-07,America/Indiana/Indianapolis,USD
UP-20260907-0114,2026-09-07T19:00:00+00:00,DEMO-ITEM-20260907-0114,GW-018,Goodwillfinds,DEMO-UPRIGHT-0025,"Wool cardigan, size S",Apparel,1,84.56,6.99,5.91,8.45,0.00,84.56,upright_replica,true,one row per paid order,2026-09-07,America/Indiana/Indianapolis,USD
UP-20260907-0115,2026-09-07T20:00:00+00:00,DEMO-ITEM-20260907-0115,GW-019,Shopgoodwill,DEMO-UPRIGHT-0026,Framed landscape print,Art,1,86.67,7.99,6.06,8.66,0.00,86.67,upright_replica,true,one row per paid order,2026-09-07,America/Indiana/Indianapolis,USD
UP-20260907-0116,2026-09-07T21:00:00+00:00,DEMO-ITEM-20260907-0116,GW-020,eBay,DEMO-UPRIGHT-0027,Silver-tone necklace,Jewelry,1,88.78,3.99,6.21,8.87,0.00,88.78,upright_replica,true,one row per paid order,2026-09-07,America/Indiana/Indianapolis,USD
UP-20260907-0117,2026-09-07T18:00:00+00:00,DEMO-ITEM-20260907-0117,GW-021,Goodwillfinds,DEMO-UPRIGHT-0028,Vintage ceramic vase,Home,1,90.89,4.99,6.36,9.08,0.00,90.89,upright_replica,true,one row per paid order,2026-09-07,America/Indiana/Indianapolis,USD
UP-20260907-0118,2026-09-07T19:00:00+00:00,DEMO-ITEM-20260907-0118,GW-022,Shopgoodwill,DEMO-UPRIGHT-0029,"Wool cardigan, size S",Apparel,1,93.00,5.99,6.51,9.30,0.00,93.00,upright_replica,true,one row per paid order,2026-09-07,America/Indiana/Indianapolis,USD
UP-20260907-0119,2026-09-07T20:00:00+00:00,DEMO-ITEM-20260907-0119,GW-023,eBay,DEMO-UPRIGHT-0030,Framed landscape print,Art,1,95.11,6.99,6.65,9.51,0.00,95.11,upright_replica,true,one row per paid order,2026-09-07,America/Indiana/Indianapolis,USD
UP-20260907-0120,2026-09-07T21:00:00+00:00,DEMO-ITEM-20260907-0120,GW-024,Goodwillfinds,DEMO-UPRIGHT-0031,Silver-tone necklace,Jewelry,1,97.22,7.99,6.80,9.72,48.61,48.61,upright_replica,true,one row per paid order,2026-09-07,America/Indiana/Indianapolis,USD
UP-20260907-0121,2026-09-07T18:00:00+00:00,DEMO-ITEM-20260907-0121,GW-001,Shopgoodwill,DEMO-UPRIGHT-0032,Vintage ceramic vase,Home,1,99.33,3.99,6.95,9.93,0.00,99.33,upright_replica,true,one row per paid order,2026-09-07,America/Indiana/Indianapolis,USD
UP-20260907-0122,2026-09-07T19:00:00+00:00,DEMO-ITEM-20260907-0122,GW-002,eBay,DEMO-UPRIGHT-0033,"Wool cardigan, size S",Apparel,1,16.44,4.99,1.15,1.64,0.00,16.44,upright_replica,true,one row per paid order,2026-09-07,America/Indiana/Indianapolis,USD
UP-20260907-0123,2026-09-07T20:00:00+00:00,DEMO-ITEM-20260907-0123,GW-003,Goodwillfinds,DEMO-UPRIGHT-0034,Framed landscape print,Art,1,18.55,5.99,1.29,1.85,0.00,18.55,upright_replica,true,one row per paid order,2026-09-07,America/Indiana/Indianapolis,USD
UP-20260907-0124,2026-09-07T21:00:00+00:00,DEMO-ITEM-20260907-0124,GW-004,Shopgoodwill,DEMO-UPRIGHT-0035,Silver-tone necklace,Jewelry,1,20.66,6.99,1.44,2.06,0.00,20.66,upright_replica,true,one row per paid order,2026-09-07,America/Indiana/Indianapolis,USD
UP-20260907-0125,2026-09-07T18:00:00+00:00,DEMO-ITEM-20260907-0125,GW-005,eBay,DEMO-UPRIGHT-0036,Vintage ceramic vase,Home,1,22.77,7.99,1.59,2.27,0.00,22.77,upright_replica,true,one row per paid order,2026-09-07,America/Indiana/Indianapolis,USD
UP-20260907-0126,2026-09-07T19:00:00+00:00,DEMO-ITEM-20260907-0126,GW-006,Goodwillfinds,DEMO-UPRIGHT-0037,"Wool cardigan, size S",Apparel,1,24.88,3.99,1.74,2.48,0.00,24.88,upright_replica,true,one row per paid order,2026-09-07,America/Indiana/Indianapolis,USD
UP-20260907-0127,2026-09-07T20:00:00+00:00,DEMO-ITEM-20260907-0127,GW-007,Shopgoodwill,DEMO-UPRIGHT-0038,Framed landscape print,Art,1,26.99,4.99,1.88,2.69,0.00,26.99,upright_replica,true,one row per paid order,2026-09-07,America/Indiana/Indianapolis,USD
UP-20260907-0128,2026-09-07T21:00:00+00:00,DEMO-ITEM-20260907-0128,GW-008,eBay,DEMO-UPRIGHT-0039,Silver-tone necklace,Jewelry,1,29.10,5.99,2.03,2.91,0.00,29.10,upright_replica,true,one row per paid order,2026-09-07,America/Indiana/Indianapolis,USD
UP-20260908-0001,2026-09-08T18:00:00+00:00,DEMO-ITEM-20260908-0001,GW-001,Shopgoodwill,DEMO-UPRIGHT-0001,Vintage ceramic vase,Home,1,17.50,3.99,1.22,1.75,8.75,8.75,upright_replica,true,one row per paid order,2026-09-08,America/Indiana/Indianapolis,USD
UP-20260908-0002,2026-09-08T19:00:00+00:00,DEMO-ITEM-20260908-0002,GW-002,eBay,DEMO-UPRIGHT-0002,"Wool cardigan, size S",Apparel,1,19.61,4.99,1.37,1.96,0.00,19.61,upright_replica,true,one row per paid order,2026-09-08,America/Indiana/Indianapolis,USD
UP-20260908-0003,2026-09-08T20:00:00+00:00,DEMO-ITEM-20260908-0003,GW-003,Goodwillfinds,DEMO-UPRIGHT-0003,Framed landscape print,Art,1,21.72,5.99,1.52,2.17,0.00,21.72,upright_replica,true,one row per paid order,2026-09-08,America/Indiana/Indianapolis,USD
UP-20260908-0004,2026-09-08T21:00:00+00:00,DEMO-ITEM-20260908-0004,GW-004,Shopgoodwill,DEMO-UPRIGHT-0004,Silver-tone necklace,Jewelry,1,23.83,6.99,1.66,2.38,0.00,23.83,upright_replica,true,one row per paid order,2026-09-08,America/Indiana/Indianapolis,USD
UP-20260908-0005,2026-09-08T18:00:00+00:00,DEMO-ITEM-20260908-0005,GW-005,eBay,DEMO-UPRIGHT-0005,Vintage ceramic vase,Home,1,25.94,7.99,1.81,2.59,0.00,25.94,upright_replica,true,one row per paid order,2026-09-08,America/Indiana/Indianapolis,USD
UP-20260908-0006,2026-09-08T19:00:00+00:00,DEMO-ITEM-20260908-0006,GW-006,Goodwillfinds,DEMO-UPRIGHT-0006,"Wool cardigan, size S",Apparel,1,28.05,3.99,1.96,2.80,0.00,28.05,upright_replica,true,one row per paid order,2026-09-08,America/Indiana/Indianapolis,USD
UP-20260908-0007,2026-09-08T20:00:00+00:00,DEMO-ITEM-20260908-0007,GW-007,Shopgoodwill,DEMO-UPRIGHT-0007,Framed landscape print,Art,1,30.16,4.99,2.11,3.01,0.00,30.16,upright_replica,true,one row per paid order,2026-09-08,America/Indiana/Indianapolis,USD
UP-20260908-0008,2026-09-08T21:00:00+00:00,DEMO-ITEM-20260908-0008,GW-008,eBay,DEMO-UPRIGHT-0008,Silver-tone necklace,Jewelry,1,32.27,5.99,2.25,3.22,0.00,32.27,upright_replica,true,one row per paid order,2026-09-08,America/Indiana/Indianapolis,USD
UP-20260908-0009,2026-09-08T18:00:00+00:00,DEMO-ITEM-20260908-0009,GW-009,Goodwillfinds,DEMO-UPRIGHT-0009,Vintage ceramic vase,Home,1,34.38,6.99,2.40,3.43,0.00,34.38,upright_replica,true,one row per paid order,2026-09-08,America/Indiana/Indianapolis,USD
UP-20260908-0010,2026-09-08T19:00:00+00:00,DEMO-ITEM-20260908-0010,GW-010,Shopgoodwill,DEMO-UPRIGHT-0010,"Wool cardigan, size S",Apparel,1,36.49,7.99,2.55,3.64,0.00,36.49,upright_replica,true,one row per paid order,2026-09-08,America/Indiana/Indianapolis,USD
UP-20260908-0011,2026-09-08T20:00:00+00:00,DEMO-ITEM-20260908-0011,GW-011,eBay,DEMO-UPRIGHT-0011,Framed landscape print,Art,1,38.60,3.99,2.70,3.86,0.00,38.60,upright_replica,true,one row per paid order,2026-09-08,America/Indiana/Indianapolis,USD
UP-20260908-0012,2026-09-08T21:00:00+00:00,DEMO-ITEM-20260908-0012,GW-012,Goodwillfinds,DEMO-UPRIGHT-0012,Silver-tone necklace,Jewelry,1,40.71,4.99,2.84,4.07,0.00,40.71,upright_replica,true,one row per paid order,2026-09-08,America/Indiana/Indianapolis,USD
UP-20260908-0013,2026-09-08T18:00:00+00:00,DEMO-ITEM-20260908-0013,GW-013,Shopgoodwill,DEMO-UPRIGHT-0013,Vintage ceramic vase,Home,1,42.82,5.99,2.99,4.28,0.00,42.82,upright_replica,true,one row per paid order,2026-09-08,America/Indiana/Indianapolis,USD
UP-20260908-0014,2026-09-08T19:00:00+00:00,DEMO-ITEM-20260908-0014,GW-014,eBay,DEMO-UPRIGHT-0014,"Wool cardigan, size S",Apparel,1,44.93,6.99,3.14,4.49,0.00,44.93,upright_replica,true,one row per paid order,2026-09-08,America/Indiana/Indianapolis,USD
UP-20260908-0015,2026-09-08T20:00:00+00:00,DEMO-ITEM-20260908-0015,GW-015,Goodwillfinds,DEMO-UPRIGHT-0015,Framed landscape print,Art,1,47.04,7.99,3.29,4.70,0.00,47.04,upright_replica,true,one row per paid order,2026-09-08,America/Indiana/Indianapolis,USD
UP-20260908-0016,2026-09-08T21:00:00+00:00,DEMO-ITEM-20260908-0016,GW-016,Shopgoodwill,DEMO-UPRIGHT-0016,Silver-tone necklace,Jewelry,1,49.15,3.99,3.44,4.91,0.00,49.15,upright_replica,true,one row per paid order,2026-09-08,America/Indiana/Indianapolis,USD
UP-20260908-0017,2026-09-08T18:00:00+00:00,DEMO-ITEM-20260908-0017,GW-017,eBay,DEMO-UPRIGHT-0017,Vintage ceramic vase,Home,1,51.26,4.99,3.58,5.12,0.00,51.26,upright_replica,true,one row per paid order,2026-09-08,America/Indiana/Indianapolis,USD
UP-20260908-0018,2026-09-08T19:00:00+00:00,DEMO-ITEM-20260908-0018,GW-018,Goodwillfinds,DEMO-UPRIGHT-0018,"Wool cardigan, size S",Apparel,1,53.37,5.99,3.73,5.33,26.68,26.69,upright_replica,true,one row per paid order,2026-09-08,America/Indiana/Indianapolis,USD
UP-20260908-0019,2026-09-08T20:00:00+00:00,DEMO-ITEM-20260908-0019,GW-019,Shopgoodwill,DEMO-UPRIGHT-0019,Framed landscape print,Art,1,55.48,6.99,3.88,5.54,0.00,55.48,upright_replica,true,one row per paid order,2026-09-08,America/Indiana/Indianapolis,USD
UP-20260908-0020,2026-09-08T21:00:00+00:00,DEMO-ITEM-20260908-0020,GW-020,eBay,DEMO-UPRIGHT-0020,Silver-tone necklace,Jewelry,1,57.59,7.99,4.03,5.75,0.00,57.59,upright_replica,true,one row per paid order,2026-09-08,America/Indiana/Indianapolis,USD
UP-20260908-0021,2026-09-08T18:00:00+00:00,DEMO-ITEM-20260908-0021,GW-021,Goodwillfinds,DEMO-UPRIGHT-0021,Vintage ceramic vase,Home,1,59.70,3.99,4.17,5.97,0.00,59.70,upright_replica,true,one row per paid order,2026-09-08,America/Indiana/Indianapolis,USD
UP-20260908-0022,2026-09-08T19:00:00+00:00,DEMO-ITEM-20260908-0022,GW-022,Shopgoodwill,DEMO-UPRIGHT-0022,"Wool cardigan, size S",Apparel,1,61.81,4.99,4.32,6.18,0.00,61.81,upright_replica,true,one row per paid order,2026-09-08,America/Indiana/Indianapolis,USD
UP-20260908-0023,2026-09-08T20:00:00+00:00,DEMO-ITEM-20260908-0023,GW-023,eBay,DEMO-UPRIGHT-0023,Framed landscape print,Art,1,63.92,5.99,4.47,6.39,0.00,63.92,upright_replica,true,one row per paid order,2026-09-08,America/Indiana/Indianapolis,USD
UP-20260908-0024,2026-09-08T21:00:00+00:00,DEMO-ITEM-20260908-0024,GW-024,Goodwillfinds,DEMO-UPRIGHT-0024,Silver-tone necklace,Jewelry,1,66.03,6.99,4.62,6.60,0.00,66.03,upright_replica,true,one row per paid order,2026-09-08,America/Indiana/Indianapolis,USD
UP-20260908-0025,2026-09-08T18:00:00+00:00,DEMO-ITEM-20260908-0025,GW-001,Shopgoodwill,DEMO-UPRIGHT-0025,Vintage ceramic vase,Home,1,68.14,7.99,4.76,6.81,0.00,68.14,upright_replica,true,one row per paid order,2026-09-08,America/Indiana/Indianapolis,USD
UP-20260908-0026,2026-09-08T19:00:00+00:00,DEMO-ITEM-20260908-0026,GW-002,eBay,DEMO-UPRIGHT-0026,"Wool cardigan, size S",Apparel,1,70.25,3.99,4.91,7.02,0.00,70.25,upright_replica,true,one row per paid order,2026-09-08,America/Indiana/Indianapolis,USD
UP-20260908-0027,2026-09-08T20:00:00+00:00,DEMO-ITEM-20260908-0027,GW-003,Goodwillfinds,DEMO-UPRIGHT-0027,Framed landscape print,Art,1,72.36,4.99,5.06,7.23,0.00,72.36,upright_replica,true,one row per paid order,2026-09-08,America/Indiana/Indianapolis,USD
UP-20260908-0028,2026-09-08T21:00:00+00:00,DEMO-ITEM-20260908-0028,GW-004,Shopgoodwill,DEMO-UPRIGHT-0028,Silver-tone necklace,Jewelry,1,74.47,5.99,5.21,7.44,0.00,74.47,upright_replica,true,one row per paid order,2026-09-08,America/Indiana/Indianapolis,USD
UP-20260908-0029,2026-09-08T18:00:00+00:00,DEMO-ITEM-20260908-0029,GW-005,eBay,DEMO-UPRIGHT-0029,Vintage ceramic vase,Home,1,76.58,6.99,5.36,7.65,0.00,76.58,upright_replica,true,one row per paid order,2026-09-08,America/Indiana/Indianapolis,USD
UP-20260908-0030,2026-09-08T19:00:00+00:00,DEMO-ITEM-20260908-0030,GW-006,Goodwillfinds,DEMO-UPRIGHT-0030,"Wool cardigan, size S",Apparel,1,78.69,7.99,5.50,7.86,0.00,78.69,upright_replica,true,one row per paid order,2026-09-08,America/Indiana/Indianapolis,USD
UP-20260908-0031,2026-09-08T20:00:00+00:00,DEMO-ITEM-20260908-0031,GW-007,Shopgoodwill,DEMO-UPRIGHT-0031,Framed landscape print,Art,1,80.80,3.99,5.65,8.08,0.00,80.80,upright_replica,true,one row per paid order,2026-09-08,America/Indiana/Indianapolis,USD
UP-20260908-0032,2026-09-08T21:00:00+00:00,DEMO-ITEM-20260908-0032,GW-008,eBay,DEMO-UPRIGHT-0032,Silver-tone necklace,Jewelry,1,82.91,4.99,5.80,8.29,0.00,82.91,upright_replica,true,one row per paid order,2026-09-08,America/Indiana/Indianapolis,USD
UP-20260908-0033,2026-09-08T18:00:00+00:00,DEMO-ITEM-20260908-0033,GW-009,Goodwillfinds,DEMO-UPRIGHT-0033,Vintage ceramic vase,Home,1,85.02,5.99,5.95,8.50,0.00,85.02,upright_replica,true,one row per paid order,2026-09-08,America/Indiana/Indianapolis,USD
UP-20260908-0034,2026-09-08T19:00:00+00:00,DEMO-ITEM-20260908-0034,GW-010,Shopgoodwill,DEMO-UPRIGHT-0034,"Wool cardigan, size S",Apparel,1,87.13,6.99,6.09,8.71,0.00,87.13,upright_replica,true,one row per paid order,2026-09-08,America/Indiana/Indianapolis,USD
UP-20260908-0035,2026-09-08T20:00:00+00:00,DEMO-ITEM-20260908-0035,GW-011,eBay,DEMO-UPRIGHT-0035,Framed landscape print,Art,1,89.24,7.99,6.24,8.92,44.62,44.62,upright_replica,true,one row per paid order,2026-09-08,America/Indiana/Indianapolis,USD
UP-20260908-0036,2026-09-08T21:00:00+00:00,DEMO-ITEM-20260908-0036,GW-012,Goodwillfinds,DEMO-UPRIGHT-0036,Silver-tone necklace,Jewelry,1,91.35,3.99,6.39,9.13,0.00,91.35,upright_replica,true,one row per paid order,2026-09-08,America/Indiana/Indianapolis,USD
UP-20260908-0037,2026-09-08T18:00:00+00:00,DEMO-ITEM-20260908-0037,GW-013,Shopgoodwill,DEMO-UPRIGHT-0037,Vintage ceramic vase,Home,1,93.46,4.99,6.54,9.34,0.00,93.46,upright_replica,true,one row per paid order,2026-09-08,America/Indiana/Indianapolis,USD
UP-20260908-0038,2026-09-08T19:00:00+00:00,DEMO-ITEM-20260908-0038,GW-014,eBay,DEMO-UPRIGHT-0038,"Wool cardigan, size S",Apparel,1,95.57,5.99,6.68,9.55,0.00,95.57,upright_replica,true,one row per paid order,2026-09-08,America/Indiana/Indianapolis,USD
UP-20260908-0039,2026-09-08T20:00:00+00:00,DEMO-ITEM-20260908-0039,GW-015,Goodwillfinds,DEMO-UPRIGHT-0039,Framed landscape print,Art,1,97.68,6.99,6.83,9.76,0.00,97.68,upright_replica,true,one row per paid order,2026-09-08,America/Indiana/Indianapolis,USD
UP-20260908-0040,2026-09-08T21:00:00+00:00,DEMO-ITEM-20260908-0040,GW-016,Shopgoodwill,DEMO-UPRIGHT-0040,Silver-tone necklace,Jewelry,1,99.79,7.99,6.98,9.97,0.00,99.79,upright_replica,true,one row per paid order,2026-09-08,America/Indiana/Indianapolis,USD
UP-20260908-0041,2026-09-08T18:00:00+00:00,DEMO-ITEM-20260908-0041,GW-017,eBay,DEMO-UPRIGHT-0041,Vintage ceramic vase,Home,1,16.90,3.99,1.18,1.69,0.00,16.90,upright_replica,true,one row per paid order,2026-09-08,America/Indiana/Indianapolis,USD
UP-20260908-0042,2026-09-08T19:00:00+00:00,DEMO-ITEM-20260908-0042,GW-018,Goodwillfinds,DEMO-UPRIGHT-0042,"Wool cardigan, size S",Apparel,1,19.01,4.99,1.33,1.90,0.00,19.01,upright_replica,true,one row per paid order,2026-09-08,America/Indiana/Indianapolis,USD
UP-20260908-0043,2026-09-08T20:00:00+00:00,DEMO-ITEM-20260908-0043,GW-019,Shopgoodwill,DEMO-UPRIGHT-0043,Framed landscape print,Art,1,21.12,5.99,1.47,2.11,0.00,21.12,upright_replica,true,one row per paid order,2026-09-08,America/Indiana/Indianapolis,USD
UP-20260908-0044,2026-09-08T21:00:00+00:00,DEMO-ITEM-20260908-0044,GW-020,eBay,DEMO-UPRIGHT-0044,Silver-tone necklace,Jewelry,1,23.23,6.99,1.62,2.32,0.00,23.23,upright_replica,true,one row per paid order,2026-09-08,America/Indiana/Indianapolis,USD
UP-20260908-0045,2026-09-08T18:00:00+00:00,DEMO-ITEM-20260908-0045,GW-021,Goodwillfinds,DEMO-UPRIGHT-0045,Vintage ceramic vase,Home,1,25.34,7.99,1.77,2.53,0.00,25.34,upright_replica,true,one row per paid order,2026-09-08,America/Indiana/Indianapolis,USD
UP-20260908-0046,2026-09-08T19:00:00+00:00,DEMO-ITEM-20260908-0046,GW-022,Shopgoodwill,DEMO-UPRIGHT-0046,"Wool cardigan, size S",Apparel,1,27.45,3.99,1.92,2.74,0.00,27.45,upright_replica,true,one row per paid order,2026-09-08,America/Indiana/Indianapolis,USD
UP-20260908-0047,2026-09-08T20:00:00+00:00,DEMO-ITEM-20260908-0047,GW-023,eBay,DEMO-UPRIGHT-0047,Framed landscape print,Art,1,29.56,4.99,2.06,2.95,0.00,29.56,upright_replica,true,one row per paid order,2026-09-08,America/Indiana/Indianapolis,USD
UP-20260908-0048,2026-09-08T21:00:00+00:00,DEMO-ITEM-20260908-0048,GW-024,Goodwillfinds,DEMO-UPRIGHT-0048,Silver-tone necklace,Jewelry,1,31.67,5.99,2.21,3.16,0.00,31.67,upright_replica,true,one row per paid order,2026-09-08,America/Indiana/Indianapolis,USD
UP-20260908-0049,2026-09-08T18:00:00+00:00,DEMO-ITEM-20260908-0049,GW-001,Shopgoodwill,DEMO-UPRIGHT-0049,Vintage ceramic vase,Home,1,33.78,6.99,2.36,3.37,0.00,33.78,upright_replica,true,one row per paid order,2026-09-08,America/Indiana/Indianapolis,USD
UP-20260908-0050,2026-09-08T19:00:00+00:00,DEMO-ITEM-20260908-0050,GW-002,eBay,DEMO-UPRIGHT-0050,"Wool cardigan, size S",Apparel,1,35.89,7.99,2.51,3.58,0.00,35.89,upright_replica,true,one row per paid order,2026-09-08,America/Indiana/Indianapolis,USD
UP-20260908-0051,2026-09-08T20:00:00+00:00,DEMO-ITEM-20260908-0051,GW-003,Goodwillfinds,DEMO-UPRIGHT-0051,Framed landscape print,Art,1,38.00,3.99,2.66,3.80,0.00,38.00,upright_replica,true,one row per paid order,2026-09-08,America/Indiana/Indianapolis,USD
UP-20260908-0052,2026-09-08T21:00:00+00:00,DEMO-ITEM-20260908-0052,GW-004,Shopgoodwill,DEMO-UPRIGHT-0052,Silver-tone necklace,Jewelry,1,40.11,4.99,2.80,4.01,20.05,20.06,upright_replica,true,one row per paid order,2026-09-08,America/Indiana/Indianapolis,USD
UP-20260908-0053,2026-09-08T18:00:00+00:00,DEMO-ITEM-20260908-0053,GW-005,eBay,DEMO-UPRIGHT-0053,Vintage ceramic vase,Home,1,42.22,5.99,2.95,4.22,0.00,42.22,upright_replica,true,one row per paid order,2026-09-08,America/Indiana/Indianapolis,USD
UP-20260908-0054,2026-09-08T19:00:00+00:00,DEMO-ITEM-20260908-0054,GW-006,Goodwillfinds,DEMO-UPRIGHT-0054,"Wool cardigan, size S",Apparel,1,44.33,6.99,3.10,4.43,0.00,44.33,upright_replica,true,one row per paid order,2026-09-08,America/Indiana/Indianapolis,USD
UP-20260908-0055,2026-09-08T20:00:00+00:00,DEMO-ITEM-20260908-0055,GW-007,Shopgoodwill,DEMO-UPRIGHT-0055,Framed landscape print,Art,1,46.44,7.99,3.25,4.64,0.00,46.44,upright_replica,true,one row per paid order,2026-09-08,America/Indiana/Indianapolis,USD
UP-20260908-0056,2026-09-08T21:00:00+00:00,DEMO-ITEM-20260908-0056,GW-008,eBay,DEMO-UPRIGHT-0056,Silver-tone necklace,Jewelry,1,48.55,3.99,3.39,4.85,0.00,48.55,upright_replica,true,one row per paid order,2026-09-08,America/Indiana/Indianapolis,USD
UP-20260908-0057,2026-09-08T18:00:00+00:00,DEMO-ITEM-20260908-0057,GW-009,Goodwillfinds,DEMO-UPRIGHT-0057,Vintage ceramic vase,Home,1,50.66,4.99,3.54,5.06,0.00,50.66,upright_replica,true,one row per paid order,2026-09-08,America/Indiana/Indianapolis,USD
UP-20260908-0058,2026-09-08T19:00:00+00:00,DEMO-ITEM-20260908-0058,GW-010,Shopgoodwill,DEMO-UPRIGHT-0058,"Wool cardigan, size S",Apparel,1,52.77,5.99,3.69,5.27,0.00,52.77,upright_replica,true,one row per paid order,2026-09-08,America/Indiana/Indianapolis,USD
UP-20260908-0059,2026-09-08T20:00:00+00:00,DEMO-ITEM-20260908-0059,GW-011,eBay,DEMO-UPRIGHT-0059,Framed landscape print,Art,1,54.88,6.99,3.84,5.48,0.00,54.88,upright_replica,true,one row per paid order,2026-09-08,America/Indiana/Indianapolis,USD
UP-20260908-0060,2026-09-08T21:00:00+00:00,DEMO-ITEM-20260908-0060,GW-012,Goodwillfinds,DEMO-UPRIGHT-0060,Silver-tone necklace,Jewelry,1,56.99,7.99,3.98,5.69,0.00,56.99,upright_replica,true,one row per paid order,2026-09-08,America/Indiana/Indianapolis,USD
UP-20260908-0061,2026-09-08T18:00:00+00:00,DEMO-ITEM-20260908-0061,GW-013,Shopgoodwill,DEMO-UPRIGHT-0061,Vintage ceramic vase,Home,1,59.10,3.99,4.13,5.91,0.00,59.10,upright_replica,true,one row per paid order,2026-09-08,America/Indiana/Indianapolis,USD
UP-20260908-0062,2026-09-08T19:00:00+00:00,DEMO-ITEM-20260908-0062,GW-014,eBay,DEMO-UPRIGHT-0062,"Wool cardigan, size S",Apparel,1,61.21,4.99,4.28,6.12,0.00,61.21,upright_replica,true,one row per paid order,2026-09-08,America/Indiana/Indianapolis,USD
UP-20260908-0063,2026-09-08T20:00:00+00:00,DEMO-ITEM-20260908-0063,GW-015,Goodwillfinds,DEMO-UPRIGHT-0063,Framed landscape print,Art,1,63.32,5.99,4.43,6.33,0.00,63.32,upright_replica,true,one row per paid order,2026-09-08,America/Indiana/Indianapolis,USD
UP-20260908-0064,2026-09-08T21:00:00+00:00,DEMO-ITEM-20260908-0064,GW-016,Shopgoodwill,DEMO-UPRIGHT-0064,Silver-tone necklace,Jewelry,1,65.43,6.99,4.58,6.54,0.00,65.43,upright_replica,true,one row per paid order,2026-09-08,America/Indiana/Indianapolis,USD
UP-20260908-0065,2026-09-08T18:00:00+00:00,DEMO-ITEM-20260908-0065,GW-017,eBay,DEMO-UPRIGHT-0065,Vintage ceramic vase,Home,1,67.54,7.99,4.72,6.75,0.00,67.54,upright_replica,true,one row per paid order,2026-09-08,America/Indiana/Indianapolis,USD
UP-20260908-0066,2026-09-08T19:00:00+00:00,DEMO-ITEM-20260908-0066,GW-018,Goodwillfinds,DEMO-UPRIGHT-0066,"Wool cardigan, size S",Apparel,1,69.65,3.99,4.87,6.96,0.00,69.65,upright_replica,true,one row per paid order,2026-09-08,America/Indiana/Indianapolis,USD
UP-20260908-0067,2026-09-08T20:00:00+00:00,DEMO-ITEM-20260908-0067,GW-019,Shopgoodwill,DEMO-UPRIGHT-0067,Framed landscape print,Art,1,71.76,4.99,5.02,7.17,0.00,71.76,upright_replica,true,one row per paid order,2026-09-08,America/Indiana/Indianapolis,USD
UP-20260908-0068,2026-09-08T21:00:00+00:00,DEMO-ITEM-20260908-0068,GW-020,eBay,DEMO-UPRIGHT-0068,Silver-tone necklace,Jewelry,1,73.87,5.99,5.17,7.38,0.00,73.87,upright_replica,true,one row per paid order,2026-09-08,America/Indiana/Indianapolis,USD
UP-20260908-0069,2026-09-08T18:00:00+00:00,DEMO-ITEM-20260908-0069,GW-021,Goodwillfinds,DEMO-UPRIGHT-0069,Vintage ceramic vase,Home,1,75.98,6.99,5.31,7.59,37.99,37.99,upright_replica,true,one row per paid order,2026-09-08,America/Indiana/Indianapolis,USD
UP-20260908-0070,2026-09-08T19:00:00+00:00,DEMO-ITEM-20260908-0070,GW-022,Shopgoodwill,DEMO-UPRIGHT-0070,"Wool cardigan, size S",Apparel,1,78.09,7.99,5.46,7.80,0.00,78.09,upright_replica,true,one row per paid order,2026-09-08,America/Indiana/Indianapolis,USD
UP-20260908-0071,2026-09-08T20:00:00+00:00,DEMO-ITEM-20260908-0071,GW-023,eBay,DEMO-UPRIGHT-0071,Framed landscape print,Art,1,80.20,3.99,5.61,8.02,0.00,80.20,upright_replica,true,one row per paid order,2026-09-08,America/Indiana/Indianapolis,USD
UP-20260908-0072,2026-09-08T21:00:00+00:00,DEMO-ITEM-20260908-0072,GW-024,Goodwillfinds,DEMO-UPRIGHT-0072,Silver-tone necklace,Jewelry,1,82.31,4.99,5.76,8.23,0.00,82.31,upright_replica,true,one row per paid order,2026-09-08,America/Indiana/Indianapolis,USD
UP-20260908-0073,2026-09-08T18:00:00+00:00,DEMO-ITEM-20260908-0073,GW-001,Shopgoodwill,DEMO-UPRIGHT-0073,Vintage ceramic vase,Home,1,84.42,5.99,5.90,8.44,0.00,84.42,upright_replica,true,one row per paid order,2026-09-08,America/Indiana/Indianapolis,USD
UP-20260908-0074,2026-09-08T19:00:00+00:00,DEMO-ITEM-20260908-0074,GW-002,eBay,DEMO-UPRIGHT-0074,"Wool cardigan, size S",Apparel,1,86.53,6.99,6.05,8.65,0.00,86.53,upright_replica,true,one row per paid order,2026-09-08,America/Indiana/Indianapolis,USD
UP-20260908-0075,2026-09-08T20:00:00+00:00,DEMO-ITEM-20260908-0075,GW-003,Goodwillfinds,DEMO-UPRIGHT-0075,Framed landscape print,Art,1,88.64,7.99,6.20,8.86,0.00,88.64,upright_replica,true,one row per paid order,2026-09-08,America/Indiana/Indianapolis,USD
UP-20260908-0076,2026-09-08T21:00:00+00:00,DEMO-ITEM-20260908-0076,GW-004,Shopgoodwill,DEMO-UPRIGHT-0076,Silver-tone necklace,Jewelry,1,90.75,3.99,6.35,9.07,0.00,90.75,upright_replica,true,one row per paid order,2026-09-08,America/Indiana/Indianapolis,USD
UP-20260908-0077,2026-09-08T18:00:00+00:00,DEMO-ITEM-20260908-0077,GW-005,eBay,DEMO-UPRIGHT-0077,Vintage ceramic vase,Home,1,92.86,4.99,6.50,9.28,0.00,92.86,upright_replica,true,one row per paid order,2026-09-08,America/Indiana/Indianapolis,USD
UP-20260908-0078,2026-09-08T19:00:00+00:00,DEMO-ITEM-20260908-0078,GW-006,Goodwillfinds,DEMO-UPRIGHT-0078,"Wool cardigan, size S",Apparel,1,94.97,5.99,6.64,9.49,0.00,94.97,upright_replica,true,one row per paid order,2026-09-08,America/Indiana/Indianapolis,USD
UP-20260908-0079,2026-09-08T20:00:00+00:00,DEMO-ITEM-20260908-0079,GW-007,Shopgoodwill,DEMO-UPRIGHT-0079,Framed landscape print,Art,1,97.08,6.99,6.79,9.70,0.00,97.08,upright_replica,true,one row per paid order,2026-09-08,America/Indiana/Indianapolis,USD
UP-20260908-0080,2026-09-08T21:00:00+00:00,DEMO-ITEM-20260908-0080,GW-008,eBay,DEMO-UPRIGHT-0080,Silver-tone necklace,Jewelry,1,99.19,7.99,6.94,9.91,0.00,99.19,upright_replica,true,one row per paid order,2026-09-08,America/Indiana/Indianapolis,USD
UP-20260908-0081,2026-09-08T18:00:00+00:00,DEMO-ITEM-20260908-0081,GW-009,Goodwillfinds,DEMO-UPRIGHT-0081,Vintage ceramic vase,Home,1,16.30,3.99,1.14,1.63,0.00,16.30,upright_replica,true,one row per paid order,2026-09-08,America/Indiana/Indianapolis,USD
UP-20260908-0082,2026-09-08T19:00:00+00:00,DEMO-ITEM-20260908-0082,GW-010,Shopgoodwill,DEMO-UPRIGHT-0082,"Wool cardigan, size S",Apparel,1,18.41,4.99,1.28,1.84,0.00,18.41,upright_replica,true,one row per paid order,2026-09-08,America/Indiana/Indianapolis,USD
UP-20260908-0083,2026-09-08T20:00:00+00:00,DEMO-ITEM-20260908-0083,GW-011,eBay,DEMO-UPRIGHT-0083,Framed landscape print,Art,1,20.52,5.99,1.43,2.05,0.00,20.52,upright_replica,true,one row per paid order,2026-09-08,America/Indiana/Indianapolis,USD
UP-20260908-0084,2026-09-08T21:00:00+00:00,DEMO-ITEM-20260908-0084,GW-012,Goodwillfinds,DEMO-UPRIGHT-0084,Silver-tone necklace,Jewelry,1,22.63,6.99,1.58,2.26,0.00,22.63,upright_replica,true,one row per paid order,2026-09-08,America/Indiana/Indianapolis,USD
UP-20260908-0085,2026-09-08T18:00:00+00:00,DEMO-ITEM-20260908-0085,GW-013,Shopgoodwill,DEMO-UPRIGHT-0085,Vintage ceramic vase,Home,1,24.74,7.99,1.73,2.47,0.00,24.74,upright_replica,true,one row per paid order,2026-09-08,America/Indiana/Indianapolis,USD
UP-20260908-0086,2026-09-08T19:00:00+00:00,DEMO-ITEM-20260908-0086,GW-014,eBay,DEMO-UPRIGHT-0086,"Wool cardigan, size S",Apparel,1,26.85,3.99,1.87,2.68,13.42,13.43,upright_replica,true,one row per paid order,2026-09-08,America/Indiana/Indianapolis,USD
UP-20260908-0087,2026-09-08T20:00:00+00:00,DEMO-ITEM-20260908-0087,GW-015,Goodwillfinds,DEMO-UPRIGHT-0087,Framed landscape print,Art,1,28.96,4.99,2.02,2.89,0.00,28.96,upright_replica,true,one row per paid order,2026-09-08,America/Indiana/Indianapolis,USD
UP-20260908-0088,2026-09-08T21:00:00+00:00,DEMO-ITEM-20260908-0088,GW-016,Shopgoodwill,DEMO-UPRIGHT-0088,Silver-tone necklace,Jewelry,1,31.07,5.99,2.17,3.10,0.00,31.07,upright_replica,true,one row per paid order,2026-09-08,America/Indiana/Indianapolis,USD
UP-20260908-0089,2026-09-08T18:00:00+00:00,DEMO-ITEM-20260908-0089,GW-017,eBay,DEMO-UPRIGHT-0089,Vintage ceramic vase,Home,1,33.18,6.99,2.32,3.31,0.00,33.18,upright_replica,true,one row per paid order,2026-09-08,America/Indiana/Indianapolis,USD
UP-20260908-0090,2026-09-08T19:00:00+00:00,DEMO-ITEM-20260908-0090,GW-018,Goodwillfinds,DEMO-UPRIGHT-0001,"Wool cardigan, size S",Apparel,1,35.29,7.99,2.47,3.52,0.00,35.29,upright_replica,true,one row per paid order,2026-09-08,America/Indiana/Indianapolis,USD
UP-20260908-0091,2026-09-08T20:00:00+00:00,DEMO-ITEM-20260908-0091,GW-019,Shopgoodwill,DEMO-UPRIGHT-0002,Framed landscape print,Art,1,37.40,3.99,2.61,3.74,0.00,37.40,upright_replica,true,one row per paid order,2026-09-08,America/Indiana/Indianapolis,USD
UP-20260908-0092,2026-09-08T21:00:00+00:00,DEMO-ITEM-20260908-0092,GW-020,eBay,DEMO-UPRIGHT-0003,Silver-tone necklace,Jewelry,1,39.51,4.99,2.76,3.95,0.00,39.51,upright_replica,true,one row per paid order,2026-09-08,America/Indiana/Indianapolis,USD
UP-20260908-0093,2026-09-08T18:00:00+00:00,DEMO-ITEM-20260908-0093,GW-021,Goodwillfinds,DEMO-UPRIGHT-0004,Vintage ceramic vase,Home,1,41.62,5.99,2.91,4.16,0.00,41.62,upright_replica,true,one row per paid order,2026-09-08,America/Indiana/Indianapolis,USD
UP-20260908-0094,2026-09-08T19:00:00+00:00,DEMO-ITEM-20260908-0094,GW-022,Shopgoodwill,DEMO-UPRIGHT-0005,"Wool cardigan, size S",Apparel,1,43.73,6.99,3.06,4.37,0.00,43.73,upright_replica,true,one row per paid order,2026-09-08,America/Indiana/Indianapolis,USD
UP-20260908-0095,2026-09-08T20:00:00+00:00,DEMO-ITEM-20260908-0095,GW-023,eBay,DEMO-UPRIGHT-0006,Framed landscape print,Art,1,45.84,7.99,3.20,4.58,0.00,45.84,upright_replica,true,one row per paid order,2026-09-08,America/Indiana/Indianapolis,USD
UP-20260908-0096,2026-09-08T21:00:00+00:00,DEMO-ITEM-20260908-0096,GW-024,Goodwillfinds,DEMO-UPRIGHT-0007,Silver-tone necklace,Jewelry,1,47.95,3.99,3.35,4.79,0.00,47.95,upright_replica,true,one row per paid order,2026-09-08,America/Indiana/Indianapolis,USD
UP-20260908-0097,2026-09-08T18:00:00+00:00,DEMO-ITEM-20260908-0097,GW-001,Shopgoodwill,DEMO-UPRIGHT-0008,Vintage ceramic vase,Home,1,50.06,4.99,3.50,5.00,0.00,50.06,upright_replica,true,one row per paid order,2026-09-08,America/Indiana/Indianapolis,USD
UP-20260908-0098,2026-09-08T19:00:00+00:00,DEMO-ITEM-20260908-0098,GW-002,eBay,DEMO-UPRIGHT-0009,"Wool cardigan, size S",Apparel,1,52.17,5.99,3.65,5.21,0.00,52.17,upright_replica,true,one row per paid order,2026-09-08,America/Indiana/Indianapolis,USD
UP-20260908-0099,2026-09-08T20:00:00+00:00,DEMO-ITEM-20260908-0099,GW-003,Goodwillfinds,DEMO-UPRIGHT-0010,Framed landscape print,Art,1,54.28,6.99,3.79,5.42,0.00,54.28,upright_replica,true,one row per paid order,2026-09-08,America/Indiana/Indianapolis,USD
UP-20260908-0100,2026-09-08T21:00:00+00:00,DEMO-ITEM-20260908-0100,GW-004,Shopgoodwill,DEMO-UPRIGHT-0011,Silver-tone necklace,Jewelry,1,56.39,7.99,3.94,5.63,0.00,56.39,upright_replica,true,one row per paid order,2026-09-08,America/Indiana/Indianapolis,USD
UP-20260908-0101,2026-09-08T18:00:00+00:00,DEMO-ITEM-20260908-0101,GW-005,eBay,DEMO-UPRIGHT-0012,Vintage ceramic vase,Home,1,58.50,3.99,4.09,5.85,0.00,58.50,upright_replica,true,one row per paid order,2026-09-08,America/Indiana/Indianapolis,USD
UP-20260908-0102,2026-09-08T19:00:00+00:00,DEMO-ITEM-20260908-0102,GW-006,Goodwillfinds,DEMO-UPRIGHT-0013,"Wool cardigan, size S",Apparel,1,60.61,4.99,4.24,6.06,0.00,60.61,upright_replica,true,one row per paid order,2026-09-08,America/Indiana/Indianapolis,USD
UP-20260908-0103,2026-09-08T20:00:00+00:00,DEMO-ITEM-20260908-0103,GW-007,Shopgoodwill,DEMO-UPRIGHT-0014,Framed landscape print,Art,1,62.72,5.99,4.39,6.27,31.36,31.36,upright_replica,true,one row per paid order,2026-09-08,America/Indiana/Indianapolis,USD
UP-20260908-0104,2026-09-08T21:00:00+00:00,DEMO-ITEM-20260908-0104,GW-008,eBay,DEMO-UPRIGHT-0015,Silver-tone necklace,Jewelry,1,64.83,6.99,4.53,6.48,0.00,64.83,upright_replica,true,one row per paid order,2026-09-08,America/Indiana/Indianapolis,USD
UP-20260908-0105,2026-09-08T18:00:00+00:00,DEMO-ITEM-20260908-0105,GW-009,Goodwillfinds,DEMO-UPRIGHT-0016,Vintage ceramic vase,Home,1,66.94,7.99,4.68,6.69,0.00,66.94,upright_replica,true,one row per paid order,2026-09-08,America/Indiana/Indianapolis,USD
UP-20260908-0106,2026-09-08T19:00:00+00:00,DEMO-ITEM-20260908-0106,GW-010,Shopgoodwill,DEMO-UPRIGHT-0017,"Wool cardigan, size S",Apparel,1,69.05,3.99,4.83,6.90,0.00,69.05,upright_replica,true,one row per paid order,2026-09-08,America/Indiana/Indianapolis,USD
UP-20260908-0107,2026-09-08T20:00:00+00:00,DEMO-ITEM-20260908-0107,GW-011,eBay,DEMO-UPRIGHT-0018,Framed landscape print,Art,1,71.16,4.99,4.98,7.11,0.00,71.16,upright_replica,true,one row per paid order,2026-09-08,America/Indiana/Indianapolis,USD
UP-20260908-0108,2026-09-08T21:00:00+00:00,DEMO-ITEM-20260908-0108,GW-012,Goodwillfinds,DEMO-UPRIGHT-0019,Silver-tone necklace,Jewelry,1,73.27,5.99,5.12,7.32,0.00,73.27,upright_replica,true,one row per paid order,2026-09-08,America/Indiana/Indianapolis,USD
UP-20260908-0109,2026-09-08T18:00:00+00:00,DEMO-ITEM-20260908-0109,GW-013,Shopgoodwill,DEMO-UPRIGHT-0020,Vintage ceramic vase,Home,1,75.38,6.99,5.27,7.53,0.00,75.38,upright_replica,true,one row per paid order,2026-09-08,America/Indiana/Indianapolis,USD
UP-20260908-0110,2026-09-08T19:00:00+00:00,DEMO-ITEM-20260908-0110,GW-014,eBay,DEMO-UPRIGHT-0021,"Wool cardigan, size S",Apparel,1,77.49,7.99,5.42,7.74,0.00,77.49,upright_replica,true,one row per paid order,2026-09-08,America/Indiana/Indianapolis,USD
UP-20260908-0111,2026-09-08T20:00:00+00:00,DEMO-ITEM-20260908-0111,GW-015,Goodwillfinds,DEMO-UPRIGHT-0022,Framed landscape print,Art,1,79.60,3.99,5.57,7.96,0.00,79.60,upright_replica,true,one row per paid order,2026-09-08,America/Indiana/Indianapolis,USD
UP-20260908-0112,2026-09-08T21:00:00+00:00,DEMO-ITEM-20260908-0112,GW-016,Shopgoodwill,DEMO-UPRIGHT-0023,Silver-tone necklace,Jewelry,1,81.71,4.99,5.71,8.17,0.00,81.71,upright_replica,true,one row per paid order,2026-09-08,America/Indiana/Indianapolis,USD
UP-20260908-0113,2026-09-08T18:00:00+00:00,DEMO-ITEM-20260908-0113,GW-017,eBay,DEMO-UPRIGHT-0024,Vintage ceramic vase,Home,1,83.82,5.99,5.86,8.38,0.00,83.82,upright_replica,true,one row per paid order,2026-09-08,America/Indiana/Indianapolis,USD
UP-20260908-0114,2026-09-08T19:00:00+00:00,DEMO-ITEM-20260908-0114,GW-018,Goodwillfinds,DEMO-UPRIGHT-0025,"Wool cardigan, size S",Apparel,1,85.93,6.99,6.01,8.59,0.00,85.93,upright_replica,true,one row per paid order,2026-09-08,America/Indiana/Indianapolis,USD
UP-20260908-0115,2026-09-08T20:00:00+00:00,DEMO-ITEM-20260908-0115,GW-019,Shopgoodwill,DEMO-UPRIGHT-0026,Framed landscape print,Art,1,88.04,7.99,6.16,8.80,0.00,88.04,upright_replica,true,one row per paid order,2026-09-08,America/Indiana/Indianapolis,USD
UP-20260908-0116,2026-09-08T21:00:00+00:00,DEMO-ITEM-20260908-0116,GW-020,eBay,DEMO-UPRIGHT-0027,Silver-tone necklace,Jewelry,1,90.15,3.99,6.31,9.01,0.00,90.15,upright_replica,true,one row per paid order,2026-09-08,America/Indiana/Indianapolis,USD
UP-20260908-0117,2026-09-08T18:00:00+00:00,DEMO-ITEM-20260908-0117,GW-021,Goodwillfinds,DEMO-UPRIGHT-0028,Vintage ceramic vase,Home,1,92.26,4.99,6.45,9.22,0.00,92.26,upright_replica,true,one row per paid order,2026-09-08,America/Indiana/Indianapolis,USD
UP-20260908-0118,2026-09-08T19:00:00+00:00,DEMO-ITEM-20260908-0118,GW-022,Shopgoodwill,DEMO-UPRIGHT-0029,"Wool cardigan, size S",Apparel,1,94.37,5.99,6.60,9.43,0.00,94.37,upright_replica,true,one row per paid order,2026-09-08,America/Indiana/Indianapolis,USD
UP-20260908-0119,2026-09-08T20:00:00+00:00,DEMO-ITEM-20260908-0119,GW-023,eBay,DEMO-UPRIGHT-0030,Framed landscape print,Art,1,96.48,6.99,6.75,9.64,0.00,96.48,upright_replica,true,one row per paid order,2026-09-08,America/Indiana/Indianapolis,USD
UP-20260908-0120,2026-09-08T21:00:00+00:00,DEMO-ITEM-20260908-0120,GW-024,Goodwillfinds,DEMO-UPRIGHT-0031,Silver-tone necklace,Jewelry,1,98.59,7.99,6.90,9.85,49.29,49.30,upright_replica,true,one row per paid order,2026-09-08,America/Indiana/Indianapolis,USD
UP-20260908-0121,2026-09-08T18:00:00+00:00,DEMO-ITEM-20260908-0121,GW-001,Shopgoodwill,DEMO-UPRIGHT-0032,Vintage ceramic vase,Home,1,15.70,3.99,1.09,1.57,0.00,15.70,upright_replica,true,one row per paid order,2026-09-08,America/Indiana/Indianapolis,USD
UP-20260908-0122,2026-09-08T19:00:00+00:00,DEMO-ITEM-20260908-0122,GW-002,eBay,DEMO-UPRIGHT-0033,"Wool cardigan, size S",Apparel,1,17.81,4.99,1.24,1.78,0.00,17.81,upright_replica,true,one row per paid order,2026-09-08,America/Indiana/Indianapolis,USD
UP-20260908-0123,2026-09-08T20:00:00+00:00,DEMO-ITEM-20260908-0123,GW-003,Goodwillfinds,DEMO-UPRIGHT-0034,Framed landscape print,Art,1,19.92,5.99,1.39,1.99,0.00,19.92,upright_replica,true,one row per paid order,2026-09-08,America/Indiana/Indianapolis,USD
UP-20260908-0124,2026-09-08T21:00:00+00:00,DEMO-ITEM-20260908-0124,GW-004,Shopgoodwill,DEMO-UPRIGHT-0035,Silver-tone necklace,Jewelry,1,22.03,6.99,1.54,2.20,0.00,22.03,upright_replica,true,one row per paid order,2026-09-08,America/Indiana/Indianapolis,USD
UP-20260908-0125,2026-09-08T18:00:00+00:00,DEMO-ITEM-20260908-0125,GW-005,eBay,DEMO-UPRIGHT-0036,Vintage ceramic vase,Home,1,24.14,7.99,1.68,2.41,0.00,24.14,upright_replica,true,one row per paid order,2026-09-08,America/Indiana/Indianapolis,USD
UP-20260908-0126,2026-09-08T19:00:00+00:00,DEMO-ITEM-20260908-0126,GW-006,Goodwillfinds,DEMO-UPRIGHT-0037,"Wool cardigan, size S",Apparel,1,26.25,3.99,1.83,2.62,0.00,26.25,upright_replica,true,one row per paid order,2026-09-08,America/Indiana/Indianapolis,USD
UP-20260908-0127,2026-09-08T20:00:00+00:00,DEMO-ITEM-20260908-0127,GW-007,Shopgoodwill,DEMO-UPRIGHT-0038,Framed landscape print,Art,1,28.36,4.99,1.98,2.83,0.00,28.36,upright_replica,true,one row per paid order,2026-09-08,America/Indiana/Indianapolis,USD
UP-20260908-0128,2026-09-08T21:00:00+00:00,DEMO-ITEM-20260908-0128,GW-008,eBay,DEMO-UPRIGHT-0039,Silver-tone necklace,Jewelry,1,30.47,5.99,2.13,3.04,0.00,30.47,upright_replica,true,one row per paid order,2026-09-08,America/Indiana/Indianapolis,USD
UP-20260909-0001,2026-09-09T18:00:00+00:00,DEMO-ITEM-20260909-0001,GW-001,Shopgoodwill,DEMO-UPRIGHT-0001,Vintage ceramic vase,Home,1,18.87,3.99,1.32,1.88,9.43,9.44,upright_replica,true,one row per paid order,2026-09-09,America/Indiana/Indianapolis,USD
UP-20260909-0002,2026-09-09T19:00:00+00:00,DEMO-ITEM-20260909-0002,GW-002,eBay,DEMO-UPRIGHT-0002,"Wool cardigan, size S",Apparel,1,20.98,4.99,1.46,2.09,0.00,20.98,upright_replica,true,one row per paid order,2026-09-09,America/Indiana/Indianapolis,USD
UP-20260909-0003,2026-09-09T20:00:00+00:00,DEMO-ITEM-20260909-0003,GW-003,Goodwillfinds,DEMO-UPRIGHT-0003,Framed landscape print,Art,1,23.09,5.99,1.61,2.30,0.00,23.09,upright_replica,true,one row per paid order,2026-09-09,America/Indiana/Indianapolis,USD
UP-20260909-0004,2026-09-09T21:00:00+00:00,DEMO-ITEM-20260909-0004,GW-004,Shopgoodwill,DEMO-UPRIGHT-0004,Silver-tone necklace,Jewelry,1,25.20,6.99,1.76,2.52,0.00,25.20,upright_replica,true,one row per paid order,2026-09-09,America/Indiana/Indianapolis,USD
UP-20260909-0005,2026-09-09T18:00:00+00:00,DEMO-ITEM-20260909-0005,GW-005,eBay,DEMO-UPRIGHT-0005,Vintage ceramic vase,Home,1,27.31,7.99,1.91,2.73,0.00,27.31,upright_replica,true,one row per paid order,2026-09-09,America/Indiana/Indianapolis,USD
UP-20260909-0006,2026-09-09T19:00:00+00:00,DEMO-ITEM-20260909-0006,GW-006,Goodwillfinds,DEMO-UPRIGHT-0006,"Wool cardigan, size S",Apparel,1,29.42,3.99,2.05,2.94,0.00,29.42,upright_replica,true,one row per paid order,2026-09-09,America/Indiana/Indianapolis,USD
UP-20260909-0007,2026-09-09T20:00:00+00:00,DEMO-ITEM-20260909-0007,GW-007,Shopgoodwill,DEMO-UPRIGHT-0007,Framed landscape print,Art,1,31.53,4.99,2.20,3.15,0.00,31.53,upright_replica,true,one row per paid order,2026-09-09,America/Indiana/Indianapolis,USD
UP-20260909-0008,2026-09-09T21:00:00+00:00,DEMO-ITEM-20260909-0008,GW-008,eBay,DEMO-UPRIGHT-0008,Silver-tone necklace,Jewelry,1,33.64,5.99,2.35,3.36,0.00,33.64,upright_replica,true,one row per paid order,2026-09-09,America/Indiana/Indianapolis,USD
UP-20260909-0009,2026-09-09T18:00:00+00:00,DEMO-ITEM-20260909-0009,GW-009,Goodwillfinds,DEMO-UPRIGHT-0009,Vintage ceramic vase,Home,1,35.75,6.99,2.50,3.57,0.00,35.75,upright_replica,true,one row per paid order,2026-09-09,America/Indiana/Indianapolis,USD
UP-20260909-0010,2026-09-09T19:00:00+00:00,DEMO-ITEM-20260909-0010,GW-010,Shopgoodwill,DEMO-UPRIGHT-0010,"Wool cardigan, size S",Apparel,1,37.86,7.99,2.65,3.78,0.00,37.86,upright_replica,true,one row per paid order,2026-09-09,America/Indiana/Indianapolis,USD
UP-20260909-0011,2026-09-09T20:00:00+00:00,DEMO-ITEM-20260909-0011,GW-011,eBay,DEMO-UPRIGHT-0011,Framed landscape print,Art,1,39.97,3.99,2.79,3.99,0.00,39.97,upright_replica,true,one row per paid order,2026-09-09,America/Indiana/Indianapolis,USD
UP-20260909-0012,2026-09-09T21:00:00+00:00,DEMO-ITEM-20260909-0012,GW-012,Goodwillfinds,DEMO-UPRIGHT-0012,Silver-tone necklace,Jewelry,1,42.08,4.99,2.94,4.20,0.00,42.08,upright_replica,true,one row per paid order,2026-09-09,America/Indiana/Indianapolis,USD
UP-20260909-0013,2026-09-09T18:00:00+00:00,DEMO-ITEM-20260909-0013,GW-013,Shopgoodwill,DEMO-UPRIGHT-0013,Vintage ceramic vase,Home,1,44.19,5.99,3.09,4.41,0.00,44.19,upright_replica,true,one row per paid order,2026-09-09,America/Indiana/Indianapolis,USD
UP-20260909-0014,2026-09-09T19:00:00+00:00,DEMO-ITEM-20260909-0014,GW-014,eBay,DEMO-UPRIGHT-0014,"Wool cardigan, size S",Apparel,1,46.30,6.99,3.24,4.63,0.00,46.30,upright_replica,true,one row per paid order,2026-09-09,America/Indiana/Indianapolis,USD
UP-20260909-0015,2026-09-09T20:00:00+00:00,DEMO-ITEM-20260909-0015,GW-015,Goodwillfinds,DEMO-UPRIGHT-0015,Framed landscape print,Art,1,48.41,7.99,3.38,4.84,0.00,48.41,upright_replica,true,one row per paid order,2026-09-09,America/Indiana/Indianapolis,USD
UP-20260909-0016,2026-09-09T21:00:00+00:00,DEMO-ITEM-20260909-0016,GW-016,Shopgoodwill,DEMO-UPRIGHT-0016,Silver-tone necklace,Jewelry,1,50.52,3.99,3.53,5.05,0.00,50.52,upright_replica,true,one row per paid order,2026-09-09,America/Indiana/Indianapolis,USD
UP-20260909-0017,2026-09-09T18:00:00+00:00,DEMO-ITEM-20260909-0017,GW-017,eBay,DEMO-UPRIGHT-0017,Vintage ceramic vase,Home,1,52.63,4.99,3.68,5.26,0.00,52.63,upright_replica,true,one row per paid order,2026-09-09,America/Indiana/Indianapolis,USD
UP-20260909-0018,2026-09-09T19:00:00+00:00,DEMO-ITEM-20260909-0018,GW-018,Goodwillfinds,DEMO-UPRIGHT-0018,"Wool cardigan, size S",Apparel,1,54.74,5.99,3.83,5.47,27.37,27.37,upright_replica,true,one row per paid order,2026-09-09,America/Indiana/Indianapolis,USD
UP-20260909-0019,2026-09-09T20:00:00+00:00,DEMO-ITEM-20260909-0019,GW-019,Shopgoodwill,DEMO-UPRIGHT-0019,Framed landscape print,Art,1,56.85,6.99,3.97,5.68,0.00,56.85,upright_replica,true,one row per paid order,2026-09-09,America/Indiana/Indianapolis,USD
UP-20260909-0020,2026-09-09T21:00:00+00:00,DEMO-ITEM-20260909-0020,GW-020,eBay,DEMO-UPRIGHT-0020,Silver-tone necklace,Jewelry,1,58.96,7.99,4.12,5.89,0.00,58.96,upright_replica,true,one row per paid order,2026-09-09,America/Indiana/Indianapolis,USD
UP-20260909-0021,2026-09-09T18:00:00+00:00,DEMO-ITEM-20260909-0021,GW-021,Goodwillfinds,DEMO-UPRIGHT-0021,Vintage ceramic vase,Home,1,61.07,3.99,4.27,6.10,0.00,61.07,upright_replica,true,one row per paid order,2026-09-09,America/Indiana/Indianapolis,USD
UP-20260909-0022,2026-09-09T19:00:00+00:00,DEMO-ITEM-20260909-0022,GW-022,Shopgoodwill,DEMO-UPRIGHT-0022,"Wool cardigan, size S",Apparel,1,63.18,4.99,4.42,6.31,0.00,63.18,upright_replica,true,one row per paid order,2026-09-09,America/Indiana/Indianapolis,USD
UP-20260909-0023,2026-09-09T20:00:00+00:00,DEMO-ITEM-20260909-0023,GW-023,eBay,DEMO-UPRIGHT-0023,Framed landscape print,Art,1,65.29,5.99,4.57,6.52,0.00,65.29,upright_replica,true,one row per paid order,2026-09-09,America/Indiana/Indianapolis,USD
UP-20260909-0024,2026-09-09T21:00:00+00:00,DEMO-ITEM-20260909-0024,GW-024,Goodwillfinds,DEMO-UPRIGHT-0024,Silver-tone necklace,Jewelry,1,67.40,6.99,4.71,6.74,0.00,67.40,upright_replica,true,one row per paid order,2026-09-09,America/Indiana/Indianapolis,USD
UP-20260909-0025,2026-09-09T18:00:00+00:00,DEMO-ITEM-20260909-0025,GW-001,Shopgoodwill,DEMO-UPRIGHT-0025,Vintage ceramic vase,Home,1,69.51,7.99,4.86,6.95,0.00,69.51,upright_replica,true,one row per paid order,2026-09-09,America/Indiana/Indianapolis,USD
UP-20260909-0026,2026-09-09T19:00:00+00:00,DEMO-ITEM-20260909-0026,GW-002,eBay,DEMO-UPRIGHT-0026,"Wool cardigan, size S",Apparel,1,71.62,3.99,5.01,7.16,0.00,71.62,upright_replica,true,one row per paid order,2026-09-09,America/Indiana/Indianapolis,USD
UP-20260909-0027,2026-09-09T20:00:00+00:00,DEMO-ITEM-20260909-0027,GW-003,Goodwillfinds,DEMO-UPRIGHT-0027,Framed landscape print,Art,1,73.73,4.99,5.16,7.37,0.00,73.73,upright_replica,true,one row per paid order,2026-09-09,America/Indiana/Indianapolis,USD
UP-20260909-0028,2026-09-09T21:00:00+00:00,DEMO-ITEM-20260909-0028,GW-004,Shopgoodwill,DEMO-UPRIGHT-0028,Silver-tone necklace,Jewelry,1,75.84,5.99,5.30,7.58,0.00,75.84,upright_replica,true,one row per paid order,2026-09-09,America/Indiana/Indianapolis,USD
UP-20260909-0029,2026-09-09T18:00:00+00:00,DEMO-ITEM-20260909-0029,GW-005,eBay,DEMO-UPRIGHT-0029,Vintage ceramic vase,Home,1,77.95,6.99,5.45,7.79,0.00,77.95,upright_replica,true,one row per paid order,2026-09-09,America/Indiana/Indianapolis,USD
UP-20260909-0030,2026-09-09T19:00:00+00:00,DEMO-ITEM-20260909-0030,GW-006,Goodwillfinds,DEMO-UPRIGHT-0030,"Wool cardigan, size S",Apparel,1,80.06,7.99,5.60,8.00,0.00,80.06,upright_replica,true,one row per paid order,2026-09-09,America/Indiana/Indianapolis,USD
UP-20260909-0031,2026-09-09T20:00:00+00:00,DEMO-ITEM-20260909-0031,GW-007,Shopgoodwill,DEMO-UPRIGHT-0031,Framed landscape print,Art,1,82.17,3.99,5.75,8.21,0.00,82.17,upright_replica,true,one row per paid order,2026-09-09,America/Indiana/Indianapolis,USD
UP-20260909-0032,2026-09-09T21:00:00+00:00,DEMO-ITEM-20260909-0032,GW-008,eBay,DEMO-UPRIGHT-0032,Silver-tone necklace,Jewelry,1,84.28,4.99,5.89,8.42,0.00,84.28,upright_replica,true,one row per paid order,2026-09-09,America/Indiana/Indianapolis,USD
UP-20260909-0033,2026-09-09T18:00:00+00:00,DEMO-ITEM-20260909-0033,GW-009,Goodwillfinds,DEMO-UPRIGHT-0033,Vintage ceramic vase,Home,1,86.39,5.99,6.04,8.63,0.00,86.39,upright_replica,true,one row per paid order,2026-09-09,America/Indiana/Indianapolis,USD
UP-20260909-0034,2026-09-09T19:00:00+00:00,DEMO-ITEM-20260909-0034,GW-010,Shopgoodwill,DEMO-UPRIGHT-0034,"Wool cardigan, size S",Apparel,1,88.50,6.99,6.19,8.85,0.00,88.50,upright_replica,true,one row per paid order,2026-09-09,America/Indiana/Indianapolis,USD
UP-20260909-0035,2026-09-09T20:00:00+00:00,DEMO-ITEM-20260909-0035,GW-011,eBay,DEMO-UPRIGHT-0035,Framed landscape print,Art,1,90.61,7.99,6.34,9.06,45.30,45.31,upright_replica,true,one row per paid order,2026-09-09,America/Indiana/Indianapolis,USD
UP-20260909-0036,2026-09-09T21:00:00+00:00,DEMO-ITEM-20260909-0036,GW-012,Goodwillfinds,DEMO-UPRIGHT-0036,Silver-tone necklace,Jewelry,1,92.72,3.99,6.49,9.27,0.00,92.72,upright_replica,true,one row per paid order,2026-09-09,America/Indiana/Indianapolis,USD
UP-20260909-0037,2026-09-09T18:00:00+00:00,DEMO-ITEM-20260909-0037,GW-013,Shopgoodwill,DEMO-UPRIGHT-0037,Vintage ceramic vase,Home,1,94.83,4.99,6.63,9.48,0.00,94.83,upright_replica,true,one row per paid order,2026-09-09,America/Indiana/Indianapolis,USD
UP-20260909-0038,2026-09-09T19:00:00+00:00,DEMO-ITEM-20260909-0038,GW-014,eBay,DEMO-UPRIGHT-0038,"Wool cardigan, size S",Apparel,1,96.94,5.99,6.78,9.69,0.00,96.94,upright_replica,true,one row per paid order,2026-09-09,America/Indiana/Indianapolis,USD
UP-20260909-0039,2026-09-09T20:00:00+00:00,DEMO-ITEM-20260909-0039,GW-015,Goodwillfinds,DEMO-UPRIGHT-0039,Framed landscape print,Art,1,99.05,6.99,6.93,9.90,0.00,99.05,upright_replica,true,one row per paid order,2026-09-09,America/Indiana/Indianapolis,USD
UP-20260909-0040,2026-09-09T21:00:00+00:00,DEMO-ITEM-20260909-0040,GW-016,Shopgoodwill,DEMO-UPRIGHT-0040,Silver-tone necklace,Jewelry,1,16.16,7.99,1.13,1.61,0.00,16.16,upright_replica,true,one row per paid order,2026-09-09,America/Indiana/Indianapolis,USD
UP-20260909-0041,2026-09-09T18:00:00+00:00,DEMO-ITEM-20260909-0041,GW-017,eBay,DEMO-UPRIGHT-0041,Vintage ceramic vase,Home,1,18.27,3.99,1.27,1.82,0.00,18.27,upright_replica,true,one row per paid order,2026-09-09,America/Indiana/Indianapolis,USD
UP-20260909-0042,2026-09-09T19:00:00+00:00,DEMO-ITEM-20260909-0042,GW-018,Goodwillfinds,DEMO-UPRIGHT-0042,"Wool cardigan, size S",Apparel,1,20.38,4.99,1.42,2.03,0.00,20.38,upright_replica,true,one row per paid order,2026-09-09,America/Indiana/Indianapolis,USD
UP-20260909-0043,2026-09-09T20:00:00+00:00,DEMO-ITEM-20260909-0043,GW-019,Shopgoodwill,DEMO-UPRIGHT-0043,Framed landscape print,Art,1,22.49,5.99,1.57,2.24,0.00,22.49,upright_replica,true,one row per paid order,2026-09-09,America/Indiana/Indianapolis,USD
UP-20260909-0044,2026-09-09T21:00:00+00:00,DEMO-ITEM-20260909-0044,GW-020,eBay,DEMO-UPRIGHT-0044,Silver-tone necklace,Jewelry,1,24.60,6.99,1.72,2.46,0.00,24.60,upright_replica,true,one row per paid order,2026-09-09,America/Indiana/Indianapolis,USD
UP-20260909-0045,2026-09-09T18:00:00+00:00,DEMO-ITEM-20260909-0045,GW-021,Goodwillfinds,DEMO-UPRIGHT-0045,Vintage ceramic vase,Home,1,26.71,7.99,1.86,2.67,0.00,26.71,upright_replica,true,one row per paid order,2026-09-09,America/Indiana/Indianapolis,USD
UP-20260909-0046,2026-09-09T19:00:00+00:00,DEMO-ITEM-20260909-0046,GW-022,Shopgoodwill,DEMO-UPRIGHT-0046,"Wool cardigan, size S",Apparel,1,28.82,3.99,2.01,2.88,0.00,28.82,upright_replica,true,one row per paid order,2026-09-09,America/Indiana/Indianapolis,USD
UP-20260909-0047,2026-09-09T20:00:00+00:00,DEMO-ITEM-20260909-0047,GW-023,eBay,DEMO-UPRIGHT-0047,Framed landscape print,Art,1,30.93,4.99,2.16,3.09,0.00,30.93,upright_replica,true,one row per paid order,2026-09-09,America/Indiana/Indianapolis,USD
UP-20260909-0048,2026-09-09T21:00:00+00:00,DEMO-ITEM-20260909-0048,GW-024,Goodwillfinds,DEMO-UPRIGHT-0048,Silver-tone necklace,Jewelry,1,33.04,5.99,2.31,3.30,0.00,33.04,upright_replica,true,one row per paid order,2026-09-09,America/Indiana/Indianapolis,USD
UP-20260909-0049,2026-09-09T18:00:00+00:00,DEMO-ITEM-20260909-0049,GW-001,Shopgoodwill,DEMO-UPRIGHT-0049,Vintage ceramic vase,Home,1,35.15,6.99,2.46,3.51,0.00,35.15,upright_replica,true,one row per paid order,2026-09-09,America/Indiana/Indianapolis,USD
UP-20260909-0050,2026-09-09T19:00:00+00:00,DEMO-ITEM-20260909-0050,GW-002,eBay,DEMO-UPRIGHT-0050,"Wool cardigan, size S",Apparel,1,37.26,7.99,2.60,3.72,0.00,37.26,upright_replica,true,one row per paid order,2026-09-09,America/Indiana/Indianapolis,USD
UP-20260909-0051,2026-09-09T20:00:00+00:00,DEMO-ITEM-20260909-0051,GW-003,Goodwillfinds,DEMO-UPRIGHT-0051,Framed landscape print,Art,1,39.37,3.99,2.75,3.93,0.00,39.37,upright_replica,true,one row per paid order,2026-09-09,America/Indiana/Indianapolis,USD
UP-20260909-0052,2026-09-09T21:00:00+00:00,DEMO-ITEM-20260909-0052,GW-004,Shopgoodwill,DEMO-UPRIGHT-0052,Silver-tone necklace,Jewelry,1,41.48,4.99,2.90,4.14,20.74,20.74,upright_replica,true,one row per paid order,2026-09-09,America/Indiana/Indianapolis,USD
UP-20260909-0053,2026-09-09T18:00:00+00:00,DEMO-ITEM-20260909-0053,GW-005,eBay,DEMO-UPRIGHT-0053,Vintage ceramic vase,Home,1,43.59,5.99,3.05,4.35,0.00,43.59,upright_replica,true,one row per paid order,2026-09-09,America/Indiana/Indianapolis,USD
UP-20260909-0054,2026-09-09T19:00:00+00:00,DEMO-ITEM-20260909-0054,GW-006,Goodwillfinds,DEMO-UPRIGHT-0054,"Wool cardigan, size S",Apparel,1,45.70,6.99,3.19,4.57,0.00,45.70,upright_replica,true,one row per paid order,2026-09-09,America/Indiana/Indianapolis,USD
UP-20260909-0055,2026-09-09T20:00:00+00:00,DEMO-ITEM-20260909-0055,GW-007,Shopgoodwill,DEMO-UPRIGHT-0055,Framed landscape print,Art,1,47.81,7.99,3.34,4.78,0.00,47.81,upright_replica,true,one row per paid order,2026-09-09,America/Indiana/Indianapolis,USD
UP-20260909-0056,2026-09-09T21:00:00+00:00,DEMO-ITEM-20260909-0056,GW-008,eBay,DEMO-UPRIGHT-0056,Silver-tone necklace,Jewelry,1,49.92,3.99,3.49,4.99,0.00,49.92,upright_replica,true,one row per paid order,2026-09-09,America/Indiana/Indianapolis,USD
UP-20260909-0057,2026-09-09T18:00:00+00:00,DEMO-ITEM-20260909-0057,GW-009,Goodwillfinds,DEMO-UPRIGHT-0057,Vintage ceramic vase,Home,1,52.03,4.99,3.64,5.20,0.00,52.03,upright_replica,true,one row per paid order,2026-09-09,America/Indiana/Indianapolis,USD
UP-20260909-0058,2026-09-09T19:00:00+00:00,DEMO-ITEM-20260909-0058,GW-010,Shopgoodwill,DEMO-UPRIGHT-0058,"Wool cardigan, size S",Apparel,1,54.14,5.99,3.78,5.41,0.00,54.14,upright_replica,true,one row per paid order,2026-09-09,America/Indiana/Indianapolis,USD
UP-20260909-0059,2026-09-09T20:00:00+00:00,DEMO-ITEM-20260909-0059,GW-011,eBay,DEMO-UPRIGHT-0059,Framed landscape print,Art,1,56.25,6.99,3.93,5.62,0.00,56.25,upright_replica,true,one row per paid order,2026-09-09,America/Indiana/Indianapolis,USD
UP-20260909-0060,2026-09-09T21:00:00+00:00,DEMO-ITEM-20260909-0060,GW-012,Goodwillfinds,DEMO-UPRIGHT-0060,Silver-tone necklace,Jewelry,1,58.36,7.99,4.08,5.83,0.00,58.36,upright_replica,true,one row per paid order,2026-09-09,America/Indiana/Indianapolis,USD
UP-20260909-0061,2026-09-09T18:00:00+00:00,DEMO-ITEM-20260909-0061,GW-013,Shopgoodwill,DEMO-UPRIGHT-0061,Vintage ceramic vase,Home,1,60.47,3.99,4.23,6.04,0.00,60.47,upright_replica,true,one row per paid order,2026-09-09,America/Indiana/Indianapolis,USD
UP-20260909-0062,2026-09-09T19:00:00+00:00,DEMO-ITEM-20260909-0062,GW-014,eBay,DEMO-UPRIGHT-0062,"Wool cardigan, size S",Apparel,1,62.58,4.99,4.38,6.25,0.00,62.58,upright_replica,true,one row per paid order,2026-09-09,America/Indiana/Indianapolis,USD
UP-20260909-0063,2026-09-09T20:00:00+00:00,DEMO-ITEM-20260909-0063,GW-015,Goodwillfinds,DEMO-UPRIGHT-0063,Framed landscape print,Art,1,64.69,5.99,4.52,6.46,0.00,64.69,upright_replica,true,one row per paid order,2026-09-09,America/Indiana/Indianapolis,USD
UP-20260909-0064,2026-09-09T21:00:00+00:00,DEMO-ITEM-20260909-0064,GW-016,Shopgoodwill,DEMO-UPRIGHT-0064,Silver-tone necklace,Jewelry,1,66.80,6.99,4.67,6.68,0.00,66.80,upright_replica,true,one row per paid order,2026-09-09,America/Indiana/Indianapolis,USD
UP-20260909-0065,2026-09-09T18:00:00+00:00,DEMO-ITEM-20260909-0065,GW-017,eBay,DEMO-UPRIGHT-0065,Vintage ceramic vase,Home,1,68.91,7.99,4.82,6.89,0.00,68.91,upright_replica,true,one row per paid order,2026-09-09,America/Indiana/Indianapolis,USD
UP-20260909-0066,2026-09-09T19:00:00+00:00,DEMO-ITEM-20260909-0066,GW-018,Goodwillfinds,DEMO-UPRIGHT-0066,"Wool cardigan, size S",Apparel,1,71.02,3.99,4.97,7.10,0.00,71.02,upright_replica,true,one row per paid order,2026-09-09,America/Indiana/Indianapolis,USD
UP-20260909-0067,2026-09-09T20:00:00+00:00,DEMO-ITEM-20260909-0067,GW-019,Shopgoodwill,DEMO-UPRIGHT-0067,Framed landscape print,Art,1,73.13,4.99,5.11,7.31,0.00,73.13,upright_replica,true,one row per paid order,2026-09-09,America/Indiana/Indianapolis,USD
UP-20260909-0068,2026-09-09T21:00:00+00:00,DEMO-ITEM-20260909-0068,GW-020,eBay,DEMO-UPRIGHT-0068,Silver-tone necklace,Jewelry,1,75.24,5.99,5.26,7.52,0.00,75.24,upright_replica,true,one row per paid order,2026-09-09,America/Indiana/Indianapolis,USD
UP-20260909-0069,2026-09-09T18:00:00+00:00,DEMO-ITEM-20260909-0069,GW-021,Goodwillfinds,DEMO-UPRIGHT-0069,Vintage ceramic vase,Home,1,77.35,6.99,5.41,7.73,38.67,38.68,upright_replica,true,one row per paid order,2026-09-09,America/Indiana/Indianapolis,USD
UP-20260909-0070,2026-09-09T19:00:00+00:00,DEMO-ITEM-20260909-0070,GW-022,Shopgoodwill,DEMO-UPRIGHT-0070,"Wool cardigan, size S",Apparel,1,79.46,7.99,5.56,7.94,0.00,79.46,upright_replica,true,one row per paid order,2026-09-09,America/Indiana/Indianapolis,USD
UP-20260909-0071,2026-09-09T20:00:00+00:00,DEMO-ITEM-20260909-0071,GW-023,eBay,DEMO-UPRIGHT-0071,Framed landscape print,Art,1,81.57,3.99,5.70,8.15,0.00,81.57,upright_replica,true,one row per paid order,2026-09-09,America/Indiana/Indianapolis,USD
UP-20260909-0072,2026-09-09T21:00:00+00:00,DEMO-ITEM-20260909-0072,GW-024,Goodwillfinds,DEMO-UPRIGHT-0072,Silver-tone necklace,Jewelry,1,83.68,4.99,5.85,8.36,0.00,83.68,upright_replica,true,one row per paid order,2026-09-09,America/Indiana/Indianapolis,USD
UP-20260909-0073,2026-09-09T18:00:00+00:00,DEMO-ITEM-20260909-0073,GW-001,Shopgoodwill,DEMO-UPRIGHT-0073,Vintage ceramic vase,Home,1,85.79,5.99,6.00,8.57,0.00,85.79,upright_replica,true,one row per paid order,2026-09-09,America/Indiana/Indianapolis,USD
UP-20260909-0074,2026-09-09T19:00:00+00:00,DEMO-ITEM-20260909-0074,GW-002,eBay,DEMO-UPRIGHT-0074,"Wool cardigan, size S",Apparel,1,87.90,6.99,6.15,8.79,0.00,87.90,upright_replica,true,one row per paid order,2026-09-09,America/Indiana/Indianapolis,USD
UP-20260909-0075,2026-09-09T20:00:00+00:00,DEMO-ITEM-20260909-0075,GW-003,Goodwillfinds,DEMO-UPRIGHT-0075,Framed landscape print,Art,1,90.01,7.99,6.30,9.00,0.00,90.01,upright_replica,true,one row per paid order,2026-09-09,America/Indiana/Indianapolis,USD
UP-20260909-0076,2026-09-09T21:00:00+00:00,DEMO-ITEM-20260909-0076,GW-004,Shopgoodwill,DEMO-UPRIGHT-0076,Silver-tone necklace,Jewelry,1,92.12,3.99,6.44,9.21,0.00,92.12,upright_replica,true,one row per paid order,2026-09-09,America/Indiana/Indianapolis,USD
UP-20260909-0077,2026-09-09T18:00:00+00:00,DEMO-ITEM-20260909-0077,GW-005,eBay,DEMO-UPRIGHT-0077,Vintage ceramic vase,Home,1,94.23,4.99,6.59,9.42,0.00,94.23,upright_replica,true,one row per paid order,2026-09-09,America/Indiana/Indianapolis,USD
UP-20260909-0078,2026-09-09T19:00:00+00:00,DEMO-ITEM-20260909-0078,GW-006,Goodwillfinds,DEMO-UPRIGHT-0078,"Wool cardigan, size S",Apparel,1,96.34,5.99,6.74,9.63,0.00,96.34,upright_replica,true,one row per paid order,2026-09-09,America/Indiana/Indianapolis,USD
UP-20260909-0079,2026-09-09T20:00:00+00:00,DEMO-ITEM-20260909-0079,GW-007,Shopgoodwill,DEMO-UPRIGHT-0079,Framed landscape print,Art,1,98.45,6.99,6.89,9.84,0.00,98.45,upright_replica,true,one row per paid order,2026-09-09,America/Indiana/Indianapolis,USD
UP-20260909-0080,2026-09-09T21:00:00+00:00,DEMO-ITEM-20260909-0080,GW-008,eBay,DEMO-UPRIGHT-0080,Silver-tone necklace,Jewelry,1,15.56,7.99,1.08,1.55,0.00,15.56,upright_replica,true,one row per paid order,2026-09-09,America/Indiana/Indianapolis,USD
UP-20260909-0081,2026-09-09T18:00:00+00:00,DEMO-ITEM-20260909-0081,GW-009,Goodwillfinds,DEMO-UPRIGHT-0081,Vintage ceramic vase,Home,1,17.67,3.99,1.23,1.76,0.00,17.67,upright_replica,true,one row per paid order,2026-09-09,America/Indiana/Indianapolis,USD
UP-20260909-0082,2026-09-09T19:00:00+00:00,DEMO-ITEM-20260909-0082,GW-010,Shopgoodwill,DEMO-UPRIGHT-0082,"Wool cardigan, size S",Apparel,1,19.78,4.99,1.38,1.97,0.00,19.78,upright_replica,true,one row per paid order,2026-09-09,America/Indiana/Indianapolis,USD
UP-20260909-0083,2026-09-09T20:00:00+00:00,DEMO-ITEM-20260909-0083,GW-011,eBay,DEMO-UPRIGHT-0083,Framed landscape print,Art,1,21.89,5.99,1.53,2.18,0.00,21.89,upright_replica,true,one row per paid order,2026-09-09,America/Indiana/Indianapolis,USD
UP-20260909-0084,2026-09-09T21:00:00+00:00,DEMO-ITEM-20260909-0084,GW-012,Goodwillfinds,DEMO-UPRIGHT-0084,Silver-tone necklace,Jewelry,1,24.00,6.99,1.68,2.40,0.00,24.00,upright_replica,true,one row per paid order,2026-09-09,America/Indiana/Indianapolis,USD
UP-20260909-0085,2026-09-09T18:00:00+00:00,DEMO-ITEM-20260909-0085,GW-013,Shopgoodwill,DEMO-UPRIGHT-0085,Vintage ceramic vase,Home,1,26.11,7.99,1.82,2.61,0.00,26.11,upright_replica,true,one row per paid order,2026-09-09,America/Indiana/Indianapolis,USD
UP-20260909-0086,2026-09-09T19:00:00+00:00,DEMO-ITEM-20260909-0086,GW-014,eBay,DEMO-UPRIGHT-0086,"Wool cardigan, size S",Apparel,1,28.22,3.99,1.97,2.82,14.11,14.11,upright_replica,true,one row per paid order,2026-09-09,America/Indiana/Indianapolis,USD
UP-20260909-0087,2026-09-09T20:00:00+00:00,DEMO-ITEM-20260909-0087,GW-015,Goodwillfinds,DEMO-UPRIGHT-0087,Framed landscape print,Art,1,30.33,4.99,2.12,3.03,0.00,30.33,upright_replica,true,one row per paid order,2026-09-09,America/Indiana/Indianapolis,USD
UP-20260909-0088,2026-09-09T21:00:00+00:00,DEMO-ITEM-20260909-0088,GW-016,Shopgoodwill,DEMO-UPRIGHT-0088,Silver-tone necklace,Jewelry,1,32.44,5.99,2.27,3.24,0.00,32.44,upright_replica,true,one row per paid order,2026-09-09,America/Indiana/Indianapolis,USD
UP-20260909-0089,2026-09-09T18:00:00+00:00,DEMO-ITEM-20260909-0089,GW-017,eBay,DEMO-UPRIGHT-0089,Vintage ceramic vase,Home,1,34.55,6.99,2.41,3.45,0.00,34.55,upright_replica,true,one row per paid order,2026-09-09,America/Indiana/Indianapolis,USD
UP-20260909-0090,2026-09-09T19:00:00+00:00,DEMO-ITEM-20260909-0090,GW-018,Goodwillfinds,DEMO-UPRIGHT-0001,"Wool cardigan, size S",Apparel,1,36.66,7.99,2.56,3.66,0.00,36.66,upright_replica,true,one row per paid order,2026-09-09,America/Indiana/Indianapolis,USD
UP-20260909-0091,2026-09-09T20:00:00+00:00,DEMO-ITEM-20260909-0091,GW-019,Shopgoodwill,DEMO-UPRIGHT-0002,Framed landscape print,Art,1,38.77,3.99,2.71,3.87,0.00,38.77,upright_replica,true,one row per paid order,2026-09-09,America/Indiana/Indianapolis,USD
UP-20260909-0092,2026-09-09T21:00:00+00:00,DEMO-ITEM-20260909-0092,GW-020,eBay,DEMO-UPRIGHT-0003,Silver-tone necklace,Jewelry,1,40.88,4.99,2.86,4.08,0.00,40.88,upright_replica,true,one row per paid order,2026-09-09,America/Indiana/Indianapolis,USD
UP-20260909-0093,2026-09-09T18:00:00+00:00,DEMO-ITEM-20260909-0093,GW-021,Goodwillfinds,DEMO-UPRIGHT-0004,Vintage ceramic vase,Home,1,42.99,5.99,3.00,4.29,0.00,42.99,upright_replica,true,one row per paid order,2026-09-09,America/Indiana/Indianapolis,USD
UP-20260909-0094,2026-09-09T19:00:00+00:00,DEMO-ITEM-20260909-0094,GW-022,Shopgoodwill,DEMO-UPRIGHT-0005,"Wool cardigan, size S",Apparel,1,45.10,6.99,3.15,4.51,0.00,45.10,upright_replica,true,one row per paid order,2026-09-09,America/Indiana/Indianapolis,USD
UP-20260909-0095,2026-09-09T20:00:00+00:00,DEMO-ITEM-20260909-0095,GW-023,eBay,DEMO-UPRIGHT-0006,Framed landscape print,Art,1,47.21,7.99,3.30,4.72,0.00,47.21,upright_replica,true,one row per paid order,2026-09-09,America/Indiana/Indianapolis,USD
UP-20260909-0096,2026-09-09T21:00:00+00:00,DEMO-ITEM-20260909-0096,GW-024,Goodwillfinds,DEMO-UPRIGHT-0007,Silver-tone necklace,Jewelry,1,49.32,3.99,3.45,4.93,0.00,49.32,upright_replica,true,one row per paid order,2026-09-09,America/Indiana/Indianapolis,USD
UP-20260909-0097,2026-09-09T18:00:00+00:00,DEMO-ITEM-20260909-0097,GW-001,Shopgoodwill,DEMO-UPRIGHT-0008,Vintage ceramic vase,Home,1,51.43,4.99,3.60,5.14,0.00,51.43,upright_replica,true,one row per paid order,2026-09-09,America/Indiana/Indianapolis,USD
UP-20260909-0098,2026-09-09T19:00:00+00:00,DEMO-ITEM-20260909-0098,GW-002,eBay,DEMO-UPRIGHT-0009,"Wool cardigan, size S",Apparel,1,53.54,5.99,3.74,5.35,0.00,53.54,upright_replica,true,one row per paid order,2026-09-09,America/Indiana/Indianapolis,USD
UP-20260909-0099,2026-09-09T20:00:00+00:00,DEMO-ITEM-20260909-0099,GW-003,Goodwillfinds,DEMO-UPRIGHT-0010,Framed landscape print,Art,1,55.65,6.99,3.89,5.56,0.00,55.65,upright_replica,true,one row per paid order,2026-09-09,America/Indiana/Indianapolis,USD
UP-20260909-0100,2026-09-09T21:00:00+00:00,DEMO-ITEM-20260909-0100,GW-004,Shopgoodwill,DEMO-UPRIGHT-0011,Silver-tone necklace,Jewelry,1,57.76,7.99,4.04,5.77,0.00,57.76,upright_replica,true,one row per paid order,2026-09-09,America/Indiana/Indianapolis,USD
UP-20260909-0101,2026-09-09T18:00:00+00:00,DEMO-ITEM-20260909-0101,GW-005,eBay,DEMO-UPRIGHT-0012,Vintage ceramic vase,Home,1,59.87,3.99,4.19,5.98,0.00,59.87,upright_replica,true,one row per paid order,2026-09-09,America/Indiana/Indianapolis,USD
UP-20260909-0102,2026-09-09T19:00:00+00:00,DEMO-ITEM-20260909-0102,GW-006,Goodwillfinds,DEMO-UPRIGHT-0013,"Wool cardigan, size S",Apparel,1,61.98,4.99,4.33,6.19,0.00,61.98,upright_replica,true,one row per paid order,2026-09-09,America/Indiana/Indianapolis,USD
UP-20260909-0103,2026-09-09T20:00:00+00:00,DEMO-ITEM-20260909-0103,GW-007,Shopgoodwill,DEMO-UPRIGHT-0014,Framed landscape print,Art,1,64.09,5.99,4.48,6.40,32.04,32.05,upright_replica,true,one row per paid order,2026-09-09,America/Indiana/Indianapolis,USD
UP-20260909-0104,2026-09-09T21:00:00+00:00,DEMO-ITEM-20260909-0104,GW-008,eBay,DEMO-UPRIGHT-0015,Silver-tone necklace,Jewelry,1,66.20,6.99,4.63,6.62,0.00,66.20,upright_replica,true,one row per paid order,2026-09-09,America/Indiana/Indianapolis,USD
UP-20260909-0105,2026-09-09T18:00:00+00:00,DEMO-ITEM-20260909-0105,GW-009,Goodwillfinds,DEMO-UPRIGHT-0016,Vintage ceramic vase,Home,1,68.31,7.99,4.78,6.83,0.00,68.31,upright_replica,true,one row per paid order,2026-09-09,America/Indiana/Indianapolis,USD
UP-20260909-0106,2026-09-09T19:00:00+00:00,DEMO-ITEM-20260909-0106,GW-010,Shopgoodwill,DEMO-UPRIGHT-0017,"Wool cardigan, size S",Apparel,1,70.42,3.99,4.92,7.04,0.00,70.42,upright_replica,true,one row per paid order,2026-09-09,America/Indiana/Indianapolis,USD
UP-20260909-0107,2026-09-09T20:00:00+00:00,DEMO-ITEM-20260909-0107,GW-011,eBay,DEMO-UPRIGHT-0018,Framed landscape print,Art,1,72.53,4.99,5.07,7.25,0.00,72.53,upright_replica,true,one row per paid order,2026-09-09,America/Indiana/Indianapolis,USD
UP-20260909-0108,2026-09-09T21:00:00+00:00,DEMO-ITEM-20260909-0108,GW-012,Goodwillfinds,DEMO-UPRIGHT-0019,Silver-tone necklace,Jewelry,1,74.64,5.99,5.22,7.46,0.00,74.64,upright_replica,true,one row per paid order,2026-09-09,America/Indiana/Indianapolis,USD
UP-20260909-0109,2026-09-09T18:00:00+00:00,DEMO-ITEM-20260909-0109,GW-013,Shopgoodwill,DEMO-UPRIGHT-0020,Vintage ceramic vase,Home,1,76.75,6.99,5.37,7.67,0.00,76.75,upright_replica,true,one row per paid order,2026-09-09,America/Indiana/Indianapolis,USD
UP-20260909-0110,2026-09-09T19:00:00+00:00,DEMO-ITEM-20260909-0110,GW-014,eBay,DEMO-UPRIGHT-0021,"Wool cardigan, size S",Apparel,1,78.86,7.99,5.52,7.88,0.00,78.86,upright_replica,true,one row per paid order,2026-09-09,America/Indiana/Indianapolis,USD
UP-20260909-0111,2026-09-09T20:00:00+00:00,DEMO-ITEM-20260909-0111,GW-015,Goodwillfinds,DEMO-UPRIGHT-0022,Framed landscape print,Art,1,80.97,3.99,5.66,8.09,0.00,80.97,upright_replica,true,one row per paid order,2026-09-09,America/Indiana/Indianapolis,USD
UP-20260909-0112,2026-09-09T21:00:00+00:00,DEMO-ITEM-20260909-0112,GW-016,Shopgoodwill,DEMO-UPRIGHT-0023,Silver-tone necklace,Jewelry,1,83.08,4.99,5.81,8.30,0.00,83.08,upright_replica,true,one row per paid order,2026-09-09,America/Indiana/Indianapolis,USD
UP-20260909-0113,2026-09-09T18:00:00+00:00,DEMO-ITEM-20260909-0113,GW-017,eBay,DEMO-UPRIGHT-0024,Vintage ceramic vase,Home,1,85.19,5.99,5.96,8.51,0.00,85.19,upright_replica,true,one row per paid order,2026-09-09,America/Indiana/Indianapolis,USD
UP-20260909-0114,2026-09-09T19:00:00+00:00,DEMO-ITEM-20260909-0114,GW-018,Goodwillfinds,DEMO-UPRIGHT-0025,"Wool cardigan, size S",Apparel,1,87.30,6.99,6.11,8.73,0.00,87.30,upright_replica,true,one row per paid order,2026-09-09,America/Indiana/Indianapolis,USD
UP-20260909-0115,2026-09-09T20:00:00+00:00,DEMO-ITEM-20260909-0115,GW-019,Shopgoodwill,DEMO-UPRIGHT-0026,Framed landscape print,Art,1,89.41,7.99,6.25,8.94,0.00,89.41,upright_replica,true,one row per paid order,2026-09-09,America/Indiana/Indianapolis,USD
UP-20260909-0116,2026-09-09T21:00:00+00:00,DEMO-ITEM-20260909-0116,GW-020,eBay,DEMO-UPRIGHT-0027,Silver-tone necklace,Jewelry,1,91.52,3.99,6.40,9.15,0.00,91.52,upright_replica,true,one row per paid order,2026-09-09,America/Indiana/Indianapolis,USD
UP-20260909-0117,2026-09-09T18:00:00+00:00,DEMO-ITEM-20260909-0117,GW-021,Goodwillfinds,DEMO-UPRIGHT-0028,Vintage ceramic vase,Home,1,93.63,4.99,6.55,9.36,0.00,93.63,upright_replica,true,one row per paid order,2026-09-09,America/Indiana/Indianapolis,USD
UP-20260909-0118,2026-09-09T19:00:00+00:00,DEMO-ITEM-20260909-0118,GW-022,Shopgoodwill,DEMO-UPRIGHT-0029,"Wool cardigan, size S",Apparel,1,95.74,5.99,6.70,9.57,0.00,95.74,upright_replica,true,one row per paid order,2026-09-09,America/Indiana/Indianapolis,USD
UP-20260909-0119,2026-09-09T20:00:00+00:00,DEMO-ITEM-20260909-0119,GW-023,eBay,DEMO-UPRIGHT-0030,Framed landscape print,Art,1,97.85,6.99,6.84,9.78,0.00,97.85,upright_replica,true,one row per paid order,2026-09-09,America/Indiana/Indianapolis,USD
UP-20260909-0120,2026-09-09T21:00:00+00:00,DEMO-ITEM-20260909-0120,GW-024,Goodwillfinds,DEMO-UPRIGHT-0031,Silver-tone necklace,Jewelry,1,99.96,7.99,6.99,9.99,49.98,49.98,upright_replica,true,one row per paid order,2026-09-09,America/Indiana/Indianapolis,USD
UP-20260909-0121,2026-09-09T18:00:00+00:00,DEMO-ITEM-20260909-0121,GW-001,Shopgoodwill,DEMO-UPRIGHT-0032,Vintage ceramic vase,Home,1,17.07,3.99,1.19,1.70,0.00,17.07,upright_replica,true,one row per paid order,2026-09-09,America/Indiana/Indianapolis,USD
UP-20260909-0122,2026-09-09T19:00:00+00:00,DEMO-ITEM-20260909-0122,GW-002,eBay,DEMO-UPRIGHT-0033,"Wool cardigan, size S",Apparel,1,19.18,4.99,1.34,1.91,0.00,19.18,upright_replica,true,one row per paid order,2026-09-09,America/Indiana/Indianapolis,USD
UP-20260909-0123,2026-09-09T20:00:00+00:00,DEMO-ITEM-20260909-0123,GW-003,Goodwillfinds,DEMO-UPRIGHT-0034,Framed landscape print,Art,1,21.29,5.99,1.49,2.12,0.00,21.29,upright_replica,true,one row per paid order,2026-09-09,America/Indiana/Indianapolis,USD
UP-20260909-0124,2026-09-09T21:00:00+00:00,DEMO-ITEM-20260909-0124,GW-004,Shopgoodwill,DEMO-UPRIGHT-0035,Silver-tone necklace,Jewelry,1,23.40,6.99,1.63,2.34,0.00,23.40,upright_replica,true,one row per paid order,2026-09-09,America/Indiana/Indianapolis,USD
UP-20260909-0125,2026-09-09T18:00:00+00:00,DEMO-ITEM-20260909-0125,GW-005,eBay,DEMO-UPRIGHT-0036,Vintage ceramic vase,Home,1,25.51,7.99,1.78,2.55,0.00,25.51,upright_replica,true,one row per paid order,2026-09-09,America/Indiana/Indianapolis,USD
UP-20260909-0126,2026-09-09T19:00:00+00:00,DEMO-ITEM-20260909-0126,GW-006,Goodwillfinds,DEMO-UPRIGHT-0037,"Wool cardigan, size S",Apparel,1,27.62,3.99,1.93,2.76,0.00,27.62,upright_replica,true,one row per paid order,2026-09-09,America/Indiana/Indianapolis,USD
UP-20260909-0127,2026-09-09T20:00:00+00:00,DEMO-ITEM-20260909-0127,GW-007,Shopgoodwill,DEMO-UPRIGHT-0038,Framed landscape print,Art,1,29.73,4.99,2.08,2.97,0.00,29.73,upright_replica,true,one row per paid order,2026-09-09,America/Indiana/Indianapolis,USD
UP-20260909-0128,2026-09-09T21:00:00+00:00,DEMO-ITEM-20260909-0128,GW-008,eBay,DEMO-UPRIGHT-0039,Silver-tone necklace,Jewelry,1,31.84,5.99,2.22,3.18,0.00,31.84,upright_replica,true,one row per paid order,2026-09-09,America/Indiana/Indianapolis,USD
UP-20260910-0001,2026-09-10T18:00:00+00:00,DEMO-ITEM-20260910-0001,GW-001,Shopgoodwill,DEMO-UPRIGHT-0001,Vintage ceramic vase,Home,1,20.24,3.99,1.41,2.02,10.12,10.12,upright_replica,true,one row per paid order,2026-09-10,America/Indiana/Indianapolis,USD
UP-20260910-0002,2026-09-10T19:00:00+00:00,DEMO-ITEM-20260910-0002,GW-002,eBay,DEMO-UPRIGHT-0002,"Wool cardigan, size S",Apparel,1,22.35,4.99,1.56,2.23,0.00,22.35,upright_replica,true,one row per paid order,2026-09-10,America/Indiana/Indianapolis,USD
UP-20260910-0003,2026-09-10T20:00:00+00:00,DEMO-ITEM-20260910-0003,GW-003,Goodwillfinds,DEMO-UPRIGHT-0003,Framed landscape print,Art,1,24.46,5.99,1.71,2.44,0.00,24.46,upright_replica,true,one row per paid order,2026-09-10,America/Indiana/Indianapolis,USD
UP-20260910-0004,2026-09-10T21:00:00+00:00,DEMO-ITEM-20260910-0004,GW-004,Shopgoodwill,DEMO-UPRIGHT-0004,Silver-tone necklace,Jewelry,1,26.57,6.99,1.85,2.65,0.00,26.57,upright_replica,true,one row per paid order,2026-09-10,America/Indiana/Indianapolis,USD
UP-20260910-0005,2026-09-10T18:00:00+00:00,DEMO-ITEM-20260910-0005,GW-005,eBay,DEMO-UPRIGHT-0005,Vintage ceramic vase,Home,1,28.68,7.99,2.00,2.86,0.00,28.68,upright_replica,true,one row per paid order,2026-09-10,America/Indiana/Indianapolis,USD
UP-20260910-0006,2026-09-10T19:00:00+00:00,DEMO-ITEM-20260910-0006,GW-006,Goodwillfinds,DEMO-UPRIGHT-0006,"Wool cardigan, size S",Apparel,1,30.79,3.99,2.15,3.07,0.00,30.79,upright_replica,true,one row per paid order,2026-09-10,America/Indiana/Indianapolis,USD
UP-20260910-0007,2026-09-10T20:00:00+00:00,DEMO-ITEM-20260910-0007,GW-007,Shopgoodwill,DEMO-UPRIGHT-0007,Framed landscape print,Art,1,32.90,4.99,2.30,3.29,0.00,32.90,upright_replica,true,one row per paid order,2026-09-10,America/Indiana/Indianapolis,USD
UP-20260910-0008,2026-09-10T21:00:00+00:00,DEMO-ITEM-20260910-0008,GW-008,eBay,DEMO-UPRIGHT-0008,Silver-tone necklace,Jewelry,1,35.01,5.99,2.45,3.50,0.00,35.01,upright_replica,true,one row per paid order,2026-09-10,America/Indiana/Indianapolis,USD
UP-20260910-0009,2026-09-10T18:00:00+00:00,DEMO-ITEM-20260910-0009,GW-009,Goodwillfinds,DEMO-UPRIGHT-0009,Vintage ceramic vase,Home,1,37.12,6.99,2.59,3.71,0.00,37.12,upright_replica,true,one row per paid order,2026-09-10,America/Indiana/Indianapolis,USD
UP-20260910-0010,2026-09-10T19:00:00+00:00,DEMO-ITEM-20260910-0010,GW-010,Shopgoodwill,DEMO-UPRIGHT-0010,"Wool cardigan, size S",Apparel,1,39.23,7.99,2.74,3.92,0.00,39.23,upright_replica,true,one row per paid order,2026-09-10,America/Indiana/Indianapolis,USD
UP-20260910-0011,2026-09-10T20:00:00+00:00,DEMO-ITEM-20260910-0011,GW-011,eBay,DEMO-UPRIGHT-0011,Framed landscape print,Art,1,41.34,3.99,2.89,4.13,0.00,41.34,upright_replica,true,one row per paid order,2026-09-10,America/Indiana/Indianapolis,USD
UP-20260910-0012,2026-09-10T21:00:00+00:00,DEMO-ITEM-20260910-0012,GW-012,Goodwillfinds,DEMO-UPRIGHT-0012,Silver-tone necklace,Jewelry,1,43.45,4.99,3.04,4.34,0.00,43.45,upright_replica,true,one row per paid order,2026-09-10,America/Indiana/Indianapolis,USD
UP-20260910-0013,2026-09-10T18:00:00+00:00,DEMO-ITEM-20260910-0013,GW-013,Shopgoodwill,DEMO-UPRIGHT-0013,Vintage ceramic vase,Home,1,45.56,5.99,3.18,4.55,0.00,45.56,upright_replica,true,one row per paid order,2026-09-10,America/Indiana/Indianapolis,USD
UP-20260910-0014,2026-09-10T19:00:00+00:00,DEMO-ITEM-20260910-0014,GW-014,eBay,DEMO-UPRIGHT-0014,"Wool cardigan, size S",Apparel,1,47.67,6.99,3.33,4.76,0.00,47.67,upright_replica,true,one row per paid order,2026-09-10,America/Indiana/Indianapolis,USD
UP-20260910-0015,2026-09-10T20:00:00+00:00,DEMO-ITEM-20260910-0015,GW-015,Goodwillfinds,DEMO-UPRIGHT-0015,Framed landscape print,Art,1,49.78,7.99,3.48,4.97,0.00,49.78,upright_replica,true,one row per paid order,2026-09-10,America/Indiana/Indianapolis,USD
UP-20260910-0016,2026-09-10T21:00:00+00:00,DEMO-ITEM-20260910-0016,GW-016,Shopgoodwill,DEMO-UPRIGHT-0016,Silver-tone necklace,Jewelry,1,51.89,3.99,3.63,5.18,0.00,51.89,upright_replica,true,one row per paid order,2026-09-10,America/Indiana/Indianapolis,USD
UP-20260910-0017,2026-09-10T18:00:00+00:00,DEMO-ITEM-20260910-0017,GW-017,eBay,DEMO-UPRIGHT-0017,Vintage ceramic vase,Home,1,54.00,4.99,3.78,5.40,0.00,54.00,upright_replica,true,one row per paid order,2026-09-10,America/Indiana/Indianapolis,USD
UP-20260910-0018,2026-09-10T19:00:00+00:00,DEMO-ITEM-20260910-0018,GW-018,Goodwillfinds,DEMO-UPRIGHT-0018,"Wool cardigan, size S",Apparel,1,56.11,5.99,3.92,5.61,28.05,28.06,upright_replica,true,one row per paid order,2026-09-10,America/Indiana/Indianapolis,USD
UP-20260910-0019,2026-09-10T20:00:00+00:00,DEMO-ITEM-20260910-0019,GW-019,Shopgoodwill,DEMO-UPRIGHT-0019,Framed landscape print,Art,1,58.22,6.99,4.07,5.82,0.00,58.22,upright_replica,true,one row per paid order,2026-09-10,America/Indiana/Indianapolis,USD
UP-20260910-0020,2026-09-10T21:00:00+00:00,DEMO-ITEM-20260910-0020,GW-020,eBay,DEMO-UPRIGHT-0020,Silver-tone necklace,Jewelry,1,60.33,7.99,4.22,6.03,0.00,60.33,upright_replica,true,one row per paid order,2026-09-10,America/Indiana/Indianapolis,USD
UP-20260910-0021,2026-09-10T18:00:00+00:00,DEMO-ITEM-20260910-0021,GW-021,Goodwillfinds,DEMO-UPRIGHT-0021,Vintage ceramic vase,Home,1,62.44,3.99,4.37,6.24,0.00,62.44,upright_replica,true,one row per paid order,2026-09-10,America/Indiana/Indianapolis,USD
UP-20260910-0022,2026-09-10T19:00:00+00:00,DEMO-ITEM-20260910-0022,GW-022,Shopgoodwill,DEMO-UPRIGHT-0022,"Wool cardigan, size S",Apparel,1,64.55,4.99,4.51,6.45,0.00,64.55,upright_replica,true,one row per paid order,2026-09-10,America/Indiana/Indianapolis,USD
UP-20260910-0023,2026-09-10T20:00:00+00:00,DEMO-ITEM-20260910-0023,GW-023,eBay,DEMO-UPRIGHT-0023,Framed landscape print,Art,1,66.66,5.99,4.66,6.66,0.00,66.66,upright_replica,true,one row per paid order,2026-09-10,America/Indiana/Indianapolis,USD
UP-20260910-0024,2026-09-10T21:00:00+00:00,DEMO-ITEM-20260910-0024,GW-024,Goodwillfinds,DEMO-UPRIGHT-0024,Silver-tone necklace,Jewelry,1,68.77,6.99,4.81,6.87,0.00,68.77,upright_replica,true,one row per paid order,2026-09-10,America/Indiana/Indianapolis,USD
UP-20260910-0025,2026-09-10T18:00:00+00:00,DEMO-ITEM-20260910-0025,GW-001,Shopgoodwill,DEMO-UPRIGHT-0025,Vintage ceramic vase,Home,1,70.88,7.99,4.96,7.08,0.00,70.88,upright_replica,true,one row per paid order,2026-09-10,America/Indiana/Indianapolis,USD
UP-20260910-0026,2026-09-10T19:00:00+00:00,DEMO-ITEM-20260910-0026,GW-002,eBay,DEMO-UPRIGHT-0026,"Wool cardigan, size S",Apparel,1,72.99,3.99,5.10,7.29,0.00,72.99,upright_replica,true,one row per paid order,2026-09-10,America/Indiana/Indianapolis,USD
UP-20260910-0027,2026-09-10T20:00:00+00:00,DEMO-ITEM-20260910-0027,GW-003,Goodwillfinds,DEMO-UPRIGHT-0027,Framed landscape print,Art,1,75.10,4.99,5.25,7.51,0.00,75.10,upright_replica,true,one row per paid order,2026-09-10,America/Indiana/Indianapolis,USD
UP-20260910-0028,2026-09-10T21:00:00+00:00,DEMO-ITEM-20260910-0028,GW-004,Shopgoodwill,DEMO-UPRIGHT-0028,Silver-tone necklace,Jewelry,1,77.21,5.99,5.40,7.72,0.00,77.21,upright_replica,true,one row per paid order,2026-09-10,America/Indiana/Indianapolis,USD
UP-20260910-0029,2026-09-10T18:00:00+00:00,DEMO-ITEM-20260910-0029,GW-005,eBay,DEMO-UPRIGHT-0029,Vintage ceramic vase,Home,1,79.32,6.99,5.55,7.93,0.00,79.32,upright_replica,true,one row per paid order,2026-09-10,America/Indiana/Indianapolis,USD
UP-20260910-0030,2026-09-10T19:00:00+00:00,DEMO-ITEM-20260910-0030,GW-006,Goodwillfinds,DEMO-UPRIGHT-0030,"Wool cardigan, size S",Apparel,1,81.43,7.99,5.70,8.14,0.00,81.43,upright_replica,true,one row per paid order,2026-09-10,America/Indiana/Indianapolis,USD
UP-20260910-0031,2026-09-10T20:00:00+00:00,DEMO-ITEM-20260910-0031,GW-007,Shopgoodwill,DEMO-UPRIGHT-0031,Framed landscape print,Art,1,83.54,3.99,5.84,8.35,0.00,83.54,upright_replica,true,one row per paid order,2026-09-10,America/Indiana/Indianapolis,USD
UP-20260910-0032,2026-09-10T21:00:00+00:00,DEMO-ITEM-20260910-0032,GW-008,eBay,DEMO-UPRIGHT-0032,Silver-tone necklace,Jewelry,1,85.65,4.99,5.99,8.56,0.00,85.65,upright_replica,true,one row per paid order,2026-09-10,America/Indiana/Indianapolis,USD
UP-20260910-0033,2026-09-10T18:00:00+00:00,DEMO-ITEM-20260910-0033,GW-009,Goodwillfinds,DEMO-UPRIGHT-0033,Vintage ceramic vase,Home,1,87.76,5.99,6.14,8.77,0.00,87.76,upright_replica,true,one row per paid order,2026-09-10,America/Indiana/Indianapolis,USD
UP-20260910-0034,2026-09-10T19:00:00+00:00,DEMO-ITEM-20260910-0034,GW-010,Shopgoodwill,DEMO-UPRIGHT-0034,"Wool cardigan, size S",Apparel,1,89.87,6.99,6.29,8.98,0.00,89.87,upright_replica,true,one row per paid order,2026-09-10,America/Indiana/Indianapolis,USD
UP-20260910-0035,2026-09-10T20:00:00+00:00,DEMO-ITEM-20260910-0035,GW-011,eBay,DEMO-UPRIGHT-0035,Framed landscape print,Art,1,91.98,7.99,6.43,9.19,45.99,45.99,upright_replica,true,one row per paid order,2026-09-10,America/Indiana/Indianapolis,USD
UP-20260910-0036,2026-09-10T21:00:00+00:00,DEMO-ITEM-20260910-0036,GW-012,Goodwillfinds,DEMO-UPRIGHT-0036,Silver-tone necklace,Jewelry,1,94.09,3.99,6.58,9.40,0.00,94.09,upright_replica,true,one row per paid order,2026-09-10,America/Indiana/Indianapolis,USD
UP-20260910-0037,2026-09-10T18:00:00+00:00,DEMO-ITEM-20260910-0037,GW-013,Shopgoodwill,DEMO-UPRIGHT-0037,Vintage ceramic vase,Home,1,96.20,4.99,6.73,9.62,0.00,96.20,upright_replica,true,one row per paid order,2026-09-10,America/Indiana/Indianapolis,USD
UP-20260910-0038,2026-09-10T19:00:00+00:00,DEMO-ITEM-20260910-0038,GW-014,eBay,DEMO-UPRIGHT-0038,"Wool cardigan, size S",Apparel,1,98.31,5.99,6.88,9.83,0.00,98.31,upright_replica,true,one row per paid order,2026-09-10,America/Indiana/Indianapolis,USD
UP-20260910-0039,2026-09-10T20:00:00+00:00,DEMO-ITEM-20260910-0039,GW-015,Goodwillfinds,DEMO-UPRIGHT-0039,Framed landscape print,Art,1,15.42,6.99,1.07,1.54,0.00,15.42,upright_replica,true,one row per paid order,2026-09-10,America/Indiana/Indianapolis,USD
UP-20260910-0040,2026-09-10T21:00:00+00:00,DEMO-ITEM-20260910-0040,GW-016,Shopgoodwill,DEMO-UPRIGHT-0040,Silver-tone necklace,Jewelry,1,17.53,7.99,1.22,1.75,0.00,17.53,upright_replica,true,one row per paid order,2026-09-10,America/Indiana/Indianapolis,USD
UP-20260910-0041,2026-09-10T18:00:00+00:00,DEMO-ITEM-20260910-0041,GW-017,eBay,DEMO-UPRIGHT-0041,Vintage ceramic vase,Home,1,19.64,3.99,1.37,1.96,0.00,19.64,upright_replica,true,one row per paid order,2026-09-10,America/Indiana/Indianapolis,USD
UP-20260910-0042,2026-09-10T19:00:00+00:00,DEMO-ITEM-20260910-0042,GW-018,Goodwillfinds,DEMO-UPRIGHT-0042,"Wool cardigan, size S",Apparel,1,21.75,4.99,1.52,2.17,0.00,21.75,upright_replica,true,one row per paid order,2026-09-10,America/Indiana/Indianapolis,USD
UP-20260910-0043,2026-09-10T20:00:00+00:00,DEMO-ITEM-20260910-0043,GW-019,Shopgoodwill,DEMO-UPRIGHT-0043,Framed landscape print,Art,1,23.86,5.99,1.67,2.38,0.00,23.86,upright_replica,true,one row per paid order,2026-09-10,America/Indiana/Indianapolis,USD
UP-20260910-0044,2026-09-10T21:00:00+00:00,DEMO-ITEM-20260910-0044,GW-020,eBay,DEMO-UPRIGHT-0044,Silver-tone necklace,Jewelry,1,25.97,6.99,1.81,2.59,0.00,25.97,upright_replica,true,one row per paid order,2026-09-10,America/Indiana/Indianapolis,USD
UP-20260910-0045,2026-09-10T18:00:00+00:00,DEMO-ITEM-20260910-0045,GW-021,Goodwillfinds,DEMO-UPRIGHT-0045,Vintage ceramic vase,Home,1,28.08,7.99,1.96,2.80,0.00,28.08,upright_replica,true,one row per paid order,2026-09-10,America/Indiana/Indianapolis,USD
UP-20260910-0046,2026-09-10T19:00:00+00:00,DEMO-ITEM-20260910-0046,GW-022,Shopgoodwill,DEMO-UPRIGHT-0046,"Wool cardigan, size S",Apparel,1,30.19,3.99,2.11,3.01,0.00,30.19,upright_replica,true,one row per paid order,2026-09-10,America/Indiana/Indianapolis,USD
UP-20260910-0047,2026-09-10T20:00:00+00:00,DEMO-ITEM-20260910-0047,GW-023,eBay,DEMO-UPRIGHT-0047,Framed landscape print,Art,1,32.30,4.99,2.26,3.23,0.00,32.30,upright_replica,true,one row per paid order,2026-09-10,America/Indiana/Indianapolis,USD
UP-20260910-0048,2026-09-10T21:00:00+00:00,DEMO-ITEM-20260910-0048,GW-024,Goodwillfinds,DEMO-UPRIGHT-0048,Silver-tone necklace,Jewelry,1,34.41,5.99,2.40,3.44,0.00,34.41,upright_replica,true,one row per paid order,2026-09-10,America/Indiana/Indianapolis,USD
UP-20260910-0049,2026-09-10T18:00:00+00:00,DEMO-ITEM-20260910-0049,GW-001,Shopgoodwill,DEMO-UPRIGHT-0049,Vintage ceramic vase,Home,1,36.52,6.99,2.55,3.65,0.00,36.52,upright_replica,true,one row per paid order,2026-09-10,America/Indiana/Indianapolis,USD
UP-20260910-0050,2026-09-10T19:00:00+00:00,DEMO-ITEM-20260910-0050,GW-002,eBay,DEMO-UPRIGHT-0050,"Wool cardigan, size S",Apparel,1,38.63,7.99,2.70,3.86,0.00,38.63,upright_replica,true,one row per paid order,2026-09-10,America/Indiana/Indianapolis,USD
UP-20260910-0051,2026-09-10T20:00:00+00:00,DEMO-ITEM-20260910-0051,GW-003,Goodwillfinds,DEMO-UPRIGHT-0051,Framed landscape print,Art,1,40.74,3.99,2.85,4.07,0.00,40.74,upright_replica,true,one row per paid order,2026-09-10,America/Indiana/Indianapolis,USD
UP-20260910-0052,2026-09-10T21:00:00+00:00,DEMO-ITEM-20260910-0052,GW-004,Shopgoodwill,DEMO-UPRIGHT-0052,Silver-tone necklace,Jewelry,1,42.85,4.99,2.99,4.28,21.42,21.43,upright_replica,true,one row per paid order,2026-09-10,America/Indiana/Indianapolis,USD
UP-20260910-0053,2026-09-10T18:00:00+00:00,DEMO-ITEM-20260910-0053,GW-005,eBay,DEMO-UPRIGHT-0053,Vintage ceramic vase,Home,1,44.96,5.99,3.14,4.49,0.00,44.96,upright_replica,true,one row per paid order,2026-09-10,America/Indiana/Indianapolis,USD
UP-20260910-0054,2026-09-10T19:00:00+00:00,DEMO-ITEM-20260910-0054,GW-006,Goodwillfinds,DEMO-UPRIGHT-0054,"Wool cardigan, size S",Apparel,1,47.07,6.99,3.29,4.70,0.00,47.07,upright_replica,true,one row per paid order,2026-09-10,America/Indiana/Indianapolis,USD
UP-20260910-0055,2026-09-10T20:00:00+00:00,DEMO-ITEM-20260910-0055,GW-007,Shopgoodwill,DEMO-UPRIGHT-0055,Framed landscape print,Art,1,49.18,7.99,3.44,4.91,0.00,49.18,upright_replica,true,one row per paid order,2026-09-10,America/Indiana/Indianapolis,USD
UP-20260910-0056,2026-09-10T21:00:00+00:00,DEMO-ITEM-20260910-0056,GW-008,eBay,DEMO-UPRIGHT-0056,Silver-tone necklace,Jewelry,1,51.29,3.99,3.59,5.12,0.00,51.29,upright_replica,true,one row per paid order,2026-09-10,America/Indiana/Indianapolis,USD
UP-20260910-0057,2026-09-10T18:00:00+00:00,DEMO-ITEM-20260910-0057,GW-009,Goodwillfinds,DEMO-UPRIGHT-0057,Vintage ceramic vase,Home,1,53.40,4.99,3.73,5.34,0.00,53.40,upright_replica,true,one row per paid order,2026-09-10,America/Indiana/Indianapolis,USD
UP-20260910-0058,2026-09-10T19:00:00+00:00,DEMO-ITEM-20260910-0058,GW-010,Shopgoodwill,DEMO-UPRIGHT-0058,"Wool cardigan, size S",Apparel,1,55.51,5.99,3.88,5.55,0.00,55.51,upright_replica,true,one row per paid order,2026-09-10,America/Indiana/Indianapolis,USD
UP-20260910-0059,2026-09-10T20:00:00+00:00,DEMO-ITEM-20260910-0059,GW-011,eBay,DEMO-UPRIGHT-0059,Framed landscape print,Art,1,57.62,6.99,4.03,5.76,0.00,57.62,upright_replica,true,one row per paid order,2026-09-10,America/Indiana/Indianapolis,USD
UP-20260910-0060,2026-09-10T21:00:00+00:00,DEMO-ITEM-20260910-0060,GW-012,Goodwillfinds,DEMO-UPRIGHT-0060,Silver-tone necklace,Jewelry,1,59.73,7.99,4.18,5.97,0.00,59.73,upright_replica,true,one row per paid order,2026-09-10,America/Indiana/Indianapolis,USD
UP-20260910-0061,2026-09-10T18:00:00+00:00,DEMO-ITEM-20260910-0061,GW-013,Shopgoodwill,DEMO-UPRIGHT-0061,Vintage ceramic vase,Home,1,61.84,3.99,4.32,6.18,0.00,61.84,upright_replica,true,one row per paid order,2026-09-10,America/Indiana/Indianapolis,USD
UP-20260910-0062,2026-09-10T19:00:00+00:00,DEMO-ITEM-20260910-0062,GW-014,eBay,DEMO-UPRIGHT-0062,"Wool cardigan, size S",Apparel,1,63.95,4.99,4.47,6.39,0.00,63.95,upright_replica,true,one row per paid order,2026-09-10,America/Indiana/Indianapolis,USD
UP-20260910-0063,2026-09-10T20:00:00+00:00,DEMO-ITEM-20260910-0063,GW-015,Goodwillfinds,DEMO-UPRIGHT-0063,Framed landscape print,Art,1,66.06,5.99,4.62,6.60,0.00,66.06,upright_replica,true,one row per paid order,2026-09-10,America/Indiana/Indianapolis,USD
UP-20260910-0064,2026-09-10T21:00:00+00:00,DEMO-ITEM-20260910-0064,GW-016,Shopgoodwill,DEMO-UPRIGHT-0064,Silver-tone necklace,Jewelry,1,68.17,6.99,4.77,6.81,0.00,68.17,upright_replica,true,one row per paid order,2026-09-10,America/Indiana/Indianapolis,USD
UP-20260910-0065,2026-09-10T18:00:00+00:00,DEMO-ITEM-20260910-0065,GW-017,eBay,DEMO-UPRIGHT-0065,Vintage ceramic vase,Home,1,70.28,7.99,4.91,7.02,0.00,70.28,upright_replica,true,one row per paid order,2026-09-10,America/Indiana/Indianapolis,USD
UP-20260910-0066,2026-09-10T19:00:00+00:00,DEMO-ITEM-20260910-0066,GW-018,Goodwillfinds,DEMO-UPRIGHT-0066,"Wool cardigan, size S",Apparel,1,72.39,3.99,5.06,7.23,0.00,72.39,upright_replica,true,one row per paid order,2026-09-10,America/Indiana/Indianapolis,USD
UP-20260910-0067,2026-09-10T20:00:00+00:00,DEMO-ITEM-20260910-0067,GW-019,Shopgoodwill,DEMO-UPRIGHT-0067,Framed landscape print,Art,1,74.50,4.99,5.21,7.45,0.00,74.50,upright_replica,true,one row per paid order,2026-09-10,America/Indiana/Indianapolis,USD
UP-20260910-0068,2026-09-10T21:00:00+00:00,DEMO-ITEM-20260910-0068,GW-020,eBay,DEMO-UPRIGHT-0068,Silver-tone necklace,Jewelry,1,76.61,5.99,5.36,7.66,0.00,76.61,upright_replica,true,one row per paid order,2026-09-10,America/Indiana/Indianapolis,USD
UP-20260910-0069,2026-09-10T18:00:00+00:00,DEMO-ITEM-20260910-0069,GW-021,Goodwillfinds,DEMO-UPRIGHT-0069,Vintage ceramic vase,Home,1,78.72,6.99,5.51,7.87,39.36,39.36,upright_replica,true,one row per paid order,2026-09-10,America/Indiana/Indianapolis,USD
UP-20260910-0070,2026-09-10T19:00:00+00:00,DEMO-ITEM-20260910-0070,GW-022,Shopgoodwill,DEMO-UPRIGHT-0070,"Wool cardigan, size S",Apparel,1,80.83,7.99,5.65,8.08,0.00,80.83,upright_replica,true,one row per paid order,2026-09-10,America/Indiana/Indianapolis,USD
UP-20260910-0071,2026-09-10T20:00:00+00:00,DEMO-ITEM-20260910-0071,GW-023,eBay,DEMO-UPRIGHT-0071,Framed landscape print,Art,1,82.94,3.99,5.80,8.29,0.00,82.94,upright_replica,true,one row per paid order,2026-09-10,America/Indiana/Indianapolis,USD
UP-20260910-0072,2026-09-10T21:00:00+00:00,DEMO-ITEM-20260910-0072,GW-024,Goodwillfinds,DEMO-UPRIGHT-0072,Silver-tone necklace,Jewelry,1,85.05,4.99,5.95,8.50,0.00,85.05,upright_replica,true,one row per paid order,2026-09-10,America/Indiana/Indianapolis,USD
UP-20260910-0073,2026-09-10T18:00:00+00:00,DEMO-ITEM-20260910-0073,GW-001,Shopgoodwill,DEMO-UPRIGHT-0073,Vintage ceramic vase,Home,1,87.16,5.99,6.10,8.71,0.00,87.16,upright_replica,true,one row per paid order,2026-09-10,America/Indiana/Indianapolis,USD
UP-20260910-0074,2026-09-10T19:00:00+00:00,DEMO-ITEM-20260910-0074,GW-002,eBay,DEMO-UPRIGHT-0074,"Wool cardigan, size S",Apparel,1,89.27,6.99,6.24,8.92,0.00,89.27,upright_replica,true,one row per paid order,2026-09-10,America/Indiana/Indianapolis,USD
UP-20260910-0075,2026-09-10T20:00:00+00:00,DEMO-ITEM-20260910-0075,GW-003,Goodwillfinds,DEMO-UPRIGHT-0075,Framed landscape print,Art,1,91.38,7.99,6.39,9.13,0.00,91.38,upright_replica,true,one row per paid order,2026-09-10,America/Indiana/Indianapolis,USD
UP-20260910-0076,2026-09-10T21:00:00+00:00,DEMO-ITEM-20260910-0076,GW-004,Shopgoodwill,DEMO-UPRIGHT-0076,Silver-tone necklace,Jewelry,1,93.49,3.99,6.54,9.34,0.00,93.49,upright_replica,true,one row per paid order,2026-09-10,America/Indiana/Indianapolis,USD
UP-20260910-0077,2026-09-10T18:00:00+00:00,DEMO-ITEM-20260910-0077,GW-005,eBay,DEMO-UPRIGHT-0077,Vintage ceramic vase,Home,1,95.60,4.99,6.69,9.56,0.00,95.60,upright_replica,true,one row per paid order,2026-09-10,America/Indiana/Indianapolis,USD
UP-20260910-0078,2026-09-10T19:00:00+00:00,DEMO-ITEM-20260910-0078,GW-006,Goodwillfinds,DEMO-UPRIGHT-0078,"Wool cardigan, size S",Apparel,1,97.71,5.99,6.83,9.77,0.00,97.71,upright_replica,true,one row per paid order,2026-09-10,America/Indiana/Indianapolis,USD
UP-20260910-0079,2026-09-10T20:00:00+00:00,DEMO-ITEM-20260910-0079,GW-007,Shopgoodwill,DEMO-UPRIGHT-0079,Framed landscape print,Art,1,99.82,6.99,6.98,9.98,0.00,99.82,upright_replica,true,one row per paid order,2026-09-10,America/Indiana/Indianapolis,USD
UP-20260910-0080,2026-09-10T21:00:00+00:00,DEMO-ITEM-20260910-0080,GW-008,eBay,DEMO-UPRIGHT-0080,Silver-tone necklace,Jewelry,1,16.93,7.99,1.18,1.69,0.00,16.93,upright_replica,true,one row per paid order,2026-09-10,America/Indiana/Indianapolis,USD
UP-20260910-0081,2026-09-10T18:00:00+00:00,DEMO-ITEM-20260910-0081,GW-009,Goodwillfinds,DEMO-UPRIGHT-0081,Vintage ceramic vase,Home,1,19.04,3.99,1.33,1.90,0.00,19.04,upright_replica,true,one row per paid order,2026-09-10,America/Indiana/Indianapolis,USD
UP-20260910-0082,2026-09-10T19:00:00+00:00,DEMO-ITEM-20260910-0082,GW-010,Shopgoodwill,DEMO-UPRIGHT-0082,"Wool cardigan, size S",Apparel,1,21.15,4.99,1.48,2.11,0.00,21.15,upright_replica,true,one row per paid order,2026-09-10,America/Indiana/Indianapolis,USD
UP-20260910-0083,2026-09-10T20:00:00+00:00,DEMO-ITEM-20260910-0083,GW-011,eBay,DEMO-UPRIGHT-0083,Framed landscape print,Art,1,23.26,5.99,1.62,2.32,0.00,23.26,upright_replica,true,one row per paid order,2026-09-10,America/Indiana/Indianapolis,USD
UP-20260910-0084,2026-09-10T21:00:00+00:00,DEMO-ITEM-20260910-0084,GW-012,Goodwillfinds,DEMO-UPRIGHT-0084,Silver-tone necklace,Jewelry,1,25.37,6.99,1.77,2.53,0.00,25.37,upright_replica,true,one row per paid order,2026-09-10,America/Indiana/Indianapolis,USD
UP-20260910-0085,2026-09-10T18:00:00+00:00,DEMO-ITEM-20260910-0085,GW-013,Shopgoodwill,DEMO-UPRIGHT-0085,Vintage ceramic vase,Home,1,27.48,7.99,1.92,2.74,0.00,27.48,upright_replica,true,one row per paid order,2026-09-10,America/Indiana/Indianapolis,USD
UP-20260910-0086,2026-09-10T19:00:00+00:00,DEMO-ITEM-20260910-0086,GW-014,eBay,DEMO-UPRIGHT-0086,"Wool cardigan, size S",Apparel,1,29.59,3.99,2.07,2.95,14.79,14.80,upright_replica,true,one row per paid order,2026-09-10,America/Indiana/Indianapolis,USD
UP-20260910-0087,2026-09-10T20:00:00+00:00,DEMO-ITEM-20260910-0087,GW-015,Goodwillfinds,DEMO-UPRIGHT-0087,Framed landscape print,Art,1,31.70,4.99,2.21,3.17,0.00,31.70,upright_replica,true,one row per paid order,2026-09-10,America/Indiana/Indianapolis,USD
UP-20260910-0088,2026-09-10T21:00:00+00:00,DEMO-ITEM-20260910-0088,GW-016,Shopgoodwill,DEMO-UPRIGHT-0088,Silver-tone necklace,Jewelry,1,33.81,5.99,2.36,3.38,0.00,33.81,upright_replica,true,one row per paid order,2026-09-10,America/Indiana/Indianapolis,USD
UP-20260910-0089,2026-09-10T18:00:00+00:00,DEMO-ITEM-20260910-0089,GW-017,eBay,DEMO-UPRIGHT-0089,Vintage ceramic vase,Home,1,35.92,6.99,2.51,3.59,0.00,35.92,upright_replica,true,one row per paid order,2026-09-10,America/Indiana/Indianapolis,USD
UP-20260910-0090,2026-09-10T19:00:00+00:00,DEMO-ITEM-20260910-0090,GW-018,Goodwillfinds,DEMO-UPRIGHT-0001,"Wool cardigan, size S",Apparel,1,38.03,7.99,2.66,3.80,0.00,38.03,upright_replica,true,one row per paid order,2026-09-10,America/Indiana/Indianapolis,USD
UP-20260910-0091,2026-09-10T20:00:00+00:00,DEMO-ITEM-20260910-0091,GW-019,Shopgoodwill,DEMO-UPRIGHT-0002,Framed landscape print,Art,1,40.14,3.99,2.80,4.01,0.00,40.14,upright_replica,true,one row per paid order,2026-09-10,America/Indiana/Indianapolis,USD
UP-20260910-0092,2026-09-10T21:00:00+00:00,DEMO-ITEM-20260910-0092,GW-020,eBay,DEMO-UPRIGHT-0003,Silver-tone necklace,Jewelry,1,42.25,4.99,2.95,4.22,0.00,42.25,upright_replica,true,one row per paid order,2026-09-10,America/Indiana/Indianapolis,USD
UP-20260910-0093,2026-09-10T18:00:00+00:00,DEMO-ITEM-20260910-0093,GW-021,Goodwillfinds,DEMO-UPRIGHT-0004,Vintage ceramic vase,Home,1,44.36,5.99,3.10,4.43,0.00,44.36,upright_replica,true,one row per paid order,2026-09-10,America/Indiana/Indianapolis,USD
UP-20260910-0094,2026-09-10T19:00:00+00:00,DEMO-ITEM-20260910-0094,GW-022,Shopgoodwill,DEMO-UPRIGHT-0005,"Wool cardigan, size S",Apparel,1,46.47,6.99,3.25,4.64,0.00,46.47,upright_replica,true,one row per paid order,2026-09-10,America/Indiana/Indianapolis,USD
UP-20260910-0095,2026-09-10T20:00:00+00:00,DEMO-ITEM-20260910-0095,GW-023,eBay,DEMO-UPRIGHT-0006,Framed landscape print,Art,1,48.58,7.99,3.40,4.85,0.00,48.58,upright_replica,true,one row per paid order,2026-09-10,America/Indiana/Indianapolis,USD
UP-20260910-0096,2026-09-10T21:00:00+00:00,DEMO-ITEM-20260910-0096,GW-024,Goodwillfinds,DEMO-UPRIGHT-0007,Silver-tone necklace,Jewelry,1,50.69,3.99,3.54,5.06,0.00,50.69,upright_replica,true,one row per paid order,2026-09-10,America/Indiana/Indianapolis,USD
UP-20260910-0097,2026-09-10T18:00:00+00:00,DEMO-ITEM-20260910-0097,GW-001,Shopgoodwill,DEMO-UPRIGHT-0008,Vintage ceramic vase,Home,1,52.80,4.99,3.69,5.28,0.00,52.80,upright_replica,true,one row per paid order,2026-09-10,America/Indiana/Indianapolis,USD
UP-20260910-0098,2026-09-10T19:00:00+00:00,DEMO-ITEM-20260910-0098,GW-002,eBay,DEMO-UPRIGHT-0009,"Wool cardigan, size S",Apparel,1,54.91,5.99,3.84,5.49,0.00,54.91,upright_replica,true,one row per paid order,2026-09-10,America/Indiana/Indianapolis,USD
UP-20260910-0099,2026-09-10T20:00:00+00:00,DEMO-ITEM-20260910-0099,GW-003,Goodwillfinds,DEMO-UPRIGHT-0010,Framed landscape print,Art,1,57.02,6.99,3.99,5.70,0.00,57.02,upright_replica,true,one row per paid order,2026-09-10,America/Indiana/Indianapolis,USD
UP-20260910-0100,2026-09-10T21:00:00+00:00,DEMO-ITEM-20260910-0100,GW-004,Shopgoodwill,DEMO-UPRIGHT-0011,Silver-tone necklace,Jewelry,1,59.13,7.99,4.13,5.91,0.00,59.13,upright_replica,true,one row per paid order,2026-09-10,America/Indiana/Indianapolis,USD
UP-20260910-0101,2026-09-10T18:00:00+00:00,DEMO-ITEM-20260910-0101,GW-005,eBay,DEMO-UPRIGHT-0012,Vintage ceramic vase,Home,1,61.24,3.99,4.28,6.12,0.00,61.24,upright_replica,true,one row per paid order,2026-09-10,America/Indiana/Indianapolis,USD
UP-20260910-0102,2026-09-10T19:00:00+00:00,DEMO-ITEM-20260910-0102,GW-006,Goodwillfinds,DEMO-UPRIGHT-0013,"Wool cardigan, size S",Apparel,1,63.35,4.99,4.43,6.33,0.00,63.35,upright_replica,true,one row per paid order,2026-09-10,America/Indiana/Indianapolis,USD
UP-20260910-0103,2026-09-10T20:00:00+00:00,DEMO-ITEM-20260910-0103,GW-007,Shopgoodwill,DEMO-UPRIGHT-0014,Framed landscape print,Art,1,65.46,5.99,4.58,6.54,32.73,32.73,upright_replica,true,one row per paid order,2026-09-10,America/Indiana/Indianapolis,USD
UP-20260910-0104,2026-09-10T21:00:00+00:00,DEMO-ITEM-20260910-0104,GW-008,eBay,DEMO-UPRIGHT-0015,Silver-tone necklace,Jewelry,1,67.57,6.99,4.72,6.75,0.00,67.57,upright_replica,true,one row per paid order,2026-09-10,America/Indiana/Indianapolis,USD
UP-20260910-0105,2026-09-10T18:00:00+00:00,DEMO-ITEM-20260910-0105,GW-009,Goodwillfinds,DEMO-UPRIGHT-0016,Vintage ceramic vase,Home,1,69.68,7.99,4.87,6.96,0.00,69.68,upright_replica,true,one row per paid order,2026-09-10,America/Indiana/Indianapolis,USD
UP-20260910-0106,2026-09-10T19:00:00+00:00,DEMO-ITEM-20260910-0106,GW-010,Shopgoodwill,DEMO-UPRIGHT-0017,"Wool cardigan, size S",Apparel,1,71.79,3.99,5.02,7.17,0.00,71.79,upright_replica,true,one row per paid order,2026-09-10,America/Indiana/Indianapolis,USD
UP-20260910-0107,2026-09-10T20:00:00+00:00,DEMO-ITEM-20260910-0107,GW-011,eBay,DEMO-UPRIGHT-0018,Framed landscape print,Art,1,73.90,4.99,5.17,7.39,0.00,73.90,upright_replica,true,one row per paid order,2026-09-10,America/Indiana/Indianapolis,USD
UP-20260910-0108,2026-09-10T21:00:00+00:00,DEMO-ITEM-20260910-0108,GW-012,Goodwillfinds,DEMO-UPRIGHT-0019,Silver-tone necklace,Jewelry,1,76.01,5.99,5.32,7.60,0.00,76.01,upright_replica,true,one row per paid order,2026-09-10,America/Indiana/Indianapolis,USD
UP-20260910-0109,2026-09-10T18:00:00+00:00,DEMO-ITEM-20260910-0109,GW-013,Shopgoodwill,DEMO-UPRIGHT-0020,Vintage ceramic vase,Home,1,78.12,6.99,5.46,7.81,0.00,78.12,upright_replica,true,one row per paid order,2026-09-10,America/Indiana/Indianapolis,USD
UP-20260910-0110,2026-09-10T19:00:00+00:00,DEMO-ITEM-20260910-0110,GW-014,eBay,DEMO-UPRIGHT-0021,"Wool cardigan, size S",Apparel,1,80.23,7.99,5.61,8.02,0.00,80.23,upright_replica,true,one row per paid order,2026-09-10,America/Indiana/Indianapolis,USD
UP-20260910-0111,2026-09-10T20:00:00+00:00,DEMO-ITEM-20260910-0111,GW-015,Goodwillfinds,DEMO-UPRIGHT-0022,Framed landscape print,Art,1,82.34,3.99,5.76,8.23,0.00,82.34,upright_replica,true,one row per paid order,2026-09-10,America/Indiana/Indianapolis,USD
UP-20260910-0112,2026-09-10T21:00:00+00:00,DEMO-ITEM-20260910-0112,GW-016,Shopgoodwill,DEMO-UPRIGHT-0023,Silver-tone necklace,Jewelry,1,84.45,4.99,5.91,8.44,0.00,84.45,upright_replica,true,one row per paid order,2026-09-10,America/Indiana/Indianapolis,USD
UP-20260910-0113,2026-09-10T18:00:00+00:00,DEMO-ITEM-20260910-0113,GW-017,eBay,DEMO-UPRIGHT-0024,Vintage ceramic vase,Home,1,86.56,5.99,6.05,8.65,0.00,86.56,upright_replica,true,one row per paid order,2026-09-10,America/Indiana/Indianapolis,USD
UP-20260910-0114,2026-09-10T19:00:00+00:00,DEMO-ITEM-20260910-0114,GW-018,Goodwillfinds,DEMO-UPRIGHT-0025,"Wool cardigan, size S",Apparel,1,88.67,6.99,6.20,8.86,0.00,88.67,upright_replica,true,one row per paid order,2026-09-10,America/Indiana/Indianapolis,USD
UP-20260910-0115,2026-09-10T20:00:00+00:00,DEMO-ITEM-20260910-0115,GW-019,Shopgoodwill,DEMO-UPRIGHT-0026,Framed landscape print,Art,1,90.78,7.99,6.35,9.07,0.00,90.78,upright_replica,true,one row per paid order,2026-09-10,America/Indiana/Indianapolis,USD
UP-20260910-0116,2026-09-10T21:00:00+00:00,DEMO-ITEM-20260910-0116,GW-020,eBay,DEMO-UPRIGHT-0027,Silver-tone necklace,Jewelry,1,92.89,3.99,6.50,9.28,0.00,92.89,upright_replica,true,one row per paid order,2026-09-10,America/Indiana/Indianapolis,USD
UP-20260910-0117,2026-09-10T18:00:00+00:00,DEMO-ITEM-20260910-0117,GW-021,Goodwillfinds,DEMO-UPRIGHT-0028,Vintage ceramic vase,Home,1,95.00,4.99,6.65,9.50,0.00,95.00,upright_replica,true,one row per paid order,2026-09-10,America/Indiana/Indianapolis,USD
UP-20260910-0118,2026-09-10T19:00:00+00:00,DEMO-ITEM-20260910-0118,GW-022,Shopgoodwill,DEMO-UPRIGHT-0029,"Wool cardigan, size S",Apparel,1,97.11,5.99,6.79,9.71,0.00,97.11,upright_replica,true,one row per paid order,2026-09-10,America/Indiana/Indianapolis,USD
UP-20260910-0119,2026-09-10T20:00:00+00:00,DEMO-ITEM-20260910-0119,GW-023,eBay,DEMO-UPRIGHT-0030,Framed landscape print,Art,1,99.22,6.99,6.94,9.92,0.00,99.22,upright_replica,true,one row per paid order,2026-09-10,America/Indiana/Indianapolis,USD
UP-20260910-0120,2026-09-10T21:00:00+00:00,DEMO-ITEM-20260910-0120,GW-024,Goodwillfinds,DEMO-UPRIGHT-0031,Silver-tone necklace,Jewelry,1,16.33,7.99,1.14,1.63,8.16,8.17,upright_replica,true,one row per paid order,2026-09-10,America/Indiana/Indianapolis,USD
UP-20260910-0121,2026-09-10T18:00:00+00:00,DEMO-ITEM-20260910-0121,GW-001,Shopgoodwill,DEMO-UPRIGHT-0032,Vintage ceramic vase,Home,1,18.44,3.99,1.29,1.84,0.00,18.44,upright_replica,true,one row per paid order,2026-09-10,America/Indiana/Indianapolis,USD
UP-20260910-0122,2026-09-10T19:00:00+00:00,DEMO-ITEM-20260910-0122,GW-002,eBay,DEMO-UPRIGHT-0033,"Wool cardigan, size S",Apparel,1,20.55,4.99,1.43,2.05,0.00,20.55,upright_replica,true,one row per paid order,2026-09-10,America/Indiana/Indianapolis,USD
UP-20260910-0123,2026-09-10T20:00:00+00:00,DEMO-ITEM-20260910-0123,GW-003,Goodwillfinds,DEMO-UPRIGHT-0034,Framed landscape print,Art,1,22.66,5.99,1.58,2.26,0.00,22.66,upright_replica,true,one row per paid order,2026-09-10,America/Indiana/Indianapolis,USD
UP-20260910-0124,2026-09-10T21:00:00+00:00,DEMO-ITEM-20260910-0124,GW-004,Shopgoodwill,DEMO-UPRIGHT-0035,Silver-tone necklace,Jewelry,1,24.77,6.99,1.73,2.47,0.00,24.77,upright_replica,true,one row per paid order,2026-09-10,America/Indiana/Indianapolis,USD
UP-20260910-0125,2026-09-10T18:00:00+00:00,DEMO-ITEM-20260910-0125,GW-005,eBay,DEMO-UPRIGHT-0036,Vintage ceramic vase,Home,1,26.88,7.99,1.88,2.68,0.00,26.88,upright_replica,true,one row per paid order,2026-09-10,America/Indiana/Indianapolis,USD
UP-20260910-0126,2026-09-10T19:00:00+00:00,DEMO-ITEM-20260910-0126,GW-006,Goodwillfinds,DEMO-UPRIGHT-0037,"Wool cardigan, size S",Apparel,1,28.99,3.99,2.02,2.89,0.00,28.99,upright_replica,true,one row per paid order,2026-09-10,America/Indiana/Indianapolis,USD
UP-20260910-0127,2026-09-10T20:00:00+00:00,DEMO-ITEM-20260910-0127,GW-007,Shopgoodwill,DEMO-UPRIGHT-0038,Framed landscape print,Art,1,31.10,4.99,2.17,3.11,0.00,31.10,upright_replica,true,one row per paid order,2026-09-10,America/Indiana/Indianapolis,USD
UP-20260910-0128,2026-09-10T21:00:00+00:00,DEMO-ITEM-20260910-0128,GW-008,eBay,DEMO-UPRIGHT-0039,Silver-tone necklace,Jewelry,1,33.21,5.99,2.32,3.32,0.00,33.21,upright_replica,true,one row per paid order,2026-09-10,America/Indiana/Indianapolis,USD
UP-20260911-0001,2026-09-11T18:00:00+00:00,DEMO-ITEM-20260911-0001,GW-001,Shopgoodwill,DEMO-UPRIGHT-0001,Vintage ceramic vase,Home,1,21.61,3.99,1.51,2.16,10.80,10.81,upright_replica,true,one row per paid order,2026-09-11,America/Indiana/Indianapolis,USD
UP-20260911-0002,2026-09-11T19:00:00+00:00,DEMO-ITEM-20260911-0002,GW-002,eBay,DEMO-UPRIGHT-0002,"Wool cardigan, size S",Apparel,1,23.72,4.99,1.66,2.37,0.00,23.72,upright_replica,true,one row per paid order,2026-09-11,America/Indiana/Indianapolis,USD
UP-20260911-0003,2026-09-11T20:00:00+00:00,DEMO-ITEM-20260911-0003,GW-003,Goodwillfinds,DEMO-UPRIGHT-0003,Framed landscape print,Art,1,25.83,5.99,1.80,2.58,0.00,25.83,upright_replica,true,one row per paid order,2026-09-11,America/Indiana/Indianapolis,USD
UP-20260911-0004,2026-09-11T21:00:00+00:00,DEMO-ITEM-20260911-0004,GW-004,Shopgoodwill,DEMO-UPRIGHT-0004,Silver-tone necklace,Jewelry,1,27.94,6.99,1.95,2.79,0.00,27.94,upright_replica,true,one row per paid order,2026-09-11,America/Indiana/Indianapolis,USD
UP-20260911-0005,2026-09-11T18:00:00+00:00,DEMO-ITEM-20260911-0005,GW-005,eBay,DEMO-UPRIGHT-0005,Vintage ceramic vase,Home,1,30.05,7.99,2.10,3.00,0.00,30.05,upright_replica,true,one row per paid order,2026-09-11,America/Indiana/Indianapolis,USD
UP-20260911-0006,2026-09-11T19:00:00+00:00,DEMO-ITEM-20260911-0006,GW-006,Goodwillfinds,DEMO-UPRIGHT-0006,"Wool cardigan, size S",Apparel,1,32.16,3.99,2.25,3.21,0.00,32.16,upright_replica,true,one row per paid order,2026-09-11,America/Indiana/Indianapolis,USD
UP-20260911-0007,2026-09-11T20:00:00+00:00,DEMO-ITEM-20260911-0007,GW-007,Shopgoodwill,DEMO-UPRIGHT-0007,Framed landscape print,Art,1,34.27,4.99,2.39,3.42,0.00,34.27,upright_replica,true,one row per paid order,2026-09-11,America/Indiana/Indianapolis,USD
UP-20260911-0008,2026-09-11T21:00:00+00:00,DEMO-ITEM-20260911-0008,GW-008,eBay,DEMO-UPRIGHT-0008,Silver-tone necklace,Jewelry,1,36.38,5.99,2.54,3.63,0.00,36.38,upright_replica,true,one row per paid order,2026-09-11,America/Indiana/Indianapolis,USD
UP-20260911-0009,2026-09-11T18:00:00+00:00,DEMO-ITEM-20260911-0009,GW-009,Goodwillfinds,DEMO-UPRIGHT-0009,Vintage ceramic vase,Home,1,38.49,6.99,2.69,3.84,0.00,38.49,upright_replica,true,one row per paid order,2026-09-11,America/Indiana/Indianapolis,USD
UP-20260911-0010,2026-09-11T19:00:00+00:00,DEMO-ITEM-20260911-0010,GW-010,Shopgoodwill,DEMO-UPRIGHT-0010,"Wool cardigan, size S",Apparel,1,40.60,7.99,2.84,4.06,0.00,40.60,upright_replica,true,one row per paid order,2026-09-11,America/Indiana/Indianapolis,USD
UP-20260911-0011,2026-09-11T20:00:00+00:00,DEMO-ITEM-20260911-0011,GW-011,eBay,DEMO-UPRIGHT-0011,Framed landscape print,Art,1,42.71,3.99,2.98,4.27,0.00,42.71,upright_replica,true,one row per paid order,2026-09-11,America/Indiana/Indianapolis,USD
UP-20260911-0012,2026-09-11T21:00:00+00:00,DEMO-ITEM-20260911-0012,GW-012,Goodwillfinds,DEMO-UPRIGHT-0012,Silver-tone necklace,Jewelry,1,44.82,4.99,3.13,4.48,0.00,44.82,upright_replica,true,one row per paid order,2026-09-11,America/Indiana/Indianapolis,USD
UP-20260911-0013,2026-09-11T18:00:00+00:00,DEMO-ITEM-20260911-0013,GW-013,Shopgoodwill,DEMO-UPRIGHT-0013,Vintage ceramic vase,Home,1,46.93,5.99,3.28,4.69,0.00,46.93,upright_replica,true,one row per paid order,2026-09-11,America/Indiana/Indianapolis,USD
UP-20260911-0014,2026-09-11T19:00:00+00:00,DEMO-ITEM-20260911-0014,GW-014,eBay,DEMO-UPRIGHT-0014,"Wool cardigan, size S",Apparel,1,49.04,6.99,3.43,4.90,0.00,49.04,upright_replica,true,one row per paid order,2026-09-11,America/Indiana/Indianapolis,USD
UP-20260911-0015,2026-09-11T20:00:00+00:00,DEMO-ITEM-20260911-0015,GW-015,Goodwillfinds,DEMO-UPRIGHT-0015,Framed landscape print,Art,1,51.15,7.99,3.58,5.11,0.00,51.15,upright_replica,true,one row per paid order,2026-09-11,America/Indiana/Indianapolis,USD
UP-20260911-0016,2026-09-11T21:00:00+00:00,DEMO-ITEM-20260911-0016,GW-016,Shopgoodwill,DEMO-UPRIGHT-0016,Silver-tone necklace,Jewelry,1,53.26,3.99,3.72,5.32,0.00,53.26,upright_replica,true,one row per paid order,2026-09-11,America/Indiana/Indianapolis,USD
UP-20260911-0017,2026-09-11T18:00:00+00:00,DEMO-ITEM-20260911-0017,GW-017,eBay,DEMO-UPRIGHT-0017,Vintage ceramic vase,Home,1,55.37,4.99,3.87,5.53,0.00,55.37,upright_replica,true,one row per paid order,2026-09-11,America/Indiana/Indianapolis,USD
UP-20260911-0018,2026-09-11T19:00:00+00:00,DEMO-ITEM-20260911-0018,GW-018,Goodwillfinds,DEMO-UPRIGHT-0018,"Wool cardigan, size S",Apparel,1,57.48,5.99,4.02,5.74,28.74,28.74,upright_replica,true,one row per paid order,2026-09-11,America/Indiana/Indianapolis,USD
UP-20260911-0019,2026-09-11T20:00:00+00:00,DEMO-ITEM-20260911-0019,GW-019,Shopgoodwill,DEMO-UPRIGHT-0019,Framed landscape print,Art,1,59.59,6.99,4.17,5.95,0.00,59.59,upright_replica,true,one row per paid order,2026-09-11,America/Indiana/Indianapolis,USD
UP-20260911-0020,2026-09-11T21:00:00+00:00,DEMO-ITEM-20260911-0020,GW-020,eBay,DEMO-UPRIGHT-0020,Silver-tone necklace,Jewelry,1,61.70,7.99,4.31,6.17,0.00,61.70,upright_replica,true,one row per paid order,2026-09-11,America/Indiana/Indianapolis,USD
UP-20260911-0021,2026-09-11T18:00:00+00:00,DEMO-ITEM-20260911-0021,GW-021,Goodwillfinds,DEMO-UPRIGHT-0021,Vintage ceramic vase,Home,1,63.81,3.99,4.46,6.38,0.00,63.81,upright_replica,true,one row per paid order,2026-09-11,America/Indiana/Indianapolis,USD
UP-20260911-0022,2026-09-11T19:00:00+00:00,DEMO-ITEM-20260911-0022,GW-022,Shopgoodwill,DEMO-UPRIGHT-0022,"Wool cardigan, size S",Apparel,1,65.92,4.99,4.61,6.59,0.00,65.92,upright_replica,true,one row per paid order,2026-09-11,America/Indiana/Indianapolis,USD
UP-20260911-0023,2026-09-11T20:00:00+00:00,DEMO-ITEM-20260911-0023,GW-023,eBay,DEMO-UPRIGHT-0023,Framed landscape print,Art,1,68.03,5.99,4.76,6.80,0.00,68.03,upright_replica,true,one row per paid order,2026-09-11,America/Indiana/Indianapolis,USD
UP-20260911-0024,2026-09-11T21:00:00+00:00,DEMO-ITEM-20260911-0024,GW-024,Goodwillfinds,DEMO-UPRIGHT-0024,Silver-tone necklace,Jewelry,1,70.14,6.99,4.90,7.01,0.00,70.14,upright_replica,true,one row per paid order,2026-09-11,America/Indiana/Indianapolis,USD
UP-20260911-0025,2026-09-11T18:00:00+00:00,DEMO-ITEM-20260911-0025,GW-001,Shopgoodwill,DEMO-UPRIGHT-0025,Vintage ceramic vase,Home,1,72.25,7.99,5.05,7.22,0.00,72.25,upright_replica,true,one row per paid order,2026-09-11,America/Indiana/Indianapolis,USD
UP-20260911-0026,2026-09-11T19:00:00+00:00,DEMO-ITEM-20260911-0026,GW-002,eBay,DEMO-UPRIGHT-0026,"Wool cardigan, size S",Apparel,1,74.36,3.99,5.20,7.43,0.00,74.36,upright_replica,true,one row per paid order,2026-09-11,America/Indiana/Indianapolis,USD
UP-20260911-0027,2026-09-11T20:00:00+00:00,DEMO-ITEM-20260911-0027,GW-003,Goodwillfinds,DEMO-UPRIGHT-0027,Framed landscape print,Art,1,76.47,4.99,5.35,7.64,0.00,76.47,upright_replica,true,one row per paid order,2026-09-11,America/Indiana/Indianapolis,USD
UP-20260911-0028,2026-09-11T21:00:00+00:00,DEMO-ITEM-20260911-0028,GW-004,Shopgoodwill,DEMO-UPRIGHT-0028,Silver-tone necklace,Jewelry,1,78.58,5.99,5.50,7.85,0.00,78.58,upright_replica,true,one row per paid order,2026-09-11,America/Indiana/Indianapolis,USD
UP-20260911-0029,2026-09-11T18:00:00+00:00,DEMO-ITEM-20260911-0029,GW-005,eBay,DEMO-UPRIGHT-0029,Vintage ceramic vase,Home,1,80.69,6.99,5.64,8.06,0.00,80.69,upright_replica,true,one row per paid order,2026-09-11,America/Indiana/Indianapolis,USD
UP-20260911-0030,2026-09-11T19:00:00+00:00,DEMO-ITEM-20260911-0030,GW-006,Goodwillfinds,DEMO-UPRIGHT-0030,"Wool cardigan, size S",Apparel,1,82.80,7.99,5.79,8.28,0.00,82.80,upright_replica,true,one row per paid order,2026-09-11,America/Indiana/Indianapolis,USD
UP-20260911-0031,2026-09-11T20:00:00+00:00,DEMO-ITEM-20260911-0031,GW-007,Shopgoodwill,DEMO-UPRIGHT-0031,Framed landscape print,Art,1,84.91,3.99,5.94,8.49,0.00,84.91,upright_replica,true,one row per paid order,2026-09-11,America/Indiana/Indianapolis,USD
UP-20260911-0032,2026-09-11T21:00:00+00:00,DEMO-ITEM-20260911-0032,GW-008,eBay,DEMO-UPRIGHT-0032,Silver-tone necklace,Jewelry,1,87.02,4.99,6.09,8.70,0.00,87.02,upright_replica,true,one row per paid order,2026-09-11,America/Indiana/Indianapolis,USD
UP-20260911-0033,2026-09-11T18:00:00+00:00,DEMO-ITEM-20260911-0033,GW-009,Goodwillfinds,DEMO-UPRIGHT-0033,Vintage ceramic vase,Home,1,89.13,5.99,6.23,8.91,0.00,89.13,upright_replica,true,one row per paid order,2026-09-11,America/Indiana/Indianapolis,USD
UP-20260911-0034,2026-09-11T19:00:00+00:00,DEMO-ITEM-20260911-0034,GW-010,Shopgoodwill,DEMO-UPRIGHT-0034,"Wool cardigan, size S",Apparel,1,91.24,6.99,6.38,9.12,0.00,91.24,upright_replica,true,one row per paid order,2026-09-11,America/Indiana/Indianapolis,USD
UP-20260911-0035,2026-09-11T20:00:00+00:00,DEMO-ITEM-20260911-0035,GW-011,eBay,DEMO-UPRIGHT-0035,Framed landscape print,Art,1,93.35,7.99,6.53,9.33,46.67,46.68,upright_replica,true,one row per paid order,2026-09-11,America/Indiana/Indianapolis,USD
UP-20260911-0036,2026-09-11T21:00:00+00:00,DEMO-ITEM-20260911-0036,GW-012,Goodwillfinds,DEMO-UPRIGHT-0036,Silver-tone necklace,Jewelry,1,95.46,3.99,6.68,9.54,0.00,95.46,upright_replica,true,one row per paid order,2026-09-11,America/Indiana/Indianapolis,USD
UP-20260911-0037,2026-09-11T18:00:00+00:00,DEMO-ITEM-20260911-0037,GW-013,Shopgoodwill,DEMO-UPRIGHT-0037,Vintage ceramic vase,Home,1,97.57,4.99,6.82,9.75,0.00,97.57,upright_replica,true,one row per paid order,2026-09-11,America/Indiana/Indianapolis,USD
UP-20260911-0038,2026-09-11T19:00:00+00:00,DEMO-ITEM-20260911-0038,GW-014,eBay,DEMO-UPRIGHT-0038,"Wool cardigan, size S",Apparel,1,99.68,5.99,6.97,9.96,0.00,99.68,upright_replica,true,one row per paid order,2026-09-11,America/Indiana/Indianapolis,USD
UP-20260911-0039,2026-09-11T20:00:00+00:00,DEMO-ITEM-20260911-0039,GW-015,Goodwillfinds,DEMO-UPRIGHT-0039,Framed landscape print,Art,1,16.79,6.99,1.17,1.67,0.00,16.79,upright_replica,true,one row per paid order,2026-09-11,America/Indiana/Indianapolis,USD
UP-20260911-0040,2026-09-11T21:00:00+00:00,DEMO-ITEM-20260911-0040,GW-016,Shopgoodwill,DEMO-UPRIGHT-0040,Silver-tone necklace,Jewelry,1,18.90,7.99,1.32,1.89,0.00,18.90,upright_replica,true,one row per paid order,2026-09-11,America/Indiana/Indianapolis,USD
UP-20260911-0041,2026-09-11T18:00:00+00:00,DEMO-ITEM-20260911-0041,GW-017,eBay,DEMO-UPRIGHT-0041,Vintage ceramic vase,Home,1,21.01,3.99,1.47,2.10,0.00,21.01,upright_replica,true,one row per paid order,2026-09-11,America/Indiana/Indianapolis,USD
UP-20260911-0042,2026-09-11T19:00:00+00:00,DEMO-ITEM-20260911-0042,GW-018,Goodwillfinds,DEMO-UPRIGHT-0042,"Wool cardigan, size S",Apparel,1,23.12,4.99,1.61,2.31,0.00,23.12,upright_replica,true,one row per paid order,2026-09-11,America/Indiana/Indianapolis,USD
UP-20260911-0043,2026-09-11T20:00:00+00:00,DEMO-ITEM-20260911-0043,GW-019,Shopgoodwill,DEMO-UPRIGHT-0043,Framed landscape print,Art,1,25.23,5.99,1.76,2.52,0.00,25.23,upright_replica,true,one row per paid order,2026-09-11,America/Indiana/Indianapolis,USD
UP-20260911-0044,2026-09-11T21:00:00+00:00,DEMO-ITEM-20260911-0044,GW-020,eBay,DEMO-UPRIGHT-0044,Silver-tone necklace,Jewelry,1,27.34,6.99,1.91,2.73,0.00,27.34,upright_replica,true,one row per paid order,2026-09-11,America/Indiana/Indianapolis,USD
UP-20260911-0045,2026-09-11T18:00:00+00:00,DEMO-ITEM-20260911-0045,GW-021,Goodwillfinds,DEMO-UPRIGHT-0045,Vintage ceramic vase,Home,1,29.45,7.99,2.06,2.94,0.00,29.45,upright_replica,true,one row per paid order,2026-09-11,America/Indiana/Indianapolis,USD
UP-20260911-0046,2026-09-11T19:00:00+00:00,DEMO-ITEM-20260911-0046,GW-022,Shopgoodwill,DEMO-UPRIGHT-0046,"Wool cardigan, size S",Apparel,1,31.56,3.99,2.20,3.15,0.00,31.56,upright_replica,true,one row per paid order,2026-09-11,America/Indiana/Indianapolis,USD
UP-20260911-0047,2026-09-11T20:00:00+00:00,DEMO-ITEM-20260911-0047,GW-023,eBay,DEMO-UPRIGHT-0047,Framed landscape print,Art,1,33.67,4.99,2.35,3.36,0.00,33.67,upright_replica,true,one row per paid order,2026-09-11,America/Indiana/Indianapolis,USD
UP-20260911-0048,2026-09-11T21:00:00+00:00,DEMO-ITEM-20260911-0048,GW-024,Goodwillfinds,DEMO-UPRIGHT-0048,Silver-tone necklace,Jewelry,1,35.78,5.99,2.50,3.57,0.00,35.78,upright_replica,true,one row per paid order,2026-09-11,America/Indiana/Indianapolis,USD
UP-20260911-0049,2026-09-11T18:00:00+00:00,DEMO-ITEM-20260911-0049,GW-001,Shopgoodwill,DEMO-UPRIGHT-0049,Vintage ceramic vase,Home,1,37.89,6.99,2.65,3.78,0.00,37.89,upright_replica,true,one row per paid order,2026-09-11,America/Indiana/Indianapolis,USD
UP-20260911-0050,2026-09-11T19:00:00+00:00,DEMO-ITEM-20260911-0050,GW-002,eBay,DEMO-UPRIGHT-0050,"Wool cardigan, size S",Apparel,1,40.00,7.99,2.80,4.00,0.00,40.00,upright_replica,true,one row per paid order,2026-09-11,America/Indiana/Indianapolis,USD
UP-20260911-0051,2026-09-11T20:00:00+00:00,DEMO-ITEM-20260911-0051,GW-003,Goodwillfinds,DEMO-UPRIGHT-0051,Framed landscape print,Art,1,42.11,3.99,2.94,4.21,0.00,42.11,upright_replica,true,one row per paid order,2026-09-11,America/Indiana/Indianapolis,USD
UP-20260911-0052,2026-09-11T21:00:00+00:00,DEMO-ITEM-20260911-0052,GW-004,Shopgoodwill,DEMO-UPRIGHT-0052,Silver-tone necklace,Jewelry,1,44.22,4.99,3.09,4.42,22.11,22.11,upright_replica,true,one row per paid order,2026-09-11,America/Indiana/Indianapolis,USD
UP-20260911-0053,2026-09-11T18:00:00+00:00,DEMO-ITEM-20260911-0053,GW-005,eBay,DEMO-UPRIGHT-0053,Vintage ceramic vase,Home,1,46.33,5.99,3.24,4.63,0.00,46.33,upright_replica,true,one row per paid order,2026-09-11,America/Indiana/Indianapolis,USD
UP-20260911-0054,2026-09-11T19:00:00+00:00,DEMO-ITEM-20260911-0054,GW-006,Goodwillfinds,DEMO-UPRIGHT-0054,"Wool cardigan, size S",Apparel,1,48.44,6.99,3.39,4.84,0.00,48.44,upright_replica,true,one row per paid order,2026-09-11,America/Indiana/Indianapolis,USD
UP-20260911-0055,2026-09-11T20:00:00+00:00,DEMO-ITEM-20260911-0055,GW-007,Shopgoodwill,DEMO-UPRIGHT-0055,Framed landscape print,Art,1,50.55,7.99,3.53,5.05,0.00,50.55,upright_replica,true,one row per paid order,2026-09-11,America/Indiana/Indianapolis,USD
UP-20260911-0056,2026-09-11T21:00:00+00:00,DEMO-ITEM-20260911-0056,GW-008,eBay,DEMO-UPRIGHT-0056,Silver-tone necklace,Jewelry,1,52.66,3.99,3.68,5.26,0.00,52.66,upright_replica,true,one row per paid order,2026-09-11,America/Indiana/Indianapolis,USD
UP-20260911-0057,2026-09-11T18:00:00+00:00,DEMO-ITEM-20260911-0057,GW-009,Goodwillfinds,DEMO-UPRIGHT-0057,Vintage ceramic vase,Home,1,54.77,4.99,3.83,5.47,0.00,54.77,upright_replica,true,one row per paid order,2026-09-11,America/Indiana/Indianapolis,USD
UP-20260911-0058,2026-09-11T19:00:00+00:00,DEMO-ITEM-20260911-0058,GW-010,Shopgoodwill,DEMO-UPRIGHT-0058,"Wool cardigan, size S",Apparel,1,56.88,5.99,3.98,5.68,0.00,56.88,upright_replica,true,one row per paid order,2026-09-11,America/Indiana/Indianapolis,USD
UP-20260911-0059,2026-09-11T20:00:00+00:00,DEMO-ITEM-20260911-0059,GW-011,eBay,DEMO-UPRIGHT-0059,Framed landscape print,Art,1,58.99,6.99,4.12,5.89,0.00,58.99,upright_replica,true,one row per paid order,2026-09-11,America/Indiana/Indianapolis,USD
UP-20260911-0060,2026-09-11T21:00:00+00:00,DEMO-ITEM-20260911-0060,GW-012,Goodwillfinds,DEMO-UPRIGHT-0060,Silver-tone necklace,Jewelry,1,61.10,7.99,4.27,6.11,0.00,61.10,upright_replica,true,one row per paid order,2026-09-11,America/Indiana/Indianapolis,USD
UP-20260911-0061,2026-09-11T18:00:00+00:00,DEMO-ITEM-20260911-0061,GW-013,Shopgoodwill,DEMO-UPRIGHT-0061,Vintage ceramic vase,Home,1,63.21,3.99,4.42,6.32,0.00,63.21,upright_replica,true,one row per paid order,2026-09-11,America/Indiana/Indianapolis,USD
UP-20260911-0062,2026-09-11T19:00:00+00:00,DEMO-ITEM-20260911-0062,GW-014,eBay,DEMO-UPRIGHT-0062,"Wool cardigan, size S",Apparel,1,65.32,4.99,4.57,6.53,0.00,65.32,upright_replica,true,one row per paid order,2026-09-11,America/Indiana/Indianapolis,USD
UP-20260911-0063,2026-09-11T20:00:00+00:00,DEMO-ITEM-20260911-0063,GW-015,Goodwillfinds,DEMO-UPRIGHT-0063,Framed landscape print,Art,1,67.43,5.99,4.72,6.74,0.00,67.43,upright_replica,true,one row per paid order,2026-09-11,America/Indiana/Indianapolis,USD
UP-20260911-0064,2026-09-11T21:00:00+00:00,DEMO-ITEM-20260911-0064,GW-016,Shopgoodwill,DEMO-UPRIGHT-0064,Silver-tone necklace,Jewelry,1,69.54,6.99,4.86,6.95,0.00,69.54,upright_replica,true,one row per paid order,2026-09-11,America/Indiana/Indianapolis,USD
UP-20260911-0065,2026-09-11T18:00:00+00:00,DEMO-ITEM-20260911-0065,GW-017,eBay,DEMO-UPRIGHT-0065,Vintage ceramic vase,Home,1,71.65,7.99,5.01,7.16,0.00,71.65,upright_replica,true,one row per paid order,2026-09-11,America/Indiana/Indianapolis,USD
UP-20260911-0066,2026-09-11T19:00:00+00:00,DEMO-ITEM-20260911-0066,GW-018,Goodwillfinds,DEMO-UPRIGHT-0066,"Wool cardigan, size S",Apparel,1,73.76,3.99,5.16,7.37,0.00,73.76,upright_replica,true,one row per paid order,2026-09-11,America/Indiana/Indianapolis,USD
UP-20260911-0067,2026-09-11T20:00:00+00:00,DEMO-ITEM-20260911-0067,GW-019,Shopgoodwill,DEMO-UPRIGHT-0067,Framed landscape print,Art,1,75.87,4.99,5.31,7.58,0.00,75.87,upright_replica,true,one row per paid order,2026-09-11,America/Indiana/Indianapolis,USD
UP-20260911-0068,2026-09-11T21:00:00+00:00,DEMO-ITEM-20260911-0068,GW-020,eBay,DEMO-UPRIGHT-0068,Silver-tone necklace,Jewelry,1,77.98,5.99,5.45,7.79,0.00,77.98,upright_replica,true,one row per paid order,2026-09-11,America/Indiana/Indianapolis,USD
UP-20260911-0069,2026-09-11T18:00:00+00:00,DEMO-ITEM-20260911-0069,GW-021,Goodwillfinds,DEMO-UPRIGHT-0069,Vintage ceramic vase,Home,1,80.09,6.99,5.60,8.00,40.04,40.05,upright_replica,true,one row per paid order,2026-09-11,America/Indiana/Indianapolis,USD
UP-20260911-0070,2026-09-11T19:00:00+00:00,DEMO-ITEM-20260911-0070,GW-022,Shopgoodwill,DEMO-UPRIGHT-0070,"Wool cardigan, size S",Apparel,1,82.20,7.99,5.75,8.22,0.00,82.20,upright_replica,true,one row per paid order,2026-09-11,America/Indiana/Indianapolis,USD
UP-20260911-0071,2026-09-11T20:00:00+00:00,DEMO-ITEM-20260911-0071,GW-023,eBay,DEMO-UPRIGHT-0071,Framed landscape print,Art,1,84.31,3.99,5.90,8.43,0.00,84.31,upright_replica,true,one row per paid order,2026-09-11,America/Indiana/Indianapolis,USD
UP-20260911-0072,2026-09-11T21:00:00+00:00,DEMO-ITEM-20260911-0072,GW-024,Goodwillfinds,DEMO-UPRIGHT-0072,Silver-tone necklace,Jewelry,1,86.42,4.99,6.04,8.64,0.00,86.42,upright_replica,true,one row per paid order,2026-09-11,America/Indiana/Indianapolis,USD
UP-20260911-0073,2026-09-11T18:00:00+00:00,DEMO-ITEM-20260911-0073,GW-001,Shopgoodwill,DEMO-UPRIGHT-0073,Vintage ceramic vase,Home,1,88.53,5.99,6.19,8.85,0.00,88.53,upright_replica,true,one row per paid order,2026-09-11,America/Indiana/Indianapolis,USD
UP-20260911-0074,2026-09-11T19:00:00+00:00,DEMO-ITEM-20260911-0074,GW-002,eBay,DEMO-UPRIGHT-0074,"Wool cardigan, size S",Apparel,1,90.64,6.99,6.34,9.06,0.00,90.64,upright_replica,true,one row per paid order,2026-09-11,America/Indiana/Indianapolis,USD
UP-20260911-0075,2026-09-11T20:00:00+00:00,DEMO-ITEM-20260911-0075,GW-003,Goodwillfinds,DEMO-UPRIGHT-0075,Framed landscape print,Art,1,92.75,7.99,6.49,9.27,0.00,92.75,upright_replica,true,one row per paid order,2026-09-11,America/Indiana/Indianapolis,USD
UP-20260911-0076,2026-09-11T21:00:00+00:00,DEMO-ITEM-20260911-0076,GW-004,Shopgoodwill,DEMO-UPRIGHT-0076,Silver-tone necklace,Jewelry,1,94.86,3.99,6.64,9.48,0.00,94.86,upright_replica,true,one row per paid order,2026-09-11,America/Indiana/Indianapolis,USD
UP-20260911-0077,2026-09-11T18:00:00+00:00,DEMO-ITEM-20260911-0077,GW-005,eBay,DEMO-UPRIGHT-0077,Vintage ceramic vase,Home,1,96.97,4.99,6.78,9.69,0.00,96.97,upright_replica,true,one row per paid order,2026-09-11,America/Indiana/Indianapolis,USD
UP-20260911-0078,2026-09-11T19:00:00+00:00,DEMO-ITEM-20260911-0078,GW-006,Goodwillfinds,DEMO-UPRIGHT-0078,"Wool cardigan, size S",Apparel,1,99.08,5.99,6.93,9.90,0.00,99.08,upright_replica,true,one row per paid order,2026-09-11,America/Indiana/Indianapolis,USD
UP-20260911-0079,2026-09-11T20:00:00+00:00,DEMO-ITEM-20260911-0079,GW-007,Shopgoodwill,DEMO-UPRIGHT-0079,Framed landscape print,Art,1,16.19,6.99,1.13,1.61,0.00,16.19,upright_replica,true,one row per paid order,2026-09-11,America/Indiana/Indianapolis,USD
UP-20260911-0080,2026-09-11T21:00:00+00:00,DEMO-ITEM-20260911-0080,GW-008,eBay,DEMO-UPRIGHT-0080,Silver-tone necklace,Jewelry,1,18.30,7.99,1.28,1.83,0.00,18.30,upright_replica,true,one row per paid order,2026-09-11,America/Indiana/Indianapolis,USD
UP-20260911-0081,2026-09-11T18:00:00+00:00,DEMO-ITEM-20260911-0081,GW-009,Goodwillfinds,DEMO-UPRIGHT-0081,Vintage ceramic vase,Home,1,20.41,3.99,1.42,2.04,0.00,20.41,upright_replica,true,one row per paid order,2026-09-11,America/Indiana/Indianapolis,USD
UP-20260911-0082,2026-09-11T19:00:00+00:00,DEMO-ITEM-20260911-0082,GW-010,Shopgoodwill,DEMO-UPRIGHT-0082,"Wool cardigan, size S",Apparel,1,22.52,4.99,1.57,2.25,0.00,22.52,upright_replica,true,one row per paid order,2026-09-11,America/Indiana/Indianapolis,USD
UP-20260911-0083,2026-09-11T20:00:00+00:00,DEMO-ITEM-20260911-0083,GW-011,eBay,DEMO-UPRIGHT-0083,Framed landscape print,Art,1,24.63,5.99,1.72,2.46,0.00,24.63,upright_replica,true,one row per paid order,2026-09-11,America/Indiana/Indianapolis,USD
UP-20260911-0084,2026-09-11T21:00:00+00:00,DEMO-ITEM-20260911-0084,GW-012,Goodwillfinds,DEMO-UPRIGHT-0084,Silver-tone necklace,Jewelry,1,26.74,6.99,1.87,2.67,0.00,26.74,upright_replica,true,one row per paid order,2026-09-11,America/Indiana/Indianapolis,USD
UP-20260911-0085,2026-09-11T18:00:00+00:00,DEMO-ITEM-20260911-0085,GW-013,Shopgoodwill,DEMO-UPRIGHT-0085,Vintage ceramic vase,Home,1,28.85,7.99,2.01,2.88,0.00,28.85,upright_replica,true,one row per paid order,2026-09-11,America/Indiana/Indianapolis,USD
UP-20260911-0086,2026-09-11T19:00:00+00:00,DEMO-ITEM-20260911-0086,GW-014,eBay,DEMO-UPRIGHT-0086,"Wool cardigan, size S",Apparel,1,30.96,3.99,2.16,3.09,15.48,15.48,upright_replica,true,one row per paid order,2026-09-11,America/Indiana/Indianapolis,USD
UP-20260911-0087,2026-09-11T20:00:00+00:00,DEMO-ITEM-20260911-0087,GW-015,Goodwillfinds,DEMO-UPRIGHT-0087,Framed landscape print,Art,1,33.07,4.99,2.31,3.30,0.00,33.07,upright_replica,true,one row per paid order,2026-09-11,America/Indiana/Indianapolis,USD
UP-20260911-0088,2026-09-11T21:00:00+00:00,DEMO-ITEM-20260911-0088,GW-016,Shopgoodwill,DEMO-UPRIGHT-0088,Silver-tone necklace,Jewelry,1,35.18,5.99,2.46,3.51,0.00,35.18,upright_replica,true,one row per paid order,2026-09-11,America/Indiana/Indianapolis,USD
UP-20260911-0089,2026-09-11T18:00:00+00:00,DEMO-ITEM-20260911-0089,GW-017,eBay,DEMO-UPRIGHT-0089,Vintage ceramic vase,Home,1,37.29,6.99,2.61,3.72,0.00,37.29,upright_replica,true,one row per paid order,2026-09-11,America/Indiana/Indianapolis,USD
UP-20260911-0090,2026-09-11T19:00:00+00:00,DEMO-ITEM-20260911-0090,GW-018,Goodwillfinds,DEMO-UPRIGHT-0001,"Wool cardigan, size S",Apparel,1,39.40,7.99,2.75,3.94,0.00,39.40,upright_replica,true,one row per paid order,2026-09-11,America/Indiana/Indianapolis,USD
UP-20260911-0091,2026-09-11T20:00:00+00:00,DEMO-ITEM-20260911-0091,GW-019,Shopgoodwill,DEMO-UPRIGHT-0002,Framed landscape print,Art,1,41.51,3.99,2.90,4.15,0.00,41.51,upright_replica,true,one row per paid order,2026-09-11,America/Indiana/Indianapolis,USD
UP-20260911-0092,2026-09-11T21:00:00+00:00,DEMO-ITEM-20260911-0092,GW-020,eBay,DEMO-UPRIGHT-0003,Silver-tone necklace,Jewelry,1,43.62,4.99,3.05,4.36,0.00,43.62,upright_replica,true,one row per paid order,2026-09-11,America/Indiana/Indianapolis,USD
UP-20260911-0093,2026-09-11T18:00:00+00:00,DEMO-ITEM-20260911-0093,GW-021,Goodwillfinds,DEMO-UPRIGHT-0004,Vintage ceramic vase,Home,1,45.73,5.99,3.20,4.57,0.00,45.73,upright_replica,true,one row per paid order,2026-09-11,America/Indiana/Indianapolis,USD
UP-20260911-0094,2026-09-11T19:00:00+00:00,DEMO-ITEM-20260911-0094,GW-022,Shopgoodwill,DEMO-UPRIGHT-0005,"Wool cardigan, size S",Apparel,1,47.84,6.99,3.34,4.78,0.00,47.84,upright_replica,true,one row per paid order,2026-09-11,America/Indiana/Indianapolis,USD
UP-20260911-0095,2026-09-11T20:00:00+00:00,DEMO-ITEM-20260911-0095,GW-023,eBay,DEMO-UPRIGHT-0006,Framed landscape print,Art,1,49.95,7.99,3.49,4.99,0.00,49.95,upright_replica,true,one row per paid order,2026-09-11,America/Indiana/Indianapolis,USD
UP-20260911-0096,2026-09-11T21:00:00+00:00,DEMO-ITEM-20260911-0096,GW-024,Goodwillfinds,DEMO-UPRIGHT-0007,Silver-tone necklace,Jewelry,1,52.06,3.99,3.64,5.20,0.00,52.06,upright_replica,true,one row per paid order,2026-09-11,America/Indiana/Indianapolis,USD
UP-20260911-0097,2026-09-11T18:00:00+00:00,DEMO-ITEM-20260911-0097,GW-001,Shopgoodwill,DEMO-UPRIGHT-0008,Vintage ceramic vase,Home,1,54.17,4.99,3.79,5.41,0.00,54.17,upright_replica,true,one row per paid order,2026-09-11,America/Indiana/Indianapolis,USD
UP-20260911-0098,2026-09-11T19:00:00+00:00,DEMO-ITEM-20260911-0098,GW-002,eBay,DEMO-UPRIGHT-0009,"Wool cardigan, size S",Apparel,1,56.28,5.99,3.93,5.62,0.00,56.28,upright_replica,true,one row per paid order,2026-09-11,America/Indiana/Indianapolis,USD
UP-20260911-0099,2026-09-11T20:00:00+00:00,DEMO-ITEM-20260911-0099,GW-003,Goodwillfinds,DEMO-UPRIGHT-0010,Framed landscape print,Art,1,58.39,6.99,4.08,5.83,0.00,58.39,upright_replica,true,one row per paid order,2026-09-11,America/Indiana/Indianapolis,USD
UP-20260911-0100,2026-09-11T21:00:00+00:00,DEMO-ITEM-20260911-0100,GW-004,Shopgoodwill,DEMO-UPRIGHT-0011,Silver-tone necklace,Jewelry,1,60.50,7.99,4.23,6.05,0.00,60.50,upright_replica,true,one row per paid order,2026-09-11,America/Indiana/Indianapolis,USD
UP-20260911-0101,2026-09-11T18:00:00+00:00,DEMO-ITEM-20260911-0101,GW-005,eBay,DEMO-UPRIGHT-0012,Vintage ceramic vase,Home,1,62.61,3.99,4.38,6.26,0.00,62.61,upright_replica,true,one row per paid order,2026-09-11,America/Indiana/Indianapolis,USD
UP-20260911-0102,2026-09-11T19:00:00+00:00,DEMO-ITEM-20260911-0102,GW-006,Goodwillfinds,DEMO-UPRIGHT-0013,"Wool cardigan, size S",Apparel,1,64.72,4.99,4.53,6.47,0.00,64.72,upright_replica,true,one row per paid order,2026-09-11,America/Indiana/Indianapolis,USD
UP-20260911-0103,2026-09-11T20:00:00+00:00,DEMO-ITEM-20260911-0103,GW-007,Shopgoodwill,DEMO-UPRIGHT-0014,Framed landscape print,Art,1,66.83,5.99,4.67,6.68,33.41,33.42,upright_replica,true,one row per paid order,2026-09-11,America/Indiana/Indianapolis,USD
UP-20260911-0104,2026-09-11T21:00:00+00:00,DEMO-ITEM-20260911-0104,GW-008,eBay,DEMO-UPRIGHT-0015,Silver-tone necklace,Jewelry,1,68.94,6.99,4.82,6.89,0.00,68.94,upright_replica,true,one row per paid order,2026-09-11,America/Indiana/Indianapolis,USD
UP-20260911-0105,2026-09-11T18:00:00+00:00,DEMO-ITEM-20260911-0105,GW-009,Goodwillfinds,DEMO-UPRIGHT-0016,Vintage ceramic vase,Home,1,71.05,7.99,4.97,7.10,0.00,71.05,upright_replica,true,one row per paid order,2026-09-11,America/Indiana/Indianapolis,USD
UP-20260911-0106,2026-09-11T19:00:00+00:00,DEMO-ITEM-20260911-0106,GW-010,Shopgoodwill,DEMO-UPRIGHT-0017,"Wool cardigan, size S",Apparel,1,73.16,3.99,5.12,7.31,0.00,73.16,upright_replica,true,one row per paid order,2026-09-11,America/Indiana/Indianapolis,USD
UP-20260911-0107,2026-09-11T20:00:00+00:00,DEMO-ITEM-20260911-0107,GW-011,eBay,DEMO-UPRIGHT-0018,Framed landscape print,Art,1,75.27,4.99,5.26,7.52,0.00,75.27,upright_replica,true,one row per paid order,2026-09-11,America/Indiana/Indianapolis,USD
UP-20260911-0108,2026-09-11T21:00:00+00:00,DEMO-ITEM-20260911-0108,GW-012,Goodwillfinds,DEMO-UPRIGHT-0019,Silver-tone necklace,Jewelry,1,77.38,5.99,5.41,7.73,0.00,77.38,upright_replica,true,one row per paid order,2026-09-11,America/Indiana/Indianapolis,USD
UP-20260911-0109,2026-09-11T18:00:00+00:00,DEMO-ITEM-20260911-0109,GW-013,Shopgoodwill,DEMO-UPRIGHT-0020,Vintage ceramic vase,Home,1,79.49,6.99,5.56,7.94,0.00,79.49,upright_replica,true,one row per paid order,2026-09-11,America/Indiana/Indianapolis,USD
UP-20260911-0110,2026-09-11T19:00:00+00:00,DEMO-ITEM-20260911-0110,GW-014,eBay,DEMO-UPRIGHT-0021,"Wool cardigan, size S",Apparel,1,81.60,7.99,5.71,8.16,0.00,81.60,upright_replica,true,one row per paid order,2026-09-11,America/Indiana/Indianapolis,USD
UP-20260911-0111,2026-09-11T20:00:00+00:00,DEMO-ITEM-20260911-0111,GW-015,Goodwillfinds,DEMO-UPRIGHT-0022,Framed landscape print,Art,1,83.71,3.99,5.85,8.37,0.00,83.71,upright_replica,true,one row per paid order,2026-09-11,America/Indiana/Indianapolis,USD
UP-20260911-0112,2026-09-11T21:00:00+00:00,DEMO-ITEM-20260911-0112,GW-016,Shopgoodwill,DEMO-UPRIGHT-0023,Silver-tone necklace,Jewelry,1,85.82,4.99,6.00,8.58,0.00,85.82,upright_replica,true,one row per paid order,2026-09-11,America/Indiana/Indianapolis,USD
UP-20260911-0113,2026-09-11T18:00:00+00:00,DEMO-ITEM-20260911-0113,GW-017,eBay,DEMO-UPRIGHT-0024,Vintage ceramic vase,Home,1,87.93,5.99,6.15,8.79,0.00,87.93,upright_replica,true,one row per paid order,2026-09-11,America/Indiana/Indianapolis,USD
UP-20260911-0114,2026-09-11T19:00:00+00:00,DEMO-ITEM-20260911-0114,GW-018,Goodwillfinds,DEMO-UPRIGHT-0025,"Wool cardigan, size S",Apparel,1,90.04,6.99,6.30,9.00,0.00,90.04,upright_replica,true,one row per paid order,2026-09-11,America/Indiana/Indianapolis,USD
UP-20260911-0115,2026-09-11T20:00:00+00:00,DEMO-ITEM-20260911-0115,GW-019,Shopgoodwill,DEMO-UPRIGHT-0026,Framed landscape print,Art,1,92.15,7.99,6.45,9.21,0.00,92.15,upright_replica,true,one row per paid order,2026-09-11,America/Indiana/Indianapolis,USD
UP-20260911-0116,2026-09-11T21:00:00+00:00,DEMO-ITEM-20260911-0116,GW-020,eBay,DEMO-UPRIGHT-0027,Silver-tone necklace,Jewelry,1,94.26,3.99,6.59,9.42,0.00,94.26,upright_replica,true,one row per paid order,2026-09-11,America/Indiana/Indianapolis,USD
UP-20260911-0117,2026-09-11T18:00:00+00:00,DEMO-ITEM-20260911-0117,GW-021,Goodwillfinds,DEMO-UPRIGHT-0028,Vintage ceramic vase,Home,1,96.37,4.99,6.74,9.63,0.00,96.37,upright_replica,true,one row per paid order,2026-09-11,America/Indiana/Indianapolis,USD
UP-20260911-0118,2026-09-11T19:00:00+00:00,DEMO-ITEM-20260911-0118,GW-022,Shopgoodwill,DEMO-UPRIGHT-0029,"Wool cardigan, size S",Apparel,1,98.48,5.99,6.89,9.84,0.00,98.48,upright_replica,true,one row per paid order,2026-09-11,America/Indiana/Indianapolis,USD
UP-20260911-0119,2026-09-11T20:00:00+00:00,DEMO-ITEM-20260911-0119,GW-023,eBay,DEMO-UPRIGHT-0030,Framed landscape print,Art,1,15.59,6.99,1.09,1.55,0.00,15.59,upright_replica,true,one row per paid order,2026-09-11,America/Indiana/Indianapolis,USD
UP-20260911-0120,2026-09-11T21:00:00+00:00,DEMO-ITEM-20260911-0120,GW-024,Goodwillfinds,DEMO-UPRIGHT-0031,Silver-tone necklace,Jewelry,1,17.70,7.99,1.23,1.77,8.85,8.85,upright_replica,true,one row per paid order,2026-09-11,America/Indiana/Indianapolis,USD
UP-20260911-0121,2026-09-11T18:00:00+00:00,DEMO-ITEM-20260911-0121,GW-001,Shopgoodwill,DEMO-UPRIGHT-0032,Vintage ceramic vase,Home,1,19.81,3.99,1.38,1.98,0.00,19.81,upright_replica,true,one row per paid order,2026-09-11,America/Indiana/Indianapolis,USD
UP-20260911-0122,2026-09-11T19:00:00+00:00,DEMO-ITEM-20260911-0122,GW-002,eBay,DEMO-UPRIGHT-0033,"Wool cardigan, size S",Apparel,1,21.92,4.99,1.53,2.19,0.00,21.92,upright_replica,true,one row per paid order,2026-09-11,America/Indiana/Indianapolis,USD
UP-20260911-0123,2026-09-11T20:00:00+00:00,DEMO-ITEM-20260911-0123,GW-003,Goodwillfinds,DEMO-UPRIGHT-0034,Framed landscape print,Art,1,24.03,5.99,1.68,2.40,0.00,24.03,upright_replica,true,one row per paid order,2026-09-11,America/Indiana/Indianapolis,USD
UP-20260911-0124,2026-09-11T21:00:00+00:00,DEMO-ITEM-20260911-0124,GW-004,Shopgoodwill,DEMO-UPRIGHT-0035,Silver-tone necklace,Jewelry,1,26.14,6.99,1.82,2.61,0.00,26.14,upright_replica,true,one row per paid order,2026-09-11,America/Indiana/Indianapolis,USD
UP-20260911-0125,2026-09-11T18:00:00+00:00,DEMO-ITEM-20260911-0125,GW-005,eBay,DEMO-UPRIGHT-0036,Vintage ceramic vase,Home,1,28.25,7.99,1.97,2.82,0.00,28.25,upright_replica,true,one row per paid order,2026-09-11,America/Indiana/Indianapolis,USD
UP-20260911-0126,2026-09-11T19:00:00+00:00,DEMO-ITEM-20260911-0126,GW-006,Goodwillfinds,DEMO-UPRIGHT-0037,"Wool cardigan, size S",Apparel,1,30.36,3.99,2.12,3.03,0.00,30.36,upright_replica,true,one row per paid order,2026-09-11,America/Indiana/Indianapolis,USD
UP-20260911-0127,2026-09-11T20:00:00+00:00,DEMO-ITEM-20260911-0127,GW-007,Shopgoodwill,DEMO-UPRIGHT-0038,Framed landscape print,Art,1,32.47,4.99,2.27,3.24,0.00,32.47,upright_replica,true,one row per paid order,2026-09-11,America/Indiana/Indianapolis,USD
UP-20260911-0128,2026-09-11T21:00:00+00:00,DEMO-ITEM-20260911-0128,GW-008,eBay,DEMO-UPRIGHT-0039,Silver-tone necklace,Jewelry,1,34.58,5.99,2.42,3.45,0.00,34.58,upright_replica,true,one row per paid order,2026-09-11,America/Indiana/Indianapolis,USD
UP-20260912-0001,2026-09-12T18:00:00+00:00,DEMO-ITEM-20260912-0001,GW-001,Shopgoodwill,DEMO-UPRIGHT-0001,Vintage ceramic vase,Home,1,22.98,3.99,1.60,2.29,11.49,11.49,upright_replica,true,one row per paid order,2026-09-12,America/Indiana/Indianapolis,USD
UP-20260912-0002,2026-09-12T19:00:00+00:00,DEMO-ITEM-20260912-0002,GW-002,eBay,DEMO-UPRIGHT-0002,"Wool cardigan, size S",Apparel,1,25.09,4.99,1.75,2.50,0.00,25.09,upright_replica,true,one row per paid order,2026-09-12,America/Indiana/Indianapolis,USD
UP-20260912-0003,2026-09-12T20:00:00+00:00,DEMO-ITEM-20260912-0003,GW-003,Goodwillfinds,DEMO-UPRIGHT-0003,Framed landscape print,Art,1,27.20,5.99,1.90,2.72,0.00,27.20,upright_replica,true,one row per paid order,2026-09-12,America/Indiana/Indianapolis,USD
UP-20260912-0004,2026-09-12T21:00:00+00:00,DEMO-ITEM-20260912-0004,GW-004,Shopgoodwill,DEMO-UPRIGHT-0004,Silver-tone necklace,Jewelry,1,29.31,6.99,2.05,2.93,0.00,29.31,upright_replica,true,one row per paid order,2026-09-12,America/Indiana/Indianapolis,USD
UP-20260912-0005,2026-09-12T18:00:00+00:00,DEMO-ITEM-20260912-0005,GW-005,eBay,DEMO-UPRIGHT-0005,Vintage ceramic vase,Home,1,31.42,7.99,2.19,3.14,0.00,31.42,upright_replica,true,one row per paid order,2026-09-12,America/Indiana/Indianapolis,USD
UP-20260912-0006,2026-09-12T19:00:00+00:00,DEMO-ITEM-20260912-0006,GW-006,Goodwillfinds,DEMO-UPRIGHT-0006,"Wool cardigan, size S",Apparel,1,33.53,3.99,2.34,3.35,0.00,33.53,upright_replica,true,one row per paid order,2026-09-12,America/Indiana/Indianapolis,USD
UP-20260912-0007,2026-09-12T20:00:00+00:00,DEMO-ITEM-20260912-0007,GW-007,Shopgoodwill,DEMO-UPRIGHT-0007,Framed landscape print,Art,1,35.64,4.99,2.49,3.56,0.00,35.64,upright_replica,true,one row per paid order,2026-09-12,America/Indiana/Indianapolis,USD
UP-20260912-0008,2026-09-12T21:00:00+00:00,DEMO-ITEM-20260912-0008,GW-008,eBay,DEMO-UPRIGHT-0008,Silver-tone necklace,Jewelry,1,37.75,5.99,2.64,3.77,0.00,37.75,upright_replica,true,one row per paid order,2026-09-12,America/Indiana/Indianapolis,USD
UP-20260912-0009,2026-09-12T18:00:00+00:00,DEMO-ITEM-20260912-0009,GW-009,Goodwillfinds,DEMO-UPRIGHT-0009,Vintage ceramic vase,Home,1,39.86,6.99,2.79,3.98,0.00,39.86,upright_replica,true,one row per paid order,2026-09-12,America/Indiana/Indianapolis,USD
UP-20260912-0010,2026-09-12T19:00:00+00:00,DEMO-ITEM-20260912-0010,GW-010,Shopgoodwill,DEMO-UPRIGHT-0010,"Wool cardigan, size S",Apparel,1,41.97,7.99,2.93,4.19,0.00,41.97,upright_replica,true,one row per paid order,2026-09-12,America/Indiana/Indianapolis,USD
UP-20260912-0011,2026-09-12T20:00:00+00:00,DEMO-ITEM-20260912-0011,GW-011,eBay,DEMO-UPRIGHT-0011,Framed landscape print,Art,1,44.08,3.99,3.08,4.40,0.00,44.08,upright_replica,true,one row per paid order,2026-09-12,America/Indiana/Indianapolis,USD
UP-20260912-0012,2026-09-12T21:00:00+00:00,DEMO-ITEM-20260912-0012,GW-012,Goodwillfinds,DEMO-UPRIGHT-0012,Silver-tone necklace,Jewelry,1,46.19,4.99,3.23,4.61,0.00,46.19,upright_replica,true,one row per paid order,2026-09-12,America/Indiana/Indianapolis,USD
UP-20260912-0013,2026-09-12T18:00:00+00:00,DEMO-ITEM-20260912-0013,GW-013,Shopgoodwill,DEMO-UPRIGHT-0013,Vintage ceramic vase,Home,1,48.30,5.99,3.38,4.83,0.00,48.30,upright_replica,true,one row per paid order,2026-09-12,America/Indiana/Indianapolis,USD
UP-20260912-0014,2026-09-12T19:00:00+00:00,DEMO-ITEM-20260912-0014,GW-014,eBay,DEMO-UPRIGHT-0014,"Wool cardigan, size S",Apparel,1,50.41,6.99,3.52,5.04,0.00,50.41,upright_replica,true,one row per paid order,2026-09-12,America/Indiana/Indianapolis,USD
UP-20260912-0015,2026-09-12T20:00:00+00:00,DEMO-ITEM-20260912-0015,GW-015,Goodwillfinds,DEMO-UPRIGHT-0015,Framed landscape print,Art,1,52.52,7.99,3.67,5.25,0.00,52.52,upright_replica,true,one row per paid order,2026-09-12,America/Indiana/Indianapolis,USD
UP-20260912-0016,2026-09-12T21:00:00+00:00,DEMO-ITEM-20260912-0016,GW-016,Shopgoodwill,DEMO-UPRIGHT-0016,Silver-tone necklace,Jewelry,1,54.63,3.99,3.82,5.46,0.00,54.63,upright_replica,true,one row per paid order,2026-09-12,America/Indiana/Indianapolis,USD
UP-20260912-0017,2026-09-12T18:00:00+00:00,DEMO-ITEM-20260912-0017,GW-017,eBay,DEMO-UPRIGHT-0017,Vintage ceramic vase,Home,1,56.74,4.99,3.97,5.67,0.00,56.74,upright_replica,true,one row per paid order,2026-09-12,America/Indiana/Indianapolis,USD
UP-20260912-0018,2026-09-12T19:00:00+00:00,DEMO-ITEM-20260912-0018,GW-018,Goodwillfinds,DEMO-UPRIGHT-0018,"Wool cardigan, size S",Apparel,1,58.85,5.99,4.11,5.88,29.42,29.43,upright_replica,true,one row per paid order,2026-09-12,America/Indiana/Indianapolis,USD
UP-20260912-0019,2026-09-12T20:00:00+00:00,DEMO-ITEM-20260912-0019,GW-019,Shopgoodwill,DEMO-UPRIGHT-0019,Framed landscape print,Art,1,60.96,6.99,4.26,6.09,0.00,60.96,upright_replica,true,one row per paid order,2026-09-12,America/Indiana/Indianapolis,USD
UP-20260912-0020,2026-09-12T21:00:00+00:00,DEMO-ITEM-20260912-0020,GW-020,eBay,DEMO-UPRIGHT-0020,Silver-tone necklace,Jewelry,1,63.07,7.99,4.41,6.30,0.00,63.07,upright_replica,true,one row per paid order,2026-09-12,America/Indiana/Indianapolis,USD
UP-20260912-0021,2026-09-12T18:00:00+00:00,DEMO-ITEM-20260912-0021,GW-021,Goodwillfinds,DEMO-UPRIGHT-0021,Vintage ceramic vase,Home,1,65.18,3.99,4.56,6.51,0.00,65.18,upright_replica,true,one row per paid order,2026-09-12,America/Indiana/Indianapolis,USD
UP-20260912-0022,2026-09-12T19:00:00+00:00,DEMO-ITEM-20260912-0022,GW-022,Shopgoodwill,DEMO-UPRIGHT-0022,"Wool cardigan, size S",Apparel,1,67.29,4.99,4.71,6.72,0.00,67.29,upright_replica,true,one row per paid order,2026-09-12,America/Indiana/Indianapolis,USD
UP-20260912-0023,2026-09-12T20:00:00+00:00,DEMO-ITEM-20260912-0023,GW-023,eBay,DEMO-UPRIGHT-0023,Framed landscape print,Art,1,69.40,5.99,4.85,6.94,0.00,69.40,upright_replica,true,one row per paid order,2026-09-12,America/Indiana/Indianapolis,USD
UP-20260912-0024,2026-09-12T21:00:00+00:00,DEMO-ITEM-20260912-0024,GW-024,Goodwillfinds,DEMO-UPRIGHT-0024,Silver-tone necklace,Jewelry,1,71.51,6.99,5.00,7.15,0.00,71.51,upright_replica,true,one row per paid order,2026-09-12,America/Indiana/Indianapolis,USD
UP-20260912-0025,2026-09-12T18:00:00+00:00,DEMO-ITEM-20260912-0025,GW-001,Shopgoodwill,DEMO-UPRIGHT-0025,Vintage ceramic vase,Home,1,73.62,7.99,5.15,7.36,0.00,73.62,upright_replica,true,one row per paid order,2026-09-12,America/Indiana/Indianapolis,USD
UP-20260912-0026,2026-09-12T19:00:00+00:00,DEMO-ITEM-20260912-0026,GW-002,eBay,DEMO-UPRIGHT-0026,"Wool cardigan, size S",Apparel,1,75.73,3.99,5.30,7.57,0.00,75.73,upright_replica,true,one row per paid order,2026-09-12,America/Indiana/Indianapolis,USD
UP-20260912-0027,2026-09-12T20:00:00+00:00,DEMO-ITEM-20260912-0027,GW-003,Goodwillfinds,DEMO-UPRIGHT-0027,Framed landscape print,Art,1,77.84,4.99,5.44,7.78,0.00,77.84,upright_replica,true,one row per paid order,2026-09-12,America/Indiana/Indianapolis,USD
UP-20260912-0028,2026-09-12T21:00:00+00:00,DEMO-ITEM-20260912-0028,GW-004,Shopgoodwill,DEMO-UPRIGHT-0028,Silver-tone necklace,Jewelry,1,79.95,5.99,5.59,7.99,0.00,79.95,upright_replica,true,one row per paid order,2026-09-12,America/Indiana/Indianapolis,USD
UP-20260912-0029,2026-09-12T18:00:00+00:00,DEMO-ITEM-20260912-0029,GW-005,eBay,DEMO-UPRIGHT-0029,Vintage ceramic vase,Home,1,82.06,6.99,5.74,8.20,0.00,82.06,upright_replica,true,one row per paid order,2026-09-12,America/Indiana/Indianapolis,USD
UP-20260912-0030,2026-09-12T19:00:00+00:00,DEMO-ITEM-20260912-0030,GW-006,Goodwillfinds,DEMO-UPRIGHT-0030,"Wool cardigan, size S",Apparel,1,84.17,7.99,5.89,8.41,0.00,84.17,upright_replica,true,one row per paid order,2026-09-12,America/Indiana/Indianapolis,USD
UP-20260912-0031,2026-09-12T20:00:00+00:00,DEMO-ITEM-20260912-0031,GW-007,Shopgoodwill,DEMO-UPRIGHT-0031,Framed landscape print,Art,1,86.28,3.99,6.03,8.62,0.00,86.28,upright_replica,true,one row per paid order,2026-09-12,America/Indiana/Indianapolis,USD
UP-20260912-0032,2026-09-12T21:00:00+00:00,DEMO-ITEM-20260912-0032,GW-008,eBay,DEMO-UPRIGHT-0032,Silver-tone necklace,Jewelry,1,88.39,4.99,6.18,8.83,0.00,88.39,upright_replica,true,one row per paid order,2026-09-12,America/Indiana/Indianapolis,USD
UP-20260912-0033,2026-09-12T18:00:00+00:00,DEMO-ITEM-20260912-0033,GW-009,Goodwillfinds,DEMO-UPRIGHT-0033,Vintage ceramic vase,Home,1,90.50,5.99,6.33,9.05,0.00,90.50,upright_replica,true,one row per paid order,2026-09-12,America/Indiana/Indianapolis,USD
UP-20260912-0034,2026-09-12T19:00:00+00:00,DEMO-ITEM-20260912-0034,GW-010,Shopgoodwill,DEMO-UPRIGHT-0034,"Wool cardigan, size S",Apparel,1,92.61,6.99,6.48,9.26,0.00,92.61,upright_replica,true,one row per paid order,2026-09-12,America/Indiana/Indianapolis,USD
UP-20260912-0035,2026-09-12T20:00:00+00:00,DEMO-ITEM-20260912-0035,GW-011,eBay,DEMO-UPRIGHT-0035,Framed landscape print,Art,1,94.72,7.99,6.63,9.47,47.36,47.36,upright_replica,true,one row per paid order,2026-09-12,America/Indiana/Indianapolis,USD
UP-20260912-0036,2026-09-12T21:00:00+00:00,DEMO-ITEM-20260912-0036,GW-012,Goodwillfinds,DEMO-UPRIGHT-0036,Silver-tone necklace,Jewelry,1,96.83,3.99,6.77,9.68,0.00,96.83,upright_replica,true,one row per paid order,2026-09-12,America/Indiana/Indianapolis,USD
UP-20260912-0037,2026-09-12T18:00:00+00:00,DEMO-ITEM-20260912-0037,GW-013,Shopgoodwill,DEMO-UPRIGHT-0037,Vintage ceramic vase,Home,1,98.94,4.99,6.92,9.89,0.00,98.94,upright_replica,true,one row per paid order,2026-09-12,America/Indiana/Indianapolis,USD
UP-20260912-0038,2026-09-12T19:00:00+00:00,DEMO-ITEM-20260912-0038,GW-014,eBay,DEMO-UPRIGHT-0038,"Wool cardigan, size S",Apparel,1,16.05,5.99,1.12,1.60,0.00,16.05,upright_replica,true,one row per paid order,2026-09-12,America/Indiana/Indianapolis,USD
UP-20260912-0039,2026-09-12T20:00:00+00:00,DEMO-ITEM-20260912-0039,GW-015,Goodwillfinds,DEMO-UPRIGHT-0039,Framed landscape print,Art,1,18.16,6.99,1.27,1.81,0.00,18.16,upright_replica,true,one row per paid order,2026-09-12,America/Indiana/Indianapolis,USD
UP-20260912-0040,2026-09-12T21:00:00+00:00,DEMO-ITEM-20260912-0040,GW-016,Shopgoodwill,DEMO-UPRIGHT-0040,Silver-tone necklace,Jewelry,1,20.27,7.99,1.41,2.02,0.00,20.27,upright_replica,true,one row per paid order,2026-09-12,America/Indiana/Indianapolis,USD
UP-20260912-0041,2026-09-12T18:00:00+00:00,DEMO-ITEM-20260912-0041,GW-017,eBay,DEMO-UPRIGHT-0041,Vintage ceramic vase,Home,1,22.38,3.99,1.56,2.23,0.00,22.38,upright_replica,true,one row per paid order,2026-09-12,America/Indiana/Indianapolis,USD
UP-20260912-0042,2026-09-12T19:00:00+00:00,DEMO-ITEM-20260912-0042,GW-018,Goodwillfinds,DEMO-UPRIGHT-0042,"Wool cardigan, size S",Apparel,1,24.49,4.99,1.71,2.44,0.00,24.49,upright_replica,true,one row per paid order,2026-09-12,America/Indiana/Indianapolis,USD
UP-20260912-0043,2026-09-12T20:00:00+00:00,DEMO-ITEM-20260912-0043,GW-019,Shopgoodwill,DEMO-UPRIGHT-0043,Framed landscape print,Art,1,26.60,5.99,1.86,2.66,0.00,26.60,upright_replica,true,one row per paid order,2026-09-12,America/Indiana/Indianapolis,USD
UP-20260912-0044,2026-09-12T21:00:00+00:00,DEMO-ITEM-20260912-0044,GW-020,eBay,DEMO-UPRIGHT-0044,Silver-tone necklace,Jewelry,1,28.71,6.99,2.00,2.87,0.00,28.71,upright_replica,true,one row per paid order,2026-09-12,America/Indiana/Indianapolis,USD
UP-20260912-0045,2026-09-12T18:00:00+00:00,DEMO-ITEM-20260912-0045,GW-021,Goodwillfinds,DEMO-UPRIGHT-0045,Vintage ceramic vase,Home,1,30.82,7.99,2.15,3.08,0.00,30.82,upright_replica,true,one row per paid order,2026-09-12,America/Indiana/Indianapolis,USD
UP-20260912-0046,2026-09-12T19:00:00+00:00,DEMO-ITEM-20260912-0046,GW-022,Shopgoodwill,DEMO-UPRIGHT-0046,"Wool cardigan, size S",Apparel,1,32.93,3.99,2.30,3.29,0.00,32.93,upright_replica,true,one row per paid order,2026-09-12,America/Indiana/Indianapolis,USD
UP-20260912-0047,2026-09-12T20:00:00+00:00,DEMO-ITEM-20260912-0047,GW-023,eBay,DEMO-UPRIGHT-0047,Framed landscape print,Art,1,35.04,4.99,2.45,3.50,0.00,35.04,upright_replica,true,one row per paid order,2026-09-12,America/Indiana/Indianapolis,USD
UP-20260912-0048,2026-09-12T21:00:00+00:00,DEMO-ITEM-20260912-0048,GW-024,Goodwillfinds,DEMO-UPRIGHT-0048,Silver-tone necklace,Jewelry,1,37.15,5.99,2.60,3.71,0.00,37.15,upright_replica,true,one row per paid order,2026-09-12,America/Indiana/Indianapolis,USD
UP-20260912-0049,2026-09-12T18:00:00+00:00,DEMO-ITEM-20260912-0049,GW-001,Shopgoodwill,DEMO-UPRIGHT-0049,Vintage ceramic vase,Home,1,39.26,6.99,2.74,3.92,0.00,39.26,upright_replica,true,one row per paid order,2026-09-12,America/Indiana/Indianapolis,USD
UP-20260912-0050,2026-09-12T19:00:00+00:00,DEMO-ITEM-20260912-0050,GW-002,eBay,DEMO-UPRIGHT-0050,"Wool cardigan, size S",Apparel,1,41.37,7.99,2.89,4.13,0.00,41.37,upright_replica,true,one row per paid order,2026-09-12,America/Indiana/Indianapolis,USD
UP-20260912-0051,2026-09-12T20:00:00+00:00,DEMO-ITEM-20260912-0051,GW-003,Goodwillfinds,DEMO-UPRIGHT-0051,Framed landscape print,Art,1,43.48,3.99,3.04,4.34,0.00,43.48,upright_replica,true,one row per paid order,2026-09-12,America/Indiana/Indianapolis,USD
UP-20260912-0052,2026-09-12T21:00:00+00:00,DEMO-ITEM-20260912-0052,GW-004,Shopgoodwill,DEMO-UPRIGHT-0052,Silver-tone necklace,Jewelry,1,45.59,4.99,3.19,4.55,22.79,22.80,upright_replica,true,one row per paid order,2026-09-12,America/Indiana/Indianapolis,USD
UP-20260912-0053,2026-09-12T18:00:00+00:00,DEMO-ITEM-20260912-0053,GW-005,eBay,DEMO-UPRIGHT-0053,Vintage ceramic vase,Home,1,47.70,5.99,3.33,4.77,0.00,47.70,upright_replica,true,one row per paid order,2026-09-12,America/Indiana/Indianapolis,USD
UP-20260912-0054,2026-09-12T19:00:00+00:00,DEMO-ITEM-20260912-0054,GW-006,Goodwillfinds,DEMO-UPRIGHT-0054,"Wool cardigan, size S",Apparel,1,49.81,6.99,3.48,4.98,0.00,49.81,upright_replica,true,one row per paid order,2026-09-12,America/Indiana/Indianapolis,USD
UP-20260912-0055,2026-09-12T20:00:00+00:00,DEMO-ITEM-20260912-0055,GW-007,Shopgoodwill,DEMO-UPRIGHT-0055,Framed landscape print,Art,1,51.92,7.99,3.63,5.19,0.00,51.92,upright_replica,true,one row per paid order,2026-09-12,America/Indiana/Indianapolis,USD
UP-20260912-0056,2026-09-12T21:00:00+00:00,DEMO-ITEM-20260912-0056,GW-008,eBay,DEMO-UPRIGHT-0056,Silver-tone necklace,Jewelry,1,54.03,3.99,3.78,5.40,0.00,54.03,upright_replica,true,one row per paid order,2026-09-12,America/Indiana/Indianapolis,USD
UP-20260912-0057,2026-09-12T18:00:00+00:00,DEMO-ITEM-20260912-0057,GW-009,Goodwillfinds,DEMO-UPRIGHT-0057,Vintage ceramic vase,Home,1,56.14,4.99,3.92,5.61,0.00,56.14,upright_replica,true,one row per paid order,2026-09-12,America/Indiana/Indianapolis,USD
UP-20260912-0058,2026-09-12T19:00:00+00:00,DEMO-ITEM-20260912-0058,GW-010,Shopgoodwill,DEMO-UPRIGHT-0058,"Wool cardigan, size S",Apparel,1,58.25,5.99,4.07,5.82,0.00,58.25,upright_replica,true,one row per paid order,2026-09-12,America/Indiana/Indianapolis,USD
UP-20260912-0059,2026-09-12T20:00:00+00:00,DEMO-ITEM-20260912-0059,GW-011,eBay,DEMO-UPRIGHT-0059,Framed landscape print,Art,1,60.36,6.99,4.22,6.03,0.00,60.36,upright_replica,true,one row per paid order,2026-09-12,America/Indiana/Indianapolis,USD
UP-20260912-0060,2026-09-12T21:00:00+00:00,DEMO-ITEM-20260912-0060,GW-012,Goodwillfinds,DEMO-UPRIGHT-0060,Silver-tone necklace,Jewelry,1,62.47,7.99,4.37,6.24,0.00,62.47,upright_replica,true,one row per paid order,2026-09-12,America/Indiana/Indianapolis,USD
UP-20260912-0061,2026-09-12T18:00:00+00:00,DEMO-ITEM-20260912-0061,GW-013,Shopgoodwill,DEMO-UPRIGHT-0061,Vintage ceramic vase,Home,1,64.58,3.99,4.52,6.45,0.00,64.58,upright_replica,true,one row per paid order,2026-09-12,America/Indiana/Indianapolis,USD
UP-20260912-0062,2026-09-12T19:00:00+00:00,DEMO-ITEM-20260912-0062,GW-014,eBay,DEMO-UPRIGHT-0062,"Wool cardigan, size S",Apparel,1,66.69,4.99,4.66,6.66,0.00,66.69,upright_replica,true,one row per paid order,2026-09-12,America/Indiana/Indianapolis,USD
UP-20260912-0063,2026-09-12T20:00:00+00:00,DEMO-ITEM-20260912-0063,GW-015,Goodwillfinds,DEMO-UPRIGHT-0063,Framed landscape print,Art,1,68.80,5.99,4.81,6.88,0.00,68.80,upright_replica,true,one row per paid order,2026-09-12,America/Indiana/Indianapolis,USD
UP-20260912-0064,2026-09-12T21:00:00+00:00,DEMO-ITEM-20260912-0064,GW-016,Shopgoodwill,DEMO-UPRIGHT-0064,Silver-tone necklace,Jewelry,1,70.91,6.99,4.96,7.09,0.00,70.91,upright_replica,true,one row per paid order,2026-09-12,America/Indiana/Indianapolis,USD
UP-20260912-0065,2026-09-12T18:00:00+00:00,DEMO-ITEM-20260912-0065,GW-017,eBay,DEMO-UPRIGHT-0065,Vintage ceramic vase,Home,1,73.02,7.99,5.11,7.30,0.00,73.02,upright_replica,true,one row per paid order,2026-09-12,America/Indiana/Indianapolis,USD
UP-20260912-0066,2026-09-12T19:00:00+00:00,DEMO-ITEM-20260912-0066,GW-018,Goodwillfinds,DEMO-UPRIGHT-0066,"Wool cardigan, size S",Apparel,1,75.13,3.99,5.25,7.51,0.00,75.13,upright_replica,true,one row per paid order,2026-09-12,America/Indiana/Indianapolis,USD
UP-20260912-0067,2026-09-12T20:00:00+00:00,DEMO-ITEM-20260912-0067,GW-019,Shopgoodwill,DEMO-UPRIGHT-0067,Framed landscape print,Art,1,77.24,4.99,5.40,7.72,0.00,77.24,upright_replica,true,one row per paid order,2026-09-12,America/Indiana/Indianapolis,USD
UP-20260912-0068,2026-09-12T21:00:00+00:00,DEMO-ITEM-20260912-0068,GW-020,eBay,DEMO-UPRIGHT-0068,Silver-tone necklace,Jewelry,1,79.35,5.99,5.55,7.93,0.00,79.35,upright_replica,true,one row per paid order,2026-09-12,America/Indiana/Indianapolis,USD
UP-20260912-0069,2026-09-12T18:00:00+00:00,DEMO-ITEM-20260912-0069,GW-021,Goodwillfinds,DEMO-UPRIGHT-0069,Vintage ceramic vase,Home,1,81.46,6.99,5.70,8.14,40.73,40.73,upright_replica,true,one row per paid order,2026-09-12,America/Indiana/Indianapolis,USD
UP-20260912-0070,2026-09-12T19:00:00+00:00,DEMO-ITEM-20260912-0070,GW-022,Shopgoodwill,DEMO-UPRIGHT-0070,"Wool cardigan, size S",Apparel,1,83.57,7.99,5.84,8.35,0.00,83.57,upright_replica,true,one row per paid order,2026-09-12,America/Indiana/Indianapolis,USD
UP-20260912-0071,2026-09-12T20:00:00+00:00,DEMO-ITEM-20260912-0071,GW-023,eBay,DEMO-UPRIGHT-0071,Framed landscape print,Art,1,85.68,3.99,5.99,8.56,0.00,85.68,upright_replica,true,one row per paid order,2026-09-12,America/Indiana/Indianapolis,USD
UP-20260912-0072,2026-09-12T21:00:00+00:00,DEMO-ITEM-20260912-0072,GW-024,Goodwillfinds,DEMO-UPRIGHT-0072,Silver-tone necklace,Jewelry,1,87.79,4.99,6.14,8.77,0.00,87.79,upright_replica,true,one row per paid order,2026-09-12,America/Indiana/Indianapolis,USD
UP-20260912-0073,2026-09-12T18:00:00+00:00,DEMO-ITEM-20260912-0073,GW-001,Shopgoodwill,DEMO-UPRIGHT-0073,Vintage ceramic vase,Home,1,89.90,5.99,6.29,8.99,0.00,89.90,upright_replica,true,one row per paid order,2026-09-12,America/Indiana/Indianapolis,USD
UP-20260912-0074,2026-09-12T19:00:00+00:00,DEMO-ITEM-20260912-0074,GW-002,eBay,DEMO-UPRIGHT-0074,"Wool cardigan, size S",Apparel,1,92.01,6.99,6.44,9.20,0.00,92.01,upright_replica,true,one row per paid order,2026-09-12,America/Indiana/Indianapolis,USD
UP-20260912-0075,2026-09-12T20:00:00+00:00,DEMO-ITEM-20260912-0075,GW-003,Goodwillfinds,DEMO-UPRIGHT-0075,Framed landscape print,Art,1,94.12,7.99,6.58,9.41,0.00,94.12,upright_replica,true,one row per paid order,2026-09-12,America/Indiana/Indianapolis,USD
UP-20260912-0076,2026-09-12T21:00:00+00:00,DEMO-ITEM-20260912-0076,GW-004,Shopgoodwill,DEMO-UPRIGHT-0076,Silver-tone necklace,Jewelry,1,96.23,3.99,6.73,9.62,0.00,96.23,upright_replica,true,one row per paid order,2026-09-12,America/Indiana/Indianapolis,USD
UP-20260912-0077,2026-09-12T18:00:00+00:00,DEMO-ITEM-20260912-0077,GW-005,eBay,DEMO-UPRIGHT-0077,Vintage ceramic vase,Home,1,98.34,4.99,6.88,9.83,0.00,98.34,upright_replica,true,one row per paid order,2026-09-12,America/Indiana/Indianapolis,USD
UP-20260912-0078,2026-09-12T19:00:00+00:00,DEMO-ITEM-20260912-0078,GW-006,Goodwillfinds,DEMO-UPRIGHT-0078,"Wool cardigan, size S",Apparel,1,15.45,5.99,1.08,1.54,0.00,15.45,upright_replica,true,one row per paid order,2026-09-12,America/Indiana/Indianapolis,USD
UP-20260912-0079,2026-09-12T20:00:00+00:00,DEMO-ITEM-20260912-0079,GW-007,Shopgoodwill,DEMO-UPRIGHT-0079,Framed landscape print,Art,1,17.56,6.99,1.22,1.75,0.00,17.56,upright_replica,true,one row per paid order,2026-09-12,America/Indiana/Indianapolis,USD
UP-20260912-0080,2026-09-12T21:00:00+00:00,DEMO-ITEM-20260912-0080,GW-008,eBay,DEMO-UPRIGHT-0080,Silver-tone necklace,Jewelry,1,19.67,7.99,1.37,1.96,0.00,19.67,upright_replica,true,one row per paid order,2026-09-12,America/Indiana/Indianapolis,USD
UP-20260912-0081,2026-09-12T18:00:00+00:00,DEMO-ITEM-20260912-0081,GW-009,Goodwillfinds,DEMO-UPRIGHT-0081,Vintage ceramic vase,Home,1,21.78,3.99,1.52,2.17,0.00,21.78,upright_replica,true,one row per paid order,2026-09-12,America/Indiana/Indianapolis,USD
UP-20260912-0082,2026-09-12T19:00:00+00:00,DEMO-ITEM-20260912-0082,GW-010,Shopgoodwill,DEMO-UPRIGHT-0082,"Wool cardigan, size S",Apparel,1,23.89,4.99,1.67,2.38,0.00,23.89,upright_replica,true,one row per paid order,2026-09-12,America/Indiana/Indianapolis,USD
UP-20260912-0083,2026-09-12T20:00:00+00:00,DEMO-ITEM-20260912-0083,GW-011,eBay,DEMO-UPRIGHT-0083,Framed landscape print,Art,1,26.00,5.99,1.82,2.60,0.00,26.00,upright_replica,true,one row per paid order,2026-09-12,America/Indiana/Indianapolis,USD
UP-20260912-0084,2026-09-12T21:00:00+00:00,DEMO-ITEM-20260912-0084,GW-012,Goodwillfinds,DEMO-UPRIGHT-0084,Silver-tone necklace,Jewelry,1,28.11,6.99,1.96,2.81,0.00,28.11,upright_replica,true,one row per paid order,2026-09-12,America/Indiana/Indianapolis,USD
UP-20260912-0085,2026-09-12T18:00:00+00:00,DEMO-ITEM-20260912-0085,GW-013,Shopgoodwill,DEMO-UPRIGHT-0085,Vintage ceramic vase,Home,1,30.22,7.99,2.11,3.02,0.00,30.22,upright_replica,true,one row per paid order,2026-09-12,America/Indiana/Indianapolis,USD
UP-20260912-0086,2026-09-12T19:00:00+00:00,DEMO-ITEM-20260912-0086,GW-014,eBay,DEMO-UPRIGHT-0086,"Wool cardigan, size S",Apparel,1,32.33,3.99,2.26,3.23,16.16,16.17,upright_replica,true,one row per paid order,2026-09-12,America/Indiana/Indianapolis,USD
UP-20260912-0087,2026-09-12T20:00:00+00:00,DEMO-ITEM-20260912-0087,GW-015,Goodwillfinds,DEMO-UPRIGHT-0087,Framed landscape print,Art,1,34.44,4.99,2.41,3.44,0.00,34.44,upright_replica,true,one row per paid order,2026-09-12,America/Indiana/Indianapolis,USD
UP-20260912-0088,2026-09-12T21:00:00+00:00,DEMO-ITEM-20260912-0088,GW-016,Shopgoodwill,DEMO-UPRIGHT-0088,Silver-tone necklace,Jewelry,1,36.55,5.99,2.55,3.65,0.00,36.55,upright_replica,true,one row per paid order,2026-09-12,America/Indiana/Indianapolis,USD
UP-20260912-0089,2026-09-12T18:00:00+00:00,DEMO-ITEM-20260912-0089,GW-017,eBay,DEMO-UPRIGHT-0089,Vintage ceramic vase,Home,1,38.66,6.99,2.70,3.86,0.00,38.66,upright_replica,true,one row per paid order,2026-09-12,America/Indiana/Indianapolis,USD
UP-20260912-0090,2026-09-12T19:00:00+00:00,DEMO-ITEM-20260912-0090,GW-018,Goodwillfinds,DEMO-UPRIGHT-0001,"Wool cardigan, size S",Apparel,1,40.77,7.99,2.85,4.07,0.00,40.77,upright_replica,true,one row per paid order,2026-09-12,America/Indiana/Indianapolis,USD
UP-20260912-0091,2026-09-12T20:00:00+00:00,DEMO-ITEM-20260912-0091,GW-019,Shopgoodwill,DEMO-UPRIGHT-0002,Framed landscape print,Art,1,42.88,3.99,3.00,4.28,0.00,42.88,upright_replica,true,one row per paid order,2026-09-12,America/Indiana/Indianapolis,USD
UP-20260912-0092,2026-09-12T21:00:00+00:00,DEMO-ITEM-20260912-0092,GW-020,eBay,DEMO-UPRIGHT-0003,Silver-tone necklace,Jewelry,1,44.99,4.99,3.14,4.49,0.00,44.99,upright_replica,true,one row per paid order,2026-09-12,America/Indiana/Indianapolis,USD
UP-20260912-0093,2026-09-12T18:00:00+00:00,DEMO-ITEM-20260912-0093,GW-021,Goodwillfinds,DEMO-UPRIGHT-0004,Vintage ceramic vase,Home,1,47.10,5.99,3.29,4.71,0.00,47.10,upright_replica,true,one row per paid order,2026-09-12,America/Indiana/Indianapolis,USD
UP-20260912-0094,2026-09-12T19:00:00+00:00,DEMO-ITEM-20260912-0094,GW-022,Shopgoodwill,DEMO-UPRIGHT-0005,"Wool cardigan, size S",Apparel,1,49.21,6.99,3.44,4.92,0.00,49.21,upright_replica,true,one row per paid order,2026-09-12,America/Indiana/Indianapolis,USD
UP-20260912-0095,2026-09-12T20:00:00+00:00,DEMO-ITEM-20260912-0095,GW-023,eBay,DEMO-UPRIGHT-0006,Framed landscape print,Art,1,51.32,7.99,3.59,5.13,0.00,51.32,upright_replica,true,one row per paid order,2026-09-12,America/Indiana/Indianapolis,USD
UP-20260912-0096,2026-09-12T21:00:00+00:00,DEMO-ITEM-20260912-0096,GW-024,Goodwillfinds,DEMO-UPRIGHT-0007,Silver-tone necklace,Jewelry,1,53.43,3.99,3.74,5.34,0.00,53.43,upright_replica,true,one row per paid order,2026-09-12,America/Indiana/Indianapolis,USD
UP-20260912-0097,2026-09-12T18:00:00+00:00,DEMO-ITEM-20260912-0097,GW-001,Shopgoodwill,DEMO-UPRIGHT-0008,Vintage ceramic vase,Home,1,55.54,4.99,3.88,5.55,0.00,55.54,upright_replica,true,one row per paid order,2026-09-12,America/Indiana/Indianapolis,USD
UP-20260912-0098,2026-09-12T19:00:00+00:00,DEMO-ITEM-20260912-0098,GW-002,eBay,DEMO-UPRIGHT-0009,"Wool cardigan, size S",Apparel,1,57.65,5.99,4.03,5.76,0.00,57.65,upright_replica,true,one row per paid order,2026-09-12,America/Indiana/Indianapolis,USD
UP-20260912-0099,2026-09-12T20:00:00+00:00,DEMO-ITEM-20260912-0099,GW-003,Goodwillfinds,DEMO-UPRIGHT-0010,Framed landscape print,Art,1,59.76,6.99,4.18,5.97,0.00,59.76,upright_replica,true,one row per paid order,2026-09-12,America/Indiana/Indianapolis,USD
UP-20260912-0100,2026-09-12T21:00:00+00:00,DEMO-ITEM-20260912-0100,GW-004,Shopgoodwill,DEMO-UPRIGHT-0011,Silver-tone necklace,Jewelry,1,61.87,7.99,4.33,6.18,0.00,61.87,upright_replica,true,one row per paid order,2026-09-12,America/Indiana/Indianapolis,USD
UP-20260912-0101,2026-09-12T18:00:00+00:00,DEMO-ITEM-20260912-0101,GW-005,eBay,DEMO-UPRIGHT-0012,Vintage ceramic vase,Home,1,63.98,3.99,4.47,6.39,0.00,63.98,upright_replica,true,one row per paid order,2026-09-12,America/Indiana/Indianapolis,USD
UP-20260912-0102,2026-09-12T19:00:00+00:00,DEMO-ITEM-20260912-0102,GW-006,Goodwillfinds,DEMO-UPRIGHT-0013,"Wool cardigan, size S",Apparel,1,66.09,4.99,4.62,6.60,0.00,66.09,upright_replica,true,one row per paid order,2026-09-12,America/Indiana/Indianapolis,USD
UP-20260912-0103,2026-09-12T20:00:00+00:00,DEMO-ITEM-20260912-0103,GW-007,Shopgoodwill,DEMO-UPRIGHT-0014,Framed landscape print,Art,1,68.20,5.99,4.77,6.82,34.10,34.10,upright_replica,true,one row per paid order,2026-09-12,America/Indiana/Indianapolis,USD
UP-20260912-0104,2026-09-12T21:00:00+00:00,DEMO-ITEM-20260912-0104,GW-008,eBay,DEMO-UPRIGHT-0015,Silver-tone necklace,Jewelry,1,70.31,6.99,4.92,7.03,0.00,70.31,upright_replica,true,one row per paid order,2026-09-12,America/Indiana/Indianapolis,USD
UP-20260912-0105,2026-09-12T18:00:00+00:00,DEMO-ITEM-20260912-0105,GW-009,Goodwillfinds,DEMO-UPRIGHT-0016,Vintage ceramic vase,Home,1,72.42,7.99,5.06,7.24,0.00,72.42,upright_replica,true,one row per paid order,2026-09-12,America/Indiana/Indianapolis,USD
UP-20260912-0106,2026-09-12T19:00:00+00:00,DEMO-ITEM-20260912-0106,GW-010,Shopgoodwill,DEMO-UPRIGHT-0017,"Wool cardigan, size S",Apparel,1,74.53,3.99,5.21,7.45,0.00,74.53,upright_replica,true,one row per paid order,2026-09-12,America/Indiana/Indianapolis,USD
UP-20260912-0107,2026-09-12T20:00:00+00:00,DEMO-ITEM-20260912-0107,GW-011,eBay,DEMO-UPRIGHT-0018,Framed landscape print,Art,1,76.64,4.99,5.36,7.66,0.00,76.64,upright_replica,true,one row per paid order,2026-09-12,America/Indiana/Indianapolis,USD
UP-20260912-0108,2026-09-12T21:00:00+00:00,DEMO-ITEM-20260912-0108,GW-012,Goodwillfinds,DEMO-UPRIGHT-0019,Silver-tone necklace,Jewelry,1,78.75,5.99,5.51,7.87,0.00,78.75,upright_replica,true,one row per paid order,2026-09-12,America/Indiana/Indianapolis,USD
UP-20260912-0109,2026-09-12T18:00:00+00:00,DEMO-ITEM-20260912-0109,GW-013,Shopgoodwill,DEMO-UPRIGHT-0020,Vintage ceramic vase,Home,1,80.86,6.99,5.66,8.08,0.00,80.86,upright_replica,true,one row per paid order,2026-09-12,America/Indiana/Indianapolis,USD
UP-20260912-0110,2026-09-12T19:00:00+00:00,DEMO-ITEM-20260912-0110,GW-014,eBay,DEMO-UPRIGHT-0021,"Wool cardigan, size S",Apparel,1,82.97,7.99,5.80,8.29,0.00,82.97,upright_replica,true,one row per paid order,2026-09-12,America/Indiana/Indianapolis,USD
UP-20260912-0111,2026-09-12T20:00:00+00:00,DEMO-ITEM-20260912-0111,GW-015,Goodwillfinds,DEMO-UPRIGHT-0022,Framed landscape print,Art,1,85.08,3.99,5.95,8.50,0.00,85.08,upright_replica,true,one row per paid order,2026-09-12,America/Indiana/Indianapolis,USD
UP-20260912-0112,2026-09-12T21:00:00+00:00,DEMO-ITEM-20260912-0112,GW-016,Shopgoodwill,DEMO-UPRIGHT-0023,Silver-tone necklace,Jewelry,1,87.19,4.99,6.10,8.71,0.00,87.19,upright_replica,true,one row per paid order,2026-09-12,America/Indiana/Indianapolis,USD
UP-20260912-0113,2026-09-12T18:00:00+00:00,DEMO-ITEM-20260912-0113,GW-017,eBay,DEMO-UPRIGHT-0024,Vintage ceramic vase,Home,1,89.30,5.99,6.25,8.93,0.00,89.30,upright_replica,true,one row per paid order,2026-09-12,America/Indiana/Indianapolis,USD
UP-20260912-0114,2026-09-12T19:00:00+00:00,DEMO-ITEM-20260912-0114,GW-018,Goodwillfinds,DEMO-UPRIGHT-0025,"Wool cardigan, size S",Apparel,1,91.41,6.99,6.39,9.14,0.00,91.41,upright_replica,true,one row per paid order,2026-09-12,America/Indiana/Indianapolis,USD
UP-20260912-0115,2026-09-12T20:00:00+00:00,DEMO-ITEM-20260912-0115,GW-019,Shopgoodwill,DEMO-UPRIGHT-0026,Framed landscape print,Art,1,93.52,7.99,6.54,9.35,0.00,93.52,upright_replica,true,one row per paid order,2026-09-12,America/Indiana/Indianapolis,USD
UP-20260912-0116,2026-09-12T21:00:00+00:00,DEMO-ITEM-20260912-0116,GW-020,eBay,DEMO-UPRIGHT-0027,Silver-tone necklace,Jewelry,1,95.63,3.99,6.69,9.56,0.00,95.63,upright_replica,true,one row per paid order,2026-09-12,America/Indiana/Indianapolis,USD
UP-20260912-0117,2026-09-12T18:00:00+00:00,DEMO-ITEM-20260912-0117,GW-021,Goodwillfinds,DEMO-UPRIGHT-0028,Vintage ceramic vase,Home,1,97.74,4.99,6.84,9.77,0.00,97.74,upright_replica,true,one row per paid order,2026-09-12,America/Indiana/Indianapolis,USD
UP-20260912-0118,2026-09-12T19:00:00+00:00,DEMO-ITEM-20260912-0118,GW-022,Shopgoodwill,DEMO-UPRIGHT-0029,"Wool cardigan, size S",Apparel,1,99.85,5.99,6.98,9.98,0.00,99.85,upright_replica,true,one row per paid order,2026-09-12,America/Indiana/Indianapolis,USD
UP-20260912-0119,2026-09-12T20:00:00+00:00,DEMO-ITEM-20260912-0119,GW-023,eBay,DEMO-UPRIGHT-0030,Framed landscape print,Art,1,16.96,6.99,1.18,1.69,0.00,16.96,upright_replica,true,one row per paid order,2026-09-12,America/Indiana/Indianapolis,USD
UP-20260912-0120,2026-09-12T21:00:00+00:00,DEMO-ITEM-20260912-0120,GW-024,Goodwillfinds,DEMO-UPRIGHT-0031,Silver-tone necklace,Jewelry,1,19.07,7.99,1.33,1.90,9.53,9.54,upright_replica,true,one row per paid order,2026-09-12,America/Indiana/Indianapolis,USD
UP-20260912-0121,2026-09-12T18:00:00+00:00,DEMO-ITEM-20260912-0121,GW-001,Shopgoodwill,DEMO-UPRIGHT-0032,Vintage ceramic vase,Home,1,21.18,3.99,1.48,2.11,0.00,21.18,upright_replica,true,one row per paid order,2026-09-12,America/Indiana/Indianapolis,USD
UP-20260912-0122,2026-09-12T19:00:00+00:00,DEMO-ITEM-20260912-0122,GW-002,eBay,DEMO-UPRIGHT-0033,"Wool cardigan, size S",Apparel,1,23.29,4.99,1.63,2.32,0.00,23.29,upright_replica,true,one row per paid order,2026-09-12,America/Indiana/Indianapolis,USD
UP-20260912-0123,2026-09-12T20:00:00+00:00,DEMO-ITEM-20260912-0123,GW-003,Goodwillfinds,DEMO-UPRIGHT-0034,Framed landscape print,Art,1,25.40,5.99,1.77,2.54,0.00,25.40,upright_replica,true,one row per paid order,2026-09-12,America/Indiana/Indianapolis,USD
UP-20260912-0124,2026-09-12T21:00:00+00:00,DEMO-ITEM-20260912-0124,GW-004,Shopgoodwill,DEMO-UPRIGHT-0035,Silver-tone necklace,Jewelry,1,27.51,6.99,1.92,2.75,0.00,27.51,upright_replica,true,one row per paid order,2026-09-12,America/Indiana/Indianapolis,USD
UP-20260912-0125,2026-09-12T18:00:00+00:00,DEMO-ITEM-20260912-0125,GW-005,eBay,DEMO-UPRIGHT-0036,Vintage ceramic vase,Home,1,29.62,7.99,2.07,2.96,0.00,29.62,upright_replica,true,one row per paid order,2026-09-12,America/Indiana/Indianapolis,USD
UP-20260912-0126,2026-09-12T19:00:00+00:00,DEMO-ITEM-20260912-0126,GW-006,Goodwillfinds,DEMO-UPRIGHT-0037,"Wool cardigan, size S",Apparel,1,31.73,3.99,2.22,3.17,0.00,31.73,upright_replica,true,one row per paid order,2026-09-12,America/Indiana/Indianapolis,USD
UP-20260912-0127,2026-09-12T20:00:00+00:00,DEMO-ITEM-20260912-0127,GW-007,Shopgoodwill,DEMO-UPRIGHT-0038,Framed landscape print,Art,1,33.84,4.99,2.36,3.38,0.00,33.84,upright_replica,true,one row per paid order,2026-09-12,America/Indiana/Indianapolis,USD
UP-20260912-0128,2026-09-12T21:00:00+00:00,DEMO-ITEM-20260912-0128,GW-008,eBay,DEMO-UPRIGHT-0039,Silver-tone necklace,Jewelry,1,35.95,5.99,2.51,3.59,0.00,35.95,upright_replica,true,one row per paid order,2026-09-12,America/Indiana/Indianapolis,USD
UP-20260913-0001,2026-09-13T18:00:00+00:00,DEMO-ITEM-20260913-0001,GW-001,Shopgoodwill,DEMO-UPRIGHT-0001,Vintage ceramic vase,Home,1,24.35,3.99,1.70,2.43,12.17,12.18,upright_replica,true,one row per paid order,2026-09-13,America/Indiana/Indianapolis,USD
UP-20260913-0002,2026-09-13T19:00:00+00:00,DEMO-ITEM-20260913-0002,GW-002,eBay,DEMO-UPRIGHT-0002,"Wool cardigan, size S",Apparel,1,26.46,4.99,1.85,2.64,0.00,26.46,upright_replica,true,one row per paid order,2026-09-13,America/Indiana/Indianapolis,USD
UP-20260913-0003,2026-09-13T20:00:00+00:00,DEMO-ITEM-20260913-0003,GW-003,Goodwillfinds,DEMO-UPRIGHT-0003,Framed landscape print,Art,1,28.57,5.99,1.99,2.85,0.00,28.57,upright_replica,true,one row per paid order,2026-09-13,America/Indiana/Indianapolis,USD
UP-20260913-0004,2026-09-13T21:00:00+00:00,DEMO-ITEM-20260913-0004,GW-004,Shopgoodwill,DEMO-UPRIGHT-0004,Silver-tone necklace,Jewelry,1,30.68,6.99,2.14,3.06,0.00,30.68,upright_replica,true,one row per paid order,2026-09-13,America/Indiana/Indianapolis,USD
UP-20260913-0005,2026-09-13T18:00:00+00:00,DEMO-ITEM-20260913-0005,GW-005,eBay,DEMO-UPRIGHT-0005,Vintage ceramic vase,Home,1,32.79,7.99,2.29,3.27,0.00,32.79,upright_replica,true,one row per paid order,2026-09-13,America/Indiana/Indianapolis,USD
UP-20260913-0006,2026-09-13T19:00:00+00:00,DEMO-ITEM-20260913-0006,GW-006,Goodwillfinds,DEMO-UPRIGHT-0006,"Wool cardigan, size S",Apparel,1,34.90,3.99,2.44,3.49,0.00,34.90,upright_replica,true,one row per paid order,2026-09-13,America/Indiana/Indianapolis,USD
UP-20260913-0007,2026-09-13T20:00:00+00:00,DEMO-ITEM-20260913-0007,GW-007,Shopgoodwill,DEMO-UPRIGHT-0007,Framed landscape print,Art,1,37.01,4.99,2.59,3.70,0.00,37.01,upright_replica,true,one row per paid order,2026-09-13,America/Indiana/Indianapolis,USD
UP-20260913-0008,2026-09-13T21:00:00+00:00,DEMO-ITEM-20260913-0008,GW-008,eBay,DEMO-UPRIGHT-0008,Silver-tone necklace,Jewelry,1,39.12,5.99,2.73,3.91,0.00,39.12,upright_replica,true,one row per paid order,2026-09-13,America/Indiana/Indianapolis,USD
UP-20260913-0009,2026-09-13T18:00:00+00:00,DEMO-ITEM-20260913-0009,GW-009,Goodwillfinds,DEMO-UPRIGHT-0009,Vintage ceramic vase,Home,1,41.23,6.99,2.88,4.12,0.00,41.23,upright_replica,true,one row per paid order,2026-09-13,America/Indiana/Indianapolis,USD
UP-20260913-0010,2026-09-13T19:00:00+00:00,DEMO-ITEM-20260913-0010,GW-010,Shopgoodwill,DEMO-UPRIGHT-0010,"Wool cardigan, size S",Apparel,1,43.34,7.99,3.03,4.33,0.00,43.34,upright_replica,true,one row per paid order,2026-09-13,America/Indiana/Indianapolis,USD
UP-20260913-0011,2026-09-13T20:00:00+00:00,DEMO-ITEM-20260913-0011,GW-011,eBay,DEMO-UPRIGHT-0011,Framed landscape print,Art,1,45.45,3.99,3.18,4.54,0.00,45.45,upright_replica,true,one row per paid order,2026-09-13,America/Indiana/Indianapolis,USD
UP-20260913-0012,2026-09-13T21:00:00+00:00,DEMO-ITEM-20260913-0012,GW-012,Goodwillfinds,DEMO-UPRIGHT-0012,Silver-tone necklace,Jewelry,1,47.56,4.99,3.32,4.75,0.00,47.56,upright_replica,true,one row per paid order,2026-09-13,America/Indiana/Indianapolis,USD
UP-20260913-0013,2026-09-13T18:00:00+00:00,DEMO-ITEM-20260913-0013,GW-013,Shopgoodwill,DEMO-UPRIGHT-0013,Vintage ceramic vase,Home,1,49.67,5.99,3.47,4.96,0.00,49.67,upright_replica,true,one row per paid order,2026-09-13,America/Indiana/Indianapolis,USD
UP-20260913-0014,2026-09-13T19:00:00+00:00,DEMO-ITEM-20260913-0014,GW-014,eBay,DEMO-UPRIGHT-0014,"Wool cardigan, size S",Apparel,1,51.78,6.99,3.62,5.17,0.00,51.78,upright_replica,true,one row per paid order,2026-09-13,America/Indiana/Indianapolis,USD
UP-20260913-0015,2026-09-13T20:00:00+00:00,DEMO-ITEM-20260913-0015,GW-015,Goodwillfinds,DEMO-UPRIGHT-0015,Framed landscape print,Art,1,53.89,7.99,3.77,5.38,0.00,53.89,upright_replica,true,one row per paid order,2026-09-13,America/Indiana/Indianapolis,USD
UP-20260913-0016,2026-09-13T21:00:00+00:00,DEMO-ITEM-20260913-0016,GW-016,Shopgoodwill,DEMO-UPRIGHT-0016,Silver-tone necklace,Jewelry,1,56.00,3.99,3.92,5.60,0.00,56.00,upright_replica,true,one row per paid order,2026-09-13,America/Indiana/Indianapolis,USD
UP-20260913-0017,2026-09-13T18:00:00+00:00,DEMO-ITEM-20260913-0017,GW-017,eBay,DEMO-UPRIGHT-0017,Vintage ceramic vase,Home,1,58.11,4.99,4.06,5.81,0.00,58.11,upright_replica,true,one row per paid order,2026-09-13,America/Indiana/Indianapolis,USD
UP-20260913-0018,2026-09-13T19:00:00+00:00,DEMO-ITEM-20260913-0018,GW-018,Goodwillfinds,DEMO-UPRIGHT-0018,"Wool cardigan, size S",Apparel,1,60.22,5.99,4.21,6.02,30.11,30.11,upright_replica,true,one row per paid order,2026-09-13,America/Indiana/Indianapolis,USD
UP-20260913-0019,2026-09-13T20:00:00+00:00,DEMO-ITEM-20260913-0019,GW-019,Shopgoodwill,DEMO-UPRIGHT-0019,Framed landscape print,Art,1,62.33,6.99,4.36,6.23,0.00,62.33,upright_replica,true,one row per paid order,2026-09-13,America/Indiana/Indianapolis,USD
UP-20260913-0020,2026-09-13T21:00:00+00:00,DEMO-ITEM-20260913-0020,GW-020,eBay,DEMO-UPRIGHT-0020,Silver-tone necklace,Jewelry,1,64.44,7.99,4.51,6.44,0.00,64.44,upright_replica,true,one row per paid order,2026-09-13,America/Indiana/Indianapolis,USD
UP-20260913-0021,2026-09-13T18:00:00+00:00,DEMO-ITEM-20260913-0021,GW-021,Goodwillfinds,DEMO-UPRIGHT-0021,Vintage ceramic vase,Home,1,66.55,3.99,4.65,6.65,0.00,66.55,upright_replica,true,one row per paid order,2026-09-13,America/Indiana/Indianapolis,USD
UP-20260913-0022,2026-09-13T19:00:00+00:00,DEMO-ITEM-20260913-0022,GW-022,Shopgoodwill,DEMO-UPRIGHT-0022,"Wool cardigan, size S",Apparel,1,68.66,4.99,4.80,6.86,0.00,68.66,upright_replica,true,one row per paid order,2026-09-13,America/Indiana/Indianapolis,USD
UP-20260913-0023,2026-09-13T20:00:00+00:00,DEMO-ITEM-20260913-0023,GW-023,eBay,DEMO-UPRIGHT-0023,Framed landscape print,Art,1,70.77,5.99,4.95,7.07,0.00,70.77,upright_replica,true,one row per paid order,2026-09-13,America/Indiana/Indianapolis,USD
UP-20260913-0024,2026-09-13T21:00:00+00:00,DEMO-ITEM-20260913-0024,GW-024,Goodwillfinds,DEMO-UPRIGHT-0024,Silver-tone necklace,Jewelry,1,72.88,6.99,5.10,7.28,0.00,72.88,upright_replica,true,one row per paid order,2026-09-13,America/Indiana/Indianapolis,USD
UP-20260913-0025,2026-09-13T18:00:00+00:00,DEMO-ITEM-20260913-0025,GW-001,Shopgoodwill,DEMO-UPRIGHT-0025,Vintage ceramic vase,Home,1,74.99,7.99,5.24,7.49,0.00,74.99,upright_replica,true,one row per paid order,2026-09-13,America/Indiana/Indianapolis,USD
UP-20260913-0026,2026-09-13T19:00:00+00:00,DEMO-ITEM-20260913-0026,GW-002,eBay,DEMO-UPRIGHT-0026,"Wool cardigan, size S",Apparel,1,77.10,3.99,5.39,7.71,0.00,77.10,upright_replica,true,one row per paid order,2026-09-13,America/Indiana/Indianapolis,USD
UP-20260913-0027,2026-09-13T20:00:00+00:00,DEMO-ITEM-20260913-0027,GW-003,Goodwillfinds,DEMO-UPRIGHT-0027,Framed landscape print,Art,1,79.21,4.99,5.54,7.92,0.00,79.21,upright_replica,true,one row per paid order,2026-09-13,America/Indiana/Indianapolis,USD
UP-20260913-0028,2026-09-13T21:00:00+00:00,DEMO-ITEM-20260913-0028,GW-004,Shopgoodwill,DEMO-UPRIGHT-0028,Silver-tone necklace,Jewelry,1,81.32,5.99,5.69,8.13,0.00,81.32,upright_replica,true,one row per paid order,2026-09-13,America/Indiana/Indianapolis,USD
UP-20260913-0029,2026-09-13T18:00:00+00:00,DEMO-ITEM-20260913-0029,GW-005,eBay,DEMO-UPRIGHT-0029,Vintage ceramic vase,Home,1,83.43,6.99,5.84,8.34,0.00,83.43,upright_replica,true,one row per paid order,2026-09-13,America/Indiana/Indianapolis,USD
UP-20260913-0030,2026-09-13T19:00:00+00:00,DEMO-ITEM-20260913-0030,GW-006,Goodwillfinds,DEMO-UPRIGHT-0030,"Wool cardigan, size S",Apparel,1,85.54,7.99,5.98,8.55,0.00,85.54,upright_replica,true,one row per paid order,2026-09-13,America/Indiana/Indianapolis,USD
UP-20260913-0031,2026-09-13T20:00:00+00:00,DEMO-ITEM-20260913-0031,GW-007,Shopgoodwill,DEMO-UPRIGHT-0031,Framed landscape print,Art,1,87.65,3.99,6.13,8.76,0.00,87.65,upright_replica,true,one row per paid order,2026-09-13,America/Indiana/Indianapolis,USD
UP-20260913-0032,2026-09-13T21:00:00+00:00,DEMO-ITEM-20260913-0032,GW-008,eBay,DEMO-UPRIGHT-0032,Silver-tone necklace,Jewelry,1,89.76,4.99,6.28,8.97,0.00,89.76,upright_replica,true,one row per paid order,2026-09-13,America/Indiana/Indianapolis,USD
UP-20260913-0033,2026-09-13T18:00:00+00:00,DEMO-ITEM-20260913-0033,GW-009,Goodwillfinds,DEMO-UPRIGHT-0033,Vintage ceramic vase,Home,1,91.87,5.99,6.43,9.18,0.00,91.87,upright_replica,true,one row per paid order,2026-09-13,America/Indiana/Indianapolis,USD
UP-20260913-0034,2026-09-13T19:00:00+00:00,DEMO-ITEM-20260913-0034,GW-010,Shopgoodwill,DEMO-UPRIGHT-0034,"Wool cardigan, size S",Apparel,1,93.98,6.99,6.57,9.39,0.00,93.98,upright_replica,true,one row per paid order,2026-09-13,America/Indiana/Indianapolis,USD
UP-20260913-0035,2026-09-13T20:00:00+00:00,DEMO-ITEM-20260913-0035,GW-011,eBay,DEMO-UPRIGHT-0035,Framed landscape print,Art,1,96.09,7.99,6.72,9.60,48.04,48.05,upright_replica,true,one row per paid order,2026-09-13,America/Indiana/Indianapolis,USD
UP-20260913-0036,2026-09-13T21:00:00+00:00,DEMO-ITEM-20260913-0036,GW-012,Goodwillfinds,DEMO-UPRIGHT-0036,Silver-tone necklace,Jewelry,1,98.20,3.99,6.87,9.82,0.00,98.20,upright_replica,true,one row per paid order,2026-09-13,America/Indiana/Indianapolis,USD
UP-20260913-0037,2026-09-13T18:00:00+00:00,DEMO-ITEM-20260913-0037,GW-013,Shopgoodwill,DEMO-UPRIGHT-0037,Vintage ceramic vase,Home,1,15.31,4.99,1.07,1.53,0.00,15.31,upright_replica,true,one row per paid order,2026-09-13,America/Indiana/Indianapolis,USD
UP-20260913-0038,2026-09-13T19:00:00+00:00,DEMO-ITEM-20260913-0038,GW-014,eBay,DEMO-UPRIGHT-0038,"Wool cardigan, size S",Apparel,1,17.42,5.99,1.21,1.74,0.00,17.42,upright_replica,true,one row per paid order,2026-09-13,America/Indiana/Indianapolis,USD
UP-20260913-0039,2026-09-13T20:00:00+00:00,DEMO-ITEM-20260913-0039,GW-015,Goodwillfinds,DEMO-UPRIGHT-0039,Framed landscape print,Art,1,19.53,6.99,1.36,1.95,0.00,19.53,upright_replica,true,one row per paid order,2026-09-13,America/Indiana/Indianapolis,USD
UP-20260913-0040,2026-09-13T21:00:00+00:00,DEMO-ITEM-20260913-0040,GW-016,Shopgoodwill,DEMO-UPRIGHT-0040,Silver-tone necklace,Jewelry,1,21.64,7.99,1.51,2.16,0.00,21.64,upright_replica,true,one row per paid order,2026-09-13,America/Indiana/Indianapolis,USD
UP-20260913-0041,2026-09-13T18:00:00+00:00,DEMO-ITEM-20260913-0041,GW-017,eBay,DEMO-UPRIGHT-0041,Vintage ceramic vase,Home,1,23.75,3.99,1.66,2.37,0.00,23.75,upright_replica,true,one row per paid order,2026-09-13,America/Indiana/Indianapolis,USD
UP-20260913-0042,2026-09-13T19:00:00+00:00,DEMO-ITEM-20260913-0042,GW-018,Goodwillfinds,DEMO-UPRIGHT-0042,"Wool cardigan, size S",Apparel,1,25.86,4.99,1.81,2.58,0.00,25.86,upright_replica,true,one row per paid order,2026-09-13,America/Indiana/Indianapolis,USD
UP-20260913-0043,2026-09-13T20:00:00+00:00,DEMO-ITEM-20260913-0043,GW-019,Shopgoodwill,DEMO-UPRIGHT-0043,Framed landscape print,Art,1,27.97,5.99,1.95,2.79,0.00,27.97,upright_replica,true,one row per paid order,2026-09-13,America/Indiana/Indianapolis,USD
UP-20260913-0044,2026-09-13T21:00:00+00:00,DEMO-ITEM-20260913-0044,GW-020,eBay,DEMO-UPRIGHT-0044,Silver-tone necklace,Jewelry,1,30.08,6.99,2.10,3.00,0.00,30.08,upright_replica,true,one row per paid order,2026-09-13,America/Indiana/Indianapolis,USD
UP-20260913-0045,2026-09-13T18:00:00+00:00,DEMO-ITEM-20260913-0045,GW-021,Goodwillfinds,DEMO-UPRIGHT-0045,Vintage ceramic vase,Home,1,32.19,7.99,2.25,3.21,0.00,32.19,upright_replica,true,one row per paid order,2026-09-13,America/Indiana/Indianapolis,USD
UP-20260913-0046,2026-09-13T19:00:00+00:00,DEMO-ITEM-20260913-0046,GW-022,Shopgoodwill,DEMO-UPRIGHT-0046,"Wool cardigan, size S",Apparel,1,34.30,3.99,2.40,3.43,0.00,34.30,upright_replica,true,one row per paid order,2026-09-13,America/Indiana/Indianapolis,USD
UP-20260913-0047,2026-09-13T20:00:00+00:00,DEMO-ITEM-20260913-0047,GW-023,eBay,DEMO-UPRIGHT-0047,Framed landscape print,Art,1,36.41,4.99,2.54,3.64,0.00,36.41,upright_replica,true,one row per paid order,2026-09-13,America/Indiana/Indianapolis,USD
UP-20260913-0048,2026-09-13T21:00:00+00:00,DEMO-ITEM-20260913-0048,GW-024,Goodwillfinds,DEMO-UPRIGHT-0048,Silver-tone necklace,Jewelry,1,38.52,5.99,2.69,3.85,0.00,38.52,upright_replica,true,one row per paid order,2026-09-13,America/Indiana/Indianapolis,USD
UP-20260913-0049,2026-09-13T18:00:00+00:00,DEMO-ITEM-20260913-0049,GW-001,Shopgoodwill,DEMO-UPRIGHT-0049,Vintage ceramic vase,Home,1,40.63,6.99,2.84,4.06,0.00,40.63,upright_replica,true,one row per paid order,2026-09-13,America/Indiana/Indianapolis,USD
UP-20260913-0050,2026-09-13T19:00:00+00:00,DEMO-ITEM-20260913-0050,GW-002,eBay,DEMO-UPRIGHT-0050,"Wool cardigan, size S",Apparel,1,42.74,7.99,2.99,4.27,0.00,42.74,upright_replica,true,one row per paid order,2026-09-13,America/Indiana/Indianapolis,USD
UP-20260913-0051,2026-09-13T20:00:00+00:00,DEMO-ITEM-20260913-0051,GW-003,Goodwillfinds,DEMO-UPRIGHT-0051,Framed landscape print,Art,1,44.85,3.99,3.13,4.48,0.00,44.85,upright_replica,true,one row per paid order,2026-09-13,America/Indiana/Indianapolis,USD
UP-20260913-0052,2026-09-13T21:00:00+00:00,DEMO-ITEM-20260913-0052,GW-004,Shopgoodwill,DEMO-UPRIGHT-0052,Silver-tone necklace,Jewelry,1,46.96,4.99,3.28,4.69,23.48,23.48,upright_replica,true,one row per paid order,2026-09-13,America/Indiana/Indianapolis,USD
UP-20260913-0053,2026-09-13T18:00:00+00:00,DEMO-ITEM-20260913-0053,GW-005,eBay,DEMO-UPRIGHT-0053,Vintage ceramic vase,Home,1,49.07,5.99,3.43,4.90,0.00,49.07,upright_replica,true,one row per paid order,2026-09-13,America/Indiana/Indianapolis,USD
UP-20260913-0054,2026-09-13T19:00:00+00:00,DEMO-ITEM-20260913-0054,GW-006,Goodwillfinds,DEMO-UPRIGHT-0054,"Wool cardigan, size S",Apparel,1,51.18,6.99,3.58,5.11,0.00,51.18,upright_replica,true,one row per paid order,2026-09-13,America/Indiana/Indianapolis,USD
UP-20260913-0055,2026-09-13T20:00:00+00:00,DEMO-ITEM-20260913-0055,GW-007,Shopgoodwill,DEMO-UPRIGHT-0055,Framed landscape print,Art,1,53.29,7.99,3.73,5.32,0.00,53.29,upright_replica,true,one row per paid order,2026-09-13,America/Indiana/Indianapolis,USD
UP-20260913-0056,2026-09-13T21:00:00+00:00,DEMO-ITEM-20260913-0056,GW-008,eBay,DEMO-UPRIGHT-0056,Silver-tone necklace,Jewelry,1,55.40,3.99,3.87,5.54,0.00,55.40,upright_replica,true,one row per paid order,2026-09-13,America/Indiana/Indianapolis,USD
UP-20260913-0057,2026-09-13T18:00:00+00:00,DEMO-ITEM-20260913-0057,GW-009,Goodwillfinds,DEMO-UPRIGHT-0057,Vintage ceramic vase,Home,1,57.51,4.99,4.02,5.75,0.00,57.51,upright_replica,true,one row per paid order,2026-09-13,America/Indiana/Indianapolis,USD
UP-20260913-0058,2026-09-13T19:00:00+00:00,DEMO-ITEM-20260913-0058,GW-010,Shopgoodwill,DEMO-UPRIGHT-0058,"Wool cardigan, size S",Apparel,1,59.62,5.99,4.17,5.96,0.00,59.62,upright_replica,true,one row per paid order,2026-09-13,America/Indiana/Indianapolis,USD
UP-20260913-0059,2026-09-13T20:00:00+00:00,DEMO-ITEM-20260913-0059,GW-011,eBay,DEMO-UPRIGHT-0059,Framed landscape print,Art,1,61.73,6.99,4.32,6.17,0.00,61.73,upright_replica,true,one row per paid order,2026-09-13,America/Indiana/Indianapolis,USD
UP-20260913-0060,2026-09-13T21:00:00+00:00,DEMO-ITEM-20260913-0060,GW-012,Goodwillfinds,DEMO-UPRIGHT-0060,Silver-tone necklace,Jewelry,1,63.84,7.99,4.46,6.38,0.00,63.84,upright_replica,true,one row per paid order,2026-09-13,America/Indiana/Indianapolis,USD
UP-20260913-0061,2026-09-13T18:00:00+00:00,DEMO-ITEM-20260913-0061,GW-013,Shopgoodwill,DEMO-UPRIGHT-0061,Vintage ceramic vase,Home,1,65.95,3.99,4.61,6.59,0.00,65.95,upright_replica,true,one row per paid order,2026-09-13,America/Indiana/Indianapolis,USD
UP-20260913-0062,2026-09-13T19:00:00+00:00,DEMO-ITEM-20260913-0062,GW-014,eBay,DEMO-UPRIGHT-0062,"Wool cardigan, size S",Apparel,1,68.06,4.99,4.76,6.80,0.00,68.06,upright_replica,true,one row per paid order,2026-09-13,America/Indiana/Indianapolis,USD
UP-20260913-0063,2026-09-13T20:00:00+00:00,DEMO-ITEM-20260913-0063,GW-015,Goodwillfinds,DEMO-UPRIGHT-0063,Framed landscape print,Art,1,70.17,5.99,4.91,7.01,0.00,70.17,upright_replica,true,one row per paid order,2026-09-13,America/Indiana/Indianapolis,USD
UP-20260913-0064,2026-09-13T21:00:00+00:00,DEMO-ITEM-20260913-0064,GW-016,Shopgoodwill,DEMO-UPRIGHT-0064,Silver-tone necklace,Jewelry,1,72.28,6.99,5.05,7.22,0.00,72.28,upright_replica,true,one row per paid order,2026-09-13,America/Indiana/Indianapolis,USD
UP-20260913-0065,2026-09-13T18:00:00+00:00,DEMO-ITEM-20260913-0065,GW-017,eBay,DEMO-UPRIGHT-0065,Vintage ceramic vase,Home,1,74.39,7.99,5.20,7.43,0.00,74.39,upright_replica,true,one row per paid order,2026-09-13,America/Indiana/Indianapolis,USD
UP-20260913-0066,2026-09-13T19:00:00+00:00,DEMO-ITEM-20260913-0066,GW-018,Goodwillfinds,DEMO-UPRIGHT-0066,"Wool cardigan, size S",Apparel,1,76.50,3.99,5.35,7.65,0.00,76.50,upright_replica,true,one row per paid order,2026-09-13,America/Indiana/Indianapolis,USD
UP-20260913-0067,2026-09-13T20:00:00+00:00,DEMO-ITEM-20260913-0067,GW-019,Shopgoodwill,DEMO-UPRIGHT-0067,Framed landscape print,Art,1,78.61,4.99,5.50,7.86,0.00,78.61,upright_replica,true,one row per paid order,2026-09-13,America/Indiana/Indianapolis,USD
UP-20260913-0068,2026-09-13T21:00:00+00:00,DEMO-ITEM-20260913-0068,GW-020,eBay,DEMO-UPRIGHT-0068,Silver-tone necklace,Jewelry,1,80.72,5.99,5.65,8.07,0.00,80.72,upright_replica,true,one row per paid order,2026-09-13,America/Indiana/Indianapolis,USD
UP-20260913-0069,2026-09-13T18:00:00+00:00,DEMO-ITEM-20260913-0069,GW-021,Goodwillfinds,DEMO-UPRIGHT-0069,Vintage ceramic vase,Home,1,82.83,6.99,5.79,8.28,41.41,41.42,upright_replica,true,one row per paid order,2026-09-13,America/Indiana/Indianapolis,USD
UP-20260913-0070,2026-09-13T19:00:00+00:00,DEMO-ITEM-20260913-0070,GW-022,Shopgoodwill,DEMO-UPRIGHT-0070,"Wool cardigan, size S",Apparel,1,84.94,7.99,5.94,8.49,0.00,84.94,upright_replica,true,one row per paid order,2026-09-13,America/Indiana/Indianapolis,USD
UP-20260913-0071,2026-09-13T20:00:00+00:00,DEMO-ITEM-20260913-0071,GW-023,eBay,DEMO-UPRIGHT-0071,Framed landscape print,Art,1,87.05,3.99,6.09,8.70,0.00,87.05,upright_replica,true,one row per paid order,2026-09-13,America/Indiana/Indianapolis,USD
UP-20260913-0072,2026-09-13T21:00:00+00:00,DEMO-ITEM-20260913-0072,GW-024,Goodwillfinds,DEMO-UPRIGHT-0072,Silver-tone necklace,Jewelry,1,89.16,4.99,6.24,8.91,0.00,89.16,upright_replica,true,one row per paid order,2026-09-13,America/Indiana/Indianapolis,USD
UP-20260913-0073,2026-09-13T18:00:00+00:00,DEMO-ITEM-20260913-0073,GW-001,Shopgoodwill,DEMO-UPRIGHT-0073,Vintage ceramic vase,Home,1,91.27,5.99,6.38,9.12,0.00,91.27,upright_replica,true,one row per paid order,2026-09-13,America/Indiana/Indianapolis,USD
UP-20260913-0074,2026-09-13T19:00:00+00:00,DEMO-ITEM-20260913-0074,GW-002,eBay,DEMO-UPRIGHT-0074,"Wool cardigan, size S",Apparel,1,93.38,6.99,6.53,9.33,0.00,93.38,upright_replica,true,one row per paid order,2026-09-13,America/Indiana/Indianapolis,USD
UP-20260913-0075,2026-09-13T20:00:00+00:00,DEMO-ITEM-20260913-0075,GW-003,Goodwillfinds,DEMO-UPRIGHT-0075,Framed landscape print,Art,1,95.49,7.99,6.68,9.54,0.00,95.49,upright_replica,true,one row per paid order,2026-09-13,America/Indiana/Indianapolis,USD
UP-20260913-0076,2026-09-13T21:00:00+00:00,DEMO-ITEM-20260913-0076,GW-004,Shopgoodwill,DEMO-UPRIGHT-0076,Silver-tone necklace,Jewelry,1,97.60,3.99,6.83,9.76,0.00,97.60,upright_replica,true,one row per paid order,2026-09-13,America/Indiana/Indianapolis,USD
UP-20260913-0077,2026-09-13T18:00:00+00:00,DEMO-ITEM-20260913-0077,GW-005,eBay,DEMO-UPRIGHT-0077,Vintage ceramic vase,Home,1,99.71,4.99,6.97,9.97,0.00,99.71,upright_replica,true,one row per paid order,2026-09-13,America/Indiana/Indianapolis,USD
UP-20260913-0078,2026-09-13T19:00:00+00:00,DEMO-ITEM-20260913-0078,GW-006,Goodwillfinds,DEMO-UPRIGHT-0078,"Wool cardigan, size S",Apparel,1,16.82,5.99,1.17,1.68,0.00,16.82,upright_replica,true,one row per paid order,2026-09-13,America/Indiana/Indianapolis,USD
UP-20260913-0079,2026-09-13T20:00:00+00:00,DEMO-ITEM-20260913-0079,GW-007,Shopgoodwill,DEMO-UPRIGHT-0079,Framed landscape print,Art,1,18.93,6.99,1.32,1.89,0.00,18.93,upright_replica,true,one row per paid order,2026-09-13,America/Indiana/Indianapolis,USD
UP-20260913-0080,2026-09-13T21:00:00+00:00,DEMO-ITEM-20260913-0080,GW-008,eBay,DEMO-UPRIGHT-0080,Silver-tone necklace,Jewelry,1,21.04,7.99,1.47,2.10,0.00,21.04,upright_replica,true,one row per paid order,2026-09-13,America/Indiana/Indianapolis,USD
UP-20260913-0081,2026-09-13T18:00:00+00:00,DEMO-ITEM-20260913-0081,GW-009,Goodwillfinds,DEMO-UPRIGHT-0081,Vintage ceramic vase,Home,1,23.15,3.99,1.62,2.31,0.00,23.15,upright_replica,true,one row per paid order,2026-09-13,America/Indiana/Indianapolis,USD
UP-20260913-0082,2026-09-13T19:00:00+00:00,DEMO-ITEM-20260913-0082,GW-010,Shopgoodwill,DEMO-UPRIGHT-0082,"Wool cardigan, size S",Apparel,1,25.26,4.99,1.76,2.52,0.00,25.26,upright_replica,true,one row per paid order,2026-09-13,America/Indiana/Indianapolis,USD
UP-20260913-0083,2026-09-13T20:00:00+00:00,DEMO-ITEM-20260913-0083,GW-011,eBay,DEMO-UPRIGHT-0083,Framed landscape print,Art,1,27.37,5.99,1.91,2.73,0.00,27.37,upright_replica,true,one row per paid order,2026-09-13,America/Indiana/Indianapolis,USD
UP-20260913-0084,2026-09-13T21:00:00+00:00,DEMO-ITEM-20260913-0084,GW-012,Goodwillfinds,DEMO-UPRIGHT-0084,Silver-tone necklace,Jewelry,1,29.48,6.99,2.06,2.94,0.00,29.48,upright_replica,true,one row per paid order,2026-09-13,America/Indiana/Indianapolis,USD
UP-20260913-0085,2026-09-13T18:00:00+00:00,DEMO-ITEM-20260913-0085,GW-013,Shopgoodwill,DEMO-UPRIGHT-0085,Vintage ceramic vase,Home,1,31.59,7.99,2.21,3.15,0.00,31.59,upright_replica,true,one row per paid order,2026-09-13,America/Indiana/Indianapolis,USD
UP-20260913-0086,2026-09-13T19:00:00+00:00,DEMO-ITEM-20260913-0086,GW-014,eBay,DEMO-UPRIGHT-0086,"Wool cardigan, size S",Apparel,1,33.70,3.99,2.35,3.37,16.85,16.85,upright_replica,true,one row per paid order,2026-09-13,America/Indiana/Indianapolis,USD
UP-20260913-0087,2026-09-13T20:00:00+00:00,DEMO-ITEM-20260913-0087,GW-015,Goodwillfinds,DEMO-UPRIGHT-0087,Framed landscape print,Art,1,35.81,4.99,2.50,3.58,0.00,35.81,upright_replica,true,one row per paid order,2026-09-13,America/Indiana/Indianapolis,USD
UP-20260913-0088,2026-09-13T21:00:00+00:00,DEMO-ITEM-20260913-0088,GW-016,Shopgoodwill,DEMO-UPRIGHT-0088,Silver-tone necklace,Jewelry,1,37.92,5.99,2.65,3.79,0.00,37.92,upright_replica,true,one row per paid order,2026-09-13,America/Indiana/Indianapolis,USD
UP-20260913-0089,2026-09-13T18:00:00+00:00,DEMO-ITEM-20260913-0089,GW-017,eBay,DEMO-UPRIGHT-0089,Vintage ceramic vase,Home,1,40.03,6.99,2.80,4.00,0.00,40.03,upright_replica,true,one row per paid order,2026-09-13,America/Indiana/Indianapolis,USD
UP-20260913-0090,2026-09-13T19:00:00+00:00,DEMO-ITEM-20260913-0090,GW-018,Goodwillfinds,DEMO-UPRIGHT-0001,"Wool cardigan, size S",Apparel,1,42.14,7.99,2.94,4.21,0.00,42.14,upright_replica,true,one row per paid order,2026-09-13,America/Indiana/Indianapolis,USD
UP-20260913-0091,2026-09-13T20:00:00+00:00,DEMO-ITEM-20260913-0091,GW-019,Shopgoodwill,DEMO-UPRIGHT-0002,Framed landscape print,Art,1,44.25,3.99,3.09,4.42,0.00,44.25,upright_replica,true,one row per paid order,2026-09-13,America/Indiana/Indianapolis,USD
UP-20260913-0092,2026-09-13T21:00:00+00:00,DEMO-ITEM-20260913-0092,GW-020,eBay,DEMO-UPRIGHT-0003,Silver-tone necklace,Jewelry,1,46.36,4.99,3.24,4.63,0.00,46.36,upright_replica,true,one row per paid order,2026-09-13,America/Indiana/Indianapolis,USD
UP-20260913-0093,2026-09-13T18:00:00+00:00,DEMO-ITEM-20260913-0093,GW-021,Goodwillfinds,DEMO-UPRIGHT-0004,Vintage ceramic vase,Home,1,48.47,5.99,3.39,4.84,0.00,48.47,upright_replica,true,one row per paid order,2026-09-13,America/Indiana/Indianapolis,USD
UP-20260913-0094,2026-09-13T19:00:00+00:00,DEMO-ITEM-20260913-0094,GW-022,Shopgoodwill,DEMO-UPRIGHT-0005,"Wool cardigan, size S",Apparel,1,50.58,6.99,3.54,5.05,0.00,50.58,upright_replica,true,one row per paid order,2026-09-13,America/Indiana/Indianapolis,USD
UP-20260913-0095,2026-09-13T20:00:00+00:00,DEMO-ITEM-20260913-0095,GW-023,eBay,DEMO-UPRIGHT-0006,Framed landscape print,Art,1,52.69,7.99,3.68,5.26,0.00,52.69,upright_replica,true,one row per paid order,2026-09-13,America/Indiana/Indianapolis,USD
UP-20260913-0096,2026-09-13T21:00:00+00:00,DEMO-ITEM-20260913-0096,GW-024,Goodwillfinds,DEMO-UPRIGHT-0007,Silver-tone necklace,Jewelry,1,54.80,3.99,3.83,5.48,0.00,54.80,upright_replica,true,one row per paid order,2026-09-13,America/Indiana/Indianapolis,USD
UP-20260913-0097,2026-09-13T18:00:00+00:00,DEMO-ITEM-20260913-0097,GW-001,Shopgoodwill,DEMO-UPRIGHT-0008,Vintage ceramic vase,Home,1,56.91,4.99,3.98,5.69,0.00,56.91,upright_replica,true,one row per paid order,2026-09-13,America/Indiana/Indianapolis,USD
UP-20260913-0098,2026-09-13T19:00:00+00:00,DEMO-ITEM-20260913-0098,GW-002,eBay,DEMO-UPRIGHT-0009,"Wool cardigan, size S",Apparel,1,59.02,5.99,4.13,5.90,0.00,59.02,upright_replica,true,one row per paid order,2026-09-13,America/Indiana/Indianapolis,USD
UP-20260913-0099,2026-09-13T20:00:00+00:00,DEMO-ITEM-20260913-0099,GW-003,Goodwillfinds,DEMO-UPRIGHT-0010,Framed landscape print,Art,1,61.13,6.99,4.27,6.11,0.00,61.13,upright_replica,true,one row per paid order,2026-09-13,America/Indiana/Indianapolis,USD
UP-20260913-0100,2026-09-13T21:00:00+00:00,DEMO-ITEM-20260913-0100,GW-004,Shopgoodwill,DEMO-UPRIGHT-0011,Silver-tone necklace,Jewelry,1,63.24,7.99,4.42,6.32,0.00,63.24,upright_replica,true,one row per paid order,2026-09-13,America/Indiana/Indianapolis,USD
UP-20260913-0101,2026-09-13T18:00:00+00:00,DEMO-ITEM-20260913-0101,GW-005,eBay,DEMO-UPRIGHT-0012,Vintage ceramic vase,Home,1,65.35,3.99,4.57,6.53,0.00,65.35,upright_replica,true,one row per paid order,2026-09-13,America/Indiana/Indianapolis,USD
UP-20260913-0102,2026-09-13T19:00:00+00:00,DEMO-ITEM-20260913-0102,GW-006,Goodwillfinds,DEMO-UPRIGHT-0013,"Wool cardigan, size S",Apparel,1,67.46,4.99,4.72,6.74,0.00,67.46,upright_replica,true,one row per paid order,2026-09-13,America/Indiana/Indianapolis,USD
UP-20260913-0103,2026-09-13T20:00:00+00:00,DEMO-ITEM-20260913-0103,GW-007,Shopgoodwill,DEMO-UPRIGHT-0014,Framed landscape print,Art,1,69.57,5.99,4.86,6.95,34.78,34.79,upright_replica,true,one row per paid order,2026-09-13,America/Indiana/Indianapolis,USD
UP-20260913-0104,2026-09-13T21:00:00+00:00,DEMO-ITEM-20260913-0104,GW-008,eBay,DEMO-UPRIGHT-0015,Silver-tone necklace,Jewelry,1,71.68,6.99,5.01,7.16,0.00,71.68,upright_replica,true,one row per paid order,2026-09-13,America/Indiana/Indianapolis,USD
UP-20260913-0105,2026-09-13T18:00:00+00:00,DEMO-ITEM-20260913-0105,GW-009,Goodwillfinds,DEMO-UPRIGHT-0016,Vintage ceramic vase,Home,1,73.79,7.99,5.16,7.37,0.00,73.79,upright_replica,true,one row per paid order,2026-09-13,America/Indiana/Indianapolis,USD
UP-20260913-0106,2026-09-13T19:00:00+00:00,DEMO-ITEM-20260913-0106,GW-010,Shopgoodwill,DEMO-UPRIGHT-0017,"Wool cardigan, size S",Apparel,1,75.90,3.99,5.31,7.59,0.00,75.90,upright_replica,true,one row per paid order,2026-09-13,America/Indiana/Indianapolis,USD
UP-20260913-0107,2026-09-13T20:00:00+00:00,DEMO-ITEM-20260913-0107,GW-011,eBay,DEMO-UPRIGHT-0018,Framed landscape print,Art,1,78.01,4.99,5.46,7.80,0.00,78.01,upright_replica,true,one row per paid order,2026-09-13,America/Indiana/Indianapolis,USD
UP-20260913-0108,2026-09-13T21:00:00+00:00,DEMO-ITEM-20260913-0108,GW-012,Goodwillfinds,DEMO-UPRIGHT-0019,Silver-tone necklace,Jewelry,1,80.12,5.99,5.60,8.01,0.00,80.12,upright_replica,true,one row per paid order,2026-09-13,America/Indiana/Indianapolis,USD
UP-20260913-0109,2026-09-13T18:00:00+00:00,DEMO-ITEM-20260913-0109,GW-013,Shopgoodwill,DEMO-UPRIGHT-0020,Vintage ceramic vase,Home,1,82.23,6.99,5.75,8.22,0.00,82.23,upright_replica,true,one row per paid order,2026-09-13,America/Indiana/Indianapolis,USD
UP-20260913-0110,2026-09-13T19:00:00+00:00,DEMO-ITEM-20260913-0110,GW-014,eBay,DEMO-UPRIGHT-0021,"Wool cardigan, size S",Apparel,1,84.34,7.99,5.90,8.43,0.00,84.34,upright_replica,true,one row per paid order,2026-09-13,America/Indiana/Indianapolis,USD
UP-20260913-0111,2026-09-13T20:00:00+00:00,DEMO-ITEM-20260913-0111,GW-015,Goodwillfinds,DEMO-UPRIGHT-0022,Framed landscape print,Art,1,86.45,3.99,6.05,8.64,0.00,86.45,upright_replica,true,one row per paid order,2026-09-13,America/Indiana/Indianapolis,USD
UP-20260913-0112,2026-09-13T21:00:00+00:00,DEMO-ITEM-20260913-0112,GW-016,Shopgoodwill,DEMO-UPRIGHT-0023,Silver-tone necklace,Jewelry,1,88.56,4.99,6.19,8.85,0.00,88.56,upright_replica,true,one row per paid order,2026-09-13,America/Indiana/Indianapolis,USD
UP-20260913-0113,2026-09-13T18:00:00+00:00,DEMO-ITEM-20260913-0113,GW-017,eBay,DEMO-UPRIGHT-0024,Vintage ceramic vase,Home,1,90.67,5.99,6.34,9.06,0.00,90.67,upright_replica,true,one row per paid order,2026-09-13,America/Indiana/Indianapolis,USD
UP-20260913-0114,2026-09-13T19:00:00+00:00,DEMO-ITEM-20260913-0114,GW-018,Goodwillfinds,DEMO-UPRIGHT-0025,"Wool cardigan, size S",Apparel,1,92.78,6.99,6.49,9.27,0.00,92.78,upright_replica,true,one row per paid order,2026-09-13,America/Indiana/Indianapolis,USD
UP-20260913-0115,2026-09-13T20:00:00+00:00,DEMO-ITEM-20260913-0115,GW-019,Shopgoodwill,DEMO-UPRIGHT-0026,Framed landscape print,Art,1,94.89,7.99,6.64,9.48,0.00,94.89,upright_replica,true,one row per paid order,2026-09-13,America/Indiana/Indianapolis,USD
UP-20260913-0116,2026-09-13T21:00:00+00:00,DEMO-ITEM-20260913-0116,GW-020,eBay,DEMO-UPRIGHT-0027,Silver-tone necklace,Jewelry,1,97.00,3.99,6.79,9.70,0.00,97.00,upright_replica,true,one row per paid order,2026-09-13,America/Indiana/Indianapolis,USD
UP-20260913-0117,2026-09-13T18:00:00+00:00,DEMO-ITEM-20260913-0117,GW-021,Goodwillfinds,DEMO-UPRIGHT-0028,Vintage ceramic vase,Home,1,99.11,4.99,6.93,9.91,0.00,99.11,upright_replica,true,one row per paid order,2026-09-13,America/Indiana/Indianapolis,USD
UP-20260913-0118,2026-09-13T19:00:00+00:00,DEMO-ITEM-20260913-0118,GW-022,Shopgoodwill,DEMO-UPRIGHT-0029,"Wool cardigan, size S",Apparel,1,16.22,5.99,1.13,1.62,0.00,16.22,upright_replica,true,one row per paid order,2026-09-13,America/Indiana/Indianapolis,USD
UP-20260913-0119,2026-09-13T20:00:00+00:00,DEMO-ITEM-20260913-0119,GW-023,eBay,DEMO-UPRIGHT-0030,Framed landscape print,Art,1,18.33,6.99,1.28,1.83,0.00,18.33,upright_replica,true,one row per paid order,2026-09-13,America/Indiana/Indianapolis,USD
UP-20260913-0120,2026-09-13T21:00:00+00:00,DEMO-ITEM-20260913-0120,GW-024,Goodwillfinds,DEMO-UPRIGHT-0031,Silver-tone necklace,Jewelry,1,20.44,7.99,1.43,2.04,10.22,10.22,upright_replica,true,one row per paid order,2026-09-13,America/Indiana/Indianapolis,USD
UP-20260913-0121,2026-09-13T18:00:00+00:00,DEMO-ITEM-20260913-0121,GW-001,Shopgoodwill,DEMO-UPRIGHT-0032,Vintage ceramic vase,Home,1,22.55,3.99,1.57,2.25,0.00,22.55,upright_replica,true,one row per paid order,2026-09-13,America/Indiana/Indianapolis,USD
UP-20260913-0122,2026-09-13T19:00:00+00:00,DEMO-ITEM-20260913-0122,GW-002,eBay,DEMO-UPRIGHT-0033,"Wool cardigan, size S",Apparel,1,24.66,4.99,1.72,2.46,0.00,24.66,upright_replica,true,one row per paid order,2026-09-13,America/Indiana/Indianapolis,USD
UP-20260913-0123,2026-09-13T20:00:00+00:00,DEMO-ITEM-20260913-0123,GW-003,Goodwillfinds,DEMO-UPRIGHT-0034,Framed landscape print,Art,1,26.77,5.99,1.87,2.67,0.00,26.77,upright_replica,true,one row per paid order,2026-09-13,America/Indiana/Indianapolis,USD
UP-20260913-0124,2026-09-13T21:00:00+00:00,DEMO-ITEM-20260913-0124,GW-004,Shopgoodwill,DEMO-UPRIGHT-0035,Silver-tone necklace,Jewelry,1,28.88,6.99,2.02,2.88,0.00,28.88,upright_replica,true,one row per paid order,2026-09-13,America/Indiana/Indianapolis,USD
UP-20260913-0125,2026-09-13T18:00:00+00:00,DEMO-ITEM-20260913-0125,GW-005,eBay,DEMO-UPRIGHT-0036,Vintage ceramic vase,Home,1,30.99,7.99,2.16,3.09,0.00,30.99,upright_replica,true,one row per paid order,2026-09-13,America/Indiana/Indianapolis,USD
UP-20260913-0126,2026-09-13T19:00:00+00:00,DEMO-ITEM-20260913-0126,GW-006,Goodwillfinds,DEMO-UPRIGHT-0037,"Wool cardigan, size S",Apparel,1,33.10,3.99,2.31,3.31,0.00,33.10,upright_replica,true,one row per paid order,2026-09-13,America/Indiana/Indianapolis,USD
UP-20260913-0127,2026-09-13T20:00:00+00:00,DEMO-ITEM-20260913-0127,GW-007,Shopgoodwill,DEMO-UPRIGHT-0038,Framed landscape print,Art,1,35.21,4.99,2.46,3.52,0.00,35.21,upright_replica,true,one row per paid order,2026-09-13,America/Indiana/Indianapolis,USD
UP-20260913-0128,2026-09-13T21:00:00+00:00,DEMO-ITEM-20260913-0128,GW-008,eBay,DEMO-UPRIGHT-0039,Silver-tone necklace,Jewelry,1,37.32,5.99,2.61,3.73,0.00,37.32,upright_replica,true,one row per paid order,2026-09-13,America/Indiana/Indianapolis,USD
UP-20260914-0001,2026-09-14T18:00:00+00:00,DEMO-ITEM-20260914-0001,GW-001,Shopgoodwill,DEMO-UPRIGHT-0001,Vintage ceramic vase,Home,1,25.72,3.99,1.80,2.57,12.86,12.86,upright_replica,true,one row per paid order,2026-09-14,America/Indiana/Indianapolis,USD
UP-20260914-0002,2026-09-14T19:00:00+00:00,DEMO-ITEM-20260914-0002,GW-002,eBay,DEMO-UPRIGHT-0002,"Wool cardigan, size S",Apparel,1,27.83,4.99,1.94,2.78,0.00,27.83,upright_replica,true,one row per paid order,2026-09-14,America/Indiana/Indianapolis,USD
UP-20260914-0003,2026-09-14T20:00:00+00:00,DEMO-ITEM-20260914-0003,GW-003,Goodwillfinds,DEMO-UPRIGHT-0003,Framed landscape print,Art,1,29.94,5.99,2.09,2.99,0.00,29.94,upright_replica,true,one row per paid order,2026-09-14,America/Indiana/Indianapolis,USD
UP-20260914-0004,2026-09-14T21:00:00+00:00,DEMO-ITEM-20260914-0004,GW-004,Shopgoodwill,DEMO-UPRIGHT-0004,Silver-tone necklace,Jewelry,1,32.05,6.99,2.24,3.20,0.00,32.05,upright_replica,true,one row per paid order,2026-09-14,America/Indiana/Indianapolis,USD
UP-20260914-0005,2026-09-14T18:00:00+00:00,DEMO-ITEM-20260914-0005,GW-005,eBay,DEMO-UPRIGHT-0005,Vintage ceramic vase,Home,1,34.16,7.99,2.39,3.41,0.00,34.16,upright_replica,true,one row per paid order,2026-09-14,America/Indiana/Indianapolis,USD
UP-20260914-0006,2026-09-14T19:00:00+00:00,DEMO-ITEM-20260914-0006,GW-006,Goodwillfinds,DEMO-UPRIGHT-0006,"Wool cardigan, size S",Apparel,1,36.27,3.99,2.53,3.62,0.00,36.27,upright_replica,true,one row per paid order,2026-09-14,America/Indiana/Indianapolis,USD
UP-20260914-0007,2026-09-14T20:00:00+00:00,DEMO-ITEM-20260914-0007,GW-007,Shopgoodwill,DEMO-UPRIGHT-0007,Framed landscape print,Art,1,38.38,4.99,2.68,3.83,0.00,38.38,upright_replica,true,one row per paid order,2026-09-14,America/Indiana/Indianapolis,USD
UP-20260914-0008,2026-09-14T21:00:00+00:00,DEMO-ITEM-20260914-0008,GW-008,eBay,DEMO-UPRIGHT-0008,Silver-tone necklace,Jewelry,1,40.49,5.99,2.83,4.04,0.00,40.49,upright_replica,true,one row per paid order,2026-09-14,America/Indiana/Indianapolis,USD
UP-20260914-0009,2026-09-14T18:00:00+00:00,DEMO-ITEM-20260914-0009,GW-009,Goodwillfinds,DEMO-UPRIGHT-0009,Vintage ceramic vase,Home,1,42.60,6.99,2.98,4.26,0.00,42.60,upright_replica,true,one row per paid order,2026-09-14,America/Indiana/Indianapolis,USD
UP-20260914-0010,2026-09-14T19:00:00+00:00,DEMO-ITEM-20260914-0010,GW-010,Shopgoodwill,DEMO-UPRIGHT-0010,"Wool cardigan, size S",Apparel,1,44.71,7.99,3.12,4.47,0.00,44.71,upright_replica,true,one row per paid order,2026-09-14,America/Indiana/Indianapolis,USD
UP-20260914-0011,2026-09-14T20:00:00+00:00,DEMO-ITEM-20260914-0011,GW-011,eBay,DEMO-UPRIGHT-0011,Framed landscape print,Art,1,46.82,3.99,3.27,4.68,0.00,46.82,upright_replica,true,one row per paid order,2026-09-14,America/Indiana/Indianapolis,USD
UP-20260914-0012,2026-09-14T21:00:00+00:00,DEMO-ITEM-20260914-0012,GW-012,Goodwillfinds,DEMO-UPRIGHT-0012,Silver-tone necklace,Jewelry,1,48.93,4.99,3.42,4.89,0.00,48.93,upright_replica,true,one row per paid order,2026-09-14,America/Indiana/Indianapolis,USD
UP-20260914-0013,2026-09-14T18:00:00+00:00,DEMO-ITEM-20260914-0013,GW-013,Shopgoodwill,DEMO-UPRIGHT-0013,Vintage ceramic vase,Home,1,51.04,5.99,3.57,5.10,0.00,51.04,upright_replica,true,one row per paid order,2026-09-14,America/Indiana/Indianapolis,USD
UP-20260914-0014,2026-09-14T19:00:00+00:00,DEMO-ITEM-20260914-0014,GW-014,eBay,DEMO-UPRIGHT-0014,"Wool cardigan, size S",Apparel,1,53.15,6.99,3.72,5.31,0.00,53.15,upright_replica,true,one row per paid order,2026-09-14,America/Indiana/Indianapolis,USD
UP-20260914-0015,2026-09-14T20:00:00+00:00,DEMO-ITEM-20260914-0015,GW-015,Goodwillfinds,DEMO-UPRIGHT-0015,Framed landscape print,Art,1,55.26,7.99,3.86,5.52,0.00,55.26,upright_replica,true,one row per paid order,2026-09-14,America/Indiana/Indianapolis,USD
UP-20260914-0016,2026-09-14T21:00:00+00:00,DEMO-ITEM-20260914-0016,GW-016,Shopgoodwill,DEMO-UPRIGHT-0016,Silver-tone necklace,Jewelry,1,57.37,3.99,4.01,5.73,0.00,57.37,upright_replica,true,one row per paid order,2026-09-14,America/Indiana/Indianapolis,USD
UP-20260914-0017,2026-09-14T18:00:00+00:00,DEMO-ITEM-20260914-0017,GW-017,eBay,DEMO-UPRIGHT-0017,Vintage ceramic vase,Home,1,59.48,4.99,4.16,5.94,0.00,59.48,upright_replica,true,one row per paid order,2026-09-14,America/Indiana/Indianapolis,USD
UP-20260914-0018,2026-09-14T19:00:00+00:00,DEMO-ITEM-20260914-0018,GW-018,Goodwillfinds,DEMO-UPRIGHT-0018,"Wool cardigan, size S",Apparel,1,61.59,5.99,4.31,6.15,30.79,30.80,upright_replica,true,one row per paid order,2026-09-14,America/Indiana/Indianapolis,USD
UP-20260914-0019,2026-09-14T20:00:00+00:00,DEMO-ITEM-20260914-0019,GW-019,Shopgoodwill,DEMO-UPRIGHT-0019,Framed landscape print,Art,1,63.70,6.99,4.45,6.37,0.00,63.70,upright_replica,true,one row per paid order,2026-09-14,America/Indiana/Indianapolis,USD
UP-20260914-0020,2026-09-14T21:00:00+00:00,DEMO-ITEM-20260914-0020,GW-020,eBay,DEMO-UPRIGHT-0020,Silver-tone necklace,Jewelry,1,65.81,7.99,4.60,6.58,0.00,65.81,upright_replica,true,one row per paid order,2026-09-14,America/Indiana/Indianapolis,USD
UP-20260914-0021,2026-09-14T18:00:00+00:00,DEMO-ITEM-20260914-0021,GW-021,Goodwillfinds,DEMO-UPRIGHT-0021,Vintage ceramic vase,Home,1,67.92,3.99,4.75,6.79,0.00,67.92,upright_replica,true,one row per paid order,2026-09-14,America/Indiana/Indianapolis,USD
UP-20260914-0022,2026-09-14T19:00:00+00:00,DEMO-ITEM-20260914-0022,GW-022,Shopgoodwill,DEMO-UPRIGHT-0022,"Wool cardigan, size S",Apparel,1,70.03,4.99,4.90,7.00,0.00,70.03,upright_replica,true,one row per paid order,2026-09-14,America/Indiana/Indianapolis,USD
UP-20260914-0023,2026-09-14T20:00:00+00:00,DEMO-ITEM-20260914-0023,GW-023,eBay,DEMO-UPRIGHT-0023,Framed landscape print,Art,1,72.14,5.99,5.04,7.21,0.00,72.14,upright_replica,true,one row per paid order,2026-09-14,America/Indiana/Indianapolis,USD
UP-20260914-0024,2026-09-14T21:00:00+00:00,DEMO-ITEM-20260914-0024,GW-024,Goodwillfinds,DEMO-UPRIGHT-0024,Silver-tone necklace,Jewelry,1,74.25,6.99,5.19,7.42,0.00,74.25,upright_replica,true,one row per paid order,2026-09-14,America/Indiana/Indianapolis,USD
UP-20260914-0025,2026-09-14T18:00:00+00:00,DEMO-ITEM-20260914-0025,GW-001,Shopgoodwill,DEMO-UPRIGHT-0025,Vintage ceramic vase,Home,1,76.36,7.99,5.34,7.63,0.00,76.36,upright_replica,true,one row per paid order,2026-09-14,America/Indiana/Indianapolis,USD
UP-20260914-0026,2026-09-14T19:00:00+00:00,DEMO-ITEM-20260914-0026,GW-002,eBay,DEMO-UPRIGHT-0026,"Wool cardigan, size S",Apparel,1,78.47,3.99,5.49,7.84,0.00,78.47,upright_replica,true,one row per paid order,2026-09-14,America/Indiana/Indianapolis,USD
UP-20260914-0027,2026-09-14T20:00:00+00:00,DEMO-ITEM-20260914-0027,GW-003,Goodwillfinds,DEMO-UPRIGHT-0027,Framed landscape print,Art,1,80.58,4.99,5.64,8.05,0.00,80.58,upright_replica,true,one row per paid order,2026-09-14,America/Indiana/Indianapolis,USD
UP-20260914-0028,2026-09-14T21:00:00+00:00,DEMO-ITEM-20260914-0028,GW-004,Shopgoodwill,DEMO-UPRIGHT-0028,Silver-tone necklace,Jewelry,1,82.69,5.99,5.78,8.26,0.00,82.69,upright_replica,true,one row per paid order,2026-09-14,America/Indiana/Indianapolis,USD
UP-20260914-0029,2026-09-14T18:00:00+00:00,DEMO-ITEM-20260914-0029,GW-005,eBay,DEMO-UPRIGHT-0029,Vintage ceramic vase,Home,1,84.80,6.99,5.93,8.48,0.00,84.80,upright_replica,true,one row per paid order,2026-09-14,America/Indiana/Indianapolis,USD
UP-20260914-0030,2026-09-14T19:00:00+00:00,DEMO-ITEM-20260914-0030,GW-006,Goodwillfinds,DEMO-UPRIGHT-0030,"Wool cardigan, size S",Apparel,1,86.91,7.99,6.08,8.69,0.00,86.91,upright_replica,true,one row per paid order,2026-09-14,America/Indiana/Indianapolis,USD
UP-20260914-0031,2026-09-14T20:00:00+00:00,DEMO-ITEM-20260914-0031,GW-007,Shopgoodwill,DEMO-UPRIGHT-0031,Framed landscape print,Art,1,89.02,3.99,6.23,8.90,0.00,89.02,upright_replica,true,one row per paid order,2026-09-14,America/Indiana/Indianapolis,USD
UP-20260914-0032,2026-09-14T21:00:00+00:00,DEMO-ITEM-20260914-0032,GW-008,eBay,DEMO-UPRIGHT-0032,Silver-tone necklace,Jewelry,1,91.13,4.99,6.37,9.11,0.00,91.13,upright_replica,true,one row per paid order,2026-09-14,America/Indiana/Indianapolis,USD
UP-20260914-0033,2026-09-14T18:00:00+00:00,DEMO-ITEM-20260914-0033,GW-009,Goodwillfinds,DEMO-UPRIGHT-0033,Vintage ceramic vase,Home,1,93.24,5.99,6.52,9.32,0.00,93.24,upright_replica,true,one row per paid order,2026-09-14,America/Indiana/Indianapolis,USD
UP-20260914-0034,2026-09-14T19:00:00+00:00,DEMO-ITEM-20260914-0034,GW-010,Shopgoodwill,DEMO-UPRIGHT-0034,"Wool cardigan, size S",Apparel,1,95.35,6.99,6.67,9.53,0.00,95.35,upright_replica,true,one row per paid order,2026-09-14,America/Indiana/Indianapolis,USD
UP-20260914-0035,2026-09-14T20:00:00+00:00,DEMO-ITEM-20260914-0035,GW-011,eBay,DEMO-UPRIGHT-0035,Framed landscape print,Art,1,97.46,7.99,6.82,9.74,48.73,48.73,upright_replica,true,one row per paid order,2026-09-14,America/Indiana/Indianapolis,USD
UP-20260914-0036,2026-09-14T21:00:00+00:00,DEMO-ITEM-20260914-0036,GW-012,Goodwillfinds,DEMO-UPRIGHT-0036,Silver-tone necklace,Jewelry,1,99.57,3.99,6.96,9.95,0.00,99.57,upright_replica,true,one row per paid order,2026-09-14,America/Indiana/Indianapolis,USD
UP-20260914-0037,2026-09-14T18:00:00+00:00,DEMO-ITEM-20260914-0037,GW-013,Shopgoodwill,DEMO-UPRIGHT-0037,Vintage ceramic vase,Home,1,16.68,4.99,1.16,1.66,0.00,16.68,upright_replica,true,one row per paid order,2026-09-14,America/Indiana/Indianapolis,USD
UP-20260914-0038,2026-09-14T19:00:00+00:00,DEMO-ITEM-20260914-0038,GW-014,eBay,DEMO-UPRIGHT-0038,"Wool cardigan, size S",Apparel,1,18.79,5.99,1.31,1.87,0.00,18.79,upright_replica,true,one row per paid order,2026-09-14,America/Indiana/Indianapolis,USD
UP-20260914-0039,2026-09-14T20:00:00+00:00,DEMO-ITEM-20260914-0039,GW-015,Goodwillfinds,DEMO-UPRIGHT-0039,Framed landscape print,Art,1,20.90,6.99,1.46,2.09,0.00,20.90,upright_replica,true,one row per paid order,2026-09-14,America/Indiana/Indianapolis,USD
UP-20260914-0040,2026-09-14T21:00:00+00:00,DEMO-ITEM-20260914-0040,GW-016,Shopgoodwill,DEMO-UPRIGHT-0040,Silver-tone necklace,Jewelry,1,23.01,7.99,1.61,2.30,0.00,23.01,upright_replica,true,one row per paid order,2026-09-14,America/Indiana/Indianapolis,USD
UP-20260914-0041,2026-09-14T18:00:00+00:00,DEMO-ITEM-20260914-0041,GW-017,eBay,DEMO-UPRIGHT-0041,Vintage ceramic vase,Home,1,25.12,3.99,1.75,2.51,0.00,25.12,upright_replica,true,one row per paid order,2026-09-14,America/Indiana/Indianapolis,USD
UP-20260914-0042,2026-09-14T19:00:00+00:00,DEMO-ITEM-20260914-0042,GW-018,Goodwillfinds,DEMO-UPRIGHT-0042,"Wool cardigan, size S",Apparel,1,27.23,4.99,1.90,2.72,0.00,27.23,upright_replica,true,one row per paid order,2026-09-14,America/Indiana/Indianapolis,USD
UP-20260914-0043,2026-09-14T20:00:00+00:00,DEMO-ITEM-20260914-0043,GW-019,Shopgoodwill,DEMO-UPRIGHT-0043,Framed landscape print,Art,1,29.34,5.99,2.05,2.93,0.00,29.34,upright_replica,true,one row per paid order,2026-09-14,America/Indiana/Indianapolis,USD
UP-20260914-0044,2026-09-14T21:00:00+00:00,DEMO-ITEM-20260914-0044,GW-020,eBay,DEMO-UPRIGHT-0044,Silver-tone necklace,Jewelry,1,31.45,6.99,2.20,3.14,0.00,31.45,upright_replica,true,one row per paid order,2026-09-14,America/Indiana/Indianapolis,USD
UP-20260914-0045,2026-09-14T18:00:00+00:00,DEMO-ITEM-20260914-0045,GW-021,Goodwillfinds,DEMO-UPRIGHT-0045,Vintage ceramic vase,Home,1,33.56,7.99,2.34,3.35,0.00,33.56,upright_replica,true,one row per paid order,2026-09-14,America/Indiana/Indianapolis,USD
UP-20260914-0046,2026-09-14T19:00:00+00:00,DEMO-ITEM-20260914-0046,GW-022,Shopgoodwill,DEMO-UPRIGHT-0046,"Wool cardigan, size S",Apparel,1,35.67,3.99,2.49,3.56,0.00,35.67,upright_replica,true,one row per paid order,2026-09-14,America/Indiana/Indianapolis,USD
UP-20260914-0047,2026-09-14T20:00:00+00:00,DEMO-ITEM-20260914-0047,GW-023,eBay,DEMO-UPRIGHT-0047,Framed landscape print,Art,1,37.78,4.99,2.64,3.77,0.00,37.78,upright_replica,true,one row per paid order,2026-09-14,America/Indiana/Indianapolis,USD
UP-20260914-0048,2026-09-14T21:00:00+00:00,DEMO-ITEM-20260914-0048,GW-024,Goodwillfinds,DEMO-UPRIGHT-0048,Silver-tone necklace,Jewelry,1,39.89,5.99,2.79,3.98,0.00,39.89,upright_replica,true,one row per paid order,2026-09-14,America/Indiana/Indianapolis,USD
UP-20260914-0049,2026-09-14T18:00:00+00:00,DEMO-ITEM-20260914-0049,GW-001,Shopgoodwill,DEMO-UPRIGHT-0049,Vintage ceramic vase,Home,1,42.00,6.99,2.94,4.20,0.00,42.00,upright_replica,true,one row per paid order,2026-09-14,America/Indiana/Indianapolis,USD
UP-20260914-0050,2026-09-14T19:00:00+00:00,DEMO-ITEM-20260914-0050,GW-002,eBay,DEMO-UPRIGHT-0050,"Wool cardigan, size S",Apparel,1,44.11,7.99,3.08,4.41,0.00,44.11,upright_replica,true,one row per paid order,2026-09-14,America/Indiana/Indianapolis,USD
UP-20260914-0051,2026-09-14T20:00:00+00:00,DEMO-ITEM-20260914-0051,GW-003,Goodwillfinds,DEMO-UPRIGHT-0051,Framed landscape print,Art,1,46.22,3.99,3.23,4.62,0.00,46.22,upright_replica,true,one row per paid order,2026-09-14,America/Indiana/Indianapolis,USD
UP-20260914-0052,2026-09-14T21:00:00+00:00,DEMO-ITEM-20260914-0052,GW-004,Shopgoodwill,DEMO-UPRIGHT-0052,Silver-tone necklace,Jewelry,1,48.33,4.99,3.38,4.83,24.16,24.17,upright_replica,true,one row per paid order,2026-09-14,America/Indiana/Indianapolis,USD
UP-20260914-0053,2026-09-14T18:00:00+00:00,DEMO-ITEM-20260914-0053,GW-005,eBay,DEMO-UPRIGHT-0053,Vintage ceramic vase,Home,1,50.44,5.99,3.53,5.04,0.00,50.44,upright_replica,true,one row per paid order,2026-09-14,America/Indiana/Indianapolis,USD
UP-20260914-0054,2026-09-14T19:00:00+00:00,DEMO-ITEM-20260914-0054,GW-006,Goodwillfinds,DEMO-UPRIGHT-0054,"Wool cardigan, size S",Apparel,1,52.55,6.99,3.67,5.25,0.00,52.55,upright_replica,true,one row per paid order,2026-09-14,America/Indiana/Indianapolis,USD
UP-20260914-0055,2026-09-14T20:00:00+00:00,DEMO-ITEM-20260914-0055,GW-007,Shopgoodwill,DEMO-UPRIGHT-0055,Framed landscape print,Art,1,54.66,7.99,3.82,5.46,0.00,54.66,upright_replica,true,one row per paid order,2026-09-14,America/Indiana/Indianapolis,USD
UP-20260914-0056,2026-09-14T21:00:00+00:00,DEMO-ITEM-20260914-0056,GW-008,eBay,DEMO-UPRIGHT-0056,Silver-tone necklace,Jewelry,1,56.77,3.99,3.97,5.67,0.00,56.77,upright_replica,true,one row per paid order,2026-09-14,America/Indiana/Indianapolis,USD
UP-20260914-0057,2026-09-14T18:00:00+00:00,DEMO-ITEM-20260914-0057,GW-009,Goodwillfinds,DEMO-UPRIGHT-0057,Vintage ceramic vase,Home,1,58.88,4.99,4.12,5.88,0.00,58.88,upright_replica,true,one row per paid order,2026-09-14,America/Indiana/Indianapolis,USD
UP-20260914-0058,2026-09-14T19:00:00+00:00,DEMO-ITEM-20260914-0058,GW-010,Shopgoodwill,DEMO-UPRIGHT-0058,"Wool cardigan, size S",Apparel,1,60.99,5.99,4.26,6.09,0.00,60.99,upright_replica,true,one row per paid order,2026-09-14,America/Indiana/Indianapolis,USD
UP-20260914-0059,2026-09-14T20:00:00+00:00,DEMO-ITEM-20260914-0059,GW-011,eBay,DEMO-UPRIGHT-0059,Framed landscape print,Art,1,63.10,6.99,4.41,6.31,0.00,63.10,upright_replica,true,one row per paid order,2026-09-14,America/Indiana/Indianapolis,USD
UP-20260914-0060,2026-09-14T21:00:00+00:00,DEMO-ITEM-20260914-0060,GW-012,Goodwillfinds,DEMO-UPRIGHT-0060,Silver-tone necklace,Jewelry,1,65.21,7.99,4.56,6.52,0.00,65.21,upright_replica,true,one row per paid order,2026-09-14,America/Indiana/Indianapolis,USD
UP-20260914-0061,2026-09-14T18:00:00+00:00,DEMO-ITEM-20260914-0061,GW-013,Shopgoodwill,DEMO-UPRIGHT-0061,Vintage ceramic vase,Home,1,67.32,3.99,4.71,6.73,0.00,67.32,upright_replica,true,one row per paid order,2026-09-14,America/Indiana/Indianapolis,USD
UP-20260914-0062,2026-09-14T19:00:00+00:00,DEMO-ITEM-20260914-0062,GW-014,eBay,DEMO-UPRIGHT-0062,"Wool cardigan, size S",Apparel,1,69.43,4.99,4.86,6.94,0.00,69.43,upright_replica,true,one row per paid order,2026-09-14,America/Indiana/Indianapolis,USD
UP-20260914-0063,2026-09-14T20:00:00+00:00,DEMO-ITEM-20260914-0063,GW-015,Goodwillfinds,DEMO-UPRIGHT-0063,Framed landscape print,Art,1,71.54,5.99,5.00,7.15,0.00,71.54,upright_replica,true,one row per paid order,2026-09-14,America/Indiana/Indianapolis,USD
UP-20260914-0064,2026-09-14T21:00:00+00:00,DEMO-ITEM-20260914-0064,GW-016,Shopgoodwill,DEMO-UPRIGHT-0064,Silver-tone necklace,Jewelry,1,73.65,6.99,5.15,7.36,0.00,73.65,upright_replica,true,one row per paid order,2026-09-14,America/Indiana/Indianapolis,USD
UP-20260914-0065,2026-09-14T18:00:00+00:00,DEMO-ITEM-20260914-0065,GW-017,eBay,DEMO-UPRIGHT-0065,Vintage ceramic vase,Home,1,75.76,7.99,5.30,7.57,0.00,75.76,upright_replica,true,one row per paid order,2026-09-14,America/Indiana/Indianapolis,USD
UP-20260914-0066,2026-09-14T19:00:00+00:00,DEMO-ITEM-20260914-0066,GW-018,Goodwillfinds,DEMO-UPRIGHT-0066,"Wool cardigan, size S",Apparel,1,77.87,3.99,5.45,7.78,0.00,77.87,upright_replica,true,one row per paid order,2026-09-14,America/Indiana/Indianapolis,USD
UP-20260914-0067,2026-09-14T20:00:00+00:00,DEMO-ITEM-20260914-0067,GW-019,Shopgoodwill,DEMO-UPRIGHT-0067,Framed landscape print,Art,1,79.98,4.99,5.59,7.99,0.00,79.98,upright_replica,true,one row per paid order,2026-09-14,America/Indiana/Indianapolis,USD
UP-20260914-0068,2026-09-14T21:00:00+00:00,DEMO-ITEM-20260914-0068,GW-020,eBay,DEMO-UPRIGHT-0068,Silver-tone necklace,Jewelry,1,82.09,5.99,5.74,8.20,0.00,82.09,upright_replica,true,one row per paid order,2026-09-14,America/Indiana/Indianapolis,USD
UP-20260914-0069,2026-09-14T18:00:00+00:00,DEMO-ITEM-20260914-0069,GW-021,Goodwillfinds,DEMO-UPRIGHT-0069,Vintage ceramic vase,Home,1,84.20,6.99,5.89,8.42,42.10,42.10,upright_replica,true,one row per paid order,2026-09-14,America/Indiana/Indianapolis,USD
UP-20260914-0070,2026-09-14T19:00:00+00:00,DEMO-ITEM-20260914-0070,GW-022,Shopgoodwill,DEMO-UPRIGHT-0070,"Wool cardigan, size S",Apparel,1,86.31,7.99,6.04,8.63,0.00,86.31,upright_replica,true,one row per paid order,2026-09-14,America/Indiana/Indianapolis,USD
UP-20260914-0071,2026-09-14T20:00:00+00:00,DEMO-ITEM-20260914-0071,GW-023,eBay,DEMO-UPRIGHT-0071,Framed landscape print,Art,1,88.42,3.99,6.18,8.84,0.00,88.42,upright_replica,true,one row per paid order,2026-09-14,America/Indiana/Indianapolis,USD
UP-20260914-0072,2026-09-14T21:00:00+00:00,DEMO-ITEM-20260914-0072,GW-024,Goodwillfinds,DEMO-UPRIGHT-0072,Silver-tone necklace,Jewelry,1,90.53,4.99,6.33,9.05,0.00,90.53,upright_replica,true,one row per paid order,2026-09-14,America/Indiana/Indianapolis,USD
UP-20260914-0073,2026-09-14T18:00:00+00:00,DEMO-ITEM-20260914-0073,GW-001,Shopgoodwill,DEMO-UPRIGHT-0073,Vintage ceramic vase,Home,1,92.64,5.99,6.48,9.26,0.00,92.64,upright_replica,true,one row per paid order,2026-09-14,America/Indiana/Indianapolis,USD
UP-20260914-0074,2026-09-14T19:00:00+00:00,DEMO-ITEM-20260914-0074,GW-002,eBay,DEMO-UPRIGHT-0074,"Wool cardigan, size S",Apparel,1,94.75,6.99,6.63,9.47,0.00,94.75,upright_replica,true,one row per paid order,2026-09-14,America/Indiana/Indianapolis,USD
UP-20260914-0075,2026-09-14T20:00:00+00:00,DEMO-ITEM-20260914-0075,GW-003,Goodwillfinds,DEMO-UPRIGHT-0075,Framed landscape print,Art,1,96.86,7.99,6.78,9.68,0.00,96.86,upright_replica,true,one row per paid order,2026-09-14,America/Indiana/Indianapolis,USD
UP-20260914-0076,2026-09-14T21:00:00+00:00,DEMO-ITEM-20260914-0076,GW-004,Shopgoodwill,DEMO-UPRIGHT-0076,Silver-tone necklace,Jewelry,1,98.97,3.99,6.92,9.89,0.00,98.97,upright_replica,true,one row per paid order,2026-09-14,America/Indiana/Indianapolis,USD
UP-20260914-0077,2026-09-14T18:00:00+00:00,DEMO-ITEM-20260914-0077,GW-005,eBay,DEMO-UPRIGHT-0077,Vintage ceramic vase,Home,1,16.08,4.99,1.12,1.60,0.00,16.08,upright_replica,true,one row per paid order,2026-09-14,America/Indiana/Indianapolis,USD
UP-20260914-0078,2026-09-14T19:00:00+00:00,DEMO-ITEM-20260914-0078,GW-006,Goodwillfinds,DEMO-UPRIGHT-0078,"Wool cardigan, size S",Apparel,1,18.19,5.99,1.27,1.81,0.00,18.19,upright_replica,true,one row per paid order,2026-09-14,America/Indiana/Indianapolis,USD
UP-20260914-0079,2026-09-14T20:00:00+00:00,DEMO-ITEM-20260914-0079,GW-007,Shopgoodwill,DEMO-UPRIGHT-0079,Framed landscape print,Art,1,20.30,6.99,1.42,2.03,0.00,20.30,upright_replica,true,one row per paid order,2026-09-14,America/Indiana/Indianapolis,USD
UP-20260914-0080,2026-09-14T21:00:00+00:00,DEMO-ITEM-20260914-0080,GW-008,eBay,DEMO-UPRIGHT-0080,Silver-tone necklace,Jewelry,1,22.41,7.99,1.56,2.24,0.00,22.41,upright_replica,true,one row per paid order,2026-09-14,America/Indiana/Indianapolis,USD
UP-20260914-0081,2026-09-14T18:00:00+00:00,DEMO-ITEM-20260914-0081,GW-009,Goodwillfinds,DEMO-UPRIGHT-0081,Vintage ceramic vase,Home,1,24.52,3.99,1.71,2.45,0.00,24.52,upright_replica,true,one row per paid order,2026-09-14,America/Indiana/Indianapolis,USD
UP-20260914-0082,2026-09-14T19:00:00+00:00,DEMO-ITEM-20260914-0082,GW-010,Shopgoodwill,DEMO-UPRIGHT-0082,"Wool cardigan, size S",Apparel,1,26.63,4.99,1.86,2.66,0.00,26.63,upright_replica,true,one row per paid order,2026-09-14,America/Indiana/Indianapolis,USD
UP-20260914-0083,2026-09-14T20:00:00+00:00,DEMO-ITEM-20260914-0083,GW-011,eBay,DEMO-UPRIGHT-0083,Framed landscape print,Art,1,28.74,5.99,2.01,2.87,0.00,28.74,upright_replica,true,one row per paid order,2026-09-14,America/Indiana/Indianapolis,USD
UP-20260914-0084,2026-09-14T21:00:00+00:00,DEMO-ITEM-20260914-0084,GW-012,Goodwillfinds,DEMO-UPRIGHT-0084,Silver-tone necklace,Jewelry,1,30.85,6.99,2.15,3.08,0.00,30.85,upright_replica,true,one row per paid order,2026-09-14,America/Indiana/Indianapolis,USD
UP-20260914-0085,2026-09-14T18:00:00+00:00,DEMO-ITEM-20260914-0085,GW-013,Shopgoodwill,DEMO-UPRIGHT-0085,Vintage ceramic vase,Home,1,32.96,7.99,2.30,3.29,0.00,32.96,upright_replica,true,one row per paid order,2026-09-14,America/Indiana/Indianapolis,USD
UP-20260914-0086,2026-09-14T19:00:00+00:00,DEMO-ITEM-20260914-0086,GW-014,eBay,DEMO-UPRIGHT-0086,"Wool cardigan, size S",Apparel,1,35.07,3.99,2.45,3.50,17.53,17.54,upright_replica,true,one row per paid order,2026-09-14,America/Indiana/Indianapolis,USD
UP-20260914-0087,2026-09-14T20:00:00+00:00,DEMO-ITEM-20260914-0087,GW-015,Goodwillfinds,DEMO-UPRIGHT-0087,Framed landscape print,Art,1,37.18,4.99,2.60,3.71,0.00,37.18,upright_replica,true,one row per paid order,2026-09-14,America/Indiana/Indianapolis,USD
UP-20260914-0088,2026-09-14T21:00:00+00:00,DEMO-ITEM-20260914-0088,GW-016,Shopgoodwill,DEMO-UPRIGHT-0088,Silver-tone necklace,Jewelry,1,39.29,5.99,2.75,3.92,0.00,39.29,upright_replica,true,one row per paid order,2026-09-14,America/Indiana/Indianapolis,USD
UP-20260914-0089,2026-09-14T18:00:00+00:00,DEMO-ITEM-20260914-0089,GW-017,eBay,DEMO-UPRIGHT-0089,Vintage ceramic vase,Home,1,41.40,6.99,2.89,4.14,0.00,41.40,upright_replica,true,one row per paid order,2026-09-14,America/Indiana/Indianapolis,USD
UP-20260914-0090,2026-09-14T19:00:00+00:00,DEMO-ITEM-20260914-0090,GW-018,Goodwillfinds,DEMO-UPRIGHT-0001,"Wool cardigan, size S",Apparel,1,43.51,7.99,3.04,4.35,0.00,43.51,upright_replica,true,one row per paid order,2026-09-14,America/Indiana/Indianapolis,USD
UP-20260914-0091,2026-09-14T20:00:00+00:00,DEMO-ITEM-20260914-0091,GW-019,Shopgoodwill,DEMO-UPRIGHT-0002,Framed landscape print,Art,1,45.62,3.99,3.19,4.56,0.00,45.62,upright_replica,true,one row per paid order,2026-09-14,America/Indiana/Indianapolis,USD
UP-20260914-0092,2026-09-14T21:00:00+00:00,DEMO-ITEM-20260914-0092,GW-020,eBay,DEMO-UPRIGHT-0003,Silver-tone necklace,Jewelry,1,47.73,4.99,3.34,4.77,0.00,47.73,upright_replica,true,one row per paid order,2026-09-14,America/Indiana/Indianapolis,USD
UP-20260914-0093,2026-09-14T18:00:00+00:00,DEMO-ITEM-20260914-0093,GW-021,Goodwillfinds,DEMO-UPRIGHT-0004,Vintage ceramic vase,Home,1,49.84,5.99,3.48,4.98,0.00,49.84,upright_replica,true,one row per paid order,2026-09-14,America/Indiana/Indianapolis,USD
UP-20260914-0094,2026-09-14T19:00:00+00:00,DEMO-ITEM-20260914-0094,GW-022,Shopgoodwill,DEMO-UPRIGHT-0005,"Wool cardigan, size S",Apparel,1,51.95,6.99,3.63,5.19,0.00,51.95,upright_replica,true,one row per paid order,2026-09-14,America/Indiana/Indianapolis,USD
UP-20260914-0095,2026-09-14T20:00:00+00:00,DEMO-ITEM-20260914-0095,GW-023,eBay,DEMO-UPRIGHT-0006,Framed landscape print,Art,1,54.06,7.99,3.78,5.40,0.00,54.06,upright_replica,true,one row per paid order,2026-09-14,America/Indiana/Indianapolis,USD
UP-20260914-0096,2026-09-14T21:00:00+00:00,DEMO-ITEM-20260914-0096,GW-024,Goodwillfinds,DEMO-UPRIGHT-0007,Silver-tone necklace,Jewelry,1,56.17,3.99,3.93,5.61,0.00,56.17,upright_replica,true,one row per paid order,2026-09-14,America/Indiana/Indianapolis,USD
UP-20260914-0097,2026-09-14T18:00:00+00:00,DEMO-ITEM-20260914-0097,GW-001,Shopgoodwill,DEMO-UPRIGHT-0008,Vintage ceramic vase,Home,1,58.28,4.99,4.07,5.82,0.00,58.28,upright_replica,true,one row per paid order,2026-09-14,America/Indiana/Indianapolis,USD
UP-20260914-0098,2026-09-14T19:00:00+00:00,DEMO-ITEM-20260914-0098,GW-002,eBay,DEMO-UPRIGHT-0009,"Wool cardigan, size S",Apparel,1,60.39,5.99,4.22,6.03,0.00,60.39,upright_replica,true,one row per paid order,2026-09-14,America/Indiana/Indianapolis,USD
UP-20260914-0099,2026-09-14T20:00:00+00:00,DEMO-ITEM-20260914-0099,GW-003,Goodwillfinds,DEMO-UPRIGHT-0010,Framed landscape print,Art,1,62.50,6.99,4.37,6.25,0.00,62.50,upright_replica,true,one row per paid order,2026-09-14,America/Indiana/Indianapolis,USD
UP-20260914-0100,2026-09-14T21:00:00+00:00,DEMO-ITEM-20260914-0100,GW-004,Shopgoodwill,DEMO-UPRIGHT-0011,Silver-tone necklace,Jewelry,1,64.61,7.99,4.52,6.46,0.00,64.61,upright_replica,true,one row per paid order,2026-09-14,America/Indiana/Indianapolis,USD
UP-20260914-0101,2026-09-14T18:00:00+00:00,DEMO-ITEM-20260914-0101,GW-005,eBay,DEMO-UPRIGHT-0012,Vintage ceramic vase,Home,1,66.72,3.99,4.67,6.67,0.00,66.72,upright_replica,true,one row per paid order,2026-09-14,America/Indiana/Indianapolis,USD
UP-20260914-0102,2026-09-14T19:00:00+00:00,DEMO-ITEM-20260914-0102,GW-006,Goodwillfinds,DEMO-UPRIGHT-0013,"Wool cardigan, size S",Apparel,1,68.83,4.99,4.81,6.88,0.00,68.83,upright_replica,true,one row per paid order,2026-09-14,America/Indiana/Indianapolis,USD
UP-20260914-0103,2026-09-14T20:00:00+00:00,DEMO-ITEM-20260914-0103,GW-007,Shopgoodwill,DEMO-UPRIGHT-0014,Framed landscape print,Art,1,70.94,5.99,4.96,7.09,35.47,35.47,upright_replica,true,one row per paid order,2026-09-14,America/Indiana/Indianapolis,USD
UP-20260914-0104,2026-09-14T21:00:00+00:00,DEMO-ITEM-20260914-0104,GW-008,eBay,DEMO-UPRIGHT-0015,Silver-tone necklace,Jewelry,1,73.05,6.99,5.11,7.30,0.00,73.05,upright_replica,true,one row per paid order,2026-09-14,America/Indiana/Indianapolis,USD
UP-20260914-0105,2026-09-14T18:00:00+00:00,DEMO-ITEM-20260914-0105,GW-009,Goodwillfinds,DEMO-UPRIGHT-0016,Vintage ceramic vase,Home,1,75.16,7.99,5.26,7.51,0.00,75.16,upright_replica,true,one row per paid order,2026-09-14,America/Indiana/Indianapolis,USD
UP-20260914-0106,2026-09-14T19:00:00+00:00,DEMO-ITEM-20260914-0106,GW-010,Shopgoodwill,DEMO-UPRIGHT-0017,"Wool cardigan, size S",Apparel,1,77.27,3.99,5.40,7.72,0.00,77.27,upright_replica,true,one row per paid order,2026-09-14,America/Indiana/Indianapolis,USD
UP-20260914-0107,2026-09-14T20:00:00+00:00,DEMO-ITEM-20260914-0107,GW-011,eBay,DEMO-UPRIGHT-0018,Framed landscape print,Art,1,79.38,4.99,5.55,7.93,0.00,79.38,upright_replica,true,one row per paid order,2026-09-14,America/Indiana/Indianapolis,USD
UP-20260914-0108,2026-09-14T21:00:00+00:00,DEMO-ITEM-20260914-0108,GW-012,Goodwillfinds,DEMO-UPRIGHT-0019,Silver-tone necklace,Jewelry,1,81.49,5.99,5.70,8.14,0.00,81.49,upright_replica,true,one row per paid order,2026-09-14,America/Indiana/Indianapolis,USD
UP-20260914-0109,2026-09-14T18:00:00+00:00,DEMO-ITEM-20260914-0109,GW-013,Shopgoodwill,DEMO-UPRIGHT-0020,Vintage ceramic vase,Home,1,83.60,6.99,5.85,8.36,0.00,83.60,upright_replica,true,one row per paid order,2026-09-14,America/Indiana/Indianapolis,USD
UP-20260914-0110,2026-09-14T19:00:00+00:00,DEMO-ITEM-20260914-0110,GW-014,eBay,DEMO-UPRIGHT-0021,"Wool cardigan, size S",Apparel,1,85.71,7.99,5.99,8.57,0.00,85.71,upright_replica,true,one row per paid order,2026-09-14,America/Indiana/Indianapolis,USD
UP-20260914-0111,2026-09-14T20:00:00+00:00,DEMO-ITEM-20260914-0111,GW-015,Goodwillfinds,DEMO-UPRIGHT-0022,Framed landscape print,Art,1,87.82,3.99,6.14,8.78,0.00,87.82,upright_replica,true,one row per paid order,2026-09-14,America/Indiana/Indianapolis,USD
UP-20260914-0112,2026-09-14T21:00:00+00:00,DEMO-ITEM-20260914-0112,GW-016,Shopgoodwill,DEMO-UPRIGHT-0023,Silver-tone necklace,Jewelry,1,89.93,4.99,6.29,8.99,0.00,89.93,upright_replica,true,one row per paid order,2026-09-14,America/Indiana/Indianapolis,USD
UP-20260914-0113,2026-09-14T18:00:00+00:00,DEMO-ITEM-20260914-0113,GW-017,eBay,DEMO-UPRIGHT-0024,Vintage ceramic vase,Home,1,92.04,5.99,6.44,9.20,0.00,92.04,upright_replica,true,one row per paid order,2026-09-14,America/Indiana/Indianapolis,USD
UP-20260914-0114,2026-09-14T19:00:00+00:00,DEMO-ITEM-20260914-0114,GW-018,Goodwillfinds,DEMO-UPRIGHT-0025,"Wool cardigan, size S",Apparel,1,94.15,6.99,6.59,9.41,0.00,94.15,upright_replica,true,one row per paid order,2026-09-14,America/Indiana/Indianapolis,USD
UP-20260914-0115,2026-09-14T20:00:00+00:00,DEMO-ITEM-20260914-0115,GW-019,Shopgoodwill,DEMO-UPRIGHT-0026,Framed landscape print,Art,1,96.26,7.99,6.73,9.62,0.00,96.26,upright_replica,true,one row per paid order,2026-09-14,America/Indiana/Indianapolis,USD
UP-20260914-0116,2026-09-14T21:00:00+00:00,DEMO-ITEM-20260914-0116,GW-020,eBay,DEMO-UPRIGHT-0027,Silver-tone necklace,Jewelry,1,98.37,3.99,6.88,9.83,0.00,98.37,upright_replica,true,one row per paid order,2026-09-14,America/Indiana/Indianapolis,USD
UP-20260914-0117,2026-09-14T18:00:00+00:00,DEMO-ITEM-20260914-0117,GW-021,Goodwillfinds,DEMO-UPRIGHT-0028,Vintage ceramic vase,Home,1,15.48,4.99,1.08,1.54,0.00,15.48,upright_replica,true,one row per paid order,2026-09-14,America/Indiana/Indianapolis,USD
UP-20260914-0118,2026-09-14T19:00:00+00:00,DEMO-ITEM-20260914-0118,GW-022,Shopgoodwill,DEMO-UPRIGHT-0029,"Wool cardigan, size S",Apparel,1,17.59,5.99,1.23,1.75,0.00,17.59,upright_replica,true,one row per paid order,2026-09-14,America/Indiana/Indianapolis,USD
UP-20260914-0119,2026-09-14T20:00:00+00:00,DEMO-ITEM-20260914-0119,GW-023,eBay,DEMO-UPRIGHT-0030,Framed landscape print,Art,1,19.70,6.99,1.37,1.97,0.00,19.70,upright_replica,true,one row per paid order,2026-09-14,America/Indiana/Indianapolis,USD
UP-20260914-0120,2026-09-14T21:00:00+00:00,DEMO-ITEM-20260914-0120,GW-024,Goodwillfinds,DEMO-UPRIGHT-0031,Silver-tone necklace,Jewelry,1,21.81,7.99,1.52,2.18,10.90,10.91,upright_replica,true,one row per paid order,2026-09-14,America/Indiana/Indianapolis,USD
UP-20260914-0121,2026-09-14T18:00:00+00:00,DEMO-ITEM-20260914-0121,GW-001,Shopgoodwill,DEMO-UPRIGHT-0032,Vintage ceramic vase,Home,1,23.92,3.99,1.67,2.39,0.00,23.92,upright_replica,true,one row per paid order,2026-09-14,America/Indiana/Indianapolis,USD
UP-20260914-0122,2026-09-14T19:00:00+00:00,DEMO-ITEM-20260914-0122,GW-002,eBay,DEMO-UPRIGHT-0033,"Wool cardigan, size S",Apparel,1,26.03,4.99,1.82,2.60,0.00,26.03,upright_replica,true,one row per paid order,2026-09-14,America/Indiana/Indianapolis,USD
UP-20260914-0123,2026-09-14T20:00:00+00:00,DEMO-ITEM-20260914-0123,GW-003,Goodwillfinds,DEMO-UPRIGHT-0034,Framed landscape print,Art,1,28.14,5.99,1.96,2.81,0.00,28.14,upright_replica,true,one row per paid order,2026-09-14,America/Indiana/Indianapolis,USD
UP-20260914-0124,2026-09-14T21:00:00+00:00,DEMO-ITEM-20260914-0124,GW-004,Shopgoodwill,DEMO-UPRIGHT-0035,Silver-tone necklace,Jewelry,1,30.25,6.99,2.11,3.02,0.00,30.25,upright_replica,true,one row per paid order,2026-09-14,America/Indiana/Indianapolis,USD
UP-20260914-0125,2026-09-14T18:00:00+00:00,DEMO-ITEM-20260914-0125,GW-005,eBay,DEMO-UPRIGHT-0036,Vintage ceramic vase,Home,1,32.36,7.99,2.26,3.23,0.00,32.36,upright_replica,true,one row per paid order,2026-09-14,America/Indiana/Indianapolis,USD
UP-20260914-0126,2026-09-14T19:00:00+00:00,DEMO-ITEM-20260914-0126,GW-006,Goodwillfinds,DEMO-UPRIGHT-0037,"Wool cardigan, size S",Apparel,1,34.47,3.99,2.41,3.44,0.00,34.47,upright_replica,true,one row per paid order,2026-09-14,America/Indiana/Indianapolis,USD
UP-20260914-0127,2026-09-14T20:00:00+00:00,DEMO-ITEM-20260914-0127,GW-007,Shopgoodwill,DEMO-UPRIGHT-0038,Framed landscape print,Art,1,36.58,4.99,2.56,3.65,0.00,36.58,upright_replica,true,one row per paid order,2026-09-14,America/Indiana/Indianapolis,USD
UP-20260914-0128,2026-09-14T21:00:00+00:00,DEMO-ITEM-20260914-0128,GW-008,eBay,DEMO-UPRIGHT-0039,Silver-tone necklace,Jewelry,1,38.69,5.99,2.70,3.86,0.00,38.69,upright_replica,true,one row per paid order,2026-09-14,America/Indiana/Indianapolis,USD
UP-20260915-0001,2026-09-15T18:00:00+00:00,DEMO-ITEM-20260915-0001,GW-001,Shopgoodwill,DEMO-UPRIGHT-0001,Vintage ceramic vase,Home,1,27.09,3.99,1.89,2.70,13.54,13.55,upright_replica,true,one row per paid order,2026-09-15,America/Indiana/Indianapolis,USD
UP-20260915-0002,2026-09-15T19:00:00+00:00,DEMO-ITEM-20260915-0002,GW-002,eBay,DEMO-UPRIGHT-0002,"Wool cardigan, size S",Apparel,1,29.20,4.99,2.04,2.92,0.00,29.20,upright_replica,true,one row per paid order,2026-09-15,America/Indiana/Indianapolis,USD
UP-20260915-0003,2026-09-15T20:00:00+00:00,DEMO-ITEM-20260915-0003,GW-003,Goodwillfinds,DEMO-UPRIGHT-0003,Framed landscape print,Art,1,31.31,5.99,2.19,3.13,0.00,31.31,upright_replica,true,one row per paid order,2026-09-15,America/Indiana/Indianapolis,USD
UP-20260915-0004,2026-09-15T21:00:00+00:00,DEMO-ITEM-20260915-0004,GW-004,Shopgoodwill,DEMO-UPRIGHT-0004,Silver-tone necklace,Jewelry,1,33.42,6.99,2.33,3.34,0.00,33.42,upright_replica,true,one row per paid order,2026-09-15,America/Indiana/Indianapolis,USD
UP-20260915-0005,2026-09-15T18:00:00+00:00,DEMO-ITEM-20260915-0005,GW-005,eBay,DEMO-UPRIGHT-0005,Vintage ceramic vase,Home,1,35.53,7.99,2.48,3.55,0.00,35.53,upright_replica,true,one row per paid order,2026-09-15,America/Indiana/Indianapolis,USD
UP-20260915-0006,2026-09-15T19:00:00+00:00,DEMO-ITEM-20260915-0006,GW-006,Goodwillfinds,DEMO-UPRIGHT-0006,"Wool cardigan, size S",Apparel,1,37.64,3.99,2.63,3.76,0.00,37.64,upright_replica,true,one row per paid order,2026-09-15,America/Indiana/Indianapolis,USD
UP-20260915-0007,2026-09-15T20:00:00+00:00,DEMO-ITEM-20260915-0007,GW-007,Shopgoodwill,DEMO-UPRIGHT-0007,Framed landscape print,Art,1,39.75,4.99,2.78,3.97,0.00,39.75,upright_replica,true,one row per paid order,2026-09-15,America/Indiana/Indianapolis,USD
UP-20260915-0008,2026-09-15T21:00:00+00:00,DEMO-ITEM-20260915-0008,GW-008,eBay,DEMO-UPRIGHT-0008,Silver-tone necklace,Jewelry,1,41.86,5.99,2.93,4.18,0.00,41.86,upright_replica,true,one row per paid order,2026-09-15,America/Indiana/Indianapolis,USD
UP-20260915-0009,2026-09-15T18:00:00+00:00,DEMO-ITEM-20260915-0009,GW-009,Goodwillfinds,DEMO-UPRIGHT-0009,Vintage ceramic vase,Home,1,43.97,6.99,3.07,4.39,0.00,43.97,upright_replica,true,one row per paid order,2026-09-15,America/Indiana/Indianapolis,USD
UP-20260915-0010,2026-09-15T19:00:00+00:00,DEMO-ITEM-20260915-0010,GW-010,Shopgoodwill,DEMO-UPRIGHT-0010,"Wool cardigan, size S",Apparel,1,46.08,7.99,3.22,4.60,0.00,46.08,upright_replica,true,one row per paid order,2026-09-15,America/Indiana/Indianapolis,USD
UP-20260915-0011,2026-09-15T20:00:00+00:00,DEMO-ITEM-20260915-0011,GW-011,eBay,DEMO-UPRIGHT-0011,Framed landscape print,Art,1,48.19,3.99,3.37,4.81,0.00,48.19,upright_replica,true,one row per paid order,2026-09-15,America/Indiana/Indianapolis,USD
UP-20260915-0012,2026-09-15T21:00:00+00:00,DEMO-ITEM-20260915-0012,GW-012,Goodwillfinds,DEMO-UPRIGHT-0012,Silver-tone necklace,Jewelry,1,50.30,4.99,3.52,5.03,0.00,50.30,upright_replica,true,one row per paid order,2026-09-15,America/Indiana/Indianapolis,USD
UP-20260915-0013,2026-09-15T18:00:00+00:00,DEMO-ITEM-20260915-0013,GW-013,Shopgoodwill,DEMO-UPRIGHT-0013,Vintage ceramic vase,Home,1,52.41,5.99,3.66,5.24,0.00,52.41,upright_replica,true,one row per paid order,2026-09-15,America/Indiana/Indianapolis,USD
UP-20260915-0014,2026-09-15T19:00:00+00:00,DEMO-ITEM-20260915-0014,GW-014,eBay,DEMO-UPRIGHT-0014,"Wool cardigan, size S",Apparel,1,54.52,6.99,3.81,5.45,0.00,54.52,upright_replica,true,one row per paid order,2026-09-15,America/Indiana/Indianapolis,USD
UP-20260915-0015,2026-09-15T20:00:00+00:00,DEMO-ITEM-20260915-0015,GW-015,Goodwillfinds,DEMO-UPRIGHT-0015,Framed landscape print,Art,1,56.63,7.99,3.96,5.66,0.00,56.63,upright_replica,true,one row per paid order,2026-09-15,America/Indiana/Indianapolis,USD
UP-20260915-0016,2026-09-15T21:00:00+00:00,DEMO-ITEM-20260915-0016,GW-016,Shopgoodwill,DEMO-UPRIGHT-0016,Silver-tone necklace,Jewelry,1,58.74,3.99,4.11,5.87,0.00,58.74,upright_replica,true,one row per paid order,2026-09-15,America/Indiana/Indianapolis,USD
UP-20260915-0017,2026-09-15T18:00:00+00:00,DEMO-ITEM-20260915-0017,GW-017,eBay,DEMO-UPRIGHT-0017,Vintage ceramic vase,Home,1,60.85,4.99,4.25,6.08,0.00,60.85,upright_replica,true,one row per paid order,2026-09-15,America/Indiana/Indianapolis,USD
UP-20260915-0018,2026-09-15T19:00:00+00:00,DEMO-ITEM-20260915-0018,GW-018,Goodwillfinds,DEMO-UPRIGHT-0018,"Wool cardigan, size S",Apparel,1,62.96,5.99,4.40,6.29,31.48,31.48,upright_replica,true,one row per paid order,2026-09-15,America/Indiana/Indianapolis,USD
UP-20260915-0019,2026-09-15T20:00:00+00:00,DEMO-ITEM-20260915-0019,GW-019,Shopgoodwill,DEMO-UPRIGHT-0019,Framed landscape print,Art,1,65.07,6.99,4.55,6.50,0.00,65.07,upright_replica,true,one row per paid order,2026-09-15,America/Indiana/Indianapolis,USD
UP-20260915-0020,2026-09-15T21:00:00+00:00,DEMO-ITEM-20260915-0020,GW-020,eBay,DEMO-UPRIGHT-0020,Silver-tone necklace,Jewelry,1,67.18,7.99,4.70,6.71,0.00,67.18,upright_replica,true,one row per paid order,2026-09-15,America/Indiana/Indianapolis,USD
UP-20260915-0021,2026-09-15T18:00:00+00:00,DEMO-ITEM-20260915-0021,GW-021,Goodwillfinds,DEMO-UPRIGHT-0021,Vintage ceramic vase,Home,1,69.29,3.99,4.85,6.92,0.00,69.29,upright_replica,true,one row per paid order,2026-09-15,America/Indiana/Indianapolis,USD
UP-20260915-0022,2026-09-15T19:00:00+00:00,DEMO-ITEM-20260915-0022,GW-022,Shopgoodwill,DEMO-UPRIGHT-0022,"Wool cardigan, size S",Apparel,1,71.40,4.99,4.99,7.14,0.00,71.40,upright_replica,true,one row per paid order,2026-09-15,America/Indiana/Indianapolis,USD
UP-20260915-0023,2026-09-15T20:00:00+00:00,DEMO-ITEM-20260915-0023,GW-023,eBay,DEMO-UPRIGHT-0023,Framed landscape print,Art,1,73.51,5.99,5.14,7.35,0.00,73.51,upright_replica,true,one row per paid order,2026-09-15,America/Indiana/Indianapolis,USD
UP-20260915-0024,2026-09-15T21:00:00+00:00,DEMO-ITEM-20260915-0024,GW-024,Goodwillfinds,DEMO-UPRIGHT-0024,Silver-tone necklace,Jewelry,1,75.62,6.99,5.29,7.56,0.00,75.62,upright_replica,true,one row per paid order,2026-09-15,America/Indiana/Indianapolis,USD
UP-20260915-0025,2026-09-15T18:00:00+00:00,DEMO-ITEM-20260915-0025,GW-001,Shopgoodwill,DEMO-UPRIGHT-0025,Vintage ceramic vase,Home,1,77.73,7.99,5.44,7.77,0.00,77.73,upright_replica,true,one row per paid order,2026-09-15,America/Indiana/Indianapolis,USD
UP-20260915-0026,2026-09-15T19:00:00+00:00,DEMO-ITEM-20260915-0026,GW-002,eBay,DEMO-UPRIGHT-0026,"Wool cardigan, size S",Apparel,1,79.84,3.99,5.58,7.98,0.00,79.84,upright_replica,true,one row per paid order,2026-09-15,America/Indiana/Indianapolis,USD
UP-20260915-0027,2026-09-15T20:00:00+00:00,DEMO-ITEM-20260915-0027,GW-003,Goodwillfinds,DEMO-UPRIGHT-0027,Framed landscape print,Art,1,81.95,4.99,5.73,8.19,0.00,81.95,upright_replica,true,one row per paid order,2026-09-15,America/Indiana/Indianapolis,USD
UP-20260915-0028,2026-09-15T21:00:00+00:00,DEMO-ITEM-20260915-0028,GW-004,Shopgoodwill,DEMO-UPRIGHT-0028,Silver-tone necklace,Jewelry,1,84.06,5.99,5.88,8.40,0.00,84.06,upright_replica,true,one row per paid order,2026-09-15,America/Indiana/Indianapolis,USD
UP-20260915-0029,2026-09-15T18:00:00+00:00,DEMO-ITEM-20260915-0029,GW-005,eBay,DEMO-UPRIGHT-0029,Vintage ceramic vase,Home,1,86.17,6.99,6.03,8.61,0.00,86.17,upright_replica,true,one row per paid order,2026-09-15,America/Indiana/Indianapolis,USD
UP-20260915-0030,2026-09-15T19:00:00+00:00,DEMO-ITEM-20260915-0030,GW-006,Goodwillfinds,DEMO-UPRIGHT-0030,"Wool cardigan, size S",Apparel,1,88.28,7.99,6.17,8.82,0.00,88.28,upright_replica,true,one row per paid order,2026-09-15,America/Indiana/Indianapolis,USD
UP-20260915-0031,2026-09-15T20:00:00+00:00,DEMO-ITEM-20260915-0031,GW-007,Shopgoodwill,DEMO-UPRIGHT-0031,Framed landscape print,Art,1,90.39,3.99,6.32,9.03,0.00,90.39,upright_replica,true,one row per paid order,2026-09-15,America/Indiana/Indianapolis,USD
UP-20260915-0032,2026-09-15T21:00:00+00:00,DEMO-ITEM-20260915-0032,GW-008,eBay,DEMO-UPRIGHT-0032,Silver-tone necklace,Jewelry,1,92.50,4.99,6.47,9.25,0.00,92.50,upright_replica,true,one row per paid order,2026-09-15,America/Indiana/Indianapolis,USD
UP-20260915-0033,2026-09-15T18:00:00+00:00,DEMO-ITEM-20260915-0033,GW-009,Goodwillfinds,DEMO-UPRIGHT-0033,Vintage ceramic vase,Home,1,94.61,5.99,6.62,9.46,0.00,94.61,upright_replica,true,one row per paid order,2026-09-15,America/Indiana/Indianapolis,USD
UP-20260915-0034,2026-09-15T19:00:00+00:00,DEMO-ITEM-20260915-0034,GW-010,Shopgoodwill,DEMO-UPRIGHT-0034,"Wool cardigan, size S",Apparel,1,96.72,6.99,6.77,9.67,0.00,96.72,upright_replica,true,one row per paid order,2026-09-15,America/Indiana/Indianapolis,USD
UP-20260915-0035,2026-09-15T20:00:00+00:00,DEMO-ITEM-20260915-0035,GW-011,eBay,DEMO-UPRIGHT-0035,Framed landscape print,Art,1,98.83,7.99,6.91,9.88,49.41,49.42,upright_replica,true,one row per paid order,2026-09-15,America/Indiana/Indianapolis,USD
UP-20260915-0036,2026-09-15T21:00:00+00:00,DEMO-ITEM-20260915-0036,GW-012,Goodwillfinds,DEMO-UPRIGHT-0036,Silver-tone necklace,Jewelry,1,15.94,3.99,1.11,1.59,0.00,15.94,upright_replica,true,one row per paid order,2026-09-15,America/Indiana/Indianapolis,USD
UP-20260915-0037,2026-09-15T18:00:00+00:00,DEMO-ITEM-20260915-0037,GW-013,Shopgoodwill,DEMO-UPRIGHT-0037,Vintage ceramic vase,Home,1,18.05,4.99,1.26,1.80,0.00,18.05,upright_replica,true,one row per paid order,2026-09-15,America/Indiana/Indianapolis,USD
UP-20260915-0038,2026-09-15T19:00:00+00:00,DEMO-ITEM-20260915-0038,GW-014,eBay,DEMO-UPRIGHT-0038,"Wool cardigan, size S",Apparel,1,20.16,5.99,1.41,2.01,0.00,20.16,upright_replica,true,one row per paid order,2026-09-15,America/Indiana/Indianapolis,USD
UP-20260915-0039,2026-09-15T20:00:00+00:00,DEMO-ITEM-20260915-0039,GW-015,Goodwillfinds,DEMO-UPRIGHT-0039,Framed landscape print,Art,1,22.27,6.99,1.55,2.22,0.00,22.27,upright_replica,true,one row per paid order,2026-09-15,America/Indiana/Indianapolis,USD
UP-20260915-0040,2026-09-15T21:00:00+00:00,DEMO-ITEM-20260915-0040,GW-016,Shopgoodwill,DEMO-UPRIGHT-0040,Silver-tone necklace,Jewelry,1,24.38,7.99,1.70,2.43,0.00,24.38,upright_replica,true,one row per paid order,2026-09-15,America/Indiana/Indianapolis,USD
UP-20260915-0041,2026-09-15T18:00:00+00:00,DEMO-ITEM-20260915-0041,GW-017,eBay,DEMO-UPRIGHT-0041,Vintage ceramic vase,Home,1,26.49,3.99,1.85,2.64,0.00,26.49,upright_replica,true,one row per paid order,2026-09-15,America/Indiana/Indianapolis,USD
UP-20260915-0042,2026-09-15T19:00:00+00:00,DEMO-ITEM-20260915-0042,GW-018,Goodwillfinds,DEMO-UPRIGHT-0042,"Wool cardigan, size S",Apparel,1,28.60,4.99,2.00,2.86,0.00,28.60,upright_replica,true,one row per paid order,2026-09-15,America/Indiana/Indianapolis,USD
UP-20260915-0043,2026-09-15T20:00:00+00:00,DEMO-ITEM-20260915-0043,GW-019,Shopgoodwill,DEMO-UPRIGHT-0043,Framed landscape print,Art,1,30.71,5.99,2.14,3.07,0.00,30.71,upright_replica,true,one row per paid order,2026-09-15,America/Indiana/Indianapolis,USD
UP-20260915-0044,2026-09-15T21:00:00+00:00,DEMO-ITEM-20260915-0044,GW-020,eBay,DEMO-UPRIGHT-0044,Silver-tone necklace,Jewelry,1,32.82,6.99,2.29,3.28,0.00,32.82,upright_replica,true,one row per paid order,2026-09-15,America/Indiana/Indianapolis,USD
UP-20260915-0045,2026-09-15T18:00:00+00:00,DEMO-ITEM-20260915-0045,GW-021,Goodwillfinds,DEMO-UPRIGHT-0045,Vintage ceramic vase,Home,1,34.93,7.99,2.44,3.49,0.00,34.93,upright_replica,true,one row per paid order,2026-09-15,America/Indiana/Indianapolis,USD
UP-20260915-0046,2026-09-15T19:00:00+00:00,DEMO-ITEM-20260915-0046,GW-022,Shopgoodwill,DEMO-UPRIGHT-0046,"Wool cardigan, size S",Apparel,1,37.04,3.99,2.59,3.70,0.00,37.04,upright_replica,true,one row per paid order,2026-09-15,America/Indiana/Indianapolis,USD
UP-20260915-0047,2026-09-15T20:00:00+00:00,DEMO-ITEM-20260915-0047,GW-023,eBay,DEMO-UPRIGHT-0047,Framed landscape print,Art,1,39.15,4.99,2.74,3.91,0.00,39.15,upright_replica,true,one row per paid order,2026-09-15,America/Indiana/Indianapolis,USD
UP-20260915-0048,2026-09-15T21:00:00+00:00,DEMO-ITEM-20260915-0048,GW-024,Goodwillfinds,DEMO-UPRIGHT-0048,Silver-tone necklace,Jewelry,1,41.26,5.99,2.88,4.12,0.00,41.26,upright_replica,true,one row per paid order,2026-09-15,America/Indiana/Indianapolis,USD
UP-20260915-0049,2026-09-15T18:00:00+00:00,DEMO-ITEM-20260915-0049,GW-001,Shopgoodwill,DEMO-UPRIGHT-0049,Vintage ceramic vase,Home,1,43.37,6.99,3.03,4.33,0.00,43.37,upright_replica,true,one row per paid order,2026-09-15,America/Indiana/Indianapolis,USD
UP-20260915-0050,2026-09-15T19:00:00+00:00,DEMO-ITEM-20260915-0050,GW-002,eBay,DEMO-UPRIGHT-0050,"Wool cardigan, size S",Apparel,1,45.48,7.99,3.18,4.54,0.00,45.48,upright_replica,true,one row per paid order,2026-09-15,America/Indiana/Indianapolis,USD
UP-20260915-0051,2026-09-15T20:00:00+00:00,DEMO-ITEM-20260915-0051,GW-003,Goodwillfinds,DEMO-UPRIGHT-0051,Framed landscape print,Art,1,47.59,3.99,3.33,4.75,0.00,47.59,upright_replica,true,one row per paid order,2026-09-15,America/Indiana/Indianapolis,USD
UP-20260915-0052,2026-09-15T21:00:00+00:00,DEMO-ITEM-20260915-0052,GW-004,Shopgoodwill,DEMO-UPRIGHT-0052,Silver-tone necklace,Jewelry,1,49.70,4.99,3.47,4.97,24.85,24.85,upright_replica,true,one row per paid order,2026-09-15,America/Indiana/Indianapolis,USD
UP-20260915-0053,2026-09-15T18:00:00+00:00,DEMO-ITEM-20260915-0053,GW-005,eBay,DEMO-UPRIGHT-0053,Vintage ceramic vase,Home,1,51.81,5.99,3.62,5.18,0.00,51.81,upright_replica,true,one row per paid order,2026-09-15,America/Indiana/Indianapolis,USD
UP-20260915-0054,2026-09-15T19:00:00+00:00,DEMO-ITEM-20260915-0054,GW-006,Goodwillfinds,DEMO-UPRIGHT-0054,"Wool cardigan, size S",Apparel,1,53.92,6.99,3.77,5.39,0.00,53.92,upright_replica,true,one row per paid order,2026-09-15,America/Indiana/Indianapolis,USD
UP-20260915-0055,2026-09-15T20:00:00+00:00,DEMO-ITEM-20260915-0055,GW-007,Shopgoodwill,DEMO-UPRIGHT-0055,Framed landscape print,Art,1,56.03,7.99,3.92,5.60,0.00,56.03,upright_replica,true,one row per paid order,2026-09-15,America/Indiana/Indianapolis,USD
UP-20260915-0056,2026-09-15T21:00:00+00:00,DEMO-ITEM-20260915-0056,GW-008,eBay,DEMO-UPRIGHT-0056,Silver-tone necklace,Jewelry,1,58.14,3.99,4.06,5.81,0.00,58.14,upright_replica,true,one row per paid order,2026-09-15,America/Indiana/Indianapolis,USD
UP-20260915-0057,2026-09-15T18:00:00+00:00,DEMO-ITEM-20260915-0057,GW-009,Goodwillfinds,DEMO-UPRIGHT-0057,Vintage ceramic vase,Home,1,60.25,4.99,4.21,6.02,0.00,60.25,upright_replica,true,one row per paid order,2026-09-15,America/Indiana/Indianapolis,USD
UP-20260915-0058,2026-09-15T19:00:00+00:00,DEMO-ITEM-20260915-0058,GW-010,Shopgoodwill,DEMO-UPRIGHT-0058,"Wool cardigan, size S",Apparel,1,62.36,5.99,4.36,6.23,0.00,62.36,upright_replica,true,one row per paid order,2026-09-15,America/Indiana/Indianapolis,USD
UP-20260915-0059,2026-09-15T20:00:00+00:00,DEMO-ITEM-20260915-0059,GW-011,eBay,DEMO-UPRIGHT-0059,Framed landscape print,Art,1,64.47,6.99,4.51,6.44,0.00,64.47,upright_replica,true,one row per paid order,2026-09-15,America/Indiana/Indianapolis,USD
UP-20260915-0060,2026-09-15T21:00:00+00:00,DEMO-ITEM-20260915-0060,GW-012,Goodwillfinds,DEMO-UPRIGHT-0060,Silver-tone necklace,Jewelry,1,66.58,7.99,4.66,6.65,0.00,66.58,upright_replica,true,one row per paid order,2026-09-15,America/Indiana/Indianapolis,USD
UP-20260915-0061,2026-09-15T18:00:00+00:00,DEMO-ITEM-20260915-0061,GW-013,Shopgoodwill,DEMO-UPRIGHT-0061,Vintage ceramic vase,Home,1,68.69,3.99,4.80,6.86,0.00,68.69,upright_replica,true,one row per paid order,2026-09-15,America/Indiana/Indianapolis,USD
UP-20260915-0062,2026-09-15T19:00:00+00:00,DEMO-ITEM-20260915-0062,GW-014,eBay,DEMO-UPRIGHT-0062,"Wool cardigan, size S",Apparel,1,70.80,4.99,4.95,7.08,0.00,70.80,upright_replica,true,one row per paid order,2026-09-15,America/Indiana/Indianapolis,USD
UP-20260915-0063,2026-09-15T20:00:00+00:00,DEMO-ITEM-20260915-0063,GW-015,Goodwillfinds,DEMO-UPRIGHT-0063,Framed landscape print,Art,1,72.91,5.99,5.10,7.29,0.00,72.91,upright_replica,true,one row per paid order,2026-09-15,America/Indiana/Indianapolis,USD
UP-20260915-0064,2026-09-15T21:00:00+00:00,DEMO-ITEM-20260915-0064,GW-016,Shopgoodwill,DEMO-UPRIGHT-0064,Silver-tone necklace,Jewelry,1,75.02,6.99,5.25,7.50,0.00,75.02,upright_replica,true,one row per paid order,2026-09-15,America/Indiana/Indianapolis,USD
UP-20260915-0065,2026-09-15T18:00:00+00:00,DEMO-ITEM-20260915-0065,GW-017,eBay,DEMO-UPRIGHT-0065,Vintage ceramic vase,Home,1,77.13,7.99,5.39,7.71,0.00,77.13,upright_replica,true,one row per paid order,2026-09-15,America/Indiana/Indianapolis,USD
UP-20260915-0066,2026-09-15T19:00:00+00:00,DEMO-ITEM-20260915-0066,GW-018,Goodwillfinds,DEMO-UPRIGHT-0066,"Wool cardigan, size S",Apparel,1,79.24,3.99,5.54,7.92,0.00,79.24,upright_replica,true,one row per paid order,2026-09-15,America/Indiana/Indianapolis,USD
UP-20260915-0067,2026-09-15T20:00:00+00:00,DEMO-ITEM-20260915-0067,GW-019,Shopgoodwill,DEMO-UPRIGHT-0067,Framed landscape print,Art,1,81.35,4.99,5.69,8.13,0.00,81.35,upright_replica,true,one row per paid order,2026-09-15,America/Indiana/Indianapolis,USD
UP-20260915-0068,2026-09-15T21:00:00+00:00,DEMO-ITEM-20260915-0068,GW-020,eBay,DEMO-UPRIGHT-0068,Silver-tone necklace,Jewelry,1,83.46,5.99,5.84,8.34,0.00,83.46,upright_replica,true,one row per paid order,2026-09-15,America/Indiana/Indianapolis,USD
UP-20260915-0069,2026-09-15T18:00:00+00:00,DEMO-ITEM-20260915-0069,GW-021,Goodwillfinds,DEMO-UPRIGHT-0069,Vintage ceramic vase,Home,1,85.57,6.99,5.98,8.55,42.78,42.79,upright_replica,true,one row per paid order,2026-09-15,America/Indiana/Indianapolis,USD
UP-20260915-0070,2026-09-15T19:00:00+00:00,DEMO-ITEM-20260915-0070,GW-022,Shopgoodwill,DEMO-UPRIGHT-0070,"Wool cardigan, size S",Apparel,1,87.68,7.99,6.13,8.76,0.00,87.68,upright_replica,true,one row per paid order,2026-09-15,America/Indiana/Indianapolis,USD
UP-20260915-0071,2026-09-15T20:00:00+00:00,DEMO-ITEM-20260915-0071,GW-023,eBay,DEMO-UPRIGHT-0071,Framed landscape print,Art,1,89.79,3.99,6.28,8.97,0.00,89.79,upright_replica,true,one row per paid order,2026-09-15,America/Indiana/Indianapolis,USD
UP-20260915-0072,2026-09-15T21:00:00+00:00,DEMO-ITEM-20260915-0072,GW-024,Goodwillfinds,DEMO-UPRIGHT-0072,Silver-tone necklace,Jewelry,1,91.90,4.99,6.43,9.19,0.00,91.90,upright_replica,true,one row per paid order,2026-09-15,America/Indiana/Indianapolis,USD
UP-20260915-0073,2026-09-15T18:00:00+00:00,DEMO-ITEM-20260915-0073,GW-001,Shopgoodwill,DEMO-UPRIGHT-0073,Vintage ceramic vase,Home,1,94.01,5.99,6.58,9.40,0.00,94.01,upright_replica,true,one row per paid order,2026-09-15,America/Indiana/Indianapolis,USD
UP-20260915-0074,2026-09-15T19:00:00+00:00,DEMO-ITEM-20260915-0074,GW-002,eBay,DEMO-UPRIGHT-0074,"Wool cardigan, size S",Apparel,1,96.12,6.99,6.72,9.61,0.00,96.12,upright_replica,true,one row per paid order,2026-09-15,America/Indiana/Indianapolis,USD
UP-20260915-0075,2026-09-15T20:00:00+00:00,DEMO-ITEM-20260915-0075,GW-003,Goodwillfinds,DEMO-UPRIGHT-0075,Framed landscape print,Art,1,98.23,7.99,6.87,9.82,0.00,98.23,upright_replica,true,one row per paid order,2026-09-15,America/Indiana/Indianapolis,USD
UP-20260915-0076,2026-09-15T21:00:00+00:00,DEMO-ITEM-20260915-0076,GW-004,Shopgoodwill,DEMO-UPRIGHT-0076,Silver-tone necklace,Jewelry,1,15.34,3.99,1.07,1.53,0.00,15.34,upright_replica,true,one row per paid order,2026-09-15,America/Indiana/Indianapolis,USD
UP-20260915-0077,2026-09-15T18:00:00+00:00,DEMO-ITEM-20260915-0077,GW-005,eBay,DEMO-UPRIGHT-0077,Vintage ceramic vase,Home,1,17.45,4.99,1.22,1.74,0.00,17.45,upright_replica,true,one row per paid order,2026-09-15,America/Indiana/Indianapolis,USD
UP-20260915-0078,2026-09-15T19:00:00+00:00,DEMO-ITEM-20260915-0078,GW-006,Goodwillfinds,DEMO-UPRIGHT-0078,"Wool cardigan, size S",Apparel,1,19.56,5.99,1.36,1.95,0.00,19.56,upright_replica,true,one row per paid order,2026-09-15,America/Indiana/Indianapolis,USD
UP-20260915-0079,2026-09-15T20:00:00+00:00,DEMO-ITEM-20260915-0079,GW-007,Shopgoodwill,DEMO-UPRIGHT-0079,Framed landscape print,Art,1,21.67,6.99,1.51,2.16,0.00,21.67,upright_replica,true,one row per paid order,2026-09-15,America/Indiana/Indianapolis,USD
UP-20260915-0080,2026-09-15T21:00:00+00:00,DEMO-ITEM-20260915-0080,GW-008,eBay,DEMO-UPRIGHT-0080,Silver-tone necklace,Jewelry,1,23.78,7.99,1.66,2.37,0.00,23.78,upright_replica,true,one row per paid order,2026-09-15,America/Indiana/Indianapolis,USD
UP-20260915-0081,2026-09-15T18:00:00+00:00,DEMO-ITEM-20260915-0081,GW-009,Goodwillfinds,DEMO-UPRIGHT-0081,Vintage ceramic vase,Home,1,25.89,3.99,1.81,2.58,0.00,25.89,upright_replica,true,one row per paid order,2026-09-15,America/Indiana/Indianapolis,USD
UP-20260915-0082,2026-09-15T19:00:00+00:00,DEMO-ITEM-20260915-0082,GW-010,Shopgoodwill,DEMO-UPRIGHT-0082,"Wool cardigan, size S",Apparel,1,28.00,4.99,1.96,2.80,0.00,28.00,upright_replica,true,one row per paid order,2026-09-15,America/Indiana/Indianapolis,USD
UP-20260915-0083,2026-09-15T20:00:00+00:00,DEMO-ITEM-20260915-0083,GW-011,eBay,DEMO-UPRIGHT-0083,Framed landscape print,Art,1,30.11,5.99,2.10,3.01,0.00,30.11,upright_replica,true,one row per paid order,2026-09-15,America/Indiana/Indianapolis,USD
UP-20260915-0084,2026-09-15T21:00:00+00:00,DEMO-ITEM-20260915-0084,GW-012,Goodwillfinds,DEMO-UPRIGHT-0084,Silver-tone necklace,Jewelry,1,32.22,6.99,2.25,3.22,0.00,32.22,upright_replica,true,one row per paid order,2026-09-15,America/Indiana/Indianapolis,USD
UP-20260915-0085,2026-09-15T18:00:00+00:00,DEMO-ITEM-20260915-0085,GW-013,Shopgoodwill,DEMO-UPRIGHT-0085,Vintage ceramic vase,Home,1,34.33,7.99,2.40,3.43,0.00,34.33,upright_replica,true,one row per paid order,2026-09-15,America/Indiana/Indianapolis,USD
UP-20260915-0086,2026-09-15T19:00:00+00:00,DEMO-ITEM-20260915-0086,GW-014,eBay,DEMO-UPRIGHT-0086,"Wool cardigan, size S",Apparel,1,36.44,3.99,2.55,3.64,18.22,18.22,upright_replica,true,one row per paid order,2026-09-15,America/Indiana/Indianapolis,USD
UP-20260915-0087,2026-09-15T20:00:00+00:00,DEMO-ITEM-20260915-0087,GW-015,Goodwillfinds,DEMO-UPRIGHT-0087,Framed landscape print,Art,1,38.55,4.99,2.69,3.85,0.00,38.55,upright_replica,true,one row per paid order,2026-09-15,America/Indiana/Indianapolis,USD
UP-20260915-0088,2026-09-15T21:00:00+00:00,DEMO-ITEM-20260915-0088,GW-016,Shopgoodwill,DEMO-UPRIGHT-0088,Silver-tone necklace,Jewelry,1,40.66,5.99,2.84,4.06,0.00,40.66,upright_replica,true,one row per paid order,2026-09-15,America/Indiana/Indianapolis,USD
UP-20260915-0089,2026-09-15T18:00:00+00:00,DEMO-ITEM-20260915-0089,GW-017,eBay,DEMO-UPRIGHT-0089,Vintage ceramic vase,Home,1,42.77,6.99,2.99,4.27,0.00,42.77,upright_replica,true,one row per paid order,2026-09-15,America/Indiana/Indianapolis,USD
UP-20260915-0090,2026-09-15T19:00:00+00:00,DEMO-ITEM-20260915-0090,GW-018,Goodwillfinds,DEMO-UPRIGHT-0001,"Wool cardigan, size S",Apparel,1,44.88,7.99,3.14,4.48,0.00,44.88,upright_replica,true,one row per paid order,2026-09-15,America/Indiana/Indianapolis,USD
UP-20260915-0091,2026-09-15T20:00:00+00:00,DEMO-ITEM-20260915-0091,GW-019,Shopgoodwill,DEMO-UPRIGHT-0002,Framed landscape print,Art,1,46.99,3.99,3.28,4.69,0.00,46.99,upright_replica,true,one row per paid order,2026-09-15,America/Indiana/Indianapolis,USD
UP-20260915-0092,2026-09-15T21:00:00+00:00,DEMO-ITEM-20260915-0092,GW-020,eBay,DEMO-UPRIGHT-0003,Silver-tone necklace,Jewelry,1,49.10,4.99,3.43,4.91,0.00,49.10,upright_replica,true,one row per paid order,2026-09-15,America/Indiana/Indianapolis,USD
UP-20260915-0093,2026-09-15T18:00:00+00:00,DEMO-ITEM-20260915-0093,GW-021,Goodwillfinds,DEMO-UPRIGHT-0004,Vintage ceramic vase,Home,1,51.21,5.99,3.58,5.12,0.00,51.21,upright_replica,true,one row per paid order,2026-09-15,America/Indiana/Indianapolis,USD
UP-20260915-0094,2026-09-15T19:00:00+00:00,DEMO-ITEM-20260915-0094,GW-022,Shopgoodwill,DEMO-UPRIGHT-0005,"Wool cardigan, size S",Apparel,1,53.32,6.99,3.73,5.33,0.00,53.32,upright_replica,true,one row per paid order,2026-09-15,America/Indiana/Indianapolis,USD
UP-20260915-0095,2026-09-15T20:00:00+00:00,DEMO-ITEM-20260915-0095,GW-023,eBay,DEMO-UPRIGHT-0006,Framed landscape print,Art,1,55.43,7.99,3.88,5.54,0.00,55.43,upright_replica,true,one row per paid order,2026-09-15,America/Indiana/Indianapolis,USD
UP-20260915-0096,2026-09-15T21:00:00+00:00,DEMO-ITEM-20260915-0096,GW-024,Goodwillfinds,DEMO-UPRIGHT-0007,Silver-tone necklace,Jewelry,1,57.54,3.99,4.02,5.75,0.00,57.54,upright_replica,true,one row per paid order,2026-09-15,America/Indiana/Indianapolis,USD
UP-20260915-0097,2026-09-15T18:00:00+00:00,DEMO-ITEM-20260915-0097,GW-001,Shopgoodwill,DEMO-UPRIGHT-0008,Vintage ceramic vase,Home,1,59.65,4.99,4.17,5.96,0.00,59.65,upright_replica,true,one row per paid order,2026-09-15,America/Indiana/Indianapolis,USD
UP-20260915-0098,2026-09-15T19:00:00+00:00,DEMO-ITEM-20260915-0098,GW-002,eBay,DEMO-UPRIGHT-0009,"Wool cardigan, size S",Apparel,1,61.76,5.99,4.32,6.17,0.00,61.76,upright_replica,true,one row per paid order,2026-09-15,America/Indiana/Indianapolis,USD
UP-20260915-0099,2026-09-15T20:00:00+00:00,DEMO-ITEM-20260915-0099,GW-003,Goodwillfinds,DEMO-UPRIGHT-0010,Framed landscape print,Art,1,63.87,6.99,4.47,6.38,0.00,63.87,upright_replica,true,one row per paid order,2026-09-15,America/Indiana/Indianapolis,USD
UP-20260915-0100,2026-09-15T21:00:00+00:00,DEMO-ITEM-20260915-0100,GW-004,Shopgoodwill,DEMO-UPRIGHT-0011,Silver-tone necklace,Jewelry,1,65.98,7.99,4.61,6.59,0.00,65.98,upright_replica,true,one row per paid order,2026-09-15,America/Indiana/Indianapolis,USD
UP-20260915-0101,2026-09-15T18:00:00+00:00,DEMO-ITEM-20260915-0101,GW-005,eBay,DEMO-UPRIGHT-0012,Vintage ceramic vase,Home,1,68.09,3.99,4.76,6.80,0.00,68.09,upright_replica,true,one row per paid order,2026-09-15,America/Indiana/Indianapolis,USD
UP-20260915-0102,2026-09-15T19:00:00+00:00,DEMO-ITEM-20260915-0102,GW-006,Goodwillfinds,DEMO-UPRIGHT-0013,"Wool cardigan, size S",Apparel,1,70.20,4.99,4.91,7.02,0.00,70.20,upright_replica,true,one row per paid order,2026-09-15,America/Indiana/Indianapolis,USD
UP-20260915-0103,2026-09-15T20:00:00+00:00,DEMO-ITEM-20260915-0103,GW-007,Shopgoodwill,DEMO-UPRIGHT-0014,Framed landscape print,Art,1,72.31,5.99,5.06,7.23,36.15,36.16,upright_replica,true,one row per paid order,2026-09-15,America/Indiana/Indianapolis,USD
UP-20260915-0104,2026-09-15T21:00:00+00:00,DEMO-ITEM-20260915-0104,GW-008,eBay,DEMO-UPRIGHT-0015,Silver-tone necklace,Jewelry,1,74.42,6.99,5.20,7.44,0.00,74.42,upright_replica,true,one row per paid order,2026-09-15,America/Indiana/Indianapolis,USD
UP-20260915-0105,2026-09-15T18:00:00+00:00,DEMO-ITEM-20260915-0105,GW-009,Goodwillfinds,DEMO-UPRIGHT-0016,Vintage ceramic vase,Home,1,76.53,7.99,5.35,7.65,0.00,76.53,upright_replica,true,one row per paid order,2026-09-15,America/Indiana/Indianapolis,USD
UP-20260915-0106,2026-09-15T19:00:00+00:00,DEMO-ITEM-20260915-0106,GW-010,Shopgoodwill,DEMO-UPRIGHT-0017,"Wool cardigan, size S",Apparel,1,78.64,3.99,5.50,7.86,0.00,78.64,upright_replica,true,one row per paid order,2026-09-15,America/Indiana/Indianapolis,USD
UP-20260915-0107,2026-09-15T20:00:00+00:00,DEMO-ITEM-20260915-0107,GW-011,eBay,DEMO-UPRIGHT-0018,Framed landscape print,Art,1,80.75,4.99,5.65,8.07,0.00,80.75,upright_replica,true,one row per paid order,2026-09-15,America/Indiana/Indianapolis,USD
UP-20260915-0108,2026-09-15T21:00:00+00:00,DEMO-ITEM-20260915-0108,GW-012,Goodwillfinds,DEMO-UPRIGHT-0019,Silver-tone necklace,Jewelry,1,82.86,5.99,5.80,8.28,0.00,82.86,upright_replica,true,one row per paid order,2026-09-15,America/Indiana/Indianapolis,USD
UP-20260915-0109,2026-09-15T18:00:00+00:00,DEMO-ITEM-20260915-0109,GW-013,Shopgoodwill,DEMO-UPRIGHT-0020,Vintage ceramic vase,Home,1,84.97,6.99,5.94,8.49,0.00,84.97,upright_replica,true,one row per paid order,2026-09-15,America/Indiana/Indianapolis,USD
UP-20260915-0110,2026-09-15T19:00:00+00:00,DEMO-ITEM-20260915-0110,GW-014,eBay,DEMO-UPRIGHT-0021,"Wool cardigan, size S",Apparel,1,87.08,7.99,6.09,8.70,0.00,87.08,upright_replica,true,one row per paid order,2026-09-15,America/Indiana/Indianapolis,USD
UP-20260915-0111,2026-09-15T20:00:00+00:00,DEMO-ITEM-20260915-0111,GW-015,Goodwillfinds,DEMO-UPRIGHT-0022,Framed landscape print,Art,1,89.19,3.99,6.24,8.91,0.00,89.19,upright_replica,true,one row per paid order,2026-09-15,America/Indiana/Indianapolis,USD
UP-20260915-0112,2026-09-15T21:00:00+00:00,DEMO-ITEM-20260915-0112,GW-016,Shopgoodwill,DEMO-UPRIGHT-0023,Silver-tone necklace,Jewelry,1,91.30,4.99,6.39,9.13,0.00,91.30,upright_replica,true,one row per paid order,2026-09-15,America/Indiana/Indianapolis,USD
UP-20260915-0113,2026-09-15T18:00:00+00:00,DEMO-ITEM-20260915-0113,GW-017,eBay,DEMO-UPRIGHT-0024,Vintage ceramic vase,Home,1,93.41,5.99,6.53,9.34,0.00,93.41,upright_replica,true,one row per paid order,2026-09-15,America/Indiana/Indianapolis,USD
UP-20260915-0114,2026-09-15T19:00:00+00:00,DEMO-ITEM-20260915-0114,GW-018,Goodwillfinds,DEMO-UPRIGHT-0025,"Wool cardigan, size S",Apparel,1,95.52,6.99,6.68,9.55,0.00,95.52,upright_replica,true,one row per paid order,2026-09-15,America/Indiana/Indianapolis,USD
UP-20260915-0115,2026-09-15T20:00:00+00:00,DEMO-ITEM-20260915-0115,GW-019,Shopgoodwill,DEMO-UPRIGHT-0026,Framed landscape print,Art,1,97.63,7.99,6.83,9.76,0.00,97.63,upright_replica,true,one row per paid order,2026-09-15,America/Indiana/Indianapolis,USD
UP-20260915-0116,2026-09-15T21:00:00+00:00,DEMO-ITEM-20260915-0116,GW-020,eBay,DEMO-UPRIGHT-0027,Silver-tone necklace,Jewelry,1,99.74,3.99,6.98,9.97,0.00,99.74,upright_replica,true,one row per paid order,2026-09-15,America/Indiana/Indianapolis,USD
UP-20260915-0117,2026-09-15T18:00:00+00:00,DEMO-ITEM-20260915-0117,GW-021,Goodwillfinds,DEMO-UPRIGHT-0028,Vintage ceramic vase,Home,1,16.85,4.99,1.17,1.68,0.00,16.85,upright_replica,true,one row per paid order,2026-09-15,America/Indiana/Indianapolis,USD
UP-20260915-0118,2026-09-15T19:00:00+00:00,DEMO-ITEM-20260915-0118,GW-022,Shopgoodwill,DEMO-UPRIGHT-0029,"Wool cardigan, size S",Apparel,1,18.96,5.99,1.32,1.89,0.00,18.96,upright_replica,true,one row per paid order,2026-09-15,America/Indiana/Indianapolis,USD
UP-20260915-0119,2026-09-15T20:00:00+00:00,DEMO-ITEM-20260915-0119,GW-023,eBay,DEMO-UPRIGHT-0030,Framed landscape print,Art,1,21.07,6.99,1.47,2.10,0.00,21.07,upright_replica,true,one row per paid order,2026-09-15,America/Indiana/Indianapolis,USD
UP-20260915-0120,2026-09-15T21:00:00+00:00,DEMO-ITEM-20260915-0120,GW-024,Goodwillfinds,DEMO-UPRIGHT-0031,Silver-tone necklace,Jewelry,1,23.18,7.99,1.62,2.31,11.59,11.59,upright_replica,true,one row per paid order,2026-09-15,America/Indiana/Indianapolis,USD
UP-20260915-0121,2026-09-15T18:00:00+00:00,DEMO-ITEM-20260915-0121,GW-001,Shopgoodwill,DEMO-UPRIGHT-0032,Vintage ceramic vase,Home,1,25.29,3.99,1.77,2.52,0.00,25.29,upright_replica,true,one row per paid order,2026-09-15,America/Indiana/Indianapolis,USD
UP-20260915-0122,2026-09-15T19:00:00+00:00,DEMO-ITEM-20260915-0122,GW-002,eBay,DEMO-UPRIGHT-0033,"Wool cardigan, size S",Apparel,1,27.40,4.99,1.91,2.74,0.00,27.40,upright_replica,true,one row per paid order,2026-09-15,America/Indiana/Indianapolis,USD
UP-20260915-0123,2026-09-15T20:00:00+00:00,DEMO-ITEM-20260915-0123,GW-003,Goodwillfinds,DEMO-UPRIGHT-0034,Framed landscape print,Art,1,29.51,5.99,2.06,2.95,0.00,29.51,upright_replica,true,one row per paid order,2026-09-15,America/Indiana/Indianapolis,USD
UP-20260915-0124,2026-09-15T21:00:00+00:00,DEMO-ITEM-20260915-0124,GW-004,Shopgoodwill,DEMO-UPRIGHT-0035,Silver-tone necklace,Jewelry,1,31.62,6.99,2.21,3.16,0.00,31.62,upright_replica,true,one row per paid order,2026-09-15,America/Indiana/Indianapolis,USD
UP-20260915-0125,2026-09-15T18:00:00+00:00,DEMO-ITEM-20260915-0125,GW-005,eBay,DEMO-UPRIGHT-0036,Vintage ceramic vase,Home,1,33.73,7.99,2.36,3.37,0.00,33.73,upright_replica,true,one row per paid order,2026-09-15,America/Indiana/Indianapolis,USD
UP-20260915-0126,2026-09-15T19:00:00+00:00,DEMO-ITEM-20260915-0126,GW-006,Goodwillfinds,DEMO-UPRIGHT-0037,"Wool cardigan, size S",Apparel,1,35.84,3.99,2.50,3.58,0.00,35.84,upright_replica,true,one row per paid order,2026-09-15,America/Indiana/Indianapolis,USD
UP-20260915-0127,2026-09-15T20:00:00+00:00,DEMO-ITEM-20260915-0127,GW-007,Shopgoodwill,DEMO-UPRIGHT-0038,Framed landscape print,Art,1,37.95,4.99,2.65,3.79,0.00,37.95,upright_replica,true,one row per paid order,2026-09-15,America/Indiana/Indianapolis,USD
UP-20260915-0128,2026-09-15T21:00:00+00:00,DEMO-ITEM-20260915-0128,GW-008,eBay,DEMO-UPRIGHT-0039,Silver-tone necklace,Jewelry,1,40.06,5.99,2.80,4.00,0.00,40.06,upright_replica,true,one row per paid order,2026-09-15,America/Indiana/Indianapolis,USD
UP-20260916-0001,2026-09-16T18:00:00+00:00,DEMO-ITEM-20260916-0001,GW-001,Shopgoodwill,DEMO-UPRIGHT-0001,Vintage ceramic vase,Home,1,28.46,3.99,1.99,2.84,14.23,14.23,upright_replica,true,one row per paid order,2026-09-16,America/Indiana/Indianapolis,USD
UP-20260916-0002,2026-09-16T19:00:00+00:00,DEMO-ITEM-20260916-0002,GW-002,eBay,DEMO-UPRIGHT-0002,"Wool cardigan, size S",Apparel,1,30.57,4.99,2.13,3.05,0.00,30.57,upright_replica,true,one row per paid order,2026-09-16,America/Indiana/Indianapolis,USD
UP-20260916-0003,2026-09-16T20:00:00+00:00,DEMO-ITEM-20260916-0003,GW-003,Goodwillfinds,DEMO-UPRIGHT-0003,Framed landscape print,Art,1,32.68,5.99,2.28,3.26,0.00,32.68,upright_replica,true,one row per paid order,2026-09-16,America/Indiana/Indianapolis,USD
UP-20260916-0004,2026-09-16T21:00:00+00:00,DEMO-ITEM-20260916-0004,GW-004,Shopgoodwill,DEMO-UPRIGHT-0004,Silver-tone necklace,Jewelry,1,34.79,6.99,2.43,3.47,0.00,34.79,upright_replica,true,one row per paid order,2026-09-16,America/Indiana/Indianapolis,USD
UP-20260916-0005,2026-09-16T18:00:00+00:00,DEMO-ITEM-20260916-0005,GW-005,eBay,DEMO-UPRIGHT-0005,Vintage ceramic vase,Home,1,36.90,7.99,2.58,3.69,0.00,36.90,upright_replica,true,one row per paid order,2026-09-16,America/Indiana/Indianapolis,USD
UP-20260916-0006,2026-09-16T19:00:00+00:00,DEMO-ITEM-20260916-0006,GW-006,Goodwillfinds,DEMO-UPRIGHT-0006,"Wool cardigan, size S",Apparel,1,39.01,3.99,2.73,3.90,0.00,39.01,upright_replica,true,one row per paid order,2026-09-16,America/Indiana/Indianapolis,USD
UP-20260916-0007,2026-09-16T20:00:00+00:00,DEMO-ITEM-20260916-0007,GW-007,Shopgoodwill,DEMO-UPRIGHT-0007,Framed landscape print,Art,1,41.12,4.99,2.87,4.11,0.00,41.12,upright_replica,true,one row per paid order,2026-09-16,America/Indiana/Indianapolis,USD
UP-20260916-0008,2026-09-16T21:00:00+00:00,DEMO-ITEM-20260916-0008,GW-008,eBay,DEMO-UPRIGHT-0008,Silver-tone necklace,Jewelry,1,43.23,5.99,3.02,4.32,0.00,43.23,upright_replica,true,one row per paid order,2026-09-16,America/Indiana/Indianapolis,USD
UP-20260916-0009,2026-09-16T18:00:00+00:00,DEMO-ITEM-20260916-0009,GW-009,Goodwillfinds,DEMO-UPRIGHT-0009,Vintage ceramic vase,Home,1,45.34,6.99,3.17,4.53,0.00,45.34,upright_replica,true,one row per paid order,2026-09-16,America/Indiana/Indianapolis,USD
UP-20260916-0010,2026-09-16T19:00:00+00:00,DEMO-ITEM-20260916-0010,GW-010,Shopgoodwill,DEMO-UPRIGHT-0010,"Wool cardigan, size S",Apparel,1,47.45,7.99,3.32,4.74,0.00,47.45,upright_replica,true,one row per paid order,2026-09-16,America/Indiana/Indianapolis,USD
UP-20260916-0011,2026-09-16T20:00:00+00:00,DEMO-ITEM-20260916-0011,GW-011,eBay,DEMO-UPRIGHT-0011,Framed landscape print,Art,1,49.56,3.99,3.46,4.95,0.00,49.56,upright_replica,true,one row per paid order,2026-09-16,America/Indiana/Indianapolis,USD
UP-20260916-0012,2026-09-16T21:00:00+00:00,DEMO-ITEM-20260916-0012,GW-012,Goodwillfinds,DEMO-UPRIGHT-0012,Silver-tone necklace,Jewelry,1,51.67,4.99,3.61,5.16,0.00,51.67,upright_replica,true,one row per paid order,2026-09-16,America/Indiana/Indianapolis,USD
UP-20260916-0013,2026-09-16T18:00:00+00:00,DEMO-ITEM-20260916-0013,GW-013,Shopgoodwill,DEMO-UPRIGHT-0013,Vintage ceramic vase,Home,1,53.78,5.99,3.76,5.37,0.00,53.78,upright_replica,true,one row per paid order,2026-09-16,America/Indiana/Indianapolis,USD
UP-20260916-0014,2026-09-16T19:00:00+00:00,DEMO-ITEM-20260916-0014,GW-014,eBay,DEMO-UPRIGHT-0014,"Wool cardigan, size S",Apparel,1,55.89,6.99,3.91,5.58,0.00,55.89,upright_replica,true,one row per paid order,2026-09-16,America/Indiana/Indianapolis,USD
UP-20260916-0015,2026-09-16T20:00:00+00:00,DEMO-ITEM-20260916-0015,GW-015,Goodwillfinds,DEMO-UPRIGHT-0015,Framed landscape print,Art,1,58.00,7.99,4.06,5.80,0.00,58.00,upright_replica,true,one row per paid order,2026-09-16,America/Indiana/Indianapolis,USD
UP-20260916-0016,2026-09-16T21:00:00+00:00,DEMO-ITEM-20260916-0016,GW-016,Shopgoodwill,DEMO-UPRIGHT-0016,Silver-tone necklace,Jewelry,1,60.11,3.99,4.20,6.01,0.00,60.11,upright_replica,true,one row per paid order,2026-09-16,America/Indiana/Indianapolis,USD
UP-20260916-0017,2026-09-16T18:00:00+00:00,DEMO-ITEM-20260916-0017,GW-017,eBay,DEMO-UPRIGHT-0017,Vintage ceramic vase,Home,1,62.22,4.99,4.35,6.22,0.00,62.22,upright_replica,true,one row per paid order,2026-09-16,America/Indiana/Indianapolis,USD
UP-20260916-0018,2026-09-16T19:00:00+00:00,DEMO-ITEM-20260916-0018,GW-018,Goodwillfinds,DEMO-UPRIGHT-0018,"Wool cardigan, size S",Apparel,1,64.33,5.99,4.50,6.43,32.16,32.17,upright_replica,true,one row per paid order,2026-09-16,America/Indiana/Indianapolis,USD
UP-20260916-0019,2026-09-16T20:00:00+00:00,DEMO-ITEM-20260916-0019,GW-019,Shopgoodwill,DEMO-UPRIGHT-0019,Framed landscape print,Art,1,66.44,6.99,4.65,6.64,0.00,66.44,upright_replica,true,one row per paid order,2026-09-16,America/Indiana/Indianapolis,USD
UP-20260916-0020,2026-09-16T21:00:00+00:00,DEMO-ITEM-20260916-0020,GW-020,eBay,DEMO-UPRIGHT-0020,Silver-tone necklace,Jewelry,1,68.55,7.99,4.79,6.85,0.00,68.55,upright_replica,true,one row per paid order,2026-09-16,America/Indiana/Indianapolis,USD
UP-20260916-0021,2026-09-16T18:00:00+00:00,DEMO-ITEM-20260916-0021,GW-021,Goodwillfinds,DEMO-UPRIGHT-0021,Vintage ceramic vase,Home,1,70.66,3.99,4.94,7.06,0.00,70.66,upright_replica,true,one row per paid order,2026-09-16,America/Indiana/Indianapolis,USD
UP-20260916-0022,2026-09-16T19:00:00+00:00,DEMO-ITEM-20260916-0022,GW-022,Shopgoodwill,DEMO-UPRIGHT-0022,"Wool cardigan, size S",Apparel,1,72.77,4.99,5.09,7.27,0.00,72.77,upright_replica,true,one row per paid order,2026-09-16,America/Indiana/Indianapolis,USD
UP-20260916-0023,2026-09-16T20:00:00+00:00,DEMO-ITEM-20260916-0023,GW-023,eBay,DEMO-UPRIGHT-0023,Framed landscape print,Art,1,74.88,5.99,5.24,7.48,0.00,74.88,upright_replica,true,one row per paid order,2026-09-16,America/Indiana/Indianapolis,USD
UP-20260916-0024,2026-09-16T21:00:00+00:00,DEMO-ITEM-20260916-0024,GW-024,Goodwillfinds,DEMO-UPRIGHT-0024,Silver-tone necklace,Jewelry,1,76.99,6.99,5.38,7.69,0.00,76.99,upright_replica,true,one row per paid order,2026-09-16,America/Indiana/Indianapolis,USD
UP-20260916-0025,2026-09-16T18:00:00+00:00,DEMO-ITEM-20260916-0025,GW-001,Shopgoodwill,DEMO-UPRIGHT-0025,Vintage ceramic vase,Home,1,79.10,7.99,5.53,7.91,0.00,79.10,upright_replica,true,one row per paid order,2026-09-16,America/Indiana/Indianapolis,USD
UP-20260916-0026,2026-09-16T19:00:00+00:00,DEMO-ITEM-20260916-0026,GW-002,eBay,DEMO-UPRIGHT-0026,"Wool cardigan, size S",Apparel,1,81.21,3.99,5.68,8.12,0.00,81.21,upright_replica,true,one row per paid order,2026-09-16,America/Indiana/Indianapolis,USD
UP-20260916-0027,2026-09-16T20:00:00+00:00,DEMO-ITEM-20260916-0027,GW-003,Goodwillfinds,DEMO-UPRIGHT-0027,Framed landscape print,Art,1,83.32,4.99,5.83,8.33,0.00,83.32,upright_replica,true,one row per paid order,2026-09-16,America/Indiana/Indianapolis,USD
UP-20260916-0028,2026-09-16T21:00:00+00:00,DEMO-ITEM-20260916-0028,GW-004,Shopgoodwill,DEMO-UPRIGHT-0028,Silver-tone necklace,Jewelry,1,85.43,5.99,5.98,8.54,0.00,85.43,upright_replica,true,one row per paid order,2026-09-16,America/Indiana/Indianapolis,USD
UP-20260916-0029,2026-09-16T18:00:00+00:00,DEMO-ITEM-20260916-0029,GW-005,eBay,DEMO-UPRIGHT-0029,Vintage ceramic vase,Home,1,87.54,6.99,6.12,8.75,0.00,87.54,upright_replica,true,one row per paid order,2026-09-16,America/Indiana/Indianapolis,USD
UP-20260916-0030,2026-09-16T19:00:00+00:00,DEMO-ITEM-20260916-0030,GW-006,Goodwillfinds,DEMO-UPRIGHT-0030,"Wool cardigan, size S",Apparel,1,89.65,7.99,6.27,8.96,0.00,89.65,upright_replica,true,one row per paid order,2026-09-16,America/Indiana/Indianapolis,USD
UP-20260916-0031,2026-09-16T20:00:00+00:00,DEMO-ITEM-20260916-0031,GW-007,Shopgoodwill,DEMO-UPRIGHT-0031,Framed landscape print,Art,1,91.76,3.99,6.42,9.17,0.00,91.76,upright_replica,true,one row per paid order,2026-09-16,America/Indiana/Indianapolis,USD
UP-20260916-0032,2026-09-16T21:00:00+00:00,DEMO-ITEM-20260916-0032,GW-008,eBay,DEMO-UPRIGHT-0032,Silver-tone necklace,Jewelry,1,93.87,4.99,6.57,9.38,0.00,93.87,upright_replica,true,one row per paid order,2026-09-16,America/Indiana/Indianapolis,USD
UP-20260916-0033,2026-09-16T18:00:00+00:00,DEMO-ITEM-20260916-0033,GW-009,Goodwillfinds,DEMO-UPRIGHT-0033,Vintage ceramic vase,Home,1,95.98,5.99,6.71,9.59,0.00,95.98,upright_replica,true,one row per paid order,2026-09-16,America/Indiana/Indianapolis,USD
UP-20260916-0034,2026-09-16T19:00:00+00:00,DEMO-ITEM-20260916-0034,GW-010,Shopgoodwill,DEMO-UPRIGHT-0034,"Wool cardigan, size S",Apparel,1,98.09,6.99,6.86,9.80,0.00,98.09,upright_replica,true,one row per paid order,2026-09-16,America/Indiana/Indianapolis,USD
UP-20260916-0035,2026-09-16T20:00:00+00:00,DEMO-ITEM-20260916-0035,GW-011,eBay,DEMO-UPRIGHT-0035,Framed landscape print,Art,1,15.20,7.99,1.06,1.52,7.60,7.60,upright_replica,true,one row per paid order,2026-09-16,America/Indiana/Indianapolis,USD
UP-20260916-0036,2026-09-16T21:00:00+00:00,DEMO-ITEM-20260916-0036,GW-012,Goodwillfinds,DEMO-UPRIGHT-0036,Silver-tone necklace,Jewelry,1,17.31,3.99,1.21,1.73,0.00,17.31,upright_replica,true,one row per paid order,2026-09-16,America/Indiana/Indianapolis,USD
UP-20260916-0037,2026-09-16T18:00:00+00:00,DEMO-ITEM-20260916-0037,GW-013,Shopgoodwill,DEMO-UPRIGHT-0037,Vintage ceramic vase,Home,1,19.42,4.99,1.35,1.94,0.00,19.42,upright_replica,true,one row per paid order,2026-09-16,America/Indiana/Indianapolis,USD
UP-20260916-0038,2026-09-16T19:00:00+00:00,DEMO-ITEM-20260916-0038,GW-014,eBay,DEMO-UPRIGHT-0038,"Wool cardigan, size S",Apparel,1,21.53,5.99,1.50,2.15,0.00,21.53,upright_replica,true,one row per paid order,2026-09-16,America/Indiana/Indianapolis,USD
UP-20260916-0039,2026-09-16T20:00:00+00:00,DEMO-ITEM-20260916-0039,GW-015,Goodwillfinds,DEMO-UPRIGHT-0039,Framed landscape print,Art,1,23.64,6.99,1.65,2.36,0.00,23.64,upright_replica,true,one row per paid order,2026-09-16,America/Indiana/Indianapolis,USD
UP-20260916-0040,2026-09-16T21:00:00+00:00,DEMO-ITEM-20260916-0040,GW-016,Shopgoodwill,DEMO-UPRIGHT-0040,Silver-tone necklace,Jewelry,1,25.75,7.99,1.80,2.57,0.00,25.75,upright_replica,true,one row per paid order,2026-09-16,America/Indiana/Indianapolis,USD
UP-20260916-0041,2026-09-16T18:00:00+00:00,DEMO-ITEM-20260916-0041,GW-017,eBay,DEMO-UPRIGHT-0041,Vintage ceramic vase,Home,1,27.86,3.99,1.95,2.78,0.00,27.86,upright_replica,true,one row per paid order,2026-09-16,America/Indiana/Indianapolis,USD
UP-20260916-0042,2026-09-16T19:00:00+00:00,DEMO-ITEM-20260916-0042,GW-018,Goodwillfinds,DEMO-UPRIGHT-0042,"Wool cardigan, size S",Apparel,1,29.97,4.99,2.09,2.99,0.00,29.97,upright_replica,true,one row per paid order,2026-09-16,America/Indiana/Indianapolis,USD
UP-20260916-0043,2026-09-16T20:00:00+00:00,DEMO-ITEM-20260916-0043,GW-019,Shopgoodwill,DEMO-UPRIGHT-0043,Framed landscape print,Art,1,32.08,5.99,2.24,3.20,0.00,32.08,upright_replica,true,one row per paid order,2026-09-16,America/Indiana/Indianapolis,USD
UP-20260916-0044,2026-09-16T21:00:00+00:00,DEMO-ITEM-20260916-0044,GW-020,eBay,DEMO-UPRIGHT-0044,Silver-tone necklace,Jewelry,1,34.19,6.99,2.39,3.41,0.00,34.19,upright_replica,true,one row per paid order,2026-09-16,America/Indiana/Indianapolis,USD
UP-20260916-0045,2026-09-16T18:00:00+00:00,DEMO-ITEM-20260916-0045,GW-021,Goodwillfinds,DEMO-UPRIGHT-0045,Vintage ceramic vase,Home,1,36.30,7.99,2.54,3.63,0.00,36.30,upright_replica,true,one row per paid order,2026-09-16,America/Indiana/Indianapolis,USD
UP-20260916-0046,2026-09-16T19:00:00+00:00,DEMO-ITEM-20260916-0046,GW-022,Shopgoodwill,DEMO-UPRIGHT-0046,"Wool cardigan, size S",Apparel,1,38.41,3.99,2.68,3.84,0.00,38.41,upright_replica,true,one row per paid order,2026-09-16,America/Indiana/Indianapolis,USD
UP-20260916-0047,2026-09-16T20:00:00+00:00,DEMO-ITEM-20260916-0047,GW-023,eBay,DEMO-UPRIGHT-0047,Framed landscape print,Art,1,40.52,4.99,2.83,4.05,0.00,40.52,upright_replica,true,one row per paid order,2026-09-16,America/Indiana/Indianapolis,USD
UP-20260916-0048,2026-09-16T21:00:00+00:00,DEMO-ITEM-20260916-0048,GW-024,Goodwillfinds,DEMO-UPRIGHT-0048,Silver-tone necklace,Jewelry,1,42.63,5.99,2.98,4.26,0.00,42.63,upright_replica,true,one row per paid order,2026-09-16,America/Indiana/Indianapolis,USD
UP-20260916-0049,2026-09-16T18:00:00+00:00,DEMO-ITEM-20260916-0049,GW-001,Shopgoodwill,DEMO-UPRIGHT-0049,Vintage ceramic vase,Home,1,44.74,6.99,3.13,4.47,0.00,44.74,upright_replica,true,one row per paid order,2026-09-16,America/Indiana/Indianapolis,USD
UP-20260916-0050,2026-09-16T19:00:00+00:00,DEMO-ITEM-20260916-0050,GW-002,eBay,DEMO-UPRIGHT-0050,"Wool cardigan, size S",Apparel,1,46.85,7.99,3.27,4.68,0.00,46.85,upright_replica,true,one row per paid order,2026-09-16,America/Indiana/Indianapolis,USD
UP-20260916-0051,2026-09-16T20:00:00+00:00,DEMO-ITEM-20260916-0051,GW-003,Goodwillfinds,DEMO-UPRIGHT-0051,Framed landscape print,Art,1,48.96,3.99,3.42,4.89,0.00,48.96,upright_replica,true,one row per paid order,2026-09-16,America/Indiana/Indianapolis,USD
UP-20260916-0052,2026-09-16T21:00:00+00:00,DEMO-ITEM-20260916-0052,GW-004,Shopgoodwill,DEMO-UPRIGHT-0052,Silver-tone necklace,Jewelry,1,51.07,4.99,3.57,5.10,25.53,25.54,upright_replica,true,one row per paid order,2026-09-16,America/Indiana/Indianapolis,USD
UP-20260916-0053,2026-09-16T18:00:00+00:00,DEMO-ITEM-20260916-0053,GW-005,eBay,DEMO-UPRIGHT-0053,Vintage ceramic vase,Home,1,53.18,5.99,3.72,5.31,0.00,53.18,upright_replica,true,one row per paid order,2026-09-16,America/Indiana/Indianapolis,USD
UP-20260916-0054,2026-09-16T19:00:00+00:00,DEMO-ITEM-20260916-0054,GW-006,Goodwillfinds,DEMO-UPRIGHT-0054,"Wool cardigan, size S",Apparel,1,55.29,6.99,3.87,5.52,0.00,55.29,upright_replica,true,one row per paid order,2026-09-16,America/Indiana/Indianapolis,USD
UP-20260916-0055,2026-09-16T20:00:00+00:00,DEMO-ITEM-20260916-0055,GW-007,Shopgoodwill,DEMO-UPRIGHT-0055,Framed landscape print,Art,1,57.40,7.99,4.01,5.74,0.00,57.40,upright_replica,true,one row per paid order,2026-09-16,America/Indiana/Indianapolis,USD
UP-20260916-0056,2026-09-16T21:00:00+00:00,DEMO-ITEM-20260916-0056,GW-008,eBay,DEMO-UPRIGHT-0056,Silver-tone necklace,Jewelry,1,59.51,3.99,4.16,5.95,0.00,59.51,upright_replica,true,one row per paid order,2026-09-16,America/Indiana/Indianapolis,USD
UP-20260916-0057,2026-09-16T18:00:00+00:00,DEMO-ITEM-20260916-0057,GW-009,Goodwillfinds,DEMO-UPRIGHT-0057,Vintage ceramic vase,Home,1,61.62,4.99,4.31,6.16,0.00,61.62,upright_replica,true,one row per paid order,2026-09-16,America/Indiana/Indianapolis,USD
UP-20260916-0058,2026-09-16T19:00:00+00:00,DEMO-ITEM-20260916-0058,GW-010,Shopgoodwill,DEMO-UPRIGHT-0058,"Wool cardigan, size S",Apparel,1,63.73,5.99,4.46,6.37,0.00,63.73,upright_replica,true,one row per paid order,2026-09-16,America/Indiana/Indianapolis,USD
UP-20260916-0059,2026-09-16T20:00:00+00:00,DEMO-ITEM-20260916-0059,GW-011,eBay,DEMO-UPRIGHT-0059,Framed landscape print,Art,1,65.84,6.99,4.60,6.58,0.00,65.84,upright_replica,true,one row per paid order,2026-09-16,America/Indiana/Indianapolis,USD
UP-20260916-0060,2026-09-16T21:00:00+00:00,DEMO-ITEM-20260916-0060,GW-012,Goodwillfinds,DEMO-UPRIGHT-0060,Silver-tone necklace,Jewelry,1,67.95,7.99,4.75,6.79,0.00,67.95,upright_replica,true,one row per paid order,2026-09-16,America/Indiana/Indianapolis,USD
UP-20260916-0061,2026-09-16T18:00:00+00:00,DEMO-ITEM-20260916-0061,GW-013,Shopgoodwill,DEMO-UPRIGHT-0061,Vintage ceramic vase,Home,1,70.06,3.99,4.90,7.00,0.00,70.06,upright_replica,true,one row per paid order,2026-09-16,America/Indiana/Indianapolis,USD
UP-20260916-0062,2026-09-16T19:00:00+00:00,DEMO-ITEM-20260916-0062,GW-014,eBay,DEMO-UPRIGHT-0062,"Wool cardigan, size S",Apparel,1,72.17,4.99,5.05,7.21,0.00,72.17,upright_replica,true,one row per paid order,2026-09-16,America/Indiana/Indianapolis,USD
UP-20260916-0063,2026-09-16T20:00:00+00:00,DEMO-ITEM-20260916-0063,GW-015,Goodwillfinds,DEMO-UPRIGHT-0063,Framed landscape print,Art,1,74.28,5.99,5.19,7.42,0.00,74.28,upright_replica,true,one row per paid order,2026-09-16,America/Indiana/Indianapolis,USD
UP-20260916-0064,2026-09-16T21:00:00+00:00,DEMO-ITEM-20260916-0064,GW-016,Shopgoodwill,DEMO-UPRIGHT-0064,Silver-tone necklace,Jewelry,1,76.39,6.99,5.34,7.63,0.00,76.39,upright_replica,true,one row per paid order,2026-09-16,America/Indiana/Indianapolis,USD
UP-20260916-0065,2026-09-16T18:00:00+00:00,DEMO-ITEM-20260916-0065,GW-017,eBay,DEMO-UPRIGHT-0065,Vintage ceramic vase,Home,1,78.50,7.99,5.49,7.85,0.00,78.50,upright_replica,true,one row per paid order,2026-09-16,America/Indiana/Indianapolis,USD
UP-20260916-0066,2026-09-16T19:00:00+00:00,DEMO-ITEM-20260916-0066,GW-018,Goodwillfinds,DEMO-UPRIGHT-0066,"Wool cardigan, size S",Apparel,1,80.61,3.99,5.64,8.06,0.00,80.61,upright_replica,true,one row per paid order,2026-09-16,America/Indiana/Indianapolis,USD
UP-20260916-0067,2026-09-16T20:00:00+00:00,DEMO-ITEM-20260916-0067,GW-019,Shopgoodwill,DEMO-UPRIGHT-0067,Framed landscape print,Art,1,82.72,4.99,5.79,8.27,0.00,82.72,upright_replica,true,one row per paid order,2026-09-16,America/Indiana/Indianapolis,USD
UP-20260916-0068,2026-09-16T21:00:00+00:00,DEMO-ITEM-20260916-0068,GW-020,eBay,DEMO-UPRIGHT-0068,Silver-tone necklace,Jewelry,1,84.83,5.99,5.93,8.48,0.00,84.83,upright_replica,true,one row per paid order,2026-09-16,America/Indiana/Indianapolis,USD
UP-20260916-0069,2026-09-16T18:00:00+00:00,DEMO-ITEM-20260916-0069,GW-021,Goodwillfinds,DEMO-UPRIGHT-0069,Vintage ceramic vase,Home,1,86.94,6.99,6.08,8.69,43.47,43.47,upright_replica,true,one row per paid order,2026-09-16,America/Indiana/Indianapolis,USD
UP-20260916-0070,2026-09-16T19:00:00+00:00,DEMO-ITEM-20260916-0070,GW-022,Shopgoodwill,DEMO-UPRIGHT-0070,"Wool cardigan, size S",Apparel,1,89.05,7.99,6.23,8.90,0.00,89.05,upright_replica,true,one row per paid order,2026-09-16,America/Indiana/Indianapolis,USD
UP-20260916-0071,2026-09-16T20:00:00+00:00,DEMO-ITEM-20260916-0071,GW-023,eBay,DEMO-UPRIGHT-0071,Framed landscape print,Art,1,91.16,3.99,6.38,9.11,0.00,91.16,upright_replica,true,one row per paid order,2026-09-16,America/Indiana/Indianapolis,USD
UP-20260916-0072,2026-09-16T21:00:00+00:00,DEMO-ITEM-20260916-0072,GW-024,Goodwillfinds,DEMO-UPRIGHT-0072,Silver-tone necklace,Jewelry,1,93.27,4.99,6.52,9.32,0.00,93.27,upright_replica,true,one row per paid order,2026-09-16,America/Indiana/Indianapolis,USD
UP-20260916-0073,2026-09-16T18:00:00+00:00,DEMO-ITEM-20260916-0073,GW-001,Shopgoodwill,DEMO-UPRIGHT-0073,Vintage ceramic vase,Home,1,95.38,5.99,6.67,9.53,0.00,95.38,upright_replica,true,one row per paid order,2026-09-16,America/Indiana/Indianapolis,USD
UP-20260916-0074,2026-09-16T19:00:00+00:00,DEMO-ITEM-20260916-0074,GW-002,eBay,DEMO-UPRIGHT-0074,"Wool cardigan, size S",Apparel,1,97.49,6.99,6.82,9.74,0.00,97.49,upright_replica,true,one row per paid order,2026-09-16,America/Indiana/Indianapolis,USD
UP-20260916-0075,2026-09-16T20:00:00+00:00,DEMO-ITEM-20260916-0075,GW-003,Goodwillfinds,DEMO-UPRIGHT-0075,Framed landscape print,Art,1,99.60,7.99,6.97,9.96,0.00,99.60,upright_replica,true,one row per paid order,2026-09-16,America/Indiana/Indianapolis,USD
UP-20260916-0076,2026-09-16T21:00:00+00:00,DEMO-ITEM-20260916-0076,GW-004,Shopgoodwill,DEMO-UPRIGHT-0076,Silver-tone necklace,Jewelry,1,16.71,3.99,1.16,1.67,0.00,16.71,upright_replica,true,one row per paid order,2026-09-16,America/Indiana/Indianapolis,USD
UP-20260916-0077,2026-09-16T18:00:00+00:00,DEMO-ITEM-20260916-0077,GW-005,eBay,DEMO-UPRIGHT-0077,Vintage ceramic vase,Home,1,18.82,4.99,1.31,1.88,0.00,18.82,upright_replica,true,one row per paid order,2026-09-16,America/Indiana/Indianapolis,USD
UP-20260916-0078,2026-09-16T19:00:00+00:00,DEMO-ITEM-20260916-0078,GW-006,Goodwillfinds,DEMO-UPRIGHT-0078,"Wool cardigan, size S",Apparel,1,20.93,5.99,1.46,2.09,0.00,20.93,upright_replica,true,one row per paid order,2026-09-16,America/Indiana/Indianapolis,USD
UP-20260916-0079,2026-09-16T20:00:00+00:00,DEMO-ITEM-20260916-0079,GW-007,Shopgoodwill,DEMO-UPRIGHT-0079,Framed landscape print,Art,1,23.04,6.99,1.61,2.30,0.00,23.04,upright_replica,true,one row per paid order,2026-09-16,America/Indiana/Indianapolis,USD
UP-20260916-0080,2026-09-16T21:00:00+00:00,DEMO-ITEM-20260916-0080,GW-008,eBay,DEMO-UPRIGHT-0080,Silver-tone necklace,Jewelry,1,25.15,7.99,1.76,2.51,0.00,25.15,upright_replica,true,one row per paid order,2026-09-16,America/Indiana/Indianapolis,USD
UP-20260916-0081,2026-09-16T18:00:00+00:00,DEMO-ITEM-20260916-0081,GW-009,Goodwillfinds,DEMO-UPRIGHT-0081,Vintage ceramic vase,Home,1,27.26,3.99,1.90,2.72,0.00,27.26,upright_replica,true,one row per paid order,2026-09-16,America/Indiana/Indianapolis,USD
UP-20260916-0082,2026-09-16T19:00:00+00:00,DEMO-ITEM-20260916-0082,GW-010,Shopgoodwill,DEMO-UPRIGHT-0082,"Wool cardigan, size S",Apparel,1,29.37,4.99,2.05,2.93,0.00,29.37,upright_replica,true,one row per paid order,2026-09-16,America/Indiana/Indianapolis,USD
UP-20260916-0083,2026-09-16T20:00:00+00:00,DEMO-ITEM-20260916-0083,GW-011,eBay,DEMO-UPRIGHT-0083,Framed landscape print,Art,1,31.48,5.99,2.20,3.14,0.00,31.48,upright_replica,true,one row per paid order,2026-09-16,America/Indiana/Indianapolis,USD
UP-20260916-0084,2026-09-16T21:00:00+00:00,DEMO-ITEM-20260916-0084,GW-012,Goodwillfinds,DEMO-UPRIGHT-0084,Silver-tone necklace,Jewelry,1,33.59,6.99,2.35,3.35,0.00,33.59,upright_replica,true,one row per paid order,2026-09-16,America/Indiana/Indianapolis,USD
UP-20260916-0085,2026-09-16T18:00:00+00:00,DEMO-ITEM-20260916-0085,GW-013,Shopgoodwill,DEMO-UPRIGHT-0085,Vintage ceramic vase,Home,1,35.70,7.99,2.49,3.57,0.00,35.70,upright_replica,true,one row per paid order,2026-09-16,America/Indiana/Indianapolis,USD
UP-20260916-0086,2026-09-16T19:00:00+00:00,DEMO-ITEM-20260916-0086,GW-014,eBay,DEMO-UPRIGHT-0086,"Wool cardigan, size S",Apparel,1,37.81,3.99,2.64,3.78,18.90,18.91,upright_replica,true,one row per paid order,2026-09-16,America/Indiana/Indianapolis,USD
UP-20260916-0087,2026-09-16T20:00:00+00:00,DEMO-ITEM-20260916-0087,GW-015,Goodwillfinds,DEMO-UPRIGHT-0087,Framed landscape print,Art,1,39.92,4.99,2.79,3.99,0.00,39.92,upright_replica,true,one row per paid order,2026-09-16,America/Indiana/Indianapolis,USD
UP-20260916-0088,2026-09-16T21:00:00+00:00,DEMO-ITEM-20260916-0088,GW-016,Shopgoodwill,DEMO-UPRIGHT-0088,Silver-tone necklace,Jewelry,1,42.03,5.99,2.94,4.20,0.00,42.03,upright_replica,true,one row per paid order,2026-09-16,America/Indiana/Indianapolis,USD
UP-20260916-0089,2026-09-16T18:00:00+00:00,DEMO-ITEM-20260916-0089,GW-017,eBay,DEMO-UPRIGHT-0089,Vintage ceramic vase,Home,1,44.14,6.99,3.08,4.41,0.00,44.14,upright_replica,true,one row per paid order,2026-09-16,America/Indiana/Indianapolis,USD
UP-20260916-0090,2026-09-16T19:00:00+00:00,DEMO-ITEM-20260916-0090,GW-018,Goodwillfinds,DEMO-UPRIGHT-0001,"Wool cardigan, size S",Apparel,1,46.25,7.99,3.23,4.62,0.00,46.25,upright_replica,true,one row per paid order,2026-09-16,America/Indiana/Indianapolis,USD
UP-20260916-0091,2026-09-16T20:00:00+00:00,DEMO-ITEM-20260916-0091,GW-019,Shopgoodwill,DEMO-UPRIGHT-0002,Framed landscape print,Art,1,48.36,3.99,3.38,4.83,0.00,48.36,upright_replica,true,one row per paid order,2026-09-16,America/Indiana/Indianapolis,USD
UP-20260916-0092,2026-09-16T21:00:00+00:00,DEMO-ITEM-20260916-0092,GW-020,eBay,DEMO-UPRIGHT-0003,Silver-tone necklace,Jewelry,1,50.47,4.99,3.53,5.04,0.00,50.47,upright_replica,true,one row per paid order,2026-09-16,America/Indiana/Indianapolis,USD
UP-20260916-0093,2026-09-16T18:00:00+00:00,DEMO-ITEM-20260916-0093,GW-021,Goodwillfinds,DEMO-UPRIGHT-0004,Vintage ceramic vase,Home,1,52.58,5.99,3.68,5.25,0.00,52.58,upright_replica,true,one row per paid order,2026-09-16,America/Indiana/Indianapolis,USD
UP-20260916-0094,2026-09-16T19:00:00+00:00,DEMO-ITEM-20260916-0094,GW-022,Shopgoodwill,DEMO-UPRIGHT-0005,"Wool cardigan, size S",Apparel,1,54.69,6.99,3.82,5.46,0.00,54.69,upright_replica,true,one row per paid order,2026-09-16,America/Indiana/Indianapolis,USD
UP-20260916-0095,2026-09-16T20:00:00+00:00,DEMO-ITEM-20260916-0095,GW-023,eBay,DEMO-UPRIGHT-0006,Framed landscape print,Art,1,56.80,7.99,3.97,5.68,0.00,56.80,upright_replica,true,one row per paid order,2026-09-16,America/Indiana/Indianapolis,USD
UP-20260916-0096,2026-09-16T21:00:00+00:00,DEMO-ITEM-20260916-0096,GW-024,Goodwillfinds,DEMO-UPRIGHT-0007,Silver-tone necklace,Jewelry,1,58.91,3.99,4.12,5.89,0.00,58.91,upright_replica,true,one row per paid order,2026-09-16,America/Indiana/Indianapolis,USD
UP-20260916-0097,2026-09-16T18:00:00+00:00,DEMO-ITEM-20260916-0097,GW-001,Shopgoodwill,DEMO-UPRIGHT-0008,Vintage ceramic vase,Home,1,61.02,4.99,4.27,6.10,0.00,61.02,upright_replica,true,one row per paid order,2026-09-16,America/Indiana/Indianapolis,USD
UP-20260916-0098,2026-09-16T19:00:00+00:00,DEMO-ITEM-20260916-0098,GW-002,eBay,DEMO-UPRIGHT-0009,"Wool cardigan, size S",Apparel,1,63.13,5.99,4.41,6.31,0.00,63.13,upright_replica,true,one row per paid order,2026-09-16,America/Indiana/Indianapolis,USD
UP-20260916-0099,2026-09-16T20:00:00+00:00,DEMO-ITEM-20260916-0099,GW-003,Goodwillfinds,DEMO-UPRIGHT-0010,Framed landscape print,Art,1,65.24,6.99,4.56,6.52,0.00,65.24,upright_replica,true,one row per paid order,2026-09-16,America/Indiana/Indianapolis,USD
UP-20260916-0100,2026-09-16T21:00:00+00:00,DEMO-ITEM-20260916-0100,GW-004,Shopgoodwill,DEMO-UPRIGHT-0011,Silver-tone necklace,Jewelry,1,67.35,7.99,4.71,6.73,0.00,67.35,upright_replica,true,one row per paid order,2026-09-16,America/Indiana/Indianapolis,USD
UP-20260916-0101,2026-09-16T18:00:00+00:00,DEMO-ITEM-20260916-0101,GW-005,eBay,DEMO-UPRIGHT-0012,Vintage ceramic vase,Home,1,69.46,3.99,4.86,6.94,0.00,69.46,upright_replica,true,one row per paid order,2026-09-16,America/Indiana/Indianapolis,USD
UP-20260916-0102,2026-09-16T19:00:00+00:00,DEMO-ITEM-20260916-0102,GW-006,Goodwillfinds,DEMO-UPRIGHT-0013,"Wool cardigan, size S",Apparel,1,71.57,4.99,5.00,7.15,0.00,71.57,upright_replica,true,one row per paid order,2026-09-16,America/Indiana/Indianapolis,USD
UP-20260916-0103,2026-09-16T20:00:00+00:00,DEMO-ITEM-20260916-0103,GW-007,Shopgoodwill,DEMO-UPRIGHT-0014,Framed landscape print,Art,1,73.68,5.99,5.15,7.36,36.84,36.84,upright_replica,true,one row per paid order,2026-09-16,America/Indiana/Indianapolis,USD
UP-20260916-0104,2026-09-16T21:00:00+00:00,DEMO-ITEM-20260916-0104,GW-008,eBay,DEMO-UPRIGHT-0015,Silver-tone necklace,Jewelry,1,75.79,6.99,5.30,7.57,0.00,75.79,upright_replica,true,one row per paid order,2026-09-16,America/Indiana/Indianapolis,USD
UP-20260916-0105,2026-09-16T18:00:00+00:00,DEMO-ITEM-20260916-0105,GW-009,Goodwillfinds,DEMO-UPRIGHT-0016,Vintage ceramic vase,Home,1,77.90,7.99,5.45,7.79,0.00,77.90,upright_replica,true,one row per paid order,2026-09-16,America/Indiana/Indianapolis,USD
UP-20260916-0106,2026-09-16T19:00:00+00:00,DEMO-ITEM-20260916-0106,GW-010,Shopgoodwill,DEMO-UPRIGHT-0017,"Wool cardigan, size S",Apparel,1,80.01,3.99,5.60,8.00,0.00,80.01,upright_replica,true,one row per paid order,2026-09-16,America/Indiana/Indianapolis,USD
UP-20260916-0107,2026-09-16T20:00:00+00:00,DEMO-ITEM-20260916-0107,GW-011,eBay,DEMO-UPRIGHT-0018,Framed landscape print,Art,1,82.12,4.99,5.74,8.21,0.00,82.12,upright_replica,true,one row per paid order,2026-09-16,America/Indiana/Indianapolis,USD
UP-20260916-0108,2026-09-16T21:00:00+00:00,DEMO-ITEM-20260916-0108,GW-012,Goodwillfinds,DEMO-UPRIGHT-0019,Silver-tone necklace,Jewelry,1,84.23,5.99,5.89,8.42,0.00,84.23,upright_replica,true,one row per paid order,2026-09-16,America/Indiana/Indianapolis,USD
UP-20260916-0109,2026-09-16T18:00:00+00:00,DEMO-ITEM-20260916-0109,GW-013,Shopgoodwill,DEMO-UPRIGHT-0020,Vintage ceramic vase,Home,1,86.34,6.99,6.04,8.63,0.00,86.34,upright_replica,true,one row per paid order,2026-09-16,America/Indiana/Indianapolis,USD
UP-20260916-0110,2026-09-16T19:00:00+00:00,DEMO-ITEM-20260916-0110,GW-014,eBay,DEMO-UPRIGHT-0021,"Wool cardigan, size S",Apparel,1,88.45,7.99,6.19,8.84,0.00,88.45,upright_replica,true,one row per paid order,2026-09-16,America/Indiana/Indianapolis,USD
UP-20260916-0111,2026-09-16T20:00:00+00:00,DEMO-ITEM-20260916-0111,GW-015,Goodwillfinds,DEMO-UPRIGHT-0022,Framed landscape print,Art,1,90.56,3.99,6.33,9.05,0.00,90.56,upright_replica,true,one row per paid order,2026-09-16,America/Indiana/Indianapolis,USD
UP-20260916-0112,2026-09-16T21:00:00+00:00,DEMO-ITEM-20260916-0112,GW-016,Shopgoodwill,DEMO-UPRIGHT-0023,Silver-tone necklace,Jewelry,1,92.67,4.99,6.48,9.26,0.00,92.67,upright_replica,true,one row per paid order,2026-09-16,America/Indiana/Indianapolis,USD
UP-20260916-0113,2026-09-16T18:00:00+00:00,DEMO-ITEM-20260916-0113,GW-017,eBay,DEMO-UPRIGHT-0024,Vintage ceramic vase,Home,1,94.78,5.99,6.63,9.47,0.00,94.78,upright_replica,true,one row per paid order,2026-09-16,America/Indiana/Indianapolis,USD
UP-20260916-0114,2026-09-16T19:00:00+00:00,DEMO-ITEM-20260916-0114,GW-018,Goodwillfinds,DEMO-UPRIGHT-0025,"Wool cardigan, size S",Apparel,1,96.89,6.99,6.78,9.68,0.00,96.89,upright_replica,true,one row per paid order,2026-09-16,America/Indiana/Indianapolis,USD
UP-20260916-0115,2026-09-16T20:00:00+00:00,DEMO-ITEM-20260916-0115,GW-019,Shopgoodwill,DEMO-UPRIGHT-0026,Framed landscape print,Art,1,99.00,7.99,6.93,9.90,0.00,99.00,upright_replica,true,one row per paid order,2026-09-16,America/Indiana/Indianapolis,USD
UP-20260916-0116,2026-09-16T21:00:00+00:00,DEMO-ITEM-20260916-0116,GW-020,eBay,DEMO-UPRIGHT-0027,Silver-tone necklace,Jewelry,1,16.11,3.99,1.12,1.61,0.00,16.11,upright_replica,true,one row per paid order,2026-09-16,America/Indiana/Indianapolis,USD
UP-20260916-0117,2026-09-16T18:00:00+00:00,DEMO-ITEM-20260916-0117,GW-021,Goodwillfinds,DEMO-UPRIGHT-0028,Vintage ceramic vase,Home,1,18.22,4.99,1.27,1.82,0.00,18.22,upright_replica,true,one row per paid order,2026-09-16,America/Indiana/Indianapolis,USD
UP-20260916-0118,2026-09-16T19:00:00+00:00,DEMO-ITEM-20260916-0118,GW-022,Shopgoodwill,DEMO-UPRIGHT-0029,"Wool cardigan, size S",Apparel,1,20.33,5.99,1.42,2.03,0.00,20.33,upright_replica,true,one row per paid order,2026-09-16,America/Indiana/Indianapolis,USD
UP-20260916-0119,2026-09-16T20:00:00+00:00,DEMO-ITEM-20260916-0119,GW-023,eBay,DEMO-UPRIGHT-0030,Framed landscape print,Art,1,22.44,6.99,1.57,2.24,0.00,22.44,upright_replica,true,one row per paid order,2026-09-16,America/Indiana/Indianapolis,USD
UP-20260916-0120,2026-09-16T21:00:00+00:00,DEMO-ITEM-20260916-0120,GW-024,Goodwillfinds,DEMO-UPRIGHT-0031,Silver-tone necklace,Jewelry,1,24.55,7.99,1.71,2.45,12.27,12.28,upright_replica,true,one row per paid order,2026-09-16,America/Indiana/Indianapolis,USD
UP-20260916-0121,2026-09-16T18:00:00+00:00,DEMO-ITEM-20260916-0121,GW-001,Shopgoodwill,DEMO-UPRIGHT-0032,Vintage ceramic vase,Home,1,26.66,3.99,1.86,2.66,0.00,26.66,upright_replica,true,one row per paid order,2026-09-16,America/Indiana/Indianapolis,USD
UP-20260916-0122,2026-09-16T19:00:00+00:00,DEMO-ITEM-20260916-0122,GW-002,eBay,DEMO-UPRIGHT-0033,"Wool cardigan, size S",Apparel,1,28.77,4.99,2.01,2.87,0.00,28.77,upright_replica,true,one row per paid order,2026-09-16,America/Indiana/Indianapolis,USD
UP-20260916-0123,2026-09-16T20:00:00+00:00,DEMO-ITEM-20260916-0123,GW-003,Goodwillfinds,DEMO-UPRIGHT-0034,Framed landscape print,Art,1,30.88,5.99,2.16,3.08,0.00,30.88,upright_replica,true,one row per paid order,2026-09-16,America/Indiana/Indianapolis,USD
UP-20260916-0124,2026-09-16T21:00:00+00:00,DEMO-ITEM-20260916-0124,GW-004,Shopgoodwill,DEMO-UPRIGHT-0035,Silver-tone necklace,Jewelry,1,32.99,6.99,2.30,3.29,0.00,32.99,upright_replica,true,one row per paid order,2026-09-16,America/Indiana/Indianapolis,USD
UP-20260916-0125,2026-09-16T18:00:00+00:00,DEMO-ITEM-20260916-0125,GW-005,eBay,DEMO-UPRIGHT-0036,Vintage ceramic vase,Home,1,35.10,7.99,2.45,3.51,0.00,35.10,upright_replica,true,one row per paid order,2026-09-16,America/Indiana/Indianapolis,USD
UP-20260916-0126,2026-09-16T19:00:00+00:00,DEMO-ITEM-20260916-0126,GW-006,Goodwillfinds,DEMO-UPRIGHT-0037,"Wool cardigan, size S",Apparel,1,37.21,3.99,2.60,3.72,0.00,37.21,upright_replica,true,one row per paid order,2026-09-16,America/Indiana/Indianapolis,USD
UP-20260916-0127,2026-09-16T20:00:00+00:00,DEMO-ITEM-20260916-0127,GW-007,Shopgoodwill,DEMO-UPRIGHT-0038,Framed landscape print,Art,1,39.32,4.99,2.75,3.93,0.00,39.32,upright_replica,true,one row per paid order,2026-09-16,America/Indiana/Indianapolis,USD
UP-20260916-0128,2026-09-16T21:00:00+00:00,DEMO-ITEM-20260916-0128,GW-008,eBay,DEMO-UPRIGHT-0039,Silver-tone necklace,Jewelry,1,41.43,5.99,2.90,4.14,0.00,41.43,upright_replica,true,one row per paid order,2026-09-16,America/Indiana/Indianapolis,USD
UP-20260917-0001,2026-09-17T18:00:00+00:00,DEMO-ITEM-20260917-0001,GW-001,Shopgoodwill,DEMO-UPRIGHT-0001,Vintage ceramic vase,Home,1,29.83,3.99,2.08,2.98,14.91,14.92,upright_replica,true,one row per paid order,2026-09-17,America/Indiana/Indianapolis,USD
UP-20260917-0002,2026-09-17T19:00:00+00:00,DEMO-ITEM-20260917-0002,GW-002,eBay,DEMO-UPRIGHT-0002,"Wool cardigan, size S",Apparel,1,31.94,4.99,2.23,3.19,0.00,31.94,upright_replica,true,one row per paid order,2026-09-17,America/Indiana/Indianapolis,USD
UP-20260917-0003,2026-09-17T20:00:00+00:00,DEMO-ITEM-20260917-0003,GW-003,Goodwillfinds,DEMO-UPRIGHT-0003,Framed landscape print,Art,1,34.05,5.99,2.38,3.40,0.00,34.05,upright_replica,true,one row per paid order,2026-09-17,America/Indiana/Indianapolis,USD
UP-20260917-0004,2026-09-17T21:00:00+00:00,DEMO-ITEM-20260917-0004,GW-004,Shopgoodwill,DEMO-UPRIGHT-0004,Silver-tone necklace,Jewelry,1,36.16,6.99,2.53,3.61,0.00,36.16,upright_replica,true,one row per paid order,2026-09-17,America/Indiana/Indianapolis,USD
UP-20260917-0005,2026-09-17T18:00:00+00:00,DEMO-ITEM-20260917-0005,GW-005,eBay,DEMO-UPRIGHT-0005,Vintage ceramic vase,Home,1,38.27,7.99,2.67,3.82,0.00,38.27,upright_replica,true,one row per paid order,2026-09-17,America/Indiana/Indianapolis,USD
UP-20260917-0006,2026-09-17T19:00:00+00:00,DEMO-ITEM-20260917-0006,GW-006,Goodwillfinds,DEMO-UPRIGHT-0006,"Wool cardigan, size S",Apparel,1,40.38,3.99,2.82,4.03,0.00,40.38,upright_replica,true,one row per paid order,2026-09-17,America/Indiana/Indianapolis,USD
UP-20260917-0007,2026-09-17T20:00:00+00:00,DEMO-ITEM-20260917-0007,GW-007,Shopgoodwill,DEMO-UPRIGHT-0007,Framed landscape print,Art,1,42.49,4.99,2.97,4.24,0.00,42.49,upright_replica,true,one row per paid order,2026-09-17,America/Indiana/Indianapolis,USD
UP-20260917-0008,2026-09-17T21:00:00+00:00,DEMO-ITEM-20260917-0008,GW-008,eBay,DEMO-UPRIGHT-0008,Silver-tone necklace,Jewelry,1,44.60,5.99,3.12,4.46,0.00,44.60,upright_replica,true,one row per paid order,2026-09-17,America/Indiana/Indianapolis,USD
UP-20260917-0009,2026-09-17T18:00:00+00:00,DEMO-ITEM-20260917-0009,GW-009,Goodwillfinds,DEMO-UPRIGHT-0009,Vintage ceramic vase,Home,1,46.71,6.99,3.26,4.67,0.00,46.71,upright_replica,true,one row per paid order,2026-09-17,America/Indiana/Indianapolis,USD
UP-20260917-0010,2026-09-17T19:00:00+00:00,DEMO-ITEM-20260917-0010,GW-010,Shopgoodwill,DEMO-UPRIGHT-0010,"Wool cardigan, size S",Apparel,1,48.82,7.99,3.41,4.88,0.00,48.82,upright_replica,true,one row per paid order,2026-09-17,America/Indiana/Indianapolis,USD
UP-20260917-0011,2026-09-17T20:00:00+00:00,DEMO-ITEM-20260917-0011,GW-011,eBay,DEMO-UPRIGHT-0011,Framed landscape print,Art,1,50.93,3.99,3.56,5.09,0.00,50.93,upright_replica,true,one row per paid order,2026-09-17,America/Indiana/Indianapolis,USD
UP-20260917-0012,2026-09-17T21:00:00+00:00,DEMO-ITEM-20260917-0012,GW-012,Goodwillfinds,DEMO-UPRIGHT-0012,Silver-tone necklace,Jewelry,1,53.04,4.99,3.71,5.30,0.00,53.04,upright_replica,true,one row per paid order,2026-09-17,America/Indiana/Indianapolis,USD
UP-20260917-0013,2026-09-17T18:00:00+00:00,DEMO-ITEM-20260917-0013,GW-013,Shopgoodwill,DEMO-UPRIGHT-0013,Vintage ceramic vase,Home,1,55.15,5.99,3.86,5.51,0.00,55.15,upright_replica,true,one row per paid order,2026-09-17,America/Indiana/Indianapolis,USD
UP-20260917-0014,2026-09-17T19:00:00+00:00,DEMO-ITEM-20260917-0014,GW-014,eBay,DEMO-UPRIGHT-0014,"Wool cardigan, size S",Apparel,1,57.26,6.99,4.00,5.72,0.00,57.26,upright_replica,true,one row per paid order,2026-09-17,America/Indiana/Indianapolis,USD
UP-20260917-0015,2026-09-17T20:00:00+00:00,DEMO-ITEM-20260917-0015,GW-015,Goodwillfinds,DEMO-UPRIGHT-0015,Framed landscape print,Art,1,59.37,7.99,4.15,5.93,0.00,59.37,upright_replica,true,one row per paid order,2026-09-17,America/Indiana/Indianapolis,USD
UP-20260917-0016,2026-09-17T21:00:00+00:00,DEMO-ITEM-20260917-0016,GW-016,Shopgoodwill,DEMO-UPRIGHT-0016,Silver-tone necklace,Jewelry,1,61.48,3.99,4.30,6.14,0.00,61.48,upright_replica,true,one row per paid order,2026-09-17,America/Indiana/Indianapolis,USD
UP-20260917-0017,2026-09-17T18:00:00+00:00,DEMO-ITEM-20260917-0017,GW-017,eBay,DEMO-UPRIGHT-0017,Vintage ceramic vase,Home,1,63.59,4.99,4.45,6.35,0.00,63.59,upright_replica,true,one row per paid order,2026-09-17,America/Indiana/Indianapolis,USD
UP-20260917-0018,2026-09-17T19:00:00+00:00,DEMO-ITEM-20260917-0018,GW-018,Goodwillfinds,DEMO-UPRIGHT-0018,"Wool cardigan, size S",Apparel,1,65.70,5.99,4.59,6.57,32.85,32.85,upright_replica,true,one row per paid order,2026-09-17,America/Indiana/Indianapolis,USD
UP-20260917-0019,2026-09-17T20:00:00+00:00,DEMO-ITEM-20260917-0019,GW-019,Shopgoodwill,DEMO-UPRIGHT-0019,Framed landscape print,Art,1,67.81,6.99,4.74,6.78,0.00,67.81,upright_replica,true,one row per paid order,2026-09-17,America/Indiana/Indianapolis,USD
UP-20260917-0020,2026-09-17T21:00:00+00:00,DEMO-ITEM-20260917-0020,GW-020,eBay,DEMO-UPRIGHT-0020,Silver-tone necklace,Jewelry,1,69.92,7.99,4.89,6.99,0.00,69.92,upright_replica,true,one row per paid order,2026-09-17,America/Indiana/Indianapolis,USD
UP-20260917-0021,2026-09-17T18:00:00+00:00,DEMO-ITEM-20260917-0021,GW-021,Goodwillfinds,DEMO-UPRIGHT-0021,Vintage ceramic vase,Home,1,72.03,3.99,5.04,7.20,0.00,72.03,upright_replica,true,one row per paid order,2026-09-17,America/Indiana/Indianapolis,USD
UP-20260917-0022,2026-09-17T19:00:00+00:00,DEMO-ITEM-20260917-0022,GW-022,Shopgoodwill,DEMO-UPRIGHT-0022,"Wool cardigan, size S",Apparel,1,74.14,4.99,5.18,7.41,0.00,74.14,upright_replica,true,one row per paid order,2026-09-17,America/Indiana/Indianapolis,USD
UP-20260917-0023,2026-09-17T20:00:00+00:00,DEMO-ITEM-20260917-0023,GW-023,eBay,DEMO-UPRIGHT-0023,Framed landscape print,Art,1,76.25,5.99,5.33,7.62,0.00,76.25,upright_replica,true,one row per paid order,2026-09-17,America/Indiana/Indianapolis,USD
UP-20260917-0024,2026-09-17T21:00:00+00:00,DEMO-ITEM-20260917-0024,GW-024,Goodwillfinds,DEMO-UPRIGHT-0024,Silver-tone necklace,Jewelry,1,78.36,6.99,5.48,7.83,0.00,78.36,upright_replica,true,one row per paid order,2026-09-17,America/Indiana/Indianapolis,USD
UP-20260917-0025,2026-09-17T18:00:00+00:00,DEMO-ITEM-20260917-0025,GW-001,Shopgoodwill,DEMO-UPRIGHT-0025,Vintage ceramic vase,Home,1,80.47,7.99,5.63,8.04,0.00,80.47,upright_replica,true,one row per paid order,2026-09-17,America/Indiana/Indianapolis,USD
UP-20260917-0026,2026-09-17T19:00:00+00:00,DEMO-ITEM-20260917-0026,GW-002,eBay,DEMO-UPRIGHT-0026,"Wool cardigan, size S",Apparel,1,82.58,3.99,5.78,8.25,0.00,82.58,upright_replica,true,one row per paid order,2026-09-17,America/Indiana/Indianapolis,USD
UP-20260917-0027,2026-09-17T20:00:00+00:00,DEMO-ITEM-20260917-0027,GW-003,Goodwillfinds,DEMO-UPRIGHT-0027,Framed landscape print,Art,1,84.69,4.99,5.92,8.46,0.00,84.69,upright_replica,true,one row per paid order,2026-09-17,America/Indiana/Indianapolis,USD
UP-20260917-0028,2026-09-17T21:00:00+00:00,DEMO-ITEM-20260917-0028,GW-004,Shopgoodwill,DEMO-UPRIGHT-0028,Silver-tone necklace,Jewelry,1,86.80,5.99,6.07,8.68,0.00,86.80,upright_replica,true,one row per paid order,2026-09-17,America/Indiana/Indianapolis,USD
UP-20260917-0029,2026-09-17T18:00:00+00:00,DEMO-ITEM-20260917-0029,GW-005,eBay,DEMO-UPRIGHT-0029,Vintage ceramic vase,Home,1,88.91,6.99,6.22,8.89,0.00,88.91,upright_replica,true,one row per paid order,2026-09-17,America/Indiana/Indianapolis,USD
UP-20260917-0030,2026-09-17T19:00:00+00:00,DEMO-ITEM-20260917-0030,GW-006,Goodwillfinds,DEMO-UPRIGHT-0030,"Wool cardigan, size S",Apparel,1,91.02,7.99,6.37,9.10,0.00,91.02,upright_replica,true,one row per paid order,2026-09-17,America/Indiana/Indianapolis,USD
UP-20260917-0031,2026-09-17T20:00:00+00:00,DEMO-ITEM-20260917-0031,GW-007,Shopgoodwill,DEMO-UPRIGHT-0031,Framed landscape print,Art,1,93.13,3.99,6.51,9.31,0.00,93.13,upright_replica,true,one row per paid order,2026-09-17,America/Indiana/Indianapolis,USD
UP-20260917-0032,2026-09-17T21:00:00+00:00,DEMO-ITEM-20260917-0032,GW-008,eBay,DEMO-UPRIGHT-0032,Silver-tone necklace,Jewelry,1,95.24,4.99,6.66,9.52,0.00,95.24,upright_replica,true,one row per paid order,2026-09-17,America/Indiana/Indianapolis,USD
UP-20260917-0033,2026-09-17T18:00:00+00:00,DEMO-ITEM-20260917-0033,GW-009,Goodwillfinds,DEMO-UPRIGHT-0033,Vintage ceramic vase,Home,1,97.35,5.99,6.81,9.73,0.00,97.35,upright_replica,true,one row per paid order,2026-09-17,America/Indiana/Indianapolis,USD
UP-20260917-0034,2026-09-17T19:00:00+00:00,DEMO-ITEM-20260917-0034,GW-010,Shopgoodwill,DEMO-UPRIGHT-0034,"Wool cardigan, size S",Apparel,1,99.46,6.99,6.96,9.94,0.00,99.46,upright_replica,true,one row per paid order,2026-09-17,America/Indiana/Indianapolis,USD
UP-20260917-0035,2026-09-17T20:00:00+00:00,DEMO-ITEM-20260917-0035,GW-011,eBay,DEMO-UPRIGHT-0035,Framed landscape print,Art,1,16.57,7.99,1.15,1.65,8.28,8.29,upright_replica,true,one row per paid order,2026-09-17,America/Indiana/Indianapolis,USD
UP-20260917-0036,2026-09-17T21:00:00+00:00,DEMO-ITEM-20260917-0036,GW-012,Goodwillfinds,DEMO-UPRIGHT-0036,Silver-tone necklace,Jewelry,1,18.68,3.99,1.30,1.86,0.00,18.68,upright_replica,true,one row per paid order,2026-09-17,America/Indiana/Indianapolis,USD
UP-20260917-0037,2026-09-17T18:00:00+00:00,DEMO-ITEM-20260917-0037,GW-013,Shopgoodwill,DEMO-UPRIGHT-0037,Vintage ceramic vase,Home,1,20.79,4.99,1.45,2.07,0.00,20.79,upright_replica,true,one row per paid order,2026-09-17,America/Indiana/Indianapolis,USD
UP-20260917-0038,2026-09-17T19:00:00+00:00,DEMO-ITEM-20260917-0038,GW-014,eBay,DEMO-UPRIGHT-0038,"Wool cardigan, size S",Apparel,1,22.90,5.99,1.60,2.29,0.00,22.90,upright_replica,true,one row per paid order,2026-09-17,America/Indiana/Indianapolis,USD
UP-20260917-0039,2026-09-17T20:00:00+00:00,DEMO-ITEM-20260917-0039,GW-015,Goodwillfinds,DEMO-UPRIGHT-0039,Framed landscape print,Art,1,25.01,6.99,1.75,2.50,0.00,25.01,upright_replica,true,one row per paid order,2026-09-17,America/Indiana/Indianapolis,USD
UP-20260917-0040,2026-09-17T21:00:00+00:00,DEMO-ITEM-20260917-0040,GW-016,Shopgoodwill,DEMO-UPRIGHT-0040,Silver-tone necklace,Jewelry,1,27.12,7.99,1.89,2.71,0.00,27.12,upright_replica,true,one row per paid order,2026-09-17,America/Indiana/Indianapolis,USD
UP-20260917-0041,2026-09-17T18:00:00+00:00,DEMO-ITEM-20260917-0041,GW-017,eBay,DEMO-UPRIGHT-0041,Vintage ceramic vase,Home,1,29.23,3.99,2.04,2.92,0.00,29.23,upright_replica,true,one row per paid order,2026-09-17,America/Indiana/Indianapolis,USD
UP-20260917-0042,2026-09-17T19:00:00+00:00,DEMO-ITEM-20260917-0042,GW-018,Goodwillfinds,DEMO-UPRIGHT-0042,"Wool cardigan, size S",Apparel,1,31.34,4.99,2.19,3.13,0.00,31.34,upright_replica,true,one row per paid order,2026-09-17,America/Indiana/Indianapolis,USD
UP-20260917-0043,2026-09-17T20:00:00+00:00,DEMO-ITEM-20260917-0043,GW-019,Shopgoodwill,DEMO-UPRIGHT-0043,Framed landscape print,Art,1,33.45,5.99,2.34,3.34,0.00,33.45,upright_replica,true,one row per paid order,2026-09-17,America/Indiana/Indianapolis,USD
UP-20260917-0044,2026-09-17T21:00:00+00:00,DEMO-ITEM-20260917-0044,GW-020,eBay,DEMO-UPRIGHT-0044,Silver-tone necklace,Jewelry,1,35.56,6.99,2.48,3.55,0.00,35.56,upright_replica,true,one row per paid order,2026-09-17,America/Indiana/Indianapolis,USD
UP-20260917-0045,2026-09-17T18:00:00+00:00,DEMO-ITEM-20260917-0045,GW-021,Goodwillfinds,DEMO-UPRIGHT-0045,Vintage ceramic vase,Home,1,37.67,7.99,2.63,3.76,0.00,37.67,upright_replica,true,one row per paid order,2026-09-17,America/Indiana/Indianapolis,USD
UP-20260917-0046,2026-09-17T19:00:00+00:00,DEMO-ITEM-20260917-0046,GW-022,Shopgoodwill,DEMO-UPRIGHT-0046,"Wool cardigan, size S",Apparel,1,39.78,3.99,2.78,3.97,0.00,39.78,upright_replica,true,one row per paid order,2026-09-17,America/Indiana/Indianapolis,USD
UP-20260917-0047,2026-09-17T20:00:00+00:00,DEMO-ITEM-20260917-0047,GW-023,eBay,DEMO-UPRIGHT-0047,Framed landscape print,Art,1,41.89,4.99,2.93,4.18,0.00,41.89,upright_replica,true,one row per paid order,2026-09-17,America/Indiana/Indianapolis,USD
UP-20260917-0048,2026-09-17T21:00:00+00:00,DEMO-ITEM-20260917-0048,GW-024,Goodwillfinds,DEMO-UPRIGHT-0048,Silver-tone necklace,Jewelry,1,44.00,5.99,3.08,4.40,0.00,44.00,upright_replica,true,one row per paid order,2026-09-17,America/Indiana/Indianapolis,USD
UP-20260917-0049,2026-09-17T18:00:00+00:00,DEMO-ITEM-20260917-0049,GW-001,Shopgoodwill,DEMO-UPRIGHT-0049,Vintage ceramic vase,Home,1,46.11,6.99,3.22,4.61,0.00,46.11,upright_replica,true,one row per paid order,2026-09-17,America/Indiana/Indianapolis,USD
UP-20260917-0050,2026-09-17T19:00:00+00:00,DEMO-ITEM-20260917-0050,GW-002,eBay,DEMO-UPRIGHT-0050,"Wool cardigan, size S",Apparel,1,48.22,7.99,3.37,4.82,0.00,48.22,upright_replica,true,one row per paid order,2026-09-17,America/Indiana/Indianapolis,USD
UP-20260917-0051,2026-09-17T20:00:00+00:00,DEMO-ITEM-20260917-0051,GW-003,Goodwillfinds,DEMO-UPRIGHT-0051,Framed landscape print,Art,1,50.33,3.99,3.52,5.03,0.00,50.33,upright_replica,true,one row per paid order,2026-09-17,America/Indiana/Indianapolis,USD
UP-20260917-0052,2026-09-17T21:00:00+00:00,DEMO-ITEM-20260917-0052,GW-004,Shopgoodwill,DEMO-UPRIGHT-0052,Silver-tone necklace,Jewelry,1,52.44,4.99,3.67,5.24,26.22,26.22,upright_replica,true,one row per paid order,2026-09-17,America/Indiana/Indianapolis,USD
UP-20260917-0053,2026-09-17T18:00:00+00:00,DEMO-ITEM-20260917-0053,GW-005,eBay,DEMO-UPRIGHT-0053,Vintage ceramic vase,Home,1,54.55,5.99,3.81,5.45,0.00,54.55,upright_replica,true,one row per paid order,2026-09-17,America/Indiana/Indianapolis,USD
UP-20260917-0054,2026-09-17T19:00:00+00:00,DEMO-ITEM-20260917-0054,GW-006,Goodwillfinds,DEMO-UPRIGHT-0054,"Wool cardigan, size S",Apparel,1,56.66,6.99,3.96,5.66,0.00,56.66,upright_replica,true,one row per paid order,2026-09-17,America/Indiana/Indianapolis,USD
UP-20260917-0055,2026-09-17T20:00:00+00:00,DEMO-ITEM-20260917-0055,GW-007,Shopgoodwill,DEMO-UPRIGHT-0055,Framed landscape print,Art,1,58.77,7.99,4.11,5.87,0.00,58.77,upright_replica,true,one row per paid order,2026-09-17,America/Indiana/Indianapolis,USD
UP-20260917-0056,2026-09-17T21:00:00+00:00,DEMO-ITEM-20260917-0056,GW-008,eBay,DEMO-UPRIGHT-0056,Silver-tone necklace,Jewelry,1,60.88,3.99,4.26,6.08,0.00,60.88,upright_replica,true,one row per paid order,2026-09-17,America/Indiana/Indianapolis,USD
UP-20260917-0057,2026-09-17T18:00:00+00:00,DEMO-ITEM-20260917-0057,GW-009,Goodwillfinds,DEMO-UPRIGHT-0057,Vintage ceramic vase,Home,1,62.99,4.99,4.40,6.29,0.00,62.99,upright_replica,true,one row per paid order,2026-09-17,America/Indiana/Indianapolis,USD
UP-20260917-0058,2026-09-17T19:00:00+00:00,DEMO-ITEM-20260917-0058,GW-010,Shopgoodwill,DEMO-UPRIGHT-0058,"Wool cardigan, size S",Apparel,1,65.10,5.99,4.55,6.51,0.00,65.10,upright_replica,true,one row per paid order,2026-09-17,America/Indiana/Indianapolis,USD
UP-20260917-0059,2026-09-17T20:00:00+00:00,DEMO-ITEM-20260917-0059,GW-011,eBay,DEMO-UPRIGHT-0059,Framed landscape print,Art,1,67.21,6.99,4.70,6.72,0.00,67.21,upright_replica,true,one row per paid order,2026-09-17,America/Indiana/Indianapolis,USD
UP-20260917-0060,2026-09-17T21:00:00+00:00,DEMO-ITEM-20260917-0060,GW-012,Goodwillfinds,DEMO-UPRIGHT-0060,Silver-tone necklace,Jewelry,1,69.32,7.99,4.85,6.93,0.00,69.32,upright_replica,true,one row per paid order,2026-09-17,America/Indiana/Indianapolis,USD
UP-20260917-0061,2026-09-17T18:00:00+00:00,DEMO-ITEM-20260917-0061,GW-013,Shopgoodwill,DEMO-UPRIGHT-0061,Vintage ceramic vase,Home,1,71.43,3.99,5.00,7.14,0.00,71.43,upright_replica,true,one row per paid order,2026-09-17,America/Indiana/Indianapolis,USD
UP-20260917-0062,2026-09-17T19:00:00+00:00,DEMO-ITEM-20260917-0062,GW-014,eBay,DEMO-UPRIGHT-0062,"Wool cardigan, size S",Apparel,1,73.54,4.99,5.14,7.35,0.00,73.54,upright_replica,true,one row per paid order,2026-09-17,America/Indiana/Indianapolis,USD
UP-20260917-0063,2026-09-17T20:00:00+00:00,DEMO-ITEM-20260917-0063,GW-015,Goodwillfinds,DEMO-UPRIGHT-0063,Framed landscape print,Art,1,75.65,5.99,5.29,7.56,0.00,75.65,upright_replica,true,one row per paid order,2026-09-17,America/Indiana/Indianapolis,USD
UP-20260917-0064,2026-09-17T21:00:00+00:00,DEMO-ITEM-20260917-0064,GW-016,Shopgoodwill,DEMO-UPRIGHT-0064,Silver-tone necklace,Jewelry,1,77.76,6.99,5.44,7.77,0.00,77.76,upright_replica,true,one row per paid order,2026-09-17,America/Indiana/Indianapolis,USD
UP-20260917-0065,2026-09-17T18:00:00+00:00,DEMO-ITEM-20260917-0065,GW-017,eBay,DEMO-UPRIGHT-0065,Vintage ceramic vase,Home,1,79.87,7.99,5.59,7.98,0.00,79.87,upright_replica,true,one row per paid order,2026-09-17,America/Indiana/Indianapolis,USD
UP-20260917-0066,2026-09-17T19:00:00+00:00,DEMO-ITEM-20260917-0066,GW-018,Goodwillfinds,DEMO-UPRIGHT-0066,"Wool cardigan, size S",Apparel,1,81.98,3.99,5.73,8.19,0.00,81.98,upright_replica,true,one row per paid order,2026-09-17,America/Indiana/Indianapolis,USD
UP-20260917-0067,2026-09-17T20:00:00+00:00,DEMO-ITEM-20260917-0067,GW-019,Shopgoodwill,DEMO-UPRIGHT-0067,Framed landscape print,Art,1,84.09,4.99,5.88,8.40,0.00,84.09,upright_replica,true,one row per paid order,2026-09-17,America/Indiana/Indianapolis,USD
UP-20260917-0068,2026-09-17T21:00:00+00:00,DEMO-ITEM-20260917-0068,GW-020,eBay,DEMO-UPRIGHT-0068,Silver-tone necklace,Jewelry,1,86.20,5.99,6.03,8.62,0.00,86.20,upright_replica,true,one row per paid order,2026-09-17,America/Indiana/Indianapolis,USD
UP-20260917-0069,2026-09-17T18:00:00+00:00,DEMO-ITEM-20260917-0069,GW-021,Goodwillfinds,DEMO-UPRIGHT-0069,Vintage ceramic vase,Home,1,88.31,6.99,6.18,8.83,44.15,44.16,upright_replica,true,one row per paid order,2026-09-17,America/Indiana/Indianapolis,USD
UP-20260917-0070,2026-09-17T19:00:00+00:00,DEMO-ITEM-20260917-0070,GW-022,Shopgoodwill,DEMO-UPRIGHT-0070,"Wool cardigan, size S",Apparel,1,90.42,7.99,6.32,9.04,0.00,90.42,upright_replica,true,one row per paid order,2026-09-17,America/Indiana/Indianapolis,USD
UP-20260917-0071,2026-09-17T20:00:00+00:00,DEMO-ITEM-20260917-0071,GW-023,eBay,DEMO-UPRIGHT-0071,Framed landscape print,Art,1,92.53,3.99,6.47,9.25,0.00,92.53,upright_replica,true,one row per paid order,2026-09-17,America/Indiana/Indianapolis,USD
UP-20260917-0072,2026-09-17T21:00:00+00:00,DEMO-ITEM-20260917-0072,GW-024,Goodwillfinds,DEMO-UPRIGHT-0072,Silver-tone necklace,Jewelry,1,94.64,4.99,6.62,9.46,0.00,94.64,upright_replica,true,one row per paid order,2026-09-17,America/Indiana/Indianapolis,USD
UP-20260917-0073,2026-09-17T18:00:00+00:00,DEMO-ITEM-20260917-0073,GW-001,Shopgoodwill,DEMO-UPRIGHT-0073,Vintage ceramic vase,Home,1,96.75,5.99,6.77,9.67,0.00,96.75,upright_replica,true,one row per paid order,2026-09-17,America/Indiana/Indianapolis,USD
UP-20260917-0074,2026-09-17T19:00:00+00:00,DEMO-ITEM-20260917-0074,GW-002,eBay,DEMO-UPRIGHT-0074,"Wool cardigan, size S",Apparel,1,98.86,6.99,6.92,9.88,0.00,98.86,upright_replica,true,one row per paid order,2026-09-17,America/Indiana/Indianapolis,USD
UP-20260917-0075,2026-09-17T20:00:00+00:00,DEMO-ITEM-20260917-0075,GW-003,Goodwillfinds,DEMO-UPRIGHT-0075,Framed landscape print,Art,1,15.97,7.99,1.11,1.59,0.00,15.97,upright_replica,true,one row per paid order,2026-09-17,America/Indiana/Indianapolis,USD
UP-20260917-0076,2026-09-17T21:00:00+00:00,DEMO-ITEM-20260917-0076,GW-004,Shopgoodwill,DEMO-UPRIGHT-0076,Silver-tone necklace,Jewelry,1,18.08,3.99,1.26,1.80,0.00,18.08,upright_replica,true,one row per paid order,2026-09-17,America/Indiana/Indianapolis,USD
UP-20260917-0077,2026-09-17T18:00:00+00:00,DEMO-ITEM-20260917-0077,GW-005,eBay,DEMO-UPRIGHT-0077,Vintage ceramic vase,Home,1,20.19,4.99,1.41,2.01,0.00,20.19,upright_replica,true,one row per paid order,2026-09-17,America/Indiana/Indianapolis,USD
UP-20260917-0078,2026-09-17T19:00:00+00:00,DEMO-ITEM-20260917-0078,GW-006,Goodwillfinds,DEMO-UPRIGHT-0078,"Wool cardigan, size S",Apparel,1,22.30,5.99,1.56,2.23,0.00,22.30,upright_replica,true,one row per paid order,2026-09-17,America/Indiana/Indianapolis,USD
UP-20260917-0079,2026-09-17T20:00:00+00:00,DEMO-ITEM-20260917-0079,GW-007,Shopgoodwill,DEMO-UPRIGHT-0079,Framed landscape print,Art,1,24.41,6.99,1.70,2.44,0.00,24.41,upright_replica,true,one row per paid order,2026-09-17,America/Indiana/Indianapolis,USD
UP-20260917-0080,2026-09-17T21:00:00+00:00,DEMO-ITEM-20260917-0080,GW-008,eBay,DEMO-UPRIGHT-0080,Silver-tone necklace,Jewelry,1,26.52,7.99,1.85,2.65,0.00,26.52,upright_replica,true,one row per paid order,2026-09-17,America/Indiana/Indianapolis,USD
UP-20260917-0081,2026-09-17T18:00:00+00:00,DEMO-ITEM-20260917-0081,GW-009,Goodwillfinds,DEMO-UPRIGHT-0081,Vintage ceramic vase,Home,1,28.63,3.99,2.00,2.86,0.00,28.63,upright_replica,true,one row per paid order,2026-09-17,America/Indiana/Indianapolis,USD
UP-20260917-0082,2026-09-17T19:00:00+00:00,DEMO-ITEM-20260917-0082,GW-010,Shopgoodwill,DEMO-UPRIGHT-0082,"Wool cardigan, size S",Apparel,1,30.74,4.99,2.15,3.07,0.00,30.74,upright_replica,true,one row per paid order,2026-09-17,America/Indiana/Indianapolis,USD
UP-20260917-0083,2026-09-17T20:00:00+00:00,DEMO-ITEM-20260917-0083,GW-011,eBay,DEMO-UPRIGHT-0083,Framed landscape print,Art,1,32.85,5.99,2.29,3.28,0.00,32.85,upright_replica,true,one row per paid order,2026-09-17,America/Indiana/Indianapolis,USD
UP-20260917-0084,2026-09-17T21:00:00+00:00,DEMO-ITEM-20260917-0084,GW-012,Goodwillfinds,DEMO-UPRIGHT-0084,Silver-tone necklace,Jewelry,1,34.96,6.99,2.44,3.49,0.00,34.96,upright_replica,true,one row per paid order,2026-09-17,America/Indiana/Indianapolis,USD
UP-20260917-0085,2026-09-17T18:00:00+00:00,DEMO-ITEM-20260917-0085,GW-013,Shopgoodwill,DEMO-UPRIGHT-0085,Vintage ceramic vase,Home,1,37.07,7.99,2.59,3.70,0.00,37.07,upright_replica,true,one row per paid order,2026-09-17,America/Indiana/Indianapolis,USD
UP-20260917-0086,2026-09-17T19:00:00+00:00,DEMO-ITEM-20260917-0086,GW-014,eBay,DEMO-UPRIGHT-0086,"Wool cardigan, size S",Apparel,1,39.18,3.99,2.74,3.91,19.59,19.59,upright_replica,true,one row per paid order,2026-09-17,America/Indiana/Indianapolis,USD
UP-20260917-0087,2026-09-17T20:00:00+00:00,DEMO-ITEM-20260917-0087,GW-015,Goodwillfinds,DEMO-UPRIGHT-0087,Framed landscape print,Art,1,41.29,4.99,2.89,4.12,0.00,41.29,upright_replica,true,one row per paid order,2026-09-17,America/Indiana/Indianapolis,USD
UP-20260917-0088,2026-09-17T21:00:00+00:00,DEMO-ITEM-20260917-0088,GW-016,Shopgoodwill,DEMO-UPRIGHT-0088,Silver-tone necklace,Jewelry,1,43.40,5.99,3.03,4.34,0.00,43.40,upright_replica,true,one row per paid order,2026-09-17,America/Indiana/Indianapolis,USD
UP-20260917-0089,2026-09-17T18:00:00+00:00,DEMO-ITEM-20260917-0089,GW-017,eBay,DEMO-UPRIGHT-0089,Vintage ceramic vase,Home,1,45.51,6.99,3.18,4.55,0.00,45.51,upright_replica,true,one row per paid order,2026-09-17,America/Indiana/Indianapolis,USD
UP-20260917-0090,2026-09-17T19:00:00+00:00,DEMO-ITEM-20260917-0090,GW-018,Goodwillfinds,DEMO-UPRIGHT-0001,"Wool cardigan, size S",Apparel,1,47.62,7.99,3.33,4.76,0.00,47.62,upright_replica,true,one row per paid order,2026-09-17,America/Indiana/Indianapolis,USD
UP-20260917-0091,2026-09-17T20:00:00+00:00,DEMO-ITEM-20260917-0091,GW-019,Shopgoodwill,DEMO-UPRIGHT-0002,Framed landscape print,Art,1,49.73,3.99,3.48,4.97,0.00,49.73,upright_replica,true,one row per paid order,2026-09-17,America/Indiana/Indianapolis,USD
UP-20260917-0092,2026-09-17T21:00:00+00:00,DEMO-ITEM-20260917-0092,GW-020,eBay,DEMO-UPRIGHT-0003,Silver-tone necklace,Jewelry,1,51.84,4.99,3.62,5.18,0.00,51.84,upright_replica,true,one row per paid order,2026-09-17,America/Indiana/Indianapolis,USD
UP-20260917-0093,2026-09-17T18:00:00+00:00,DEMO-ITEM-20260917-0093,GW-021,Goodwillfinds,DEMO-UPRIGHT-0004,Vintage ceramic vase,Home,1,53.95,5.99,3.77,5.39,0.00,53.95,upright_replica,true,one row per paid order,2026-09-17,America/Indiana/Indianapolis,USD
UP-20260917-0094,2026-09-17T19:00:00+00:00,DEMO-ITEM-20260917-0094,GW-022,Shopgoodwill,DEMO-UPRIGHT-0005,"Wool cardigan, size S",Apparel,1,56.06,6.99,3.92,5.60,0.00,56.06,upright_replica,true,one row per paid order,2026-09-17,America/Indiana/Indianapolis,USD
UP-20260917-0095,2026-09-17T20:00:00+00:00,DEMO-ITEM-20260917-0095,GW-023,eBay,DEMO-UPRIGHT-0006,Framed landscape print,Art,1,58.17,7.99,4.07,5.81,0.00,58.17,upright_replica,true,one row per paid order,2026-09-17,America/Indiana/Indianapolis,USD
UP-20260917-0096,2026-09-17T21:00:00+00:00,DEMO-ITEM-20260917-0096,GW-024,Goodwillfinds,DEMO-UPRIGHT-0007,Silver-tone necklace,Jewelry,1,60.28,3.99,4.21,6.02,0.00,60.28,upright_replica,true,one row per paid order,2026-09-17,America/Indiana/Indianapolis,USD
UP-20260917-0097,2026-09-17T18:00:00+00:00,DEMO-ITEM-20260917-0097,GW-001,Shopgoodwill,DEMO-UPRIGHT-0008,Vintage ceramic vase,Home,1,62.39,4.99,4.36,6.23,0.00,62.39,upright_replica,true,one row per paid order,2026-09-17,America/Indiana/Indianapolis,USD
UP-20260917-0098,2026-09-17T19:00:00+00:00,DEMO-ITEM-20260917-0098,GW-002,eBay,DEMO-UPRIGHT-0009,"Wool cardigan, size S",Apparel,1,64.50,5.99,4.51,6.45,0.00,64.50,upright_replica,true,one row per paid order,2026-09-17,America/Indiana/Indianapolis,USD
UP-20260917-0099,2026-09-17T20:00:00+00:00,DEMO-ITEM-20260917-0099,GW-003,Goodwillfinds,DEMO-UPRIGHT-0010,Framed landscape print,Art,1,66.61,6.99,4.66,6.66,0.00,66.61,upright_replica,true,one row per paid order,2026-09-17,America/Indiana/Indianapolis,USD
UP-20260917-0100,2026-09-17T21:00:00+00:00,DEMO-ITEM-20260917-0100,GW-004,Shopgoodwill,DEMO-UPRIGHT-0011,Silver-tone necklace,Jewelry,1,68.72,7.99,4.81,6.87,0.00,68.72,upright_replica,true,one row per paid order,2026-09-17,America/Indiana/Indianapolis,USD
UP-20260917-0101,2026-09-17T18:00:00+00:00,DEMO-ITEM-20260917-0101,GW-005,eBay,DEMO-UPRIGHT-0012,Vintage ceramic vase,Home,1,70.83,3.99,4.95,7.08,0.00,70.83,upright_replica,true,one row per paid order,2026-09-17,America/Indiana/Indianapolis,USD
UP-20260917-0102,2026-09-17T19:00:00+00:00,DEMO-ITEM-20260917-0102,GW-006,Goodwillfinds,DEMO-UPRIGHT-0013,"Wool cardigan, size S",Apparel,1,72.94,4.99,5.10,7.29,0.00,72.94,upright_replica,true,one row per paid order,2026-09-17,America/Indiana/Indianapolis,USD
UP-20260917-0103,2026-09-17T20:00:00+00:00,DEMO-ITEM-20260917-0103,GW-007,Shopgoodwill,DEMO-UPRIGHT-0014,Framed landscape print,Art,1,75.05,5.99,5.25,7.50,37.52,37.53,upright_replica,true,one row per paid order,2026-09-17,America/Indiana/Indianapolis,USD
UP-20260917-0104,2026-09-17T21:00:00+00:00,DEMO-ITEM-20260917-0104,GW-008,eBay,DEMO-UPRIGHT-0015,Silver-tone necklace,Jewelry,1,77.16,6.99,5.40,7.71,0.00,77.16,upright_replica,true,one row per paid order,2026-09-17,America/Indiana/Indianapolis,USD
UP-20260917-0105,2026-09-17T18:00:00+00:00,DEMO-ITEM-20260917-0105,GW-009,Goodwillfinds,DEMO-UPRIGHT-0016,Vintage ceramic vase,Home,1,79.27,7.99,5.54,7.92,0.00,79.27,upright_replica,true,one row per paid order,2026-09-17,America/Indiana/Indianapolis,USD
UP-20260917-0106,2026-09-17T19:00:00+00:00,DEMO-ITEM-20260917-0106,GW-010,Shopgoodwill,DEMO-UPRIGHT-0017,"Wool cardigan, size S",Apparel,1,81.38,3.99,5.69,8.13,0.00,81.38,upright_replica,true,one row per paid order,2026-09-17,America/Indiana/Indianapolis,USD
UP-20260917-0107,2026-09-17T20:00:00+00:00,DEMO-ITEM-20260917-0107,GW-011,eBay,DEMO-UPRIGHT-0018,Framed landscape print,Art,1,83.49,4.99,5.84,8.34,0.00,83.49,upright_replica,true,one row per paid order,2026-09-17,America/Indiana/Indianapolis,USD
UP-20260917-0108,2026-09-17T21:00:00+00:00,DEMO-ITEM-20260917-0108,GW-012,Goodwillfinds,DEMO-UPRIGHT-0019,Silver-tone necklace,Jewelry,1,85.60,5.99,5.99,8.56,0.00,85.60,upright_replica,true,one row per paid order,2026-09-17,America/Indiana/Indianapolis,USD
UP-20260917-0109,2026-09-17T18:00:00+00:00,DEMO-ITEM-20260917-0109,GW-013,Shopgoodwill,DEMO-UPRIGHT-0020,Vintage ceramic vase,Home,1,87.71,6.99,6.13,8.77,0.00,87.71,upright_replica,true,one row per paid order,2026-09-17,America/Indiana/Indianapolis,USD
UP-20260917-0110,2026-09-17T19:00:00+00:00,DEMO-ITEM-20260917-0110,GW-014,eBay,DEMO-UPRIGHT-0021,"Wool cardigan, size S",Apparel,1,89.82,7.99,6.28,8.98,0.00,89.82,upright_replica,true,one row per paid order,2026-09-17,America/Indiana/Indianapolis,USD
UP-20260917-0111,2026-09-17T20:00:00+00:00,DEMO-ITEM-20260917-0111,GW-015,Goodwillfinds,DEMO-UPRIGHT-0022,Framed landscape print,Art,1,91.93,3.99,6.43,9.19,0.00,91.93,upright_replica,true,one row per paid order,2026-09-17,America/Indiana/Indianapolis,USD
UP-20260917-0112,2026-09-17T21:00:00+00:00,DEMO-ITEM-20260917-0112,GW-016,Shopgoodwill,DEMO-UPRIGHT-0023,Silver-tone necklace,Jewelry,1,94.04,4.99,6.58,9.40,0.00,94.04,upright_replica,true,one row per paid order,2026-09-17,America/Indiana/Indianapolis,USD
UP-20260917-0113,2026-09-17T18:00:00+00:00,DEMO-ITEM-20260917-0113,GW-017,eBay,DEMO-UPRIGHT-0024,Vintage ceramic vase,Home,1,96.15,5.99,6.73,9.61,0.00,96.15,upright_replica,true,one row per paid order,2026-09-17,America/Indiana/Indianapolis,USD
UP-20260917-0114,2026-09-17T19:00:00+00:00,DEMO-ITEM-20260917-0114,GW-018,Goodwillfinds,DEMO-UPRIGHT-0025,"Wool cardigan, size S",Apparel,1,98.26,6.99,6.87,9.82,0.00,98.26,upright_replica,true,one row per paid order,2026-09-17,America/Indiana/Indianapolis,USD
UP-20260917-0115,2026-09-17T20:00:00+00:00,DEMO-ITEM-20260917-0115,GW-019,Shopgoodwill,DEMO-UPRIGHT-0026,Framed landscape print,Art,1,15.37,7.99,1.07,1.53,0.00,15.37,upright_replica,true,one row per paid order,2026-09-17,America/Indiana/Indianapolis,USD
UP-20260917-0116,2026-09-17T21:00:00+00:00,DEMO-ITEM-20260917-0116,GW-020,eBay,DEMO-UPRIGHT-0027,Silver-tone necklace,Jewelry,1,17.48,3.99,1.22,1.74,0.00,17.48,upright_replica,true,one row per paid order,2026-09-17,America/Indiana/Indianapolis,USD
UP-20260917-0117,2026-09-17T18:00:00+00:00,DEMO-ITEM-20260917-0117,GW-021,Goodwillfinds,DEMO-UPRIGHT-0028,Vintage ceramic vase,Home,1,19.59,4.99,1.37,1.95,0.00,19.59,upright_replica,true,one row per paid order,2026-09-17,America/Indiana/Indianapolis,USD
UP-20260917-0118,2026-09-17T19:00:00+00:00,DEMO-ITEM-20260917-0118,GW-022,Shopgoodwill,DEMO-UPRIGHT-0029,"Wool cardigan, size S",Apparel,1,21.70,5.99,1.51,2.17,0.00,21.70,upright_replica,true,one row per paid order,2026-09-17,America/Indiana/Indianapolis,USD
UP-20260917-0119,2026-09-17T20:00:00+00:00,DEMO-ITEM-20260917-0119,GW-023,eBay,DEMO-UPRIGHT-0030,Framed landscape print,Art,1,23.81,6.99,1.66,2.38,0.00,23.81,upright_replica,true,one row per paid order,2026-09-17,America/Indiana/Indianapolis,USD
UP-20260917-0120,2026-09-17T21:00:00+00:00,DEMO-ITEM-20260917-0120,GW-024,Goodwillfinds,DEMO-UPRIGHT-0031,Silver-tone necklace,Jewelry,1,25.92,7.99,1.81,2.59,12.96,12.96,upright_replica,true,one row per paid order,2026-09-17,America/Indiana/Indianapolis,USD
UP-20260917-0121,2026-09-17T18:00:00+00:00,DEMO-ITEM-20260917-0121,GW-001,Shopgoodwill,DEMO-UPRIGHT-0032,Vintage ceramic vase,Home,1,28.03,3.99,1.96,2.80,0.00,28.03,upright_replica,true,one row per paid order,2026-09-17,America/Indiana/Indianapolis,USD
UP-20260917-0122,2026-09-17T19:00:00+00:00,DEMO-ITEM-20260917-0122,GW-002,eBay,DEMO-UPRIGHT-0033,"Wool cardigan, size S",Apparel,1,30.14,4.99,2.10,3.01,0.00,30.14,upright_replica,true,one row per paid order,2026-09-17,America/Indiana/Indianapolis,USD
UP-20260917-0123,2026-09-17T20:00:00+00:00,DEMO-ITEM-20260917-0123,GW-003,Goodwillfinds,DEMO-UPRIGHT-0034,Framed landscape print,Art,1,32.25,5.99,2.25,3.22,0.00,32.25,upright_replica,true,one row per paid order,2026-09-17,America/Indiana/Indianapolis,USD
UP-20260917-0124,2026-09-17T21:00:00+00:00,DEMO-ITEM-20260917-0124,GW-004,Shopgoodwill,DEMO-UPRIGHT-0035,Silver-tone necklace,Jewelry,1,34.36,6.99,2.40,3.43,0.00,34.36,upright_replica,true,one row per paid order,2026-09-17,America/Indiana/Indianapolis,USD
UP-20260917-0125,2026-09-17T18:00:00+00:00,DEMO-ITEM-20260917-0125,GW-005,eBay,DEMO-UPRIGHT-0036,Vintage ceramic vase,Home,1,36.47,7.99,2.55,3.64,0.00,36.47,upright_replica,true,one row per paid order,2026-09-17,America/Indiana/Indianapolis,USD
UP-20260917-0126,2026-09-17T19:00:00+00:00,DEMO-ITEM-20260917-0126,GW-006,Goodwillfinds,DEMO-UPRIGHT-0037,"Wool cardigan, size S",Apparel,1,38.58,3.99,2.70,3.85,0.00,38.58,upright_replica,true,one row per paid order,2026-09-17,America/Indiana/Indianapolis,USD
UP-20260917-0127,2026-09-17T20:00:00+00:00,DEMO-ITEM-20260917-0127,GW-007,Shopgoodwill,DEMO-UPRIGHT-0038,Framed landscape print,Art,1,40.69,4.99,2.84,4.06,0.00,40.69,upright_replica,true,one row per paid order,2026-09-17,America/Indiana/Indianapolis,USD
UP-20260917-0128,2026-09-17T21:00:00+00:00,DEMO-ITEM-20260917-0128,GW-008,eBay,DEMO-UPRIGHT-0039,Silver-tone necklace,Jewelry,1,42.80,5.99,2.99,4.28,0.00,42.80,upright_replica,true,one row per paid order,2026-09-17,America/Indiana/Indianapolis,USD
UP-20260918-0001,2026-09-18T18:00:00+00:00,DEMO-ITEM-20260918-0001,GW-001,Shopgoodwill,DEMO-UPRIGHT-0001,Vintage ceramic vase,Home,1,31.20,3.99,2.18,3.12,15.60,15.60,upright_replica,true,one row per paid order,2026-09-18,America/Indiana/Indianapolis,USD
UP-20260918-0002,2026-09-18T19:00:00+00:00,DEMO-ITEM-20260918-0002,GW-002,eBay,DEMO-UPRIGHT-0002,"Wool cardigan, size S",Apparel,1,33.31,4.99,2.33,3.33,0.00,33.31,upright_replica,true,one row per paid order,2026-09-18,America/Indiana/Indianapolis,USD
UP-20260918-0003,2026-09-18T20:00:00+00:00,DEMO-ITEM-20260918-0003,GW-003,Goodwillfinds,DEMO-UPRIGHT-0003,Framed landscape print,Art,1,35.42,5.99,2.47,3.54,0.00,35.42,upright_replica,true,one row per paid order,2026-09-18,America/Indiana/Indianapolis,USD
UP-20260918-0004,2026-09-18T21:00:00+00:00,DEMO-ITEM-20260918-0004,GW-004,Shopgoodwill,DEMO-UPRIGHT-0004,Silver-tone necklace,Jewelry,1,37.53,6.99,2.62,3.75,0.00,37.53,upright_replica,true,one row per paid order,2026-09-18,America/Indiana/Indianapolis,USD
UP-20260918-0005,2026-09-18T18:00:00+00:00,DEMO-ITEM-20260918-0005,GW-005,eBay,DEMO-UPRIGHT-0005,Vintage ceramic vase,Home,1,39.64,7.99,2.77,3.96,0.00,39.64,upright_replica,true,one row per paid order,2026-09-18,America/Indiana/Indianapolis,USD
UP-20260918-0006,2026-09-18T19:00:00+00:00,DEMO-ITEM-20260918-0006,GW-006,Goodwillfinds,DEMO-UPRIGHT-0006,"Wool cardigan, size S",Apparel,1,41.75,3.99,2.92,4.17,0.00,41.75,upright_replica,true,one row per paid order,2026-09-18,America/Indiana/Indianapolis,USD
UP-20260918-0007,2026-09-18T20:00:00+00:00,DEMO-ITEM-20260918-0007,GW-007,Shopgoodwill,DEMO-UPRIGHT-0007,Framed landscape print,Art,1,43.86,4.99,3.07,4.38,0.00,43.86,upright_replica,true,one row per paid order,2026-09-18,America/Indiana/Indianapolis,USD
UP-20260918-0008,2026-09-18T21:00:00+00:00,DEMO-ITEM-20260918-0008,GW-008,eBay,DEMO-UPRIGHT-0008,Silver-tone necklace,Jewelry,1,45.97,5.99,3.21,4.59,0.00,45.97,upright_replica,true,one row per paid order,2026-09-18,America/Indiana/Indianapolis,USD
UP-20260918-0009,2026-09-18T18:00:00+00:00,DEMO-ITEM-20260918-0009,GW-009,Goodwillfinds,DEMO-UPRIGHT-0009,Vintage ceramic vase,Home,1,48.08,6.99,3.36,4.80,0.00,48.08,upright_replica,true,one row per paid order,2026-09-18,America/Indiana/Indianapolis,USD
UP-20260918-0010,2026-09-18T19:00:00+00:00,DEMO-ITEM-20260918-0010,GW-010,Shopgoodwill,DEMO-UPRIGHT-0010,"Wool cardigan, size S",Apparel,1,50.19,7.99,3.51,5.01,0.00,50.19,upright_replica,true,one row per paid order,2026-09-18,America/Indiana/Indianapolis,USD
UP-20260918-0011,2026-09-18T20:00:00+00:00,DEMO-ITEM-20260918-0011,GW-011,eBay,DEMO-UPRIGHT-0011,Framed landscape print,Art,1,52.30,3.99,3.66,5.23,0.00,52.30,upright_replica,true,one row per paid order,2026-09-18,America/Indiana/Indianapolis,USD
UP-20260918-0012,2026-09-18T21:00:00+00:00,DEMO-ITEM-20260918-0012,GW-012,Goodwillfinds,DEMO-UPRIGHT-0012,Silver-tone necklace,Jewelry,1,54.41,4.99,3.80,5.44,0.00,54.41,upright_replica,true,one row per paid order,2026-09-18,America/Indiana/Indianapolis,USD
UP-20260918-0013,2026-09-18T18:00:00+00:00,DEMO-ITEM-20260918-0013,GW-013,Shopgoodwill,DEMO-UPRIGHT-0013,Vintage ceramic vase,Home,1,56.52,5.99,3.95,5.65,0.00,56.52,upright_replica,true,one row per paid order,2026-09-18,America/Indiana/Indianapolis,USD
UP-20260918-0014,2026-09-18T19:00:00+00:00,DEMO-ITEM-20260918-0014,GW-014,eBay,DEMO-UPRIGHT-0014,"Wool cardigan, size S",Apparel,1,58.63,6.99,4.10,5.86,0.00,58.63,upright_replica,true,one row per paid order,2026-09-18,America/Indiana/Indianapolis,USD
UP-20260918-0015,2026-09-18T20:00:00+00:00,DEMO-ITEM-20260918-0015,GW-015,Goodwillfinds,DEMO-UPRIGHT-0015,Framed landscape print,Art,1,60.74,7.99,4.25,6.07,0.00,60.74,upright_replica,true,one row per paid order,2026-09-18,America/Indiana/Indianapolis,USD
UP-20260918-0016,2026-09-18T21:00:00+00:00,DEMO-ITEM-20260918-0016,GW-016,Shopgoodwill,DEMO-UPRIGHT-0016,Silver-tone necklace,Jewelry,1,62.85,3.99,4.39,6.28,0.00,62.85,upright_replica,true,one row per paid order,2026-09-18,America/Indiana/Indianapolis,USD
UP-20260918-0017,2026-09-18T18:00:00+00:00,DEMO-ITEM-20260918-0017,GW-017,eBay,DEMO-UPRIGHT-0017,Vintage ceramic vase,Home,1,64.96,4.99,4.54,6.49,0.00,64.96,upright_replica,true,one row per paid order,2026-09-18,America/Indiana/Indianapolis,USD
UP-20260918-0018,2026-09-18T19:00:00+00:00,DEMO-ITEM-20260918-0018,GW-018,Goodwillfinds,DEMO-UPRIGHT-0018,"Wool cardigan, size S",Apparel,1,67.07,5.99,4.69,6.70,33.53,33.54,upright_replica,true,one row per paid order,2026-09-18,America/Indiana/Indianapolis,USD
UP-20260918-0019,2026-09-18T20:00:00+00:00,DEMO-ITEM-20260918-0019,GW-019,Shopgoodwill,DEMO-UPRIGHT-0019,Framed landscape print,Art,1,69.18,6.99,4.84,6.91,0.00,69.18,upright_replica,true,one row per paid order,2026-09-18,America/Indiana/Indianapolis,USD
UP-20260918-0020,2026-09-18T21:00:00+00:00,DEMO-ITEM-20260918-0020,GW-020,eBay,DEMO-UPRIGHT-0020,Silver-tone necklace,Jewelry,1,71.29,7.99,4.99,7.12,0.00,71.29,upright_replica,true,one row per paid order,2026-09-18,America/Indiana/Indianapolis,USD
UP-20260918-0021,2026-09-18T18:00:00+00:00,DEMO-ITEM-20260918-0021,GW-021,Goodwillfinds,DEMO-UPRIGHT-0021,Vintage ceramic vase,Home,1,73.40,3.99,5.13,7.34,0.00,73.40,upright_replica,true,one row per paid order,2026-09-18,America/Indiana/Indianapolis,USD
UP-20260918-0022,2026-09-18T19:00:00+00:00,DEMO-ITEM-20260918-0022,GW-022,Shopgoodwill,DEMO-UPRIGHT-0022,"Wool cardigan, size S",Apparel,1,75.51,4.99,5.28,7.55,0.00,75.51,upright_replica,true,one row per paid order,2026-09-18,America/Indiana/Indianapolis,USD
UP-20260918-0023,2026-09-18T20:00:00+00:00,DEMO-ITEM-20260918-0023,GW-023,eBay,DEMO-UPRIGHT-0023,Framed landscape print,Art,1,77.62,5.99,5.43,7.76,0.00,77.62,upright_replica,true,one row per paid order,2026-09-18,America/Indiana/Indianapolis,USD
UP-20260918-0024,2026-09-18T21:00:00+00:00,DEMO-ITEM-20260918-0024,GW-024,Goodwillfinds,DEMO-UPRIGHT-0024,Silver-tone necklace,Jewelry,1,79.73,6.99,5.58,7.97,0.00,79.73,upright_replica,true,one row per paid order,2026-09-18,America/Indiana/Indianapolis,USD
UP-20260918-0025,2026-09-18T18:00:00+00:00,DEMO-ITEM-20260918-0025,GW-001,Shopgoodwill,DEMO-UPRIGHT-0025,Vintage ceramic vase,Home,1,81.84,7.99,5.72,8.18,0.00,81.84,upright_replica,true,one row per paid order,2026-09-18,America/Indiana/Indianapolis,USD
UP-20260918-0026,2026-09-18T19:00:00+00:00,DEMO-ITEM-20260918-0026,GW-002,eBay,DEMO-UPRIGHT-0026,"Wool cardigan, size S",Apparel,1,83.95,3.99,5.87,8.39,0.00,83.95,upright_replica,true,one row per paid order,2026-09-18,America/Indiana/Indianapolis,USD
UP-20260918-0027,2026-09-18T20:00:00+00:00,DEMO-ITEM-20260918-0027,GW-003,Goodwillfinds,DEMO-UPRIGHT-0027,Framed landscape print,Art,1,86.06,4.99,6.02,8.60,0.00,86.06,upright_replica,true,one row per paid order,2026-09-18,America/Indiana/Indianapolis,USD
UP-20260918-0028,2026-09-18T21:00:00+00:00,DEMO-ITEM-20260918-0028,GW-004,Shopgoodwill,DEMO-UPRIGHT-0028,Silver-tone necklace,Jewelry,1,88.17,5.99,6.17,8.81,0.00,88.17,upright_replica,true,one row per paid order,2026-09-18,America/Indiana/Indianapolis,USD
UP-20260918-0029,2026-09-18T18:00:00+00:00,DEMO-ITEM-20260918-0029,GW-005,eBay,DEMO-UPRIGHT-0029,Vintage ceramic vase,Home,1,90.28,6.99,6.31,9.02,0.00,90.28,upright_replica,true,one row per paid order,2026-09-18,America/Indiana/Indianapolis,USD
UP-20260918-0030,2026-09-18T19:00:00+00:00,DEMO-ITEM-20260918-0030,GW-006,Goodwillfinds,DEMO-UPRIGHT-0030,"Wool cardigan, size S",Apparel,1,92.39,7.99,6.46,9.23,0.00,92.39,upright_replica,true,one row per paid order,2026-09-18,America/Indiana/Indianapolis,USD
UP-20260918-0031,2026-09-18T20:00:00+00:00,DEMO-ITEM-20260918-0031,GW-007,Shopgoodwill,DEMO-UPRIGHT-0031,Framed landscape print,Art,1,94.50,3.99,6.61,9.45,0.00,94.50,upright_replica,true,one row per paid order,2026-09-18,America/Indiana/Indianapolis,USD
UP-20260918-0032,2026-09-18T21:00:00+00:00,DEMO-ITEM-20260918-0032,GW-008,eBay,DEMO-UPRIGHT-0032,Silver-tone necklace,Jewelry,1,96.61,4.99,6.76,9.66,0.00,96.61,upright_replica,true,one row per paid order,2026-09-18,America/Indiana/Indianapolis,USD
UP-20260918-0033,2026-09-18T18:00:00+00:00,DEMO-ITEM-20260918-0033,GW-009,Goodwillfinds,DEMO-UPRIGHT-0033,Vintage ceramic vase,Home,1,98.72,5.99,6.91,9.87,0.00,98.72,upright_replica,true,one row per paid order,2026-09-18,America/Indiana/Indianapolis,USD
UP-20260918-0034,2026-09-18T19:00:00+00:00,DEMO-ITEM-20260918-0034,GW-010,Shopgoodwill,DEMO-UPRIGHT-0034,"Wool cardigan, size S",Apparel,1,15.83,6.99,1.10,1.58,0.00,15.83,upright_replica,true,one row per paid order,2026-09-18,America/Indiana/Indianapolis,USD
UP-20260918-0035,2026-09-18T20:00:00+00:00,DEMO-ITEM-20260918-0035,GW-011,eBay,DEMO-UPRIGHT-0035,Framed landscape print,Art,1,17.94,7.99,1.25,1.79,8.97,8.97,upright_replica,true,one row per paid order,2026-09-18,America/Indiana/Indianapolis,USD
UP-20260918-0036,2026-09-18T21:00:00+00:00,DEMO-ITEM-20260918-0036,GW-012,Goodwillfinds,DEMO-UPRIGHT-0036,Silver-tone necklace,Jewelry,1,20.05,3.99,1.40,2.00,0.00,20.05,upright_replica,true,one row per paid order,2026-09-18,America/Indiana/Indianapolis,USD
UP-20260918-0037,2026-09-18T18:00:00+00:00,DEMO-ITEM-20260918-0037,GW-013,Shopgoodwill,DEMO-UPRIGHT-0037,Vintage ceramic vase,Home,1,22.16,4.99,1.55,2.21,0.00,22.16,upright_replica,true,one row per paid order,2026-09-18,America/Indiana/Indianapolis,USD
UP-20260918-0038,2026-09-18T19:00:00+00:00,DEMO-ITEM-20260918-0038,GW-014,eBay,DEMO-UPRIGHT-0038,"Wool cardigan, size S",Apparel,1,24.27,5.99,1.69,2.42,0.00,24.27,upright_replica,true,one row per paid order,2026-09-18,America/Indiana/Indianapolis,USD
UP-20260918-0039,2026-09-18T20:00:00+00:00,DEMO-ITEM-20260918-0039,GW-015,Goodwillfinds,DEMO-UPRIGHT-0039,Framed landscape print,Art,1,26.38,6.99,1.84,2.63,0.00,26.38,upright_replica,true,one row per paid order,2026-09-18,America/Indiana/Indianapolis,USD
UP-20260918-0040,2026-09-18T21:00:00+00:00,DEMO-ITEM-20260918-0040,GW-016,Shopgoodwill,DEMO-UPRIGHT-0040,Silver-tone necklace,Jewelry,1,28.49,7.99,1.99,2.84,0.00,28.49,upright_replica,true,one row per paid order,2026-09-18,America/Indiana/Indianapolis,USD
UP-20260918-0041,2026-09-18T18:00:00+00:00,DEMO-ITEM-20260918-0041,GW-017,eBay,DEMO-UPRIGHT-0041,Vintage ceramic vase,Home,1,30.60,3.99,2.14,3.06,0.00,30.60,upright_replica,true,one row per paid order,2026-09-18,America/Indiana/Indianapolis,USD
UP-20260918-0042,2026-09-18T19:00:00+00:00,DEMO-ITEM-20260918-0042,GW-018,Goodwillfinds,DEMO-UPRIGHT-0042,"Wool cardigan, size S",Apparel,1,32.71,4.99,2.28,3.27,0.00,32.71,upright_replica,true,one row per paid order,2026-09-18,America/Indiana/Indianapolis,USD
UP-20260918-0043,2026-09-18T20:00:00+00:00,DEMO-ITEM-20260918-0043,GW-019,Shopgoodwill,DEMO-UPRIGHT-0043,Framed landscape print,Art,1,34.82,5.99,2.43,3.48,0.00,34.82,upright_replica,true,one row per paid order,2026-09-18,America/Indiana/Indianapolis,USD
UP-20260918-0044,2026-09-18T21:00:00+00:00,DEMO-ITEM-20260918-0044,GW-020,eBay,DEMO-UPRIGHT-0044,Silver-tone necklace,Jewelry,1,36.93,6.99,2.58,3.69,0.00,36.93,upright_replica,true,one row per paid order,2026-09-18,America/Indiana/Indianapolis,USD
UP-20260918-0045,2026-09-18T18:00:00+00:00,DEMO-ITEM-20260918-0045,GW-021,Goodwillfinds,DEMO-UPRIGHT-0045,Vintage ceramic vase,Home,1,39.04,7.99,2.73,3.90,0.00,39.04,upright_replica,true,one row per paid order,2026-09-18,America/Indiana/Indianapolis,USD
UP-20260918-0046,2026-09-18T19:00:00+00:00,DEMO-ITEM-20260918-0046,GW-022,Shopgoodwill,DEMO-UPRIGHT-0046,"Wool cardigan, size S",Apparel,1,41.15,3.99,2.88,4.11,0.00,41.15,upright_replica,true,one row per paid order,2026-09-18,America/Indiana/Indianapolis,USD
UP-20260918-0047,2026-09-18T20:00:00+00:00,DEMO-ITEM-20260918-0047,GW-023,eBay,DEMO-UPRIGHT-0047,Framed landscape print,Art,1,43.26,4.99,3.02,4.32,0.00,43.26,upright_replica,true,one row per paid order,2026-09-18,America/Indiana/Indianapolis,USD
UP-20260918-0048,2026-09-18T21:00:00+00:00,DEMO-ITEM-20260918-0048,GW-024,Goodwillfinds,DEMO-UPRIGHT-0048,Silver-tone necklace,Jewelry,1,45.37,5.99,3.17,4.53,0.00,45.37,upright_replica,true,one row per paid order,2026-09-18,America/Indiana/Indianapolis,USD
UP-20260918-0049,2026-09-18T18:00:00+00:00,DEMO-ITEM-20260918-0049,GW-001,Shopgoodwill,DEMO-UPRIGHT-0049,Vintage ceramic vase,Home,1,47.48,6.99,3.32,4.74,0.00,47.48,upright_replica,true,one row per paid order,2026-09-18,America/Indiana/Indianapolis,USD
UP-20260918-0050,2026-09-18T19:00:00+00:00,DEMO-ITEM-20260918-0050,GW-002,eBay,DEMO-UPRIGHT-0050,"Wool cardigan, size S",Apparel,1,49.59,7.99,3.47,4.95,0.00,49.59,upright_replica,true,one row per paid order,2026-09-18,America/Indiana/Indianapolis,USD
UP-20260918-0051,2026-09-18T20:00:00+00:00,DEMO-ITEM-20260918-0051,GW-003,Goodwillfinds,DEMO-UPRIGHT-0051,Framed landscape print,Art,1,51.70,3.99,3.61,5.17,0.00,51.70,upright_replica,true,one row per paid order,2026-09-18,America/Indiana/Indianapolis,USD
UP-20260918-0052,2026-09-18T21:00:00+00:00,DEMO-ITEM-20260918-0052,GW-004,Shopgoodwill,DEMO-UPRIGHT-0052,Silver-tone necklace,Jewelry,1,53.81,4.99,3.76,5.38,26.90,26.91,upright_replica,true,one row per paid order,2026-09-18,America/Indiana/Indianapolis,USD
UP-20260918-0053,2026-09-18T18:00:00+00:00,DEMO-ITEM-20260918-0053,GW-005,eBay,DEMO-UPRIGHT-0053,Vintage ceramic vase,Home,1,55.92,5.99,3.91,5.59,0.00,55.92,upright_replica,true,one row per paid order,2026-09-18,America/Indiana/Indianapolis,USD
UP-20260918-0054,2026-09-18T19:00:00+00:00,DEMO-ITEM-20260918-0054,GW-006,Goodwillfinds,DEMO-UPRIGHT-0054,"Wool cardigan, size S",Apparel,1,58.03,6.99,4.06,5.80,0.00,58.03,upright_replica,true,one row per paid order,2026-09-18,America/Indiana/Indianapolis,USD
UP-20260918-0055,2026-09-18T20:00:00+00:00,DEMO-ITEM-20260918-0055,GW-007,Shopgoodwill,DEMO-UPRIGHT-0055,Framed landscape print,Art,1,60.14,7.99,4.20,6.01,0.00,60.14,upright_replica,true,one row per paid order,2026-09-18,America/Indiana/Indianapolis,USD
UP-20260918-0056,2026-09-18T21:00:00+00:00,DEMO-ITEM-20260918-0056,GW-008,eBay,DEMO-UPRIGHT-0056,Silver-tone necklace,Jewelry,1,62.25,3.99,4.35,6.22,0.00,62.25,upright_replica,true,one row per paid order,2026-09-18,America/Indiana/Indianapolis,USD
UP-20260918-0057,2026-09-18T18:00:00+00:00,DEMO-ITEM-20260918-0057,GW-009,Goodwillfinds,DEMO-UPRIGHT-0057,Vintage ceramic vase,Home,1,64.36,4.99,4.50,6.43,0.00,64.36,upright_replica,true,one row per paid order,2026-09-18,America/Indiana/Indianapolis,USD
UP-20260918-0058,2026-09-18T19:00:00+00:00,DEMO-ITEM-20260918-0058,GW-010,Shopgoodwill,DEMO-UPRIGHT-0058,"Wool cardigan, size S",Apparel,1,66.47,5.99,4.65,6.64,0.00,66.47,upright_replica,true,one row per paid order,2026-09-18,America/Indiana/Indianapolis,USD
UP-20260918-0059,2026-09-18T20:00:00+00:00,DEMO-ITEM-20260918-0059,GW-011,eBay,DEMO-UPRIGHT-0059,Framed landscape print,Art,1,68.58,6.99,4.80,6.85,0.00,68.58,upright_replica,true,one row per paid order,2026-09-18,America/Indiana/Indianapolis,USD
UP-20260918-0060,2026-09-18T21:00:00+00:00,DEMO-ITEM-20260918-0060,GW-012,Goodwillfinds,DEMO-UPRIGHT-0060,Silver-tone necklace,Jewelry,1,70.69,7.99,4.94,7.06,0.00,70.69,upright_replica,true,one row per paid order,2026-09-18,America/Indiana/Indianapolis,USD
UP-20260918-0061,2026-09-18T18:00:00+00:00,DEMO-ITEM-20260918-0061,GW-013,Shopgoodwill,DEMO-UPRIGHT-0061,Vintage ceramic vase,Home,1,72.80,3.99,5.09,7.28,0.00,72.80,upright_replica,true,one row per paid order,2026-09-18,America/Indiana/Indianapolis,USD
UP-20260918-0062,2026-09-18T19:00:00+00:00,DEMO-ITEM-20260918-0062,GW-014,eBay,DEMO-UPRIGHT-0062,"Wool cardigan, size S",Apparel,1,74.91,4.99,5.24,7.49,0.00,74.91,upright_replica,true,one row per paid order,2026-09-18,America/Indiana/Indianapolis,USD
UP-20260918-0063,2026-09-18T20:00:00+00:00,DEMO-ITEM-20260918-0063,GW-015,Goodwillfinds,DEMO-UPRIGHT-0063,Framed landscape print,Art,1,77.02,5.99,5.39,7.70,0.00,77.02,upright_replica,true,one row per paid order,2026-09-18,America/Indiana/Indianapolis,USD
UP-20260918-0064,2026-09-18T21:00:00+00:00,DEMO-ITEM-20260918-0064,GW-016,Shopgoodwill,DEMO-UPRIGHT-0064,Silver-tone necklace,Jewelry,1,79.13,6.99,5.53,7.91,0.00,79.13,upright_replica,true,one row per paid order,2026-09-18,America/Indiana/Indianapolis,USD
UP-20260918-0065,2026-09-18T18:00:00+00:00,DEMO-ITEM-20260918-0065,GW-017,eBay,DEMO-UPRIGHT-0065,Vintage ceramic vase,Home,1,81.24,7.99,5.68,8.12,0.00,81.24,upright_replica,true,one row per paid order,2026-09-18,America/Indiana/Indianapolis,USD
UP-20260918-0066,2026-09-18T19:00:00+00:00,DEMO-ITEM-20260918-0066,GW-018,Goodwillfinds,DEMO-UPRIGHT-0066,"Wool cardigan, size S",Apparel,1,83.35,3.99,5.83,8.33,0.00,83.35,upright_replica,true,one row per paid order,2026-09-18,America/Indiana/Indianapolis,USD
UP-20260918-0067,2026-09-18T20:00:00+00:00,DEMO-ITEM-20260918-0067,GW-019,Shopgoodwill,DEMO-UPRIGHT-0067,Framed landscape print,Art,1,85.46,4.99,5.98,8.54,0.00,85.46,upright_replica,true,one row per paid order,2026-09-18,America/Indiana/Indianapolis,USD
UP-20260918-0068,2026-09-18T21:00:00+00:00,DEMO-ITEM-20260918-0068,GW-020,eBay,DEMO-UPRIGHT-0068,Silver-tone necklace,Jewelry,1,87.57,5.99,6.12,8.75,0.00,87.57,upright_replica,true,one row per paid order,2026-09-18,America/Indiana/Indianapolis,USD
UP-20260918-0069,2026-09-18T18:00:00+00:00,DEMO-ITEM-20260918-0069,GW-021,Goodwillfinds,DEMO-UPRIGHT-0069,Vintage ceramic vase,Home,1,89.68,6.99,6.27,8.96,44.84,44.84,upright_replica,true,one row per paid order,2026-09-18,America/Indiana/Indianapolis,USD
UP-20260918-0070,2026-09-18T19:00:00+00:00,DEMO-ITEM-20260918-0070,GW-022,Shopgoodwill,DEMO-UPRIGHT-0070,"Wool cardigan, size S",Apparel,1,91.79,7.99,6.42,9.17,0.00,91.79,upright_replica,true,one row per paid order,2026-09-18,America/Indiana/Indianapolis,USD
UP-20260918-0071,2026-09-18T20:00:00+00:00,DEMO-ITEM-20260918-0071,GW-023,eBay,DEMO-UPRIGHT-0071,Framed landscape print,Art,1,93.90,3.99,6.57,9.39,0.00,93.90,upright_replica,true,one row per paid order,2026-09-18,America/Indiana/Indianapolis,USD
UP-20260918-0072,2026-09-18T21:00:00+00:00,DEMO-ITEM-20260918-0072,GW-024,Goodwillfinds,DEMO-UPRIGHT-0072,Silver-tone necklace,Jewelry,1,96.01,4.99,6.72,9.60,0.00,96.01,upright_replica,true,one row per paid order,2026-09-18,America/Indiana/Indianapolis,USD
UP-20260918-0073,2026-09-18T18:00:00+00:00,DEMO-ITEM-20260918-0073,GW-001,Shopgoodwill,DEMO-UPRIGHT-0073,Vintage ceramic vase,Home,1,98.12,5.99,6.86,9.81,0.00,98.12,upright_replica,true,one row per paid order,2026-09-18,America/Indiana/Indianapolis,USD
UP-20260918-0074,2026-09-18T19:00:00+00:00,DEMO-ITEM-20260918-0074,GW-002,eBay,DEMO-UPRIGHT-0074,"Wool cardigan, size S",Apparel,1,15.23,6.99,1.06,1.52,0.00,15.23,upright_replica,true,one row per paid order,2026-09-18,America/Indiana/Indianapolis,USD
UP-20260918-0075,2026-09-18T20:00:00+00:00,DEMO-ITEM-20260918-0075,GW-003,Goodwillfinds,DEMO-UPRIGHT-0075,Framed landscape print,Art,1,17.34,7.99,1.21,1.73,0.00,17.34,upright_replica,true,one row per paid order,2026-09-18,America/Indiana/Indianapolis,USD
UP-20260918-0076,2026-09-18T21:00:00+00:00,DEMO-ITEM-20260918-0076,GW-004,Shopgoodwill,DEMO-UPRIGHT-0076,Silver-tone necklace,Jewelry,1,19.45,3.99,1.36,1.94,0.00,19.45,upright_replica,true,one row per paid order,2026-09-18,America/Indiana/Indianapolis,USD
UP-20260918-0077,2026-09-18T18:00:00+00:00,DEMO-ITEM-20260918-0077,GW-005,eBay,DEMO-UPRIGHT-0077,Vintage ceramic vase,Home,1,21.56,4.99,1.50,2.15,0.00,21.56,upright_replica,true,one row per paid order,2026-09-18,America/Indiana/Indianapolis,USD
UP-20260918-0078,2026-09-18T19:00:00+00:00,DEMO-ITEM-20260918-0078,GW-006,Goodwillfinds,DEMO-UPRIGHT-0078,"Wool cardigan, size S",Apparel,1,23.67,5.99,1.65,2.36,0.00,23.67,upright_replica,true,one row per paid order,2026-09-18,America/Indiana/Indianapolis,USD
UP-20260918-0079,2026-09-18T20:00:00+00:00,DEMO-ITEM-20260918-0079,GW-007,Shopgoodwill,DEMO-UPRIGHT-0079,Framed landscape print,Art,1,25.78,6.99,1.80,2.57,0.00,25.78,upright_replica,true,one row per paid order,2026-09-18,America/Indiana/Indianapolis,USD
UP-20260918-0080,2026-09-18T21:00:00+00:00,DEMO-ITEM-20260918-0080,GW-008,eBay,DEMO-UPRIGHT-0080,Silver-tone necklace,Jewelry,1,27.89,7.99,1.95,2.78,0.00,27.89,upright_replica,true,one row per paid order,2026-09-18,America/Indiana/Indianapolis,USD
UP-20260918-0081,2026-09-18T18:00:00+00:00,DEMO-ITEM-20260918-0081,GW-009,Goodwillfinds,DEMO-UPRIGHT-0081,Vintage ceramic vase,Home,1,30.00,3.99,2.10,3.00,0.00,30.00,upright_replica,true,one row per paid order,2026-09-18,America/Indiana/Indianapolis,USD
UP-20260918-0082,2026-09-18T19:00:00+00:00,DEMO-ITEM-20260918-0082,GW-010,Shopgoodwill,DEMO-UPRIGHT-0082,"Wool cardigan, size S",Apparel,1,32.11,4.99,2.24,3.21,0.00,32.11,upright_replica,true,one row per paid order,2026-09-18,America/Indiana/Indianapolis,USD
UP-20260918-0083,2026-09-18T20:00:00+00:00,DEMO-ITEM-20260918-0083,GW-011,eBay,DEMO-UPRIGHT-0083,Framed landscape print,Art,1,34.22,5.99,2.39,3.42,0.00,34.22,upright_replica,true,one row per paid order,2026-09-18,America/Indiana/Indianapolis,USD
UP-20260918-0084,2026-09-18T21:00:00+00:00,DEMO-ITEM-20260918-0084,GW-012,Goodwillfinds,DEMO-UPRIGHT-0084,Silver-tone necklace,Jewelry,1,36.33,6.99,2.54,3.63,0.00,36.33,upright_replica,true,one row per paid order,2026-09-18,America/Indiana/Indianapolis,USD
UP-20260918-0085,2026-09-18T18:00:00+00:00,DEMO-ITEM-20260918-0085,GW-013,Shopgoodwill,DEMO-UPRIGHT-0085,Vintage ceramic vase,Home,1,38.44,7.99,2.69,3.84,0.00,38.44,upright_replica,true,one row per paid order,2026-09-18,America/Indiana/Indianapolis,USD
UP-20260918-0086,2026-09-18T19:00:00+00:00,DEMO-ITEM-20260918-0086,GW-014,eBay,DEMO-UPRIGHT-0086,"Wool cardigan, size S",Apparel,1,40.55,3.99,2.83,4.05,20.27,20.28,upright_replica,true,one row per paid order,2026-09-18,America/Indiana/Indianapolis,USD
UP-20260918-0087,2026-09-18T20:00:00+00:00,DEMO-ITEM-20260918-0087,GW-015,Goodwillfinds,DEMO-UPRIGHT-0087,Framed landscape print,Art,1,42.66,4.99,2.98,4.26,0.00,42.66,upright_replica,true,one row per paid order,2026-09-18,America/Indiana/Indianapolis,USD
UP-20260918-0088,2026-09-18T21:00:00+00:00,DEMO-ITEM-20260918-0088,GW-016,Shopgoodwill,DEMO-UPRIGHT-0088,Silver-tone necklace,Jewelry,1,44.77,5.99,3.13,4.47,0.00,44.77,upright_replica,true,one row per paid order,2026-09-18,America/Indiana/Indianapolis,USD
UP-20260918-0089,2026-09-18T18:00:00+00:00,DEMO-ITEM-20260918-0089,GW-017,eBay,DEMO-UPRIGHT-0089,Vintage ceramic vase,Home,1,46.88,6.99,3.28,4.68,0.00,46.88,upright_replica,true,one row per paid order,2026-09-18,America/Indiana/Indianapolis,USD
UP-20260918-0090,2026-09-18T19:00:00+00:00,DEMO-ITEM-20260918-0090,GW-018,Goodwillfinds,DEMO-UPRIGHT-0001,"Wool cardigan, size S",Apparel,1,48.99,7.99,3.42,4.89,0.00,48.99,upright_replica,true,one row per paid order,2026-09-18,America/Indiana/Indianapolis,USD
UP-20260918-0091,2026-09-18T20:00:00+00:00,DEMO-ITEM-20260918-0091,GW-019,Shopgoodwill,DEMO-UPRIGHT-0002,Framed landscape print,Art,1,51.10,3.99,3.57,5.11,0.00,51.10,upright_replica,true,one row per paid order,2026-09-18,America/Indiana/Indianapolis,USD
UP-20260918-0092,2026-09-18T21:00:00+00:00,DEMO-ITEM-20260918-0092,GW-020,eBay,DEMO-UPRIGHT-0003,Silver-tone necklace,Jewelry,1,53.21,4.99,3.72,5.32,0.00,53.21,upright_replica,true,one row per paid order,2026-09-18,America/Indiana/Indianapolis,USD
UP-20260918-0093,2026-09-18T18:00:00+00:00,DEMO-ITEM-20260918-0093,GW-021,Goodwillfinds,DEMO-UPRIGHT-0004,Vintage ceramic vase,Home,1,55.32,5.99,3.87,5.53,0.00,55.32,upright_replica,true,one row per paid order,2026-09-18,America/Indiana/Indianapolis,USD
UP-20260918-0094,2026-09-18T19:00:00+00:00,DEMO-ITEM-20260918-0094,GW-022,Shopgoodwill,DEMO-UPRIGHT-0005,"Wool cardigan, size S",Apparel,1,57.43,6.99,4.02,5.74,0.00,57.43,upright_replica,true,one row per paid order,2026-09-18,America/Indiana/Indianapolis,USD
UP-20260918-0095,2026-09-18T20:00:00+00:00,DEMO-ITEM-20260918-0095,GW-023,eBay,DEMO-UPRIGHT-0006,Framed landscape print,Art,1,59.54,7.99,4.16,5.95,0.00,59.54,upright_replica,true,one row per paid order,2026-09-18,America/Indiana/Indianapolis,USD
UP-20260918-0096,2026-09-18T21:00:00+00:00,DEMO-ITEM-20260918-0096,GW-024,Goodwillfinds,DEMO-UPRIGHT-0007,Silver-tone necklace,Jewelry,1,61.65,3.99,4.31,6.16,0.00,61.65,upright_replica,true,one row per paid order,2026-09-18,America/Indiana/Indianapolis,USD
UP-20260918-0097,2026-09-18T18:00:00+00:00,DEMO-ITEM-20260918-0097,GW-001,Shopgoodwill,DEMO-UPRIGHT-0008,Vintage ceramic vase,Home,1,63.76,4.99,4.46,6.37,0.00,63.76,upright_replica,true,one row per paid order,2026-09-18,America/Indiana/Indianapolis,USD
UP-20260918-0098,2026-09-18T19:00:00+00:00,DEMO-ITEM-20260918-0098,GW-002,eBay,DEMO-UPRIGHT-0009,"Wool cardigan, size S",Apparel,1,65.87,5.99,4.61,6.58,0.00,65.87,upright_replica,true,one row per paid order,2026-09-18,America/Indiana/Indianapolis,USD
UP-20260918-0099,2026-09-18T20:00:00+00:00,DEMO-ITEM-20260918-0099,GW-003,Goodwillfinds,DEMO-UPRIGHT-0010,Framed landscape print,Art,1,67.98,6.99,4.75,6.79,0.00,67.98,upright_replica,true,one row per paid order,2026-09-18,America/Indiana/Indianapolis,USD
UP-20260918-0100,2026-09-18T21:00:00+00:00,DEMO-ITEM-20260918-0100,GW-004,Shopgoodwill,DEMO-UPRIGHT-0011,Silver-tone necklace,Jewelry,1,70.09,7.99,4.90,7.00,0.00,70.09,upright_replica,true,one row per paid order,2026-09-18,America/Indiana/Indianapolis,USD
UP-20260918-0101,2026-09-18T18:00:00+00:00,DEMO-ITEM-20260918-0101,GW-005,eBay,DEMO-UPRIGHT-0012,Vintage ceramic vase,Home,1,72.20,3.99,5.05,7.22,0.00,72.20,upright_replica,true,one row per paid order,2026-09-18,America/Indiana/Indianapolis,USD
UP-20260918-0102,2026-09-18T19:00:00+00:00,DEMO-ITEM-20260918-0102,GW-006,Goodwillfinds,DEMO-UPRIGHT-0013,"Wool cardigan, size S",Apparel,1,74.31,4.99,5.20,7.43,0.00,74.31,upright_replica,true,one row per paid order,2026-09-18,America/Indiana/Indianapolis,USD
UP-20260918-0103,2026-09-18T20:00:00+00:00,DEMO-ITEM-20260918-0103,GW-007,Shopgoodwill,DEMO-UPRIGHT-0014,Framed landscape print,Art,1,76.42,5.99,5.34,7.64,38.21,38.21,upright_replica,true,one row per paid order,2026-09-18,America/Indiana/Indianapolis,USD
UP-20260918-0104,2026-09-18T21:00:00+00:00,DEMO-ITEM-20260918-0104,GW-008,eBay,DEMO-UPRIGHT-0015,Silver-tone necklace,Jewelry,1,78.53,6.99,5.49,7.85,0.00,78.53,upright_replica,true,one row per paid order,2026-09-18,America/Indiana/Indianapolis,USD
UP-20260918-0105,2026-09-18T18:00:00+00:00,DEMO-ITEM-20260918-0105,GW-009,Goodwillfinds,DEMO-UPRIGHT-0016,Vintage ceramic vase,Home,1,80.64,7.99,5.64,8.06,0.00,80.64,upright_replica,true,one row per paid order,2026-09-18,America/Indiana/Indianapolis,USD
UP-20260918-0106,2026-09-18T19:00:00+00:00,DEMO-ITEM-20260918-0106,GW-010,Shopgoodwill,DEMO-UPRIGHT-0017,"Wool cardigan, size S",Apparel,1,82.75,3.99,5.79,8.27,0.00,82.75,upright_replica,true,one row per paid order,2026-09-18,America/Indiana/Indianapolis,USD
UP-20260918-0107,2026-09-18T20:00:00+00:00,DEMO-ITEM-20260918-0107,GW-011,eBay,DEMO-UPRIGHT-0018,Framed landscape print,Art,1,84.86,4.99,5.94,8.48,0.00,84.86,upright_replica,true,one row per paid order,2026-09-18,America/Indiana/Indianapolis,USD
UP-20260918-0108,2026-09-18T21:00:00+00:00,DEMO-ITEM-20260918-0108,GW-012,Goodwillfinds,DEMO-UPRIGHT-0019,Silver-tone necklace,Jewelry,1,86.97,5.99,6.08,8.69,0.00,86.97,upright_replica,true,one row per paid order,2026-09-18,America/Indiana/Indianapolis,USD
UP-20260918-0109,2026-09-18T18:00:00+00:00,DEMO-ITEM-20260918-0109,GW-013,Shopgoodwill,DEMO-UPRIGHT-0020,Vintage ceramic vase,Home,1,89.08,6.99,6.23,8.90,0.00,89.08,upright_replica,true,one row per paid order,2026-09-18,America/Indiana/Indianapolis,USD
UP-20260918-0110,2026-09-18T19:00:00+00:00,DEMO-ITEM-20260918-0110,GW-014,eBay,DEMO-UPRIGHT-0021,"Wool cardigan, size S",Apparel,1,91.19,7.99,6.38,9.11,0.00,91.19,upright_replica,true,one row per paid order,2026-09-18,America/Indiana/Indianapolis,USD
UP-20260918-0111,2026-09-18T20:00:00+00:00,DEMO-ITEM-20260918-0111,GW-015,Goodwillfinds,DEMO-UPRIGHT-0022,Framed landscape print,Art,1,93.30,3.99,6.53,9.33,0.00,93.30,upright_replica,true,one row per paid order,2026-09-18,America/Indiana/Indianapolis,USD
UP-20260918-0112,2026-09-18T21:00:00+00:00,DEMO-ITEM-20260918-0112,GW-016,Shopgoodwill,DEMO-UPRIGHT-0023,Silver-tone necklace,Jewelry,1,95.41,4.99,6.67,9.54,0.00,95.41,upright_replica,true,one row per paid order,2026-09-18,America/Indiana/Indianapolis,USD
UP-20260918-0113,2026-09-18T18:00:00+00:00,DEMO-ITEM-20260918-0113,GW-017,eBay,DEMO-UPRIGHT-0024,Vintage ceramic vase,Home,1,97.52,5.99,6.82,9.75,0.00,97.52,upright_replica,true,one row per paid order,2026-09-18,America/Indiana/Indianapolis,USD
UP-20260918-0114,2026-09-18T19:00:00+00:00,DEMO-ITEM-20260918-0114,GW-018,Goodwillfinds,DEMO-UPRIGHT-0025,"Wool cardigan, size S",Apparel,1,99.63,6.99,6.97,9.96,0.00,99.63,upright_replica,true,one row per paid order,2026-09-18,America/Indiana/Indianapolis,USD
UP-20260918-0115,2026-09-18T20:00:00+00:00,DEMO-ITEM-20260918-0115,GW-019,Shopgoodwill,DEMO-UPRIGHT-0026,Framed landscape print,Art,1,16.74,7.99,1.17,1.67,0.00,16.74,upright_replica,true,one row per paid order,2026-09-18,America/Indiana/Indianapolis,USD
UP-20260918-0116,2026-09-18T21:00:00+00:00,DEMO-ITEM-20260918-0116,GW-020,eBay,DEMO-UPRIGHT-0027,Silver-tone necklace,Jewelry,1,18.85,3.99,1.31,1.88,0.00,18.85,upright_replica,true,one row per paid order,2026-09-18,America/Indiana/Indianapolis,USD
UP-20260918-0117,2026-09-18T18:00:00+00:00,DEMO-ITEM-20260918-0117,GW-021,Goodwillfinds,DEMO-UPRIGHT-0028,Vintage ceramic vase,Home,1,20.96,4.99,1.46,2.09,0.00,20.96,upright_replica,true,one row per paid order,2026-09-18,America/Indiana/Indianapolis,USD
UP-20260918-0118,2026-09-18T19:00:00+00:00,DEMO-ITEM-20260918-0118,GW-022,Shopgoodwill,DEMO-UPRIGHT-0029,"Wool cardigan, size S",Apparel,1,23.07,5.99,1.61,2.30,0.00,23.07,upright_replica,true,one row per paid order,2026-09-18,America/Indiana/Indianapolis,USD
UP-20260918-0119,2026-09-18T20:00:00+00:00,DEMO-ITEM-20260918-0119,GW-023,eBay,DEMO-UPRIGHT-0030,Framed landscape print,Art,1,25.18,6.99,1.76,2.51,0.00,25.18,upright_replica,true,one row per paid order,2026-09-18,America/Indiana/Indianapolis,USD
UP-20260918-0120,2026-09-18T21:00:00+00:00,DEMO-ITEM-20260918-0120,GW-024,Goodwillfinds,DEMO-UPRIGHT-0031,Silver-tone necklace,Jewelry,1,27.29,7.99,1.91,2.72,13.64,13.65,upright_replica,true,one row per paid order,2026-09-18,America/Indiana/Indianapolis,USD
UP-20260918-0121,2026-09-18T18:00:00+00:00,DEMO-ITEM-20260918-0121,GW-001,Shopgoodwill,DEMO-UPRIGHT-0032,Vintage ceramic vase,Home,1,29.40,3.99,2.05,2.94,0.00,29.40,upright_replica,true,one row per paid order,2026-09-18,America/Indiana/Indianapolis,USD
UP-20260918-0122,2026-09-18T19:00:00+00:00,DEMO-ITEM-20260918-0122,GW-002,eBay,DEMO-UPRIGHT-0033,"Wool cardigan, size S",Apparel,1,31.51,4.99,2.20,3.15,0.00,31.51,upright_replica,true,one row per paid order,2026-09-18,America/Indiana/Indianapolis,USD
UP-20260918-0123,2026-09-18T20:00:00+00:00,DEMO-ITEM-20260918-0123,GW-003,Goodwillfinds,DEMO-UPRIGHT-0034,Framed landscape print,Art,1,33.62,5.99,2.35,3.36,0.00,33.62,upright_replica,true,one row per paid order,2026-09-18,America/Indiana/Indianapolis,USD
UP-20260918-0124,2026-09-18T21:00:00+00:00,DEMO-ITEM-20260918-0124,GW-004,Shopgoodwill,DEMO-UPRIGHT-0035,Silver-tone necklace,Jewelry,1,35.73,6.99,2.50,3.57,0.00,35.73,upright_replica,true,one row per paid order,2026-09-18,America/Indiana/Indianapolis,USD
UP-20260918-0125,2026-09-18T18:00:00+00:00,DEMO-ITEM-20260918-0125,GW-005,eBay,DEMO-UPRIGHT-0036,Vintage ceramic vase,Home,1,37.84,7.99,2.64,3.78,0.00,37.84,upright_replica,true,one row per paid order,2026-09-18,America/Indiana/Indianapolis,USD
UP-20260918-0126,2026-09-18T19:00:00+00:00,DEMO-ITEM-20260918-0126,GW-006,Goodwillfinds,DEMO-UPRIGHT-0037,"Wool cardigan, size S",Apparel,1,39.95,3.99,2.79,3.99,0.00,39.95,upright_replica,true,one row per paid order,2026-09-18,America/Indiana/Indianapolis,USD
UP-20260918-0127,2026-09-18T20:00:00+00:00,DEMO-ITEM-20260918-0127,GW-007,Shopgoodwill,DEMO-UPRIGHT-0038,Framed landscape print,Art,1,42.06,4.99,2.94,4.20,0.00,42.06,upright_replica,true,one row per paid order,2026-09-18,America/Indiana/Indianapolis,USD
UP-20260918-0128,2026-09-18T21:00:00+00:00,DEMO-ITEM-20260918-0128,GW-008,eBay,DEMO-UPRIGHT-0039,Silver-tone necklace,Jewelry,1,44.17,5.99,3.09,4.41,0.00,44.17,upright_replica,true,one row per paid order,2026-09-18,America/Indiana/Indianapolis,USD
UP-20260919-0001,2026-09-19T18:00:00+00:00,DEMO-ITEM-20260919-0001,GW-001,Shopgoodwill,DEMO-UPRIGHT-0001,Vintage ceramic vase,Home,1,32.57,3.99,2.27,3.25,16.28,16.29,upright_replica,true,one row per paid order,2026-09-19,America/Indiana/Indianapolis,USD
UP-20260919-0002,2026-09-19T19:00:00+00:00,DEMO-ITEM-20260919-0002,GW-002,eBay,DEMO-UPRIGHT-0002,"Wool cardigan, size S",Apparel,1,34.68,4.99,2.42,3.46,0.00,34.68,upright_replica,true,one row per paid order,2026-09-19,America/Indiana/Indianapolis,USD
UP-20260919-0003,2026-09-19T20:00:00+00:00,DEMO-ITEM-20260919-0003,GW-003,Goodwillfinds,DEMO-UPRIGHT-0003,Framed landscape print,Art,1,36.79,5.99,2.57,3.67,0.00,36.79,upright_replica,true,one row per paid order,2026-09-19,America/Indiana/Indianapolis,USD
UP-20260919-0004,2026-09-19T21:00:00+00:00,DEMO-ITEM-20260919-0004,GW-004,Shopgoodwill,DEMO-UPRIGHT-0004,Silver-tone necklace,Jewelry,1,38.90,6.99,2.72,3.89,0.00,38.90,upright_replica,true,one row per paid order,2026-09-19,America/Indiana/Indianapolis,USD
UP-20260919-0005,2026-09-19T18:00:00+00:00,DEMO-ITEM-20260919-0005,GW-005,eBay,DEMO-UPRIGHT-0005,Vintage ceramic vase,Home,1,41.01,7.99,2.87,4.10,0.00,41.01,upright_replica,true,one row per paid order,2026-09-19,America/Indiana/Indianapolis,USD
UP-20260919-0006,2026-09-19T19:00:00+00:00,DEMO-ITEM-20260919-0006,GW-006,Goodwillfinds,DEMO-UPRIGHT-0006,"Wool cardigan, size S",Apparel,1,43.12,3.99,3.01,4.31,0.00,43.12,upright_replica,true,one row per paid order,2026-09-19,America/Indiana/Indianapolis,USD
UP-20260919-0007,2026-09-19T20:00:00+00:00,DEMO-ITEM-20260919-0007,GW-007,Shopgoodwill,DEMO-UPRIGHT-0007,Framed landscape print,Art,1,45.23,4.99,3.16,4.52,0.00,45.23,upright_replica,true,one row per paid order,2026-09-19,America/Indiana/Indianapolis,USD
UP-20260919-0008,2026-09-19T21:00:00+00:00,DEMO-ITEM-20260919-0008,GW-008,eBay,DEMO-UPRIGHT-0008,Silver-tone necklace,Jewelry,1,47.34,5.99,3.31,4.73,0.00,47.34,upright_replica,true,one row per paid order,2026-09-19,America/Indiana/Indianapolis,USD
UP-20260919-0009,2026-09-19T18:00:00+00:00,DEMO-ITEM-20260919-0009,GW-009,Goodwillfinds,DEMO-UPRIGHT-0009,Vintage ceramic vase,Home,1,49.45,6.99,3.46,4.94,0.00,49.45,upright_replica,true,one row per paid order,2026-09-19,America/Indiana/Indianapolis,USD
UP-20260919-0010,2026-09-19T19:00:00+00:00,DEMO-ITEM-20260919-0010,GW-010,Shopgoodwill,DEMO-UPRIGHT-0010,"Wool cardigan, size S",Apparel,1,51.56,7.99,3.60,5.15,0.00,51.56,upright_replica,true,one row per paid order,2026-09-19,America/Indiana/Indianapolis,USD
UP-20260919-0011,2026-09-19T20:00:00+00:00,DEMO-ITEM-20260919-0011,GW-011,eBay,DEMO-UPRIGHT-0011,Framed landscape print,Art,1,53.67,3.99,3.75,5.36,0.00,53.67,upright_replica,true,one row per paid order,2026-09-19,America/Indiana/Indianapolis,USD
UP-20260919-0012,2026-09-19T21:00:00+00:00,DEMO-ITEM-20260919-0012,GW-012,Goodwillfinds,DEMO-UPRIGHT-0012,Silver-tone necklace,Jewelry,1,55.78,4.99,3.90,5.57,0.00,55.78,upright_replica,true,one row per paid order,2026-09-19,America/Indiana/Indianapolis,USD
UP-20260919-0013,2026-09-19T18:00:00+00:00,DEMO-ITEM-20260919-0013,GW-013,Shopgoodwill,DEMO-UPRIGHT-0013,Vintage ceramic vase,Home,1,57.89,5.99,4.05,5.78,0.00,57.89,upright_replica,true,one row per paid order,2026-09-19,America/Indiana/Indianapolis,USD
UP-20260919-0014,2026-09-19T19:00:00+00:00,DEMO-ITEM-20260919-0014,GW-014,eBay,DEMO-UPRIGHT-0014,"Wool cardigan, size S",Apparel,1,60.00,6.99,4.20,6.00,0.00,60.00,upright_replica,true,one row per paid order,2026-09-19,America/Indiana/Indianapolis,USD
UP-20260919-0015,2026-09-19T20:00:00+00:00,DEMO-ITEM-20260919-0015,GW-015,Goodwillfinds,DEMO-UPRIGHT-0015,Framed landscape print,Art,1,62.11,7.99,4.34,6.21,0.00,62.11,upright_replica,true,one row per paid order,2026-09-19,America/Indiana/Indianapolis,USD
UP-20260919-0016,2026-09-19T21:00:00+00:00,DEMO-ITEM-20260919-0016,GW-016,Shopgoodwill,DEMO-UPRIGHT-0016,Silver-tone necklace,Jewelry,1,64.22,3.99,4.49,6.42,0.00,64.22,upright_replica,true,one row per paid order,2026-09-19,America/Indiana/Indianapolis,USD
UP-20260919-0017,2026-09-19T18:00:00+00:00,DEMO-ITEM-20260919-0017,GW-017,eBay,DEMO-UPRIGHT-0017,Vintage ceramic vase,Home,1,66.33,4.99,4.64,6.63,0.00,66.33,upright_replica,true,one row per paid order,2026-09-19,America/Indiana/Indianapolis,USD
UP-20260919-0018,2026-09-19T19:00:00+00:00,DEMO-ITEM-20260919-0018,GW-018,Goodwillfinds,DEMO-UPRIGHT-0018,"Wool cardigan, size S",Apparel,1,68.44,5.99,4.79,6.84,34.22,34.22,upright_replica,true,one row per paid order,2026-09-19,America/Indiana/Indianapolis,USD
UP-20260919-0019,2026-09-19T20:00:00+00:00,DEMO-ITEM-20260919-0019,GW-019,Shopgoodwill,DEMO-UPRIGHT-0019,Framed landscape print,Art,1,70.55,6.99,4.93,7.05,0.00,70.55,upright_replica,true,one row per paid order,2026-09-19,America/Indiana/Indianapolis,USD
UP-20260919-0020,2026-09-19T21:00:00+00:00,DEMO-ITEM-20260919-0020,GW-020,eBay,DEMO-UPRIGHT-0020,Silver-tone necklace,Jewelry,1,72.66,7.99,5.08,7.26,0.00,72.66,upright_replica,true,one row per paid order,2026-09-19,America/Indiana/Indianapolis,USD
UP-20260919-0021,2026-09-19T18:00:00+00:00,DEMO-ITEM-20260919-0021,GW-021,Goodwillfinds,DEMO-UPRIGHT-0021,Vintage ceramic vase,Home,1,74.77,3.99,5.23,7.47,0.00,74.77,upright_replica,true,one row per paid order,2026-09-19,America/Indiana/Indianapolis,USD
UP-20260919-0022,2026-09-19T19:00:00+00:00,DEMO-ITEM-20260919-0022,GW-022,Shopgoodwill,DEMO-UPRIGHT-0022,"Wool cardigan, size S",Apparel,1,76.88,4.99,5.38,7.68,0.00,76.88,upright_replica,true,one row per paid order,2026-09-19,America/Indiana/Indianapolis,USD
UP-20260919-0023,2026-09-19T20:00:00+00:00,DEMO-ITEM-20260919-0023,GW-023,eBay,DEMO-UPRIGHT-0023,Framed landscape print,Art,1,78.99,5.99,5.52,7.89,0.00,78.99,upright_replica,true,one row per paid order,2026-09-19,America/Indiana/Indianapolis,USD
UP-20260919-0024,2026-09-19T21:00:00+00:00,DEMO-ITEM-20260919-0024,GW-024,Goodwillfinds,DEMO-UPRIGHT-0024,Silver-tone necklace,Jewelry,1,81.10,6.99,5.67,8.11,0.00,81.10,upright_replica,true,one row per paid order,2026-09-19,America/Indiana/Indianapolis,USD
UP-20260919-0025,2026-09-19T18:00:00+00:00,DEMO-ITEM-20260919-0025,GW-001,Shopgoodwill,DEMO-UPRIGHT-0025,Vintage ceramic vase,Home,1,83.21,7.99,5.82,8.32,0.00,83.21,upright_replica,true,one row per paid order,2026-09-19,America/Indiana/Indianapolis,USD
UP-20260919-0026,2026-09-19T19:00:00+00:00,DEMO-ITEM-20260919-0026,GW-002,eBay,DEMO-UPRIGHT-0026,"Wool cardigan, size S",Apparel,1,85.32,3.99,5.97,8.53,0.00,85.32,upright_replica,true,one row per paid order,2026-09-19,America/Indiana/Indianapolis,USD
UP-20260919-0027,2026-09-19T20:00:00+00:00,DEMO-ITEM-20260919-0027,GW-003,Goodwillfinds,DEMO-UPRIGHT-0027,Framed landscape print,Art,1,87.43,4.99,6.12,8.74,0.00,87.43,upright_replica,true,one row per paid order,2026-09-19,America/Indiana/Indianapolis,USD
UP-20260919-0028,2026-09-19T21:00:00+00:00,DEMO-ITEM-20260919-0028,GW-004,Shopgoodwill,DEMO-UPRIGHT-0028,Silver-tone necklace,Jewelry,1,89.54,5.99,6.26,8.95,0.00,89.54,upright_replica,true,one row per paid order,2026-09-19,America/Indiana/Indianapolis,USD
UP-20260919-0029,2026-09-19T18:00:00+00:00,DEMO-ITEM-20260919-0029,GW-005,eBay,DEMO-UPRIGHT-0029,Vintage ceramic vase,Home,1,91.65,6.99,6.41,9.16,0.00,91.65,upright_replica,true,one row per paid order,2026-09-19,America/Indiana/Indianapolis,USD
UP-20260919-0030,2026-09-19T19:00:00+00:00,DEMO-ITEM-20260919-0030,GW-006,Goodwillfinds,DEMO-UPRIGHT-0030,"Wool cardigan, size S",Apparel,1,93.76,7.99,6.56,9.37,0.00,93.76,upright_replica,true,one row per paid order,2026-09-19,America/Indiana/Indianapolis,USD
UP-20260919-0031,2026-09-19T20:00:00+00:00,DEMO-ITEM-20260919-0031,GW-007,Shopgoodwill,DEMO-UPRIGHT-0031,Framed landscape print,Art,1,95.87,3.99,6.71,9.58,0.00,95.87,upright_replica,true,one row per paid order,2026-09-19,America/Indiana/Indianapolis,USD
UP-20260919-0032,2026-09-19T21:00:00+00:00,DEMO-ITEM-20260919-0032,GW-008,eBay,DEMO-UPRIGHT-0032,Silver-tone necklace,Jewelry,1,97.98,4.99,6.85,9.79,0.00,97.98,upright_replica,true,one row per paid order,2026-09-19,America/Indiana/Indianapolis,USD
UP-20260919-0033,2026-09-19T18:00:00+00:00,DEMO-ITEM-20260919-0033,GW-009,Goodwillfinds,DEMO-UPRIGHT-0033,Vintage ceramic vase,Home,1,15.09,5.99,1.05,1.50,0.00,15.09,upright_replica,true,one row per paid order,2026-09-19,America/Indiana/Indianapolis,USD
UP-20260919-0034,2026-09-19T19:00:00+00:00,DEMO-ITEM-20260919-0034,GW-010,Shopgoodwill,DEMO-UPRIGHT-0034,"Wool cardigan, size S",Apparel,1,17.20,6.99,1.20,1.72,0.00,17.20,upright_replica,true,one row per paid order,2026-09-19,America/Indiana/Indianapolis,USD
UP-20260919-0035,2026-09-19T20:00:00+00:00,DEMO-ITEM-20260919-0035,GW-011,eBay,DEMO-UPRIGHT-0035,Framed landscape print,Art,1,19.31,7.99,1.35,1.93,9.65,9.66,upright_replica,true,one row per paid order,2026-09-19,America/Indiana/Indianapolis,USD
UP-20260919-0036,2026-09-19T21:00:00+00:00,DEMO-ITEM-20260919-0036,GW-012,Goodwillfinds,DEMO-UPRIGHT-0036,Silver-tone necklace,Jewelry,1,21.42,3.99,1.49,2.14,0.00,21.42,upright_replica,true,one row per paid order,2026-09-19,America/Indiana/Indianapolis,USD
UP-20260919-0037,2026-09-19T18:00:00+00:00,DEMO-ITEM-20260919-0037,GW-013,Shopgoodwill,DEMO-UPRIGHT-0037,Vintage ceramic vase,Home,1,23.53,4.99,1.64,2.35,0.00,23.53,upright_replica,true,one row per paid order,2026-09-19,America/Indiana/Indianapolis,USD
UP-20260919-0038,2026-09-19T19:00:00+00:00,DEMO-ITEM-20260919-0038,GW-014,eBay,DEMO-UPRIGHT-0038,"Wool cardigan, size S",Apparel,1,25.64,5.99,1.79,2.56,0.00,25.64,upright_replica,true,one row per paid order,2026-09-19,America/Indiana/Indianapolis,USD
UP-20260919-0039,2026-09-19T20:00:00+00:00,DEMO-ITEM-20260919-0039,GW-015,Goodwillfinds,DEMO-UPRIGHT-0039,Framed landscape print,Art,1,27.75,6.99,1.94,2.77,0.00,27.75,upright_replica,true,one row per paid order,2026-09-19,America/Indiana/Indianapolis,USD
UP-20260919-0040,2026-09-19T21:00:00+00:00,DEMO-ITEM-20260919-0040,GW-016,Shopgoodwill,DEMO-UPRIGHT-0040,Silver-tone necklace,Jewelry,1,29.86,7.99,2.09,2.98,0.00,29.86,upright_replica,true,one row per paid order,2026-09-19,America/Indiana/Indianapolis,USD
UP-20260919-0041,2026-09-19T18:00:00+00:00,DEMO-ITEM-20260919-0041,GW-017,eBay,DEMO-UPRIGHT-0041,Vintage ceramic vase,Home,1,31.97,3.99,2.23,3.19,0.00,31.97,upright_replica,true,one row per paid order,2026-09-19,America/Indiana/Indianapolis,USD
UP-20260919-0042,2026-09-19T19:00:00+00:00,DEMO-ITEM-20260919-0042,GW-018,Goodwillfinds,DEMO-UPRIGHT-0042,"Wool cardigan, size S",Apparel,1,34.08,4.99,2.38,3.40,0.00,34.08,upright_replica,true,one row per paid order,2026-09-19,America/Indiana/Indianapolis,USD
UP-20260919-0043,2026-09-19T20:00:00+00:00,DEMO-ITEM-20260919-0043,GW-019,Shopgoodwill,DEMO-UPRIGHT-0043,Framed landscape print,Art,1,36.19,5.99,2.53,3.61,0.00,36.19,upright_replica,true,one row per paid order,2026-09-19,America/Indiana/Indianapolis,USD
UP-20260919-0044,2026-09-19T21:00:00+00:00,DEMO-ITEM-20260919-0044,GW-020,eBay,DEMO-UPRIGHT-0044,Silver-tone necklace,Jewelry,1,38.30,6.99,2.68,3.83,0.00,38.30,upright_replica,true,one row per paid order,2026-09-19,America/Indiana/Indianapolis,USD
UP-20260919-0045,2026-09-19T18:00:00+00:00,DEMO-ITEM-20260919-0045,GW-021,Goodwillfinds,DEMO-UPRIGHT-0045,Vintage ceramic vase,Home,1,40.41,7.99,2.82,4.04,0.00,40.41,upright_replica,true,one row per paid order,2026-09-19,America/Indiana/Indianapolis,USD
UP-20260919-0046,2026-09-19T19:00:00+00:00,DEMO-ITEM-20260919-0046,GW-022,Shopgoodwill,DEMO-UPRIGHT-0046,"Wool cardigan, size S",Apparel,1,42.52,3.99,2.97,4.25,0.00,42.52,upright_replica,true,one row per paid order,2026-09-19,America/Indiana/Indianapolis,USD
UP-20260919-0047,2026-09-19T20:00:00+00:00,DEMO-ITEM-20260919-0047,GW-023,eBay,DEMO-UPRIGHT-0047,Framed landscape print,Art,1,44.63,4.99,3.12,4.46,0.00,44.63,upright_replica,true,one row per paid order,2026-09-19,America/Indiana/Indianapolis,USD
UP-20260919-0048,2026-09-19T21:00:00+00:00,DEMO-ITEM-20260919-0048,GW-024,Goodwillfinds,DEMO-UPRIGHT-0048,Silver-tone necklace,Jewelry,1,46.74,5.99,3.27,4.67,0.00,46.74,upright_replica,true,one row per paid order,2026-09-19,America/Indiana/Indianapolis,USD
UP-20260919-0049,2026-09-19T18:00:00+00:00,DEMO-ITEM-20260919-0049,GW-001,Shopgoodwill,DEMO-UPRIGHT-0049,Vintage ceramic vase,Home,1,48.85,6.99,3.41,4.88,0.00,48.85,upright_replica,true,one row per paid order,2026-09-19,America/Indiana/Indianapolis,USD
UP-20260919-0050,2026-09-19T19:00:00+00:00,DEMO-ITEM-20260919-0050,GW-002,eBay,DEMO-UPRIGHT-0050,"Wool cardigan, size S",Apparel,1,50.96,7.99,3.56,5.09,0.00,50.96,upright_replica,true,one row per paid order,2026-09-19,America/Indiana/Indianapolis,USD
UP-20260919-0051,2026-09-19T20:00:00+00:00,DEMO-ITEM-20260919-0051,GW-003,Goodwillfinds,DEMO-UPRIGHT-0051,Framed landscape print,Art,1,53.07,3.99,3.71,5.30,0.00,53.07,upright_replica,true,one row per paid order,2026-09-19,America/Indiana/Indianapolis,USD
UP-20260919-0052,2026-09-19T21:00:00+00:00,DEMO-ITEM-20260919-0052,GW-004,Shopgoodwill,DEMO-UPRIGHT-0052,Silver-tone necklace,Jewelry,1,55.18,4.99,3.86,5.51,27.59,27.59,upright_replica,true,one row per paid order,2026-09-19,America/Indiana/Indianapolis,USD
UP-20260919-0053,2026-09-19T18:00:00+00:00,DEMO-ITEM-20260919-0053,GW-005,eBay,DEMO-UPRIGHT-0053,Vintage ceramic vase,Home,1,57.29,5.99,4.01,5.72,0.00,57.29,upright_replica,true,one row per paid order,2026-09-19,America/Indiana/Indianapolis,USD
UP-20260919-0054,2026-09-19T19:00:00+00:00,DEMO-ITEM-20260919-0054,GW-006,Goodwillfinds,DEMO-UPRIGHT-0054,"Wool cardigan, size S",Apparel,1,59.40,6.99,4.15,5.94,0.00,59.40,upright_replica,true,one row per paid order,2026-09-19,America/Indiana/Indianapolis,USD
UP-20260919-0055,2026-09-19T20:00:00+00:00,DEMO-ITEM-20260919-0055,GW-007,Shopgoodwill,DEMO-UPRIGHT-0055,Framed landscape print,Art,1,61.51,7.99,4.30,6.15,0.00,61.51,upright_replica,true,one row per paid order,2026-09-19,America/Indiana/Indianapolis,USD
UP-20260919-0056,2026-09-19T21:00:00+00:00,DEMO-ITEM-20260919-0056,GW-008,eBay,DEMO-UPRIGHT-0056,Silver-tone necklace,Jewelry,1,63.62,3.99,4.45,6.36,0.00,63.62,upright_replica,true,one row per paid order,2026-09-19,America/Indiana/Indianapolis,USD
UP-20260919-0057,2026-09-19T18:00:00+00:00,DEMO-ITEM-20260919-0057,GW-009,Goodwillfinds,DEMO-UPRIGHT-0057,Vintage ceramic vase,Home,1,65.73,4.99,4.60,6.57,0.00,65.73,upright_replica,true,one row per paid order,2026-09-19,America/Indiana/Indianapolis,USD
UP-20260919-0058,2026-09-19T19:00:00+00:00,DEMO-ITEM-20260919-0058,GW-010,Shopgoodwill,DEMO-UPRIGHT-0058,"Wool cardigan, size S",Apparel,1,67.84,5.99,4.74,6.78,0.00,67.84,upright_replica,true,one row per paid order,2026-09-19,America/Indiana/Indianapolis,USD
UP-20260919-0059,2026-09-19T20:00:00+00:00,DEMO-ITEM-20260919-0059,GW-011,eBay,DEMO-UPRIGHT-0059,Framed landscape print,Art,1,69.95,6.99,4.89,6.99,0.00,69.95,upright_replica,true,one row per paid order,2026-09-19,America/Indiana/Indianapolis,USD
UP-20260919-0060,2026-09-19T21:00:00+00:00,DEMO-ITEM-20260919-0060,GW-012,Goodwillfinds,DEMO-UPRIGHT-0060,Silver-tone necklace,Jewelry,1,72.06,7.99,5.04,7.20,0.00,72.06,upright_replica,true,one row per paid order,2026-09-19,America/Indiana/Indianapolis,USD
UP-20260919-0061,2026-09-19T18:00:00+00:00,DEMO-ITEM-20260919-0061,GW-013,Shopgoodwill,DEMO-UPRIGHT-0061,Vintage ceramic vase,Home,1,74.17,3.99,5.19,7.41,0.00,74.17,upright_replica,true,one row per paid order,2026-09-19,America/Indiana/Indianapolis,USD
UP-20260919-0062,2026-09-19T19:00:00+00:00,DEMO-ITEM-20260919-0062,GW-014,eBay,DEMO-UPRIGHT-0062,"Wool cardigan, size S",Apparel,1,76.28,4.99,5.33,7.62,0.00,76.28,upright_replica,true,one row per paid order,2026-09-19,America/Indiana/Indianapolis,USD
UP-20260919-0063,2026-09-19T20:00:00+00:00,DEMO-ITEM-20260919-0063,GW-015,Goodwillfinds,DEMO-UPRIGHT-0063,Framed landscape print,Art,1,78.39,5.99,5.48,7.83,0.00,78.39,upright_replica,true,one row per paid order,2026-09-19,America/Indiana/Indianapolis,USD
UP-20260919-0064,2026-09-19T21:00:00+00:00,DEMO-ITEM-20260919-0064,GW-016,Shopgoodwill,DEMO-UPRIGHT-0064,Silver-tone necklace,Jewelry,1,80.50,6.99,5.63,8.05,0.00,80.50,upright_replica,true,one row per paid order,2026-09-19,America/Indiana/Indianapolis,USD
UP-20260919-0065,2026-09-19T18:00:00+00:00,DEMO-ITEM-20260919-0065,GW-017,eBay,DEMO-UPRIGHT-0065,Vintage ceramic vase,Home,1,82.61,7.99,5.78,8.26,0.00,82.61,upright_replica,true,one row per paid order,2026-09-19,America/Indiana/Indianapolis,USD
UP-20260919-0066,2026-09-19T19:00:00+00:00,DEMO-ITEM-20260919-0066,GW-018,Goodwillfinds,DEMO-UPRIGHT-0066,"Wool cardigan, size S",Apparel,1,84.72,3.99,5.93,8.47,0.00,84.72,upright_replica,true,one row per paid order,2026-09-19,America/Indiana/Indianapolis,USD
UP-20260919-0067,2026-09-19T20:00:00+00:00,DEMO-ITEM-20260919-0067,GW-019,Shopgoodwill,DEMO-UPRIGHT-0067,Framed landscape print,Art,1,86.83,4.99,6.07,8.68,0.00,86.83,upright_replica,true,one row per paid order,2026-09-19,America/Indiana/Indianapolis,USD
UP-20260919-0068,2026-09-19T21:00:00+00:00,DEMO-ITEM-20260919-0068,GW-020,eBay,DEMO-UPRIGHT-0068,Silver-tone necklace,Jewelry,1,88.94,5.99,6.22,8.89,0.00,88.94,upright_replica,true,one row per paid order,2026-09-19,America/Indiana/Indianapolis,USD
UP-20260919-0069,2026-09-19T18:00:00+00:00,DEMO-ITEM-20260919-0069,GW-021,Goodwillfinds,DEMO-UPRIGHT-0069,Vintage ceramic vase,Home,1,91.05,6.99,6.37,9.10,45.52,45.53,upright_replica,true,one row per paid order,2026-09-19,America/Indiana/Indianapolis,USD
UP-20260919-0070,2026-09-19T19:00:00+00:00,DEMO-ITEM-20260919-0070,GW-022,Shopgoodwill,DEMO-UPRIGHT-0070,"Wool cardigan, size S",Apparel,1,93.16,7.99,6.52,9.31,0.00,93.16,upright_replica,true,one row per paid order,2026-09-19,America/Indiana/Indianapolis,USD
UP-20260919-0071,2026-09-19T20:00:00+00:00,DEMO-ITEM-20260919-0071,GW-023,eBay,DEMO-UPRIGHT-0071,Framed landscape print,Art,1,95.27,3.99,6.66,9.52,0.00,95.27,upright_replica,true,one row per paid order,2026-09-19,America/Indiana/Indianapolis,USD
UP-20260919-0072,2026-09-19T21:00:00+00:00,DEMO-ITEM-20260919-0072,GW-024,Goodwillfinds,DEMO-UPRIGHT-0072,Silver-tone necklace,Jewelry,1,97.38,4.99,6.81,9.73,0.00,97.38,upright_replica,true,one row per paid order,2026-09-19,America/Indiana/Indianapolis,USD
UP-20260919-0073,2026-09-19T18:00:00+00:00,DEMO-ITEM-20260919-0073,GW-001,Shopgoodwill,DEMO-UPRIGHT-0073,Vintage ceramic vase,Home,1,99.49,5.99,6.96,9.94,0.00,99.49,upright_replica,true,one row per paid order,2026-09-19,America/Indiana/Indianapolis,USD
UP-20260919-0074,2026-09-19T19:00:00+00:00,DEMO-ITEM-20260919-0074,GW-002,eBay,DEMO-UPRIGHT-0074,"Wool cardigan, size S",Apparel,1,16.60,6.99,1.16,1.66,0.00,16.60,upright_replica,true,one row per paid order,2026-09-19,America/Indiana/Indianapolis,USD
UP-20260919-0075,2026-09-19T20:00:00+00:00,DEMO-ITEM-20260919-0075,GW-003,Goodwillfinds,DEMO-UPRIGHT-0075,Framed landscape print,Art,1,18.71,7.99,1.30,1.87,0.00,18.71,upright_replica,true,one row per paid order,2026-09-19,America/Indiana/Indianapolis,USD
UP-20260919-0076,2026-09-19T21:00:00+00:00,DEMO-ITEM-20260919-0076,GW-004,Shopgoodwill,DEMO-UPRIGHT-0076,Silver-tone necklace,Jewelry,1,20.82,3.99,1.45,2.08,0.00,20.82,upright_replica,true,one row per paid order,2026-09-19,America/Indiana/Indianapolis,USD
UP-20260919-0077,2026-09-19T18:00:00+00:00,DEMO-ITEM-20260919-0077,GW-005,eBay,DEMO-UPRIGHT-0077,Vintage ceramic vase,Home,1,22.93,4.99,1.60,2.29,0.00,22.93,upright_replica,true,one row per paid order,2026-09-19,America/Indiana/Indianapolis,USD
UP-20260919-0078,2026-09-19T19:00:00+00:00,DEMO-ITEM-20260919-0078,GW-006,Goodwillfinds,DEMO-UPRIGHT-0078,"Wool cardigan, size S",Apparel,1,25.04,5.99,1.75,2.50,0.00,25.04,upright_replica,true,one row per paid order,2026-09-19,America/Indiana/Indianapolis,USD
UP-20260919-0079,2026-09-19T20:00:00+00:00,DEMO-ITEM-20260919-0079,GW-007,Shopgoodwill,DEMO-UPRIGHT-0079,Framed landscape print,Art,1,27.15,6.99,1.90,2.71,0.00,27.15,upright_replica,true,one row per paid order,2026-09-19,America/Indiana/Indianapolis,USD
UP-20260919-0080,2026-09-19T21:00:00+00:00,DEMO-ITEM-20260919-0080,GW-008,eBay,DEMO-UPRIGHT-0080,Silver-tone necklace,Jewelry,1,29.26,7.99,2.04,2.92,0.00,29.26,upright_replica,true,one row per paid order,2026-09-19,America/Indiana/Indianapolis,USD
UP-20260919-0081,2026-09-19T18:00:00+00:00,DEMO-ITEM-20260919-0081,GW-009,Goodwillfinds,DEMO-UPRIGHT-0081,Vintage ceramic vase,Home,1,31.37,3.99,2.19,3.13,0.00,31.37,upright_replica,true,one row per paid order,2026-09-19,America/Indiana/Indianapolis,USD
UP-20260919-0082,2026-09-19T19:00:00+00:00,DEMO-ITEM-20260919-0082,GW-010,Shopgoodwill,DEMO-UPRIGHT-0082,"Wool cardigan, size S",Apparel,1,33.48,4.99,2.34,3.34,0.00,33.48,upright_replica,true,one row per paid order,2026-09-19,America/Indiana/Indianapolis,USD
UP-20260919-0083,2026-09-19T20:00:00+00:00,DEMO-ITEM-20260919-0083,GW-011,eBay,DEMO-UPRIGHT-0083,Framed landscape print,Art,1,35.59,5.99,2.49,3.55,0.00,35.59,upright_replica,true,one row per paid order,2026-09-19,America/Indiana/Indianapolis,USD
UP-20260919-0084,2026-09-19T21:00:00+00:00,DEMO-ITEM-20260919-0084,GW-012,Goodwillfinds,DEMO-UPRIGHT-0084,Silver-tone necklace,Jewelry,1,37.70,6.99,2.63,3.77,0.00,37.70,upright_replica,true,one row per paid order,2026-09-19,America/Indiana/Indianapolis,USD
UP-20260919-0085,2026-09-19T18:00:00+00:00,DEMO-ITEM-20260919-0085,GW-013,Shopgoodwill,DEMO-UPRIGHT-0085,Vintage ceramic vase,Home,1,39.81,7.99,2.78,3.98,0.00,39.81,upright_replica,true,one row per paid order,2026-09-19,America/Indiana/Indianapolis,USD
UP-20260919-0086,2026-09-19T19:00:00+00:00,DEMO-ITEM-20260919-0086,GW-014,eBay,DEMO-UPRIGHT-0086,"Wool cardigan, size S",Apparel,1,41.92,3.99,2.93,4.19,20.96,20.96,upright_replica,true,one row per paid order,2026-09-19,America/Indiana/Indianapolis,USD
UP-20260919-0087,2026-09-19T20:00:00+00:00,DEMO-ITEM-20260919-0087,GW-015,Goodwillfinds,DEMO-UPRIGHT-0087,Framed landscape print,Art,1,44.03,4.99,3.08,4.40,0.00,44.03,upright_replica,true,one row per paid order,2026-09-19,America/Indiana/Indianapolis,USD
UP-20260919-0088,2026-09-19T21:00:00+00:00,DEMO-ITEM-20260919-0088,GW-016,Shopgoodwill,DEMO-UPRIGHT-0088,Silver-tone necklace,Jewelry,1,46.14,5.99,3.22,4.61,0.00,46.14,upright_replica,true,one row per paid order,2026-09-19,America/Indiana/Indianapolis,USD
UP-20260919-0089,2026-09-19T18:00:00+00:00,DEMO-ITEM-20260919-0089,GW-017,eBay,DEMO-UPRIGHT-0089,Vintage ceramic vase,Home,1,48.25,6.99,3.37,4.82,0.00,48.25,upright_replica,true,one row per paid order,2026-09-19,America/Indiana/Indianapolis,USD
UP-20260919-0090,2026-09-19T19:00:00+00:00,DEMO-ITEM-20260919-0090,GW-018,Goodwillfinds,DEMO-UPRIGHT-0001,"Wool cardigan, size S",Apparel,1,50.36,7.99,3.52,5.03,0.00,50.36,upright_replica,true,one row per paid order,2026-09-19,America/Indiana/Indianapolis,USD
UP-20260919-0091,2026-09-19T20:00:00+00:00,DEMO-ITEM-20260919-0091,GW-019,Shopgoodwill,DEMO-UPRIGHT-0002,Framed landscape print,Art,1,52.47,3.99,3.67,5.24,0.00,52.47,upright_replica,true,one row per paid order,2026-09-19,America/Indiana/Indianapolis,USD
UP-20260919-0092,2026-09-19T21:00:00+00:00,DEMO-ITEM-20260919-0092,GW-020,eBay,DEMO-UPRIGHT-0003,Silver-tone necklace,Jewelry,1,54.58,4.99,3.82,5.45,0.00,54.58,upright_replica,true,one row per paid order,2026-09-19,America/Indiana/Indianapolis,USD
UP-20260919-0093,2026-09-19T18:00:00+00:00,DEMO-ITEM-20260919-0093,GW-021,Goodwillfinds,DEMO-UPRIGHT-0004,Vintage ceramic vase,Home,1,56.69,5.99,3.96,5.66,0.00,56.69,upright_replica,true,one row per paid order,2026-09-19,America/Indiana/Indianapolis,USD
UP-20260919-0094,2026-09-19T19:00:00+00:00,DEMO-ITEM-20260919-0094,GW-022,Shopgoodwill,DEMO-UPRIGHT-0005,"Wool cardigan, size S",Apparel,1,58.80,6.99,4.11,5.88,0.00,58.80,upright_replica,true,one row per paid order,2026-09-19,America/Indiana/Indianapolis,USD
UP-20260919-0095,2026-09-19T20:00:00+00:00,DEMO-ITEM-20260919-0095,GW-023,eBay,DEMO-UPRIGHT-0006,Framed landscape print,Art,1,60.91,7.99,4.26,6.09,0.00,60.91,upright_replica,true,one row per paid order,2026-09-19,America/Indiana/Indianapolis,USD
UP-20260919-0096,2026-09-19T21:00:00+00:00,DEMO-ITEM-20260919-0096,GW-024,Goodwillfinds,DEMO-UPRIGHT-0007,Silver-tone necklace,Jewelry,1,63.02,3.99,4.41,6.30,0.00,63.02,upright_replica,true,one row per paid order,2026-09-19,America/Indiana/Indianapolis,USD
UP-20260919-0097,2026-09-19T18:00:00+00:00,DEMO-ITEM-20260919-0097,GW-001,Shopgoodwill,DEMO-UPRIGHT-0008,Vintage ceramic vase,Home,1,65.13,4.99,4.55,6.51,0.00,65.13,upright_replica,true,one row per paid order,2026-09-19,America/Indiana/Indianapolis,USD
UP-20260919-0098,2026-09-19T19:00:00+00:00,DEMO-ITEM-20260919-0098,GW-002,eBay,DEMO-UPRIGHT-0009,"Wool cardigan, size S",Apparel,1,67.24,5.99,4.70,6.72,0.00,67.24,upright_replica,true,one row per paid order,2026-09-19,America/Indiana/Indianapolis,USD
UP-20260919-0099,2026-09-19T20:00:00+00:00,DEMO-ITEM-20260919-0099,GW-003,Goodwillfinds,DEMO-UPRIGHT-0010,Framed landscape print,Art,1,69.35,6.99,4.85,6.93,0.00,69.35,upright_replica,true,one row per paid order,2026-09-19,America/Indiana/Indianapolis,USD
UP-20260919-0100,2026-09-19T21:00:00+00:00,DEMO-ITEM-20260919-0100,GW-004,Shopgoodwill,DEMO-UPRIGHT-0011,Silver-tone necklace,Jewelry,1,71.46,7.99,5.00,7.14,0.00,71.46,upright_replica,true,one row per paid order,2026-09-19,America/Indiana/Indianapolis,USD
UP-20260919-0101,2026-09-19T18:00:00+00:00,DEMO-ITEM-20260919-0101,GW-005,eBay,DEMO-UPRIGHT-0012,Vintage ceramic vase,Home,1,73.57,3.99,5.14,7.35,0.00,73.57,upright_replica,true,one row per paid order,2026-09-19,America/Indiana/Indianapolis,USD
UP-20260919-0102,2026-09-19T19:00:00+00:00,DEMO-ITEM-20260919-0102,GW-006,Goodwillfinds,DEMO-UPRIGHT-0013,"Wool cardigan, size S",Apparel,1,75.68,4.99,5.29,7.56,0.00,75.68,upright_replica,true,one row per paid order,2026-09-19,America/Indiana/Indianapolis,USD
UP-20260919-0103,2026-09-19T20:00:00+00:00,DEMO-ITEM-20260919-0103,GW-007,Shopgoodwill,DEMO-UPRIGHT-0014,Framed landscape print,Art,1,77.79,5.99,5.44,7.77,38.89,38.90,upright_replica,true,one row per paid order,2026-09-19,America/Indiana/Indianapolis,USD
UP-20260919-0104,2026-09-19T21:00:00+00:00,DEMO-ITEM-20260919-0104,GW-008,eBay,DEMO-UPRIGHT-0015,Silver-tone necklace,Jewelry,1,79.90,6.99,5.59,7.99,0.00,79.90,upright_replica,true,one row per paid order,2026-09-19,America/Indiana/Indianapolis,USD
UP-20260919-0105,2026-09-19T18:00:00+00:00,DEMO-ITEM-20260919-0105,GW-009,Goodwillfinds,DEMO-UPRIGHT-0016,Vintage ceramic vase,Home,1,82.01,7.99,5.74,8.20,0.00,82.01,upright_replica,true,one row per paid order,2026-09-19,America/Indiana/Indianapolis,USD
UP-20260919-0106,2026-09-19T19:00:00+00:00,DEMO-ITEM-20260919-0106,GW-010,Shopgoodwill,DEMO-UPRIGHT-0017,"Wool cardigan, size S",Apparel,1,84.12,3.99,5.88,8.41,0.00,84.12,upright_replica,true,one row per paid order,2026-09-19,America/Indiana/Indianapolis,USD
UP-20260919-0107,2026-09-19T20:00:00+00:00,DEMO-ITEM-20260919-0107,GW-011,eBay,DEMO-UPRIGHT-0018,Framed landscape print,Art,1,86.23,4.99,6.03,8.62,0.00,86.23,upright_replica,true,one row per paid order,2026-09-19,America/Indiana/Indianapolis,USD
UP-20260919-0108,2026-09-19T21:00:00+00:00,DEMO-ITEM-20260919-0108,GW-012,Goodwillfinds,DEMO-UPRIGHT-0019,Silver-tone necklace,Jewelry,1,88.34,5.99,6.18,8.83,0.00,88.34,upright_replica,true,one row per paid order,2026-09-19,America/Indiana/Indianapolis,USD
UP-20260919-0109,2026-09-19T18:00:00+00:00,DEMO-ITEM-20260919-0109,GW-013,Shopgoodwill,DEMO-UPRIGHT-0020,Vintage ceramic vase,Home,1,90.45,6.99,6.33,9.04,0.00,90.45,upright_replica,true,one row per paid order,2026-09-19,America/Indiana/Indianapolis,USD
UP-20260919-0110,2026-09-19T19:00:00+00:00,DEMO-ITEM-20260919-0110,GW-014,eBay,DEMO-UPRIGHT-0021,"Wool cardigan, size S",Apparel,1,92.56,7.99,6.47,9.25,0.00,92.56,upright_replica,true,one row per paid order,2026-09-19,America/Indiana/Indianapolis,USD
UP-20260919-0111,2026-09-19T20:00:00+00:00,DEMO-ITEM-20260919-0111,GW-015,Goodwillfinds,DEMO-UPRIGHT-0022,Framed landscape print,Art,1,94.67,3.99,6.62,9.46,0.00,94.67,upright_replica,true,one row per paid order,2026-09-19,America/Indiana/Indianapolis,USD
UP-20260919-0112,2026-09-19T21:00:00+00:00,DEMO-ITEM-20260919-0112,GW-016,Shopgoodwill,DEMO-UPRIGHT-0023,Silver-tone necklace,Jewelry,1,96.78,4.99,6.77,9.67,0.00,96.78,upright_replica,true,one row per paid order,2026-09-19,America/Indiana/Indianapolis,USD
UP-20260919-0113,2026-09-19T18:00:00+00:00,DEMO-ITEM-20260919-0113,GW-017,eBay,DEMO-UPRIGHT-0024,Vintage ceramic vase,Home,1,98.89,5.99,6.92,9.88,0.00,98.89,upright_replica,true,one row per paid order,2026-09-19,America/Indiana/Indianapolis,USD
UP-20260919-0114,2026-09-19T19:00:00+00:00,DEMO-ITEM-20260919-0114,GW-018,Goodwillfinds,DEMO-UPRIGHT-0025,"Wool cardigan, size S",Apparel,1,16.00,6.99,1.12,1.60,0.00,16.00,upright_replica,true,one row per paid order,2026-09-19,America/Indiana/Indianapolis,USD
UP-20260919-0115,2026-09-19T20:00:00+00:00,DEMO-ITEM-20260919-0115,GW-019,Shopgoodwill,DEMO-UPRIGHT-0026,Framed landscape print,Art,1,18.11,7.99,1.26,1.81,0.00,18.11,upright_replica,true,one row per paid order,2026-09-19,America/Indiana/Indianapolis,USD
UP-20260919-0116,2026-09-19T21:00:00+00:00,DEMO-ITEM-20260919-0116,GW-020,eBay,DEMO-UPRIGHT-0027,Silver-tone necklace,Jewelry,1,20.22,3.99,1.41,2.02,0.00,20.22,upright_replica,true,one row per paid order,2026-09-19,America/Indiana/Indianapolis,USD
UP-20260919-0117,2026-09-19T18:00:00+00:00,DEMO-ITEM-20260919-0117,GW-021,Goodwillfinds,DEMO-UPRIGHT-0028,Vintage ceramic vase,Home,1,22.33,4.99,1.56,2.23,0.00,22.33,upright_replica,true,one row per paid order,2026-09-19,America/Indiana/Indianapolis,USD
UP-20260919-0118,2026-09-19T19:00:00+00:00,DEMO-ITEM-20260919-0118,GW-022,Shopgoodwill,DEMO-UPRIGHT-0029,"Wool cardigan, size S",Apparel,1,24.44,5.99,1.71,2.44,0.00,24.44,upright_replica,true,one row per paid order,2026-09-19,America/Indiana/Indianapolis,USD
UP-20260919-0119,2026-09-19T20:00:00+00:00,DEMO-ITEM-20260919-0119,GW-023,eBay,DEMO-UPRIGHT-0030,Framed landscape print,Art,1,26.55,6.99,1.85,2.65,0.00,26.55,upright_replica,true,one row per paid order,2026-09-19,America/Indiana/Indianapolis,USD
UP-20260919-0120,2026-09-19T21:00:00+00:00,DEMO-ITEM-20260919-0120,GW-024,Goodwillfinds,DEMO-UPRIGHT-0031,Silver-tone necklace,Jewelry,1,28.66,7.99,2.00,2.86,14.33,14.33,upright_replica,true,one row per paid order,2026-09-19,America/Indiana/Indianapolis,USD
UP-20260919-0121,2026-09-19T18:00:00+00:00,DEMO-ITEM-20260919-0121,GW-001,Shopgoodwill,DEMO-UPRIGHT-0032,Vintage ceramic vase,Home,1,30.77,3.99,2.15,3.07,0.00,30.77,upright_replica,true,one row per paid order,2026-09-19,America/Indiana/Indianapolis,USD
UP-20260919-0122,2026-09-19T19:00:00+00:00,DEMO-ITEM-20260919-0122,GW-002,eBay,DEMO-UPRIGHT-0033,"Wool cardigan, size S",Apparel,1,32.88,4.99,2.30,3.28,0.00,32.88,upright_replica,true,one row per paid order,2026-09-19,America/Indiana/Indianapolis,USD
UP-20260919-0123,2026-09-19T20:00:00+00:00,DEMO-ITEM-20260919-0123,GW-003,Goodwillfinds,DEMO-UPRIGHT-0034,Framed landscape print,Art,1,34.99,5.99,2.44,3.49,0.00,34.99,upright_replica,true,one row per paid order,2026-09-19,America/Indiana/Indianapolis,USD
UP-20260919-0124,2026-09-19T21:00:00+00:00,DEMO-ITEM-20260919-0124,GW-004,Shopgoodwill,DEMO-UPRIGHT-0035,Silver-tone necklace,Jewelry,1,37.10,6.99,2.59,3.71,0.00,37.10,upright_replica,true,one row per paid order,2026-09-19,America/Indiana/Indianapolis,USD
UP-20260919-0125,2026-09-19T18:00:00+00:00,DEMO-ITEM-20260919-0125,GW-005,eBay,DEMO-UPRIGHT-0036,Vintage ceramic vase,Home,1,39.21,7.99,2.74,3.92,0.00,39.21,upright_replica,true,one row per paid order,2026-09-19,America/Indiana/Indianapolis,USD
UP-20260919-0126,2026-09-19T19:00:00+00:00,DEMO-ITEM-20260919-0126,GW-006,Goodwillfinds,DEMO-UPRIGHT-0037,"Wool cardigan, size S",Apparel,1,41.32,3.99,2.89,4.13,0.00,41.32,upright_replica,true,one row per paid order,2026-09-19,America/Indiana/Indianapolis,USD
UP-20260919-0127,2026-09-19T20:00:00+00:00,DEMO-ITEM-20260919-0127,GW-007,Shopgoodwill,DEMO-UPRIGHT-0038,Framed landscape print,Art,1,43.43,4.99,3.04,4.34,0.00,43.43,upright_replica,true,one row per paid order,2026-09-19,America/Indiana/Indianapolis,USD
UP-20260919-0128,2026-09-19T21:00:00+00:00,DEMO-ITEM-20260919-0128,GW-008,eBay,DEMO-UPRIGHT-0039,Silver-tone necklace,Jewelry,1,45.54,5.99,3.18,4.55,0.00,45.54,upright_replica,true,one row per paid order,2026-09-19,America/Indiana/Indianapolis,USD
UP-20260920-0001,2026-09-20T18:00:00+00:00,DEMO-ITEM-20260920-0001,GW-001,Shopgoodwill,DEMO-UPRIGHT-0001,Vintage ceramic vase,Home,1,33.94,3.99,2.37,3.39,16.97,16.97,upright_replica,true,one row per paid order,2026-09-20,America/Indiana/Indianapolis,USD
UP-20260920-0002,2026-09-20T19:00:00+00:00,DEMO-ITEM-20260920-0002,GW-002,eBay,DEMO-UPRIGHT-0002,"Wool cardigan, size S",Apparel,1,36.05,4.99,2.52,3.60,0.00,36.05,upright_replica,true,one row per paid order,2026-09-20,America/Indiana/Indianapolis,USD
UP-20260920-0003,2026-09-20T20:00:00+00:00,DEMO-ITEM-20260920-0003,GW-003,Goodwillfinds,DEMO-UPRIGHT-0003,Framed landscape print,Art,1,38.16,5.99,2.67,3.81,0.00,38.16,upright_replica,true,one row per paid order,2026-09-20,America/Indiana/Indianapolis,USD
UP-20260920-0004,2026-09-20T21:00:00+00:00,DEMO-ITEM-20260920-0004,GW-004,Shopgoodwill,DEMO-UPRIGHT-0004,Silver-tone necklace,Jewelry,1,40.27,6.99,2.81,4.02,0.00,40.27,upright_replica,true,one row per paid order,2026-09-20,America/Indiana/Indianapolis,USD
UP-20260920-0005,2026-09-20T18:00:00+00:00,DEMO-ITEM-20260920-0005,GW-005,eBay,DEMO-UPRIGHT-0005,Vintage ceramic vase,Home,1,42.38,7.99,2.96,4.23,0.00,42.38,upright_replica,true,one row per paid order,2026-09-20,America/Indiana/Indianapolis,USD
UP-20260920-0006,2026-09-20T19:00:00+00:00,DEMO-ITEM-20260920-0006,GW-006,Goodwillfinds,DEMO-UPRIGHT-0006,"Wool cardigan, size S",Apparel,1,44.49,3.99,3.11,4.44,0.00,44.49,upright_replica,true,one row per paid order,2026-09-20,America/Indiana/Indianapolis,USD
UP-20260920-0007,2026-09-20T20:00:00+00:00,DEMO-ITEM-20260920-0007,GW-007,Shopgoodwill,DEMO-UPRIGHT-0007,Framed landscape print,Art,1,46.60,4.99,3.26,4.66,0.00,46.60,upright_replica,true,one row per paid order,2026-09-20,America/Indiana/Indianapolis,USD
UP-20260920-0008,2026-09-20T21:00:00+00:00,DEMO-ITEM-20260920-0008,GW-008,eBay,DEMO-UPRIGHT-0008,Silver-tone necklace,Jewelry,1,48.71,5.99,3.40,4.87,0.00,48.71,upright_replica,true,one row per paid order,2026-09-20,America/Indiana/Indianapolis,USD
UP-20260920-0009,2026-09-20T18:00:00+00:00,DEMO-ITEM-20260920-0009,GW-009,Goodwillfinds,DEMO-UPRIGHT-0009,Vintage ceramic vase,Home,1,50.82,6.99,3.55,5.08,0.00,50.82,upright_replica,true,one row per paid order,2026-09-20,America/Indiana/Indianapolis,USD
UP-20260920-0010,2026-09-20T19:00:00+00:00,DEMO-ITEM-20260920-0010,GW-010,Shopgoodwill,DEMO-UPRIGHT-0010,"Wool cardigan, size S",Apparel,1,52.93,7.99,3.70,5.29,0.00,52.93,upright_replica,true,one row per paid order,2026-09-20,America/Indiana/Indianapolis,USD
UP-20260920-0011,2026-09-20T20:00:00+00:00,DEMO-ITEM-20260920-0011,GW-011,eBay,DEMO-UPRIGHT-0011,Framed landscape print,Art,1,55.04,3.99,3.85,5.50,0.00,55.04,upright_replica,true,one row per paid order,2026-09-20,America/Indiana/Indianapolis,USD
UP-20260920-0012,2026-09-20T21:00:00+00:00,DEMO-ITEM-20260920-0012,GW-012,Goodwillfinds,DEMO-UPRIGHT-0012,Silver-tone necklace,Jewelry,1,57.15,4.99,4.00,5.71,0.00,57.15,upright_replica,true,one row per paid order,2026-09-20,America/Indiana/Indianapolis,USD
UP-20260920-0013,2026-09-20T18:00:00+00:00,DEMO-ITEM-20260920-0013,GW-013,Shopgoodwill,DEMO-UPRIGHT-0013,Vintage ceramic vase,Home,1,59.26,5.99,4.14,5.92,0.00,59.26,upright_replica,true,one row per paid order,2026-09-20,America/Indiana/Indianapolis,USD
UP-20260920-0014,2026-09-20T19:00:00+00:00,DEMO-ITEM-20260920-0014,GW-014,eBay,DEMO-UPRIGHT-0014,"Wool cardigan, size S",Apparel,1,61.37,6.99,4.29,6.13,0.00,61.37,upright_replica,true,one row per paid order,2026-09-20,America/Indiana/Indianapolis,USD
UP-20260920-0015,2026-09-20T20:00:00+00:00,DEMO-ITEM-20260920-0015,GW-015,Goodwillfinds,DEMO-UPRIGHT-0015,Framed landscape print,Art,1,63.48,7.99,4.44,6.34,0.00,63.48,upright_replica,true,one row per paid order,2026-09-20,America/Indiana/Indianapolis,USD
UP-20260920-0016,2026-09-20T21:00:00+00:00,DEMO-ITEM-20260920-0016,GW-016,Shopgoodwill,DEMO-UPRIGHT-0016,Silver-tone necklace,Jewelry,1,65.59,3.99,4.59,6.55,0.00,65.59,upright_replica,true,one row per paid order,2026-09-20,America/Indiana/Indianapolis,USD
UP-20260920-0017,2026-09-20T18:00:00+00:00,DEMO-ITEM-20260920-0017,GW-017,eBay,DEMO-UPRIGHT-0017,Vintage ceramic vase,Home,1,67.70,4.99,4.73,6.77,0.00,67.70,upright_replica,true,one row per paid order,2026-09-20,America/Indiana/Indianapolis,USD
UP-20260920-0018,2026-09-20T19:00:00+00:00,DEMO-ITEM-20260920-0018,GW-018,Goodwillfinds,DEMO-UPRIGHT-0018,"Wool cardigan, size S",Apparel,1,69.81,5.99,4.88,6.98,34.90,34.91,upright_replica,true,one row per paid order,2026-09-20,America/Indiana/Indianapolis,USD
UP-20260920-0019,2026-09-20T20:00:00+00:00,DEMO-ITEM-20260920-0019,GW-019,Shopgoodwill,DEMO-UPRIGHT-0019,Framed landscape print,Art,1,71.92,6.99,5.03,7.19,0.00,71.92,upright_replica,true,one row per paid order,2026-09-20,America/Indiana/Indianapolis,USD
UP-20260920-0020,2026-09-20T21:00:00+00:00,DEMO-ITEM-20260920-0020,GW-020,eBay,DEMO-UPRIGHT-0020,Silver-tone necklace,Jewelry,1,74.03,7.99,5.18,7.40,0.00,74.03,upright_replica,true,one row per paid order,2026-09-20,America/Indiana/Indianapolis,USD
UP-20260920-0021,2026-09-20T18:00:00+00:00,DEMO-ITEM-20260920-0021,GW-021,Goodwillfinds,DEMO-UPRIGHT-0021,Vintage ceramic vase,Home,1,76.14,3.99,5.32,7.61,0.00,76.14,upright_replica,true,one row per paid order,2026-09-20,America/Indiana/Indianapolis,USD
UP-20260920-0022,2026-09-20T19:00:00+00:00,DEMO-ITEM-20260920-0022,GW-022,Shopgoodwill,DEMO-UPRIGHT-0022,"Wool cardigan, size S",Apparel,1,78.25,4.99,5.47,7.82,0.00,78.25,upright_replica,true,one row per paid order,2026-09-20,America/Indiana/Indianapolis,USD
UP-20260920-0023,2026-09-20T20:00:00+00:00,DEMO-ITEM-20260920-0023,GW-023,eBay,DEMO-UPRIGHT-0023,Framed landscape print,Art,1,80.36,5.99,5.62,8.03,0.00,80.36,upright_replica,true,one row per paid order,2026-09-20,America/Indiana/Indianapolis,USD
UP-20260920-0024,2026-09-20T21:00:00+00:00,DEMO-ITEM-20260920-0024,GW-024,Goodwillfinds,DEMO-UPRIGHT-0024,Silver-tone necklace,Jewelry,1,82.47,6.99,5.77,8.24,0.00,82.47,upright_replica,true,one row per paid order,2026-09-20,America/Indiana/Indianapolis,USD
UP-20260920-0025,2026-09-20T18:00:00+00:00,DEMO-ITEM-20260920-0025,GW-001,Shopgoodwill,DEMO-UPRIGHT-0025,Vintage ceramic vase,Home,1,84.58,7.99,5.92,8.45,0.00,84.58,upright_replica,true,one row per paid order,2026-09-20,America/Indiana/Indianapolis,USD
UP-20260920-0026,2026-09-20T19:00:00+00:00,DEMO-ITEM-20260920-0026,GW-002,eBay,DEMO-UPRIGHT-0026,"Wool cardigan, size S",Apparel,1,86.69,3.99,6.06,8.66,0.00,86.69,upright_replica,true,one row per paid order,2026-09-20,America/Indiana/Indianapolis,USD
UP-20260920-0027,2026-09-20T20:00:00+00:00,DEMO-ITEM-20260920-0027,GW-003,Goodwillfinds,DEMO-UPRIGHT-0027,Framed landscape print,Art,1,88.80,4.99,6.21,8.88,0.00,88.80,upright_replica,true,one row per paid order,2026-09-20,America/Indiana/Indianapolis,USD
UP-20260920-0028,2026-09-20T21:00:00+00:00,DEMO-ITEM-20260920-0028,GW-004,Shopgoodwill,DEMO-UPRIGHT-0028,Silver-tone necklace,Jewelry,1,90.91,5.99,6.36,9.09,0.00,90.91,upright_replica,true,one row per paid order,2026-09-20,America/Indiana/Indianapolis,USD
UP-20260920-0029,2026-09-20T18:00:00+00:00,DEMO-ITEM-20260920-0029,GW-005,eBay,DEMO-UPRIGHT-0029,Vintage ceramic vase,Home,1,93.02,6.99,6.51,9.30,0.00,93.02,upright_replica,true,one row per paid order,2026-09-20,America/Indiana/Indianapolis,USD
UP-20260920-0030,2026-09-20T19:00:00+00:00,DEMO-ITEM-20260920-0030,GW-006,Goodwillfinds,DEMO-UPRIGHT-0030,"Wool cardigan, size S",Apparel,1,95.13,7.99,6.65,9.51,0.00,95.13,upright_replica,true,one row per paid order,2026-09-20,America/Indiana/Indianapolis,USD
UP-20260920-0031,2026-09-20T20:00:00+00:00,DEMO-ITEM-20260920-0031,GW-007,Shopgoodwill,DEMO-UPRIGHT-0031,Framed landscape print,Art,1,97.24,3.99,6.80,9.72,0.00,97.24,upright_replica,true,one row per paid order,2026-09-20,America/Indiana/Indianapolis,USD
UP-20260920-0032,2026-09-20T21:00:00+00:00,DEMO-ITEM-20260920-0032,GW-008,eBay,DEMO-UPRIGHT-0032,Silver-tone necklace,Jewelry,1,99.35,4.99,6.95,9.93,0.00,99.35,upright_replica,true,one row per paid order,2026-09-20,America/Indiana/Indianapolis,USD
UP-20260920-0033,2026-09-20T18:00:00+00:00,DEMO-ITEM-20260920-0033,GW-009,Goodwillfinds,DEMO-UPRIGHT-0033,Vintage ceramic vase,Home,1,16.46,5.99,1.15,1.64,0.00,16.46,upright_replica,true,one row per paid order,2026-09-20,America/Indiana/Indianapolis,USD
UP-20260920-0034,2026-09-20T19:00:00+00:00,DEMO-ITEM-20260920-0034,GW-010,Shopgoodwill,DEMO-UPRIGHT-0034,"Wool cardigan, size S",Apparel,1,18.57,6.99,1.29,1.85,0.00,18.57,upright_replica,true,one row per paid order,2026-09-20,America/Indiana/Indianapolis,USD
UP-20260920-0035,2026-09-20T20:00:00+00:00,DEMO-ITEM-20260920-0035,GW-011,eBay,DEMO-UPRIGHT-0035,Framed landscape print,Art,1,20.68,7.99,1.44,2.06,10.34,10.34,upright_replica,true,one row per paid order,2026-09-20,America/Indiana/Indianapolis,USD
UP-20260920-0036,2026-09-20T21:00:00+00:00,DEMO-ITEM-20260920-0036,GW-012,Goodwillfinds,DEMO-UPRIGHT-0036,Silver-tone necklace,Jewelry,1,22.79,3.99,1.59,2.27,0.00,22.79,upright_replica,true,one row per paid order,2026-09-20,America/Indiana/Indianapolis,USD
UP-20260920-0037,2026-09-20T18:00:00+00:00,DEMO-ITEM-20260920-0037,GW-013,Shopgoodwill,DEMO-UPRIGHT-0037,Vintage ceramic vase,Home,1,24.90,4.99,1.74,2.49,0.00,24.90,upright_replica,true,one row per paid order,2026-09-20,America/Indiana/Indianapolis,USD
UP-20260920-0038,2026-09-20T19:00:00+00:00,DEMO-ITEM-20260920-0038,GW-014,eBay,DEMO-UPRIGHT-0038,"Wool cardigan, size S",Apparel,1,27.01,5.99,1.89,2.70,0.00,27.01,upright_replica,true,one row per paid order,2026-09-20,America/Indiana/Indianapolis,USD
UP-20260920-0039,2026-09-20T20:00:00+00:00,DEMO-ITEM-20260920-0039,GW-015,Goodwillfinds,DEMO-UPRIGHT-0039,Framed landscape print,Art,1,29.12,6.99,2.03,2.91,0.00,29.12,upright_replica,true,one row per paid order,2026-09-20,America/Indiana/Indianapolis,USD
UP-20260920-0040,2026-09-20T21:00:00+00:00,DEMO-ITEM-20260920-0040,GW-016,Shopgoodwill,DEMO-UPRIGHT-0040,Silver-tone necklace,Jewelry,1,31.23,7.99,2.18,3.12,0.00,31.23,upright_replica,true,one row per paid order,2026-09-20,America/Indiana/Indianapolis,USD
UP-20260920-0041,2026-09-20T18:00:00+00:00,DEMO-ITEM-20260920-0041,GW-017,eBay,DEMO-UPRIGHT-0041,Vintage ceramic vase,Home,1,33.34,3.99,2.33,3.33,0.00,33.34,upright_replica,true,one row per paid order,2026-09-20,America/Indiana/Indianapolis,USD
UP-20260920-0042,2026-09-20T19:00:00+00:00,DEMO-ITEM-20260920-0042,GW-018,Goodwillfinds,DEMO-UPRIGHT-0042,"Wool cardigan, size S",Apparel,1,35.45,4.99,2.48,3.54,0.00,35.45,upright_replica,true,one row per paid order,2026-09-20,America/Indiana/Indianapolis,USD
UP-20260920-0043,2026-09-20T20:00:00+00:00,DEMO-ITEM-20260920-0043,GW-019,Shopgoodwill,DEMO-UPRIGHT-0043,Framed landscape print,Art,1,37.56,5.99,2.62,3.75,0.00,37.56,upright_replica,true,one row per paid order,2026-09-20,America/Indiana/Indianapolis,USD
UP-20260920-0044,2026-09-20T21:00:00+00:00,DEMO-ITEM-20260920-0044,GW-020,eBay,DEMO-UPRIGHT-0044,Silver-tone necklace,Jewelry,1,39.67,6.99,2.77,3.96,0.00,39.67,upright_replica,true,one row per paid order,2026-09-20,America/Indiana/Indianapolis,USD
UP-20260920-0045,2026-09-20T18:00:00+00:00,DEMO-ITEM-20260920-0045,GW-021,Goodwillfinds,DEMO-UPRIGHT-0045,Vintage ceramic vase,Home,1,41.78,7.99,2.92,4.17,0.00,41.78,upright_replica,true,one row per paid order,2026-09-20,America/Indiana/Indianapolis,USD
UP-20260920-0046,2026-09-20T19:00:00+00:00,DEMO-ITEM-20260920-0046,GW-022,Shopgoodwill,DEMO-UPRIGHT-0046,"Wool cardigan, size S",Apparel,1,43.89,3.99,3.07,4.38,0.00,43.89,upright_replica,true,one row per paid order,2026-09-20,America/Indiana/Indianapolis,USD
UP-20260920-0047,2026-09-20T20:00:00+00:00,DEMO-ITEM-20260920-0047,GW-023,eBay,DEMO-UPRIGHT-0047,Framed landscape print,Art,1,46.00,4.99,3.22,4.60,0.00,46.00,upright_replica,true,one row per paid order,2026-09-20,America/Indiana/Indianapolis,USD
UP-20260920-0048,2026-09-20T21:00:00+00:00,DEMO-ITEM-20260920-0048,GW-024,Goodwillfinds,DEMO-UPRIGHT-0048,Silver-tone necklace,Jewelry,1,48.11,5.99,3.36,4.81,0.00,48.11,upright_replica,true,one row per paid order,2026-09-20,America/Indiana/Indianapolis,USD
UP-20260920-0049,2026-09-20T18:00:00+00:00,DEMO-ITEM-20260920-0049,GW-001,Shopgoodwill,DEMO-UPRIGHT-0049,Vintage ceramic vase,Home,1,50.22,6.99,3.51,5.02,0.00,50.22,upright_replica,true,one row per paid order,2026-09-20,America/Indiana/Indianapolis,USD
UP-20260920-0050,2026-09-20T19:00:00+00:00,DEMO-ITEM-20260920-0050,GW-002,eBay,DEMO-UPRIGHT-0050,"Wool cardigan, size S",Apparel,1,52.33,7.99,3.66,5.23,0.00,52.33,upright_replica,true,one row per paid order,2026-09-20,America/Indiana/Indianapolis,USD
UP-20260920-0051,2026-09-20T20:00:00+00:00,DEMO-ITEM-20260920-0051,GW-003,Goodwillfinds,DEMO-UPRIGHT-0051,Framed landscape print,Art,1,54.44,3.99,3.81,5.44,0.00,54.44,upright_replica,true,one row per paid order,2026-09-20,America/Indiana/Indianapolis,USD
UP-20260920-0052,2026-09-20T21:00:00+00:00,DEMO-ITEM-20260920-0052,GW-004,Shopgoodwill,DEMO-UPRIGHT-0052,Silver-tone necklace,Jewelry,1,56.55,4.99,3.95,5.65,28.27,28.28,upright_replica,true,one row per paid order,2026-09-20,America/Indiana/Indianapolis,USD
UP-20260920-0053,2026-09-20T18:00:00+00:00,DEMO-ITEM-20260920-0053,GW-005,eBay,DEMO-UPRIGHT-0053,Vintage ceramic vase,Home,1,58.66,5.99,4.10,5.86,0.00,58.66,upright_replica,true,one row per paid order,2026-09-20,America/Indiana/Indianapolis,USD
UP-20260920-0054,2026-09-20T19:00:00+00:00,DEMO-ITEM-20260920-0054,GW-006,Goodwillfinds,DEMO-UPRIGHT-0054,"Wool cardigan, size S",Apparel,1,60.77,6.99,4.25,6.07,0.00,60.77,upright_replica,true,one row per paid order,2026-09-20,America/Indiana/Indianapolis,USD
UP-20260920-0055,2026-09-20T20:00:00+00:00,DEMO-ITEM-20260920-0055,GW-007,Shopgoodwill,DEMO-UPRIGHT-0055,Framed landscape print,Art,1,62.88,7.99,4.40,6.28,0.00,62.88,upright_replica,true,one row per paid order,2026-09-20,America/Indiana/Indianapolis,USD
UP-20260920-0056,2026-09-20T21:00:00+00:00,DEMO-ITEM-20260920-0056,GW-008,eBay,DEMO-UPRIGHT-0056,Silver-tone necklace,Jewelry,1,64.99,3.99,4.54,6.49,0.00,64.99,upright_replica,true,one row per paid order,2026-09-20,America/Indiana/Indianapolis,USD
UP-20260920-0057,2026-09-20T18:00:00+00:00,DEMO-ITEM-20260920-0057,GW-009,Goodwillfinds,DEMO-UPRIGHT-0057,Vintage ceramic vase,Home,1,67.10,4.99,4.69,6.71,0.00,67.10,upright_replica,true,one row per paid order,2026-09-20,America/Indiana/Indianapolis,USD
UP-20260920-0058,2026-09-20T19:00:00+00:00,DEMO-ITEM-20260920-0058,GW-010,Shopgoodwill,DEMO-UPRIGHT-0058,"Wool cardigan, size S",Apparel,1,69.21,5.99,4.84,6.92,0.00,69.21,upright_replica,true,one row per paid order,2026-09-20,America/Indiana/Indianapolis,USD
UP-20260920-0059,2026-09-20T20:00:00+00:00,DEMO-ITEM-20260920-0059,GW-011,eBay,DEMO-UPRIGHT-0059,Framed landscape print,Art,1,71.32,6.99,4.99,7.13,0.00,71.32,upright_replica,true,one row per paid order,2026-09-20,America/Indiana/Indianapolis,USD
UP-20260920-0060,2026-09-20T21:00:00+00:00,DEMO-ITEM-20260920-0060,GW-012,Goodwillfinds,DEMO-UPRIGHT-0060,Silver-tone necklace,Jewelry,1,73.43,7.99,5.14,7.34,0.00,73.43,upright_replica,true,one row per paid order,2026-09-20,America/Indiana/Indianapolis,USD
UP-20260920-0061,2026-09-20T18:00:00+00:00,DEMO-ITEM-20260920-0061,GW-013,Shopgoodwill,DEMO-UPRIGHT-0061,Vintage ceramic vase,Home,1,75.54,3.99,5.28,7.55,0.00,75.54,upright_replica,true,one row per paid order,2026-09-20,America/Indiana/Indianapolis,USD
UP-20260920-0062,2026-09-20T19:00:00+00:00,DEMO-ITEM-20260920-0062,GW-014,eBay,DEMO-UPRIGHT-0062,"Wool cardigan, size S",Apparel,1,77.65,4.99,5.43,7.76,0.00,77.65,upright_replica,true,one row per paid order,2026-09-20,America/Indiana/Indianapolis,USD
UP-20260920-0063,2026-09-20T20:00:00+00:00,DEMO-ITEM-20260920-0063,GW-015,Goodwillfinds,DEMO-UPRIGHT-0063,Framed landscape print,Art,1,79.76,5.99,5.58,7.97,0.00,79.76,upright_replica,true,one row per paid order,2026-09-20,America/Indiana/Indianapolis,USD
UP-20260920-0064,2026-09-20T21:00:00+00:00,DEMO-ITEM-20260920-0064,GW-016,Shopgoodwill,DEMO-UPRIGHT-0064,Silver-tone necklace,Jewelry,1,81.87,6.99,5.73,8.18,0.00,81.87,upright_replica,true,one row per paid order,2026-09-20,America/Indiana/Indianapolis,USD
UP-20260920-0065,2026-09-20T18:00:00+00:00,DEMO-ITEM-20260920-0065,GW-017,eBay,DEMO-UPRIGHT-0065,Vintage ceramic vase,Home,1,83.98,7.99,5.87,8.39,0.00,83.98,upright_replica,true,one row per paid order,2026-09-20,America/Indiana/Indianapolis,USD
UP-20260920-0066,2026-09-20T19:00:00+00:00,DEMO-ITEM-20260920-0066,GW-018,Goodwillfinds,DEMO-UPRIGHT-0066,"Wool cardigan, size S",Apparel,1,86.09,3.99,6.02,8.60,0.00,86.09,upright_replica,true,one row per paid order,2026-09-20,America/Indiana/Indianapolis,USD
UP-20260920-0067,2026-09-20T20:00:00+00:00,DEMO-ITEM-20260920-0067,GW-019,Shopgoodwill,DEMO-UPRIGHT-0067,Framed landscape print,Art,1,88.20,4.99,6.17,8.82,0.00,88.20,upright_replica,true,one row per paid order,2026-09-20,America/Indiana/Indianapolis,USD
UP-20260920-0068,2026-09-20T21:00:00+00:00,DEMO-ITEM-20260920-0068,GW-020,eBay,DEMO-UPRIGHT-0068,Silver-tone necklace,Jewelry,1,90.31,5.99,6.32,9.03,0.00,90.31,upright_replica,true,one row per paid order,2026-09-20,America/Indiana/Indianapolis,USD
UP-20260920-0069,2026-09-20T18:00:00+00:00,DEMO-ITEM-20260920-0069,GW-021,Goodwillfinds,DEMO-UPRIGHT-0069,Vintage ceramic vase,Home,1,92.42,6.99,6.46,9.24,46.21,46.21,upright_replica,true,one row per paid order,2026-09-20,America/Indiana/Indianapolis,USD
UP-20260920-0070,2026-09-20T19:00:00+00:00,DEMO-ITEM-20260920-0070,GW-022,Shopgoodwill,DEMO-UPRIGHT-0070,"Wool cardigan, size S",Apparel,1,94.53,7.99,6.61,9.45,0.00,94.53,upright_replica,true,one row per paid order,2026-09-20,America/Indiana/Indianapolis,USD
UP-20260920-0071,2026-09-20T20:00:00+00:00,DEMO-ITEM-20260920-0071,GW-023,eBay,DEMO-UPRIGHT-0071,Framed landscape print,Art,1,96.64,3.99,6.76,9.66,0.00,96.64,upright_replica,true,one row per paid order,2026-09-20,America/Indiana/Indianapolis,USD
UP-20260920-0072,2026-09-20T21:00:00+00:00,DEMO-ITEM-20260920-0072,GW-024,Goodwillfinds,DEMO-UPRIGHT-0072,Silver-tone necklace,Jewelry,1,98.75,4.99,6.91,9.87,0.00,98.75,upright_replica,true,one row per paid order,2026-09-20,America/Indiana/Indianapolis,USD
UP-20260920-0073,2026-09-20T18:00:00+00:00,DEMO-ITEM-20260920-0073,GW-001,Shopgoodwill,DEMO-UPRIGHT-0073,Vintage ceramic vase,Home,1,15.86,5.99,1.11,1.58,0.00,15.86,upright_replica,true,one row per paid order,2026-09-20,America/Indiana/Indianapolis,USD
UP-20260920-0074,2026-09-20T19:00:00+00:00,DEMO-ITEM-20260920-0074,GW-002,eBay,DEMO-UPRIGHT-0074,"Wool cardigan, size S",Apparel,1,17.97,6.99,1.25,1.79,0.00,17.97,upright_replica,true,one row per paid order,2026-09-20,America/Indiana/Indianapolis,USD
UP-20260920-0075,2026-09-20T20:00:00+00:00,DEMO-ITEM-20260920-0075,GW-003,Goodwillfinds,DEMO-UPRIGHT-0075,Framed landscape print,Art,1,20.08,7.99,1.40,2.00,0.00,20.08,upright_replica,true,one row per paid order,2026-09-20,America/Indiana/Indianapolis,USD
UP-20260920-0076,2026-09-20T21:00:00+00:00,DEMO-ITEM-20260920-0076,GW-004,Shopgoodwill,DEMO-UPRIGHT-0076,Silver-tone necklace,Jewelry,1,22.19,3.99,1.55,2.21,0.00,22.19,upright_replica,true,one row per paid order,2026-09-20,America/Indiana/Indianapolis,USD
UP-20260920-0077,2026-09-20T18:00:00+00:00,DEMO-ITEM-20260920-0077,GW-005,eBay,DEMO-UPRIGHT-0077,Vintage ceramic vase,Home,1,24.30,4.99,1.70,2.43,0.00,24.30,upright_replica,true,one row per paid order,2026-09-20,America/Indiana/Indianapolis,USD
UP-20260920-0078,2026-09-20T19:00:00+00:00,DEMO-ITEM-20260920-0078,GW-006,Goodwillfinds,DEMO-UPRIGHT-0078,"Wool cardigan, size S",Apparel,1,26.41,5.99,1.84,2.64,0.00,26.41,upright_replica,true,one row per paid order,2026-09-20,America/Indiana/Indianapolis,USD
UP-20260920-0079,2026-09-20T20:00:00+00:00,DEMO-ITEM-20260920-0079,GW-007,Shopgoodwill,DEMO-UPRIGHT-0079,Framed landscape print,Art,1,28.52,6.99,1.99,2.85,0.00,28.52,upright_replica,true,one row per paid order,2026-09-20,America/Indiana/Indianapolis,USD
UP-20260920-0080,2026-09-20T21:00:00+00:00,DEMO-ITEM-20260920-0080,GW-008,eBay,DEMO-UPRIGHT-0080,Silver-tone necklace,Jewelry,1,30.63,7.99,2.14,3.06,0.00,30.63,upright_replica,true,one row per paid order,2026-09-20,America/Indiana/Indianapolis,USD
UP-20260920-0081,2026-09-20T18:00:00+00:00,DEMO-ITEM-20260920-0081,GW-009,Goodwillfinds,DEMO-UPRIGHT-0081,Vintage ceramic vase,Home,1,32.74,3.99,2.29,3.27,0.00,32.74,upright_replica,true,one row per paid order,2026-09-20,America/Indiana/Indianapolis,USD
UP-20260920-0082,2026-09-20T19:00:00+00:00,DEMO-ITEM-20260920-0082,GW-010,Shopgoodwill,DEMO-UPRIGHT-0082,"Wool cardigan, size S",Apparel,1,34.85,4.99,2.43,3.48,0.00,34.85,upright_replica,true,one row per paid order,2026-09-20,America/Indiana/Indianapolis,USD
UP-20260920-0083,2026-09-20T20:00:00+00:00,DEMO-ITEM-20260920-0083,GW-011,eBay,DEMO-UPRIGHT-0083,Framed landscape print,Art,1,36.96,5.99,2.58,3.69,0.00,36.96,upright_replica,true,one row per paid order,2026-09-20,America/Indiana/Indianapolis,USD
UP-20260920-0084,2026-09-20T21:00:00+00:00,DEMO-ITEM-20260920-0084,GW-012,Goodwillfinds,DEMO-UPRIGHT-0084,Silver-tone necklace,Jewelry,1,39.07,6.99,2.73,3.90,0.00,39.07,upright_replica,true,one row per paid order,2026-09-20,America/Indiana/Indianapolis,USD
UP-20260920-0085,2026-09-20T18:00:00+00:00,DEMO-ITEM-20260920-0085,GW-013,Shopgoodwill,DEMO-UPRIGHT-0085,Vintage ceramic vase,Home,1,41.18,7.99,2.88,4.11,0.00,41.18,upright_replica,true,one row per paid order,2026-09-20,America/Indiana/Indianapolis,USD
UP-20260920-0086,2026-09-20T19:00:00+00:00,DEMO-ITEM-20260920-0086,GW-014,eBay,DEMO-UPRIGHT-0086,"Wool cardigan, size S",Apparel,1,43.29,3.99,3.03,4.32,21.64,21.65,upright_replica,true,one row per paid order,2026-09-20,America/Indiana/Indianapolis,USD
UP-20260920-0087,2026-09-20T20:00:00+00:00,DEMO-ITEM-20260920-0087,GW-015,Goodwillfinds,DEMO-UPRIGHT-0087,Framed landscape print,Art,1,45.40,4.99,3.17,4.54,0.00,45.40,upright_replica,true,one row per paid order,2026-09-20,America/Indiana/Indianapolis,USD
UP-20260920-0088,2026-09-20T21:00:00+00:00,DEMO-ITEM-20260920-0088,GW-016,Shopgoodwill,DEMO-UPRIGHT-0088,Silver-tone necklace,Jewelry,1,47.51,5.99,3.32,4.75,0.00,47.51,upright_replica,true,one row per paid order,2026-09-20,America/Indiana/Indianapolis,USD
UP-20260920-0089,2026-09-20T18:00:00+00:00,DEMO-ITEM-20260920-0089,GW-017,eBay,DEMO-UPRIGHT-0089,Vintage ceramic vase,Home,1,49.62,6.99,3.47,4.96,0.00,49.62,upright_replica,true,one row per paid order,2026-09-20,America/Indiana/Indianapolis,USD
UP-20260920-0090,2026-09-20T19:00:00+00:00,DEMO-ITEM-20260920-0090,GW-018,Goodwillfinds,DEMO-UPRIGHT-0001,"Wool cardigan, size S",Apparel,1,51.73,7.99,3.62,5.17,0.00,51.73,upright_replica,true,one row per paid order,2026-09-20,America/Indiana/Indianapolis,USD
UP-20260920-0091,2026-09-20T20:00:00+00:00,DEMO-ITEM-20260920-0091,GW-019,Shopgoodwill,DEMO-UPRIGHT-0002,Framed landscape print,Art,1,53.84,3.99,3.76,5.38,0.00,53.84,upright_replica,true,one row per paid order,2026-09-20,America/Indiana/Indianapolis,USD
UP-20260920-0092,2026-09-20T21:00:00+00:00,DEMO-ITEM-20260920-0092,GW-020,eBay,DEMO-UPRIGHT-0003,Silver-tone necklace,Jewelry,1,55.95,4.99,3.91,5.59,0.00,55.95,upright_replica,true,one row per paid order,2026-09-20,America/Indiana/Indianapolis,USD
UP-20260920-0093,2026-09-20T18:00:00+00:00,DEMO-ITEM-20260920-0093,GW-021,Goodwillfinds,DEMO-UPRIGHT-0004,Vintage ceramic vase,Home,1,58.06,5.99,4.06,5.80,0.00,58.06,upright_replica,true,one row per paid order,2026-09-20,America/Indiana/Indianapolis,USD
UP-20260920-0094,2026-09-20T19:00:00+00:00,DEMO-ITEM-20260920-0094,GW-022,Shopgoodwill,DEMO-UPRIGHT-0005,"Wool cardigan, size S",Apparel,1,60.17,6.99,4.21,6.01,0.00,60.17,upright_replica,true,one row per paid order,2026-09-20,America/Indiana/Indianapolis,USD
UP-20260920-0095,2026-09-20T20:00:00+00:00,DEMO-ITEM-20260920-0095,GW-023,eBay,DEMO-UPRIGHT-0006,Framed landscape print,Art,1,62.28,7.99,4.35,6.22,0.00,62.28,upright_replica,true,one row per paid order,2026-09-20,America/Indiana/Indianapolis,USD
UP-20260920-0096,2026-09-20T21:00:00+00:00,DEMO-ITEM-20260920-0096,GW-024,Goodwillfinds,DEMO-UPRIGHT-0007,Silver-tone necklace,Jewelry,1,64.39,3.99,4.50,6.43,0.00,64.39,upright_replica,true,one row per paid order,2026-09-20,America/Indiana/Indianapolis,USD
UP-20260920-0097,2026-09-20T18:00:00+00:00,DEMO-ITEM-20260920-0097,GW-001,Shopgoodwill,DEMO-UPRIGHT-0008,Vintage ceramic vase,Home,1,66.50,4.99,4.65,6.65,0.00,66.50,upright_replica,true,one row per paid order,2026-09-20,America/Indiana/Indianapolis,USD
UP-20260920-0098,2026-09-20T19:00:00+00:00,DEMO-ITEM-20260920-0098,GW-002,eBay,DEMO-UPRIGHT-0009,"Wool cardigan, size S",Apparel,1,68.61,5.99,4.80,6.86,0.00,68.61,upright_replica,true,one row per paid order,2026-09-20,America/Indiana/Indianapolis,USD
UP-20260920-0099,2026-09-20T20:00:00+00:00,DEMO-ITEM-20260920-0099,GW-003,Goodwillfinds,DEMO-UPRIGHT-0010,Framed landscape print,Art,1,70.72,6.99,4.95,7.07,0.00,70.72,upright_replica,true,one row per paid order,2026-09-20,America/Indiana/Indianapolis,USD
UP-20260920-0100,2026-09-20T21:00:00+00:00,DEMO-ITEM-20260920-0100,GW-004,Shopgoodwill,DEMO-UPRIGHT-0011,Silver-tone necklace,Jewelry,1,72.83,7.99,5.09,7.28,0.00,72.83,upright_replica,true,one row per paid order,2026-09-20,America/Indiana/Indianapolis,USD
UP-20260920-0101,2026-09-20T18:00:00+00:00,DEMO-ITEM-20260920-0101,GW-005,eBay,DEMO-UPRIGHT-0012,Vintage ceramic vase,Home,1,74.94,3.99,5.24,7.49,0.00,74.94,upright_replica,true,one row per paid order,2026-09-20,America/Indiana/Indianapolis,USD
UP-20260920-0102,2026-09-20T19:00:00+00:00,DEMO-ITEM-20260920-0102,GW-006,Goodwillfinds,DEMO-UPRIGHT-0013,"Wool cardigan, size S",Apparel,1,77.05,4.99,5.39,7.70,0.00,77.05,upright_replica,true,one row per paid order,2026-09-20,America/Indiana/Indianapolis,USD
UP-20260920-0103,2026-09-20T20:00:00+00:00,DEMO-ITEM-20260920-0103,GW-007,Shopgoodwill,DEMO-UPRIGHT-0014,Framed landscape print,Art,1,79.16,5.99,5.54,7.91,39.58,39.58,upright_replica,true,one row per paid order,2026-09-20,America/Indiana/Indianapolis,USD
UP-20260920-0104,2026-09-20T21:00:00+00:00,DEMO-ITEM-20260920-0104,GW-008,eBay,DEMO-UPRIGHT-0015,Silver-tone necklace,Jewelry,1,81.27,6.99,5.68,8.12,0.00,81.27,upright_replica,true,one row per paid order,2026-09-20,America/Indiana/Indianapolis,USD
UP-20260920-0105,2026-09-20T18:00:00+00:00,DEMO-ITEM-20260920-0105,GW-009,Goodwillfinds,DEMO-UPRIGHT-0016,Vintage ceramic vase,Home,1,83.38,7.99,5.83,8.33,0.00,83.38,upright_replica,true,one row per paid order,2026-09-20,America/Indiana/Indianapolis,USD
UP-20260920-0106,2026-09-20T19:00:00+00:00,DEMO-ITEM-20260920-0106,GW-010,Shopgoodwill,DEMO-UPRIGHT-0017,"Wool cardigan, size S",Apparel,1,85.49,3.99,5.98,8.54,0.00,85.49,upright_replica,true,one row per paid order,2026-09-20,America/Indiana/Indianapolis,USD
UP-20260920-0107,2026-09-20T20:00:00+00:00,DEMO-ITEM-20260920-0107,GW-011,eBay,DEMO-UPRIGHT-0018,Framed landscape print,Art,1,87.60,4.99,6.13,8.76,0.00,87.60,upright_replica,true,one row per paid order,2026-09-20,America/Indiana/Indianapolis,USD
UP-20260920-0108,2026-09-20T21:00:00+00:00,DEMO-ITEM-20260920-0108,GW-012,Goodwillfinds,DEMO-UPRIGHT-0019,Silver-tone necklace,Jewelry,1,89.71,5.99,6.27,8.97,0.00,89.71,upright_replica,true,one row per paid order,2026-09-20,America/Indiana/Indianapolis,USD
UP-20260920-0109,2026-09-20T18:00:00+00:00,DEMO-ITEM-20260920-0109,GW-013,Shopgoodwill,DEMO-UPRIGHT-0020,Vintage ceramic vase,Home,1,91.82,6.99,6.42,9.18,0.00,91.82,upright_replica,true,one row per paid order,2026-09-20,America/Indiana/Indianapolis,USD
UP-20260920-0110,2026-09-20T19:00:00+00:00,DEMO-ITEM-20260920-0110,GW-014,eBay,DEMO-UPRIGHT-0021,"Wool cardigan, size S",Apparel,1,93.93,7.99,6.57,9.39,0.00,93.93,upright_replica,true,one row per paid order,2026-09-20,America/Indiana/Indianapolis,USD
UP-20260920-0111,2026-09-20T20:00:00+00:00,DEMO-ITEM-20260920-0111,GW-015,Goodwillfinds,DEMO-UPRIGHT-0022,Framed landscape print,Art,1,96.04,3.99,6.72,9.60,0.00,96.04,upright_replica,true,one row per paid order,2026-09-20,America/Indiana/Indianapolis,USD
UP-20260920-0112,2026-09-20T21:00:00+00:00,DEMO-ITEM-20260920-0112,GW-016,Shopgoodwill,DEMO-UPRIGHT-0023,Silver-tone necklace,Jewelry,1,98.15,4.99,6.87,9.81,0.00,98.15,upright_replica,true,one row per paid order,2026-09-20,America/Indiana/Indianapolis,USD
UP-20260920-0113,2026-09-20T18:00:00+00:00,DEMO-ITEM-20260920-0113,GW-017,eBay,DEMO-UPRIGHT-0024,Vintage ceramic vase,Home,1,15.26,5.99,1.06,1.52,0.00,15.26,upright_replica,true,one row per paid order,2026-09-20,America/Indiana/Indianapolis,USD
UP-20260920-0114,2026-09-20T19:00:00+00:00,DEMO-ITEM-20260920-0114,GW-018,Goodwillfinds,DEMO-UPRIGHT-0025,"Wool cardigan, size S",Apparel,1,17.37,6.99,1.21,1.73,0.00,17.37,upright_replica,true,one row per paid order,2026-09-20,America/Indiana/Indianapolis,USD
UP-20260920-0115,2026-09-20T20:00:00+00:00,DEMO-ITEM-20260920-0115,GW-019,Shopgoodwill,DEMO-UPRIGHT-0026,Framed landscape print,Art,1,19.48,7.99,1.36,1.94,0.00,19.48,upright_replica,true,one row per paid order,2026-09-20,America/Indiana/Indianapolis,USD
UP-20260920-0116,2026-09-20T21:00:00+00:00,DEMO-ITEM-20260920-0116,GW-020,eBay,DEMO-UPRIGHT-0027,Silver-tone necklace,Jewelry,1,21.59,3.99,1.51,2.15,0.00,21.59,upright_replica,true,one row per paid order,2026-09-20,America/Indiana/Indianapolis,USD
UP-20260920-0117,2026-09-20T18:00:00+00:00,DEMO-ITEM-20260920-0117,GW-021,Goodwillfinds,DEMO-UPRIGHT-0028,Vintage ceramic vase,Home,1,23.70,4.99,1.65,2.37,0.00,23.70,upright_replica,true,one row per paid order,2026-09-20,America/Indiana/Indianapolis,USD
UP-20260920-0118,2026-09-20T19:00:00+00:00,DEMO-ITEM-20260920-0118,GW-022,Shopgoodwill,DEMO-UPRIGHT-0029,"Wool cardigan, size S",Apparel,1,25.81,5.99,1.80,2.58,0.00,25.81,upright_replica,true,one row per paid order,2026-09-20,America/Indiana/Indianapolis,USD
UP-20260920-0119,2026-09-20T20:00:00+00:00,DEMO-ITEM-20260920-0119,GW-023,eBay,DEMO-UPRIGHT-0030,Framed landscape print,Art,1,27.92,6.99,1.95,2.79,0.00,27.92,upright_replica,true,one row per paid order,2026-09-20,America/Indiana/Indianapolis,USD
UP-20260920-0120,2026-09-20T21:00:00+00:00,DEMO-ITEM-20260920-0120,GW-024,Goodwillfinds,DEMO-UPRIGHT-0031,Silver-tone necklace,Jewelry,1,30.03,7.99,2.10,3.00,15.01,15.02,upright_replica,true,one row per paid order,2026-09-20,America/Indiana/Indianapolis,USD
UP-20260920-0121,2026-09-20T18:00:00+00:00,DEMO-ITEM-20260920-0121,GW-001,Shopgoodwill,DEMO-UPRIGHT-0032,Vintage ceramic vase,Home,1,32.14,3.99,2.24,3.21,0.00,32.14,upright_replica,true,one row per paid order,2026-09-20,America/Indiana/Indianapolis,USD
UP-20260920-0122,2026-09-20T19:00:00+00:00,DEMO-ITEM-20260920-0122,GW-002,eBay,DEMO-UPRIGHT-0033,"Wool cardigan, size S",Apparel,1,34.25,4.99,2.39,3.42,0.00,34.25,upright_replica,true,one row per paid order,2026-09-20,America/Indiana/Indianapolis,USD
UP-20260920-0123,2026-09-20T20:00:00+00:00,DEMO-ITEM-20260920-0123,GW-003,Goodwillfinds,DEMO-UPRIGHT-0034,Framed landscape print,Art,1,36.36,5.99,2.54,3.63,0.00,36.36,upright_replica,true,one row per paid order,2026-09-20,America/Indiana/Indianapolis,USD
UP-20260920-0124,2026-09-20T21:00:00+00:00,DEMO-ITEM-20260920-0124,GW-004,Shopgoodwill,DEMO-UPRIGHT-0035,Silver-tone necklace,Jewelry,1,38.47,6.99,2.69,3.84,0.00,38.47,upright_replica,true,one row per paid order,2026-09-20,America/Indiana/Indianapolis,USD
UP-20260920-0125,2026-09-20T18:00:00+00:00,DEMO-ITEM-20260920-0125,GW-005,eBay,DEMO-UPRIGHT-0036,Vintage ceramic vase,Home,1,40.58,7.99,2.84,4.05,0.00,40.58,upright_replica,true,one row per paid order,2026-09-20,America/Indiana/Indianapolis,USD
UP-20260920-0126,2026-09-20T19:00:00+00:00,DEMO-ITEM-20260920-0126,GW-006,Goodwillfinds,DEMO-UPRIGHT-0037,"Wool cardigan, size S",Apparel,1,42.69,3.99,2.98,4.26,0.00,42.69,upright_replica,true,one row per paid order,2026-09-20,America/Indiana/Indianapolis,USD
UP-20260920-0127,2026-09-20T20:00:00+00:00,DEMO-ITEM-20260920-0127,GW-007,Shopgoodwill,DEMO-UPRIGHT-0038,Framed landscape print,Art,1,44.80,4.99,3.13,4.48,0.00,44.80,upright_replica,true,one row per paid order,2026-09-20,America/Indiana/Indianapolis,USD
UP-20260920-0128,2026-09-20T21:00:00+00:00,DEMO-ITEM-20260920-0128,GW-008,eBay,DEMO-UPRIGHT-0039,Silver-tone necklace,Jewelry,1,46.91,5.99,3.28,4.69,0.00,46.91,upright_replica,true,one row per paid order,2026-09-20,America/Indiana/Indianapolis,USD
UP-20260921-0001,2026-09-21T18:00:00+00:00,DEMO-ITEM-20260921-0001,GW-001,Shopgoodwill,DEMO-UPRIGHT-0001,Vintage ceramic vase,Home,1,35.31,3.99,2.47,3.53,17.65,17.66,upright_replica,true,one row per paid order,2026-09-21,America/Indiana/Indianapolis,USD
UP-20260921-0002,2026-09-21T19:00:00+00:00,DEMO-ITEM-20260921-0002,GW-002,eBay,DEMO-UPRIGHT-0002,"Wool cardigan, size S",Apparel,1,37.42,4.99,2.61,3.74,0.00,37.42,upright_replica,true,one row per paid order,2026-09-21,America/Indiana/Indianapolis,USD
UP-20260921-0003,2026-09-21T20:00:00+00:00,DEMO-ITEM-20260921-0003,GW-003,Goodwillfinds,DEMO-UPRIGHT-0003,Framed landscape print,Art,1,39.53,5.99,2.76,3.95,0.00,39.53,upright_replica,true,one row per paid order,2026-09-21,America/Indiana/Indianapolis,USD
UP-20260921-0004,2026-09-21T21:00:00+00:00,DEMO-ITEM-20260921-0004,GW-004,Shopgoodwill,DEMO-UPRIGHT-0004,Silver-tone necklace,Jewelry,1,41.64,6.99,2.91,4.16,0.00,41.64,upright_replica,true,one row per paid order,2026-09-21,America/Indiana/Indianapolis,USD
UP-20260921-0005,2026-09-21T18:00:00+00:00,DEMO-ITEM-20260921-0005,GW-005,eBay,DEMO-UPRIGHT-0005,Vintage ceramic vase,Home,1,43.75,7.99,3.06,4.37,0.00,43.75,upright_replica,true,one row per paid order,2026-09-21,America/Indiana/Indianapolis,USD
UP-20260921-0006,2026-09-21T19:00:00+00:00,DEMO-ITEM-20260921-0006,GW-006,Goodwillfinds,DEMO-UPRIGHT-0006,"Wool cardigan, size S",Apparel,1,45.86,3.99,3.21,4.58,0.00,45.86,upright_replica,true,one row per paid order,2026-09-21,America/Indiana/Indianapolis,USD
UP-20260921-0007,2026-09-21T20:00:00+00:00,DEMO-ITEM-20260921-0007,GW-007,Shopgoodwill,DEMO-UPRIGHT-0007,Framed landscape print,Art,1,47.97,4.99,3.35,4.79,0.00,47.97,upright_replica,true,one row per paid order,2026-09-21,America/Indiana/Indianapolis,USD
UP-20260921-0008,2026-09-21T21:00:00+00:00,DEMO-ITEM-20260921-0008,GW-008,eBay,DEMO-UPRIGHT-0008,Silver-tone necklace,Jewelry,1,50.08,5.99,3.50,5.00,0.00,50.08,upright_replica,true,one row per paid order,2026-09-21,America/Indiana/Indianapolis,USD
UP-20260921-0009,2026-09-21T18:00:00+00:00,DEMO-ITEM-20260921-0009,GW-009,Goodwillfinds,DEMO-UPRIGHT-0009,Vintage ceramic vase,Home,1,52.19,6.99,3.65,5.21,0.00,52.19,upright_replica,true,one row per paid order,2026-09-21,America/Indiana/Indianapolis,USD
UP-20260921-0010,2026-09-21T19:00:00+00:00,DEMO-ITEM-20260921-0010,GW-010,Shopgoodwill,DEMO-UPRIGHT-0010,"Wool cardigan, size S",Apparel,1,54.30,7.99,3.80,5.43,0.00,54.30,upright_replica,true,one row per paid order,2026-09-21,America/Indiana/Indianapolis,USD
UP-20260921-0011,2026-09-21T20:00:00+00:00,DEMO-ITEM-20260921-0011,GW-011,eBay,DEMO-UPRIGHT-0011,Framed landscape print,Art,1,56.41,3.99,3.94,5.64,0.00,56.41,upright_replica,true,one row per paid order,2026-09-21,America/Indiana/Indianapolis,USD
UP-20260921-0012,2026-09-21T21:00:00+00:00,DEMO-ITEM-20260921-0012,GW-012,Goodwillfinds,DEMO-UPRIGHT-0012,Silver-tone necklace,Jewelry,1,58.52,4.99,4.09,5.85,0.00,58.52,upright_replica,true,one row per paid order,2026-09-21,America/Indiana/Indianapolis,USD
UP-20260921-0013,2026-09-21T18:00:00+00:00,DEMO-ITEM-20260921-0013,GW-013,Shopgoodwill,DEMO-UPRIGHT-0013,Vintage ceramic vase,Home,1,60.63,5.99,4.24,6.06,0.00,60.63,upright_replica,true,one row per paid order,2026-09-21,America/Indiana/Indianapolis,USD
UP-20260921-0014,2026-09-21T19:00:00+00:00,DEMO-ITEM-20260921-0014,GW-014,eBay,DEMO-UPRIGHT-0014,"Wool cardigan, size S",Apparel,1,62.74,6.99,4.39,6.27,0.00,62.74,upright_replica,true,one row per paid order,2026-09-21,America/Indiana/Indianapolis,USD
UP-20260921-0015,2026-09-21T20:00:00+00:00,DEMO-ITEM-20260921-0015,GW-015,Goodwillfinds,DEMO-UPRIGHT-0015,Framed landscape print,Art,1,64.85,7.99,4.53,6.48,0.00,64.85,upright_replica,true,one row per paid order,2026-09-21,America/Indiana/Indianapolis,USD
UP-20260921-0016,2026-09-21T21:00:00+00:00,DEMO-ITEM-20260921-0016,GW-016,Shopgoodwill,DEMO-UPRIGHT-0016,Silver-tone necklace,Jewelry,1,66.96,3.99,4.68,6.69,0.00,66.96,upright_replica,true,one row per paid order,2026-09-21,America/Indiana/Indianapolis,USD
UP-20260921-0017,2026-09-21T18:00:00+00:00,DEMO-ITEM-20260921-0017,GW-017,eBay,DEMO-UPRIGHT-0017,Vintage ceramic vase,Home,1,69.07,4.99,4.83,6.90,0.00,69.07,upright_replica,true,one row per paid order,2026-09-21,America/Indiana/Indianapolis,USD
UP-20260921-0018,2026-09-21T19:00:00+00:00,DEMO-ITEM-20260921-0018,GW-018,Goodwillfinds,DEMO-UPRIGHT-0018,"Wool cardigan, size S",Apparel,1,71.18,5.99,4.98,7.11,35.59,35.59,upright_replica,true,one row per paid order,2026-09-21,America/Indiana/Indianapolis,USD
UP-20260921-0019,2026-09-21T20:00:00+00:00,DEMO-ITEM-20260921-0019,GW-019,Shopgoodwill,DEMO-UPRIGHT-0019,Framed landscape print,Art,1,73.29,6.99,5.13,7.32,0.00,73.29,upright_replica,true,one row per paid order,2026-09-21,America/Indiana/Indianapolis,USD
UP-20260921-0020,2026-09-21T21:00:00+00:00,DEMO-ITEM-20260921-0020,GW-020,eBay,DEMO-UPRIGHT-0020,Silver-tone necklace,Jewelry,1,75.40,7.99,5.27,7.54,0.00,75.40,upright_replica,true,one row per paid order,2026-09-21,America/Indiana/Indianapolis,USD
UP-20260921-0021,2026-09-21T18:00:00+00:00,DEMO-ITEM-20260921-0021,GW-021,Goodwillfinds,DEMO-UPRIGHT-0021,Vintage ceramic vase,Home,1,77.51,3.99,5.42,7.75,0.00,77.51,upright_replica,true,one row per paid order,2026-09-21,America/Indiana/Indianapolis,USD
UP-20260921-0022,2026-09-21T19:00:00+00:00,DEMO-ITEM-20260921-0022,GW-022,Shopgoodwill,DEMO-UPRIGHT-0022,"Wool cardigan, size S",Apparel,1,79.62,4.99,5.57,7.96,0.00,79.62,upright_replica,true,one row per paid order,2026-09-21,America/Indiana/Indianapolis,USD
UP-20260921-0023,2026-09-21T20:00:00+00:00,DEMO-ITEM-20260921-0023,GW-023,eBay,DEMO-UPRIGHT-0023,Framed landscape print,Art,1,81.73,5.99,5.72,8.17,0.00,81.73,upright_replica,true,one row per paid order,2026-09-21,America/Indiana/Indianapolis,USD
UP-20260921-0024,2026-09-21T21:00:00+00:00,DEMO-ITEM-20260921-0024,GW-024,Goodwillfinds,DEMO-UPRIGHT-0024,Silver-tone necklace,Jewelry,1,83.84,6.99,5.86,8.38,0.00,83.84,upright_replica,true,one row per paid order,2026-09-21,America/Indiana/Indianapolis,USD
UP-20260921-0025,2026-09-21T18:00:00+00:00,DEMO-ITEM-20260921-0025,GW-001,Shopgoodwill,DEMO-UPRIGHT-0025,Vintage ceramic vase,Home,1,85.95,7.99,6.01,8.59,0.00,85.95,upright_replica,true,one row per paid order,2026-09-21,America/Indiana/Indianapolis,USD
UP-20260921-0026,2026-09-21T19:00:00+00:00,DEMO-ITEM-20260921-0026,GW-002,eBay,DEMO-UPRIGHT-0026,"Wool cardigan, size S",Apparel,1,88.06,3.99,6.16,8.80,0.00,88.06,upright_replica,true,one row per paid order,2026-09-21,America/Indiana/Indianapolis,USD
UP-20260921-0027,2026-09-21T20:00:00+00:00,DEMO-ITEM-20260921-0027,GW-003,Goodwillfinds,DEMO-UPRIGHT-0027,Framed landscape print,Art,1,90.17,4.99,6.31,9.01,0.00,90.17,upright_replica,true,one row per paid order,2026-09-21,America/Indiana/Indianapolis,USD
UP-20260921-0028,2026-09-21T21:00:00+00:00,DEMO-ITEM-20260921-0028,GW-004,Shopgoodwill,DEMO-UPRIGHT-0028,Silver-tone necklace,Jewelry,1,92.28,5.99,6.45,9.22,0.00,92.28,upright_replica,true,one row per paid order,2026-09-21,America/Indiana/Indianapolis,USD
UP-20260921-0029,2026-09-21T18:00:00+00:00,DEMO-ITEM-20260921-0029,GW-005,eBay,DEMO-UPRIGHT-0029,Vintage ceramic vase,Home,1,94.39,6.99,6.60,9.43,0.00,94.39,upright_replica,true,one row per paid order,2026-09-21,America/Indiana/Indianapolis,USD
UP-20260921-0030,2026-09-21T19:00:00+00:00,DEMO-ITEM-20260921-0030,GW-006,Goodwillfinds,DEMO-UPRIGHT-0030,"Wool cardigan, size S",Apparel,1,96.50,7.99,6.75,9.65,0.00,96.50,upright_replica,true,one row per paid order,2026-09-21,America/Indiana/Indianapolis,USD
UP-20260921-0031,2026-09-21T20:00:00+00:00,DEMO-ITEM-20260921-0031,GW-007,Shopgoodwill,DEMO-UPRIGHT-0031,Framed landscape print,Art,1,98.61,3.99,6.90,9.86,0.00,98.61,upright_replica,true,one row per paid order,2026-09-21,America/Indiana/Indianapolis,USD
UP-20260921-0032,2026-09-21T21:00:00+00:00,DEMO-ITEM-20260921-0032,GW-008,eBay,DEMO-UPRIGHT-0032,Silver-tone necklace,Jewelry,1,15.72,4.99,1.10,1.57,0.00,15.72,upright_replica,true,one row per paid order,2026-09-21,America/Indiana/Indianapolis,USD
UP-20260921-0033,2026-09-21T18:00:00+00:00,DEMO-ITEM-20260921-0033,GW-009,Goodwillfinds,DEMO-UPRIGHT-0033,Vintage ceramic vase,Home,1,17.83,5.99,1.24,1.78,0.00,17.83,upright_replica,true,one row per paid order,2026-09-21,America/Indiana/Indianapolis,USD
UP-20260921-0034,2026-09-21T19:00:00+00:00,DEMO-ITEM-20260921-0034,GW-010,Shopgoodwill,DEMO-UPRIGHT-0034,"Wool cardigan, size S",Apparel,1,19.94,6.99,1.39,1.99,0.00,19.94,upright_replica,true,one row per paid order,2026-09-21,America/Indiana/Indianapolis,USD
UP-20260921-0035,2026-09-21T20:00:00+00:00,DEMO-ITEM-20260921-0035,GW-011,eBay,DEMO-UPRIGHT-0035,Framed landscape print,Art,1,22.05,7.99,1.54,2.20,11.02,11.03,upright_replica,true,one row per paid order,2026-09-21,America/Indiana/Indianapolis,USD
UP-20260921-0036,2026-09-21T21:00:00+00:00,DEMO-ITEM-20260921-0036,GW-012,Goodwillfinds,DEMO-UPRIGHT-0036,Silver-tone necklace,Jewelry,1,24.16,3.99,1.69,2.41,0.00,24.16,upright_replica,true,one row per paid order,2026-09-21,America/Indiana/Indianapolis,USD
UP-20260921-0037,2026-09-21T18:00:00+00:00,DEMO-ITEM-20260921-0037,GW-013,Shopgoodwill,DEMO-UPRIGHT-0037,Vintage ceramic vase,Home,1,26.27,4.99,1.83,2.62,0.00,26.27,upright_replica,true,one row per paid order,2026-09-21,America/Indiana/Indianapolis,USD
UP-20260921-0038,2026-09-21T19:00:00+00:00,DEMO-ITEM-20260921-0038,GW-014,eBay,DEMO-UPRIGHT-0038,"Wool cardigan, size S",Apparel,1,28.38,5.99,1.98,2.83,0.00,28.38,upright_replica,true,one row per paid order,2026-09-21,America/Indiana/Indianapolis,USD
UP-20260921-0039,2026-09-21T20:00:00+00:00,DEMO-ITEM-20260921-0039,GW-015,Goodwillfinds,DEMO-UPRIGHT-0039,Framed landscape print,Art,1,30.49,6.99,2.13,3.04,0.00,30.49,upright_replica,true,one row per paid order,2026-09-21,America/Indiana/Indianapolis,USD
UP-20260921-0040,2026-09-21T21:00:00+00:00,DEMO-ITEM-20260921-0040,GW-016,Shopgoodwill,DEMO-UPRIGHT-0040,Silver-tone necklace,Jewelry,1,32.60,7.99,2.28,3.26,0.00,32.60,upright_replica,true,one row per paid order,2026-09-21,America/Indiana/Indianapolis,USD
UP-20260921-0041,2026-09-21T18:00:00+00:00,DEMO-ITEM-20260921-0041,GW-017,eBay,DEMO-UPRIGHT-0041,Vintage ceramic vase,Home,1,34.71,3.99,2.42,3.47,0.00,34.71,upright_replica,true,one row per paid order,2026-09-21,America/Indiana/Indianapolis,USD
UP-20260921-0042,2026-09-21T19:00:00+00:00,DEMO-ITEM-20260921-0042,GW-018,Goodwillfinds,DEMO-UPRIGHT-0042,"Wool cardigan, size S",Apparel,1,36.82,4.99,2.57,3.68,0.00,36.82,upright_replica,true,one row per paid order,2026-09-21,America/Indiana/Indianapolis,USD
UP-20260921-0043,2026-09-21T20:00:00+00:00,DEMO-ITEM-20260921-0043,GW-019,Shopgoodwill,DEMO-UPRIGHT-0043,Framed landscape print,Art,1,38.93,5.99,2.72,3.89,0.00,38.93,upright_replica,true,one row per paid order,2026-09-21,America/Indiana/Indianapolis,USD
UP-20260921-0044,2026-09-21T21:00:00+00:00,DEMO-ITEM-20260921-0044,GW-020,eBay,DEMO-UPRIGHT-0044,Silver-tone necklace,Jewelry,1,41.04,6.99,2.87,4.10,0.00,41.04,upright_replica,true,one row per paid order,2026-09-21,America/Indiana/Indianapolis,USD
UP-20260921-0045,2026-09-21T18:00:00+00:00,DEMO-ITEM-20260921-0045,GW-021,Goodwillfinds,DEMO-UPRIGHT-0045,Vintage ceramic vase,Home,1,43.15,7.99,3.02,4.31,0.00,43.15,upright_replica,true,one row per paid order,2026-09-21,America/Indiana/Indianapolis,USD
UP-20260921-0046,2026-09-21T19:00:00+00:00,DEMO-ITEM-20260921-0046,GW-022,Shopgoodwill,DEMO-UPRIGHT-0046,"Wool cardigan, size S",Apparel,1,45.26,3.99,3.16,4.52,0.00,45.26,upright_replica,true,one row per paid order,2026-09-21,America/Indiana/Indianapolis,USD
UP-20260921-0047,2026-09-21T20:00:00+00:00,DEMO-ITEM-20260921-0047,GW-023,eBay,DEMO-UPRIGHT-0047,Framed landscape print,Art,1,47.37,4.99,3.31,4.73,0.00,47.37,upright_replica,true,one row per paid order,2026-09-21,America/Indiana/Indianapolis,USD
UP-20260921-0048,2026-09-21T21:00:00+00:00,DEMO-ITEM-20260921-0048,GW-024,Goodwillfinds,DEMO-UPRIGHT-0048,Silver-tone necklace,Jewelry,1,49.48,5.99,3.46,4.94,0.00,49.48,upright_replica,true,one row per paid order,2026-09-21,America/Indiana/Indianapolis,USD
UP-20260921-0049,2026-09-21T18:00:00+00:00,DEMO-ITEM-20260921-0049,GW-001,Shopgoodwill,DEMO-UPRIGHT-0049,Vintage ceramic vase,Home,1,51.59,6.99,3.61,5.15,0.00,51.59,upright_replica,true,one row per paid order,2026-09-21,America/Indiana/Indianapolis,USD
UP-20260921-0050,2026-09-21T19:00:00+00:00,DEMO-ITEM-20260921-0050,GW-002,eBay,DEMO-UPRIGHT-0050,"Wool cardigan, size S",Apparel,1,53.70,7.99,3.75,5.37,0.00,53.70,upright_replica,true,one row per paid order,2026-09-21,America/Indiana/Indianapolis,USD
UP-20260921-0051,2026-09-21T20:00:00+00:00,DEMO-ITEM-20260921-0051,GW-003,Goodwillfinds,DEMO-UPRIGHT-0051,Framed landscape print,Art,1,55.81,3.99,3.90,5.58,0.00,55.81,upright_replica,true,one row per paid order,2026-09-21,America/Indiana/Indianapolis,USD
UP-20260921-0052,2026-09-21T21:00:00+00:00,DEMO-ITEM-20260921-0052,GW-004,Shopgoodwill,DEMO-UPRIGHT-0052,Silver-tone necklace,Jewelry,1,57.92,4.99,4.05,5.79,28.96,28.96,upright_replica,true,one row per paid order,2026-09-21,America/Indiana/Indianapolis,USD
UP-20260921-0053,2026-09-21T18:00:00+00:00,DEMO-ITEM-20260921-0053,GW-005,eBay,DEMO-UPRIGHT-0053,Vintage ceramic vase,Home,1,60.03,5.99,4.20,6.00,0.00,60.03,upright_replica,true,one row per paid order,2026-09-21,America/Indiana/Indianapolis,USD
UP-20260921-0054,2026-09-21T19:00:00+00:00,DEMO-ITEM-20260921-0054,GW-006,Goodwillfinds,DEMO-UPRIGHT-0054,"Wool cardigan, size S",Apparel,1,62.14,6.99,4.34,6.21,0.00,62.14,upright_replica,true,one row per paid order,2026-09-21,America/Indiana/Indianapolis,USD
UP-20260921-0055,2026-09-21T20:00:00+00:00,DEMO-ITEM-20260921-0055,GW-007,Shopgoodwill,DEMO-UPRIGHT-0055,Framed landscape print,Art,1,64.25,7.99,4.49,6.42,0.00,64.25,upright_replica,true,one row per paid order,2026-09-21,America/Indiana/Indianapolis,USD
UP-20260921-0056,2026-09-21T21:00:00+00:00,DEMO-ITEM-20260921-0056,GW-008,eBay,DEMO-UPRIGHT-0056,Silver-tone necklace,Jewelry,1,66.36,3.99,4.64,6.63,0.00,66.36,upright_replica,true,one row per paid order,2026-09-21,America/Indiana/Indianapolis,USD
UP-20260921-0057,2026-09-21T18:00:00+00:00,DEMO-ITEM-20260921-0057,GW-009,Goodwillfinds,DEMO-UPRIGHT-0057,Vintage ceramic vase,Home,1,68.47,4.99,4.79,6.84,0.00,68.47,upright_replica,true,one row per paid order,2026-09-21,America/Indiana/Indianapolis,USD
UP-20260921-0058,2026-09-21T19:00:00+00:00,DEMO-ITEM-20260921-0058,GW-010,Shopgoodwill,DEMO-UPRIGHT-0058,"Wool cardigan, size S",Apparel,1,70.58,5.99,4.94,7.05,0.00,70.58,upright_replica,true,one row per paid order,2026-09-21,America/Indiana/Indianapolis,USD
UP-20260921-0059,2026-09-21T20:00:00+00:00,DEMO-ITEM-20260921-0059,GW-011,eBay,DEMO-UPRIGHT-0059,Framed landscape print,Art,1,72.69,6.99,5.08,7.26,0.00,72.69,upright_replica,true,one row per paid order,2026-09-21,America/Indiana/Indianapolis,USD
UP-20260921-0060,2026-09-21T21:00:00+00:00,DEMO-ITEM-20260921-0060,GW-012,Goodwillfinds,DEMO-UPRIGHT-0060,Silver-tone necklace,Jewelry,1,74.80,7.99,5.23,7.48,0.00,74.80,upright_replica,true,one row per paid order,2026-09-21,America/Indiana/Indianapolis,USD
UP-20260921-0061,2026-09-21T18:00:00+00:00,DEMO-ITEM-20260921-0061,GW-013,Shopgoodwill,DEMO-UPRIGHT-0061,Vintage ceramic vase,Home,1,76.91,3.99,5.38,7.69,0.00,76.91,upright_replica,true,one row per paid order,2026-09-21,America/Indiana/Indianapolis,USD
UP-20260921-0062,2026-09-21T19:00:00+00:00,DEMO-ITEM-20260921-0062,GW-014,eBay,DEMO-UPRIGHT-0062,"Wool cardigan, size S",Apparel,1,79.02,4.99,5.53,7.90,0.00,79.02,upright_replica,true,one row per paid order,2026-09-21,America/Indiana/Indianapolis,USD
UP-20260921-0063,2026-09-21T20:00:00+00:00,DEMO-ITEM-20260921-0063,GW-015,Goodwillfinds,DEMO-UPRIGHT-0063,Framed landscape print,Art,1,81.13,5.99,5.67,8.11,0.00,81.13,upright_replica,true,one row per paid order,2026-09-21,America/Indiana/Indianapolis,USD
UP-20260921-0064,2026-09-21T21:00:00+00:00,DEMO-ITEM-20260921-0064,GW-016,Shopgoodwill,DEMO-UPRIGHT-0064,Silver-tone necklace,Jewelry,1,83.24,6.99,5.82,8.32,0.00,83.24,upright_replica,true,one row per paid order,2026-09-21,America/Indiana/Indianapolis,USD
UP-20260921-0065,2026-09-21T18:00:00+00:00,DEMO-ITEM-20260921-0065,GW-017,eBay,DEMO-UPRIGHT-0065,Vintage ceramic vase,Home,1,85.35,7.99,5.97,8.53,0.00,85.35,upright_replica,true,one row per paid order,2026-09-21,America/Indiana/Indianapolis,USD
UP-20260921-0066,2026-09-21T19:00:00+00:00,DEMO-ITEM-20260921-0066,GW-018,Goodwillfinds,DEMO-UPRIGHT-0066,"Wool cardigan, size S",Apparel,1,87.46,3.99,6.12,8.74,0.00,87.46,upright_replica,true,one row per paid order,2026-09-21,America/Indiana/Indianapolis,USD
UP-20260921-0067,2026-09-21T20:00:00+00:00,DEMO-ITEM-20260921-0067,GW-019,Shopgoodwill,DEMO-UPRIGHT-0067,Framed landscape print,Art,1,89.57,4.99,6.26,8.95,0.00,89.57,upright_replica,true,one row per paid order,2026-09-21,America/Indiana/Indianapolis,USD
UP-20260921-0068,2026-09-21T21:00:00+00:00,DEMO-ITEM-20260921-0068,GW-020,eBay,DEMO-UPRIGHT-0068,Silver-tone necklace,Jewelry,1,91.68,5.99,6.41,9.16,0.00,91.68,upright_replica,true,one row per paid order,2026-09-21,America/Indiana/Indianapolis,USD
UP-20260921-0069,2026-09-21T18:00:00+00:00,DEMO-ITEM-20260921-0069,GW-021,Goodwillfinds,DEMO-UPRIGHT-0069,Vintage ceramic vase,Home,1,93.79,6.99,6.56,9.37,46.89,46.90,upright_replica,true,one row per paid order,2026-09-21,America/Indiana/Indianapolis,USD
UP-20260921-0070,2026-09-21T19:00:00+00:00,DEMO-ITEM-20260921-0070,GW-022,Shopgoodwill,DEMO-UPRIGHT-0070,"Wool cardigan, size S",Apparel,1,95.90,7.99,6.71,9.59,0.00,95.90,upright_replica,true,one row per paid order,2026-09-21,America/Indiana/Indianapolis,USD
UP-20260921-0071,2026-09-21T20:00:00+00:00,DEMO-ITEM-20260921-0071,GW-023,eBay,DEMO-UPRIGHT-0071,Framed landscape print,Art,1,98.01,3.99,6.86,9.80,0.00,98.01,upright_replica,true,one row per paid order,2026-09-21,America/Indiana/Indianapolis,USD
UP-20260921-0072,2026-09-21T21:00:00+00:00,DEMO-ITEM-20260921-0072,GW-024,Goodwillfinds,DEMO-UPRIGHT-0072,Silver-tone necklace,Jewelry,1,15.12,4.99,1.05,1.51,0.00,15.12,upright_replica,true,one row per paid order,2026-09-21,America/Indiana/Indianapolis,USD
UP-20260921-0073,2026-09-21T18:00:00+00:00,DEMO-ITEM-20260921-0073,GW-001,Shopgoodwill,DEMO-UPRIGHT-0073,Vintage ceramic vase,Home,1,17.23,5.99,1.20,1.72,0.00,17.23,upright_replica,true,one row per paid order,2026-09-21,America/Indiana/Indianapolis,USD
UP-20260921-0074,2026-09-21T19:00:00+00:00,DEMO-ITEM-20260921-0074,GW-002,eBay,DEMO-UPRIGHT-0074,"Wool cardigan, size S",Apparel,1,19.34,6.99,1.35,1.93,0.00,19.34,upright_replica,true,one row per paid order,2026-09-21,America/Indiana/Indianapolis,USD
UP-20260921-0075,2026-09-21T20:00:00+00:00,DEMO-ITEM-20260921-0075,GW-003,Goodwillfinds,DEMO-UPRIGHT-0075,Framed landscape print,Art,1,21.45,7.99,1.50,2.14,0.00,21.45,upright_replica,true,one row per paid order,2026-09-21,America/Indiana/Indianapolis,USD
UP-20260921-0076,2026-09-21T21:00:00+00:00,DEMO-ITEM-20260921-0076,GW-004,Shopgoodwill,DEMO-UPRIGHT-0076,Silver-tone necklace,Jewelry,1,23.56,3.99,1.64,2.35,0.00,23.56,upright_replica,true,one row per paid order,2026-09-21,America/Indiana/Indianapolis,USD
UP-20260921-0077,2026-09-21T18:00:00+00:00,DEMO-ITEM-20260921-0077,GW-005,eBay,DEMO-UPRIGHT-0077,Vintage ceramic vase,Home,1,25.67,4.99,1.79,2.56,0.00,25.67,upright_replica,true,one row per paid order,2026-09-21,America/Indiana/Indianapolis,USD
UP-20260921-0078,2026-09-21T19:00:00+00:00,DEMO-ITEM-20260921-0078,GW-006,Goodwillfinds,DEMO-UPRIGHT-0078,"Wool cardigan, size S",Apparel,1,27.78,5.99,1.94,2.77,0.00,27.78,upright_replica,true,one row per paid order,2026-09-21,America/Indiana/Indianapolis,USD
UP-20260921-0079,2026-09-21T20:00:00+00:00,DEMO-ITEM-20260921-0079,GW-007,Shopgoodwill,DEMO-UPRIGHT-0079,Framed landscape print,Art,1,29.89,6.99,2.09,2.98,0.00,29.89,upright_replica,true,one row per paid order,2026-09-21,America/Indiana/Indianapolis,USD
UP-20260921-0080,2026-09-21T21:00:00+00:00,DEMO-ITEM-20260921-0080,GW-008,eBay,DEMO-UPRIGHT-0080,Silver-tone necklace,Jewelry,1,32.00,7.99,2.24,3.20,0.00,32.00,upright_replica,true,one row per paid order,2026-09-21,America/Indiana/Indianapolis,USD
UP-20260921-0081,2026-09-21T18:00:00+00:00,DEMO-ITEM-20260921-0081,GW-009,Goodwillfinds,DEMO-UPRIGHT-0081,Vintage ceramic vase,Home,1,34.11,3.99,2.38,3.41,0.00,34.11,upright_replica,true,one row per paid order,2026-09-21,America/Indiana/Indianapolis,USD
UP-20260921-0082,2026-09-21T19:00:00+00:00,DEMO-ITEM-20260921-0082,GW-010,Shopgoodwill,DEMO-UPRIGHT-0082,"Wool cardigan, size S",Apparel,1,36.22,4.99,2.53,3.62,0.00,36.22,upright_replica,true,one row per paid order,2026-09-21,America/Indiana/Indianapolis,USD
UP-20260921-0083,2026-09-21T20:00:00+00:00,DEMO-ITEM-20260921-0083,GW-011,eBay,DEMO-UPRIGHT-0083,Framed landscape print,Art,1,38.33,5.99,2.68,3.83,0.00,38.33,upright_replica,true,one row per paid order,2026-09-21,America/Indiana/Indianapolis,USD
UP-20260921-0084,2026-09-21T21:00:00+00:00,DEMO-ITEM-20260921-0084,GW-012,Goodwillfinds,DEMO-UPRIGHT-0084,Silver-tone necklace,Jewelry,1,40.44,6.99,2.83,4.04,0.00,40.44,upright_replica,true,one row per paid order,2026-09-21,America/Indiana/Indianapolis,USD
UP-20260921-0085,2026-09-21T18:00:00+00:00,DEMO-ITEM-20260921-0085,GW-013,Shopgoodwill,DEMO-UPRIGHT-0085,Vintage ceramic vase,Home,1,42.55,7.99,2.97,4.25,0.00,42.55,upright_replica,true,one row per paid order,2026-09-21,America/Indiana/Indianapolis,USD
UP-20260921-0086,2026-09-21T19:00:00+00:00,DEMO-ITEM-20260921-0086,GW-014,eBay,DEMO-UPRIGHT-0086,"Wool cardigan, size S",Apparel,1,44.66,3.99,3.12,4.46,22.33,22.33,upright_replica,true,one row per paid order,2026-09-21,America/Indiana/Indianapolis,USD
UP-20260921-0087,2026-09-21T20:00:00+00:00,DEMO-ITEM-20260921-0087,GW-015,Goodwillfinds,DEMO-UPRIGHT-0087,Framed landscape print,Art,1,46.77,4.99,3.27,4.67,0.00,46.77,upright_replica,true,one row per paid order,2026-09-21,America/Indiana/Indianapolis,USD
UP-20260921-0088,2026-09-21T21:00:00+00:00,DEMO-ITEM-20260921-0088,GW-016,Shopgoodwill,DEMO-UPRIGHT-0088,Silver-tone necklace,Jewelry,1,48.88,5.99,3.42,4.88,0.00,48.88,upright_replica,true,one row per paid order,2026-09-21,America/Indiana/Indianapolis,USD
UP-20260921-0089,2026-09-21T18:00:00+00:00,DEMO-ITEM-20260921-0089,GW-017,eBay,DEMO-UPRIGHT-0089,Vintage ceramic vase,Home,1,50.99,6.99,3.56,5.09,0.00,50.99,upright_replica,true,one row per paid order,2026-09-21,America/Indiana/Indianapolis,USD
UP-20260921-0090,2026-09-21T19:00:00+00:00,DEMO-ITEM-20260921-0090,GW-018,Goodwillfinds,DEMO-UPRIGHT-0001,"Wool cardigan, size S",Apparel,1,53.10,7.99,3.71,5.31,0.00,53.10,upright_replica,true,one row per paid order,2026-09-21,America/Indiana/Indianapolis,USD
UP-20260921-0091,2026-09-21T20:00:00+00:00,DEMO-ITEM-20260921-0091,GW-019,Shopgoodwill,DEMO-UPRIGHT-0002,Framed landscape print,Art,1,55.21,3.99,3.86,5.52,0.00,55.21,upright_replica,true,one row per paid order,2026-09-21,America/Indiana/Indianapolis,USD
UP-20260921-0092,2026-09-21T21:00:00+00:00,DEMO-ITEM-20260921-0092,GW-020,eBay,DEMO-UPRIGHT-0003,Silver-tone necklace,Jewelry,1,57.32,4.99,4.01,5.73,0.00,57.32,upright_replica,true,one row per paid order,2026-09-21,America/Indiana/Indianapolis,USD
UP-20260921-0093,2026-09-21T18:00:00+00:00,DEMO-ITEM-20260921-0093,GW-021,Goodwillfinds,DEMO-UPRIGHT-0004,Vintage ceramic vase,Home,1,59.43,5.99,4.16,5.94,0.00,59.43,upright_replica,true,one row per paid order,2026-09-21,America/Indiana/Indianapolis,USD
UP-20260921-0094,2026-09-21T19:00:00+00:00,DEMO-ITEM-20260921-0094,GW-022,Shopgoodwill,DEMO-UPRIGHT-0005,"Wool cardigan, size S",Apparel,1,61.54,6.99,4.30,6.15,0.00,61.54,upright_replica,true,one row per paid order,2026-09-21,America/Indiana/Indianapolis,USD
UP-20260921-0095,2026-09-21T20:00:00+00:00,DEMO-ITEM-20260921-0095,GW-023,eBay,DEMO-UPRIGHT-0006,Framed landscape print,Art,1,63.65,7.99,4.45,6.36,0.00,63.65,upright_replica,true,one row per paid order,2026-09-21,America/Indiana/Indianapolis,USD
UP-20260921-0096,2026-09-21T21:00:00+00:00,DEMO-ITEM-20260921-0096,GW-024,Goodwillfinds,DEMO-UPRIGHT-0007,Silver-tone necklace,Jewelry,1,65.76,3.99,4.60,6.57,0.00,65.76,upright_replica,true,one row per paid order,2026-09-21,America/Indiana/Indianapolis,USD
UP-20260921-0097,2026-09-21T18:00:00+00:00,DEMO-ITEM-20260921-0097,GW-001,Shopgoodwill,DEMO-UPRIGHT-0008,Vintage ceramic vase,Home,1,67.87,4.99,4.75,6.78,0.00,67.87,upright_replica,true,one row per paid order,2026-09-21,America/Indiana/Indianapolis,USD
UP-20260921-0098,2026-09-21T19:00:00+00:00,DEMO-ITEM-20260921-0098,GW-002,eBay,DEMO-UPRIGHT-0009,"Wool cardigan, size S",Apparel,1,69.98,5.99,4.89,6.99,0.00,69.98,upright_replica,true,one row per paid order,2026-09-21,America/Indiana/Indianapolis,USD
UP-20260921-0099,2026-09-21T20:00:00+00:00,DEMO-ITEM-20260921-0099,GW-003,Goodwillfinds,DEMO-UPRIGHT-0010,Framed landscape print,Art,1,72.09,6.99,5.04,7.20,0.00,72.09,upright_replica,true,one row per paid order,2026-09-21,America/Indiana/Indianapolis,USD
UP-20260921-0100,2026-09-21T21:00:00+00:00,DEMO-ITEM-20260921-0100,GW-004,Shopgoodwill,DEMO-UPRIGHT-0011,Silver-tone necklace,Jewelry,1,74.20,7.99,5.19,7.42,0.00,74.20,upright_replica,true,one row per paid order,2026-09-21,America/Indiana/Indianapolis,USD
UP-20260921-0101,2026-09-21T18:00:00+00:00,DEMO-ITEM-20260921-0101,GW-005,eBay,DEMO-UPRIGHT-0012,Vintage ceramic vase,Home,1,76.31,3.99,5.34,7.63,0.00,76.31,upright_replica,true,one row per paid order,2026-09-21,America/Indiana/Indianapolis,USD
UP-20260921-0102,2026-09-21T19:00:00+00:00,DEMO-ITEM-20260921-0102,GW-006,Goodwillfinds,DEMO-UPRIGHT-0013,"Wool cardigan, size S",Apparel,1,78.42,4.99,5.48,7.84,0.00,78.42,upright_replica,true,one row per paid order,2026-09-21,America/Indiana/Indianapolis,USD
UP-20260921-0103,2026-09-21T20:00:00+00:00,DEMO-ITEM-20260921-0103,GW-007,Shopgoodwill,DEMO-UPRIGHT-0014,Framed landscape print,Art,1,80.53,5.99,5.63,8.05,40.26,40.27,upright_replica,true,one row per paid order,2026-09-21,America/Indiana/Indianapolis,USD
UP-20260921-0104,2026-09-21T21:00:00+00:00,DEMO-ITEM-20260921-0104,GW-008,eBay,DEMO-UPRIGHT-0015,Silver-tone necklace,Jewelry,1,82.64,6.99,5.78,8.26,0.00,82.64,upright_replica,true,one row per paid order,2026-09-21,America/Indiana/Indianapolis,USD
UP-20260921-0105,2026-09-21T18:00:00+00:00,DEMO-ITEM-20260921-0105,GW-009,Goodwillfinds,DEMO-UPRIGHT-0016,Vintage ceramic vase,Home,1,84.75,7.99,5.93,8.47,0.00,84.75,upright_replica,true,one row per paid order,2026-09-21,America/Indiana/Indianapolis,USD
UP-20260921-0106,2026-09-21T19:00:00+00:00,DEMO-ITEM-20260921-0106,GW-010,Shopgoodwill,DEMO-UPRIGHT-0017,"Wool cardigan, size S",Apparel,1,86.86,3.99,6.08,8.68,0.00,86.86,upright_replica,true,one row per paid order,2026-09-21,America/Indiana/Indianapolis,USD
UP-20260921-0107,2026-09-21T20:00:00+00:00,DEMO-ITEM-20260921-0107,GW-011,eBay,DEMO-UPRIGHT-0018,Framed landscape print,Art,1,88.97,4.99,6.22,8.89,0.00,88.97,upright_replica,true,one row per paid order,2026-09-21,America/Indiana/Indianapolis,USD
UP-20260921-0108,2026-09-21T21:00:00+00:00,DEMO-ITEM-20260921-0108,GW-012,Goodwillfinds,DEMO-UPRIGHT-0019,Silver-tone necklace,Jewelry,1,91.08,5.99,6.37,9.10,0.00,91.08,upright_replica,true,one row per paid order,2026-09-21,America/Indiana/Indianapolis,USD
UP-20260921-0109,2026-09-21T18:00:00+00:00,DEMO-ITEM-20260921-0109,GW-013,Shopgoodwill,DEMO-UPRIGHT-0020,Vintage ceramic vase,Home,1,93.19,6.99,6.52,9.31,0.00,93.19,upright_replica,true,one row per paid order,2026-09-21,America/Indiana/Indianapolis,USD
UP-20260921-0110,2026-09-21T19:00:00+00:00,DEMO-ITEM-20260921-0110,GW-014,eBay,DEMO-UPRIGHT-0021,"Wool cardigan, size S",Apparel,1,95.30,7.99,6.67,9.53,0.00,95.30,upright_replica,true,one row per paid order,2026-09-21,America/Indiana/Indianapolis,USD
UP-20260921-0111,2026-09-21T20:00:00+00:00,DEMO-ITEM-20260921-0111,GW-015,Goodwillfinds,DEMO-UPRIGHT-0022,Framed landscape print,Art,1,97.41,3.99,6.81,9.74,0.00,97.41,upright_replica,true,one row per paid order,2026-09-21,America/Indiana/Indianapolis,USD
UP-20260921-0112,2026-09-21T21:00:00+00:00,DEMO-ITEM-20260921-0112,GW-016,Shopgoodwill,DEMO-UPRIGHT-0023,Silver-tone necklace,Jewelry,1,99.52,4.99,6.96,9.95,0.00,99.52,upright_replica,true,one row per paid order,2026-09-21,America/Indiana/Indianapolis,USD
UP-20260921-0113,2026-09-21T18:00:00+00:00,DEMO-ITEM-20260921-0113,GW-017,eBay,DEMO-UPRIGHT-0024,Vintage ceramic vase,Home,1,16.63,5.99,1.16,1.66,0.00,16.63,upright_replica,true,one row per paid order,2026-09-21,America/Indiana/Indianapolis,USD
UP-20260921-0114,2026-09-21T19:00:00+00:00,DEMO-ITEM-20260921-0114,GW-018,Goodwillfinds,DEMO-UPRIGHT-0025,"Wool cardigan, size S",Apparel,1,18.74,6.99,1.31,1.87,0.00,18.74,upright_replica,true,one row per paid order,2026-09-21,America/Indiana/Indianapolis,USD
UP-20260921-0115,2026-09-21T20:00:00+00:00,DEMO-ITEM-20260921-0115,GW-019,Shopgoodwill,DEMO-UPRIGHT-0026,Framed landscape print,Art,1,20.85,7.99,1.45,2.08,0.00,20.85,upright_replica,true,one row per paid order,2026-09-21,America/Indiana/Indianapolis,USD
UP-20260921-0116,2026-09-21T21:00:00+00:00,DEMO-ITEM-20260921-0116,GW-020,eBay,DEMO-UPRIGHT-0027,Silver-tone necklace,Jewelry,1,22.96,3.99,1.60,2.29,0.00,22.96,upright_replica,true,one row per paid order,2026-09-21,America/Indiana/Indianapolis,USD
UP-20260921-0117,2026-09-21T18:00:00+00:00,DEMO-ITEM-20260921-0117,GW-021,Goodwillfinds,DEMO-UPRIGHT-0028,Vintage ceramic vase,Home,1,25.07,4.99,1.75,2.50,0.00,25.07,upright_replica,true,one row per paid order,2026-09-21,America/Indiana/Indianapolis,USD
UP-20260921-0118,2026-09-21T19:00:00+00:00,DEMO-ITEM-20260921-0118,GW-022,Shopgoodwill,DEMO-UPRIGHT-0029,"Wool cardigan, size S",Apparel,1,27.18,5.99,1.90,2.71,0.00,27.18,upright_replica,true,one row per paid order,2026-09-21,America/Indiana/Indianapolis,USD
UP-20260921-0119,2026-09-21T20:00:00+00:00,DEMO-ITEM-20260921-0119,GW-023,eBay,DEMO-UPRIGHT-0030,Framed landscape print,Art,1,29.29,6.99,2.05,2.92,0.00,29.29,upright_replica,true,one row per paid order,2026-09-21,America/Indiana/Indianapolis,USD
UP-20260921-0120,2026-09-21T21:00:00+00:00,DEMO-ITEM-20260921-0120,GW-024,Goodwillfinds,DEMO-UPRIGHT-0031,Silver-tone necklace,Jewelry,1,31.40,7.99,2.19,3.14,15.70,15.70,upright_replica,true,one row per paid order,2026-09-21,America/Indiana/Indianapolis,USD
UP-20260921-0121,2026-09-21T18:00:00+00:00,DEMO-ITEM-20260921-0121,GW-001,Shopgoodwill,DEMO-UPRIGHT-0032,Vintage ceramic vase,Home,1,33.51,3.99,2.34,3.35,0.00,33.51,upright_replica,true,one row per paid order,2026-09-21,America/Indiana/Indianapolis,USD
UP-20260921-0122,2026-09-21T19:00:00+00:00,DEMO-ITEM-20260921-0122,GW-002,eBay,DEMO-UPRIGHT-0033,"Wool cardigan, size S",Apparel,1,35.62,4.99,2.49,3.56,0.00,35.62,upright_replica,true,one row per paid order,2026-09-21,America/Indiana/Indianapolis,USD
UP-20260921-0123,2026-09-21T20:00:00+00:00,DEMO-ITEM-20260921-0123,GW-003,Goodwillfinds,DEMO-UPRIGHT-0034,Framed landscape print,Art,1,37.73,5.99,2.64,3.77,0.00,37.73,upright_replica,true,one row per paid order,2026-09-21,America/Indiana/Indianapolis,USD
UP-20260921-0124,2026-09-21T21:00:00+00:00,DEMO-ITEM-20260921-0124,GW-004,Shopgoodwill,DEMO-UPRIGHT-0035,Silver-tone necklace,Jewelry,1,39.84,6.99,2.78,3.98,0.00,39.84,upright_replica,true,one row per paid order,2026-09-21,America/Indiana/Indianapolis,USD
UP-20260921-0125,2026-09-21T18:00:00+00:00,DEMO-ITEM-20260921-0125,GW-005,eBay,DEMO-UPRIGHT-0036,Vintage ceramic vase,Home,1,41.95,7.99,2.93,4.19,0.00,41.95,upright_replica,true,one row per paid order,2026-09-21,America/Indiana/Indianapolis,USD
UP-20260921-0126,2026-09-21T19:00:00+00:00,DEMO-ITEM-20260921-0126,GW-006,Goodwillfinds,DEMO-UPRIGHT-0037,"Wool cardigan, size S",Apparel,1,44.06,3.99,3.08,4.40,0.00,44.06,upright_replica,true,one row per paid order,2026-09-21,America/Indiana/Indianapolis,USD
UP-20260921-0127,2026-09-21T20:00:00+00:00,DEMO-ITEM-20260921-0127,GW-007,Shopgoodwill,DEMO-UPRIGHT-0038,Framed landscape print,Art,1,46.17,4.99,3.23,4.61,0.00,46.17,upright_replica,true,one row per paid order,2026-09-21,America/Indiana/Indianapolis,USD
UP-20260921-0128,2026-09-21T21:00:00+00:00,DEMO-ITEM-20260921-0128,GW-008,eBay,DEMO-UPRIGHT-0039,Silver-tone necklace,Jewelry,1,48.28,5.99,3.37,4.82,0.00,48.28,upright_replica,true,one row per paid order,2026-09-21,America/Indiana/Indianapolis,USD
UP-20260922-0001,2026-09-22T18:00:00+00:00,DEMO-ITEM-20260922-0001,GW-001,Shopgoodwill,DEMO-UPRIGHT-0001,Vintage ceramic vase,Home,1,36.68,3.99,2.56,3.66,18.34,18.34,upright_replica,true,one row per paid order,2026-09-22,America/Indiana/Indianapolis,USD
UP-20260922-0002,2026-09-22T19:00:00+00:00,DEMO-ITEM-20260922-0002,GW-002,eBay,DEMO-UPRIGHT-0002,"Wool cardigan, size S",Apparel,1,38.79,4.99,2.71,3.87,0.00,38.79,upright_replica,true,one row per paid order,2026-09-22,America/Indiana/Indianapolis,USD
UP-20260922-0003,2026-09-22T20:00:00+00:00,DEMO-ITEM-20260922-0003,GW-003,Goodwillfinds,DEMO-UPRIGHT-0003,Framed landscape print,Art,1,40.90,5.99,2.86,4.09,0.00,40.90,upright_replica,true,one row per paid order,2026-09-22,America/Indiana/Indianapolis,USD
UP-20260922-0004,2026-09-22T21:00:00+00:00,DEMO-ITEM-20260922-0004,GW-004,Shopgoodwill,DEMO-UPRIGHT-0004,Silver-tone necklace,Jewelry,1,43.01,6.99,3.01,4.30,0.00,43.01,upright_replica,true,one row per paid order,2026-09-22,America/Indiana/Indianapolis,USD
UP-20260922-0005,2026-09-22T18:00:00+00:00,DEMO-ITEM-20260922-0005,GW-005,eBay,DEMO-UPRIGHT-0005,Vintage ceramic vase,Home,1,45.12,7.99,3.15,4.51,0.00,45.12,upright_replica,true,one row per paid order,2026-09-22,America/Indiana/Indianapolis,USD
UP-20260922-0006,2026-09-22T19:00:00+00:00,DEMO-ITEM-20260922-0006,GW-006,Goodwillfinds,DEMO-UPRIGHT-0006,"Wool cardigan, size S",Apparel,1,47.23,3.99,3.30,4.72,0.00,47.23,upright_replica,true,one row per paid order,2026-09-22,America/Indiana/Indianapolis,USD
UP-20260922-0007,2026-09-22T20:00:00+00:00,DEMO-ITEM-20260922-0007,GW-007,Shopgoodwill,DEMO-UPRIGHT-0007,Framed landscape print,Art,1,49.34,4.99,3.45,4.93,0.00,49.34,upright_replica,true,one row per paid order,2026-09-22,America/Indiana/Indianapolis,USD
UP-20260922-0008,2026-09-22T21:00:00+00:00,DEMO-ITEM-20260922-0008,GW-008,eBay,DEMO-UPRIGHT-0008,Silver-tone necklace,Jewelry,1,51.45,5.99,3.60,5.14,0.00,51.45,upright_replica,true,one row per paid order,2026-09-22,America/Indiana/Indianapolis,USD
UP-20260922-0009,2026-09-22T18:00:00+00:00,DEMO-ITEM-20260922-0009,GW-009,Goodwillfinds,DEMO-UPRIGHT-0009,Vintage ceramic vase,Home,1,53.56,6.99,3.74,5.35,0.00,53.56,upright_replica,true,one row per paid order,2026-09-22,America/Indiana/Indianapolis,USD
UP-20260922-0010,2026-09-22T19:00:00+00:00,DEMO-ITEM-20260922-0010,GW-010,Shopgoodwill,DEMO-UPRIGHT-0010,"Wool cardigan, size S",Apparel,1,55.67,7.99,3.89,5.56,0.00,55.67,upright_replica,true,one row per paid order,2026-09-22,America/Indiana/Indianapolis,USD
UP-20260922-0011,2026-09-22T20:00:00+00:00,DEMO-ITEM-20260922-0011,GW-011,eBay,DEMO-UPRIGHT-0011,Framed landscape print,Art,1,57.78,3.99,4.04,5.77,0.00,57.78,upright_replica,true,one row per paid order,2026-09-22,America/Indiana/Indianapolis,USD
UP-20260922-0012,2026-09-22T21:00:00+00:00,DEMO-ITEM-20260922-0012,GW-012,Goodwillfinds,DEMO-UPRIGHT-0012,Silver-tone necklace,Jewelry,1,59.89,4.99,4.19,5.98,0.00,59.89,upright_replica,true,one row per paid order,2026-09-22,America/Indiana/Indianapolis,USD
UP-20260922-0013,2026-09-22T18:00:00+00:00,DEMO-ITEM-20260922-0013,GW-013,Shopgoodwill,DEMO-UPRIGHT-0013,Vintage ceramic vase,Home,1,62.00,5.99,4.34,6.20,0.00,62.00,upright_replica,true,one row per paid order,2026-09-22,America/Indiana/Indianapolis,USD
UP-20260922-0014,2026-09-22T19:00:00+00:00,DEMO-ITEM-20260922-0014,GW-014,eBay,DEMO-UPRIGHT-0014,"Wool cardigan, size S",Apparel,1,64.11,6.99,4.48,6.41,0.00,64.11,upright_replica,true,one row per paid order,2026-09-22,America/Indiana/Indianapolis,USD
UP-20260922-0015,2026-09-22T20:00:00+00:00,DEMO-ITEM-20260922-0015,GW-015,Goodwillfinds,DEMO-UPRIGHT-0015,Framed landscape print,Art,1,66.22,7.99,4.63,6.62,0.00,66.22,upright_replica,true,one row per paid order,2026-09-22,America/Indiana/Indianapolis,USD
UP-20260922-0016,2026-09-22T21:00:00+00:00,DEMO-ITEM-20260922-0016,GW-016,Shopgoodwill,DEMO-UPRIGHT-0016,Silver-tone necklace,Jewelry,1,68.33,3.99,4.78,6.83,0.00,68.33,upright_replica,true,one row per paid order,2026-09-22,America/Indiana/Indianapolis,USD
UP-20260922-0017,2026-09-22T18:00:00+00:00,DEMO-ITEM-20260922-0017,GW-017,eBay,DEMO-UPRIGHT-0017,Vintage ceramic vase,Home,1,70.44,4.99,4.93,7.04,0.00,70.44,upright_replica,true,one row per paid order,2026-09-22,America/Indiana/Indianapolis,USD
UP-20260922-0018,2026-09-22T19:00:00+00:00,DEMO-ITEM-20260922-0018,GW-018,Goodwillfinds,DEMO-UPRIGHT-0018,"Wool cardigan, size S",Apparel,1,72.55,5.99,5.07,7.25,36.27,36.28,upright_replica,true,one row per paid order,2026-09-22,America/Indiana/Indianapolis,USD
UP-20260922-0019,2026-09-22T20:00:00+00:00,DEMO-ITEM-20260922-0019,GW-019,Shopgoodwill,DEMO-UPRIGHT-0019,Framed landscape print,Art,1,74.66,6.99,5.22,7.46,0.00,74.66,upright_replica,true,one row per paid order,2026-09-22,America/Indiana/Indianapolis,USD
UP-20260922-0020,2026-09-22T21:00:00+00:00,DEMO-ITEM-20260922-0020,GW-020,eBay,DEMO-UPRIGHT-0020,Silver-tone necklace,Jewelry,1,76.77,7.99,5.37,7.67,0.00,76.77,upright_replica,true,one row per paid order,2026-09-22,America/Indiana/Indianapolis,USD
UP-20260922-0021,2026-09-22T18:00:00+00:00,DEMO-ITEM-20260922-0021,GW-021,Goodwillfinds,DEMO-UPRIGHT-0021,Vintage ceramic vase,Home,1,78.88,3.99,5.52,7.88,0.00,78.88,upright_replica,true,one row per paid order,2026-09-22,America/Indiana/Indianapolis,USD
UP-20260922-0022,2026-09-22T19:00:00+00:00,DEMO-ITEM-20260922-0022,GW-022,Shopgoodwill,DEMO-UPRIGHT-0022,"Wool cardigan, size S",Apparel,1,80.99,4.99,5.66,8.09,0.00,80.99,upright_replica,true,one row per paid order,2026-09-22,America/Indiana/Indianapolis,USD
UP-20260922-0023,2026-09-22T20:00:00+00:00,DEMO-ITEM-20260922-0023,GW-023,eBay,DEMO-UPRIGHT-0023,Framed landscape print,Art,1,83.10,5.99,5.81,8.31,0.00,83.10,upright_replica,true,one row per paid order,2026-09-22,America/Indiana/Indianapolis,USD
UP-20260922-0024,2026-09-22T21:00:00+00:00,DEMO-ITEM-20260922-0024,GW-024,Goodwillfinds,DEMO-UPRIGHT-0024,Silver-tone necklace,Jewelry,1,85.21,6.99,5.96,8.52,0.00,85.21,upright_replica,true,one row per paid order,2026-09-22,America/Indiana/Indianapolis,USD
UP-20260922-0025,2026-09-22T18:00:00+00:00,DEMO-ITEM-20260922-0025,GW-001,Shopgoodwill,DEMO-UPRIGHT-0025,Vintage ceramic vase,Home,1,87.32,7.99,6.11,8.73,0.00,87.32,upright_replica,true,one row per paid order,2026-09-22,America/Indiana/Indianapolis,USD
UP-20260922-0026,2026-09-22T19:00:00+00:00,DEMO-ITEM-20260922-0026,GW-002,eBay,DEMO-UPRIGHT-0026,"Wool cardigan, size S",Apparel,1,89.43,3.99,6.26,8.94,0.00,89.43,upright_replica,true,one row per paid order,2026-09-22,America/Indiana/Indianapolis,USD
UP-20260922-0027,2026-09-22T20:00:00+00:00,DEMO-ITEM-20260922-0027,GW-003,Goodwillfinds,DEMO-UPRIGHT-0027,Framed landscape print,Art,1,91.54,4.99,6.40,9.15,0.00,91.54,upright_replica,true,one row per paid order,2026-09-22,America/Indiana/Indianapolis,USD
UP-20260922-0028,2026-09-22T21:00:00+00:00,DEMO-ITEM-20260922-0028,GW-004,Shopgoodwill,DEMO-UPRIGHT-0028,Silver-tone necklace,Jewelry,1,93.65,5.99,6.55,9.36,0.00,93.65,upright_replica,true,one row per paid order,2026-09-22,America/Indiana/Indianapolis,USD
UP-20260922-0029,2026-09-22T18:00:00+00:00,DEMO-ITEM-20260922-0029,GW-005,eBay,DEMO-UPRIGHT-0029,Vintage ceramic vase,Home,1,95.76,6.99,6.70,9.57,0.00,95.76,upright_replica,true,one row per paid order,2026-09-22,America/Indiana/Indianapolis,USD
UP-20260922-0030,2026-09-22T19:00:00+00:00,DEMO-ITEM-20260922-0030,GW-006,Goodwillfinds,DEMO-UPRIGHT-0030,"Wool cardigan, size S",Apparel,1,97.87,7.99,6.85,9.78,0.00,97.87,upright_replica,true,one row per paid order,2026-09-22,America/Indiana/Indianapolis,USD
UP-20260922-0031,2026-09-22T20:00:00+00:00,DEMO-ITEM-20260922-0031,GW-007,Shopgoodwill,DEMO-UPRIGHT-0031,Framed landscape print,Art,1,99.98,3.99,6.99,9.99,0.00,99.98,upright_replica,true,one row per paid order,2026-09-22,America/Indiana/Indianapolis,USD
UP-20260922-0032,2026-09-22T21:00:00+00:00,DEMO-ITEM-20260922-0032,GW-008,eBay,DEMO-UPRIGHT-0032,Silver-tone necklace,Jewelry,1,17.09,4.99,1.19,1.70,0.00,17.09,upright_replica,true,one row per paid order,2026-09-22,America/Indiana/Indianapolis,USD
UP-20260922-0033,2026-09-22T18:00:00+00:00,DEMO-ITEM-20260922-0033,GW-009,Goodwillfinds,DEMO-UPRIGHT-0033,Vintage ceramic vase,Home,1,19.20,5.99,1.34,1.92,0.00,19.20,upright_replica,true,one row per paid order,2026-09-22,America/Indiana/Indianapolis,USD
UP-20260922-0034,2026-09-22T19:00:00+00:00,DEMO-ITEM-20260922-0034,GW-010,Shopgoodwill,DEMO-UPRIGHT-0034,"Wool cardigan, size S",Apparel,1,21.31,6.99,1.49,2.13,0.00,21.31,upright_replica,true,one row per paid order,2026-09-22,America/Indiana/Indianapolis,USD
UP-20260922-0035,2026-09-22T20:00:00+00:00,DEMO-ITEM-20260922-0035,GW-011,eBay,DEMO-UPRIGHT-0035,Framed landscape print,Art,1,23.42,7.99,1.63,2.34,11.71,11.71,upright_replica,true,one row per paid order,2026-09-22,America/Indiana/Indianapolis,USD
UP-20260922-0036,2026-09-22T21:00:00+00:00,DEMO-ITEM-20260922-0036,GW-012,Goodwillfinds,DEMO-UPRIGHT-0036,Silver-tone necklace,Jewelry,1,25.53,3.99,1.78,2.55,0.00,25.53,upright_replica,true,one row per paid order,2026-09-22,America/Indiana/Indianapolis,USD
UP-20260922-0037,2026-09-22T18:00:00+00:00,DEMO-ITEM-20260922-0037,GW-013,Shopgoodwill,DEMO-UPRIGHT-0037,Vintage ceramic vase,Home,1,27.64,4.99,1.93,2.76,0.00,27.64,upright_replica,true,one row per paid order,2026-09-22,America/Indiana/Indianapolis,USD
UP-20260922-0038,2026-09-22T19:00:00+00:00,DEMO-ITEM-20260922-0038,GW-014,eBay,DEMO-UPRIGHT-0038,"Wool cardigan, size S",Apparel,1,29.75,5.99,2.08,2.97,0.00,29.75,upright_replica,true,one row per paid order,2026-09-22,America/Indiana/Indianapolis,USD
UP-20260922-0039,2026-09-22T20:00:00+00:00,DEMO-ITEM-20260922-0039,GW-015,Goodwillfinds,DEMO-UPRIGHT-0039,Framed landscape print,Art,1,31.86,6.99,2.23,3.18,0.00,31.86,upright_replica,true,one row per paid order,2026-09-22,America/Indiana/Indianapolis,USD
UP-20260922-0040,2026-09-22T21:00:00+00:00,DEMO-ITEM-20260922-0040,GW-016,Shopgoodwill,DEMO-UPRIGHT-0040,Silver-tone necklace,Jewelry,1,33.97,7.99,2.37,3.39,0.00,33.97,upright_replica,true,one row per paid order,2026-09-22,America/Indiana/Indianapolis,USD
UP-20260922-0041,2026-09-22T18:00:00+00:00,DEMO-ITEM-20260922-0041,GW-017,eBay,DEMO-UPRIGHT-0041,Vintage ceramic vase,Home,1,36.08,3.99,2.52,3.60,0.00,36.08,upright_replica,true,one row per paid order,2026-09-22,America/Indiana/Indianapolis,USD
UP-20260922-0042,2026-09-22T19:00:00+00:00,DEMO-ITEM-20260922-0042,GW-018,Goodwillfinds,DEMO-UPRIGHT-0042,"Wool cardigan, size S",Apparel,1,38.19,4.99,2.67,3.81,0.00,38.19,upright_replica,true,one row per paid order,2026-09-22,America/Indiana/Indianapolis,USD
UP-20260922-0043,2026-09-22T20:00:00+00:00,DEMO-ITEM-20260922-0043,GW-019,Shopgoodwill,DEMO-UPRIGHT-0043,Framed landscape print,Art,1,40.30,5.99,2.82,4.03,0.00,40.30,upright_replica,true,one row per paid order,2026-09-22,America/Indiana/Indianapolis,USD
UP-20260922-0044,2026-09-22T21:00:00+00:00,DEMO-ITEM-20260922-0044,GW-020,eBay,DEMO-UPRIGHT-0044,Silver-tone necklace,Jewelry,1,42.41,6.99,2.96,4.24,0.00,42.41,upright_replica,true,one row per paid order,2026-09-22,America/Indiana/Indianapolis,USD
UP-20260922-0045,2026-09-22T18:00:00+00:00,DEMO-ITEM-20260922-0045,GW-021,Goodwillfinds,DEMO-UPRIGHT-0045,Vintage ceramic vase,Home,1,44.52,7.99,3.11,4.45,0.00,44.52,upright_replica,true,one row per paid order,2026-09-22,America/Indiana/Indianapolis,USD
UP-20260922-0046,2026-09-22T19:00:00+00:00,DEMO-ITEM-20260922-0046,GW-022,Shopgoodwill,DEMO-UPRIGHT-0046,"Wool cardigan, size S",Apparel,1,46.63,3.99,3.26,4.66,0.00,46.63,upright_replica,true,one row per paid order,2026-09-22,America/Indiana/Indianapolis,USD
UP-20260922-0047,2026-09-22T20:00:00+00:00,DEMO-ITEM-20260922-0047,GW-023,eBay,DEMO-UPRIGHT-0047,Framed landscape print,Art,1,48.74,4.99,3.41,4.87,0.00,48.74,upright_replica,true,one row per paid order,2026-09-22,America/Indiana/Indianapolis,USD
UP-20260922-0048,2026-09-22T21:00:00+00:00,DEMO-ITEM-20260922-0048,GW-024,Goodwillfinds,DEMO-UPRIGHT-0048,Silver-tone necklace,Jewelry,1,50.85,5.99,3.55,5.08,0.00,50.85,upright_replica,true,one row per paid order,2026-09-22,America/Indiana/Indianapolis,USD
UP-20260922-0049,2026-09-22T18:00:00+00:00,DEMO-ITEM-20260922-0049,GW-001,Shopgoodwill,DEMO-UPRIGHT-0049,Vintage ceramic vase,Home,1,52.96,6.99,3.70,5.29,0.00,52.96,upright_replica,true,one row per paid order,2026-09-22,America/Indiana/Indianapolis,USD
UP-20260922-0050,2026-09-22T19:00:00+00:00,DEMO-ITEM-20260922-0050,GW-002,eBay,DEMO-UPRIGHT-0050,"Wool cardigan, size S",Apparel,1,55.07,7.99,3.85,5.50,0.00,55.07,upright_replica,true,one row per paid order,2026-09-22,America/Indiana/Indianapolis,USD
UP-20260922-0051,2026-09-22T20:00:00+00:00,DEMO-ITEM-20260922-0051,GW-003,Goodwillfinds,DEMO-UPRIGHT-0051,Framed landscape print,Art,1,57.18,3.99,4.00,5.71,0.00,57.18,upright_replica,true,one row per paid order,2026-09-22,America/Indiana/Indianapolis,USD
UP-20260922-0052,2026-09-22T21:00:00+00:00,DEMO-ITEM-20260922-0052,GW-004,Shopgoodwill,DEMO-UPRIGHT-0052,Silver-tone necklace,Jewelry,1,59.29,4.99,4.15,5.92,29.64,29.65,upright_replica,true,one row per paid order,2026-09-22,America/Indiana/Indianapolis,USD
UP-20260922-0053,2026-09-22T18:00:00+00:00,DEMO-ITEM-20260922-0053,GW-005,eBay,DEMO-UPRIGHT-0053,Vintage ceramic vase,Home,1,61.40,5.99,4.29,6.14,0.00,61.40,upright_replica,true,one row per paid order,2026-09-22,America/Indiana/Indianapolis,USD
UP-20260922-0054,2026-09-22T19:00:00+00:00,DEMO-ITEM-20260922-0054,GW-006,Goodwillfinds,DEMO-UPRIGHT-0054,"Wool cardigan, size S",Apparel,1,63.51,6.99,4.44,6.35,0.00,63.51,upright_replica,true,one row per paid order,2026-09-22,America/Indiana/Indianapolis,USD
UP-20260922-0055,2026-09-22T20:00:00+00:00,DEMO-ITEM-20260922-0055,GW-007,Shopgoodwill,DEMO-UPRIGHT-0055,Framed landscape print,Art,1,65.62,7.99,4.59,6.56,0.00,65.62,upright_replica,true,one row per paid order,2026-09-22,America/Indiana/Indianapolis,USD
UP-20260922-0056,2026-09-22T21:00:00+00:00,DEMO-ITEM-20260922-0056,GW-008,eBay,DEMO-UPRIGHT-0056,Silver-tone necklace,Jewelry,1,67.73,3.99,4.74,6.77,0.00,67.73,upright_replica,true,one row per paid order,2026-09-22,America/Indiana/Indianapolis,USD
UP-20260922-0057,2026-09-22T18:00:00+00:00,DEMO-ITEM-20260922-0057,GW-009,Goodwillfinds,DEMO-UPRIGHT-0057,Vintage ceramic vase,Home,1,69.84,4.99,4.88,6.98,0.00,69.84,upright_replica,true,one row per paid order,2026-09-22,America/Indiana/Indianapolis,USD
UP-20260922-0058,2026-09-22T19:00:00+00:00,DEMO-ITEM-20260922-0058,GW-010,Shopgoodwill,DEMO-UPRIGHT-0058,"Wool cardigan, size S",Apparel,1,71.95,5.99,5.03,7.19,0.00,71.95,upright_replica,true,one row per paid order,2026-09-22,America/Indiana/Indianapolis,USD
UP-20260922-0059,2026-09-22T20:00:00+00:00,DEMO-ITEM-20260922-0059,GW-011,eBay,DEMO-UPRIGHT-0059,Framed landscape print,Art,1,74.06,6.99,5.18,7.40,0.00,74.06,upright_replica,true,one row per paid order,2026-09-22,America/Indiana/Indianapolis,USD
UP-20260922-0060,2026-09-22T21:00:00+00:00,DEMO-ITEM-20260922-0060,GW-012,Goodwillfinds,DEMO-UPRIGHT-0060,Silver-tone necklace,Jewelry,1,76.17,7.99,5.33,7.61,0.00,76.17,upright_replica,true,one row per paid order,2026-09-22,America/Indiana/Indianapolis,USD
UP-20260922-0061,2026-09-22T18:00:00+00:00,DEMO-ITEM-20260922-0061,GW-013,Shopgoodwill,DEMO-UPRIGHT-0061,Vintage ceramic vase,Home,1,78.28,3.99,5.47,7.82,0.00,78.28,upright_replica,true,one row per paid order,2026-09-22,America/Indiana/Indianapolis,USD
UP-20260922-0062,2026-09-22T19:00:00+00:00,DEMO-ITEM-20260922-0062,GW-014,eBay,DEMO-UPRIGHT-0062,"Wool cardigan, size S",Apparel,1,80.39,4.99,5.62,8.03,0.00,80.39,upright_replica,true,one row per paid order,2026-09-22,America/Indiana/Indianapolis,USD
UP-20260922-0063,2026-09-22T20:00:00+00:00,DEMO-ITEM-20260922-0063,GW-015,Goodwillfinds,DEMO-UPRIGHT-0063,Framed landscape print,Art,1,82.50,5.99,5.77,8.25,0.00,82.50,upright_replica,true,one row per paid order,2026-09-22,America/Indiana/Indianapolis,USD
UP-20260922-0064,2026-09-22T21:00:00+00:00,DEMO-ITEM-20260922-0064,GW-016,Shopgoodwill,DEMO-UPRIGHT-0064,Silver-tone necklace,Jewelry,1,84.61,6.99,5.92,8.46,0.00,84.61,upright_replica,true,one row per paid order,2026-09-22,America/Indiana/Indianapolis,USD
UP-20260922-0065,2026-09-22T18:00:00+00:00,DEMO-ITEM-20260922-0065,GW-017,eBay,DEMO-UPRIGHT-0065,Vintage ceramic vase,Home,1,86.72,7.99,6.07,8.67,0.00,86.72,upright_replica,true,one row per paid order,2026-09-22,America/Indiana/Indianapolis,USD
UP-20260922-0066,2026-09-22T19:00:00+00:00,DEMO-ITEM-20260922-0066,GW-018,Goodwillfinds,DEMO-UPRIGHT-0066,"Wool cardigan, size S",Apparel,1,88.83,3.99,6.21,8.88,0.00,88.83,upright_replica,true,one row per paid order,2026-09-22,America/Indiana/Indianapolis,USD
UP-20260922-0067,2026-09-22T20:00:00+00:00,DEMO-ITEM-20260922-0067,GW-019,Shopgoodwill,DEMO-UPRIGHT-0067,Framed landscape print,Art,1,90.94,4.99,6.36,9.09,0.00,90.94,upright_replica,true,one row per paid order,2026-09-22,America/Indiana/Indianapolis,USD
UP-20260922-0068,2026-09-22T21:00:00+00:00,DEMO-ITEM-20260922-0068,GW-020,eBay,DEMO-UPRIGHT-0068,Silver-tone necklace,Jewelry,1,93.05,5.99,6.51,9.30,0.00,93.05,upright_replica,true,one row per paid order,2026-09-22,America/Indiana/Indianapolis,USD
UP-20260922-0069,2026-09-22T18:00:00+00:00,DEMO-ITEM-20260922-0069,GW-021,Goodwillfinds,DEMO-UPRIGHT-0069,Vintage ceramic vase,Home,1,95.16,6.99,6.66,9.51,47.58,47.58,upright_replica,true,one row per paid order,2026-09-22,America/Indiana/Indianapolis,USD
UP-20260922-0070,2026-09-22T19:00:00+00:00,DEMO-ITEM-20260922-0070,GW-022,Shopgoodwill,DEMO-UPRIGHT-0070,"Wool cardigan, size S",Apparel,1,97.27,7.99,6.80,9.72,0.00,97.27,upright_replica,true,one row per paid order,2026-09-22,America/Indiana/Indianapolis,USD
UP-20260922-0071,2026-09-22T20:00:00+00:00,DEMO-ITEM-20260922-0071,GW-023,eBay,DEMO-UPRIGHT-0071,Framed landscape print,Art,1,99.38,3.99,6.95,9.93,0.00,99.38,upright_replica,true,one row per paid order,2026-09-22,America/Indiana/Indianapolis,USD
UP-20260922-0072,2026-09-22T21:00:00+00:00,DEMO-ITEM-20260922-0072,GW-024,Goodwillfinds,DEMO-UPRIGHT-0072,Silver-tone necklace,Jewelry,1,16.49,4.99,1.15,1.64,0.00,16.49,upright_replica,true,one row per paid order,2026-09-22,America/Indiana/Indianapolis,USD
UP-20260922-0073,2026-09-22T18:00:00+00:00,DEMO-ITEM-20260922-0073,GW-001,Shopgoodwill,DEMO-UPRIGHT-0073,Vintage ceramic vase,Home,1,18.60,5.99,1.30,1.86,0.00,18.60,upright_replica,true,one row per paid order,2026-09-22,America/Indiana/Indianapolis,USD
UP-20260922-0074,2026-09-22T19:00:00+00:00,DEMO-ITEM-20260922-0074,GW-002,eBay,DEMO-UPRIGHT-0074,"Wool cardigan, size S",Apparel,1,20.71,6.99,1.44,2.07,0.00,20.71,upright_replica,true,one row per paid order,2026-09-22,America/Indiana/Indianapolis,USD
UP-20260922-0075,2026-09-22T20:00:00+00:00,DEMO-ITEM-20260922-0075,GW-003,Goodwillfinds,DEMO-UPRIGHT-0075,Framed landscape print,Art,1,22.82,7.99,1.59,2.28,0.00,22.82,upright_replica,true,one row per paid order,2026-09-22,America/Indiana/Indianapolis,USD
UP-20260922-0076,2026-09-22T21:00:00+00:00,DEMO-ITEM-20260922-0076,GW-004,Shopgoodwill,DEMO-UPRIGHT-0076,Silver-tone necklace,Jewelry,1,24.93,3.99,1.74,2.49,0.00,24.93,upright_replica,true,one row per paid order,2026-09-22,America/Indiana/Indianapolis,USD
UP-20260922-0077,2026-09-22T18:00:00+00:00,DEMO-ITEM-20260922-0077,GW-005,eBay,DEMO-UPRIGHT-0077,Vintage ceramic vase,Home,1,27.04,4.99,1.89,2.70,0.00,27.04,upright_replica,true,one row per paid order,2026-09-22,America/Indiana/Indianapolis,USD
UP-20260922-0078,2026-09-22T19:00:00+00:00,DEMO-ITEM-20260922-0078,GW-006,Goodwillfinds,DEMO-UPRIGHT-0078,"Wool cardigan, size S",Apparel,1,29.15,5.99,2.04,2.91,0.00,29.15,upright_replica,true,one row per paid order,2026-09-22,America/Indiana/Indianapolis,USD
UP-20260922-0079,2026-09-22T20:00:00+00:00,DEMO-ITEM-20260922-0079,GW-007,Shopgoodwill,DEMO-UPRIGHT-0079,Framed landscape print,Art,1,31.26,6.99,2.18,3.12,0.00,31.26,upright_replica,true,one row per paid order,2026-09-22,America/Indiana/Indianapolis,USD
UP-20260922-0080,2026-09-22T21:00:00+00:00,DEMO-ITEM-20260922-0080,GW-008,eBay,DEMO-UPRIGHT-0080,Silver-tone necklace,Jewelry,1,33.37,7.99,2.33,3.33,0.00,33.37,upright_replica,true,one row per paid order,2026-09-22,America/Indiana/Indianapolis,USD
UP-20260922-0081,2026-09-22T18:00:00+00:00,DEMO-ITEM-20260922-0081,GW-009,Goodwillfinds,DEMO-UPRIGHT-0081,Vintage ceramic vase,Home,1,35.48,3.99,2.48,3.54,0.00,35.48,upright_replica,true,one row per paid order,2026-09-22,America/Indiana/Indianapolis,USD
UP-20260922-0082,2026-09-22T19:00:00+00:00,DEMO-ITEM-20260922-0082,GW-010,Shopgoodwill,DEMO-UPRIGHT-0082,"Wool cardigan, size S",Apparel,1,37.59,4.99,2.63,3.75,0.00,37.59,upright_replica,true,one row per paid order,2026-09-22,America/Indiana/Indianapolis,USD
UP-20260922-0083,2026-09-22T20:00:00+00:00,DEMO-ITEM-20260922-0083,GW-011,eBay,DEMO-UPRIGHT-0083,Framed landscape print,Art,1,39.70,5.99,2.77,3.97,0.00,39.70,upright_replica,true,one row per paid order,2026-09-22,America/Indiana/Indianapolis,USD
UP-20260922-0084,2026-09-22T21:00:00+00:00,DEMO-ITEM-20260922-0084,GW-012,Goodwillfinds,DEMO-UPRIGHT-0084,Silver-tone necklace,Jewelry,1,41.81,6.99,2.92,4.18,0.00,41.81,upright_replica,true,one row per paid order,2026-09-22,America/Indiana/Indianapolis,USD
UP-20260922-0085,2026-09-22T18:00:00+00:00,DEMO-ITEM-20260922-0085,GW-013,Shopgoodwill,DEMO-UPRIGHT-0085,Vintage ceramic vase,Home,1,43.92,7.99,3.07,4.39,0.00,43.92,upright_replica,true,one row per paid order,2026-09-22,America/Indiana/Indianapolis,USD
UP-20260922-0086,2026-09-22T19:00:00+00:00,DEMO-ITEM-20260922-0086,GW-014,eBay,DEMO-UPRIGHT-0086,"Wool cardigan, size S",Apparel,1,46.03,3.99,3.22,4.60,23.01,23.02,upright_replica,true,one row per paid order,2026-09-22,America/Indiana/Indianapolis,USD
UP-20260922-0087,2026-09-22T20:00:00+00:00,DEMO-ITEM-20260922-0087,GW-015,Goodwillfinds,DEMO-UPRIGHT-0087,Framed landscape print,Art,1,48.14,4.99,3.36,4.81,0.00,48.14,upright_replica,true,one row per paid order,2026-09-22,America/Indiana/Indianapolis,USD
UP-20260922-0088,2026-09-22T21:00:00+00:00,DEMO-ITEM-20260922-0088,GW-016,Shopgoodwill,DEMO-UPRIGHT-0088,Silver-tone necklace,Jewelry,1,50.25,5.99,3.51,5.02,0.00,50.25,upright_replica,true,one row per paid order,2026-09-22,America/Indiana/Indianapolis,USD
UP-20260922-0089,2026-09-22T18:00:00+00:00,DEMO-ITEM-20260922-0089,GW-017,eBay,DEMO-UPRIGHT-0089,Vintage ceramic vase,Home,1,52.36,6.99,3.66,5.23,0.00,52.36,upright_replica,true,one row per paid order,2026-09-22,America/Indiana/Indianapolis,USD
UP-20260922-0090,2026-09-22T19:00:00+00:00,DEMO-ITEM-20260922-0090,GW-018,Goodwillfinds,DEMO-UPRIGHT-0001,"Wool cardigan, size S",Apparel,1,54.47,7.99,3.81,5.44,0.00,54.47,upright_replica,true,one row per paid order,2026-09-22,America/Indiana/Indianapolis,USD
UP-20260922-0091,2026-09-22T20:00:00+00:00,DEMO-ITEM-20260922-0091,GW-019,Shopgoodwill,DEMO-UPRIGHT-0002,Framed landscape print,Art,1,56.58,3.99,3.96,5.65,0.00,56.58,upright_replica,true,one row per paid order,2026-09-22,America/Indiana/Indianapolis,USD
UP-20260922-0092,2026-09-22T21:00:00+00:00,DEMO-ITEM-20260922-0092,GW-020,eBay,DEMO-UPRIGHT-0003,Silver-tone necklace,Jewelry,1,58.69,4.99,4.10,5.86,0.00,58.69,upright_replica,true,one row per paid order,2026-09-22,America/Indiana/Indianapolis,USD
UP-20260922-0093,2026-09-22T18:00:00+00:00,DEMO-ITEM-20260922-0093,GW-021,Goodwillfinds,DEMO-UPRIGHT-0004,Vintage ceramic vase,Home,1,60.80,5.99,4.25,6.08,0.00,60.80,upright_replica,true,one row per paid order,2026-09-22,America/Indiana/Indianapolis,USD
UP-20260922-0094,2026-09-22T19:00:00+00:00,DEMO-ITEM-20260922-0094,GW-022,Shopgoodwill,DEMO-UPRIGHT-0005,"Wool cardigan, size S",Apparel,1,62.91,6.99,4.40,6.29,0.00,62.91,upright_replica,true,one row per paid order,2026-09-22,America/Indiana/Indianapolis,USD
UP-20260922-0095,2026-09-22T20:00:00+00:00,DEMO-ITEM-20260922-0095,GW-023,eBay,DEMO-UPRIGHT-0006,Framed landscape print,Art,1,65.02,7.99,4.55,6.50,0.00,65.02,upright_replica,true,one row per paid order,2026-09-22,America/Indiana/Indianapolis,USD
UP-20260922-0096,2026-09-22T21:00:00+00:00,DEMO-ITEM-20260922-0096,GW-024,Goodwillfinds,DEMO-UPRIGHT-0007,Silver-tone necklace,Jewelry,1,67.13,3.99,4.69,6.71,0.00,67.13,upright_replica,true,one row per paid order,2026-09-22,America/Indiana/Indianapolis,USD
UP-20260922-0097,2026-09-22T18:00:00+00:00,DEMO-ITEM-20260922-0097,GW-001,Shopgoodwill,DEMO-UPRIGHT-0008,Vintage ceramic vase,Home,1,69.24,4.99,4.84,6.92,0.00,69.24,upright_replica,true,one row per paid order,2026-09-22,America/Indiana/Indianapolis,USD
UP-20260922-0098,2026-09-22T19:00:00+00:00,DEMO-ITEM-20260922-0098,GW-002,eBay,DEMO-UPRIGHT-0009,"Wool cardigan, size S",Apparel,1,71.35,5.99,4.99,7.13,0.00,71.35,upright_replica,true,one row per paid order,2026-09-22,America/Indiana/Indianapolis,USD
UP-20260922-0099,2026-09-22T20:00:00+00:00,DEMO-ITEM-20260922-0099,GW-003,Goodwillfinds,DEMO-UPRIGHT-0010,Framed landscape print,Art,1,73.46,6.99,5.14,7.34,0.00,73.46,upright_replica,true,one row per paid order,2026-09-22,America/Indiana/Indianapolis,USD
UP-20260922-0100,2026-09-22T21:00:00+00:00,DEMO-ITEM-20260922-0100,GW-004,Shopgoodwill,DEMO-UPRIGHT-0011,Silver-tone necklace,Jewelry,1,75.57,7.99,5.28,7.55,0.00,75.57,upright_replica,true,one row per paid order,2026-09-22,America/Indiana/Indianapolis,USD
UP-20260922-0101,2026-09-22T18:00:00+00:00,DEMO-ITEM-20260922-0101,GW-005,eBay,DEMO-UPRIGHT-0012,Vintage ceramic vase,Home,1,77.68,3.99,5.43,7.76,0.00,77.68,upright_replica,true,one row per paid order,2026-09-22,America/Indiana/Indianapolis,USD
UP-20260922-0102,2026-09-22T19:00:00+00:00,DEMO-ITEM-20260922-0102,GW-006,Goodwillfinds,DEMO-UPRIGHT-0013,"Wool cardigan, size S",Apparel,1,79.79,4.99,5.58,7.97,0.00,79.79,upright_replica,true,one row per paid order,2026-09-22,America/Indiana/Indianapolis,USD
UP-20260922-0103,2026-09-22T20:00:00+00:00,DEMO-ITEM-20260922-0103,GW-007,Shopgoodwill,DEMO-UPRIGHT-0014,Framed landscape print,Art,1,81.90,5.99,5.73,8.19,40.95,40.95,upright_replica,true,one row per paid order,2026-09-22,America/Indiana/Indianapolis,USD
UP-20260922-0104,2026-09-22T21:00:00+00:00,DEMO-ITEM-20260922-0104,GW-008,eBay,DEMO-UPRIGHT-0015,Silver-tone necklace,Jewelry,1,84.01,6.99,5.88,8.40,0.00,84.01,upright_replica,true,one row per paid order,2026-09-22,America/Indiana/Indianapolis,USD
UP-20260922-0105,2026-09-22T18:00:00+00:00,DEMO-ITEM-20260922-0105,GW-009,Goodwillfinds,DEMO-UPRIGHT-0016,Vintage ceramic vase,Home,1,86.12,7.99,6.02,8.61,0.00,86.12,upright_replica,true,one row per paid order,2026-09-22,America/Indiana/Indianapolis,USD
UP-20260922-0106,2026-09-22T19:00:00+00:00,DEMO-ITEM-20260922-0106,GW-010,Shopgoodwill,DEMO-UPRIGHT-0017,"Wool cardigan, size S",Apparel,1,88.23,3.99,6.17,8.82,0.00,88.23,upright_replica,true,one row per paid order,2026-09-22,America/Indiana/Indianapolis,USD
UP-20260922-0107,2026-09-22T20:00:00+00:00,DEMO-ITEM-20260922-0107,GW-011,eBay,DEMO-UPRIGHT-0018,Framed landscape print,Art,1,90.34,4.99,6.32,9.03,0.00,90.34,upright_replica,true,one row per paid order,2026-09-22,America/Indiana/Indianapolis,USD
UP-20260922-0108,2026-09-22T21:00:00+00:00,DEMO-ITEM-20260922-0108,GW-012,Goodwillfinds,DEMO-UPRIGHT-0019,Silver-tone necklace,Jewelry,1,92.45,5.99,6.47,9.24,0.00,92.45,upright_replica,true,one row per paid order,2026-09-22,America/Indiana/Indianapolis,USD
UP-20260922-0109,2026-09-22T18:00:00+00:00,DEMO-ITEM-20260922-0109,GW-013,Shopgoodwill,DEMO-UPRIGHT-0020,Vintage ceramic vase,Home,1,94.56,6.99,6.61,9.45,0.00,94.56,upright_replica,true,one row per paid order,2026-09-22,America/Indiana/Indianapolis,USD
UP-20260922-0110,2026-09-22T19:00:00+00:00,DEMO-ITEM-20260922-0110,GW-014,eBay,DEMO-UPRIGHT-0021,"Wool cardigan, size S",Apparel,1,96.67,7.99,6.76,9.66,0.00,96.67,upright_replica,true,one row per paid order,2026-09-22,America/Indiana/Indianapolis,USD
UP-20260922-0111,2026-09-22T20:00:00+00:00,DEMO-ITEM-20260922-0111,GW-015,Goodwillfinds,DEMO-UPRIGHT-0022,Framed landscape print,Art,1,98.78,3.99,6.91,9.87,0.00,98.78,upright_replica,true,one row per paid order,2026-09-22,America/Indiana/Indianapolis,USD
UP-20260922-0112,2026-09-22T21:00:00+00:00,DEMO-ITEM-20260922-0112,GW-016,Shopgoodwill,DEMO-UPRIGHT-0023,Silver-tone necklace,Jewelry,1,15.89,4.99,1.11,1.58,0.00,15.89,upright_replica,true,one row per paid order,2026-09-22,America/Indiana/Indianapolis,USD
UP-20260922-0113,2026-09-22T18:00:00+00:00,DEMO-ITEM-20260922-0113,GW-017,eBay,DEMO-UPRIGHT-0024,Vintage ceramic vase,Home,1,18.00,5.99,1.26,1.80,0.00,18.00,upright_replica,true,one row per paid order,2026-09-22,America/Indiana/Indianapolis,USD
UP-20260922-0114,2026-09-22T19:00:00+00:00,DEMO-ITEM-20260922-0114,GW-018,Goodwillfinds,DEMO-UPRIGHT-0025,"Wool cardigan, size S",Apparel,1,20.11,6.99,1.40,2.01,0.00,20.11,upright_replica,true,one row per paid order,2026-09-22,America/Indiana/Indianapolis,USD
UP-20260922-0115,2026-09-22T20:00:00+00:00,DEMO-ITEM-20260922-0115,GW-019,Shopgoodwill,DEMO-UPRIGHT-0026,Framed landscape print,Art,1,22.22,7.99,1.55,2.22,0.00,22.22,upright_replica,true,one row per paid order,2026-09-22,America/Indiana/Indianapolis,USD
UP-20260922-0116,2026-09-22T21:00:00+00:00,DEMO-ITEM-20260922-0116,GW-020,eBay,DEMO-UPRIGHT-0027,Silver-tone necklace,Jewelry,1,24.33,3.99,1.70,2.43,0.00,24.33,upright_replica,true,one row per paid order,2026-09-22,America/Indiana/Indianapolis,USD
UP-20260922-0117,2026-09-22T18:00:00+00:00,DEMO-ITEM-20260922-0117,GW-021,Goodwillfinds,DEMO-UPRIGHT-0028,Vintage ceramic vase,Home,1,26.44,4.99,1.85,2.64,0.00,26.44,upright_replica,true,one row per paid order,2026-09-22,America/Indiana/Indianapolis,USD
UP-20260922-0118,2026-09-22T19:00:00+00:00,DEMO-ITEM-20260922-0118,GW-022,Shopgoodwill,DEMO-UPRIGHT-0029,"Wool cardigan, size S",Apparel,1,28.55,5.99,1.99,2.85,0.00,28.55,upright_replica,true,one row per paid order,2026-09-22,America/Indiana/Indianapolis,USD
UP-20260922-0119,2026-09-22T20:00:00+00:00,DEMO-ITEM-20260922-0119,GW-023,eBay,DEMO-UPRIGHT-0030,Framed landscape print,Art,1,30.66,6.99,2.14,3.06,0.00,30.66,upright_replica,true,one row per paid order,2026-09-22,America/Indiana/Indianapolis,USD
UP-20260922-0120,2026-09-22T21:00:00+00:00,DEMO-ITEM-20260922-0120,GW-024,Goodwillfinds,DEMO-UPRIGHT-0031,Silver-tone necklace,Jewelry,1,32.77,7.99,2.29,3.27,16.38,16.39,upright_replica,true,one row per paid order,2026-09-22,America/Indiana/Indianapolis,USD
UP-20260922-0121,2026-09-22T18:00:00+00:00,DEMO-ITEM-20260922-0121,GW-001,Shopgoodwill,DEMO-UPRIGHT-0032,Vintage ceramic vase,Home,1,34.88,3.99,2.44,3.48,0.00,34.88,upright_replica,true,one row per paid order,2026-09-22,America/Indiana/Indianapolis,USD
UP-20260922-0122,2026-09-22T19:00:00+00:00,DEMO-ITEM-20260922-0122,GW-002,eBay,DEMO-UPRIGHT-0033,"Wool cardigan, size S",Apparel,1,36.99,4.99,2.58,3.69,0.00,36.99,upright_replica,true,one row per paid order,2026-09-22,America/Indiana/Indianapolis,USD
UP-20260922-0123,2026-09-22T20:00:00+00:00,DEMO-ITEM-20260922-0123,GW-003,Goodwillfinds,DEMO-UPRIGHT-0034,Framed landscape print,Art,1,39.10,5.99,2.73,3.91,0.00,39.10,upright_replica,true,one row per paid order,2026-09-22,America/Indiana/Indianapolis,USD
UP-20260922-0124,2026-09-22T21:00:00+00:00,DEMO-ITEM-20260922-0124,GW-004,Shopgoodwill,DEMO-UPRIGHT-0035,Silver-tone necklace,Jewelry,1,41.21,6.99,2.88,4.12,0.00,41.21,upright_replica,true,one row per paid order,2026-09-22,America/Indiana/Indianapolis,USD
UP-20260922-0125,2026-09-22T18:00:00+00:00,DEMO-ITEM-20260922-0125,GW-005,eBay,DEMO-UPRIGHT-0036,Vintage ceramic vase,Home,1,43.32,7.99,3.03,4.33,0.00,43.32,upright_replica,true,one row per paid order,2026-09-22,America/Indiana/Indianapolis,USD
UP-20260922-0126,2026-09-22T19:00:00+00:00,DEMO-ITEM-20260922-0126,GW-006,Goodwillfinds,DEMO-UPRIGHT-0037,"Wool cardigan, size S",Apparel,1,45.43,3.99,3.18,4.54,0.00,45.43,upright_replica,true,one row per paid order,2026-09-22,America/Indiana/Indianapolis,USD
UP-20260922-0127,2026-09-22T20:00:00+00:00,DEMO-ITEM-20260922-0127,GW-007,Shopgoodwill,DEMO-UPRIGHT-0038,Framed landscape print,Art,1,47.54,4.99,3.32,4.75,0.00,47.54,upright_replica,true,one row per paid order,2026-09-22,America/Indiana/Indianapolis,USD
UP-20260922-0128,2026-09-22T21:00:00+00:00,DEMO-ITEM-20260922-0128,GW-008,eBay,DEMO-UPRIGHT-0039,Silver-tone necklace,Jewelry,1,49.65,5.99,3.47,4.96,0.00,49.65,upright_replica,true,one row per paid order,2026-09-22,America/Indiana/Indianapolis,USD
UP-20260923-0001,2026-09-23T18:00:00+00:00,DEMO-ITEM-20260923-0001,GW-001,Shopgoodwill,DEMO-UPRIGHT-0001,Vintage ceramic vase,Home,1,38.05,3.99,2.66,3.80,19.02,19.03,upright_replica,true,one row per paid order,2026-09-23,America/Indiana/Indianapolis,USD
UP-20260923-0002,2026-09-23T19:00:00+00:00,DEMO-ITEM-20260923-0002,GW-002,eBay,DEMO-UPRIGHT-0002,"Wool cardigan, size S",Apparel,1,40.16,4.99,2.81,4.01,0.00,40.16,upright_replica,true,one row per paid order,2026-09-23,America/Indiana/Indianapolis,USD
UP-20260923-0003,2026-09-23T20:00:00+00:00,DEMO-ITEM-20260923-0003,GW-003,Goodwillfinds,DEMO-UPRIGHT-0003,Framed landscape print,Art,1,42.27,5.99,2.95,4.22,0.00,42.27,upright_replica,true,one row per paid order,2026-09-23,America/Indiana/Indianapolis,USD
UP-20260923-0004,2026-09-23T21:00:00+00:00,DEMO-ITEM-20260923-0004,GW-004,Shopgoodwill,DEMO-UPRIGHT-0004,Silver-tone necklace,Jewelry,1,44.38,6.99,3.10,4.43,0.00,44.38,upright_replica,true,one row per paid order,2026-09-23,America/Indiana/Indianapolis,USD
UP-20260923-0005,2026-09-23T18:00:00+00:00,DEMO-ITEM-20260923-0005,GW-005,eBay,DEMO-UPRIGHT-0005,Vintage ceramic vase,Home,1,46.49,7.99,3.25,4.64,0.00,46.49,upright_replica,true,one row per paid order,2026-09-23,America/Indiana/Indianapolis,USD
UP-20260923-0006,2026-09-23T19:00:00+00:00,DEMO-ITEM-20260923-0006,GW-006,Goodwillfinds,DEMO-UPRIGHT-0006,"Wool cardigan, size S",Apparel,1,48.60,3.99,3.40,4.86,0.00,48.60,upright_replica,true,one row per paid order,2026-09-23,America/Indiana/Indianapolis,USD
UP-20260923-0007,2026-09-23T20:00:00+00:00,DEMO-ITEM-20260923-0007,GW-007,Shopgoodwill,DEMO-UPRIGHT-0007,Framed landscape print,Art,1,50.71,4.99,3.54,5.07,0.00,50.71,upright_replica,true,one row per paid order,2026-09-23,America/Indiana/Indianapolis,USD
UP-20260923-0008,2026-09-23T21:00:00+00:00,DEMO-ITEM-20260923-0008,GW-008,eBay,DEMO-UPRIGHT-0008,Silver-tone necklace,Jewelry,1,52.82,5.99,3.69,5.28,0.00,52.82,upright_replica,true,one row per paid order,2026-09-23,America/Indiana/Indianapolis,USD
UP-20260923-0009,2026-09-23T18:00:00+00:00,DEMO-ITEM-20260923-0009,GW-009,Goodwillfinds,DEMO-UPRIGHT-0009,Vintage ceramic vase,Home,1,54.93,6.99,3.84,5.49,0.00,54.93,upright_replica,true,one row per paid order,2026-09-23,America/Indiana/Indianapolis,USD
UP-20260923-0010,2026-09-23T19:00:00+00:00,DEMO-ITEM-20260923-0010,GW-010,Shopgoodwill,DEMO-UPRIGHT-0010,"Wool cardigan, size S",Apparel,1,57.04,7.99,3.99,5.70,0.00,57.04,upright_replica,true,one row per paid order,2026-09-23,America/Indiana/Indianapolis,USD
UP-20260923-0011,2026-09-23T20:00:00+00:00,DEMO-ITEM-20260923-0011,GW-011,eBay,DEMO-UPRIGHT-0011,Framed landscape print,Art,1,59.15,3.99,4.14,5.91,0.00,59.15,upright_replica,true,one row per paid order,2026-09-23,America/Indiana/Indianapolis,USD
UP-20260923-0012,2026-09-23T21:00:00+00:00,DEMO-ITEM-20260923-0012,GW-012,Goodwillfinds,DEMO-UPRIGHT-0012,Silver-tone necklace,Jewelry,1,61.26,4.99,4.28,6.12,0.00,61.26,upright_replica,true,one row per paid order,2026-09-23,America/Indiana/Indianapolis,USD
UP-20260923-0013,2026-09-23T18:00:00+00:00,DEMO-ITEM-20260923-0013,GW-013,Shopgoodwill,DEMO-UPRIGHT-0013,Vintage ceramic vase,Home,1,63.37,5.99,4.43,6.33,0.00,63.37,upright_replica,true,one row per paid order,2026-09-23,America/Indiana/Indianapolis,USD
UP-20260923-0014,2026-09-23T19:00:00+00:00,DEMO-ITEM-20260923-0014,GW-014,eBay,DEMO-UPRIGHT-0014,"Wool cardigan, size S",Apparel,1,65.48,6.99,4.58,6.54,0.00,65.48,upright_replica,true,one row per paid order,2026-09-23,America/Indiana/Indianapolis,USD
UP-20260923-0015,2026-09-23T20:00:00+00:00,DEMO-ITEM-20260923-0015,GW-015,Goodwillfinds,DEMO-UPRIGHT-0015,Framed landscape print,Art,1,67.59,7.99,4.73,6.75,0.00,67.59,upright_replica,true,one row per paid order,2026-09-23,America/Indiana/Indianapolis,USD
UP-20260923-0016,2026-09-23T21:00:00+00:00,DEMO-ITEM-20260923-0016,GW-016,Shopgoodwill,DEMO-UPRIGHT-0016,Silver-tone necklace,Jewelry,1,69.70,3.99,4.87,6.97,0.00,69.70,upright_replica,true,one row per paid order,2026-09-23,America/Indiana/Indianapolis,USD
UP-20260923-0017,2026-09-23T18:00:00+00:00,DEMO-ITEM-20260923-0017,GW-017,eBay,DEMO-UPRIGHT-0017,Vintage ceramic vase,Home,1,71.81,4.99,5.02,7.18,0.00,71.81,upright_replica,true,one row per paid order,2026-09-23,America/Indiana/Indianapolis,USD
UP-20260923-0018,2026-09-23T19:00:00+00:00,DEMO-ITEM-20260923-0018,GW-018,Goodwillfinds,DEMO-UPRIGHT-0018,"Wool cardigan, size S",Apparel,1,73.92,5.99,5.17,7.39,36.96,36.96,upright_replica,true,one row per paid order,2026-09-23,America/Indiana/Indianapolis,USD
UP-20260923-0019,2026-09-23T20:00:00+00:00,DEMO-ITEM-20260923-0019,GW-019,Shopgoodwill,DEMO-UPRIGHT-0019,Framed landscape print,Art,1,76.03,6.99,5.32,7.60,0.00,76.03,upright_replica,true,one row per paid order,2026-09-23,America/Indiana/Indianapolis,USD
UP-20260923-0020,2026-09-23T21:00:00+00:00,DEMO-ITEM-20260923-0020,GW-020,eBay,DEMO-UPRIGHT-0020,Silver-tone necklace,Jewelry,1,78.14,7.99,5.46,7.81,0.00,78.14,upright_replica,true,one row per paid order,2026-09-23,America/Indiana/Indianapolis,USD
UP-20260923-0021,2026-09-23T18:00:00+00:00,DEMO-ITEM-20260923-0021,GW-021,Goodwillfinds,DEMO-UPRIGHT-0021,Vintage ceramic vase,Home,1,80.25,3.99,5.61,8.02,0.00,80.25,upright_replica,true,one row per paid order,2026-09-23,America/Indiana/Indianapolis,USD
UP-20260923-0022,2026-09-23T19:00:00+00:00,DEMO-ITEM-20260923-0022,GW-022,Shopgoodwill,DEMO-UPRIGHT-0022,"Wool cardigan, size S",Apparel,1,82.36,4.99,5.76,8.23,0.00,82.36,upright_replica,true,one row per paid order,2026-09-23,America/Indiana/Indianapolis,USD
UP-20260923-0023,2026-09-23T20:00:00+00:00,DEMO-ITEM-20260923-0023,GW-023,eBay,DEMO-UPRIGHT-0023,Framed landscape print,Art,1,84.47,5.99,5.91,8.44,0.00,84.47,upright_replica,true,one row per paid order,2026-09-23,America/Indiana/Indianapolis,USD
UP-20260923-0024,2026-09-23T21:00:00+00:00,DEMO-ITEM-20260923-0024,GW-024,Goodwillfinds,DEMO-UPRIGHT-0024,Silver-tone necklace,Jewelry,1,86.58,6.99,6.06,8.65,0.00,86.58,upright_replica,true,one row per paid order,2026-09-23,America/Indiana/Indianapolis,USD
UP-20260923-0025,2026-09-23T18:00:00+00:00,DEMO-ITEM-20260923-0025,GW-001,Shopgoodwill,DEMO-UPRIGHT-0025,Vintage ceramic vase,Home,1,88.69,7.99,6.20,8.86,0.00,88.69,upright_replica,true,one row per paid order,2026-09-23,America/Indiana/Indianapolis,USD
UP-20260923-0026,2026-09-23T19:00:00+00:00,DEMO-ITEM-20260923-0026,GW-002,eBay,DEMO-UPRIGHT-0026,"Wool cardigan, size S",Apparel,1,90.80,3.99,6.35,9.08,0.00,90.80,upright_replica,true,one row per paid order,2026-09-23,America/Indiana/Indianapolis,USD
UP-20260923-0027,2026-09-23T20:00:00+00:00,DEMO-ITEM-20260923-0027,GW-003,Goodwillfinds,DEMO-UPRIGHT-0027,Framed landscape print,Art,1,92.91,4.99,6.50,9.29,0.00,92.91,upright_replica,true,one row per paid order,2026-09-23,America/Indiana/Indianapolis,USD
UP-20260923-0028,2026-09-23T21:00:00+00:00,DEMO-ITEM-20260923-0028,GW-004,Shopgoodwill,DEMO-UPRIGHT-0028,Silver-tone necklace,Jewelry,1,95.02,5.99,6.65,9.50,0.00,95.02,upright_replica,true,one row per paid order,2026-09-23,America/Indiana/Indianapolis,USD
UP-20260923-0029,2026-09-23T18:00:00+00:00,DEMO-ITEM-20260923-0029,GW-005,eBay,DEMO-UPRIGHT-0029,Vintage ceramic vase,Home,1,97.13,6.99,6.79,9.71,0.00,97.13,upright_replica,true,one row per paid order,2026-09-23,America/Indiana/Indianapolis,USD
UP-20260923-0030,2026-09-23T19:00:00+00:00,DEMO-ITEM-20260923-0030,GW-006,Goodwillfinds,DEMO-UPRIGHT-0030,"Wool cardigan, size S",Apparel,1,99.24,7.99,6.94,9.92,0.00,99.24,upright_replica,true,one row per paid order,2026-09-23,America/Indiana/Indianapolis,USD
UP-20260923-0031,2026-09-23T20:00:00+00:00,DEMO-ITEM-20260923-0031,GW-007,Shopgoodwill,DEMO-UPRIGHT-0031,Framed landscape print,Art,1,16.35,3.99,1.14,1.63,0.00,16.35,upright_replica,true,one row per paid order,2026-09-23,America/Indiana/Indianapolis,USD
UP-20260923-0032,2026-09-23T21:00:00+00:00,DEMO-ITEM-20260923-0032,GW-008,eBay,DEMO-UPRIGHT-0032,Silver-tone necklace,Jewelry,1,18.46,4.99,1.29,1.84,0.00,18.46,upright_replica,true,one row per paid order,2026-09-23,America/Indiana/Indianapolis,USD
UP-20260923-0033,2026-09-23T18:00:00+00:00,DEMO-ITEM-20260923-0033,GW-009,Goodwillfinds,DEMO-UPRIGHT-0033,Vintage ceramic vase,Home,1,20.57,5.99,1.43,2.05,0.00,20.57,upright_replica,true,one row per paid order,2026-09-23,America/Indiana/Indianapolis,USD
UP-20260923-0034,2026-09-23T19:00:00+00:00,DEMO-ITEM-20260923-0034,GW-010,Shopgoodwill,DEMO-UPRIGHT-0034,"Wool cardigan, size S",Apparel,1,22.68,6.99,1.58,2.26,0.00,22.68,upright_replica,true,one row per paid order,2026-09-23,America/Indiana/Indianapolis,USD
UP-20260923-0035,2026-09-23T20:00:00+00:00,DEMO-ITEM-20260923-0035,GW-011,eBay,DEMO-UPRIGHT-0035,Framed landscape print,Art,1,24.79,7.99,1.73,2.47,12.39,12.40,upright_replica,true,one row per paid order,2026-09-23,America/Indiana/Indianapolis,USD
UP-20260923-0036,2026-09-23T21:00:00+00:00,DEMO-ITEM-20260923-0036,GW-012,Goodwillfinds,DEMO-UPRIGHT-0036,Silver-tone necklace,Jewelry,1,26.90,3.99,1.88,2.69,0.00,26.90,upright_replica,true,one row per paid order,2026-09-23,America/Indiana/Indianapolis,USD
UP-20260923-0037,2026-09-23T18:00:00+00:00,DEMO-ITEM-20260923-0037,GW-013,Shopgoodwill,DEMO-UPRIGHT-0037,Vintage ceramic vase,Home,1,29.01,4.99,2.03,2.90,0.00,29.01,upright_replica,true,one row per paid order,2026-09-23,America/Indiana/Indianapolis,USD
UP-20260923-0038,2026-09-23T19:00:00+00:00,DEMO-ITEM-20260923-0038,GW-014,eBay,DEMO-UPRIGHT-0038,"Wool cardigan, size S",Apparel,1,31.12,5.99,2.17,3.11,0.00,31.12,upright_replica,true,one row per paid order,2026-09-23,America/Indiana/Indianapolis,USD
UP-20260923-0039,2026-09-23T20:00:00+00:00,DEMO-ITEM-20260923-0039,GW-015,Goodwillfinds,DEMO-UPRIGHT-0039,Framed landscape print,Art,1,33.23,6.99,2.32,3.32,0.00,33.23,upright_replica,true,one row per paid order,2026-09-23,America/Indiana/Indianapolis,USD
UP-20260923-0040,2026-09-23T21:00:00+00:00,DEMO-ITEM-20260923-0040,GW-016,Shopgoodwill,DEMO-UPRIGHT-0040,Silver-tone necklace,Jewelry,1,35.34,7.99,2.47,3.53,0.00,35.34,upright_replica,true,one row per paid order,2026-09-23,America/Indiana/Indianapolis,USD
UP-20260923-0041,2026-09-23T18:00:00+00:00,DEMO-ITEM-20260923-0041,GW-017,eBay,DEMO-UPRIGHT-0041,Vintage ceramic vase,Home,1,37.45,3.99,2.62,3.74,0.00,37.45,upright_replica,true,one row per paid order,2026-09-23,America/Indiana/Indianapolis,USD
UP-20260923-0042,2026-09-23T19:00:00+00:00,DEMO-ITEM-20260923-0042,GW-018,Goodwillfinds,DEMO-UPRIGHT-0042,"Wool cardigan, size S",Apparel,1,39.56,4.99,2.76,3.95,0.00,39.56,upright_replica,true,one row per paid order,2026-09-23,America/Indiana/Indianapolis,USD
UP-20260923-0043,2026-09-23T20:00:00+00:00,DEMO-ITEM-20260923-0043,GW-019,Shopgoodwill,DEMO-UPRIGHT-0043,Framed landscape print,Art,1,41.67,5.99,2.91,4.16,0.00,41.67,upright_replica,true,one row per paid order,2026-09-23,America/Indiana/Indianapolis,USD
UP-20260923-0044,2026-09-23T21:00:00+00:00,DEMO-ITEM-20260923-0044,GW-020,eBay,DEMO-UPRIGHT-0044,Silver-tone necklace,Jewelry,1,43.78,6.99,3.06,4.37,0.00,43.78,upright_replica,true,one row per paid order,2026-09-23,America/Indiana/Indianapolis,USD
UP-20260923-0045,2026-09-23T18:00:00+00:00,DEMO-ITEM-20260923-0045,GW-021,Goodwillfinds,DEMO-UPRIGHT-0045,Vintage ceramic vase,Home,1,45.89,7.99,3.21,4.58,0.00,45.89,upright_replica,true,one row per paid order,2026-09-23,America/Indiana/Indianapolis,USD
UP-20260923-0046,2026-09-23T19:00:00+00:00,DEMO-ITEM-20260923-0046,GW-022,Shopgoodwill,DEMO-UPRIGHT-0046,"Wool cardigan, size S",Apparel,1,48.00,3.99,3.36,4.80,0.00,48.00,upright_replica,true,one row per paid order,2026-09-23,America/Indiana/Indianapolis,USD
UP-20260923-0047,2026-09-23T20:00:00+00:00,DEMO-ITEM-20260923-0047,GW-023,eBay,DEMO-UPRIGHT-0047,Framed landscape print,Art,1,50.11,4.99,3.50,5.01,0.00,50.11,upright_replica,true,one row per paid order,2026-09-23,America/Indiana/Indianapolis,USD
UP-20260923-0048,2026-09-23T21:00:00+00:00,DEMO-ITEM-20260923-0048,GW-024,Goodwillfinds,DEMO-UPRIGHT-0048,Silver-tone necklace,Jewelry,1,52.22,5.99,3.65,5.22,0.00,52.22,upright_replica,true,one row per paid order,2026-09-23,America/Indiana/Indianapolis,USD
UP-20260923-0049,2026-09-23T18:00:00+00:00,DEMO-ITEM-20260923-0049,GW-001,Shopgoodwill,DEMO-UPRIGHT-0049,Vintage ceramic vase,Home,1,54.33,6.99,3.80,5.43,0.00,54.33,upright_replica,true,one row per paid order,2026-09-23,America/Indiana/Indianapolis,USD
UP-20260923-0050,2026-09-23T19:00:00+00:00,DEMO-ITEM-20260923-0050,GW-002,eBay,DEMO-UPRIGHT-0050,"Wool cardigan, size S",Apparel,1,56.44,7.99,3.95,5.64,0.00,56.44,upright_replica,true,one row per paid order,2026-09-23,America/Indiana/Indianapolis,USD
UP-20260923-0051,2026-09-23T20:00:00+00:00,DEMO-ITEM-20260923-0051,GW-003,Goodwillfinds,DEMO-UPRIGHT-0051,Framed landscape print,Art,1,58.55,3.99,4.09,5.85,0.00,58.55,upright_replica,true,one row per paid order,2026-09-23,America/Indiana/Indianapolis,USD
UP-20260923-0052,2026-09-23T21:00:00+00:00,DEMO-ITEM-20260923-0052,GW-004,Shopgoodwill,DEMO-UPRIGHT-0052,Silver-tone necklace,Jewelry,1,60.66,4.99,4.24,6.06,30.33,30.33,upright_replica,true,one row per paid order,2026-09-23,America/Indiana/Indianapolis,USD
UP-20260923-0053,2026-09-23T18:00:00+00:00,DEMO-ITEM-20260923-0053,GW-005,eBay,DEMO-UPRIGHT-0053,Vintage ceramic vase,Home,1,62.77,5.99,4.39,6.27,0.00,62.77,upright_replica,true,one row per paid order,2026-09-23,America/Indiana/Indianapolis,USD
UP-20260923-0054,2026-09-23T19:00:00+00:00,DEMO-ITEM-20260923-0054,GW-006,Goodwillfinds,DEMO-UPRIGHT-0054,"Wool cardigan, size S",Apparel,1,64.88,6.99,4.54,6.48,0.00,64.88,upright_replica,true,one row per paid order,2026-09-23,America/Indiana/Indianapolis,USD
UP-20260923-0055,2026-09-23T20:00:00+00:00,DEMO-ITEM-20260923-0055,GW-007,Shopgoodwill,DEMO-UPRIGHT-0055,Framed landscape print,Art,1,66.99,7.99,4.68,6.69,0.00,66.99,upright_replica,true,one row per paid order,2026-09-23,America/Indiana/Indianapolis,USD
UP-20260923-0056,2026-09-23T21:00:00+00:00,DEMO-ITEM-20260923-0056,GW-008,eBay,DEMO-UPRIGHT-0056,Silver-tone necklace,Jewelry,1,69.10,3.99,4.83,6.91,0.00,69.10,upright_replica,true,one row per paid order,2026-09-23,America/Indiana/Indianapolis,USD
UP-20260923-0057,2026-09-23T18:00:00+00:00,DEMO-ITEM-20260923-0057,GW-009,Goodwillfinds,DEMO-UPRIGHT-0057,Vintage ceramic vase,Home,1,71.21,4.99,4.98,7.12,0.00,71.21,upright_replica,true,one row per paid order,2026-09-23,America/Indiana/Indianapolis,USD
UP-20260923-0058,2026-09-23T19:00:00+00:00,DEMO-ITEM-20260923-0058,GW-010,Shopgoodwill,DEMO-UPRIGHT-0058,"Wool cardigan, size S",Apparel,1,73.32,5.99,5.13,7.33,0.00,73.32,upright_replica,true,one row per paid order,2026-09-23,America/Indiana/Indianapolis,USD
UP-20260923-0059,2026-09-23T20:00:00+00:00,DEMO-ITEM-20260923-0059,GW-011,eBay,DEMO-UPRIGHT-0059,Framed landscape print,Art,1,75.43,6.99,5.28,7.54,0.00,75.43,upright_replica,true,one row per paid order,2026-09-23,America/Indiana/Indianapolis,USD
UP-20260923-0060,2026-09-23T21:00:00+00:00,DEMO-ITEM-20260923-0060,GW-012,Goodwillfinds,DEMO-UPRIGHT-0060,Silver-tone necklace,Jewelry,1,77.54,7.99,5.42,7.75,0.00,77.54,upright_replica,true,one row per paid order,2026-09-23,America/Indiana/Indianapolis,USD
UP-20260923-0061,2026-09-23T18:00:00+00:00,DEMO-ITEM-20260923-0061,GW-013,Shopgoodwill,DEMO-UPRIGHT-0061,Vintage ceramic vase,Home,1,79.65,3.99,5.57,7.96,0.00,79.65,upright_replica,true,one row per paid order,2026-09-23,America/Indiana/Indianapolis,USD
UP-20260923-0062,2026-09-23T19:00:00+00:00,DEMO-ITEM-20260923-0062,GW-014,eBay,DEMO-UPRIGHT-0062,"Wool cardigan, size S",Apparel,1,81.76,4.99,5.72,8.17,0.00,81.76,upright_replica,true,one row per paid order,2026-09-23,America/Indiana/Indianapolis,USD
UP-20260923-0063,2026-09-23T20:00:00+00:00,DEMO-ITEM-20260923-0063,GW-015,Goodwillfinds,DEMO-UPRIGHT-0063,Framed landscape print,Art,1,83.87,5.99,5.87,8.38,0.00,83.87,upright_replica,true,one row per paid order,2026-09-23,America/Indiana/Indianapolis,USD
UP-20260923-0064,2026-09-23T21:00:00+00:00,DEMO-ITEM-20260923-0064,GW-016,Shopgoodwill,DEMO-UPRIGHT-0064,Silver-tone necklace,Jewelry,1,85.98,6.99,6.01,8.59,0.00,85.98,upright_replica,true,one row per paid order,2026-09-23,America/Indiana/Indianapolis,USD
UP-20260923-0065,2026-09-23T18:00:00+00:00,DEMO-ITEM-20260923-0065,GW-017,eBay,DEMO-UPRIGHT-0065,Vintage ceramic vase,Home,1,88.09,7.99,6.16,8.80,0.00,88.09,upright_replica,true,one row per paid order,2026-09-23,America/Indiana/Indianapolis,USD
UP-20260923-0066,2026-09-23T19:00:00+00:00,DEMO-ITEM-20260923-0066,GW-018,Goodwillfinds,DEMO-UPRIGHT-0066,"Wool cardigan, size S",Apparel,1,90.20,3.99,6.31,9.02,0.00,90.20,upright_replica,true,one row per paid order,2026-09-23,America/Indiana/Indianapolis,USD
UP-20260923-0067,2026-09-23T20:00:00+00:00,DEMO-ITEM-20260923-0067,GW-019,Shopgoodwill,DEMO-UPRIGHT-0067,Framed landscape print,Art,1,92.31,4.99,6.46,9.23,0.00,92.31,upright_replica,true,one row per paid order,2026-09-23,America/Indiana/Indianapolis,USD
UP-20260923-0068,2026-09-23T21:00:00+00:00,DEMO-ITEM-20260923-0068,GW-020,eBay,DEMO-UPRIGHT-0068,Silver-tone necklace,Jewelry,1,94.42,5.99,6.60,9.44,0.00,94.42,upright_replica,true,one row per paid order,2026-09-23,America/Indiana/Indianapolis,USD
UP-20260923-0069,2026-09-23T18:00:00+00:00,DEMO-ITEM-20260923-0069,GW-021,Goodwillfinds,DEMO-UPRIGHT-0069,Vintage ceramic vase,Home,1,96.53,6.99,6.75,9.65,48.26,48.27,upright_replica,true,one row per paid order,2026-09-23,America/Indiana/Indianapolis,USD
UP-20260923-0070,2026-09-23T19:00:00+00:00,DEMO-ITEM-20260923-0070,GW-022,Shopgoodwill,DEMO-UPRIGHT-0070,"Wool cardigan, size S",Apparel,1,98.64,7.99,6.90,9.86,0.00,98.64,upright_replica,true,one row per paid order,2026-09-23,America/Indiana/Indianapolis,USD
UP-20260923-0071,2026-09-23T20:00:00+00:00,DEMO-ITEM-20260923-0071,GW-023,eBay,DEMO-UPRIGHT-0071,Framed landscape print,Art,1,15.75,3.99,1.10,1.57,0.00,15.75,upright_replica,true,one row per paid order,2026-09-23,America/Indiana/Indianapolis,USD
UP-20260923-0072,2026-09-23T21:00:00+00:00,DEMO-ITEM-20260923-0072,GW-024,Goodwillfinds,DEMO-UPRIGHT-0072,Silver-tone necklace,Jewelry,1,17.86,4.99,1.25,1.78,0.00,17.86,upright_replica,true,one row per paid order,2026-09-23,America/Indiana/Indianapolis,USD
UP-20260923-0073,2026-09-23T18:00:00+00:00,DEMO-ITEM-20260923-0073,GW-001,Shopgoodwill,DEMO-UPRIGHT-0073,Vintage ceramic vase,Home,1,19.97,5.99,1.39,1.99,0.00,19.97,upright_replica,true,one row per paid order,2026-09-23,America/Indiana/Indianapolis,USD
UP-20260923-0074,2026-09-23T19:00:00+00:00,DEMO-ITEM-20260923-0074,GW-002,eBay,DEMO-UPRIGHT-0074,"Wool cardigan, size S",Apparel,1,22.08,6.99,1.54,2.20,0.00,22.08,upright_replica,true,one row per paid order,2026-09-23,America/Indiana/Indianapolis,USD
UP-20260923-0075,2026-09-23T20:00:00+00:00,DEMO-ITEM-20260923-0075,GW-003,Goodwillfinds,DEMO-UPRIGHT-0075,Framed landscape print,Art,1,24.19,7.99,1.69,2.41,0.00,24.19,upright_replica,true,one row per paid order,2026-09-23,America/Indiana/Indianapolis,USD
UP-20260923-0076,2026-09-23T21:00:00+00:00,DEMO-ITEM-20260923-0076,GW-004,Shopgoodwill,DEMO-UPRIGHT-0076,Silver-tone necklace,Jewelry,1,26.30,3.99,1.84,2.63,0.00,26.30,upright_replica,true,one row per paid order,2026-09-23,America/Indiana/Indianapolis,USD
UP-20260923-0077,2026-09-23T18:00:00+00:00,DEMO-ITEM-20260923-0077,GW-005,eBay,DEMO-UPRIGHT-0077,Vintage ceramic vase,Home,1,28.41,4.99,1.98,2.84,0.00,28.41,upright_replica,true,one row per paid order,2026-09-23,America/Indiana/Indianapolis,USD
UP-20260923-0078,2026-09-23T19:00:00+00:00,DEMO-ITEM-20260923-0078,GW-006,Goodwillfinds,DEMO-UPRIGHT-0078,"Wool cardigan, size S",Apparel,1,30.52,5.99,2.13,3.05,0.00,30.52,upright_replica,true,one row per paid order,2026-09-23,America/Indiana/Indianapolis,USD
UP-20260923-0079,2026-09-23T20:00:00+00:00,DEMO-ITEM-20260923-0079,GW-007,Shopgoodwill,DEMO-UPRIGHT-0079,Framed landscape print,Art,1,32.63,6.99,2.28,3.26,0.00,32.63,upright_replica,true,one row per paid order,2026-09-23,America/Indiana/Indianapolis,USD
UP-20260923-0080,2026-09-23T21:00:00+00:00,DEMO-ITEM-20260923-0080,GW-008,eBay,DEMO-UPRIGHT-0080,Silver-tone necklace,Jewelry,1,34.74,7.99,2.43,3.47,0.00,34.74,upright_replica,true,one row per paid order,2026-09-23,America/Indiana/Indianapolis,USD
UP-20260923-0081,2026-09-23T18:00:00+00:00,DEMO-ITEM-20260923-0081,GW-009,Goodwillfinds,DEMO-UPRIGHT-0081,Vintage ceramic vase,Home,1,36.85,3.99,2.57,3.68,0.00,36.85,upright_replica,true,one row per paid order,2026-09-23,America/Indiana/Indianapolis,USD
UP-20260923-0082,2026-09-23T19:00:00+00:00,DEMO-ITEM-20260923-0082,GW-010,Shopgoodwill,DEMO-UPRIGHT-0082,"Wool cardigan, size S",Apparel,1,38.96,4.99,2.72,3.89,0.00,38.96,upright_replica,true,one row per paid order,2026-09-23,America/Indiana/Indianapolis,USD
UP-20260923-0083,2026-09-23T20:00:00+00:00,DEMO-ITEM-20260923-0083,GW-011,eBay,DEMO-UPRIGHT-0083,Framed landscape print,Art,1,41.07,5.99,2.87,4.10,0.00,41.07,upright_replica,true,one row per paid order,2026-09-23,America/Indiana/Indianapolis,USD
UP-20260923-0084,2026-09-23T21:00:00+00:00,DEMO-ITEM-20260923-0084,GW-012,Goodwillfinds,DEMO-UPRIGHT-0084,Silver-tone necklace,Jewelry,1,43.18,6.99,3.02,4.31,0.00,43.18,upright_replica,true,one row per paid order,2026-09-23,America/Indiana/Indianapolis,USD
UP-20260923-0085,2026-09-23T18:00:00+00:00,DEMO-ITEM-20260923-0085,GW-013,Shopgoodwill,DEMO-UPRIGHT-0085,Vintage ceramic vase,Home,1,45.29,7.99,3.17,4.52,0.00,45.29,upright_replica,true,one row per paid order,2026-09-23,America/Indiana/Indianapolis,USD
UP-20260923-0086,2026-09-23T19:00:00+00:00,DEMO-ITEM-20260923-0086,GW-014,eBay,DEMO-UPRIGHT-0086,"Wool cardigan, size S",Apparel,1,47.40,3.99,3.31,4.74,23.70,23.70,upright_replica,true,one row per paid order,2026-09-23,America/Indiana/Indianapolis,USD
UP-20260923-0087,2026-09-23T20:00:00+00:00,DEMO-ITEM-20260923-0087,GW-015,Goodwillfinds,DEMO-UPRIGHT-0087,Framed landscape print,Art,1,49.51,4.99,3.46,4.95,0.00,49.51,upright_replica,true,one row per paid order,2026-09-23,America/Indiana/Indianapolis,USD
UP-20260923-0088,2026-09-23T21:00:00+00:00,DEMO-ITEM-20260923-0088,GW-016,Shopgoodwill,DEMO-UPRIGHT-0088,Silver-tone necklace,Jewelry,1,51.62,5.99,3.61,5.16,0.00,51.62,upright_replica,true,one row per paid order,2026-09-23,America/Indiana/Indianapolis,USD
UP-20260923-0089,2026-09-23T18:00:00+00:00,DEMO-ITEM-20260923-0089,GW-017,eBay,DEMO-UPRIGHT-0089,Vintage ceramic vase,Home,1,53.73,6.99,3.76,5.37,0.00,53.73,upright_replica,true,one row per paid order,2026-09-23,America/Indiana/Indianapolis,USD
UP-20260923-0090,2026-09-23T19:00:00+00:00,DEMO-ITEM-20260923-0090,GW-018,Goodwillfinds,DEMO-UPRIGHT-0001,"Wool cardigan, size S",Apparel,1,55.84,7.99,3.90,5.58,0.00,55.84,upright_replica,true,one row per paid order,2026-09-23,America/Indiana/Indianapolis,USD
UP-20260923-0091,2026-09-23T20:00:00+00:00,DEMO-ITEM-20260923-0091,GW-019,Shopgoodwill,DEMO-UPRIGHT-0002,Framed landscape print,Art,1,57.95,3.99,4.05,5.79,0.00,57.95,upright_replica,true,one row per paid order,2026-09-23,America/Indiana/Indianapolis,USD
UP-20260923-0092,2026-09-23T21:00:00+00:00,DEMO-ITEM-20260923-0092,GW-020,eBay,DEMO-UPRIGHT-0003,Silver-tone necklace,Jewelry,1,60.06,4.99,4.20,6.00,0.00,60.06,upright_replica,true,one row per paid order,2026-09-23,America/Indiana/Indianapolis,USD
UP-20260923-0093,2026-09-23T18:00:00+00:00,DEMO-ITEM-20260923-0093,GW-021,Goodwillfinds,DEMO-UPRIGHT-0004,Vintage ceramic vase,Home,1,62.17,5.99,4.35,6.21,0.00,62.17,upright_replica,true,one row per paid order,2026-09-23,America/Indiana/Indianapolis,USD
UP-20260923-0094,2026-09-23T19:00:00+00:00,DEMO-ITEM-20260923-0094,GW-022,Shopgoodwill,DEMO-UPRIGHT-0005,"Wool cardigan, size S",Apparel,1,64.28,6.99,4.49,6.42,0.00,64.28,upright_replica,true,one row per paid order,2026-09-23,America/Indiana/Indianapolis,USD
UP-20260923-0095,2026-09-23T20:00:00+00:00,DEMO-ITEM-20260923-0095,GW-023,eBay,DEMO-UPRIGHT-0006,Framed landscape print,Art,1,66.39,7.99,4.64,6.63,0.00,66.39,upright_replica,true,one row per paid order,2026-09-23,America/Indiana/Indianapolis,USD
UP-20260923-0096,2026-09-23T21:00:00+00:00,DEMO-ITEM-20260923-0096,GW-024,Goodwillfinds,DEMO-UPRIGHT-0007,Silver-tone necklace,Jewelry,1,68.50,3.99,4.79,6.85,0.00,68.50,upright_replica,true,one row per paid order,2026-09-23,America/Indiana/Indianapolis,USD
UP-20260923-0097,2026-09-23T18:00:00+00:00,DEMO-ITEM-20260923-0097,GW-001,Shopgoodwill,DEMO-UPRIGHT-0008,Vintage ceramic vase,Home,1,70.61,4.99,4.94,7.06,0.00,70.61,upright_replica,true,one row per paid order,2026-09-23,America/Indiana/Indianapolis,USD
UP-20260923-0098,2026-09-23T19:00:00+00:00,DEMO-ITEM-20260923-0098,GW-002,eBay,DEMO-UPRIGHT-0009,"Wool cardigan, size S",Apparel,1,72.72,5.99,5.09,7.27,0.00,72.72,upright_replica,true,one row per paid order,2026-09-23,America/Indiana/Indianapolis,USD
UP-20260923-0099,2026-09-23T20:00:00+00:00,DEMO-ITEM-20260923-0099,GW-003,Goodwillfinds,DEMO-UPRIGHT-0010,Framed landscape print,Art,1,74.83,6.99,5.23,7.48,0.00,74.83,upright_replica,true,one row per paid order,2026-09-23,America/Indiana/Indianapolis,USD
UP-20260923-0100,2026-09-23T21:00:00+00:00,DEMO-ITEM-20260923-0100,GW-004,Shopgoodwill,DEMO-UPRIGHT-0011,Silver-tone necklace,Jewelry,1,76.94,7.99,5.38,7.69,0.00,76.94,upright_replica,true,one row per paid order,2026-09-23,America/Indiana/Indianapolis,USD
UP-20260923-0101,2026-09-23T18:00:00+00:00,DEMO-ITEM-20260923-0101,GW-005,eBay,DEMO-UPRIGHT-0012,Vintage ceramic vase,Home,1,79.05,3.99,5.53,7.90,0.00,79.05,upright_replica,true,one row per paid order,2026-09-23,America/Indiana/Indianapolis,USD
UP-20260923-0102,2026-09-23T19:00:00+00:00,DEMO-ITEM-20260923-0102,GW-006,Goodwillfinds,DEMO-UPRIGHT-0013,"Wool cardigan, size S",Apparel,1,81.16,4.99,5.68,8.11,0.00,81.16,upright_replica,true,one row per paid order,2026-09-23,America/Indiana/Indianapolis,USD
UP-20260923-0103,2026-09-23T20:00:00+00:00,DEMO-ITEM-20260923-0103,GW-007,Shopgoodwill,DEMO-UPRIGHT-0014,Framed landscape print,Art,1,83.27,5.99,5.82,8.32,41.63,41.64,upright_replica,true,one row per paid order,2026-09-23,America/Indiana/Indianapolis,USD
UP-20260923-0104,2026-09-23T21:00:00+00:00,DEMO-ITEM-20260923-0104,GW-008,eBay,DEMO-UPRIGHT-0015,Silver-tone necklace,Jewelry,1,85.38,6.99,5.97,8.53,0.00,85.38,upright_replica,true,one row per paid order,2026-09-23,America/Indiana/Indianapolis,USD
UP-20260923-0105,2026-09-23T18:00:00+00:00,DEMO-ITEM-20260923-0105,GW-009,Goodwillfinds,DEMO-UPRIGHT-0016,Vintage ceramic vase,Home,1,87.49,7.99,6.12,8.74,0.00,87.49,upright_replica,true,one row per paid order,2026-09-23,America/Indiana/Indianapolis,USD
UP-20260923-0106,2026-09-23T19:00:00+00:00,DEMO-ITEM-20260923-0106,GW-010,Shopgoodwill,DEMO-UPRIGHT-0017,"Wool cardigan, size S",Apparel,1,89.60,3.99,6.27,8.96,0.00,89.60,upright_replica,true,one row per paid order,2026-09-23,America/Indiana/Indianapolis,USD
UP-20260923-0107,2026-09-23T20:00:00+00:00,DEMO-ITEM-20260923-0107,GW-011,eBay,DEMO-UPRIGHT-0018,Framed landscape print,Art,1,91.71,4.99,6.41,9.17,0.00,91.71,upright_replica,true,one row per paid order,2026-09-23,America/Indiana/Indianapolis,USD
UP-20260923-0108,2026-09-23T21:00:00+00:00,DEMO-ITEM-20260923-0108,GW-012,Goodwillfinds,DEMO-UPRIGHT-0019,Silver-tone necklace,Jewelry,1,93.82,5.99,6.56,9.38,0.00,93.82,upright_replica,true,one row per paid order,2026-09-23,America/Indiana/Indianapolis,USD
UP-20260923-0109,2026-09-23T18:00:00+00:00,DEMO-ITEM-20260923-0109,GW-013,Shopgoodwill,DEMO-UPRIGHT-0020,Vintage ceramic vase,Home,1,95.93,6.99,6.71,9.59,0.00,95.93,upright_replica,true,one row per paid order,2026-09-23,America/Indiana/Indianapolis,USD
UP-20260923-0110,2026-09-23T19:00:00+00:00,DEMO-ITEM-20260923-0110,GW-014,eBay,DEMO-UPRIGHT-0021,"Wool cardigan, size S",Apparel,1,98.04,7.99,6.86,9.80,0.00,98.04,upright_replica,true,one row per paid order,2026-09-23,America/Indiana/Indianapolis,USD
UP-20260923-0111,2026-09-23T20:00:00+00:00,DEMO-ITEM-20260923-0111,GW-015,Goodwillfinds,DEMO-UPRIGHT-0022,Framed landscape print,Art,1,15.15,3.99,1.06,1.51,0.00,15.15,upright_replica,true,one row per paid order,2026-09-23,America/Indiana/Indianapolis,USD
UP-20260923-0112,2026-09-23T21:00:00+00:00,DEMO-ITEM-20260923-0112,GW-016,Shopgoodwill,DEMO-UPRIGHT-0023,Silver-tone necklace,Jewelry,1,17.26,4.99,1.20,1.72,0.00,17.26,upright_replica,true,one row per paid order,2026-09-23,America/Indiana/Indianapolis,USD
UP-20260923-0113,2026-09-23T18:00:00+00:00,DEMO-ITEM-20260923-0113,GW-017,eBay,DEMO-UPRIGHT-0024,Vintage ceramic vase,Home,1,19.37,5.99,1.35,1.93,0.00,19.37,upright_replica,true,one row per paid order,2026-09-23,America/Indiana/Indianapolis,USD
UP-20260923-0114,2026-09-23T19:00:00+00:00,DEMO-ITEM-20260923-0114,GW-018,Goodwillfinds,DEMO-UPRIGHT-0025,"Wool cardigan, size S",Apparel,1,21.48,6.99,1.50,2.14,0.00,21.48,upright_replica,true,one row per paid order,2026-09-23,America/Indiana/Indianapolis,USD
UP-20260923-0115,2026-09-23T20:00:00+00:00,DEMO-ITEM-20260923-0115,GW-019,Shopgoodwill,DEMO-UPRIGHT-0026,Framed landscape print,Art,1,23.59,7.99,1.65,2.35,0.00,23.59,upright_replica,true,one row per paid order,2026-09-23,America/Indiana/Indianapolis,USD
UP-20260923-0116,2026-09-23T21:00:00+00:00,DEMO-ITEM-20260923-0116,GW-020,eBay,DEMO-UPRIGHT-0027,Silver-tone necklace,Jewelry,1,25.70,3.99,1.79,2.57,0.00,25.70,upright_replica,true,one row per paid order,2026-09-23,America/Indiana/Indianapolis,USD
UP-20260923-0117,2026-09-23T18:00:00+00:00,DEMO-ITEM-20260923-0117,GW-021,Goodwillfinds,DEMO-UPRIGHT-0028,Vintage ceramic vase,Home,1,27.81,4.99,1.94,2.78,0.00,27.81,upright_replica,true,one row per paid order,2026-09-23,America/Indiana/Indianapolis,USD
UP-20260923-0118,2026-09-23T19:00:00+00:00,DEMO-ITEM-20260923-0118,GW-022,Shopgoodwill,DEMO-UPRIGHT-0029,"Wool cardigan, size S",Apparel,1,29.92,5.99,2.09,2.99,0.00,29.92,upright_replica,true,one row per paid order,2026-09-23,America/Indiana/Indianapolis,USD
UP-20260923-0119,2026-09-23T20:00:00+00:00,DEMO-ITEM-20260923-0119,GW-023,eBay,DEMO-UPRIGHT-0030,Framed landscape print,Art,1,32.03,6.99,2.24,3.20,0.00,32.03,upright_replica,true,one row per paid order,2026-09-23,America/Indiana/Indianapolis,USD
UP-20260923-0120,2026-09-23T21:00:00+00:00,DEMO-ITEM-20260923-0120,GW-024,Goodwillfinds,DEMO-UPRIGHT-0031,Silver-tone necklace,Jewelry,1,34.14,7.99,2.38,3.41,17.07,17.07,upright_replica,true,one row per paid order,2026-09-23,America/Indiana/Indianapolis,USD
UP-20260923-0121,2026-09-23T18:00:00+00:00,DEMO-ITEM-20260923-0121,GW-001,Shopgoodwill,DEMO-UPRIGHT-0032,Vintage ceramic vase,Home,1,36.25,3.99,2.53,3.62,0.00,36.25,upright_replica,true,one row per paid order,2026-09-23,America/Indiana/Indianapolis,USD
UP-20260923-0122,2026-09-23T19:00:00+00:00,DEMO-ITEM-20260923-0122,GW-002,eBay,DEMO-UPRIGHT-0033,"Wool cardigan, size S",Apparel,1,38.36,4.99,2.68,3.83,0.00,38.36,upright_replica,true,one row per paid order,2026-09-23,America/Indiana/Indianapolis,USD
UP-20260923-0123,2026-09-23T20:00:00+00:00,DEMO-ITEM-20260923-0123,GW-003,Goodwillfinds,DEMO-UPRIGHT-0034,Framed landscape print,Art,1,40.47,5.99,2.83,4.04,0.00,40.47,upright_replica,true,one row per paid order,2026-09-23,America/Indiana/Indianapolis,USD
UP-20260923-0124,2026-09-23T21:00:00+00:00,DEMO-ITEM-20260923-0124,GW-004,Shopgoodwill,DEMO-UPRIGHT-0035,Silver-tone necklace,Jewelry,1,42.58,6.99,2.98,4.25,0.00,42.58,upright_replica,true,one row per paid order,2026-09-23,America/Indiana/Indianapolis,USD
UP-20260923-0125,2026-09-23T18:00:00+00:00,DEMO-ITEM-20260923-0125,GW-005,eBay,DEMO-UPRIGHT-0036,Vintage ceramic vase,Home,1,44.69,7.99,3.12,4.46,0.00,44.69,upright_replica,true,one row per paid order,2026-09-23,America/Indiana/Indianapolis,USD
UP-20260923-0126,2026-09-23T19:00:00+00:00,DEMO-ITEM-20260923-0126,GW-006,Goodwillfinds,DEMO-UPRIGHT-0037,"Wool cardigan, size S",Apparel,1,46.80,3.99,3.27,4.68,0.00,46.80,upright_replica,true,one row per paid order,2026-09-23,America/Indiana/Indianapolis,USD
UP-20260923-0127,2026-09-23T20:00:00+00:00,DEMO-ITEM-20260923-0127,GW-007,Shopgoodwill,DEMO-UPRIGHT-0038,Framed landscape print,Art,1,48.91,4.99,3.42,4.89,0.00,48.91,upright_replica,true,one row per paid order,2026-09-23,America/Indiana/Indianapolis,USD
UP-20260923-0128,2026-09-23T21:00:00+00:00,DEMO-ITEM-20260923-0128,GW-008,eBay,DEMO-UPRIGHT-0039,Silver-tone necklace,Jewelry,1,51.02,5.99,3.57,5.10,0.00,51.02,upright_replica,true,one row per paid order,2026-09-23,America/Indiana/Indianapolis,USD
UP-20260924-0001,2026-09-24T18:00:00+00:00,DEMO-ITEM-20260924-0001,GW-001,Shopgoodwill,DEMO-UPRIGHT-0001,Vintage ceramic vase,Home,1,39.42,3.99,2.75,3.94,19.71,19.71,upright_replica,true,one row per paid order,2026-09-24,America/Indiana/Indianapolis,USD
UP-20260924-0002,2026-09-24T19:00:00+00:00,DEMO-ITEM-20260924-0002,GW-002,eBay,DEMO-UPRIGHT-0002,"Wool cardigan, size S",Apparel,1,41.53,4.99,2.90,4.15,0.00,41.53,upright_replica,true,one row per paid order,2026-09-24,America/Indiana/Indianapolis,USD
UP-20260924-0003,2026-09-24T20:00:00+00:00,DEMO-ITEM-20260924-0003,GW-003,Goodwillfinds,DEMO-UPRIGHT-0003,Framed landscape print,Art,1,43.64,5.99,3.05,4.36,0.00,43.64,upright_replica,true,one row per paid order,2026-09-24,America/Indiana/Indianapolis,USD
UP-20260924-0004,2026-09-24T21:00:00+00:00,DEMO-ITEM-20260924-0004,GW-004,Shopgoodwill,DEMO-UPRIGHT-0004,Silver-tone necklace,Jewelry,1,45.75,6.99,3.20,4.57,0.00,45.75,upright_replica,true,one row per paid order,2026-09-24,America/Indiana/Indianapolis,USD
UP-20260924-0005,2026-09-24T18:00:00+00:00,DEMO-ITEM-20260924-0005,GW-005,eBay,DEMO-UPRIGHT-0005,Vintage ceramic vase,Home,1,47.86,7.99,3.35,4.78,0.00,47.86,upright_replica,true,one row per paid order,2026-09-24,America/Indiana/Indianapolis,USD
UP-20260924-0006,2026-09-24T19:00:00+00:00,DEMO-ITEM-20260924-0006,GW-006,Goodwillfinds,DEMO-UPRIGHT-0006,"Wool cardigan, size S",Apparel,1,49.97,3.99,3.49,4.99,0.00,49.97,upright_replica,true,one row per paid order,2026-09-24,America/Indiana/Indianapolis,USD
UP-20260924-0007,2026-09-24T20:00:00+00:00,DEMO-ITEM-20260924-0007,GW-007,Shopgoodwill,DEMO-UPRIGHT-0007,Framed landscape print,Art,1,52.08,4.99,3.64,5.20,0.00,52.08,upright_replica,true,one row per paid order,2026-09-24,America/Indiana/Indianapolis,USD
UP-20260924-0008,2026-09-24T21:00:00+00:00,DEMO-ITEM-20260924-0008,GW-008,eBay,DEMO-UPRIGHT-0008,Silver-tone necklace,Jewelry,1,54.19,5.99,3.79,5.41,0.00,54.19,upright_replica,true,one row per paid order,2026-09-24,America/Indiana/Indianapolis,USD
UP-20260924-0009,2026-09-24T18:00:00+00:00,DEMO-ITEM-20260924-0009,GW-009,Goodwillfinds,DEMO-UPRIGHT-0009,Vintage ceramic vase,Home,1,56.30,6.99,3.94,5.63,0.00,56.30,upright_replica,true,one row per paid order,2026-09-24,America/Indiana/Indianapolis,USD
UP-20260924-0010,2026-09-24T19:00:00+00:00,DEMO-ITEM-20260924-0010,GW-010,Shopgoodwill,DEMO-UPRIGHT-0010,"Wool cardigan, size S",Apparel,1,58.41,7.99,4.08,5.84,0.00,58.41,upright_replica,true,one row per paid order,2026-09-24,America/Indiana/Indianapolis,USD
UP-20260924-0011,2026-09-24T20:00:00+00:00,DEMO-ITEM-20260924-0011,GW-011,eBay,DEMO-UPRIGHT-0011,Framed landscape print,Art,1,60.52,3.99,4.23,6.05,0.00,60.52,upright_replica,true,one row per paid order,2026-09-24,America/Indiana/Indianapolis,USD
UP-20260924-0012,2026-09-24T21:00:00+00:00,DEMO-ITEM-20260924-0012,GW-012,Goodwillfinds,DEMO-UPRIGHT-0012,Silver-tone necklace,Jewelry,1,62.63,4.99,4.38,6.26,0.00,62.63,upright_replica,true,one row per paid order,2026-09-24,America/Indiana/Indianapolis,USD
UP-20260924-0013,2026-09-24T18:00:00+00:00,DEMO-ITEM-20260924-0013,GW-013,Shopgoodwill,DEMO-UPRIGHT-0013,Vintage ceramic vase,Home,1,64.74,5.99,4.53,6.47,0.00,64.74,upright_replica,true,one row per paid order,2026-09-24,America/Indiana/Indianapolis,USD
UP-20260924-0014,2026-09-24T19:00:00+00:00,DEMO-ITEM-20260924-0014,GW-014,eBay,DEMO-UPRIGHT-0014,"Wool cardigan, size S",Apparel,1,66.85,6.99,4.67,6.68,0.00,66.85,upright_replica,true,one row per paid order,2026-09-24,America/Indiana/Indianapolis,USD
UP-20260924-0015,2026-09-24T20:00:00+00:00,DEMO-ITEM-20260924-0015,GW-015,Goodwillfinds,DEMO-UPRIGHT-0015,Framed landscape print,Art,1,68.96,7.99,4.82,6.89,0.00,68.96,upright_replica,true,one row per paid order,2026-09-24,America/Indiana/Indianapolis,USD
UP-20260924-0016,2026-09-24T21:00:00+00:00,DEMO-ITEM-20260924-0016,GW-016,Shopgoodwill,DEMO-UPRIGHT-0016,Silver-tone necklace,Jewelry,1,71.07,3.99,4.97,7.10,0.00,71.07,upright_replica,true,one row per paid order,2026-09-24,America/Indiana/Indianapolis,USD
UP-20260924-0017,2026-09-24T18:00:00+00:00,DEMO-ITEM-20260924-0017,GW-017,eBay,DEMO-UPRIGHT-0017,Vintage ceramic vase,Home,1,73.18,4.99,5.12,7.31,0.00,73.18,upright_replica,true,one row per paid order,2026-09-24,America/Indiana/Indianapolis,USD
UP-20260924-0018,2026-09-24T19:00:00+00:00,DEMO-ITEM-20260924-0018,GW-018,Goodwillfinds,DEMO-UPRIGHT-0018,"Wool cardigan, size S",Apparel,1,75.29,5.99,5.27,7.52,37.64,37.65,upright_replica,true,one row per paid order,2026-09-24,America/Indiana/Indianapolis,USD
UP-20260924-0019,2026-09-24T20:00:00+00:00,DEMO-ITEM-20260924-0019,GW-019,Shopgoodwill,DEMO-UPRIGHT-0019,Framed landscape print,Art,1,77.40,6.99,5.41,7.74,0.00,77.40,upright_replica,true,one row per paid order,2026-09-24,America/Indiana/Indianapolis,USD
UP-20260924-0020,2026-09-24T21:00:00+00:00,DEMO-ITEM-20260924-0020,GW-020,eBay,DEMO-UPRIGHT-0020,Silver-tone necklace,Jewelry,1,79.51,7.99,5.56,7.95,0.00,79.51,upright_replica,true,one row per paid order,2026-09-24,America/Indiana/Indianapolis,USD
UP-20260924-0021,2026-09-24T18:00:00+00:00,DEMO-ITEM-20260924-0021,GW-021,Goodwillfinds,DEMO-UPRIGHT-0021,Vintage ceramic vase,Home,1,81.62,3.99,5.71,8.16,0.00,81.62,upright_replica,true,one row per paid order,2026-09-24,America/Indiana/Indianapolis,USD
UP-20260924-0022,2026-09-24T19:00:00+00:00,DEMO-ITEM-20260924-0022,GW-022,Shopgoodwill,DEMO-UPRIGHT-0022,"Wool cardigan, size S",Apparel,1,83.73,4.99,5.86,8.37,0.00,83.73,upright_replica,true,one row per paid order,2026-09-24,America/Indiana/Indianapolis,USD
UP-20260924-0023,2026-09-24T20:00:00+00:00,DEMO-ITEM-20260924-0023,GW-023,eBay,DEMO-UPRIGHT-0023,Framed landscape print,Art,1,85.84,5.99,6.00,8.58,0.00,85.84,upright_replica,true,one row per paid order,2026-09-24,America/Indiana/Indianapolis,USD
UP-20260924-0024,2026-09-24T21:00:00+00:00,DEMO-ITEM-20260924-0024,GW-024,Goodwillfinds,DEMO-UPRIGHT-0024,Silver-tone necklace,Jewelry,1,87.95,6.99,6.15,8.79,0.00,87.95,upright_replica,true,one row per paid order,2026-09-24,America/Indiana/Indianapolis,USD
UP-20260924-0025,2026-09-24T18:00:00+00:00,DEMO-ITEM-20260924-0025,GW-001,Shopgoodwill,DEMO-UPRIGHT-0025,Vintage ceramic vase,Home,1,90.06,7.99,6.30,9.00,0.00,90.06,upright_replica,true,one row per paid order,2026-09-24,America/Indiana/Indianapolis,USD
UP-20260924-0026,2026-09-24T19:00:00+00:00,DEMO-ITEM-20260924-0026,GW-002,eBay,DEMO-UPRIGHT-0026,"Wool cardigan, size S",Apparel,1,92.17,3.99,6.45,9.21,0.00,92.17,upright_replica,true,one row per paid order,2026-09-24,America/Indiana/Indianapolis,USD
UP-20260924-0027,2026-09-24T20:00:00+00:00,DEMO-ITEM-20260924-0027,GW-003,Goodwillfinds,DEMO-UPRIGHT-0027,Framed landscape print,Art,1,94.28,4.99,6.59,9.42,0.00,94.28,upright_replica,true,one row per paid order,2026-09-24,America/Indiana/Indianapolis,USD
UP-20260924-0028,2026-09-24T21:00:00+00:00,DEMO-ITEM-20260924-0028,GW-004,Shopgoodwill,DEMO-UPRIGHT-0028,Silver-tone necklace,Jewelry,1,96.39,5.99,6.74,9.63,0.00,96.39,upright_replica,true,one row per paid order,2026-09-24,America/Indiana/Indianapolis,USD
UP-20260924-0029,2026-09-24T18:00:00+00:00,DEMO-ITEM-20260924-0029,GW-005,eBay,DEMO-UPRIGHT-0029,Vintage ceramic vase,Home,1,98.50,6.99,6.89,9.85,0.00,98.50,upright_replica,true,one row per paid order,2026-09-24,America/Indiana/Indianapolis,USD
UP-20260924-0030,2026-09-24T19:00:00+00:00,DEMO-ITEM-20260924-0030,GW-006,Goodwillfinds,DEMO-UPRIGHT-0030,"Wool cardigan, size S",Apparel,1,15.61,7.99,1.09,1.56,0.00,15.61,upright_replica,true,one row per paid order,2026-09-24,America/Indiana/Indianapolis,USD
UP-20260924-0031,2026-09-24T20:00:00+00:00,DEMO-ITEM-20260924-0031,GW-007,Shopgoodwill,DEMO-UPRIGHT-0031,Framed landscape print,Art,1,17.72,3.99,1.24,1.77,0.00,17.72,upright_replica,true,one row per paid order,2026-09-24,America/Indiana/Indianapolis,USD
UP-20260924-0032,2026-09-24T21:00:00+00:00,DEMO-ITEM-20260924-0032,GW-008,eBay,DEMO-UPRIGHT-0032,Silver-tone necklace,Jewelry,1,19.83,4.99,1.38,1.98,0.00,19.83,upright_replica,true,one row per paid order,2026-09-24,America/Indiana/Indianapolis,USD
UP-20260924-0033,2026-09-24T18:00:00+00:00,DEMO-ITEM-20260924-0033,GW-009,Goodwillfinds,DEMO-UPRIGHT-0033,Vintage ceramic vase,Home,1,21.94,5.99,1.53,2.19,0.00,21.94,upright_replica,true,one row per paid order,2026-09-24,America/Indiana/Indianapolis,USD
UP-20260924-0034,2026-09-24T19:00:00+00:00,DEMO-ITEM-20260924-0034,GW-010,Shopgoodwill,DEMO-UPRIGHT-0034,"Wool cardigan, size S",Apparel,1,24.05,6.99,1.68,2.40,0.00,24.05,upright_replica,true,one row per paid order,2026-09-24,America/Indiana/Indianapolis,USD
UP-20260924-0035,2026-09-24T20:00:00+00:00,DEMO-ITEM-20260924-0035,GW-011,eBay,DEMO-UPRIGHT-0035,Framed landscape print,Art,1,26.16,7.99,1.83,2.61,13.08,13.08,upright_replica,true,one row per paid order,2026-09-24,America/Indiana/Indianapolis,USD
UP-20260924-0036,2026-09-24T21:00:00+00:00,DEMO-ITEM-20260924-0036,GW-012,Goodwillfinds,DEMO-UPRIGHT-0036,Silver-tone necklace,Jewelry,1,28.27,3.99,1.97,2.82,0.00,28.27,upright_replica,true,one row per paid order,2026-09-24,America/Indiana/Indianapolis,USD
UP-20260924-0037,2026-09-24T18:00:00+00:00,DEMO-ITEM-20260924-0037,GW-013,Shopgoodwill,DEMO-UPRIGHT-0037,Vintage ceramic vase,Home,1,30.38,4.99,2.12,3.03,0.00,30.38,upright_replica,true,one row per paid order,2026-09-24,America/Indiana/Indianapolis,USD
UP-20260924-0038,2026-09-24T19:00:00+00:00,DEMO-ITEM-20260924-0038,GW-014,eBay,DEMO-UPRIGHT-0038,"Wool cardigan, size S",Apparel,1,32.49,5.99,2.27,3.24,0.00,32.49,upright_replica,true,one row per paid order,2026-09-24,America/Indiana/Indianapolis,USD
UP-20260924-0039,2026-09-24T20:00:00+00:00,DEMO-ITEM-20260924-0039,GW-015,Goodwillfinds,DEMO-UPRIGHT-0039,Framed landscape print,Art,1,34.60,6.99,2.42,3.46,0.00,34.60,upright_replica,true,one row per paid order,2026-09-24,America/Indiana/Indianapolis,USD
UP-20260924-0040,2026-09-24T21:00:00+00:00,DEMO-ITEM-20260924-0040,GW-016,Shopgoodwill,DEMO-UPRIGHT-0040,Silver-tone necklace,Jewelry,1,36.71,7.99,2.56,3.67,0.00,36.71,upright_replica,true,one row per paid order,2026-09-24,America/Indiana/Indianapolis,USD
UP-20260924-0041,2026-09-24T18:00:00+00:00,DEMO-ITEM-20260924-0041,GW-017,eBay,DEMO-UPRIGHT-0041,Vintage ceramic vase,Home,1,38.82,3.99,2.71,3.88,0.00,38.82,upright_replica,true,one row per paid order,2026-09-24,America/Indiana/Indianapolis,USD
UP-20260924-0042,2026-09-24T19:00:00+00:00,DEMO-ITEM-20260924-0042,GW-018,Goodwillfinds,DEMO-UPRIGHT-0042,"Wool cardigan, size S",Apparel,1,40.93,4.99,2.86,4.09,0.00,40.93,upright_replica,true,one row per paid order,2026-09-24,America/Indiana/Indianapolis,USD
UP-20260924-0043,2026-09-24T20:00:00+00:00,DEMO-ITEM-20260924-0043,GW-019,Shopgoodwill,DEMO-UPRIGHT-0043,Framed landscape print,Art,1,43.04,5.99,3.01,4.30,0.00,43.04,upright_replica,true,one row per paid order,2026-09-24,America/Indiana/Indianapolis,USD
UP-20260924-0044,2026-09-24T21:00:00+00:00,DEMO-ITEM-20260924-0044,GW-020,eBay,DEMO-UPRIGHT-0044,Silver-tone necklace,Jewelry,1,45.15,6.99,3.16,4.51,0.00,45.15,upright_replica,true,one row per paid order,2026-09-24,America/Indiana/Indianapolis,USD
UP-20260924-0045,2026-09-24T18:00:00+00:00,DEMO-ITEM-20260924-0045,GW-021,Goodwillfinds,DEMO-UPRIGHT-0045,Vintage ceramic vase,Home,1,47.26,7.99,3.30,4.72,0.00,47.26,upright_replica,true,one row per paid order,2026-09-24,America/Indiana/Indianapolis,USD
UP-20260924-0046,2026-09-24T19:00:00+00:00,DEMO-ITEM-20260924-0046,GW-022,Shopgoodwill,DEMO-UPRIGHT-0046,"Wool cardigan, size S",Apparel,1,49.37,3.99,3.45,4.93,0.00,49.37,upright_replica,true,one row per paid order,2026-09-24,America/Indiana/Indianapolis,USD
UP-20260924-0047,2026-09-24T20:00:00+00:00,DEMO-ITEM-20260924-0047,GW-023,eBay,DEMO-UPRIGHT-0047,Framed landscape print,Art,1,51.48,4.99,3.60,5.14,0.00,51.48,upright_replica,true,one row per paid order,2026-09-24,America/Indiana/Indianapolis,USD
UP-20260924-0048,2026-09-24T21:00:00+00:00,DEMO-ITEM-20260924-0048,GW-024,Goodwillfinds,DEMO-UPRIGHT-0048,Silver-tone necklace,Jewelry,1,53.59,5.99,3.75,5.35,0.00,53.59,upright_replica,true,one row per paid order,2026-09-24,America/Indiana/Indianapolis,USD
UP-20260924-0049,2026-09-24T18:00:00+00:00,DEMO-ITEM-20260924-0049,GW-001,Shopgoodwill,DEMO-UPRIGHT-0049,Vintage ceramic vase,Home,1,55.70,6.99,3.89,5.57,0.00,55.70,upright_replica,true,one row per paid order,2026-09-24,America/Indiana/Indianapolis,USD
UP-20260924-0050,2026-09-24T19:00:00+00:00,DEMO-ITEM-20260924-0050,GW-002,eBay,DEMO-UPRIGHT-0050,"Wool cardigan, size S",Apparel,1,57.81,7.99,4.04,5.78,0.00,57.81,upright_replica,true,one row per paid order,2026-09-24,America/Indiana/Indianapolis,USD
UP-20260924-0051,2026-09-24T20:00:00+00:00,DEMO-ITEM-20260924-0051,GW-003,Goodwillfinds,DEMO-UPRIGHT-0051,Framed landscape print,Art,1,59.92,3.99,4.19,5.99,0.00,59.92,upright_replica,true,one row per paid order,2026-09-24,America/Indiana/Indianapolis,USD
UP-20260924-0052,2026-09-24T21:00:00+00:00,DEMO-ITEM-20260924-0052,GW-004,Shopgoodwill,DEMO-UPRIGHT-0052,Silver-tone necklace,Jewelry,1,62.03,4.99,4.34,6.20,31.01,31.02,upright_replica,true,one row per paid order,2026-09-24,America/Indiana/Indianapolis,USD
UP-20260924-0053,2026-09-24T18:00:00+00:00,DEMO-ITEM-20260924-0053,GW-005,eBay,DEMO-UPRIGHT-0053,Vintage ceramic vase,Home,1,64.14,5.99,4.48,6.41,0.00,64.14,upright_replica,true,one row per paid order,2026-09-24,America/Indiana/Indianapolis,USD
UP-20260924-0054,2026-09-24T19:00:00+00:00,DEMO-ITEM-20260924-0054,GW-006,Goodwillfinds,DEMO-UPRIGHT-0054,"Wool cardigan, size S",Apparel,1,66.25,6.99,4.63,6.62,0.00,66.25,upright_replica,true,one row per paid order,2026-09-24,America/Indiana/Indianapolis,USD
UP-20260924-0055,2026-09-24T20:00:00+00:00,DEMO-ITEM-20260924-0055,GW-007,Shopgoodwill,DEMO-UPRIGHT-0055,Framed landscape print,Art,1,68.36,7.99,4.78,6.83,0.00,68.36,upright_replica,true,one row per paid order,2026-09-24,America/Indiana/Indianapolis,USD
UP-20260924-0056,2026-09-24T21:00:00+00:00,DEMO-ITEM-20260924-0056,GW-008,eBay,DEMO-UPRIGHT-0056,Silver-tone necklace,Jewelry,1,70.47,3.99,4.93,7.04,0.00,70.47,upright_replica,true,one row per paid order,2026-09-24,America/Indiana/Indianapolis,USD
UP-20260924-0057,2026-09-24T18:00:00+00:00,DEMO-ITEM-20260924-0057,GW-009,Goodwillfinds,DEMO-UPRIGHT-0057,Vintage ceramic vase,Home,1,72.58,4.99,5.08,7.25,0.00,72.58,upright_replica,true,one row per paid order,2026-09-24,America/Indiana/Indianapolis,USD
UP-20260924-0058,2026-09-24T19:00:00+00:00,DEMO-ITEM-20260924-0058,GW-010,Shopgoodwill,DEMO-UPRIGHT-0058,"Wool cardigan, size S",Apparel,1,74.69,5.99,5.22,7.46,0.00,74.69,upright_replica,true,one row per paid order,2026-09-24,America/Indiana/Indianapolis,USD
UP-20260924-0059,2026-09-24T20:00:00+00:00,DEMO-ITEM-20260924-0059,GW-011,eBay,DEMO-UPRIGHT-0059,Framed landscape print,Art,1,76.80,6.99,5.37,7.68,0.00,76.80,upright_replica,true,one row per paid order,2026-09-24,America/Indiana/Indianapolis,USD
UP-20260924-0060,2026-09-24T21:00:00+00:00,DEMO-ITEM-20260924-0060,GW-012,Goodwillfinds,DEMO-UPRIGHT-0060,Silver-tone necklace,Jewelry,1,78.91,7.99,5.52,7.89,0.00,78.91,upright_replica,true,one row per paid order,2026-09-24,America/Indiana/Indianapolis,USD
UP-20260924-0061,2026-09-24T18:00:00+00:00,DEMO-ITEM-20260924-0061,GW-013,Shopgoodwill,DEMO-UPRIGHT-0061,Vintage ceramic vase,Home,1,81.02,3.99,5.67,8.10,0.00,81.02,upright_replica,true,one row per paid order,2026-09-24,America/Indiana/Indianapolis,USD
UP-20260924-0062,2026-09-24T19:00:00+00:00,DEMO-ITEM-20260924-0062,GW-014,eBay,DEMO-UPRIGHT-0062,"Wool cardigan, size S",Apparel,1,83.13,4.99,5.81,8.31,0.00,83.13,upright_replica,true,one row per paid order,2026-09-24,America/Indiana/Indianapolis,USD
UP-20260924-0063,2026-09-24T20:00:00+00:00,DEMO-ITEM-20260924-0063,GW-015,Goodwillfinds,DEMO-UPRIGHT-0063,Framed landscape print,Art,1,85.24,5.99,5.96,8.52,0.00,85.24,upright_replica,true,one row per paid order,2026-09-24,America/Indiana/Indianapolis,USD
UP-20260924-0064,2026-09-24T21:00:00+00:00,DEMO-ITEM-20260924-0064,GW-016,Shopgoodwill,DEMO-UPRIGHT-0064,Silver-tone necklace,Jewelry,1,87.35,6.99,6.11,8.73,0.00,87.35,upright_replica,true,one row per paid order,2026-09-24,America/Indiana/Indianapolis,USD
UP-20260924-0065,2026-09-24T18:00:00+00:00,DEMO-ITEM-20260924-0065,GW-017,eBay,DEMO-UPRIGHT-0065,Vintage ceramic vase,Home,1,89.46,7.99,6.26,8.94,0.00,89.46,upright_replica,true,one row per paid order,2026-09-24,America/Indiana/Indianapolis,USD
UP-20260924-0066,2026-09-24T19:00:00+00:00,DEMO-ITEM-20260924-0066,GW-018,Goodwillfinds,DEMO-UPRIGHT-0066,"Wool cardigan, size S",Apparel,1,91.57,3.99,6.40,9.15,0.00,91.57,upright_replica,true,one row per paid order,2026-09-24,America/Indiana/Indianapolis,USD
UP-20260924-0067,2026-09-24T20:00:00+00:00,DEMO-ITEM-20260924-0067,GW-019,Shopgoodwill,DEMO-UPRIGHT-0067,Framed landscape print,Art,1,93.68,4.99,6.55,9.36,0.00,93.68,upright_replica,true,one row per paid order,2026-09-24,America/Indiana/Indianapolis,USD
UP-20260924-0068,2026-09-24T21:00:00+00:00,DEMO-ITEM-20260924-0068,GW-020,eBay,DEMO-UPRIGHT-0068,Silver-tone necklace,Jewelry,1,95.79,5.99,6.70,9.57,0.00,95.79,upright_replica,true,one row per paid order,2026-09-24,America/Indiana/Indianapolis,USD
UP-20260924-0069,2026-09-24T18:00:00+00:00,DEMO-ITEM-20260924-0069,GW-021,Goodwillfinds,DEMO-UPRIGHT-0069,Vintage ceramic vase,Home,1,97.90,6.99,6.85,9.79,48.95,48.95,upright_replica,true,one row per paid order,2026-09-24,America/Indiana/Indianapolis,USD
UP-20260924-0070,2026-09-24T19:00:00+00:00,DEMO-ITEM-20260924-0070,GW-022,Shopgoodwill,DEMO-UPRIGHT-0070,"Wool cardigan, size S",Apparel,1,15.01,7.99,1.05,1.50,0.00,15.01,upright_replica,true,one row per paid order,2026-09-24,America/Indiana/Indianapolis,USD
UP-20260924-0071,2026-09-24T20:00:00+00:00,DEMO-ITEM-20260924-0071,GW-023,eBay,DEMO-UPRIGHT-0071,Framed landscape print,Art,1,17.12,3.99,1.19,1.71,0.00,17.12,upright_replica,true,one row per paid order,2026-09-24,America/Indiana/Indianapolis,USD
UP-20260924-0072,2026-09-24T21:00:00+00:00,DEMO-ITEM-20260924-0072,GW-024,Goodwillfinds,DEMO-UPRIGHT-0072,Silver-tone necklace,Jewelry,1,19.23,4.99,1.34,1.92,0.00,19.23,upright_replica,true,one row per paid order,2026-09-24,America/Indiana/Indianapolis,USD
UP-20260924-0073,2026-09-24T18:00:00+00:00,DEMO-ITEM-20260924-0073,GW-001,Shopgoodwill,DEMO-UPRIGHT-0073,Vintage ceramic vase,Home,1,21.34,5.99,1.49,2.13,0.00,21.34,upright_replica,true,one row per paid order,2026-09-24,America/Indiana/Indianapolis,USD
UP-20260924-0074,2026-09-24T19:00:00+00:00,DEMO-ITEM-20260924-0074,GW-002,eBay,DEMO-UPRIGHT-0074,"Wool cardigan, size S",Apparel,1,23.45,6.99,1.64,2.34,0.00,23.45,upright_replica,true,one row per paid order,2026-09-24,America/Indiana/Indianapolis,USD
UP-20260924-0075,2026-09-24T20:00:00+00:00,DEMO-ITEM-20260924-0075,GW-003,Goodwillfinds,DEMO-UPRIGHT-0075,Framed landscape print,Art,1,25.56,7.99,1.78,2.55,0.00,25.56,upright_replica,true,one row per paid order,2026-09-24,America/Indiana/Indianapolis,USD
UP-20260924-0076,2026-09-24T21:00:00+00:00,DEMO-ITEM-20260924-0076,GW-004,Shopgoodwill,DEMO-UPRIGHT-0076,Silver-tone necklace,Jewelry,1,27.67,3.99,1.93,2.76,0.00,27.67,upright_replica,true,one row per paid order,2026-09-24,America/Indiana/Indianapolis,USD
UP-20260924-0077,2026-09-24T18:00:00+00:00,DEMO-ITEM-20260924-0077,GW-005,eBay,DEMO-UPRIGHT-0077,Vintage ceramic vase,Home,1,29.78,4.99,2.08,2.97,0.00,29.78,upright_replica,true,one row per paid order,2026-09-24,America/Indiana/Indianapolis,USD
UP-20260924-0078,2026-09-24T19:00:00+00:00,DEMO-ITEM-20260924-0078,GW-006,Goodwillfinds,DEMO-UPRIGHT-0078,"Wool cardigan, size S",Apparel,1,31.89,5.99,2.23,3.18,0.00,31.89,upright_replica,true,one row per paid order,2026-09-24,America/Indiana/Indianapolis,USD
UP-20260924-0079,2026-09-24T20:00:00+00:00,DEMO-ITEM-20260924-0079,GW-007,Shopgoodwill,DEMO-UPRIGHT-0079,Framed landscape print,Art,1,34.00,6.99,2.38,3.40,0.00,34.00,upright_replica,true,one row per paid order,2026-09-24,America/Indiana/Indianapolis,USD
UP-20260924-0080,2026-09-24T21:00:00+00:00,DEMO-ITEM-20260924-0080,GW-008,eBay,DEMO-UPRIGHT-0080,Silver-tone necklace,Jewelry,1,36.11,7.99,2.52,3.61,0.00,36.11,upright_replica,true,one row per paid order,2026-09-24,America/Indiana/Indianapolis,USD
UP-20260924-0081,2026-09-24T18:00:00+00:00,DEMO-ITEM-20260924-0081,GW-009,Goodwillfinds,DEMO-UPRIGHT-0081,Vintage ceramic vase,Home,1,38.22,3.99,2.67,3.82,0.00,38.22,upright_replica,true,one row per paid order,2026-09-24,America/Indiana/Indianapolis,USD
UP-20260924-0082,2026-09-24T19:00:00+00:00,DEMO-ITEM-20260924-0082,GW-010,Shopgoodwill,DEMO-UPRIGHT-0082,"Wool cardigan, size S",Apparel,1,40.33,4.99,2.82,4.03,0.00,40.33,upright_replica,true,one row per paid order,2026-09-24,America/Indiana/Indianapolis,USD
UP-20260924-0083,2026-09-24T20:00:00+00:00,DEMO-ITEM-20260924-0083,GW-011,eBay,DEMO-UPRIGHT-0083,Framed landscape print,Art,1,42.44,5.99,2.97,4.24,0.00,42.44,upright_replica,true,one row per paid order,2026-09-24,America/Indiana/Indianapolis,USD
UP-20260924-0084,2026-09-24T21:00:00+00:00,DEMO-ITEM-20260924-0084,GW-012,Goodwillfinds,DEMO-UPRIGHT-0084,Silver-tone necklace,Jewelry,1,44.55,6.99,3.11,4.45,0.00,44.55,upright_replica,true,one row per paid order,2026-09-24,America/Indiana/Indianapolis,USD
UP-20260924-0085,2026-09-24T18:00:00+00:00,DEMO-ITEM-20260924-0085,GW-013,Shopgoodwill,DEMO-UPRIGHT-0085,Vintage ceramic vase,Home,1,46.66,7.99,3.26,4.66,0.00,46.66,upright_replica,true,one row per paid order,2026-09-24,America/Indiana/Indianapolis,USD
UP-20260924-0086,2026-09-24T19:00:00+00:00,DEMO-ITEM-20260924-0086,GW-014,eBay,DEMO-UPRIGHT-0086,"Wool cardigan, size S",Apparel,1,48.77,3.99,3.41,4.87,24.38,24.39,upright_replica,true,one row per paid order,2026-09-24,America/Indiana/Indianapolis,USD
UP-20260924-0087,2026-09-24T20:00:00+00:00,DEMO-ITEM-20260924-0087,GW-015,Goodwillfinds,DEMO-UPRIGHT-0087,Framed landscape print,Art,1,50.88,4.99,3.56,5.08,0.00,50.88,upright_replica,true,one row per paid order,2026-09-24,America/Indiana/Indianapolis,USD
UP-20260924-0088,2026-09-24T21:00:00+00:00,DEMO-ITEM-20260924-0088,GW-016,Shopgoodwill,DEMO-UPRIGHT-0088,Silver-tone necklace,Jewelry,1,52.99,5.99,3.70,5.29,0.00,52.99,upright_replica,true,one row per paid order,2026-09-24,America/Indiana/Indianapolis,USD
UP-20260924-0089,2026-09-24T18:00:00+00:00,DEMO-ITEM-20260924-0089,GW-017,eBay,DEMO-UPRIGHT-0089,Vintage ceramic vase,Home,1,55.10,6.99,3.85,5.51,0.00,55.10,upright_replica,true,one row per paid order,2026-09-24,America/Indiana/Indianapolis,USD
UP-20260924-0090,2026-09-24T19:00:00+00:00,DEMO-ITEM-20260924-0090,GW-018,Goodwillfinds,DEMO-UPRIGHT-0001,"Wool cardigan, size S",Apparel,1,57.21,7.99,4.00,5.72,0.00,57.21,upright_replica,true,one row per paid order,2026-09-24,America/Indiana/Indianapolis,USD
UP-20260924-0091,2026-09-24T20:00:00+00:00,DEMO-ITEM-20260924-0091,GW-019,Shopgoodwill,DEMO-UPRIGHT-0002,Framed landscape print,Art,1,59.32,3.99,4.15,5.93,0.00,59.32,upright_replica,true,one row per paid order,2026-09-24,America/Indiana/Indianapolis,USD
UP-20260924-0092,2026-09-24T21:00:00+00:00,DEMO-ITEM-20260924-0092,GW-020,eBay,DEMO-UPRIGHT-0003,Silver-tone necklace,Jewelry,1,61.43,4.99,4.30,6.14,0.00,61.43,upright_replica,true,one row per paid order,2026-09-24,America/Indiana/Indianapolis,USD
UP-20260924-0093,2026-09-24T18:00:00+00:00,DEMO-ITEM-20260924-0093,GW-021,Goodwillfinds,DEMO-UPRIGHT-0004,Vintage ceramic vase,Home,1,63.54,5.99,4.44,6.35,0.00,63.54,upright_replica,true,one row per paid order,2026-09-24,America/Indiana/Indianapolis,USD
UP-20260924-0094,2026-09-24T19:00:00+00:00,DEMO-ITEM-20260924-0094,GW-022,Shopgoodwill,DEMO-UPRIGHT-0005,"Wool cardigan, size S",Apparel,1,65.65,6.99,4.59,6.56,0.00,65.65,upright_replica,true,one row per paid order,2026-09-24,America/Indiana/Indianapolis,USD
UP-20260924-0095,2026-09-24T20:00:00+00:00,DEMO-ITEM-20260924-0095,GW-023,eBay,DEMO-UPRIGHT-0006,Framed landscape print,Art,1,67.76,7.99,4.74,6.77,0.00,67.76,upright_replica,true,one row per paid order,2026-09-24,America/Indiana/Indianapolis,USD
UP-20260924-0096,2026-09-24T21:00:00+00:00,DEMO-ITEM-20260924-0096,GW-024,Goodwillfinds,DEMO-UPRIGHT-0007,Silver-tone necklace,Jewelry,1,69.87,3.99,4.89,6.98,0.00,69.87,upright_replica,true,one row per paid order,2026-09-24,America/Indiana/Indianapolis,USD
UP-20260924-0097,2026-09-24T18:00:00+00:00,DEMO-ITEM-20260924-0097,GW-001,Shopgoodwill,DEMO-UPRIGHT-0008,Vintage ceramic vase,Home,1,71.98,4.99,5.03,7.19,0.00,71.98,upright_replica,true,one row per paid order,2026-09-24,America/Indiana/Indianapolis,USD
UP-20260924-0098,2026-09-24T19:00:00+00:00,DEMO-ITEM-20260924-0098,GW-002,eBay,DEMO-UPRIGHT-0009,"Wool cardigan, size S",Apparel,1,74.09,5.99,5.18,7.40,0.00,74.09,upright_replica,true,one row per paid order,2026-09-24,America/Indiana/Indianapolis,USD
UP-20260924-0099,2026-09-24T20:00:00+00:00,DEMO-ITEM-20260924-0099,GW-003,Goodwillfinds,DEMO-UPRIGHT-0010,Framed landscape print,Art,1,76.20,6.99,5.33,7.62,0.00,76.20,upright_replica,true,one row per paid order,2026-09-24,America/Indiana/Indianapolis,USD
UP-20260924-0100,2026-09-24T21:00:00+00:00,DEMO-ITEM-20260924-0100,GW-004,Shopgoodwill,DEMO-UPRIGHT-0011,Silver-tone necklace,Jewelry,1,78.31,7.99,5.48,7.83,0.00,78.31,upright_replica,true,one row per paid order,2026-09-24,America/Indiana/Indianapolis,USD
UP-20260924-0101,2026-09-24T18:00:00+00:00,DEMO-ITEM-20260924-0101,GW-005,eBay,DEMO-UPRIGHT-0012,Vintage ceramic vase,Home,1,80.42,3.99,5.62,8.04,0.00,80.42,upright_replica,true,one row per paid order,2026-09-24,America/Indiana/Indianapolis,USD
UP-20260924-0102,2026-09-24T19:00:00+00:00,DEMO-ITEM-20260924-0102,GW-006,Goodwillfinds,DEMO-UPRIGHT-0013,"Wool cardigan, size S",Apparel,1,82.53,4.99,5.77,8.25,0.00,82.53,upright_replica,true,one row per paid order,2026-09-24,America/Indiana/Indianapolis,USD
UP-20260924-0103,2026-09-24T20:00:00+00:00,DEMO-ITEM-20260924-0103,GW-007,Shopgoodwill,DEMO-UPRIGHT-0014,Framed landscape print,Art,1,84.64,5.99,5.92,8.46,42.32,42.32,upright_replica,true,one row per paid order,2026-09-24,America/Indiana/Indianapolis,USD
UP-20260924-0104,2026-09-24T21:00:00+00:00,DEMO-ITEM-20260924-0104,GW-008,eBay,DEMO-UPRIGHT-0015,Silver-tone necklace,Jewelry,1,86.75,6.99,6.07,8.67,0.00,86.75,upright_replica,true,one row per paid order,2026-09-24,America/Indiana/Indianapolis,USD
UP-20260924-0105,2026-09-24T18:00:00+00:00,DEMO-ITEM-20260924-0105,GW-009,Goodwillfinds,DEMO-UPRIGHT-0016,Vintage ceramic vase,Home,1,88.86,7.99,6.22,8.88,0.00,88.86,upright_replica,true,one row per paid order,2026-09-24,America/Indiana/Indianapolis,USD
UP-20260924-0106,2026-09-24T19:00:00+00:00,DEMO-ITEM-20260924-0106,GW-010,Shopgoodwill,DEMO-UPRIGHT-0017,"Wool cardigan, size S",Apparel,1,90.97,3.99,6.36,9.09,0.00,90.97,upright_replica,true,one row per paid order,2026-09-24,America/Indiana/Indianapolis,USD
UP-20260924-0107,2026-09-24T20:00:00+00:00,DEMO-ITEM-20260924-0107,GW-011,eBay,DEMO-UPRIGHT-0018,Framed landscape print,Art,1,93.08,4.99,6.51,9.30,0.00,93.08,upright_replica,true,one row per paid order,2026-09-24,America/Indiana/Indianapolis,USD
UP-20260924-0108,2026-09-24T21:00:00+00:00,DEMO-ITEM-20260924-0108,GW-012,Goodwillfinds,DEMO-UPRIGHT-0019,Silver-tone necklace,Jewelry,1,95.19,5.99,6.66,9.51,0.00,95.19,upright_replica,true,one row per paid order,2026-09-24,America/Indiana/Indianapolis,USD
UP-20260924-0109,2026-09-24T18:00:00+00:00,DEMO-ITEM-20260924-0109,GW-013,Shopgoodwill,DEMO-UPRIGHT-0020,Vintage ceramic vase,Home,1,97.30,6.99,6.81,9.73,0.00,97.30,upright_replica,true,one row per paid order,2026-09-24,America/Indiana/Indianapolis,USD
UP-20260924-0110,2026-09-24T19:00:00+00:00,DEMO-ITEM-20260924-0110,GW-014,eBay,DEMO-UPRIGHT-0021,"Wool cardigan, size S",Apparel,1,99.41,7.99,6.95,9.94,0.00,99.41,upright_replica,true,one row per paid order,2026-09-24,America/Indiana/Indianapolis,USD
UP-20260924-0111,2026-09-24T20:00:00+00:00,DEMO-ITEM-20260924-0111,GW-015,Goodwillfinds,DEMO-UPRIGHT-0022,Framed landscape print,Art,1,16.52,3.99,1.15,1.65,0.00,16.52,upright_replica,true,one row per paid order,2026-09-24,America/Indiana/Indianapolis,USD
UP-20260924-0112,2026-09-24T21:00:00+00:00,DEMO-ITEM-20260924-0112,GW-016,Shopgoodwill,DEMO-UPRIGHT-0023,Silver-tone necklace,Jewelry,1,18.63,4.99,1.30,1.86,0.00,18.63,upright_replica,true,one row per paid order,2026-09-24,America/Indiana/Indianapolis,USD
UP-20260924-0113,2026-09-24T18:00:00+00:00,DEMO-ITEM-20260924-0113,GW-017,eBay,DEMO-UPRIGHT-0024,Vintage ceramic vase,Home,1,20.74,5.99,1.45,2.07,0.00,20.74,upright_replica,true,one row per paid order,2026-09-24,America/Indiana/Indianapolis,USD
UP-20260924-0114,2026-09-24T19:00:00+00:00,DEMO-ITEM-20260924-0114,GW-018,Goodwillfinds,DEMO-UPRIGHT-0025,"Wool cardigan, size S",Apparel,1,22.85,6.99,1.59,2.28,0.00,22.85,upright_replica,true,one row per paid order,2026-09-24,America/Indiana/Indianapolis,USD
UP-20260924-0115,2026-09-24T20:00:00+00:00,DEMO-ITEM-20260924-0115,GW-019,Shopgoodwill,DEMO-UPRIGHT-0026,Framed landscape print,Art,1,24.96,7.99,1.74,2.49,0.00,24.96,upright_replica,true,one row per paid order,2026-09-24,America/Indiana/Indianapolis,USD
UP-20260924-0116,2026-09-24T21:00:00+00:00,DEMO-ITEM-20260924-0116,GW-020,eBay,DEMO-UPRIGHT-0027,Silver-tone necklace,Jewelry,1,27.07,3.99,1.89,2.70,0.00,27.07,upright_replica,true,one row per paid order,2026-09-24,America/Indiana/Indianapolis,USD
UP-20260924-0117,2026-09-24T18:00:00+00:00,DEMO-ITEM-20260924-0117,GW-021,Goodwillfinds,DEMO-UPRIGHT-0028,Vintage ceramic vase,Home,1,29.18,4.99,2.04,2.91,0.00,29.18,upright_replica,true,one row per paid order,2026-09-24,America/Indiana/Indianapolis,USD
UP-20260924-0118,2026-09-24T19:00:00+00:00,DEMO-ITEM-20260924-0118,GW-022,Shopgoodwill,DEMO-UPRIGHT-0029,"Wool cardigan, size S",Apparel,1,31.29,5.99,2.19,3.12,0.00,31.29,upright_replica,true,one row per paid order,2026-09-24,America/Indiana/Indianapolis,USD
UP-20260924-0119,2026-09-24T20:00:00+00:00,DEMO-ITEM-20260924-0119,GW-023,eBay,DEMO-UPRIGHT-0030,Framed landscape print,Art,1,33.40,6.99,2.33,3.34,0.00,33.40,upright_replica,true,one row per paid order,2026-09-24,America/Indiana/Indianapolis,USD
UP-20260924-0120,2026-09-24T21:00:00+00:00,DEMO-ITEM-20260924-0120,GW-024,Goodwillfinds,DEMO-UPRIGHT-0031,Silver-tone necklace,Jewelry,1,35.51,7.99,2.48,3.55,17.75,17.76,upright_replica,true,one row per paid order,2026-09-24,America/Indiana/Indianapolis,USD
UP-20260924-0121,2026-09-24T18:00:00+00:00,DEMO-ITEM-20260924-0121,GW-001,Shopgoodwill,DEMO-UPRIGHT-0032,Vintage ceramic vase,Home,1,37.62,3.99,2.63,3.76,0.00,37.62,upright_replica,true,one row per paid order,2026-09-24,America/Indiana/Indianapolis,USD
UP-20260924-0122,2026-09-24T19:00:00+00:00,DEMO-ITEM-20260924-0122,GW-002,eBay,DEMO-UPRIGHT-0033,"Wool cardigan, size S",Apparel,1,39.73,4.99,2.78,3.97,0.00,39.73,upright_replica,true,one row per paid order,2026-09-24,America/Indiana/Indianapolis,USD
UP-20260924-0123,2026-09-24T20:00:00+00:00,DEMO-ITEM-20260924-0123,GW-003,Goodwillfinds,DEMO-UPRIGHT-0034,Framed landscape print,Art,1,41.84,5.99,2.92,4.18,0.00,41.84,upright_replica,true,one row per paid order,2026-09-24,America/Indiana/Indianapolis,USD
UP-20260924-0124,2026-09-24T21:00:00+00:00,DEMO-ITEM-20260924-0124,GW-004,Shopgoodwill,DEMO-UPRIGHT-0035,Silver-tone necklace,Jewelry,1,43.95,6.99,3.07,4.39,0.00,43.95,upright_replica,true,one row per paid order,2026-09-24,America/Indiana/Indianapolis,USD
UP-20260924-0125,2026-09-24T18:00:00+00:00,DEMO-ITEM-20260924-0125,GW-005,eBay,DEMO-UPRIGHT-0036,Vintage ceramic vase,Home,1,46.06,7.99,3.22,4.60,0.00,46.06,upright_replica,true,one row per paid order,2026-09-24,America/Indiana/Indianapolis,USD
UP-20260924-0126,2026-09-24T19:00:00+00:00,DEMO-ITEM-20260924-0126,GW-006,Goodwillfinds,DEMO-UPRIGHT-0037,"Wool cardigan, size S",Apparel,1,48.17,3.99,3.37,4.81,0.00,48.17,upright_replica,true,one row per paid order,2026-09-24,America/Indiana/Indianapolis,USD
UP-20260924-0127,2026-09-24T20:00:00+00:00,DEMO-ITEM-20260924-0127,GW-007,Shopgoodwill,DEMO-UPRIGHT-0038,Framed landscape print,Art,1,50.28,4.99,3.51,5.02,0.00,50.28,upright_replica,true,one row per paid order,2026-09-24,America/Indiana/Indianapolis,USD
UP-20260924-0128,2026-09-24T21:00:00+00:00,DEMO-ITEM-20260924-0128,GW-008,eBay,DEMO-UPRIGHT-0039,Silver-tone necklace,Jewelry,1,52.39,5.99,3.66,5.23,0.00,52.39,upright_replica,true,one row per paid order,2026-09-24,America/Indiana/Indianapolis,USD
UP-20260925-0001,2026-09-25T18:00:00+00:00,DEMO-ITEM-20260925-0001,GW-001,Shopgoodwill,DEMO-UPRIGHT-0001,Vintage ceramic vase,Home,1,40.79,3.99,2.85,4.07,20.39,20.40,upright_replica,true,one row per paid order,2026-09-25,America/Indiana/Indianapolis,USD
UP-20260925-0002,2026-09-25T19:00:00+00:00,DEMO-ITEM-20260925-0002,GW-002,eBay,DEMO-UPRIGHT-0002,"Wool cardigan, size S",Apparel,1,42.90,4.99,3.00,4.29,0.00,42.90,upright_replica,true,one row per paid order,2026-09-25,America/Indiana/Indianapolis,USD
UP-20260925-0003,2026-09-25T20:00:00+00:00,DEMO-ITEM-20260925-0003,GW-003,Goodwillfinds,DEMO-UPRIGHT-0003,Framed landscape print,Art,1,45.01,5.99,3.15,4.50,0.00,45.01,upright_replica,true,one row per paid order,2026-09-25,America/Indiana/Indianapolis,USD
UP-20260925-0004,2026-09-25T21:00:00+00:00,DEMO-ITEM-20260925-0004,GW-004,Shopgoodwill,DEMO-UPRIGHT-0004,Silver-tone necklace,Jewelry,1,47.12,6.99,3.29,4.71,0.00,47.12,upright_replica,true,one row per paid order,2026-09-25,America/Indiana/Indianapolis,USD
UP-20260925-0005,2026-09-25T18:00:00+00:00,DEMO-ITEM-20260925-0005,GW-005,eBay,DEMO-UPRIGHT-0005,Vintage ceramic vase,Home,1,49.23,7.99,3.44,4.92,0.00,49.23,upright_replica,true,one row per paid order,2026-09-25,America/Indiana/Indianapolis,USD
UP-20260925-0006,2026-09-25T19:00:00+00:00,DEMO-ITEM-20260925-0006,GW-006,Goodwillfinds,DEMO-UPRIGHT-0006,"Wool cardigan, size S",Apparel,1,51.34,3.99,3.59,5.13,0.00,51.34,upright_replica,true,one row per paid order,2026-09-25,America/Indiana/Indianapolis,USD
UP-20260925-0007,2026-09-25T20:00:00+00:00,DEMO-ITEM-20260925-0007,GW-007,Shopgoodwill,DEMO-UPRIGHT-0007,Framed landscape print,Art,1,53.45,4.99,3.74,5.34,0.00,53.45,upright_replica,true,one row per paid order,2026-09-25,America/Indiana/Indianapolis,USD
UP-20260925-0008,2026-09-25T21:00:00+00:00,DEMO-ITEM-20260925-0008,GW-008,eBay,DEMO-UPRIGHT-0008,Silver-tone necklace,Jewelry,1,55.56,5.99,3.88,5.55,0.00,55.56,upright_replica,true,one row per paid order,2026-09-25,America/Indiana/Indianapolis,USD
UP-20260925-0009,2026-09-25T18:00:00+00:00,DEMO-ITEM-20260925-0009,GW-009,Goodwillfinds,DEMO-UPRIGHT-0009,Vintage ceramic vase,Home,1,57.67,6.99,4.03,5.76,0.00,57.67,upright_replica,true,one row per paid order,2026-09-25,America/Indiana/Indianapolis,USD
UP-20260925-0010,2026-09-25T19:00:00+00:00,DEMO-ITEM-20260925-0010,GW-010,Shopgoodwill,DEMO-UPRIGHT-0010,"Wool cardigan, size S",Apparel,1,59.78,7.99,4.18,5.97,0.00,59.78,upright_replica,true,one row per paid order,2026-09-25,America/Indiana/Indianapolis,USD
UP-20260925-0011,2026-09-25T20:00:00+00:00,DEMO-ITEM-20260925-0011,GW-011,eBay,DEMO-UPRIGHT-0011,Framed landscape print,Art,1,61.89,3.99,4.33,6.18,0.00,61.89,upright_replica,true,one row per paid order,2026-09-25,America/Indiana/Indianapolis,USD
UP-20260925-0012,2026-09-25T21:00:00+00:00,DEMO-ITEM-20260925-0012,GW-012,Goodwillfinds,DEMO-UPRIGHT-0012,Silver-tone necklace,Jewelry,1,64.00,4.99,4.48,6.40,0.00,64.00,upright_replica,true,one row per paid order,2026-09-25,America/Indiana/Indianapolis,USD
UP-20260925-0013,2026-09-25T18:00:00+00:00,DEMO-ITEM-20260925-0013,GW-013,Shopgoodwill,DEMO-UPRIGHT-0013,Vintage ceramic vase,Home,1,66.11,5.99,4.62,6.61,0.00,66.11,upright_replica,true,one row per paid order,2026-09-25,America/Indiana/Indianapolis,USD
UP-20260925-0014,2026-09-25T19:00:00+00:00,DEMO-ITEM-20260925-0014,GW-014,eBay,DEMO-UPRIGHT-0014,"Wool cardigan, size S",Apparel,1,68.22,6.99,4.77,6.82,0.00,68.22,upright_replica,true,one row per paid order,2026-09-25,America/Indiana/Indianapolis,USD
UP-20260925-0015,2026-09-25T20:00:00+00:00,DEMO-ITEM-20260925-0015,GW-015,Goodwillfinds,DEMO-UPRIGHT-0015,Framed landscape print,Art,1,70.33,7.99,4.92,7.03,0.00,70.33,upright_replica,true,one row per paid order,2026-09-25,America/Indiana/Indianapolis,USD
UP-20260925-0016,2026-09-25T21:00:00+00:00,DEMO-ITEM-20260925-0016,GW-016,Shopgoodwill,DEMO-UPRIGHT-0016,Silver-tone necklace,Jewelry,1,72.44,3.99,5.07,7.24,0.00,72.44,upright_replica,true,one row per paid order,2026-09-25,America/Indiana/Indianapolis,USD
UP-20260925-0017,2026-09-25T18:00:00+00:00,DEMO-ITEM-20260925-0017,GW-017,eBay,DEMO-UPRIGHT-0017,Vintage ceramic vase,Home,1,74.55,4.99,5.21,7.45,0.00,74.55,upright_replica,true,one row per paid order,2026-09-25,America/Indiana/Indianapolis,USD
UP-20260925-0018,2026-09-25T19:00:00+00:00,DEMO-ITEM-20260925-0018,GW-018,Goodwillfinds,DEMO-UPRIGHT-0018,"Wool cardigan, size S",Apparel,1,76.66,5.99,5.36,7.66,38.33,38.33,upright_replica,true,one row per paid order,2026-09-25,America/Indiana/Indianapolis,USD
UP-20260925-0019,2026-09-25T20:00:00+00:00,DEMO-ITEM-20260925-0019,GW-019,Shopgoodwill,DEMO-UPRIGHT-0019,Framed landscape print,Art,1,78.77,6.99,5.51,7.87,0.00,78.77,upright_replica,true,one row per paid order,2026-09-25,America/Indiana/Indianapolis,USD
UP-20260925-0020,2026-09-25T21:00:00+00:00,DEMO-ITEM-20260925-0020,GW-020,eBay,DEMO-UPRIGHT-0020,Silver-tone necklace,Jewelry,1,80.88,7.99,5.66,8.08,0.00,80.88,upright_replica,true,one row per paid order,2026-09-25,America/Indiana/Indianapolis,USD
UP-20260925-0021,2026-09-25T18:00:00+00:00,DEMO-ITEM-20260925-0021,GW-021,Goodwillfinds,DEMO-UPRIGHT-0021,Vintage ceramic vase,Home,1,82.99,3.99,5.80,8.29,0.00,82.99,upright_replica,true,one row per paid order,2026-09-25,America/Indiana/Indianapolis,USD
UP-20260925-0022,2026-09-25T19:00:00+00:00,DEMO-ITEM-20260925-0022,GW-022,Shopgoodwill,DEMO-UPRIGHT-0022,"Wool cardigan, size S",Apparel,1,85.10,4.99,5.95,8.51,0.00,85.10,upright_replica,true,one row per paid order,2026-09-25,America/Indiana/Indianapolis,USD
UP-20260925-0023,2026-09-25T20:00:00+00:00,DEMO-ITEM-20260925-0023,GW-023,eBay,DEMO-UPRIGHT-0023,Framed landscape print,Art,1,87.21,5.99,6.10,8.72,0.00,87.21,upright_replica,true,one row per paid order,2026-09-25,America/Indiana/Indianapolis,USD
UP-20260925-0024,2026-09-25T21:00:00+00:00,DEMO-ITEM-20260925-0024,GW-024,Goodwillfinds,DEMO-UPRIGHT-0024,Silver-tone necklace,Jewelry,1,89.32,6.99,6.25,8.93,0.00,89.32,upright_replica,true,one row per paid order,2026-09-25,America/Indiana/Indianapolis,USD
UP-20260925-0025,2026-09-25T18:00:00+00:00,DEMO-ITEM-20260925-0025,GW-001,Shopgoodwill,DEMO-UPRIGHT-0025,Vintage ceramic vase,Home,1,91.43,7.99,6.40,9.14,0.00,91.43,upright_replica,true,one row per paid order,2026-09-25,America/Indiana/Indianapolis,USD
UP-20260925-0026,2026-09-25T19:00:00+00:00,DEMO-ITEM-20260925-0026,GW-002,eBay,DEMO-UPRIGHT-0026,"Wool cardigan, size S",Apparel,1,93.54,3.99,6.54,9.35,0.00,93.54,upright_replica,true,one row per paid order,2026-09-25,America/Indiana/Indianapolis,USD
UP-20260925-0027,2026-09-25T20:00:00+00:00,DEMO-ITEM-20260925-0027,GW-003,Goodwillfinds,DEMO-UPRIGHT-0027,Framed landscape print,Art,1,95.65,4.99,6.69,9.56,0.00,95.65,upright_replica,true,one row per paid order,2026-09-25,America/Indiana/Indianapolis,USD
UP-20260925-0028,2026-09-25T21:00:00+00:00,DEMO-ITEM-20260925-0028,GW-004,Shopgoodwill,DEMO-UPRIGHT-0028,Silver-tone necklace,Jewelry,1,97.76,5.99,6.84,9.77,0.00,97.76,upright_replica,true,one row per paid order,2026-09-25,America/Indiana/Indianapolis,USD
UP-20260925-0029,2026-09-25T18:00:00+00:00,DEMO-ITEM-20260925-0029,GW-005,eBay,DEMO-UPRIGHT-0029,Vintage ceramic vase,Home,1,99.87,6.99,6.99,9.98,0.00,99.87,upright_replica,true,one row per paid order,2026-09-25,America/Indiana/Indianapolis,USD
UP-20260925-0030,2026-09-25T19:00:00+00:00,DEMO-ITEM-20260925-0030,GW-006,Goodwillfinds,DEMO-UPRIGHT-0030,"Wool cardigan, size S",Apparel,1,16.98,7.99,1.18,1.69,0.00,16.98,upright_replica,true,one row per paid order,2026-09-25,America/Indiana/Indianapolis,USD
UP-20260925-0031,2026-09-25T20:00:00+00:00,DEMO-ITEM-20260925-0031,GW-007,Shopgoodwill,DEMO-UPRIGHT-0031,Framed landscape print,Art,1,19.09,3.99,1.33,1.90,0.00,19.09,upright_replica,true,one row per paid order,2026-09-25,America/Indiana/Indianapolis,USD
UP-20260925-0032,2026-09-25T21:00:00+00:00,DEMO-ITEM-20260925-0032,GW-008,eBay,DEMO-UPRIGHT-0032,Silver-tone necklace,Jewelry,1,21.20,4.99,1.48,2.12,0.00,21.20,upright_replica,true,one row per paid order,2026-09-25,America/Indiana/Indianapolis,USD
UP-20260925-0033,2026-09-25T18:00:00+00:00,DEMO-ITEM-20260925-0033,GW-009,Goodwillfinds,DEMO-UPRIGHT-0033,Vintage ceramic vase,Home,1,23.31,5.99,1.63,2.33,0.00,23.31,upright_replica,true,one row per paid order,2026-09-25,America/Indiana/Indianapolis,USD
UP-20260925-0034,2026-09-25T19:00:00+00:00,DEMO-ITEM-20260925-0034,GW-010,Shopgoodwill,DEMO-UPRIGHT-0034,"Wool cardigan, size S",Apparel,1,25.42,6.99,1.77,2.54,0.00,25.42,upright_replica,true,one row per paid order,2026-09-25,America/Indiana/Indianapolis,USD
UP-20260925-0035,2026-09-25T20:00:00+00:00,DEMO-ITEM-20260925-0035,GW-011,eBay,DEMO-UPRIGHT-0035,Framed landscape print,Art,1,27.53,7.99,1.92,2.75,13.76,13.77,upright_replica,true,one row per paid order,2026-09-25,America/Indiana/Indianapolis,USD
UP-20260925-0036,2026-09-25T21:00:00+00:00,DEMO-ITEM-20260925-0036,GW-012,Goodwillfinds,DEMO-UPRIGHT-0036,Silver-tone necklace,Jewelry,1,29.64,3.99,2.07,2.96,0.00,29.64,upright_replica,true,one row per paid order,2026-09-25,America/Indiana/Indianapolis,USD
UP-20260925-0037,2026-09-25T18:00:00+00:00,DEMO-ITEM-20260925-0037,GW-013,Shopgoodwill,DEMO-UPRIGHT-0037,Vintage ceramic vase,Home,1,31.75,4.99,2.22,3.17,0.00,31.75,upright_replica,true,one row per paid order,2026-09-25,America/Indiana/Indianapolis,USD
UP-20260925-0038,2026-09-25T19:00:00+00:00,DEMO-ITEM-20260925-0038,GW-014,eBay,DEMO-UPRIGHT-0038,"Wool cardigan, size S",Apparel,1,33.86,5.99,2.37,3.38,0.00,33.86,upright_replica,true,one row per paid order,2026-09-25,America/Indiana/Indianapolis,USD
UP-20260925-0039,2026-09-25T20:00:00+00:00,DEMO-ITEM-20260925-0039,GW-015,Goodwillfinds,DEMO-UPRIGHT-0039,Framed landscape print,Art,1,35.97,6.99,2.51,3.59,0.00,35.97,upright_replica,true,one row per paid order,2026-09-25,America/Indiana/Indianapolis,USD
UP-20260925-0040,2026-09-25T21:00:00+00:00,DEMO-ITEM-20260925-0040,GW-016,Shopgoodwill,DEMO-UPRIGHT-0040,Silver-tone necklace,Jewelry,1,38.08,7.99,2.66,3.80,0.00,38.08,upright_replica,true,one row per paid order,2026-09-25,America/Indiana/Indianapolis,USD
UP-20260925-0041,2026-09-25T18:00:00+00:00,DEMO-ITEM-20260925-0041,GW-017,eBay,DEMO-UPRIGHT-0041,Vintage ceramic vase,Home,1,40.19,3.99,2.81,4.01,0.00,40.19,upright_replica,true,one row per paid order,2026-09-25,America/Indiana/Indianapolis,USD
UP-20260925-0042,2026-09-25T19:00:00+00:00,DEMO-ITEM-20260925-0042,GW-018,Goodwillfinds,DEMO-UPRIGHT-0042,"Wool cardigan, size S",Apparel,1,42.30,4.99,2.96,4.23,0.00,42.30,upright_replica,true,one row per paid order,2026-09-25,America/Indiana/Indianapolis,USD
UP-20260925-0043,2026-09-25T20:00:00+00:00,DEMO-ITEM-20260925-0043,GW-019,Shopgoodwill,DEMO-UPRIGHT-0043,Framed landscape print,Art,1,44.41,5.99,3.10,4.44,0.00,44.41,upright_replica,true,one row per paid order,2026-09-25,America/Indiana/Indianapolis,USD
UP-20260925-0044,2026-09-25T21:00:00+00:00,DEMO-ITEM-20260925-0044,GW-020,eBay,DEMO-UPRIGHT-0044,Silver-tone necklace,Jewelry,1,46.52,6.99,3.25,4.65,0.00,46.52,upright_replica,true,one row per paid order,2026-09-25,America/Indiana/Indianapolis,USD
UP-20260925-0045,2026-09-25T18:00:00+00:00,DEMO-ITEM-20260925-0045,GW-021,Goodwillfinds,DEMO-UPRIGHT-0045,Vintage ceramic vase,Home,1,48.63,7.99,3.40,4.86,0.00,48.63,upright_replica,true,one row per paid order,2026-09-25,America/Indiana/Indianapolis,USD
UP-20260925-0046,2026-09-25T19:00:00+00:00,DEMO-ITEM-20260925-0046,GW-022,Shopgoodwill,DEMO-UPRIGHT-0046,"Wool cardigan, size S",Apparel,1,50.74,3.99,3.55,5.07,0.00,50.74,upright_replica,true,one row per paid order,2026-09-25,America/Indiana/Indianapolis,USD
UP-20260925-0047,2026-09-25T20:00:00+00:00,DEMO-ITEM-20260925-0047,GW-023,eBay,DEMO-UPRIGHT-0047,Framed landscape print,Art,1,52.85,4.99,3.69,5.28,0.00,52.85,upright_replica,true,one row per paid order,2026-09-25,America/Indiana/Indianapolis,USD
UP-20260925-0048,2026-09-25T21:00:00+00:00,DEMO-ITEM-20260925-0048,GW-024,Goodwillfinds,DEMO-UPRIGHT-0048,Silver-tone necklace,Jewelry,1,54.96,5.99,3.84,5.49,0.00,54.96,upright_replica,true,one row per paid order,2026-09-25,America/Indiana/Indianapolis,USD
UP-20260925-0049,2026-09-25T18:00:00+00:00,DEMO-ITEM-20260925-0049,GW-001,Shopgoodwill,DEMO-UPRIGHT-0049,Vintage ceramic vase,Home,1,57.07,6.99,3.99,5.70,0.00,57.07,upright_replica,true,one row per paid order,2026-09-25,America/Indiana/Indianapolis,USD
UP-20260925-0050,2026-09-25T19:00:00+00:00,DEMO-ITEM-20260925-0050,GW-002,eBay,DEMO-UPRIGHT-0050,"Wool cardigan, size S",Apparel,1,59.18,7.99,4.14,5.91,0.00,59.18,upright_replica,true,one row per paid order,2026-09-25,America/Indiana/Indianapolis,USD
UP-20260925-0051,2026-09-25T20:00:00+00:00,DEMO-ITEM-20260925-0051,GW-003,Goodwillfinds,DEMO-UPRIGHT-0051,Framed landscape print,Art,1,61.29,3.99,4.29,6.12,0.00,61.29,upright_replica,true,one row per paid order,2026-09-25,America/Indiana/Indianapolis,USD
UP-20260925-0052,2026-09-25T21:00:00+00:00,DEMO-ITEM-20260925-0052,GW-004,Shopgoodwill,DEMO-UPRIGHT-0052,Silver-tone necklace,Jewelry,1,63.40,4.99,4.43,6.34,31.70,31.70,upright_replica,true,one row per paid order,2026-09-25,America/Indiana/Indianapolis,USD
UP-20260925-0053,2026-09-25T18:00:00+00:00,DEMO-ITEM-20260925-0053,GW-005,eBay,DEMO-UPRIGHT-0053,Vintage ceramic vase,Home,1,65.51,5.99,4.58,6.55,0.00,65.51,upright_replica,true,one row per paid order,2026-09-25,America/Indiana/Indianapolis,USD
UP-20260925-0054,2026-09-25T19:00:00+00:00,DEMO-ITEM-20260925-0054,GW-006,Goodwillfinds,DEMO-UPRIGHT-0054,"Wool cardigan, size S",Apparel,1,67.62,6.99,4.73,6.76,0.00,67.62,upright_replica,true,one row per paid order,2026-09-25,America/Indiana/Indianapolis,USD
UP-20260925-0055,2026-09-25T20:00:00+00:00,DEMO-ITEM-20260925-0055,GW-007,Shopgoodwill,DEMO-UPRIGHT-0055,Framed landscape print,Art,1,69.73,7.99,4.88,6.97,0.00,69.73,upright_replica,true,one row per paid order,2026-09-25,America/Indiana/Indianapolis,USD
UP-20260925-0056,2026-09-25T21:00:00+00:00,DEMO-ITEM-20260925-0056,GW-008,eBay,DEMO-UPRIGHT-0056,Silver-tone necklace,Jewelry,1,71.84,3.99,5.02,7.18,0.00,71.84,upright_replica,true,one row per paid order,2026-09-25,America/Indiana/Indianapolis,USD
UP-20260925-0057,2026-09-25T18:00:00+00:00,DEMO-ITEM-20260925-0057,GW-009,Goodwillfinds,DEMO-UPRIGHT-0057,Vintage ceramic vase,Home,1,73.95,4.99,5.17,7.39,0.00,73.95,upright_replica,true,one row per paid order,2026-09-25,America/Indiana/Indianapolis,USD
UP-20260925-0058,2026-09-25T19:00:00+00:00,DEMO-ITEM-20260925-0058,GW-010,Shopgoodwill,DEMO-UPRIGHT-0058,"Wool cardigan, size S",Apparel,1,76.06,5.99,5.32,7.60,0.00,76.06,upright_replica,true,one row per paid order,2026-09-25,America/Indiana/Indianapolis,USD
UP-20260925-0059,2026-09-25T20:00:00+00:00,DEMO-ITEM-20260925-0059,GW-011,eBay,DEMO-UPRIGHT-0059,Framed landscape print,Art,1,78.17,6.99,5.47,7.81,0.00,78.17,upright_replica,true,one row per paid order,2026-09-25,America/Indiana/Indianapolis,USD
UP-20260925-0060,2026-09-25T21:00:00+00:00,DEMO-ITEM-20260925-0060,GW-012,Goodwillfinds,DEMO-UPRIGHT-0060,Silver-tone necklace,Jewelry,1,80.28,7.99,5.61,8.02,0.00,80.28,upright_replica,true,one row per paid order,2026-09-25,America/Indiana/Indianapolis,USD
UP-20260925-0061,2026-09-25T18:00:00+00:00,DEMO-ITEM-20260925-0061,GW-013,Shopgoodwill,DEMO-UPRIGHT-0061,Vintage ceramic vase,Home,1,82.39,3.99,5.76,8.23,0.00,82.39,upright_replica,true,one row per paid order,2026-09-25,America/Indiana/Indianapolis,USD
UP-20260925-0062,2026-09-25T19:00:00+00:00,DEMO-ITEM-20260925-0062,GW-014,eBay,DEMO-UPRIGHT-0062,"Wool cardigan, size S",Apparel,1,84.50,4.99,5.91,8.45,0.00,84.50,upright_replica,true,one row per paid order,2026-09-25,America/Indiana/Indianapolis,USD
UP-20260925-0063,2026-09-25T20:00:00+00:00,DEMO-ITEM-20260925-0063,GW-015,Goodwillfinds,DEMO-UPRIGHT-0063,Framed landscape print,Art,1,86.61,5.99,6.06,8.66,0.00,86.61,upright_replica,true,one row per paid order,2026-09-25,America/Indiana/Indianapolis,USD
UP-20260925-0064,2026-09-25T21:00:00+00:00,DEMO-ITEM-20260925-0064,GW-016,Shopgoodwill,DEMO-UPRIGHT-0064,Silver-tone necklace,Jewelry,1,88.72,6.99,6.21,8.87,0.00,88.72,upright_replica,true,one row per paid order,2026-09-25,America/Indiana/Indianapolis,USD
UP-20260925-0065,2026-09-25T18:00:00+00:00,DEMO-ITEM-20260925-0065,GW-017,eBay,DEMO-UPRIGHT-0065,Vintage ceramic vase,Home,1,90.83,7.99,6.35,9.08,0.00,90.83,upright_replica,true,one row per paid order,2026-09-25,America/Indiana/Indianapolis,USD
UP-20260925-0066,2026-09-25T19:00:00+00:00,DEMO-ITEM-20260925-0066,GW-018,Goodwillfinds,DEMO-UPRIGHT-0066,"Wool cardigan, size S",Apparel,1,92.94,3.99,6.50,9.29,0.00,92.94,upright_replica,true,one row per paid order,2026-09-25,America/Indiana/Indianapolis,USD
UP-20260925-0067,2026-09-25T20:00:00+00:00,DEMO-ITEM-20260925-0067,GW-019,Shopgoodwill,DEMO-UPRIGHT-0067,Framed landscape print,Art,1,95.05,4.99,6.65,9.50,0.00,95.05,upright_replica,true,one row per paid order,2026-09-25,America/Indiana/Indianapolis,USD
UP-20260925-0068,2026-09-25T21:00:00+00:00,DEMO-ITEM-20260925-0068,GW-020,eBay,DEMO-UPRIGHT-0068,Silver-tone necklace,Jewelry,1,97.16,5.99,6.80,9.71,0.00,97.16,upright_replica,true,one row per paid order,2026-09-25,America/Indiana/Indianapolis,USD
UP-20260925-0069,2026-09-25T18:00:00+00:00,DEMO-ITEM-20260925-0069,GW-021,Goodwillfinds,DEMO-UPRIGHT-0069,Vintage ceramic vase,Home,1,99.27,6.99,6.94,9.92,49.63,49.64,upright_replica,true,one row per paid order,2026-09-25,America/Indiana/Indianapolis,USD
UP-20260925-0070,2026-09-25T19:00:00+00:00,DEMO-ITEM-20260925-0070,GW-022,Shopgoodwill,DEMO-UPRIGHT-0070,"Wool cardigan, size S",Apparel,1,16.38,7.99,1.14,1.63,0.00,16.38,upright_replica,true,one row per paid order,2026-09-25,America/Indiana/Indianapolis,USD
UP-20260925-0071,2026-09-25T20:00:00+00:00,DEMO-ITEM-20260925-0071,GW-023,eBay,DEMO-UPRIGHT-0071,Framed landscape print,Art,1,18.49,3.99,1.29,1.84,0.00,18.49,upright_replica,true,one row per paid order,2026-09-25,America/Indiana/Indianapolis,USD
UP-20260925-0072,2026-09-25T21:00:00+00:00,DEMO-ITEM-20260925-0072,GW-024,Goodwillfinds,DEMO-UPRIGHT-0072,Silver-tone necklace,Jewelry,1,20.60,4.99,1.44,2.06,0.00,20.60,upright_replica,true,one row per paid order,2026-09-25,America/Indiana/Indianapolis,USD
UP-20260925-0073,2026-09-25T18:00:00+00:00,DEMO-ITEM-20260925-0073,GW-001,Shopgoodwill,DEMO-UPRIGHT-0073,Vintage ceramic vase,Home,1,22.71,5.99,1.58,2.27,0.00,22.71,upright_replica,true,one row per paid order,2026-09-25,America/Indiana/Indianapolis,USD
UP-20260925-0074,2026-09-25T19:00:00+00:00,DEMO-ITEM-20260925-0074,GW-002,eBay,DEMO-UPRIGHT-0074,"Wool cardigan, size S",Apparel,1,24.82,6.99,1.73,2.48,0.00,24.82,upright_replica,true,one row per paid order,2026-09-25,America/Indiana/Indianapolis,USD
UP-20260925-0075,2026-09-25T20:00:00+00:00,DEMO-ITEM-20260925-0075,GW-003,Goodwillfinds,DEMO-UPRIGHT-0075,Framed landscape print,Art,1,26.93,7.99,1.88,2.69,0.00,26.93,upright_replica,true,one row per paid order,2026-09-25,America/Indiana/Indianapolis,USD
UP-20260925-0076,2026-09-25T21:00:00+00:00,DEMO-ITEM-20260925-0076,GW-004,Shopgoodwill,DEMO-UPRIGHT-0076,Silver-tone necklace,Jewelry,1,29.04,3.99,2.03,2.90,0.00,29.04,upright_replica,true,one row per paid order,2026-09-25,America/Indiana/Indianapolis,USD
UP-20260925-0077,2026-09-25T18:00:00+00:00,DEMO-ITEM-20260925-0077,GW-005,eBay,DEMO-UPRIGHT-0077,Vintage ceramic vase,Home,1,31.15,4.99,2.18,3.11,0.00,31.15,upright_replica,true,one row per paid order,2026-09-25,America/Indiana/Indianapolis,USD
UP-20260925-0078,2026-09-25T19:00:00+00:00,DEMO-ITEM-20260925-0078,GW-006,Goodwillfinds,DEMO-UPRIGHT-0078,"Wool cardigan, size S",Apparel,1,33.26,5.99,2.32,3.32,0.00,33.26,upright_replica,true,one row per paid order,2026-09-25,America/Indiana/Indianapolis,USD
UP-20260925-0079,2026-09-25T20:00:00+00:00,DEMO-ITEM-20260925-0079,GW-007,Shopgoodwill,DEMO-UPRIGHT-0079,Framed landscape print,Art,1,35.37,6.99,2.47,3.53,0.00,35.37,upright_replica,true,one row per paid order,2026-09-25,America/Indiana/Indianapolis,USD
UP-20260925-0080,2026-09-25T21:00:00+00:00,DEMO-ITEM-20260925-0080,GW-008,eBay,DEMO-UPRIGHT-0080,Silver-tone necklace,Jewelry,1,37.48,7.99,2.62,3.74,0.00,37.48,upright_replica,true,one row per paid order,2026-09-25,America/Indiana/Indianapolis,USD
UP-20260925-0081,2026-09-25T18:00:00+00:00,DEMO-ITEM-20260925-0081,GW-009,Goodwillfinds,DEMO-UPRIGHT-0081,Vintage ceramic vase,Home,1,39.59,3.99,2.77,3.95,0.00,39.59,upright_replica,true,one row per paid order,2026-09-25,America/Indiana/Indianapolis,USD
UP-20260925-0082,2026-09-25T19:00:00+00:00,DEMO-ITEM-20260925-0082,GW-010,Shopgoodwill,DEMO-UPRIGHT-0082,"Wool cardigan, size S",Apparel,1,41.70,4.99,2.91,4.17,0.00,41.70,upright_replica,true,one row per paid order,2026-09-25,America/Indiana/Indianapolis,USD
UP-20260925-0083,2026-09-25T20:00:00+00:00,DEMO-ITEM-20260925-0083,GW-011,eBay,DEMO-UPRIGHT-0083,Framed landscape print,Art,1,43.81,5.99,3.06,4.38,0.00,43.81,upright_replica,true,one row per paid order,2026-09-25,America/Indiana/Indianapolis,USD
UP-20260925-0084,2026-09-25T21:00:00+00:00,DEMO-ITEM-20260925-0084,GW-012,Goodwillfinds,DEMO-UPRIGHT-0084,Silver-tone necklace,Jewelry,1,45.92,6.99,3.21,4.59,0.00,45.92,upright_replica,true,one row per paid order,2026-09-25,America/Indiana/Indianapolis,USD
UP-20260925-0085,2026-09-25T18:00:00+00:00,DEMO-ITEM-20260925-0085,GW-013,Shopgoodwill,DEMO-UPRIGHT-0085,Vintage ceramic vase,Home,1,48.03,7.99,3.36,4.80,0.00,48.03,upright_replica,true,one row per paid order,2026-09-25,America/Indiana/Indianapolis,USD
UP-20260925-0086,2026-09-25T19:00:00+00:00,DEMO-ITEM-20260925-0086,GW-014,eBay,DEMO-UPRIGHT-0086,"Wool cardigan, size S",Apparel,1,50.14,3.99,3.50,5.01,25.07,25.07,upright_replica,true,one row per paid order,2026-09-25,America/Indiana/Indianapolis,USD
UP-20260925-0087,2026-09-25T20:00:00+00:00,DEMO-ITEM-20260925-0087,GW-015,Goodwillfinds,DEMO-UPRIGHT-0087,Framed landscape print,Art,1,52.25,4.99,3.65,5.22,0.00,52.25,upright_replica,true,one row per paid order,2026-09-25,America/Indiana/Indianapolis,USD
UP-20260925-0088,2026-09-25T21:00:00+00:00,DEMO-ITEM-20260925-0088,GW-016,Shopgoodwill,DEMO-UPRIGHT-0088,Silver-tone necklace,Jewelry,1,54.36,5.99,3.80,5.43,0.00,54.36,upright_replica,true,one row per paid order,2026-09-25,America/Indiana/Indianapolis,USD
UP-20260925-0089,2026-09-25T18:00:00+00:00,DEMO-ITEM-20260925-0089,GW-017,eBay,DEMO-UPRIGHT-0089,Vintage ceramic vase,Home,1,56.47,6.99,3.95,5.64,0.00,56.47,upright_replica,true,one row per paid order,2026-09-25,America/Indiana/Indianapolis,USD
UP-20260925-0090,2026-09-25T19:00:00+00:00,DEMO-ITEM-20260925-0090,GW-018,Goodwillfinds,DEMO-UPRIGHT-0001,"Wool cardigan, size S",Apparel,1,58.58,7.99,4.10,5.85,0.00,58.58,upright_replica,true,one row per paid order,2026-09-25,America/Indiana/Indianapolis,USD
UP-20260925-0091,2026-09-25T20:00:00+00:00,DEMO-ITEM-20260925-0091,GW-019,Shopgoodwill,DEMO-UPRIGHT-0002,Framed landscape print,Art,1,60.69,3.99,4.24,6.06,0.00,60.69,upright_replica,true,one row per paid order,2026-09-25,America/Indiana/Indianapolis,USD
UP-20260925-0092,2026-09-25T21:00:00+00:00,DEMO-ITEM-20260925-0092,GW-020,eBay,DEMO-UPRIGHT-0003,Silver-tone necklace,Jewelry,1,62.80,4.99,4.39,6.28,0.00,62.80,upright_replica,true,one row per paid order,2026-09-25,America/Indiana/Indianapolis,USD
UP-20260925-0093,2026-09-25T18:00:00+00:00,DEMO-ITEM-20260925-0093,GW-021,Goodwillfinds,DEMO-UPRIGHT-0004,Vintage ceramic vase,Home,1,64.91,5.99,4.54,6.49,0.00,64.91,upright_replica,true,one row per paid order,2026-09-25,America/Indiana/Indianapolis,USD
UP-20260925-0094,2026-09-25T19:00:00+00:00,DEMO-ITEM-20260925-0094,GW-022,Shopgoodwill,DEMO-UPRIGHT-0005,"Wool cardigan, size S",Apparel,1,67.02,6.99,4.69,6.70,0.00,67.02,upright_replica,true,one row per paid order,2026-09-25,America/Indiana/Indianapolis,USD
UP-20260925-0095,2026-09-25T20:00:00+00:00,DEMO-ITEM-20260925-0095,GW-023,eBay,DEMO-UPRIGHT-0006,Framed landscape print,Art,1,69.13,7.99,4.83,6.91,0.00,69.13,upright_replica,true,one row per paid order,2026-09-25,America/Indiana/Indianapolis,USD
UP-20260925-0096,2026-09-25T21:00:00+00:00,DEMO-ITEM-20260925-0096,GW-024,Goodwillfinds,DEMO-UPRIGHT-0007,Silver-tone necklace,Jewelry,1,71.24,3.99,4.98,7.12,0.00,71.24,upright_replica,true,one row per paid order,2026-09-25,America/Indiana/Indianapolis,USD
UP-20260925-0097,2026-09-25T18:00:00+00:00,DEMO-ITEM-20260925-0097,GW-001,Shopgoodwill,DEMO-UPRIGHT-0008,Vintage ceramic vase,Home,1,73.35,4.99,5.13,7.33,0.00,73.35,upright_replica,true,one row per paid order,2026-09-25,America/Indiana/Indianapolis,USD
UP-20260925-0098,2026-09-25T19:00:00+00:00,DEMO-ITEM-20260925-0098,GW-002,eBay,DEMO-UPRIGHT-0009,"Wool cardigan, size S",Apparel,1,75.46,5.99,5.28,7.54,0.00,75.46,upright_replica,true,one row per paid order,2026-09-25,America/Indiana/Indianapolis,USD
UP-20260925-0099,2026-09-25T20:00:00+00:00,DEMO-ITEM-20260925-0099,GW-003,Goodwillfinds,DEMO-UPRIGHT-0010,Framed landscape print,Art,1,77.57,6.99,5.42,7.75,0.00,77.57,upright_replica,true,one row per paid order,2026-09-25,America/Indiana/Indianapolis,USD
UP-20260925-0100,2026-09-25T21:00:00+00:00,DEMO-ITEM-20260925-0100,GW-004,Shopgoodwill,DEMO-UPRIGHT-0011,Silver-tone necklace,Jewelry,1,79.68,7.99,5.57,7.96,0.00,79.68,upright_replica,true,one row per paid order,2026-09-25,America/Indiana/Indianapolis,USD
UP-20260925-0101,2026-09-25T18:00:00+00:00,DEMO-ITEM-20260925-0101,GW-005,eBay,DEMO-UPRIGHT-0012,Vintage ceramic vase,Home,1,81.79,3.99,5.72,8.17,0.00,81.79,upright_replica,true,one row per paid order,2026-09-25,America/Indiana/Indianapolis,USD
UP-20260925-0102,2026-09-25T19:00:00+00:00,DEMO-ITEM-20260925-0102,GW-006,Goodwillfinds,DEMO-UPRIGHT-0013,"Wool cardigan, size S",Apparel,1,83.90,4.99,5.87,8.39,0.00,83.90,upright_replica,true,one row per paid order,2026-09-25,America/Indiana/Indianapolis,USD
UP-20260925-0103,2026-09-25T20:00:00+00:00,DEMO-ITEM-20260925-0103,GW-007,Shopgoodwill,DEMO-UPRIGHT-0014,Framed landscape print,Art,1,86.01,5.99,6.02,8.60,43.00,43.01,upright_replica,true,one row per paid order,2026-09-25,America/Indiana/Indianapolis,USD
UP-20260925-0104,2026-09-25T21:00:00+00:00,DEMO-ITEM-20260925-0104,GW-008,eBay,DEMO-UPRIGHT-0015,Silver-tone necklace,Jewelry,1,88.12,6.99,6.16,8.81,0.00,88.12,upright_replica,true,one row per paid order,2026-09-25,America/Indiana/Indianapolis,USD
UP-20260925-0105,2026-09-25T18:00:00+00:00,DEMO-ITEM-20260925-0105,GW-009,Goodwillfinds,DEMO-UPRIGHT-0016,Vintage ceramic vase,Home,1,90.23,7.99,6.31,9.02,0.00,90.23,upright_replica,true,one row per paid order,2026-09-25,America/Indiana/Indianapolis,USD
UP-20260925-0106,2026-09-25T19:00:00+00:00,DEMO-ITEM-20260925-0106,GW-010,Shopgoodwill,DEMO-UPRIGHT-0017,"Wool cardigan, size S",Apparel,1,92.34,3.99,6.46,9.23,0.00,92.34,upright_replica,true,one row per paid order,2026-09-25,America/Indiana/Indianapolis,USD
UP-20260925-0107,2026-09-25T20:00:00+00:00,DEMO-ITEM-20260925-0107,GW-011,eBay,DEMO-UPRIGHT-0018,Framed landscape print,Art,1,94.45,4.99,6.61,9.44,0.00,94.45,upright_replica,true,one row per paid order,2026-09-25,America/Indiana/Indianapolis,USD
UP-20260925-0108,2026-09-25T21:00:00+00:00,DEMO-ITEM-20260925-0108,GW-012,Goodwillfinds,DEMO-UPRIGHT-0019,Silver-tone necklace,Jewelry,1,96.56,5.99,6.75,9.65,0.00,96.56,upright_replica,true,one row per paid order,2026-09-25,America/Indiana/Indianapolis,USD
UP-20260925-0109,2026-09-25T18:00:00+00:00,DEMO-ITEM-20260925-0109,GW-013,Shopgoodwill,DEMO-UPRIGHT-0020,Vintage ceramic vase,Home,1,98.67,6.99,6.90,9.86,0.00,98.67,upright_replica,true,one row per paid order,2026-09-25,America/Indiana/Indianapolis,USD
UP-20260925-0110,2026-09-25T19:00:00+00:00,DEMO-ITEM-20260925-0110,GW-014,eBay,DEMO-UPRIGHT-0021,"Wool cardigan, size S",Apparel,1,15.78,7.99,1.10,1.57,0.00,15.78,upright_replica,true,one row per paid order,2026-09-25,America/Indiana/Indianapolis,USD
UP-20260925-0111,2026-09-25T20:00:00+00:00,DEMO-ITEM-20260925-0111,GW-015,Goodwillfinds,DEMO-UPRIGHT-0022,Framed landscape print,Art,1,17.89,3.99,1.25,1.78,0.00,17.89,upright_replica,true,one row per paid order,2026-09-25,America/Indiana/Indianapolis,USD
UP-20260925-0112,2026-09-25T21:00:00+00:00,DEMO-ITEM-20260925-0112,GW-016,Shopgoodwill,DEMO-UPRIGHT-0023,Silver-tone necklace,Jewelry,1,20.00,4.99,1.40,2.00,0.00,20.00,upright_replica,true,one row per paid order,2026-09-25,America/Indiana/Indianapolis,USD
UP-20260925-0113,2026-09-25T18:00:00+00:00,DEMO-ITEM-20260925-0113,GW-017,eBay,DEMO-UPRIGHT-0024,Vintage ceramic vase,Home,1,22.11,5.99,1.54,2.21,0.00,22.11,upright_replica,true,one row per paid order,2026-09-25,America/Indiana/Indianapolis,USD
UP-20260925-0114,2026-09-25T19:00:00+00:00,DEMO-ITEM-20260925-0114,GW-018,Goodwillfinds,DEMO-UPRIGHT-0025,"Wool cardigan, size S",Apparel,1,24.22,6.99,1.69,2.42,0.00,24.22,upright_replica,true,one row per paid order,2026-09-25,America/Indiana/Indianapolis,USD
UP-20260925-0115,2026-09-25T20:00:00+00:00,DEMO-ITEM-20260925-0115,GW-019,Shopgoodwill,DEMO-UPRIGHT-0026,Framed landscape print,Art,1,26.33,7.99,1.84,2.63,0.00,26.33,upright_replica,true,one row per paid order,2026-09-25,America/Indiana/Indianapolis,USD
UP-20260925-0116,2026-09-25T21:00:00+00:00,DEMO-ITEM-20260925-0116,GW-020,eBay,DEMO-UPRIGHT-0027,Silver-tone necklace,Jewelry,1,28.44,3.99,1.99,2.84,0.00,28.44,upright_replica,true,one row per paid order,2026-09-25,America/Indiana/Indianapolis,USD
UP-20260925-0117,2026-09-25T18:00:00+00:00,DEMO-ITEM-20260925-0117,GW-021,Goodwillfinds,DEMO-UPRIGHT-0028,Vintage ceramic vase,Home,1,30.55,4.99,2.13,3.05,0.00,30.55,upright_replica,true,one row per paid order,2026-09-25,America/Indiana/Indianapolis,USD
UP-20260925-0118,2026-09-25T19:00:00+00:00,DEMO-ITEM-20260925-0118,GW-022,Shopgoodwill,DEMO-UPRIGHT-0029,"Wool cardigan, size S",Apparel,1,32.66,5.99,2.28,3.26,0.00,32.66,upright_replica,true,one row per paid order,2026-09-25,America/Indiana/Indianapolis,USD
UP-20260925-0119,2026-09-25T20:00:00+00:00,DEMO-ITEM-20260925-0119,GW-023,eBay,DEMO-UPRIGHT-0030,Framed landscape print,Art,1,34.77,6.99,2.43,3.47,0.00,34.77,upright_replica,true,one row per paid order,2026-09-25,America/Indiana/Indianapolis,USD
UP-20260925-0120,2026-09-25T21:00:00+00:00,DEMO-ITEM-20260925-0120,GW-024,Goodwillfinds,DEMO-UPRIGHT-0031,Silver-tone necklace,Jewelry,1,36.88,7.99,2.58,3.68,18.44,18.44,upright_replica,true,one row per paid order,2026-09-25,America/Indiana/Indianapolis,USD
UP-20260925-0121,2026-09-25T18:00:00+00:00,DEMO-ITEM-20260925-0121,GW-001,Shopgoodwill,DEMO-UPRIGHT-0032,Vintage ceramic vase,Home,1,38.99,3.99,2.72,3.89,0.00,38.99,upright_replica,true,one row per paid order,2026-09-25,America/Indiana/Indianapolis,USD
UP-20260925-0122,2026-09-25T19:00:00+00:00,DEMO-ITEM-20260925-0122,GW-002,eBay,DEMO-UPRIGHT-0033,"Wool cardigan, size S",Apparel,1,41.10,4.99,2.87,4.11,0.00,41.10,upright_replica,true,one row per paid order,2026-09-25,America/Indiana/Indianapolis,USD
UP-20260925-0123,2026-09-25T20:00:00+00:00,DEMO-ITEM-20260925-0123,GW-003,Goodwillfinds,DEMO-UPRIGHT-0034,Framed landscape print,Art,1,43.21,5.99,3.02,4.32,0.00,43.21,upright_replica,true,one row per paid order,2026-09-25,America/Indiana/Indianapolis,USD
UP-20260925-0124,2026-09-25T21:00:00+00:00,DEMO-ITEM-20260925-0124,GW-004,Shopgoodwill,DEMO-UPRIGHT-0035,Silver-tone necklace,Jewelry,1,45.32,6.99,3.17,4.53,0.00,45.32,upright_replica,true,one row per paid order,2026-09-25,America/Indiana/Indianapolis,USD
UP-20260925-0125,2026-09-25T18:00:00+00:00,DEMO-ITEM-20260925-0125,GW-005,eBay,DEMO-UPRIGHT-0036,Vintage ceramic vase,Home,1,47.43,7.99,3.32,4.74,0.00,47.43,upright_replica,true,one row per paid order,2026-09-25,America/Indiana/Indianapolis,USD
UP-20260925-0126,2026-09-25T19:00:00+00:00,DEMO-ITEM-20260925-0126,GW-006,Goodwillfinds,DEMO-UPRIGHT-0037,"Wool cardigan, size S",Apparel,1,49.54,3.99,3.46,4.95,0.00,49.54,upright_replica,true,one row per paid order,2026-09-25,America/Indiana/Indianapolis,USD
UP-20260925-0127,2026-09-25T20:00:00+00:00,DEMO-ITEM-20260925-0127,GW-007,Shopgoodwill,DEMO-UPRIGHT-0038,Framed landscape print,Art,1,51.65,4.99,3.61,5.16,0.00,51.65,upright_replica,true,one row per paid order,2026-09-25,America/Indiana/Indianapolis,USD
UP-20260925-0128,2026-09-25T21:00:00+00:00,DEMO-ITEM-20260925-0128,GW-008,eBay,DEMO-UPRIGHT-0039,Silver-tone necklace,Jewelry,1,53.76,5.99,3.76,5.37,0.00,53.76,upright_replica,true,one row per paid order,2026-09-25,America/Indiana/Indianapolis,USD
UP-20260926-0001,2026-09-26T18:00:00+00:00,DEMO-ITEM-20260926-0001,GW-001,Shopgoodwill,DEMO-UPRIGHT-0001,Vintage ceramic vase,Home,1,42.16,3.99,2.95,4.21,21.08,21.08,upright_replica,true,one row per paid order,2026-09-26,America/Indiana/Indianapolis,USD
UP-20260926-0002,2026-09-26T19:00:00+00:00,DEMO-ITEM-20260926-0002,GW-002,eBay,DEMO-UPRIGHT-0002,"Wool cardigan, size S",Apparel,1,44.27,4.99,3.09,4.42,0.00,44.27,upright_replica,true,one row per paid order,2026-09-26,America/Indiana/Indianapolis,USD
UP-20260926-0003,2026-09-26T20:00:00+00:00,DEMO-ITEM-20260926-0003,GW-003,Goodwillfinds,DEMO-UPRIGHT-0003,Framed landscape print,Art,1,46.38,5.99,3.24,4.63,0.00,46.38,upright_replica,true,one row per paid order,2026-09-26,America/Indiana/Indianapolis,USD
UP-20260926-0004,2026-09-26T21:00:00+00:00,DEMO-ITEM-20260926-0004,GW-004,Shopgoodwill,DEMO-UPRIGHT-0004,Silver-tone necklace,Jewelry,1,48.49,6.99,3.39,4.84,0.00,48.49,upright_replica,true,one row per paid order,2026-09-26,America/Indiana/Indianapolis,USD
UP-20260926-0005,2026-09-26T18:00:00+00:00,DEMO-ITEM-20260926-0005,GW-005,eBay,DEMO-UPRIGHT-0005,Vintage ceramic vase,Home,1,50.60,7.99,3.54,5.06,0.00,50.60,upright_replica,true,one row per paid order,2026-09-26,America/Indiana/Indianapolis,USD
UP-20260926-0006,2026-09-26T19:00:00+00:00,DEMO-ITEM-20260926-0006,GW-006,Goodwillfinds,DEMO-UPRIGHT-0006,"Wool cardigan, size S",Apparel,1,52.71,3.99,3.68,5.27,0.00,52.71,upright_replica,true,one row per paid order,2026-09-26,America/Indiana/Indianapolis,USD
UP-20260926-0007,2026-09-26T20:00:00+00:00,DEMO-ITEM-20260926-0007,GW-007,Shopgoodwill,DEMO-UPRIGHT-0007,Framed landscape print,Art,1,54.82,4.99,3.83,5.48,0.00,54.82,upright_replica,true,one row per paid order,2026-09-26,America/Indiana/Indianapolis,USD
UP-20260926-0008,2026-09-26T21:00:00+00:00,DEMO-ITEM-20260926-0008,GW-008,eBay,DEMO-UPRIGHT-0008,Silver-tone necklace,Jewelry,1,56.93,5.99,3.98,5.69,0.00,56.93,upright_replica,true,one row per paid order,2026-09-26,America/Indiana/Indianapolis,USD
UP-20260926-0009,2026-09-26T18:00:00+00:00,DEMO-ITEM-20260926-0009,GW-009,Goodwillfinds,DEMO-UPRIGHT-0009,Vintage ceramic vase,Home,1,59.04,6.99,4.13,5.90,0.00,59.04,upright_replica,true,one row per paid order,2026-09-26,America/Indiana/Indianapolis,USD
UP-20260926-0010,2026-09-26T19:00:00+00:00,DEMO-ITEM-20260926-0010,GW-010,Shopgoodwill,DEMO-UPRIGHT-0010,"Wool cardigan, size S",Apparel,1,61.15,7.99,4.28,6.11,0.00,61.15,upright_replica,true,one row per paid order,2026-09-26,America/Indiana/Indianapolis,USD
UP-20260926-0011,2026-09-26T20:00:00+00:00,DEMO-ITEM-20260926-0011,GW-011,eBay,DEMO-UPRIGHT-0011,Framed landscape print,Art,1,63.26,3.99,4.42,6.32,0.00,63.26,upright_replica,true,one row per paid order,2026-09-26,America/Indiana/Indianapolis,USD
UP-20260926-0012,2026-09-26T21:00:00+00:00,DEMO-ITEM-20260926-0012,GW-012,Goodwillfinds,DEMO-UPRIGHT-0012,Silver-tone necklace,Jewelry,1,65.37,4.99,4.57,6.53,0.00,65.37,upright_replica,true,one row per paid order,2026-09-26,America/Indiana/Indianapolis,USD
UP-20260926-0013,2026-09-26T18:00:00+00:00,DEMO-ITEM-20260926-0013,GW-013,Shopgoodwill,DEMO-UPRIGHT-0013,Vintage ceramic vase,Home,1,67.48,5.99,4.72,6.74,0.00,67.48,upright_replica,true,one row per paid order,2026-09-26,America/Indiana/Indianapolis,USD
UP-20260926-0014,2026-09-26T19:00:00+00:00,DEMO-ITEM-20260926-0014,GW-014,eBay,DEMO-UPRIGHT-0014,"Wool cardigan, size S",Apparel,1,69.59,6.99,4.87,6.95,0.00,69.59,upright_replica,true,one row per paid order,2026-09-26,America/Indiana/Indianapolis,USD
UP-20260926-0015,2026-09-26T20:00:00+00:00,DEMO-ITEM-20260926-0015,GW-015,Goodwillfinds,DEMO-UPRIGHT-0015,Framed landscape print,Art,1,71.70,7.99,5.01,7.17,0.00,71.70,upright_replica,true,one row per paid order,2026-09-26,America/Indiana/Indianapolis,USD
UP-20260926-0016,2026-09-26T21:00:00+00:00,DEMO-ITEM-20260926-0016,GW-016,Shopgoodwill,DEMO-UPRIGHT-0016,Silver-tone necklace,Jewelry,1,73.81,3.99,5.16,7.38,0.00,73.81,upright_replica,true,one row per paid order,2026-09-26,America/Indiana/Indianapolis,USD
UP-20260926-0017,2026-09-26T18:00:00+00:00,DEMO-ITEM-20260926-0017,GW-017,eBay,DEMO-UPRIGHT-0017,Vintage ceramic vase,Home,1,75.92,4.99,5.31,7.59,0.00,75.92,upright_replica,true,one row per paid order,2026-09-26,America/Indiana/Indianapolis,USD
UP-20260926-0018,2026-09-26T19:00:00+00:00,DEMO-ITEM-20260926-0018,GW-018,Goodwillfinds,DEMO-UPRIGHT-0018,"Wool cardigan, size S",Apparel,1,78.03,5.99,5.46,7.80,39.01,39.02,upright_replica,true,one row per paid order,2026-09-26,America/Indiana/Indianapolis,USD
UP-20260926-0019,2026-09-26T20:00:00+00:00,DEMO-ITEM-20260926-0019,GW-019,Shopgoodwill,DEMO-UPRIGHT-0019,Framed landscape print,Art,1,80.14,6.99,5.60,8.01,0.00,80.14,upright_replica,true,one row per paid order,2026-09-26,America/Indiana/Indianapolis,USD
UP-20260926-0020,2026-09-26T21:00:00+00:00,DEMO-ITEM-20260926-0020,GW-020,eBay,DEMO-UPRIGHT-0020,Silver-tone necklace,Jewelry,1,82.25,7.99,5.75,8.22,0.00,82.25,upright_replica,true,one row per paid order,2026-09-26,America/Indiana/Indianapolis,USD
UP-20260926-0021,2026-09-26T18:00:00+00:00,DEMO-ITEM-20260926-0021,GW-021,Goodwillfinds,DEMO-UPRIGHT-0021,Vintage ceramic vase,Home,1,84.36,3.99,5.90,8.43,0.00,84.36,upright_replica,true,one row per paid order,2026-09-26,America/Indiana/Indianapolis,USD
UP-20260926-0022,2026-09-26T19:00:00+00:00,DEMO-ITEM-20260926-0022,GW-022,Shopgoodwill,DEMO-UPRIGHT-0022,"Wool cardigan, size S",Apparel,1,86.47,4.99,6.05,8.64,0.00,86.47,upright_replica,true,one row per paid order,2026-09-26,America/Indiana/Indianapolis,USD
UP-20260926-0023,2026-09-26T20:00:00+00:00,DEMO-ITEM-20260926-0023,GW-023,eBay,DEMO-UPRIGHT-0023,Framed landscape print,Art,1,88.58,5.99,6.20,8.85,0.00,88.58,upright_replica,true,one row per paid order,2026-09-26,America/Indiana/Indianapolis,USD
UP-20260926-0024,2026-09-26T21:00:00+00:00,DEMO-ITEM-20260926-0024,GW-024,Goodwillfinds,DEMO-UPRIGHT-0024,Silver-tone necklace,Jewelry,1,90.69,6.99,6.34,9.06,0.00,90.69,upright_replica,true,one row per paid order,2026-09-26,America/Indiana/Indianapolis,USD
UP-20260926-0025,2026-09-26T18:00:00+00:00,DEMO-ITEM-20260926-0025,GW-001,Shopgoodwill,DEMO-UPRIGHT-0025,Vintage ceramic vase,Home,1,92.80,7.99,6.49,9.28,0.00,92.80,upright_replica,true,one row per paid order,2026-09-26,America/Indiana/Indianapolis,USD
UP-20260926-0026,2026-09-26T19:00:00+00:00,DEMO-ITEM-20260926-0026,GW-002,eBay,DEMO-UPRIGHT-0026,"Wool cardigan, size S",Apparel,1,94.91,3.99,6.64,9.49,0.00,94.91,upright_replica,true,one row per paid order,2026-09-26,America/Indiana/Indianapolis,USD
UP-20260926-0027,2026-09-26T20:00:00+00:00,DEMO-ITEM-20260926-0027,GW-003,Goodwillfinds,DEMO-UPRIGHT-0027,Framed landscape print,Art,1,97.02,4.99,6.79,9.70,0.00,97.02,upright_replica,true,one row per paid order,2026-09-26,America/Indiana/Indianapolis,USD
UP-20260926-0028,2026-09-26T21:00:00+00:00,DEMO-ITEM-20260926-0028,GW-004,Shopgoodwill,DEMO-UPRIGHT-0028,Silver-tone necklace,Jewelry,1,99.13,5.99,6.93,9.91,0.00,99.13,upright_replica,true,one row per paid order,2026-09-26,America/Indiana/Indianapolis,USD
UP-20260926-0029,2026-09-26T18:00:00+00:00,DEMO-ITEM-20260926-0029,GW-005,eBay,DEMO-UPRIGHT-0029,Vintage ceramic vase,Home,1,16.24,6.99,1.13,1.62,0.00,16.24,upright_replica,true,one row per paid order,2026-09-26,America/Indiana/Indianapolis,USD
UP-20260926-0030,2026-09-26T19:00:00+00:00,DEMO-ITEM-20260926-0030,GW-006,Goodwillfinds,DEMO-UPRIGHT-0030,"Wool cardigan, size S",Apparel,1,18.35,7.99,1.28,1.83,0.00,18.35,upright_replica,true,one row per paid order,2026-09-26,America/Indiana/Indianapolis,USD
UP-20260926-0031,2026-09-26T20:00:00+00:00,DEMO-ITEM-20260926-0031,GW-007,Shopgoodwill,DEMO-UPRIGHT-0031,Framed landscape print,Art,1,20.46,3.99,1.43,2.04,0.00,20.46,upright_replica,true,one row per paid order,2026-09-26,America/Indiana/Indianapolis,USD
UP-20260926-0032,2026-09-26T21:00:00+00:00,DEMO-ITEM-20260926-0032,GW-008,eBay,DEMO-UPRIGHT-0032,Silver-tone necklace,Jewelry,1,22.57,4.99,1.57,2.25,0.00,22.57,upright_replica,true,one row per paid order,2026-09-26,America/Indiana/Indianapolis,USD
UP-20260926-0033,2026-09-26T18:00:00+00:00,DEMO-ITEM-20260926-0033,GW-009,Goodwillfinds,DEMO-UPRIGHT-0033,Vintage ceramic vase,Home,1,24.68,5.99,1.72,2.46,0.00,24.68,upright_replica,true,one row per paid order,2026-09-26,America/Indiana/Indianapolis,USD
UP-20260926-0034,2026-09-26T19:00:00+00:00,DEMO-ITEM-20260926-0034,GW-010,Shopgoodwill,DEMO-UPRIGHT-0034,"Wool cardigan, size S",Apparel,1,26.79,6.99,1.87,2.67,0.00,26.79,upright_replica,true,one row per paid order,2026-09-26,America/Indiana/Indianapolis,USD
UP-20260926-0035,2026-09-26T20:00:00+00:00,DEMO-ITEM-20260926-0035,GW-011,eBay,DEMO-UPRIGHT-0035,Framed landscape print,Art,1,28.90,7.99,2.02,2.89,14.45,14.45,upright_replica,true,one row per paid order,2026-09-26,America/Indiana/Indianapolis,USD
UP-20260926-0036,2026-09-26T21:00:00+00:00,DEMO-ITEM-20260926-0036,GW-012,Goodwillfinds,DEMO-UPRIGHT-0036,Silver-tone necklace,Jewelry,1,31.01,3.99,2.17,3.10,0.00,31.01,upright_replica,true,one row per paid order,2026-09-26,America/Indiana/Indianapolis,USD
UP-20260926-0037,2026-09-26T18:00:00+00:00,DEMO-ITEM-20260926-0037,GW-013,Shopgoodwill,DEMO-UPRIGHT-0037,Vintage ceramic vase,Home,1,33.12,4.99,2.31,3.31,0.00,33.12,upright_replica,true,one row per paid order,2026-09-26,America/Indiana/Indianapolis,USD
UP-20260926-0038,2026-09-26T19:00:00+00:00,DEMO-ITEM-20260926-0038,GW-014,eBay,DEMO-UPRIGHT-0038,"Wool cardigan, size S",Apparel,1,35.23,5.99,2.46,3.52,0.00,35.23,upright_replica,true,one row per paid order,2026-09-26,America/Indiana/Indianapolis,USD
UP-20260926-0039,2026-09-26T20:00:00+00:00,DEMO-ITEM-20260926-0039,GW-015,Goodwillfinds,DEMO-UPRIGHT-0039,Framed landscape print,Art,1,37.34,6.99,2.61,3.73,0.00,37.34,upright_replica,true,one row per paid order,2026-09-26,America/Indiana/Indianapolis,USD
UP-20260926-0040,2026-09-26T21:00:00+00:00,DEMO-ITEM-20260926-0040,GW-016,Shopgoodwill,DEMO-UPRIGHT-0040,Silver-tone necklace,Jewelry,1,39.45,7.99,2.76,3.94,0.00,39.45,upright_replica,true,one row per paid order,2026-09-26,America/Indiana/Indianapolis,USD
UP-20260926-0041,2026-09-26T18:00:00+00:00,DEMO-ITEM-20260926-0041,GW-017,eBay,DEMO-UPRIGHT-0041,Vintage ceramic vase,Home,1,41.56,3.99,2.90,4.15,0.00,41.56,upright_replica,true,one row per paid order,2026-09-26,America/Indiana/Indianapolis,USD
UP-20260926-0042,2026-09-26T19:00:00+00:00,DEMO-ITEM-20260926-0042,GW-018,Goodwillfinds,DEMO-UPRIGHT-0042,"Wool cardigan, size S",Apparel,1,43.67,4.99,3.05,4.36,0.00,43.67,upright_replica,true,one row per paid order,2026-09-26,America/Indiana/Indianapolis,USD
UP-20260926-0043,2026-09-26T20:00:00+00:00,DEMO-ITEM-20260926-0043,GW-019,Shopgoodwill,DEMO-UPRIGHT-0043,Framed landscape print,Art,1,45.78,5.99,3.20,4.57,0.00,45.78,upright_replica,true,one row per paid order,2026-09-26,America/Indiana/Indianapolis,USD
UP-20260926-0044,2026-09-26T21:00:00+00:00,DEMO-ITEM-20260926-0044,GW-020,eBay,DEMO-UPRIGHT-0044,Silver-tone necklace,Jewelry,1,47.89,6.99,3.35,4.78,0.00,47.89,upright_replica,true,one row per paid order,2026-09-26,America/Indiana/Indianapolis,USD
UP-20260926-0045,2026-09-26T18:00:00+00:00,DEMO-ITEM-20260926-0045,GW-021,Goodwillfinds,DEMO-UPRIGHT-0045,Vintage ceramic vase,Home,1,50.00,7.99,3.50,5.00,0.00,50.00,upright_replica,true,one row per paid order,2026-09-26,America/Indiana/Indianapolis,USD
UP-20260926-0046,2026-09-26T19:00:00+00:00,DEMO-ITEM-20260926-0046,GW-022,Shopgoodwill,DEMO-UPRIGHT-0046,"Wool cardigan, size S",Apparel,1,52.11,3.99,3.64,5.21,0.00,52.11,upright_replica,true,one row per paid order,2026-09-26,America/Indiana/Indianapolis,USD
UP-20260926-0047,2026-09-26T20:00:00+00:00,DEMO-ITEM-20260926-0047,GW-023,eBay,DEMO-UPRIGHT-0047,Framed landscape print,Art,1,54.22,4.99,3.79,5.42,0.00,54.22,upright_replica,true,one row per paid order,2026-09-26,America/Indiana/Indianapolis,USD
UP-20260926-0048,2026-09-26T21:00:00+00:00,DEMO-ITEM-20260926-0048,GW-024,Goodwillfinds,DEMO-UPRIGHT-0048,Silver-tone necklace,Jewelry,1,56.33,5.99,3.94,5.63,0.00,56.33,upright_replica,true,one row per paid order,2026-09-26,America/Indiana/Indianapolis,USD
UP-20260926-0049,2026-09-26T18:00:00+00:00,DEMO-ITEM-20260926-0049,GW-001,Shopgoodwill,DEMO-UPRIGHT-0049,Vintage ceramic vase,Home,1,58.44,6.99,4.09,5.84,0.00,58.44,upright_replica,true,one row per paid order,2026-09-26,America/Indiana/Indianapolis,USD
UP-20260926-0050,2026-09-26T19:00:00+00:00,DEMO-ITEM-20260926-0050,GW-002,eBay,DEMO-UPRIGHT-0050,"Wool cardigan, size S",Apparel,1,60.55,7.99,4.23,6.05,0.00,60.55,upright_replica,true,one row per paid order,2026-09-26,America/Indiana/Indianapolis,USD
UP-20260926-0051,2026-09-26T20:00:00+00:00,DEMO-ITEM-20260926-0051,GW-003,Goodwillfinds,DEMO-UPRIGHT-0051,Framed landscape print,Art,1,62.66,3.99,4.38,6.26,0.00,62.66,upright_replica,true,one row per paid order,2026-09-26,America/Indiana/Indianapolis,USD
UP-20260926-0052,2026-09-26T21:00:00+00:00,DEMO-ITEM-20260926-0052,GW-004,Shopgoodwill,DEMO-UPRIGHT-0052,Silver-tone necklace,Jewelry,1,64.77,4.99,4.53,6.47,32.38,32.39,upright_replica,true,one row per paid order,2026-09-26,America/Indiana/Indianapolis,USD
UP-20260926-0053,2026-09-26T18:00:00+00:00,DEMO-ITEM-20260926-0053,GW-005,eBay,DEMO-UPRIGHT-0053,Vintage ceramic vase,Home,1,66.88,5.99,4.68,6.68,0.00,66.88,upright_replica,true,one row per paid order,2026-09-26,America/Indiana/Indianapolis,USD
UP-20260926-0054,2026-09-26T19:00:00+00:00,DEMO-ITEM-20260926-0054,GW-006,Goodwillfinds,DEMO-UPRIGHT-0054,"Wool cardigan, size S",Apparel,1,68.99,6.99,4.82,6.89,0.00,68.99,upright_replica,true,one row per paid order,2026-09-26,America/Indiana/Indianapolis,USD
UP-20260926-0055,2026-09-26T20:00:00+00:00,DEMO-ITEM-20260926-0055,GW-007,Shopgoodwill,DEMO-UPRIGHT-0055,Framed landscape print,Art,1,71.10,7.99,4.97,7.11,0.00,71.10,upright_replica,true,one row per paid order,2026-09-26,America/Indiana/Indianapolis,USD
UP-20260926-0056,2026-09-26T21:00:00+00:00,DEMO-ITEM-20260926-0056,GW-008,eBay,DEMO-UPRIGHT-0056,Silver-tone necklace,Jewelry,1,73.21,3.99,5.12,7.32,0.00,73.21,upright_replica,true,one row per paid order,2026-09-26,America/Indiana/Indianapolis,USD
UP-20260926-0057,2026-09-26T18:00:00+00:00,DEMO-ITEM-20260926-0057,GW-009,Goodwillfinds,DEMO-UPRIGHT-0057,Vintage ceramic vase,Home,1,75.32,4.99,5.27,7.53,0.00,75.32,upright_replica,true,one row per paid order,2026-09-26,America/Indiana/Indianapolis,USD
UP-20260926-0058,2026-09-26T19:00:00+00:00,DEMO-ITEM-20260926-0058,GW-010,Shopgoodwill,DEMO-UPRIGHT-0058,"Wool cardigan, size S",Apparel,1,77.43,5.99,5.42,7.74,0.00,77.43,upright_replica,true,one row per paid order,2026-09-26,America/Indiana/Indianapolis,USD
UP-20260926-0059,2026-09-26T20:00:00+00:00,DEMO-ITEM-20260926-0059,GW-011,eBay,DEMO-UPRIGHT-0059,Framed landscape print,Art,1,79.54,6.99,5.56,7.95,0.00,79.54,upright_replica,true,one row per paid order,2026-09-26,America/Indiana/Indianapolis,USD
UP-20260926-0060,2026-09-26T21:00:00+00:00,DEMO-ITEM-20260926-0060,GW-012,Goodwillfinds,DEMO-UPRIGHT-0060,Silver-tone necklace,Jewelry,1,81.65,7.99,5.71,8.16,0.00,81.65,upright_replica,true,one row per paid order,2026-09-26,America/Indiana/Indianapolis,USD
UP-20260926-0061,2026-09-26T18:00:00+00:00,DEMO-ITEM-20260926-0061,GW-013,Shopgoodwill,DEMO-UPRIGHT-0061,Vintage ceramic vase,Home,1,83.76,3.99,5.86,8.37,0.00,83.76,upright_replica,true,one row per paid order,2026-09-26,America/Indiana/Indianapolis,USD
UP-20260926-0062,2026-09-26T19:00:00+00:00,DEMO-ITEM-20260926-0062,GW-014,eBay,DEMO-UPRIGHT-0062,"Wool cardigan, size S",Apparel,1,85.87,4.99,6.01,8.58,0.00,85.87,upright_replica,true,one row per paid order,2026-09-26,America/Indiana/Indianapolis,USD
UP-20260926-0063,2026-09-26T20:00:00+00:00,DEMO-ITEM-20260926-0063,GW-015,Goodwillfinds,DEMO-UPRIGHT-0063,Framed landscape print,Art,1,87.98,5.99,6.15,8.79,0.00,87.98,upright_replica,true,one row per paid order,2026-09-26,America/Indiana/Indianapolis,USD
UP-20260926-0064,2026-09-26T21:00:00+00:00,DEMO-ITEM-20260926-0064,GW-016,Shopgoodwill,DEMO-UPRIGHT-0064,Silver-tone necklace,Jewelry,1,90.09,6.99,6.30,9.00,0.00,90.09,upright_replica,true,one row per paid order,2026-09-26,America/Indiana/Indianapolis,USD
UP-20260926-0065,2026-09-26T18:00:00+00:00,DEMO-ITEM-20260926-0065,GW-017,eBay,DEMO-UPRIGHT-0065,Vintage ceramic vase,Home,1,92.20,7.99,6.45,9.22,0.00,92.20,upright_replica,true,one row per paid order,2026-09-26,America/Indiana/Indianapolis,USD
UP-20260926-0066,2026-09-26T19:00:00+00:00,DEMO-ITEM-20260926-0066,GW-018,Goodwillfinds,DEMO-UPRIGHT-0066,"Wool cardigan, size S",Apparel,1,94.31,3.99,6.60,9.43,0.00,94.31,upright_replica,true,one row per paid order,2026-09-26,America/Indiana/Indianapolis,USD
UP-20260926-0067,2026-09-26T20:00:00+00:00,DEMO-ITEM-20260926-0067,GW-019,Shopgoodwill,DEMO-UPRIGHT-0067,Framed landscape print,Art,1,96.42,4.99,6.74,9.64,0.00,96.42,upright_replica,true,one row per paid order,2026-09-26,America/Indiana/Indianapolis,USD
UP-20260926-0068,2026-09-26T21:00:00+00:00,DEMO-ITEM-20260926-0068,GW-020,eBay,DEMO-UPRIGHT-0068,Silver-tone necklace,Jewelry,1,98.53,5.99,6.89,9.85,0.00,98.53,upright_replica,true,one row per paid order,2026-09-26,America/Indiana/Indianapolis,USD
UP-20260926-0069,2026-09-26T18:00:00+00:00,DEMO-ITEM-20260926-0069,GW-021,Goodwillfinds,DEMO-UPRIGHT-0069,Vintage ceramic vase,Home,1,15.64,6.99,1.09,1.56,7.82,7.82,upright_replica,true,one row per paid order,2026-09-26,America/Indiana/Indianapolis,USD
UP-20260926-0070,2026-09-26T19:00:00+00:00,DEMO-ITEM-20260926-0070,GW-022,Shopgoodwill,DEMO-UPRIGHT-0070,"Wool cardigan, size S",Apparel,1,17.75,7.99,1.24,1.77,0.00,17.75,upright_replica,true,one row per paid order,2026-09-26,America/Indiana/Indianapolis,USD
UP-20260926-0071,2026-09-26T20:00:00+00:00,DEMO-ITEM-20260926-0071,GW-023,eBay,DEMO-UPRIGHT-0071,Framed landscape print,Art,1,19.86,3.99,1.39,1.98,0.00,19.86,upright_replica,true,one row per paid order,2026-09-26,America/Indiana/Indianapolis,USD
UP-20260926-0072,2026-09-26T21:00:00+00:00,DEMO-ITEM-20260926-0072,GW-024,Goodwillfinds,DEMO-UPRIGHT-0072,Silver-tone necklace,Jewelry,1,21.97,4.99,1.53,2.19,0.00,21.97,upright_replica,true,one row per paid order,2026-09-26,America/Indiana/Indianapolis,USD
UP-20260926-0073,2026-09-26T18:00:00+00:00,DEMO-ITEM-20260926-0073,GW-001,Shopgoodwill,DEMO-UPRIGHT-0073,Vintage ceramic vase,Home,1,24.08,5.99,1.68,2.40,0.00,24.08,upright_replica,true,one row per paid order,2026-09-26,America/Indiana/Indianapolis,USD
UP-20260926-0074,2026-09-26T19:00:00+00:00,DEMO-ITEM-20260926-0074,GW-002,eBay,DEMO-UPRIGHT-0074,"Wool cardigan, size S",Apparel,1,26.19,6.99,1.83,2.61,0.00,26.19,upright_replica,true,one row per paid order,2026-09-26,America/Indiana/Indianapolis,USD
UP-20260926-0075,2026-09-26T20:00:00+00:00,DEMO-ITEM-20260926-0075,GW-003,Goodwillfinds,DEMO-UPRIGHT-0075,Framed landscape print,Art,1,28.30,7.99,1.98,2.83,0.00,28.30,upright_replica,true,one row per paid order,2026-09-26,America/Indiana/Indianapolis,USD
UP-20260926-0076,2026-09-26T21:00:00+00:00,DEMO-ITEM-20260926-0076,GW-004,Shopgoodwill,DEMO-UPRIGHT-0076,Silver-tone necklace,Jewelry,1,30.41,3.99,2.12,3.04,0.00,30.41,upright_replica,true,one row per paid order,2026-09-26,America/Indiana/Indianapolis,USD
UP-20260926-0077,2026-09-26T18:00:00+00:00,DEMO-ITEM-20260926-0077,GW-005,eBay,DEMO-UPRIGHT-0077,Vintage ceramic vase,Home,1,32.52,4.99,2.27,3.25,0.00,32.52,upright_replica,true,one row per paid order,2026-09-26,America/Indiana/Indianapolis,USD
UP-20260926-0078,2026-09-26T19:00:00+00:00,DEMO-ITEM-20260926-0078,GW-006,Goodwillfinds,DEMO-UPRIGHT-0078,"Wool cardigan, size S",Apparel,1,34.63,5.99,2.42,3.46,0.00,34.63,upright_replica,true,one row per paid order,2026-09-26,America/Indiana/Indianapolis,USD
UP-20260926-0079,2026-09-26T20:00:00+00:00,DEMO-ITEM-20260926-0079,GW-007,Shopgoodwill,DEMO-UPRIGHT-0079,Framed landscape print,Art,1,36.74,6.99,2.57,3.67,0.00,36.74,upright_replica,true,one row per paid order,2026-09-26,America/Indiana/Indianapolis,USD
UP-20260926-0080,2026-09-26T21:00:00+00:00,DEMO-ITEM-20260926-0080,GW-008,eBay,DEMO-UPRIGHT-0080,Silver-tone necklace,Jewelry,1,38.85,7.99,2.71,3.88,0.00,38.85,upright_replica,true,one row per paid order,2026-09-26,America/Indiana/Indianapolis,USD
UP-20260926-0081,2026-09-26T18:00:00+00:00,DEMO-ITEM-20260926-0081,GW-009,Goodwillfinds,DEMO-UPRIGHT-0081,Vintage ceramic vase,Home,1,40.96,3.99,2.86,4.09,0.00,40.96,upright_replica,true,one row per paid order,2026-09-26,America/Indiana/Indianapolis,USD
UP-20260926-0082,2026-09-26T19:00:00+00:00,DEMO-ITEM-20260926-0082,GW-010,Shopgoodwill,DEMO-UPRIGHT-0082,"Wool cardigan, size S",Apparel,1,43.07,4.99,3.01,4.30,0.00,43.07,upright_replica,true,one row per paid order,2026-09-26,America/Indiana/Indianapolis,USD
UP-20260926-0083,2026-09-26T20:00:00+00:00,DEMO-ITEM-20260926-0083,GW-011,eBay,DEMO-UPRIGHT-0083,Framed landscape print,Art,1,45.18,5.99,3.16,4.51,0.00,45.18,upright_replica,true,one row per paid order,2026-09-26,America/Indiana/Indianapolis,USD
UP-20260926-0084,2026-09-26T21:00:00+00:00,DEMO-ITEM-20260926-0084,GW-012,Goodwillfinds,DEMO-UPRIGHT-0084,Silver-tone necklace,Jewelry,1,47.29,6.99,3.31,4.72,0.00,47.29,upright_replica,true,one row per paid order,2026-09-26,America/Indiana/Indianapolis,USD
UP-20260926-0085,2026-09-26T18:00:00+00:00,DEMO-ITEM-20260926-0085,GW-013,Shopgoodwill,DEMO-UPRIGHT-0085,Vintage ceramic vase,Home,1,49.40,7.99,3.45,4.94,0.00,49.40,upright_replica,true,one row per paid order,2026-09-26,America/Indiana/Indianapolis,USD
UP-20260926-0086,2026-09-26T19:00:00+00:00,DEMO-ITEM-20260926-0086,GW-014,eBay,DEMO-UPRIGHT-0086,"Wool cardigan, size S",Apparel,1,51.51,3.99,3.60,5.15,25.75,25.76,upright_replica,true,one row per paid order,2026-09-26,America/Indiana/Indianapolis,USD
UP-20260926-0087,2026-09-26T20:00:00+00:00,DEMO-ITEM-20260926-0087,GW-015,Goodwillfinds,DEMO-UPRIGHT-0087,Framed landscape print,Art,1,53.62,4.99,3.75,5.36,0.00,53.62,upright_replica,true,one row per paid order,2026-09-26,America/Indiana/Indianapolis,USD
UP-20260926-0088,2026-09-26T21:00:00+00:00,DEMO-ITEM-20260926-0088,GW-016,Shopgoodwill,DEMO-UPRIGHT-0088,Silver-tone necklace,Jewelry,1,55.73,5.99,3.90,5.57,0.00,55.73,upright_replica,true,one row per paid order,2026-09-26,America/Indiana/Indianapolis,USD
UP-20260926-0089,2026-09-26T18:00:00+00:00,DEMO-ITEM-20260926-0089,GW-017,eBay,DEMO-UPRIGHT-0089,Vintage ceramic vase,Home,1,57.84,6.99,4.04,5.78,0.00,57.84,upright_replica,true,one row per paid order,2026-09-26,America/Indiana/Indianapolis,USD
UP-20260926-0090,2026-09-26T19:00:00+00:00,DEMO-ITEM-20260926-0090,GW-018,Goodwillfinds,DEMO-UPRIGHT-0001,"Wool cardigan, size S",Apparel,1,59.95,7.99,4.19,5.99,0.00,59.95,upright_replica,true,one row per paid order,2026-09-26,America/Indiana/Indianapolis,USD
UP-20260926-0091,2026-09-26T20:00:00+00:00,DEMO-ITEM-20260926-0091,GW-019,Shopgoodwill,DEMO-UPRIGHT-0002,Framed landscape print,Art,1,62.06,3.99,4.34,6.20,0.00,62.06,upright_replica,true,one row per paid order,2026-09-26,America/Indiana/Indianapolis,USD
UP-20260926-0092,2026-09-26T21:00:00+00:00,DEMO-ITEM-20260926-0092,GW-020,eBay,DEMO-UPRIGHT-0003,Silver-tone necklace,Jewelry,1,64.17,4.99,4.49,6.41,0.00,64.17,upright_replica,true,one row per paid order,2026-09-26,America/Indiana/Indianapolis,USD
UP-20260926-0093,2026-09-26T18:00:00+00:00,DEMO-ITEM-20260926-0093,GW-021,Goodwillfinds,DEMO-UPRIGHT-0004,Vintage ceramic vase,Home,1,66.28,5.99,4.63,6.62,0.00,66.28,upright_replica,true,one row per paid order,2026-09-26,America/Indiana/Indianapolis,USD
UP-20260926-0094,2026-09-26T19:00:00+00:00,DEMO-ITEM-20260926-0094,GW-022,Shopgoodwill,DEMO-UPRIGHT-0005,"Wool cardigan, size S",Apparel,1,68.39,6.99,4.78,6.83,0.00,68.39,upright_replica,true,one row per paid order,2026-09-26,America/Indiana/Indianapolis,USD
UP-20260926-0095,2026-09-26T20:00:00+00:00,DEMO-ITEM-20260926-0095,GW-023,eBay,DEMO-UPRIGHT-0006,Framed landscape print,Art,1,70.50,7.99,4.93,7.05,0.00,70.50,upright_replica,true,one row per paid order,2026-09-26,America/Indiana/Indianapolis,USD
UP-20260926-0096,2026-09-26T21:00:00+00:00,DEMO-ITEM-20260926-0096,GW-024,Goodwillfinds,DEMO-UPRIGHT-0007,Silver-tone necklace,Jewelry,1,72.61,3.99,5.08,7.26,0.00,72.61,upright_replica,true,one row per paid order,2026-09-26,America/Indiana/Indianapolis,USD
UP-20260926-0097,2026-09-26T18:00:00+00:00,DEMO-ITEM-20260926-0097,GW-001,Shopgoodwill,DEMO-UPRIGHT-0008,Vintage ceramic vase,Home,1,74.72,4.99,5.23,7.47,0.00,74.72,upright_replica,true,one row per paid order,2026-09-26,America/Indiana/Indianapolis,USD
UP-20260926-0098,2026-09-26T19:00:00+00:00,DEMO-ITEM-20260926-0098,GW-002,eBay,DEMO-UPRIGHT-0009,"Wool cardigan, size S",Apparel,1,76.83,5.99,5.37,7.68,0.00,76.83,upright_replica,true,one row per paid order,2026-09-26,America/Indiana/Indianapolis,USD
UP-20260926-0099,2026-09-26T20:00:00+00:00,DEMO-ITEM-20260926-0099,GW-003,Goodwillfinds,DEMO-UPRIGHT-0010,Framed landscape print,Art,1,78.94,6.99,5.52,7.89,0.00,78.94,upright_replica,true,one row per paid order,2026-09-26,America/Indiana/Indianapolis,USD
UP-20260926-0100,2026-09-26T21:00:00+00:00,DEMO-ITEM-20260926-0100,GW-004,Shopgoodwill,DEMO-UPRIGHT-0011,Silver-tone necklace,Jewelry,1,81.05,7.99,5.67,8.10,0.00,81.05,upright_replica,true,one row per paid order,2026-09-26,America/Indiana/Indianapolis,USD
UP-20260926-0101,2026-09-26T18:00:00+00:00,DEMO-ITEM-20260926-0101,GW-005,eBay,DEMO-UPRIGHT-0012,Vintage ceramic vase,Home,1,83.16,3.99,5.82,8.31,0.00,83.16,upright_replica,true,one row per paid order,2026-09-26,America/Indiana/Indianapolis,USD
UP-20260926-0102,2026-09-26T19:00:00+00:00,DEMO-ITEM-20260926-0102,GW-006,Goodwillfinds,DEMO-UPRIGHT-0013,"Wool cardigan, size S",Apparel,1,85.27,4.99,5.96,8.52,0.00,85.27,upright_replica,true,one row per paid order,2026-09-26,America/Indiana/Indianapolis,USD
UP-20260926-0103,2026-09-26T20:00:00+00:00,DEMO-ITEM-20260926-0103,GW-007,Shopgoodwill,DEMO-UPRIGHT-0014,Framed landscape print,Art,1,87.38,5.99,6.11,8.73,43.69,43.69,upright_replica,true,one row per paid order,2026-09-26,America/Indiana/Indianapolis,USD
UP-20260926-0104,2026-09-26T21:00:00+00:00,DEMO-ITEM-20260926-0104,GW-008,eBay,DEMO-UPRIGHT-0015,Silver-tone necklace,Jewelry,1,89.49,6.99,6.26,8.94,0.00,89.49,upright_replica,true,one row per paid order,2026-09-26,America/Indiana/Indianapolis,USD
UP-20260926-0105,2026-09-26T18:00:00+00:00,DEMO-ITEM-20260926-0105,GW-009,Goodwillfinds,DEMO-UPRIGHT-0016,Vintage ceramic vase,Home,1,91.60,7.99,6.41,9.16,0.00,91.60,upright_replica,true,one row per paid order,2026-09-26,America/Indiana/Indianapolis,USD
UP-20260926-0106,2026-09-26T19:00:00+00:00,DEMO-ITEM-20260926-0106,GW-010,Shopgoodwill,DEMO-UPRIGHT-0017,"Wool cardigan, size S",Apparel,1,93.71,3.99,6.55,9.37,0.00,93.71,upright_replica,true,one row per paid order,2026-09-26,America/Indiana/Indianapolis,USD
UP-20260926-0107,2026-09-26T20:00:00+00:00,DEMO-ITEM-20260926-0107,GW-011,eBay,DEMO-UPRIGHT-0018,Framed landscape print,Art,1,95.82,4.99,6.70,9.58,0.00,95.82,upright_replica,true,one row per paid order,2026-09-26,America/Indiana/Indianapolis,USD
UP-20260926-0108,2026-09-26T21:00:00+00:00,DEMO-ITEM-20260926-0108,GW-012,Goodwillfinds,DEMO-UPRIGHT-0019,Silver-tone necklace,Jewelry,1,97.93,5.99,6.85,9.79,0.00,97.93,upright_replica,true,one row per paid order,2026-09-26,America/Indiana/Indianapolis,USD
UP-20260926-0109,2026-09-26T18:00:00+00:00,DEMO-ITEM-20260926-0109,GW-013,Shopgoodwill,DEMO-UPRIGHT-0020,Vintage ceramic vase,Home,1,15.04,6.99,1.05,1.50,0.00,15.04,upright_replica,true,one row per paid order,2026-09-26,America/Indiana/Indianapolis,USD
UP-20260926-0110,2026-09-26T19:00:00+00:00,DEMO-ITEM-20260926-0110,GW-014,eBay,DEMO-UPRIGHT-0021,"Wool cardigan, size S",Apparel,1,17.15,7.99,1.20,1.71,0.00,17.15,upright_replica,true,one row per paid order,2026-09-26,America/Indiana/Indianapolis,USD
UP-20260926-0111,2026-09-26T20:00:00+00:00,DEMO-ITEM-20260926-0111,GW-015,Goodwillfinds,DEMO-UPRIGHT-0022,Framed landscape print,Art,1,19.26,3.99,1.34,1.92,0.00,19.26,upright_replica,true,one row per paid order,2026-09-26,America/Indiana/Indianapolis,USD
UP-20260926-0112,2026-09-26T21:00:00+00:00,DEMO-ITEM-20260926-0112,GW-016,Shopgoodwill,DEMO-UPRIGHT-0023,Silver-tone necklace,Jewelry,1,21.37,4.99,1.49,2.13,0.00,21.37,upright_replica,true,one row per paid order,2026-09-26,America/Indiana/Indianapolis,USD
UP-20260926-0113,2026-09-26T18:00:00+00:00,DEMO-ITEM-20260926-0113,GW-017,eBay,DEMO-UPRIGHT-0024,Vintage ceramic vase,Home,1,23.48,5.99,1.64,2.34,0.00,23.48,upright_replica,true,one row per paid order,2026-09-26,America/Indiana/Indianapolis,USD
UP-20260926-0114,2026-09-26T19:00:00+00:00,DEMO-ITEM-20260926-0114,GW-018,Goodwillfinds,DEMO-UPRIGHT-0025,"Wool cardigan, size S",Apparel,1,25.59,6.99,1.79,2.55,0.00,25.59,upright_replica,true,one row per paid order,2026-09-26,America/Indiana/Indianapolis,USD
UP-20260926-0115,2026-09-26T20:00:00+00:00,DEMO-ITEM-20260926-0115,GW-019,Shopgoodwill,DEMO-UPRIGHT-0026,Framed landscape print,Art,1,27.70,7.99,1.93,2.77,0.00,27.70,upright_replica,true,one row per paid order,2026-09-26,America/Indiana/Indianapolis,USD
UP-20260926-0116,2026-09-26T21:00:00+00:00,DEMO-ITEM-20260926-0116,GW-020,eBay,DEMO-UPRIGHT-0027,Silver-tone necklace,Jewelry,1,29.81,3.99,2.08,2.98,0.00,29.81,upright_replica,true,one row per paid order,2026-09-26,America/Indiana/Indianapolis,USD
UP-20260926-0117,2026-09-26T18:00:00+00:00,DEMO-ITEM-20260926-0117,GW-021,Goodwillfinds,DEMO-UPRIGHT-0028,Vintage ceramic vase,Home,1,31.92,4.99,2.23,3.19,0.00,31.92,upright_replica,true,one row per paid order,2026-09-26,America/Indiana/Indianapolis,USD
UP-20260926-0118,2026-09-26T19:00:00+00:00,DEMO-ITEM-20260926-0118,GW-022,Shopgoodwill,DEMO-UPRIGHT-0029,"Wool cardigan, size S",Apparel,1,34.03,5.99,2.38,3.40,0.00,34.03,upright_replica,true,one row per paid order,2026-09-26,America/Indiana/Indianapolis,USD
UP-20260926-0119,2026-09-26T20:00:00+00:00,DEMO-ITEM-20260926-0119,GW-023,eBay,DEMO-UPRIGHT-0030,Framed landscape print,Art,1,36.14,6.99,2.52,3.61,0.00,36.14,upright_replica,true,one row per paid order,2026-09-26,America/Indiana/Indianapolis,USD
UP-20260926-0120,2026-09-26T21:00:00+00:00,DEMO-ITEM-20260926-0120,GW-024,Goodwillfinds,DEMO-UPRIGHT-0031,Silver-tone necklace,Jewelry,1,38.25,7.99,2.67,3.82,19.12,19.13,upright_replica,true,one row per paid order,2026-09-26,America/Indiana/Indianapolis,USD
UP-20260926-0121,2026-09-26T18:00:00+00:00,DEMO-ITEM-20260926-0121,GW-001,Shopgoodwill,DEMO-UPRIGHT-0032,Vintage ceramic vase,Home,1,40.36,3.99,2.82,4.03,0.00,40.36,upright_replica,true,one row per paid order,2026-09-26,America/Indiana/Indianapolis,USD
UP-20260926-0122,2026-09-26T19:00:00+00:00,DEMO-ITEM-20260926-0122,GW-002,eBay,DEMO-UPRIGHT-0033,"Wool cardigan, size S",Apparel,1,42.47,4.99,2.97,4.24,0.00,42.47,upright_replica,true,one row per paid order,2026-09-26,America/Indiana/Indianapolis,USD
UP-20260926-0123,2026-09-26T20:00:00+00:00,DEMO-ITEM-20260926-0123,GW-003,Goodwillfinds,DEMO-UPRIGHT-0034,Framed landscape print,Art,1,44.58,5.99,3.12,4.45,0.00,44.58,upright_replica,true,one row per paid order,2026-09-26,America/Indiana/Indianapolis,USD
UP-20260926-0124,2026-09-26T21:00:00+00:00,DEMO-ITEM-20260926-0124,GW-004,Shopgoodwill,DEMO-UPRIGHT-0035,Silver-tone necklace,Jewelry,1,46.69,6.99,3.26,4.66,0.00,46.69,upright_replica,true,one row per paid order,2026-09-26,America/Indiana/Indianapolis,USD
UP-20260926-0125,2026-09-26T18:00:00+00:00,DEMO-ITEM-20260926-0125,GW-005,eBay,DEMO-UPRIGHT-0036,Vintage ceramic vase,Home,1,48.80,7.99,3.41,4.88,0.00,48.80,upright_replica,true,one row per paid order,2026-09-26,America/Indiana/Indianapolis,USD
UP-20260926-0126,2026-09-26T19:00:00+00:00,DEMO-ITEM-20260926-0126,GW-006,Goodwillfinds,DEMO-UPRIGHT-0037,"Wool cardigan, size S",Apparel,1,50.91,3.99,3.56,5.09,0.00,50.91,upright_replica,true,one row per paid order,2026-09-26,America/Indiana/Indianapolis,USD
UP-20260926-0127,2026-09-26T20:00:00+00:00,DEMO-ITEM-20260926-0127,GW-007,Shopgoodwill,DEMO-UPRIGHT-0038,Framed landscape print,Art,1,53.02,4.99,3.71,5.30,0.00,53.02,upright_replica,true,one row per paid order,2026-09-26,America/Indiana/Indianapolis,USD
UP-20260926-0128,2026-09-26T21:00:00+00:00,DEMO-ITEM-20260926-0128,GW-008,eBay,DEMO-UPRIGHT-0039,Silver-tone necklace,Jewelry,1,55.13,5.99,3.85,5.51,0.00,55.13,upright_replica,true,one row per paid order,2026-09-26,America/Indiana/Indianapolis,USD
UP-20260927-0001,2026-09-27T18:00:00+00:00,DEMO-ITEM-20260927-0001,GW-001,Shopgoodwill,DEMO-UPRIGHT-0001,Vintage ceramic vase,Home,1,43.53,3.99,3.04,4.35,21.76,21.77,upright_replica,true,one row per paid order,2026-09-27,America/Indiana/Indianapolis,USD
UP-20260927-0002,2026-09-27T19:00:00+00:00,DEMO-ITEM-20260927-0002,GW-002,eBay,DEMO-UPRIGHT-0002,"Wool cardigan, size S",Apparel,1,45.64,4.99,3.19,4.56,0.00,45.64,upright_replica,true,one row per paid order,2026-09-27,America/Indiana/Indianapolis,USD
UP-20260927-0003,2026-09-27T20:00:00+00:00,DEMO-ITEM-20260927-0003,GW-003,Goodwillfinds,DEMO-UPRIGHT-0003,Framed landscape print,Art,1,47.75,5.99,3.34,4.77,0.00,47.75,upright_replica,true,one row per paid order,2026-09-27,America/Indiana/Indianapolis,USD
UP-20260927-0004,2026-09-27T21:00:00+00:00,DEMO-ITEM-20260927-0004,GW-004,Shopgoodwill,DEMO-UPRIGHT-0004,Silver-tone necklace,Jewelry,1,49.86,6.99,3.49,4.98,0.00,49.86,upright_replica,true,one row per paid order,2026-09-27,America/Indiana/Indianapolis,USD
UP-20260927-0005,2026-09-27T18:00:00+00:00,DEMO-ITEM-20260927-0005,GW-005,eBay,DEMO-UPRIGHT-0005,Vintage ceramic vase,Home,1,51.97,7.99,3.63,5.19,0.00,51.97,upright_replica,true,one row per paid order,2026-09-27,America/Indiana/Indianapolis,USD
UP-20260927-0006,2026-09-27T19:00:00+00:00,DEMO-ITEM-20260927-0006,GW-006,Goodwillfinds,DEMO-UPRIGHT-0006,"Wool cardigan, size S",Apparel,1,54.08,3.99,3.78,5.40,0.00,54.08,upright_replica,true,one row per paid order,2026-09-27,America/Indiana/Indianapolis,USD
UP-20260927-0007,2026-09-27T20:00:00+00:00,DEMO-ITEM-20260927-0007,GW-007,Shopgoodwill,DEMO-UPRIGHT-0007,Framed landscape print,Art,1,56.19,4.99,3.93,5.61,0.00,56.19,upright_replica,true,one row per paid order,2026-09-27,America/Indiana/Indianapolis,USD
UP-20260927-0008,2026-09-27T21:00:00+00:00,DEMO-ITEM-20260927-0008,GW-008,eBay,DEMO-UPRIGHT-0008,Silver-tone necklace,Jewelry,1,58.30,5.99,4.08,5.83,0.00,58.30,upright_replica,true,one row per paid order,2026-09-27,America/Indiana/Indianapolis,USD
UP-20260927-0009,2026-09-27T18:00:00+00:00,DEMO-ITEM-20260927-0009,GW-009,Goodwillfinds,DEMO-UPRIGHT-0009,Vintage ceramic vase,Home,1,60.41,6.99,4.22,6.04,0.00,60.41,upright_replica,true,one row per paid order,2026-09-27,America/Indiana/Indianapolis,USD
UP-20260927-0010,2026-09-27T19:00:00+00:00,DEMO-ITEM-20260927-0010,GW-010,Shopgoodwill,DEMO-UPRIGHT-0010,"Wool cardigan, size S",Apparel,1,62.52,7.99,4.37,6.25,0.00,62.52,upright_replica,true,one row per paid order,2026-09-27,America/Indiana/Indianapolis,USD
UP-20260927-0011,2026-09-27T20:00:00+00:00,DEMO-ITEM-20260927-0011,GW-011,eBay,DEMO-UPRIGHT-0011,Framed landscape print,Art,1,64.63,3.99,4.52,6.46,0.00,64.63,upright_replica,true,one row per paid order,2026-09-27,America/Indiana/Indianapolis,USD
UP-20260927-0012,2026-09-27T21:00:00+00:00,DEMO-ITEM-20260927-0012,GW-012,Goodwillfinds,DEMO-UPRIGHT-0012,Silver-tone necklace,Jewelry,1,66.74,4.99,4.67,6.67,0.00,66.74,upright_replica,true,one row per paid order,2026-09-27,America/Indiana/Indianapolis,USD
UP-20260927-0013,2026-09-27T18:00:00+00:00,DEMO-ITEM-20260927-0013,GW-013,Shopgoodwill,DEMO-UPRIGHT-0013,Vintage ceramic vase,Home,1,68.85,5.99,4.81,6.88,0.00,68.85,upright_replica,true,one row per paid order,2026-09-27,America/Indiana/Indianapolis,USD
UP-20260927-0014,2026-09-27T19:00:00+00:00,DEMO-ITEM-20260927-0014,GW-014,eBay,DEMO-UPRIGHT-0014,"Wool cardigan, size S",Apparel,1,70.96,6.99,4.96,7.09,0.00,70.96,upright_replica,true,one row per paid order,2026-09-27,America/Indiana/Indianapolis,USD
UP-20260927-0015,2026-09-27T20:00:00+00:00,DEMO-ITEM-20260927-0015,GW-015,Goodwillfinds,DEMO-UPRIGHT-0015,Framed landscape print,Art,1,73.07,7.99,5.11,7.30,0.00,73.07,upright_replica,true,one row per paid order,2026-09-27,America/Indiana/Indianapolis,USD
UP-20260927-0016,2026-09-27T21:00:00+00:00,DEMO-ITEM-20260927-0016,GW-016,Shopgoodwill,DEMO-UPRIGHT-0016,Silver-tone necklace,Jewelry,1,75.18,3.99,5.26,7.51,0.00,75.18,upright_replica,true,one row per paid order,2026-09-27,America/Indiana/Indianapolis,USD
UP-20260927-0017,2026-09-27T18:00:00+00:00,DEMO-ITEM-20260927-0017,GW-017,eBay,DEMO-UPRIGHT-0017,Vintage ceramic vase,Home,1,77.29,4.99,5.41,7.72,0.00,77.29,upright_replica,true,one row per paid order,2026-09-27,America/Indiana/Indianapolis,USD
UP-20260927-0018,2026-09-27T19:00:00+00:00,DEMO-ITEM-20260927-0018,GW-018,Goodwillfinds,DEMO-UPRIGHT-0018,"Wool cardigan, size S",Apparel,1,79.40,5.99,5.55,7.94,39.70,39.70,upright_replica,true,one row per paid order,2026-09-27,America/Indiana/Indianapolis,USD
UP-20260927-0019,2026-09-27T20:00:00+00:00,DEMO-ITEM-20260927-0019,GW-019,Shopgoodwill,DEMO-UPRIGHT-0019,Framed landscape print,Art,1,81.51,6.99,5.70,8.15,0.00,81.51,upright_replica,true,one row per paid order,2026-09-27,America/Indiana/Indianapolis,USD
UP-20260927-0020,2026-09-27T21:00:00+00:00,DEMO-ITEM-20260927-0020,GW-020,eBay,DEMO-UPRIGHT-0020,Silver-tone necklace,Jewelry,1,83.62,7.99,5.85,8.36,0.00,83.62,upright_replica,true,one row per paid order,2026-09-27,America/Indiana/Indianapolis,USD
UP-20260927-0021,2026-09-27T18:00:00+00:00,DEMO-ITEM-20260927-0021,GW-021,Goodwillfinds,DEMO-UPRIGHT-0021,Vintage ceramic vase,Home,1,85.73,3.99,6.00,8.57,0.00,85.73,upright_replica,true,one row per paid order,2026-09-27,America/Indiana/Indianapolis,USD
UP-20260927-0022,2026-09-27T19:00:00+00:00,DEMO-ITEM-20260927-0022,GW-022,Shopgoodwill,DEMO-UPRIGHT-0022,"Wool cardigan, size S",Apparel,1,87.84,4.99,6.14,8.78,0.00,87.84,upright_replica,true,one row per paid order,2026-09-27,America/Indiana/Indianapolis,USD
UP-20260927-0023,2026-09-27T20:00:00+00:00,DEMO-ITEM-20260927-0023,GW-023,eBay,DEMO-UPRIGHT-0023,Framed landscape print,Art,1,89.95,5.99,6.29,8.99,0.00,89.95,upright_replica,true,one row per paid order,2026-09-27,America/Indiana/Indianapolis,USD
UP-20260927-0024,2026-09-27T21:00:00+00:00,DEMO-ITEM-20260927-0024,GW-024,Goodwillfinds,DEMO-UPRIGHT-0024,Silver-tone necklace,Jewelry,1,92.06,6.99,6.44,9.20,0.00,92.06,upright_replica,true,one row per paid order,2026-09-27,America/Indiana/Indianapolis,USD
UP-20260927-0025,2026-09-27T18:00:00+00:00,DEMO-ITEM-20260927-0025,GW-001,Shopgoodwill,DEMO-UPRIGHT-0025,Vintage ceramic vase,Home,1,94.17,7.99,6.59,9.41,0.00,94.17,upright_replica,true,one row per paid order,2026-09-27,America/Indiana/Indianapolis,USD
UP-20260927-0026,2026-09-27T19:00:00+00:00,DEMO-ITEM-20260927-0026,GW-002,eBay,DEMO-UPRIGHT-0026,"Wool cardigan, size S",Apparel,1,96.28,3.99,6.73,9.62,0.00,96.28,upright_replica,true,one row per paid order,2026-09-27,America/Indiana/Indianapolis,USD
UP-20260927-0027,2026-09-27T20:00:00+00:00,DEMO-ITEM-20260927-0027,GW-003,Goodwillfinds,DEMO-UPRIGHT-0027,Framed landscape print,Art,1,98.39,4.99,6.88,9.83,0.00,98.39,upright_replica,true,one row per paid order,2026-09-27,America/Indiana/Indianapolis,USD
UP-20260927-0028,2026-09-27T21:00:00+00:00,DEMO-ITEM-20260927-0028,GW-004,Shopgoodwill,DEMO-UPRIGHT-0028,Silver-tone necklace,Jewelry,1,15.50,5.99,1.08,1.55,0.00,15.50,upright_replica,true,one row per paid order,2026-09-27,America/Indiana/Indianapolis,USD
UP-20260927-0029,2026-09-27T18:00:00+00:00,DEMO-ITEM-20260927-0029,GW-005,eBay,DEMO-UPRIGHT-0029,Vintage ceramic vase,Home,1,17.61,6.99,1.23,1.76,0.00,17.61,upright_replica,true,one row per paid order,2026-09-27,America/Indiana/Indianapolis,USD
UP-20260927-0030,2026-09-27T19:00:00+00:00,DEMO-ITEM-20260927-0030,GW-006,Goodwillfinds,DEMO-UPRIGHT-0030,"Wool cardigan, size S",Apparel,1,19.72,7.99,1.38,1.97,0.00,19.72,upright_replica,true,one row per paid order,2026-09-27,America/Indiana/Indianapolis,USD
UP-20260927-0031,2026-09-27T20:00:00+00:00,DEMO-ITEM-20260927-0031,GW-007,Shopgoodwill,DEMO-UPRIGHT-0031,Framed landscape print,Art,1,21.83,3.99,1.52,2.18,0.00,21.83,upright_replica,true,one row per paid order,2026-09-27,America/Indiana/Indianapolis,USD
UP-20260927-0032,2026-09-27T21:00:00+00:00,DEMO-ITEM-20260927-0032,GW-008,eBay,DEMO-UPRIGHT-0032,Silver-tone necklace,Jewelry,1,23.94,4.99,1.67,2.39,0.00,23.94,upright_replica,true,one row per paid order,2026-09-27,America/Indiana/Indianapolis,USD
UP-20260927-0033,2026-09-27T18:00:00+00:00,DEMO-ITEM-20260927-0033,GW-009,Goodwillfinds,DEMO-UPRIGHT-0033,Vintage ceramic vase,Home,1,26.05,5.99,1.82,2.60,0.00,26.05,upright_replica,true,one row per paid order,2026-09-27,America/Indiana/Indianapolis,USD
UP-20260927-0034,2026-09-27T19:00:00+00:00,DEMO-ITEM-20260927-0034,GW-010,Shopgoodwill,DEMO-UPRIGHT-0034,"Wool cardigan, size S",Apparel,1,28.16,6.99,1.97,2.81,0.00,28.16,upright_replica,true,one row per paid order,2026-09-27,America/Indiana/Indianapolis,USD
UP-20260927-0035,2026-09-27T20:00:00+00:00,DEMO-ITEM-20260927-0035,GW-011,eBay,DEMO-UPRIGHT-0035,Framed landscape print,Art,1,30.27,7.99,2.11,3.02,15.13,15.14,upright_replica,true,one row per paid order,2026-09-27,America/Indiana/Indianapolis,USD
UP-20260927-0036,2026-09-27T21:00:00+00:00,DEMO-ITEM-20260927-0036,GW-012,Goodwillfinds,DEMO-UPRIGHT-0036,Silver-tone necklace,Jewelry,1,32.38,3.99,2.26,3.23,0.00,32.38,upright_replica,true,one row per paid order,2026-09-27,America/Indiana/Indianapolis,USD
UP-20260927-0037,2026-09-27T18:00:00+00:00,DEMO-ITEM-20260927-0037,GW-013,Shopgoodwill,DEMO-UPRIGHT-0037,Vintage ceramic vase,Home,1,34.49,4.99,2.41,3.44,0.00,34.49,upright_replica,true,one row per paid order,2026-09-27,America/Indiana/Indianapolis,USD
UP-20260927-0038,2026-09-27T19:00:00+00:00,DEMO-ITEM-20260927-0038,GW-014,eBay,DEMO-UPRIGHT-0038,"Wool cardigan, size S",Apparel,1,36.60,5.99,2.56,3.66,0.00,36.60,upright_replica,true,one row per paid order,2026-09-27,America/Indiana/Indianapolis,USD
UP-20260927-0039,2026-09-27T20:00:00+00:00,DEMO-ITEM-20260927-0039,GW-015,Goodwillfinds,DEMO-UPRIGHT-0039,Framed landscape print,Art,1,38.71,6.99,2.70,3.87,0.00,38.71,upright_replica,true,one row per paid order,2026-09-27,America/Indiana/Indianapolis,USD
UP-20260927-0040,2026-09-27T21:00:00+00:00,DEMO-ITEM-20260927-0040,GW-016,Shopgoodwill,DEMO-UPRIGHT-0040,Silver-tone necklace,Jewelry,1,40.82,7.99,2.85,4.08,0.00,40.82,upright_replica,true,one row per paid order,2026-09-27,America/Indiana/Indianapolis,USD
UP-20260927-0041,2026-09-27T18:00:00+00:00,DEMO-ITEM-20260927-0041,GW-017,eBay,DEMO-UPRIGHT-0041,Vintage ceramic vase,Home,1,42.93,3.99,3.00,4.29,0.00,42.93,upright_replica,true,one row per paid order,2026-09-27,America/Indiana/Indianapolis,USD
UP-20260927-0042,2026-09-27T19:00:00+00:00,DEMO-ITEM-20260927-0042,GW-018,Goodwillfinds,DEMO-UPRIGHT-0042,"Wool cardigan, size S",Apparel,1,45.04,4.99,3.15,4.50,0.00,45.04,upright_replica,true,one row per paid order,2026-09-27,America/Indiana/Indianapolis,USD
UP-20260927-0043,2026-09-27T20:00:00+00:00,DEMO-ITEM-20260927-0043,GW-019,Shopgoodwill,DEMO-UPRIGHT-0043,Framed landscape print,Art,1,47.15,5.99,3.30,4.71,0.00,47.15,upright_replica,true,one row per paid order,2026-09-27,America/Indiana/Indianapolis,USD
UP-20260927-0044,2026-09-27T21:00:00+00:00,DEMO-ITEM-20260927-0044,GW-020,eBay,DEMO-UPRIGHT-0044,Silver-tone necklace,Jewelry,1,49.26,6.99,3.44,4.92,0.00,49.26,upright_replica,true,one row per paid order,2026-09-27,America/Indiana/Indianapolis,USD
UP-20260927-0045,2026-09-27T18:00:00+00:00,DEMO-ITEM-20260927-0045,GW-021,Goodwillfinds,DEMO-UPRIGHT-0045,Vintage ceramic vase,Home,1,51.37,7.99,3.59,5.13,0.00,51.37,upright_replica,true,one row per paid order,2026-09-27,America/Indiana/Indianapolis,USD
UP-20260927-0046,2026-09-27T19:00:00+00:00,DEMO-ITEM-20260927-0046,GW-022,Shopgoodwill,DEMO-UPRIGHT-0046,"Wool cardigan, size S",Apparel,1,53.48,3.99,3.74,5.34,0.00,53.48,upright_replica,true,one row per paid order,2026-09-27,America/Indiana/Indianapolis,USD
UP-20260927-0047,2026-09-27T20:00:00+00:00,DEMO-ITEM-20260927-0047,GW-023,eBay,DEMO-UPRIGHT-0047,Framed landscape print,Art,1,55.59,4.99,3.89,5.55,0.00,55.59,upright_replica,true,one row per paid order,2026-09-27,America/Indiana/Indianapolis,USD
UP-20260927-0048,2026-09-27T21:00:00+00:00,DEMO-ITEM-20260927-0048,GW-024,Goodwillfinds,DEMO-UPRIGHT-0048,Silver-tone necklace,Jewelry,1,57.70,5.99,4.03,5.77,0.00,57.70,upright_replica,true,one row per paid order,2026-09-27,America/Indiana/Indianapolis,USD
UP-20260927-0049,2026-09-27T18:00:00+00:00,DEMO-ITEM-20260927-0049,GW-001,Shopgoodwill,DEMO-UPRIGHT-0049,Vintage ceramic vase,Home,1,59.81,6.99,4.18,5.98,0.00,59.81,upright_replica,true,one row per paid order,2026-09-27,America/Indiana/Indianapolis,USD
UP-20260927-0050,2026-09-27T19:00:00+00:00,DEMO-ITEM-20260927-0050,GW-002,eBay,DEMO-UPRIGHT-0050,"Wool cardigan, size S",Apparel,1,61.92,7.99,4.33,6.19,0.00,61.92,upright_replica,true,one row per paid order,2026-09-27,America/Indiana/Indianapolis,USD
UP-20260927-0051,2026-09-27T20:00:00+00:00,DEMO-ITEM-20260927-0051,GW-003,Goodwillfinds,DEMO-UPRIGHT-0051,Framed landscape print,Art,1,64.03,3.99,4.48,6.40,0.00,64.03,upright_replica,true,one row per paid order,2026-09-27,America/Indiana/Indianapolis,USD
UP-20260927-0052,2026-09-27T21:00:00+00:00,DEMO-ITEM-20260927-0052,GW-004,Shopgoodwill,DEMO-UPRIGHT-0052,Silver-tone necklace,Jewelry,1,66.14,4.99,4.62,6.61,33.07,33.07,upright_replica,true,one row per paid order,2026-09-27,America/Indiana/Indianapolis,USD
UP-20260927-0053,2026-09-27T18:00:00+00:00,DEMO-ITEM-20260927-0053,GW-005,eBay,DEMO-UPRIGHT-0053,Vintage ceramic vase,Home,1,68.25,5.99,4.77,6.82,0.00,68.25,upright_replica,true,one row per paid order,2026-09-27,America/Indiana/Indianapolis,USD
UP-20260927-0054,2026-09-27T19:00:00+00:00,DEMO-ITEM-20260927-0054,GW-006,Goodwillfinds,DEMO-UPRIGHT-0054,"Wool cardigan, size S",Apparel,1,70.36,6.99,4.92,7.03,0.00,70.36,upright_replica,true,one row per paid order,2026-09-27,America/Indiana/Indianapolis,USD
UP-20260927-0055,2026-09-27T20:00:00+00:00,DEMO-ITEM-20260927-0055,GW-007,Shopgoodwill,DEMO-UPRIGHT-0055,Framed landscape print,Art,1,72.47,7.99,5.07,7.24,0.00,72.47,upright_replica,true,one row per paid order,2026-09-27,America/Indiana/Indianapolis,USD
UP-20260927-0056,2026-09-27T21:00:00+00:00,DEMO-ITEM-20260927-0056,GW-008,eBay,DEMO-UPRIGHT-0056,Silver-tone necklace,Jewelry,1,74.58,3.99,5.22,7.45,0.00,74.58,upright_replica,true,one row per paid order,2026-09-27,America/Indiana/Indianapolis,USD
UP-20260927-0057,2026-09-27T18:00:00+00:00,DEMO-ITEM-20260927-0057,GW-009,Goodwillfinds,DEMO-UPRIGHT-0057,Vintage ceramic vase,Home,1,76.69,4.99,5.36,7.66,0.00,76.69,upright_replica,true,one row per paid order,2026-09-27,America/Indiana/Indianapolis,USD
UP-20260927-0058,2026-09-27T19:00:00+00:00,DEMO-ITEM-20260927-0058,GW-010,Shopgoodwill,DEMO-UPRIGHT-0058,"Wool cardigan, size S",Apparel,1,78.80,5.99,5.51,7.88,0.00,78.80,upright_replica,true,one row per paid order,2026-09-27,America/Indiana/Indianapolis,USD
UP-20260927-0059,2026-09-27T20:00:00+00:00,DEMO-ITEM-20260927-0059,GW-011,eBay,DEMO-UPRIGHT-0059,Framed landscape print,Art,1,80.91,6.99,5.66,8.09,0.00,80.91,upright_replica,true,one row per paid order,2026-09-27,America/Indiana/Indianapolis,USD
UP-20260927-0060,2026-09-27T21:00:00+00:00,DEMO-ITEM-20260927-0060,GW-012,Goodwillfinds,DEMO-UPRIGHT-0060,Silver-tone necklace,Jewelry,1,83.02,7.99,5.81,8.30,0.00,83.02,upright_replica,true,one row per paid order,2026-09-27,America/Indiana/Indianapolis,USD
UP-20260927-0061,2026-09-27T18:00:00+00:00,DEMO-ITEM-20260927-0061,GW-013,Shopgoodwill,DEMO-UPRIGHT-0061,Vintage ceramic vase,Home,1,85.13,3.99,5.95,8.51,0.00,85.13,upright_replica,true,one row per paid order,2026-09-27,America/Indiana/Indianapolis,USD
UP-20260927-0062,2026-09-27T19:00:00+00:00,DEMO-ITEM-20260927-0062,GW-014,eBay,DEMO-UPRIGHT-0062,"Wool cardigan, size S",Apparel,1,87.24,4.99,6.10,8.72,0.00,87.24,upright_replica,true,one row per paid order,2026-09-27,America/Indiana/Indianapolis,USD
UP-20260927-0063,2026-09-27T20:00:00+00:00,DEMO-ITEM-20260927-0063,GW-015,Goodwillfinds,DEMO-UPRIGHT-0063,Framed landscape print,Art,1,89.35,5.99,6.25,8.93,0.00,89.35,upright_replica,true,one row per paid order,2026-09-27,America/Indiana/Indianapolis,USD
UP-20260927-0064,2026-09-27T21:00:00+00:00,DEMO-ITEM-20260927-0064,GW-016,Shopgoodwill,DEMO-UPRIGHT-0064,Silver-tone necklace,Jewelry,1,91.46,6.99,6.40,9.14,0.00,91.46,upright_replica,true,one row per paid order,2026-09-27,America/Indiana/Indianapolis,USD
UP-20260927-0065,2026-09-27T18:00:00+00:00,DEMO-ITEM-20260927-0065,GW-017,eBay,DEMO-UPRIGHT-0065,Vintage ceramic vase,Home,1,93.57,7.99,6.54,9.35,0.00,93.57,upright_replica,true,one row per paid order,2026-09-27,America/Indiana/Indianapolis,USD
UP-20260927-0066,2026-09-27T19:00:00+00:00,DEMO-ITEM-20260927-0066,GW-018,Goodwillfinds,DEMO-UPRIGHT-0066,"Wool cardigan, size S",Apparel,1,95.68,3.99,6.69,9.56,0.00,95.68,upright_replica,true,one row per paid order,2026-09-27,America/Indiana/Indianapolis,USD
UP-20260927-0067,2026-09-27T20:00:00+00:00,DEMO-ITEM-20260927-0067,GW-019,Shopgoodwill,DEMO-UPRIGHT-0067,Framed landscape print,Art,1,97.79,4.99,6.84,9.77,0.00,97.79,upright_replica,true,one row per paid order,2026-09-27,America/Indiana/Indianapolis,USD
UP-20260927-0068,2026-09-27T21:00:00+00:00,DEMO-ITEM-20260927-0068,GW-020,eBay,DEMO-UPRIGHT-0068,Silver-tone necklace,Jewelry,1,99.90,5.99,6.99,9.99,0.00,99.90,upright_replica,true,one row per paid order,2026-09-27,America/Indiana/Indianapolis,USD
UP-20260927-0069,2026-09-27T18:00:00+00:00,DEMO-ITEM-20260927-0069,GW-021,Goodwillfinds,DEMO-UPRIGHT-0069,Vintage ceramic vase,Home,1,17.01,6.99,1.19,1.70,8.50,8.51,upright_replica,true,one row per paid order,2026-09-27,America/Indiana/Indianapolis,USD
UP-20260927-0070,2026-09-27T19:00:00+00:00,DEMO-ITEM-20260927-0070,GW-022,Shopgoodwill,DEMO-UPRIGHT-0070,"Wool cardigan, size S",Apparel,1,19.12,7.99,1.33,1.91,0.00,19.12,upright_replica,true,one row per paid order,2026-09-27,America/Indiana/Indianapolis,USD
UP-20260927-0071,2026-09-27T20:00:00+00:00,DEMO-ITEM-20260927-0071,GW-023,eBay,DEMO-UPRIGHT-0071,Framed landscape print,Art,1,21.23,3.99,1.48,2.12,0.00,21.23,upright_replica,true,one row per paid order,2026-09-27,America/Indiana/Indianapolis,USD
UP-20260927-0072,2026-09-27T21:00:00+00:00,DEMO-ITEM-20260927-0072,GW-024,Goodwillfinds,DEMO-UPRIGHT-0072,Silver-tone necklace,Jewelry,1,23.34,4.99,1.63,2.33,0.00,23.34,upright_replica,true,one row per paid order,2026-09-27,America/Indiana/Indianapolis,USD
UP-20260927-0073,2026-09-27T18:00:00+00:00,DEMO-ITEM-20260927-0073,GW-001,Shopgoodwill,DEMO-UPRIGHT-0073,Vintage ceramic vase,Home,1,25.45,5.99,1.78,2.54,0.00,25.45,upright_replica,true,one row per paid order,2026-09-27,America/Indiana/Indianapolis,USD
UP-20260927-0074,2026-09-27T19:00:00+00:00,DEMO-ITEM-20260927-0074,GW-002,eBay,DEMO-UPRIGHT-0074,"Wool cardigan, size S",Apparel,1,27.56,6.99,1.92,2.75,0.00,27.56,upright_replica,true,one row per paid order,2026-09-27,America/Indiana/Indianapolis,USD
UP-20260927-0075,2026-09-27T20:00:00+00:00,DEMO-ITEM-20260927-0075,GW-003,Goodwillfinds,DEMO-UPRIGHT-0075,Framed landscape print,Art,1,29.67,7.99,2.07,2.96,0.00,29.67,upright_replica,true,one row per paid order,2026-09-27,America/Indiana/Indianapolis,USD
UP-20260927-0076,2026-09-27T21:00:00+00:00,DEMO-ITEM-20260927-0076,GW-004,Shopgoodwill,DEMO-UPRIGHT-0076,Silver-tone necklace,Jewelry,1,31.78,3.99,2.22,3.17,0.00,31.78,upright_replica,true,one row per paid order,2026-09-27,America/Indiana/Indianapolis,USD
UP-20260927-0077,2026-09-27T18:00:00+00:00,DEMO-ITEM-20260927-0077,GW-005,eBay,DEMO-UPRIGHT-0077,Vintage ceramic vase,Home,1,33.89,4.99,2.37,3.38,0.00,33.89,upright_replica,true,one row per paid order,2026-09-27,America/Indiana/Indianapolis,USD
UP-20260927-0078,2026-09-27T19:00:00+00:00,DEMO-ITEM-20260927-0078,GW-006,Goodwillfinds,DEMO-UPRIGHT-0078,"Wool cardigan, size S",Apparel,1,36.00,5.99,2.52,3.60,0.00,36.00,upright_replica,true,one row per paid order,2026-09-27,America/Indiana/Indianapolis,USD
UP-20260927-0079,2026-09-27T20:00:00+00:00,DEMO-ITEM-20260927-0079,GW-007,Shopgoodwill,DEMO-UPRIGHT-0079,Framed landscape print,Art,1,38.11,6.99,2.66,3.81,0.00,38.11,upright_replica,true,one row per paid order,2026-09-27,America/Indiana/Indianapolis,USD
UP-20260927-0080,2026-09-27T21:00:00+00:00,DEMO-ITEM-20260927-0080,GW-008,eBay,DEMO-UPRIGHT-0080,Silver-tone necklace,Jewelry,1,40.22,7.99,2.81,4.02,0.00,40.22,upright_replica,true,one row per paid order,2026-09-27,America/Indiana/Indianapolis,USD
UP-20260927-0081,2026-09-27T18:00:00+00:00,DEMO-ITEM-20260927-0081,GW-009,Goodwillfinds,DEMO-UPRIGHT-0081,Vintage ceramic vase,Home,1,42.33,3.99,2.96,4.23,0.00,42.33,upright_replica,true,one row per paid order,2026-09-27,America/Indiana/Indianapolis,USD
UP-20260927-0082,2026-09-27T19:00:00+00:00,DEMO-ITEM-20260927-0082,GW-010,Shopgoodwill,DEMO-UPRIGHT-0082,"Wool cardigan, size S",Apparel,1,44.44,4.99,3.11,4.44,0.00,44.44,upright_replica,true,one row per paid order,2026-09-27,America/Indiana/Indianapolis,USD
UP-20260927-0083,2026-09-27T20:00:00+00:00,DEMO-ITEM-20260927-0083,GW-011,eBay,DEMO-UPRIGHT-0083,Framed landscape print,Art,1,46.55,5.99,3.25,4.65,0.00,46.55,upright_replica,true,one row per paid order,2026-09-27,America/Indiana/Indianapolis,USD
UP-20260927-0084,2026-09-27T21:00:00+00:00,DEMO-ITEM-20260927-0084,GW-012,Goodwillfinds,DEMO-UPRIGHT-0084,Silver-tone necklace,Jewelry,1,48.66,6.99,3.40,4.86,0.00,48.66,upright_replica,true,one row per paid order,2026-09-27,America/Indiana/Indianapolis,USD
UP-20260927-0085,2026-09-27T18:00:00+00:00,DEMO-ITEM-20260927-0085,GW-013,Shopgoodwill,DEMO-UPRIGHT-0085,Vintage ceramic vase,Home,1,50.77,7.99,3.55,5.07,0.00,50.77,upright_replica,true,one row per paid order,2026-09-27,America/Indiana/Indianapolis,USD
UP-20260927-0086,2026-09-27T19:00:00+00:00,DEMO-ITEM-20260927-0086,GW-014,eBay,DEMO-UPRIGHT-0086,"Wool cardigan, size S",Apparel,1,52.88,3.99,3.70,5.28,26.44,26.44,upright_replica,true,one row per paid order,2026-09-27,America/Indiana/Indianapolis,USD
UP-20260927-0087,2026-09-27T20:00:00+00:00,DEMO-ITEM-20260927-0087,GW-015,Goodwillfinds,DEMO-UPRIGHT-0087,Framed landscape print,Art,1,54.99,4.99,3.84,5.49,0.00,54.99,upright_replica,true,one row per paid order,2026-09-27,America/Indiana/Indianapolis,USD
UP-20260927-0088,2026-09-27T21:00:00+00:00,DEMO-ITEM-20260927-0088,GW-016,Shopgoodwill,DEMO-UPRIGHT-0088,Silver-tone necklace,Jewelry,1,57.10,5.99,3.99,5.71,0.00,57.10,upright_replica,true,one row per paid order,2026-09-27,America/Indiana/Indianapolis,USD
UP-20260927-0089,2026-09-27T18:00:00+00:00,DEMO-ITEM-20260927-0089,GW-017,eBay,DEMO-UPRIGHT-0089,Vintage ceramic vase,Home,1,59.21,6.99,4.14,5.92,0.00,59.21,upright_replica,true,one row per paid order,2026-09-27,America/Indiana/Indianapolis,USD
UP-20260927-0090,2026-09-27T19:00:00+00:00,DEMO-ITEM-20260927-0090,GW-018,Goodwillfinds,DEMO-UPRIGHT-0001,"Wool cardigan, size S",Apparel,1,61.32,7.99,4.29,6.13,0.00,61.32,upright_replica,true,one row per paid order,2026-09-27,America/Indiana/Indianapolis,USD
UP-20260927-0091,2026-09-27T20:00:00+00:00,DEMO-ITEM-20260927-0091,GW-019,Shopgoodwill,DEMO-UPRIGHT-0002,Framed landscape print,Art,1,63.43,3.99,4.44,6.34,0.00,63.43,upright_replica,true,one row per paid order,2026-09-27,America/Indiana/Indianapolis,USD
UP-20260927-0092,2026-09-27T21:00:00+00:00,DEMO-ITEM-20260927-0092,GW-020,eBay,DEMO-UPRIGHT-0003,Silver-tone necklace,Jewelry,1,65.54,4.99,4.58,6.55,0.00,65.54,upright_replica,true,one row per paid order,2026-09-27,America/Indiana/Indianapolis,USD
UP-20260927-0093,2026-09-27T18:00:00+00:00,DEMO-ITEM-20260927-0093,GW-021,Goodwillfinds,DEMO-UPRIGHT-0004,Vintage ceramic vase,Home,1,67.65,5.99,4.73,6.76,0.00,67.65,upright_replica,true,one row per paid order,2026-09-27,America/Indiana/Indianapolis,USD
UP-20260927-0094,2026-09-27T19:00:00+00:00,DEMO-ITEM-20260927-0094,GW-022,Shopgoodwill,DEMO-UPRIGHT-0005,"Wool cardigan, size S",Apparel,1,69.76,6.99,4.88,6.97,0.00,69.76,upright_replica,true,one row per paid order,2026-09-27,America/Indiana/Indianapolis,USD
UP-20260927-0095,2026-09-27T20:00:00+00:00,DEMO-ITEM-20260927-0095,GW-023,eBay,DEMO-UPRIGHT-0006,Framed landscape print,Art,1,71.87,7.99,5.03,7.18,0.00,71.87,upright_replica,true,one row per paid order,2026-09-27,America/Indiana/Indianapolis,USD
UP-20260927-0096,2026-09-27T21:00:00+00:00,DEMO-ITEM-20260927-0096,GW-024,Goodwillfinds,DEMO-UPRIGHT-0007,Silver-tone necklace,Jewelry,1,73.98,3.99,5.17,7.39,0.00,73.98,upright_replica,true,one row per paid order,2026-09-27,America/Indiana/Indianapolis,USD
UP-20260927-0097,2026-09-27T18:00:00+00:00,DEMO-ITEM-20260927-0097,GW-001,Shopgoodwill,DEMO-UPRIGHT-0008,Vintage ceramic vase,Home,1,76.09,4.99,5.32,7.60,0.00,76.09,upright_replica,true,one row per paid order,2026-09-27,America/Indiana/Indianapolis,USD
UP-20260927-0098,2026-09-27T19:00:00+00:00,DEMO-ITEM-20260927-0098,GW-002,eBay,DEMO-UPRIGHT-0009,"Wool cardigan, size S",Apparel,1,78.20,5.99,5.47,7.82,0.00,78.20,upright_replica,true,one row per paid order,2026-09-27,America/Indiana/Indianapolis,USD
UP-20260927-0099,2026-09-27T20:00:00+00:00,DEMO-ITEM-20260927-0099,GW-003,Goodwillfinds,DEMO-UPRIGHT-0010,Framed landscape print,Art,1,80.31,6.99,5.62,8.03,0.00,80.31,upright_replica,true,one row per paid order,2026-09-27,America/Indiana/Indianapolis,USD
UP-20260927-0100,2026-09-27T21:00:00+00:00,DEMO-ITEM-20260927-0100,GW-004,Shopgoodwill,DEMO-UPRIGHT-0011,Silver-tone necklace,Jewelry,1,82.42,7.99,5.76,8.24,0.00,82.42,upright_replica,true,one row per paid order,2026-09-27,America/Indiana/Indianapolis,USD
UP-20260927-0101,2026-09-27T18:00:00+00:00,DEMO-ITEM-20260927-0101,GW-005,eBay,DEMO-UPRIGHT-0012,Vintage ceramic vase,Home,1,84.53,3.99,5.91,8.45,0.00,84.53,upright_replica,true,one row per paid order,2026-09-27,America/Indiana/Indianapolis,USD
UP-20260927-0102,2026-09-27T19:00:00+00:00,DEMO-ITEM-20260927-0102,GW-006,Goodwillfinds,DEMO-UPRIGHT-0013,"Wool cardigan, size S",Apparel,1,86.64,4.99,6.06,8.66,0.00,86.64,upright_replica,true,one row per paid order,2026-09-27,America/Indiana/Indianapolis,USD
UP-20260927-0103,2026-09-27T20:00:00+00:00,DEMO-ITEM-20260927-0103,GW-007,Shopgoodwill,DEMO-UPRIGHT-0014,Framed landscape print,Art,1,88.75,5.99,6.21,8.87,44.37,44.38,upright_replica,true,one row per paid order,2026-09-27,America/Indiana/Indianapolis,USD
UP-20260927-0104,2026-09-27T21:00:00+00:00,DEMO-ITEM-20260927-0104,GW-008,eBay,DEMO-UPRIGHT-0015,Silver-tone necklace,Jewelry,1,90.86,6.99,6.36,9.08,0.00,90.86,upright_replica,true,one row per paid order,2026-09-27,America/Indiana/Indianapolis,USD
UP-20260927-0105,2026-09-27T18:00:00+00:00,DEMO-ITEM-20260927-0105,GW-009,Goodwillfinds,DEMO-UPRIGHT-0016,Vintage ceramic vase,Home,1,92.97,7.99,6.50,9.29,0.00,92.97,upright_replica,true,one row per paid order,2026-09-27,America/Indiana/Indianapolis,USD
UP-20260927-0106,2026-09-27T19:00:00+00:00,DEMO-ITEM-20260927-0106,GW-010,Shopgoodwill,DEMO-UPRIGHT-0017,"Wool cardigan, size S",Apparel,1,95.08,3.99,6.65,9.50,0.00,95.08,upright_replica,true,one row per paid order,2026-09-27,America/Indiana/Indianapolis,USD
UP-20260927-0107,2026-09-27T20:00:00+00:00,DEMO-ITEM-20260927-0107,GW-011,eBay,DEMO-UPRIGHT-0018,Framed landscape print,Art,1,97.19,4.99,6.80,9.71,0.00,97.19,upright_replica,true,one row per paid order,2026-09-27,America/Indiana/Indianapolis,USD
UP-20260927-0108,2026-09-27T21:00:00+00:00,DEMO-ITEM-20260927-0108,GW-012,Goodwillfinds,DEMO-UPRIGHT-0019,Silver-tone necklace,Jewelry,1,99.30,5.99,6.95,9.93,0.00,99.30,upright_replica,true,one row per paid order,2026-09-27,America/Indiana/Indianapolis,USD
UP-20260927-0109,2026-09-27T18:00:00+00:00,DEMO-ITEM-20260927-0109,GW-013,Shopgoodwill,DEMO-UPRIGHT-0020,Vintage ceramic vase,Home,1,16.41,6.99,1.14,1.64,0.00,16.41,upright_replica,true,one row per paid order,2026-09-27,America/Indiana/Indianapolis,USD
UP-20260927-0110,2026-09-27T19:00:00+00:00,DEMO-ITEM-20260927-0110,GW-014,eBay,DEMO-UPRIGHT-0021,"Wool cardigan, size S",Apparel,1,18.52,7.99,1.29,1.85,0.00,18.52,upright_replica,true,one row per paid order,2026-09-27,America/Indiana/Indianapolis,USD
UP-20260927-0111,2026-09-27T20:00:00+00:00,DEMO-ITEM-20260927-0111,GW-015,Goodwillfinds,DEMO-UPRIGHT-0022,Framed landscape print,Art,1,20.63,3.99,1.44,2.06,0.00,20.63,upright_replica,true,one row per paid order,2026-09-27,America/Indiana/Indianapolis,USD
UP-20260927-0112,2026-09-27T21:00:00+00:00,DEMO-ITEM-20260927-0112,GW-016,Shopgoodwill,DEMO-UPRIGHT-0023,Silver-tone necklace,Jewelry,1,22.74,4.99,1.59,2.27,0.00,22.74,upright_replica,true,one row per paid order,2026-09-27,America/Indiana/Indianapolis,USD
UP-20260927-0113,2026-09-27T18:00:00+00:00,DEMO-ITEM-20260927-0113,GW-017,eBay,DEMO-UPRIGHT-0024,Vintage ceramic vase,Home,1,24.85,5.99,1.73,2.48,0.00,24.85,upright_replica,true,one row per paid order,2026-09-27,America/Indiana/Indianapolis,USD
UP-20260927-0114,2026-09-27T19:00:00+00:00,DEMO-ITEM-20260927-0114,GW-018,Goodwillfinds,DEMO-UPRIGHT-0025,"Wool cardigan, size S",Apparel,1,26.96,6.99,1.88,2.69,0.00,26.96,upright_replica,true,one row per paid order,2026-09-27,America/Indiana/Indianapolis,USD
UP-20260927-0115,2026-09-27T20:00:00+00:00,DEMO-ITEM-20260927-0115,GW-019,Shopgoodwill,DEMO-UPRIGHT-0026,Framed landscape print,Art,1,29.07,7.99,2.03,2.90,0.00,29.07,upright_replica,true,one row per paid order,2026-09-27,America/Indiana/Indianapolis,USD
UP-20260927-0116,2026-09-27T21:00:00+00:00,DEMO-ITEM-20260927-0116,GW-020,eBay,DEMO-UPRIGHT-0027,Silver-tone necklace,Jewelry,1,31.18,3.99,2.18,3.11,0.00,31.18,upright_replica,true,one row per paid order,2026-09-27,America/Indiana/Indianapolis,USD
UP-20260927-0117,2026-09-27T18:00:00+00:00,DEMO-ITEM-20260927-0117,GW-021,Goodwillfinds,DEMO-UPRIGHT-0028,Vintage ceramic vase,Home,1,33.29,4.99,2.33,3.32,0.00,33.29,upright_replica,true,one row per paid order,2026-09-27,America/Indiana/Indianapolis,USD
UP-20260927-0118,2026-09-27T19:00:00+00:00,DEMO-ITEM-20260927-0118,GW-022,Shopgoodwill,DEMO-UPRIGHT-0029,"Wool cardigan, size S",Apparel,1,35.40,5.99,2.47,3.54,0.00,35.40,upright_replica,true,one row per paid order,2026-09-27,America/Indiana/Indianapolis,USD
UP-20260927-0119,2026-09-27T20:00:00+00:00,DEMO-ITEM-20260927-0119,GW-023,eBay,DEMO-UPRIGHT-0030,Framed landscape print,Art,1,37.51,6.99,2.62,3.75,0.00,37.51,upright_replica,true,one row per paid order,2026-09-27,America/Indiana/Indianapolis,USD
UP-20260927-0120,2026-09-27T21:00:00+00:00,DEMO-ITEM-20260927-0120,GW-024,Goodwillfinds,DEMO-UPRIGHT-0031,Silver-tone necklace,Jewelry,1,39.62,7.99,2.77,3.96,19.81,19.81,upright_replica,true,one row per paid order,2026-09-27,America/Indiana/Indianapolis,USD
UP-20260927-0121,2026-09-27T18:00:00+00:00,DEMO-ITEM-20260927-0121,GW-001,Shopgoodwill,DEMO-UPRIGHT-0032,Vintage ceramic vase,Home,1,41.73,3.99,2.92,4.17,0.00,41.73,upright_replica,true,one row per paid order,2026-09-27,America/Indiana/Indianapolis,USD
UP-20260927-0122,2026-09-27T19:00:00+00:00,DEMO-ITEM-20260927-0122,GW-002,eBay,DEMO-UPRIGHT-0033,"Wool cardigan, size S",Apparel,1,43.84,4.99,3.06,4.38,0.00,43.84,upright_replica,true,one row per paid order,2026-09-27,America/Indiana/Indianapolis,USD
UP-20260927-0123,2026-09-27T20:00:00+00:00,DEMO-ITEM-20260927-0123,GW-003,Goodwillfinds,DEMO-UPRIGHT-0034,Framed landscape print,Art,1,45.95,5.99,3.21,4.59,0.00,45.95,upright_replica,true,one row per paid order,2026-09-27,America/Indiana/Indianapolis,USD
UP-20260927-0124,2026-09-27T21:00:00+00:00,DEMO-ITEM-20260927-0124,GW-004,Shopgoodwill,DEMO-UPRIGHT-0035,Silver-tone necklace,Jewelry,1,48.06,6.99,3.36,4.80,0.00,48.06,upright_replica,true,one row per paid order,2026-09-27,America/Indiana/Indianapolis,USD
UP-20260927-0125,2026-09-27T18:00:00+00:00,DEMO-ITEM-20260927-0125,GW-005,eBay,DEMO-UPRIGHT-0036,Vintage ceramic vase,Home,1,50.17,7.99,3.51,5.01,0.00,50.17,upright_replica,true,one row per paid order,2026-09-27,America/Indiana/Indianapolis,USD
UP-20260927-0126,2026-09-27T19:00:00+00:00,DEMO-ITEM-20260927-0126,GW-006,Goodwillfinds,DEMO-UPRIGHT-0037,"Wool cardigan, size S",Apparel,1,52.28,3.99,3.65,5.22,0.00,52.28,upright_replica,true,one row per paid order,2026-09-27,America/Indiana/Indianapolis,USD
UP-20260927-0127,2026-09-27T20:00:00+00:00,DEMO-ITEM-20260927-0127,GW-007,Shopgoodwill,DEMO-UPRIGHT-0038,Framed landscape print,Art,1,54.39,4.99,3.80,5.43,0.00,54.39,upright_replica,true,one row per paid order,2026-09-27,America/Indiana/Indianapolis,USD
UP-20260927-0128,2026-09-27T21:00:00+00:00,DEMO-ITEM-20260927-0128,GW-008,eBay,DEMO-UPRIGHT-0039,Silver-tone necklace,Jewelry,1,56.50,5.99,3.95,5.65,0.00,56.50,upright_replica,true,one row per paid order,2026-09-27,America/Indiana/Indianapolis,USD
UP-20260928-0001,2026-09-28T18:00:00+00:00,DEMO-ITEM-20260928-0001,GW-001,Shopgoodwill,DEMO-UPRIGHT-0001,Vintage ceramic vase,Home,1,44.90,3.99,3.14,4.49,22.45,22.45,upright_replica,true,one row per paid order,2026-09-28,America/Indiana/Indianapolis,USD
UP-20260928-0002,2026-09-28T19:00:00+00:00,DEMO-ITEM-20260928-0002,GW-002,eBay,DEMO-UPRIGHT-0002,"Wool cardigan, size S",Apparel,1,47.01,4.99,3.29,4.70,0.00,47.01,upright_replica,true,one row per paid order,2026-09-28,America/Indiana/Indianapolis,USD
UP-20260928-0003,2026-09-28T20:00:00+00:00,DEMO-ITEM-20260928-0003,GW-003,Goodwillfinds,DEMO-UPRIGHT-0003,Framed landscape print,Art,1,49.12,5.99,3.43,4.91,0.00,49.12,upright_replica,true,one row per paid order,2026-09-28,America/Indiana/Indianapolis,USD
UP-20260928-0004,2026-09-28T21:00:00+00:00,DEMO-ITEM-20260928-0004,GW-004,Shopgoodwill,DEMO-UPRIGHT-0004,Silver-tone necklace,Jewelry,1,51.23,6.99,3.58,5.12,0.00,51.23,upright_replica,true,one row per paid order,2026-09-28,America/Indiana/Indianapolis,USD
UP-20260928-0005,2026-09-28T18:00:00+00:00,DEMO-ITEM-20260928-0005,GW-005,eBay,DEMO-UPRIGHT-0005,Vintage ceramic vase,Home,1,53.34,7.99,3.73,5.33,0.00,53.34,upright_replica,true,one row per paid order,2026-09-28,America/Indiana/Indianapolis,USD
UP-20260928-0006,2026-09-28T19:00:00+00:00,DEMO-ITEM-20260928-0006,GW-006,Goodwillfinds,DEMO-UPRIGHT-0006,"Wool cardigan, size S",Apparel,1,55.45,3.99,3.88,5.54,0.00,55.45,upright_replica,true,one row per paid order,2026-09-28,America/Indiana/Indianapolis,USD
UP-20260928-0007,2026-09-28T20:00:00+00:00,DEMO-ITEM-20260928-0007,GW-007,Shopgoodwill,DEMO-UPRIGHT-0007,Framed landscape print,Art,1,57.56,4.99,4.02,5.75,0.00,57.56,upright_replica,true,one row per paid order,2026-09-28,America/Indiana/Indianapolis,USD
UP-20260928-0008,2026-09-28T21:00:00+00:00,DEMO-ITEM-20260928-0008,GW-008,eBay,DEMO-UPRIGHT-0008,Silver-tone necklace,Jewelry,1,59.67,5.99,4.17,5.96,0.00,59.67,upright_replica,true,one row per paid order,2026-09-28,America/Indiana/Indianapolis,USD
UP-20260928-0009,2026-09-28T18:00:00+00:00,DEMO-ITEM-20260928-0009,GW-009,Goodwillfinds,DEMO-UPRIGHT-0009,Vintage ceramic vase,Home,1,61.78,6.99,4.32,6.17,0.00,61.78,upright_replica,true,one row per paid order,2026-09-28,America/Indiana/Indianapolis,USD
UP-20260928-0010,2026-09-28T19:00:00+00:00,DEMO-ITEM-20260928-0010,GW-010,Shopgoodwill,DEMO-UPRIGHT-0010,"Wool cardigan, size S",Apparel,1,63.89,7.99,4.47,6.38,0.00,63.89,upright_replica,true,one row per paid order,2026-09-28,America/Indiana/Indianapolis,USD
UP-20260928-0011,2026-09-28T20:00:00+00:00,DEMO-ITEM-20260928-0011,GW-011,eBay,DEMO-UPRIGHT-0011,Framed landscape print,Art,1,66.00,3.99,4.62,6.60,0.00,66.00,upright_replica,true,one row per paid order,2026-09-28,America/Indiana/Indianapolis,USD
UP-20260928-0012,2026-09-28T21:00:00+00:00,DEMO-ITEM-20260928-0012,GW-012,Goodwillfinds,DEMO-UPRIGHT-0012,Silver-tone necklace,Jewelry,1,68.11,4.99,4.76,6.81,0.00,68.11,upright_replica,true,one row per paid order,2026-09-28,America/Indiana/Indianapolis,USD
UP-20260928-0013,2026-09-28T18:00:00+00:00,DEMO-ITEM-20260928-0013,GW-013,Shopgoodwill,DEMO-UPRIGHT-0013,Vintage ceramic vase,Home,1,70.22,5.99,4.91,7.02,0.00,70.22,upright_replica,true,one row per paid order,2026-09-28,America/Indiana/Indianapolis,USD
UP-20260928-0014,2026-09-28T19:00:00+00:00,DEMO-ITEM-20260928-0014,GW-014,eBay,DEMO-UPRIGHT-0014,"Wool cardigan, size S",Apparel,1,72.33,6.99,5.06,7.23,0.00,72.33,upright_replica,true,one row per paid order,2026-09-28,America/Indiana/Indianapolis,USD
UP-20260928-0015,2026-09-28T20:00:00+00:00,DEMO-ITEM-20260928-0015,GW-015,Goodwillfinds,DEMO-UPRIGHT-0015,Framed landscape print,Art,1,74.44,7.99,5.21,7.44,0.00,74.44,upright_replica,true,one row per paid order,2026-09-28,America/Indiana/Indianapolis,USD
UP-20260928-0016,2026-09-28T21:00:00+00:00,DEMO-ITEM-20260928-0016,GW-016,Shopgoodwill,DEMO-UPRIGHT-0016,Silver-tone necklace,Jewelry,1,76.55,3.99,5.35,7.65,0.00,76.55,upright_replica,true,one row per paid order,2026-09-28,America/Indiana/Indianapolis,USD
UP-20260928-0017,2026-09-28T18:00:00+00:00,DEMO-ITEM-20260928-0017,GW-017,eBay,DEMO-UPRIGHT-0017,Vintage ceramic vase,Home,1,78.66,4.99,5.50,7.86,0.00,78.66,upright_replica,true,one row per paid order,2026-09-28,America/Indiana/Indianapolis,USD
UP-20260928-0018,2026-09-28T19:00:00+00:00,DEMO-ITEM-20260928-0018,GW-018,Goodwillfinds,DEMO-UPRIGHT-0018,"Wool cardigan, size S",Apparel,1,80.77,5.99,5.65,8.07,40.38,40.39,upright_replica,true,one row per paid order,2026-09-28,America/Indiana/Indianapolis,USD
UP-20260928-0019,2026-09-28T20:00:00+00:00,DEMO-ITEM-20260928-0019,GW-019,Shopgoodwill,DEMO-UPRIGHT-0019,Framed landscape print,Art,1,82.88,6.99,5.80,8.28,0.00,82.88,upright_replica,true,one row per paid order,2026-09-28,America/Indiana/Indianapolis,USD
UP-20260928-0020,2026-09-28T21:00:00+00:00,DEMO-ITEM-20260928-0020,GW-020,eBay,DEMO-UPRIGHT-0020,Silver-tone necklace,Jewelry,1,84.99,7.99,5.94,8.49,0.00,84.99,upright_replica,true,one row per paid order,2026-09-28,America/Indiana/Indianapolis,USD
UP-20260928-0021,2026-09-28T18:00:00+00:00,DEMO-ITEM-20260928-0021,GW-021,Goodwillfinds,DEMO-UPRIGHT-0021,Vintage ceramic vase,Home,1,87.10,3.99,6.09,8.71,0.00,87.10,upright_replica,true,one row per paid order,2026-09-28,America/Indiana/Indianapolis,USD
UP-20260928-0022,2026-09-28T19:00:00+00:00,DEMO-ITEM-20260928-0022,GW-022,Shopgoodwill,DEMO-UPRIGHT-0022,"Wool cardigan, size S",Apparel,1,89.21,4.99,6.24,8.92,0.00,89.21,upright_replica,true,one row per paid order,2026-09-28,America/Indiana/Indianapolis,USD
UP-20260928-0023,2026-09-28T20:00:00+00:00,DEMO-ITEM-20260928-0023,GW-023,eBay,DEMO-UPRIGHT-0023,Framed landscape print,Art,1,91.32,5.99,6.39,9.13,0.00,91.32,upright_replica,true,one row per paid order,2026-09-28,America/Indiana/Indianapolis,USD
UP-20260928-0024,2026-09-28T21:00:00+00:00,DEMO-ITEM-20260928-0024,GW-024,Goodwillfinds,DEMO-UPRIGHT-0024,Silver-tone necklace,Jewelry,1,93.43,6.99,6.54,9.34,0.00,93.43,upright_replica,true,one row per paid order,2026-09-28,America/Indiana/Indianapolis,USD
UP-20260928-0025,2026-09-28T18:00:00+00:00,DEMO-ITEM-20260928-0025,GW-001,Shopgoodwill,DEMO-UPRIGHT-0025,Vintage ceramic vase,Home,1,95.54,7.99,6.68,9.55,0.00,95.54,upright_replica,true,one row per paid order,2026-09-28,America/Indiana/Indianapolis,USD
UP-20260928-0026,2026-09-28T19:00:00+00:00,DEMO-ITEM-20260928-0026,GW-002,eBay,DEMO-UPRIGHT-0026,"Wool cardigan, size S",Apparel,1,97.65,3.99,6.83,9.76,0.00,97.65,upright_replica,true,one row per paid order,2026-09-28,America/Indiana/Indianapolis,USD
UP-20260928-0027,2026-09-28T20:00:00+00:00,DEMO-ITEM-20260928-0027,GW-003,Goodwillfinds,DEMO-UPRIGHT-0027,Framed landscape print,Art,1,99.76,4.99,6.98,9.97,0.00,99.76,upright_replica,true,one row per paid order,2026-09-28,America/Indiana/Indianapolis,USD
UP-20260928-0028,2026-09-28T21:00:00+00:00,DEMO-ITEM-20260928-0028,GW-004,Shopgoodwill,DEMO-UPRIGHT-0028,Silver-tone necklace,Jewelry,1,16.87,5.99,1.18,1.68,0.00,16.87,upright_replica,true,one row per paid order,2026-09-28,America/Indiana/Indianapolis,USD
UP-20260928-0029,2026-09-28T18:00:00+00:00,DEMO-ITEM-20260928-0029,GW-005,eBay,DEMO-UPRIGHT-0029,Vintage ceramic vase,Home,1,18.98,6.99,1.32,1.89,0.00,18.98,upright_replica,true,one row per paid order,2026-09-28,America/Indiana/Indianapolis,USD
UP-20260928-0030,2026-09-28T19:00:00+00:00,DEMO-ITEM-20260928-0030,GW-006,Goodwillfinds,DEMO-UPRIGHT-0030,"Wool cardigan, size S",Apparel,1,21.09,7.99,1.47,2.10,0.00,21.09,upright_replica,true,one row per paid order,2026-09-28,America/Indiana/Indianapolis,USD
UP-20260928-0031,2026-09-28T20:00:00+00:00,DEMO-ITEM-20260928-0031,GW-007,Shopgoodwill,DEMO-UPRIGHT-0031,Framed landscape print,Art,1,23.20,3.99,1.62,2.32,0.00,23.20,upright_replica,true,one row per paid order,2026-09-28,America/Indiana/Indianapolis,USD
UP-20260928-0032,2026-09-28T21:00:00+00:00,DEMO-ITEM-20260928-0032,GW-008,eBay,DEMO-UPRIGHT-0032,Silver-tone necklace,Jewelry,1,25.31,4.99,1.77,2.53,0.00,25.31,upright_replica,true,one row per paid order,2026-09-28,America/Indiana/Indianapolis,USD
UP-20260928-0033,2026-09-28T18:00:00+00:00,DEMO-ITEM-20260928-0033,GW-009,Goodwillfinds,DEMO-UPRIGHT-0033,Vintage ceramic vase,Home,1,27.42,5.99,1.91,2.74,0.00,27.42,upright_replica,true,one row per paid order,2026-09-28,America/Indiana/Indianapolis,USD
UP-20260928-0034,2026-09-28T19:00:00+00:00,DEMO-ITEM-20260928-0034,GW-010,Shopgoodwill,DEMO-UPRIGHT-0034,"Wool cardigan, size S",Apparel,1,29.53,6.99,2.06,2.95,0.00,29.53,upright_replica,true,one row per paid order,2026-09-28,America/Indiana/Indianapolis,USD
UP-20260928-0035,2026-09-28T20:00:00+00:00,DEMO-ITEM-20260928-0035,GW-011,eBay,DEMO-UPRIGHT-0035,Framed landscape print,Art,1,31.64,7.99,2.21,3.16,15.82,15.82,upright_replica,true,one row per paid order,2026-09-28,America/Indiana/Indianapolis,USD
UP-20260928-0036,2026-09-28T21:00:00+00:00,DEMO-ITEM-20260928-0036,GW-012,Goodwillfinds,DEMO-UPRIGHT-0036,Silver-tone necklace,Jewelry,1,33.75,3.99,2.36,3.37,0.00,33.75,upright_replica,true,one row per paid order,2026-09-28,America/Indiana/Indianapolis,USD
UP-20260928-0037,2026-09-28T18:00:00+00:00,DEMO-ITEM-20260928-0037,GW-013,Shopgoodwill,DEMO-UPRIGHT-0037,Vintage ceramic vase,Home,1,35.86,4.99,2.51,3.58,0.00,35.86,upright_replica,true,one row per paid order,2026-09-28,America/Indiana/Indianapolis,USD
UP-20260928-0038,2026-09-28T19:00:00+00:00,DEMO-ITEM-20260928-0038,GW-014,eBay,DEMO-UPRIGHT-0038,"Wool cardigan, size S",Apparel,1,37.97,5.99,2.65,3.79,0.00,37.97,upright_replica,true,one row per paid order,2026-09-28,America/Indiana/Indianapolis,USD
UP-20260928-0039,2026-09-28T20:00:00+00:00,DEMO-ITEM-20260928-0039,GW-015,Goodwillfinds,DEMO-UPRIGHT-0039,Framed landscape print,Art,1,40.08,6.99,2.80,4.00,0.00,40.08,upright_replica,true,one row per paid order,2026-09-28,America/Indiana/Indianapolis,USD
UP-20260928-0040,2026-09-28T21:00:00+00:00,DEMO-ITEM-20260928-0040,GW-016,Shopgoodwill,DEMO-UPRIGHT-0040,Silver-tone necklace,Jewelry,1,42.19,7.99,2.95,4.21,0.00,42.19,upright_replica,true,one row per paid order,2026-09-28,America/Indiana/Indianapolis,USD
UP-20260928-0041,2026-09-28T18:00:00+00:00,DEMO-ITEM-20260928-0041,GW-017,eBay,DEMO-UPRIGHT-0041,Vintage ceramic vase,Home,1,44.30,3.99,3.10,4.43,0.00,44.30,upright_replica,true,one row per paid order,2026-09-28,America/Indiana/Indianapolis,USD
UP-20260928-0042,2026-09-28T19:00:00+00:00,DEMO-ITEM-20260928-0042,GW-018,Goodwillfinds,DEMO-UPRIGHT-0042,"Wool cardigan, size S",Apparel,1,46.41,4.99,3.24,4.64,0.00,46.41,upright_replica,true,one row per paid order,2026-09-28,America/Indiana/Indianapolis,USD
UP-20260928-0043,2026-09-28T20:00:00+00:00,DEMO-ITEM-20260928-0043,GW-019,Shopgoodwill,DEMO-UPRIGHT-0043,Framed landscape print,Art,1,48.52,5.99,3.39,4.85,0.00,48.52,upright_replica,true,one row per paid order,2026-09-28,America/Indiana/Indianapolis,USD
UP-20260928-0044,2026-09-28T21:00:00+00:00,DEMO-ITEM-20260928-0044,GW-020,eBay,DEMO-UPRIGHT-0044,Silver-tone necklace,Jewelry,1,50.63,6.99,3.54,5.06,0.00,50.63,upright_replica,true,one row per paid order,2026-09-28,America/Indiana/Indianapolis,USD
UP-20260928-0045,2026-09-28T18:00:00+00:00,DEMO-ITEM-20260928-0045,GW-021,Goodwillfinds,DEMO-UPRIGHT-0045,Vintage ceramic vase,Home,1,52.74,7.99,3.69,5.27,0.00,52.74,upright_replica,true,one row per paid order,2026-09-28,America/Indiana/Indianapolis,USD
UP-20260928-0046,2026-09-28T19:00:00+00:00,DEMO-ITEM-20260928-0046,GW-022,Shopgoodwill,DEMO-UPRIGHT-0046,"Wool cardigan, size S",Apparel,1,54.85,3.99,3.83,5.48,0.00,54.85,upright_replica,true,one row per paid order,2026-09-28,America/Indiana/Indianapolis,USD
UP-20260928-0047,2026-09-28T20:00:00+00:00,DEMO-ITEM-20260928-0047,GW-023,eBay,DEMO-UPRIGHT-0047,Framed landscape print,Art,1,56.96,4.99,3.98,5.69,0.00,56.96,upright_replica,true,one row per paid order,2026-09-28,America/Indiana/Indianapolis,USD
UP-20260928-0048,2026-09-28T21:00:00+00:00,DEMO-ITEM-20260928-0048,GW-024,Goodwillfinds,DEMO-UPRIGHT-0048,Silver-tone necklace,Jewelry,1,59.07,5.99,4.13,5.90,0.00,59.07,upright_replica,true,one row per paid order,2026-09-28,America/Indiana/Indianapolis,USD
UP-20260928-0049,2026-09-28T18:00:00+00:00,DEMO-ITEM-20260928-0049,GW-001,Shopgoodwill,DEMO-UPRIGHT-0049,Vintage ceramic vase,Home,1,61.18,6.99,4.28,6.11,0.00,61.18,upright_replica,true,one row per paid order,2026-09-28,America/Indiana/Indianapolis,USD
UP-20260928-0050,2026-09-28T19:00:00+00:00,DEMO-ITEM-20260928-0050,GW-002,eBay,DEMO-UPRIGHT-0050,"Wool cardigan, size S",Apparel,1,63.29,7.99,4.43,6.32,0.00,63.29,upright_replica,true,one row per paid order,2026-09-28,America/Indiana/Indianapolis,USD
UP-20260928-0051,2026-09-28T20:00:00+00:00,DEMO-ITEM-20260928-0051,GW-003,Goodwillfinds,DEMO-UPRIGHT-0051,Framed landscape print,Art,1,65.40,3.99,4.57,6.54,0.00,65.40,upright_replica,true,one row per paid order,2026-09-28,America/Indiana/Indianapolis,USD
UP-20260928-0052,2026-09-28T21:00:00+00:00,DEMO-ITEM-20260928-0052,GW-004,Shopgoodwill,DEMO-UPRIGHT-0052,Silver-tone necklace,Jewelry,1,67.51,4.99,4.72,6.75,33.75,33.76,upright_replica,true,one row per paid order,2026-09-28,America/Indiana/Indianapolis,USD
UP-20260928-0053,2026-09-28T18:00:00+00:00,DEMO-ITEM-20260928-0053,GW-005,eBay,DEMO-UPRIGHT-0053,Vintage ceramic vase,Home,1,69.62,5.99,4.87,6.96,0.00,69.62,upright_replica,true,one row per paid order,2026-09-28,America/Indiana/Indianapolis,USD
UP-20260928-0054,2026-09-28T19:00:00+00:00,DEMO-ITEM-20260928-0054,GW-006,Goodwillfinds,DEMO-UPRIGHT-0054,"Wool cardigan, size S",Apparel,1,71.73,6.99,5.02,7.17,0.00,71.73,upright_replica,true,one row per paid order,2026-09-28,America/Indiana/Indianapolis,USD
UP-20260928-0055,2026-09-28T20:00:00+00:00,DEMO-ITEM-20260928-0055,GW-007,Shopgoodwill,DEMO-UPRIGHT-0055,Framed landscape print,Art,1,73.84,7.99,5.16,7.38,0.00,73.84,upright_replica,true,one row per paid order,2026-09-28,America/Indiana/Indianapolis,USD
UP-20260928-0056,2026-09-28T21:00:00+00:00,DEMO-ITEM-20260928-0056,GW-008,eBay,DEMO-UPRIGHT-0056,Silver-tone necklace,Jewelry,1,75.95,3.99,5.31,7.59,0.00,75.95,upright_replica,true,one row per paid order,2026-09-28,America/Indiana/Indianapolis,USD
UP-20260928-0057,2026-09-28T18:00:00+00:00,DEMO-ITEM-20260928-0057,GW-009,Goodwillfinds,DEMO-UPRIGHT-0057,Vintage ceramic vase,Home,1,78.06,4.99,5.46,7.80,0.00,78.06,upright_replica,true,one row per paid order,2026-09-28,America/Indiana/Indianapolis,USD
UP-20260928-0058,2026-09-28T19:00:00+00:00,DEMO-ITEM-20260928-0058,GW-010,Shopgoodwill,DEMO-UPRIGHT-0058,"Wool cardigan, size S",Apparel,1,80.17,5.99,5.61,8.01,0.00,80.17,upright_replica,true,one row per paid order,2026-09-28,America/Indiana/Indianapolis,USD
UP-20260928-0059,2026-09-28T20:00:00+00:00,DEMO-ITEM-20260928-0059,GW-011,eBay,DEMO-UPRIGHT-0059,Framed landscape print,Art,1,82.28,6.99,5.75,8.22,0.00,82.28,upright_replica,true,one row per paid order,2026-09-28,America/Indiana/Indianapolis,USD
UP-20260928-0060,2026-09-28T21:00:00+00:00,DEMO-ITEM-20260928-0060,GW-012,Goodwillfinds,DEMO-UPRIGHT-0060,Silver-tone necklace,Jewelry,1,84.39,7.99,5.90,8.43,0.00,84.39,upright_replica,true,one row per paid order,2026-09-28,America/Indiana/Indianapolis,USD
UP-20260928-0061,2026-09-28T18:00:00+00:00,DEMO-ITEM-20260928-0061,GW-013,Shopgoodwill,DEMO-UPRIGHT-0061,Vintage ceramic vase,Home,1,86.50,3.99,6.05,8.65,0.00,86.50,upright_replica,true,one row per paid order,2026-09-28,America/Indiana/Indianapolis,USD
UP-20260928-0062,2026-09-28T19:00:00+00:00,DEMO-ITEM-20260928-0062,GW-014,eBay,DEMO-UPRIGHT-0062,"Wool cardigan, size S",Apparel,1,88.61,4.99,6.20,8.86,0.00,88.61,upright_replica,true,one row per paid order,2026-09-28,America/Indiana/Indianapolis,USD
UP-20260928-0063,2026-09-28T20:00:00+00:00,DEMO-ITEM-20260928-0063,GW-015,Goodwillfinds,DEMO-UPRIGHT-0063,Framed landscape print,Art,1,90.72,5.99,6.35,9.07,0.00,90.72,upright_replica,true,one row per paid order,2026-09-28,America/Indiana/Indianapolis,USD
UP-20260928-0064,2026-09-28T21:00:00+00:00,DEMO-ITEM-20260928-0064,GW-016,Shopgoodwill,DEMO-UPRIGHT-0064,Silver-tone necklace,Jewelry,1,92.83,6.99,6.49,9.28,0.00,92.83,upright_replica,true,one row per paid order,2026-09-28,America/Indiana/Indianapolis,USD
UP-20260928-0065,2026-09-28T18:00:00+00:00,DEMO-ITEM-20260928-0065,GW-017,eBay,DEMO-UPRIGHT-0065,Vintage ceramic vase,Home,1,94.94,7.99,6.64,9.49,0.00,94.94,upright_replica,true,one row per paid order,2026-09-28,America/Indiana/Indianapolis,USD
UP-20260928-0066,2026-09-28T19:00:00+00:00,DEMO-ITEM-20260928-0066,GW-018,Goodwillfinds,DEMO-UPRIGHT-0066,"Wool cardigan, size S",Apparel,1,97.05,3.99,6.79,9.70,0.00,97.05,upright_replica,true,one row per paid order,2026-09-28,America/Indiana/Indianapolis,USD
UP-20260928-0067,2026-09-28T20:00:00+00:00,DEMO-ITEM-20260928-0067,GW-019,Shopgoodwill,DEMO-UPRIGHT-0067,Framed landscape print,Art,1,99.16,4.99,6.94,9.91,0.00,99.16,upright_replica,true,one row per paid order,2026-09-28,America/Indiana/Indianapolis,USD
UP-20260928-0068,2026-09-28T21:00:00+00:00,DEMO-ITEM-20260928-0068,GW-020,eBay,DEMO-UPRIGHT-0068,Silver-tone necklace,Jewelry,1,16.27,5.99,1.13,1.62,0.00,16.27,upright_replica,true,one row per paid order,2026-09-28,America/Indiana/Indianapolis,USD
UP-20260928-0069,2026-09-28T18:00:00+00:00,DEMO-ITEM-20260928-0069,GW-021,Goodwillfinds,DEMO-UPRIGHT-0069,Vintage ceramic vase,Home,1,18.38,6.99,1.28,1.83,9.19,9.19,upright_replica,true,one row per paid order,2026-09-28,America/Indiana/Indianapolis,USD
UP-20260928-0070,2026-09-28T19:00:00+00:00,DEMO-ITEM-20260928-0070,GW-022,Shopgoodwill,DEMO-UPRIGHT-0070,"Wool cardigan, size S",Apparel,1,20.49,7.99,1.43,2.04,0.00,20.49,upright_replica,true,one row per paid order,2026-09-28,America/Indiana/Indianapolis,USD
UP-20260928-0071,2026-09-28T20:00:00+00:00,DEMO-ITEM-20260928-0071,GW-023,eBay,DEMO-UPRIGHT-0071,Framed landscape print,Art,1,22.60,3.99,1.58,2.26,0.00,22.60,upright_replica,true,one row per paid order,2026-09-28,America/Indiana/Indianapolis,USD
UP-20260928-0072,2026-09-28T21:00:00+00:00,DEMO-ITEM-20260928-0072,GW-024,Goodwillfinds,DEMO-UPRIGHT-0072,Silver-tone necklace,Jewelry,1,24.71,4.99,1.72,2.47,0.00,24.71,upright_replica,true,one row per paid order,2026-09-28,America/Indiana/Indianapolis,USD
UP-20260928-0073,2026-09-28T18:00:00+00:00,DEMO-ITEM-20260928-0073,GW-001,Shopgoodwill,DEMO-UPRIGHT-0073,Vintage ceramic vase,Home,1,26.82,5.99,1.87,2.68,0.00,26.82,upright_replica,true,one row per paid order,2026-09-28,America/Indiana/Indianapolis,USD
UP-20260928-0074,2026-09-28T19:00:00+00:00,DEMO-ITEM-20260928-0074,GW-002,eBay,DEMO-UPRIGHT-0074,"Wool cardigan, size S",Apparel,1,28.93,6.99,2.02,2.89,0.00,28.93,upright_replica,true,one row per paid order,2026-09-28,America/Indiana/Indianapolis,USD
UP-20260928-0075,2026-09-28T20:00:00+00:00,DEMO-ITEM-20260928-0075,GW-003,Goodwillfinds,DEMO-UPRIGHT-0075,Framed landscape print,Art,1,31.04,7.99,2.17,3.10,0.00,31.04,upright_replica,true,one row per paid order,2026-09-28,America/Indiana/Indianapolis,USD
UP-20260928-0076,2026-09-28T21:00:00+00:00,DEMO-ITEM-20260928-0076,GW-004,Shopgoodwill,DEMO-UPRIGHT-0076,Silver-tone necklace,Jewelry,1,33.15,3.99,2.32,3.31,0.00,33.15,upright_replica,true,one row per paid order,2026-09-28,America/Indiana/Indianapolis,USD
UP-20260928-0077,2026-09-28T18:00:00+00:00,DEMO-ITEM-20260928-0077,GW-005,eBay,DEMO-UPRIGHT-0077,Vintage ceramic vase,Home,1,35.26,4.99,2.46,3.52,0.00,35.26,upright_replica,true,one row per paid order,2026-09-28,America/Indiana/Indianapolis,USD
UP-20260928-0078,2026-09-28T19:00:00+00:00,DEMO-ITEM-20260928-0078,GW-006,Goodwillfinds,DEMO-UPRIGHT-0078,"Wool cardigan, size S",Apparel,1,37.37,5.99,2.61,3.73,0.00,37.37,upright_replica,true,one row per paid order,2026-09-28,America/Indiana/Indianapolis,USD
UP-20260928-0079,2026-09-28T20:00:00+00:00,DEMO-ITEM-20260928-0079,GW-007,Shopgoodwill,DEMO-UPRIGHT-0079,Framed landscape print,Art,1,39.48,6.99,2.76,3.94,0.00,39.48,upright_replica,true,one row per paid order,2026-09-28,America/Indiana/Indianapolis,USD
UP-20260928-0080,2026-09-28T21:00:00+00:00,DEMO-ITEM-20260928-0080,GW-008,eBay,DEMO-UPRIGHT-0080,Silver-tone necklace,Jewelry,1,41.59,7.99,2.91,4.15,0.00,41.59,upright_replica,true,one row per paid order,2026-09-28,America/Indiana/Indianapolis,USD
UP-20260928-0081,2026-09-28T18:00:00+00:00,DEMO-ITEM-20260928-0081,GW-009,Goodwillfinds,DEMO-UPRIGHT-0081,Vintage ceramic vase,Home,1,43.70,3.99,3.05,4.37,0.00,43.70,upright_replica,true,one row per paid order,2026-09-28,America/Indiana/Indianapolis,USD
UP-20260928-0082,2026-09-28T19:00:00+00:00,DEMO-ITEM-20260928-0082,GW-010,Shopgoodwill,DEMO-UPRIGHT-0082,"Wool cardigan, size S",Apparel,1,45.81,4.99,3.20,4.58,0.00,45.81,upright_replica,true,one row per paid order,2026-09-28,America/Indiana/Indianapolis,USD
UP-20260928-0083,2026-09-28T20:00:00+00:00,DEMO-ITEM-20260928-0083,GW-011,eBay,DEMO-UPRIGHT-0083,Framed landscape print,Art,1,47.92,5.99,3.35,4.79,0.00,47.92,upright_replica,true,one row per paid order,2026-09-28,America/Indiana/Indianapolis,USD
UP-20260928-0084,2026-09-28T21:00:00+00:00,DEMO-ITEM-20260928-0084,GW-012,Goodwillfinds,DEMO-UPRIGHT-0084,Silver-tone necklace,Jewelry,1,50.03,6.99,3.50,5.00,0.00,50.03,upright_replica,true,one row per paid order,2026-09-28,America/Indiana/Indianapolis,USD
UP-20260928-0085,2026-09-28T18:00:00+00:00,DEMO-ITEM-20260928-0085,GW-013,Shopgoodwill,DEMO-UPRIGHT-0085,Vintage ceramic vase,Home,1,52.14,7.99,3.64,5.21,0.00,52.14,upright_replica,true,one row per paid order,2026-09-28,America/Indiana/Indianapolis,USD
UP-20260928-0086,2026-09-28T19:00:00+00:00,DEMO-ITEM-20260928-0086,GW-014,eBay,DEMO-UPRIGHT-0086,"Wool cardigan, size S",Apparel,1,54.25,3.99,3.79,5.42,27.12,27.13,upright_replica,true,one row per paid order,2026-09-28,America/Indiana/Indianapolis,USD
UP-20260928-0087,2026-09-28T20:00:00+00:00,DEMO-ITEM-20260928-0087,GW-015,Goodwillfinds,DEMO-UPRIGHT-0087,Framed landscape print,Art,1,56.36,4.99,3.94,5.63,0.00,56.36,upright_replica,true,one row per paid order,2026-09-28,America/Indiana/Indianapolis,USD
UP-20260928-0088,2026-09-28T21:00:00+00:00,DEMO-ITEM-20260928-0088,GW-016,Shopgoodwill,DEMO-UPRIGHT-0088,Silver-tone necklace,Jewelry,1,58.47,5.99,4.09,5.84,0.00,58.47,upright_replica,true,one row per paid order,2026-09-28,America/Indiana/Indianapolis,USD
UP-20260928-0089,2026-09-28T18:00:00+00:00,DEMO-ITEM-20260928-0089,GW-017,eBay,DEMO-UPRIGHT-0089,Vintage ceramic vase,Home,1,60.58,6.99,4.24,6.05,0.00,60.58,upright_replica,true,one row per paid order,2026-09-28,America/Indiana/Indianapolis,USD
UP-20260928-0090,2026-09-28T19:00:00+00:00,DEMO-ITEM-20260928-0090,GW-018,Goodwillfinds,DEMO-UPRIGHT-0001,"Wool cardigan, size S",Apparel,1,62.69,7.99,4.38,6.26,0.00,62.69,upright_replica,true,one row per paid order,2026-09-28,America/Indiana/Indianapolis,USD
UP-20260928-0091,2026-09-28T20:00:00+00:00,DEMO-ITEM-20260928-0091,GW-019,Shopgoodwill,DEMO-UPRIGHT-0002,Framed landscape print,Art,1,64.80,3.99,4.53,6.48,0.00,64.80,upright_replica,true,one row per paid order,2026-09-28,America/Indiana/Indianapolis,USD
UP-20260928-0092,2026-09-28T21:00:00+00:00,DEMO-ITEM-20260928-0092,GW-020,eBay,DEMO-UPRIGHT-0003,Silver-tone necklace,Jewelry,1,66.91,4.99,4.68,6.69,0.00,66.91,upright_replica,true,one row per paid order,2026-09-28,America/Indiana/Indianapolis,USD
UP-20260928-0093,2026-09-28T18:00:00+00:00,DEMO-ITEM-20260928-0093,GW-021,Goodwillfinds,DEMO-UPRIGHT-0004,Vintage ceramic vase,Home,1,69.02,5.99,4.83,6.90,0.00,69.02,upright_replica,true,one row per paid order,2026-09-28,America/Indiana/Indianapolis,USD
UP-20260928-0094,2026-09-28T19:00:00+00:00,DEMO-ITEM-20260928-0094,GW-022,Shopgoodwill,DEMO-UPRIGHT-0005,"Wool cardigan, size S",Apparel,1,71.13,6.99,4.97,7.11,0.00,71.13,upright_replica,true,one row per paid order,2026-09-28,America/Indiana/Indianapolis,USD
UP-20260928-0095,2026-09-28T20:00:00+00:00,DEMO-ITEM-20260928-0095,GW-023,eBay,DEMO-UPRIGHT-0006,Framed landscape print,Art,1,73.24,7.99,5.12,7.32,0.00,73.24,upright_replica,true,one row per paid order,2026-09-28,America/Indiana/Indianapolis,USD
UP-20260928-0096,2026-09-28T21:00:00+00:00,DEMO-ITEM-20260928-0096,GW-024,Goodwillfinds,DEMO-UPRIGHT-0007,Silver-tone necklace,Jewelry,1,75.35,3.99,5.27,7.53,0.00,75.35,upright_replica,true,one row per paid order,2026-09-28,America/Indiana/Indianapolis,USD
UP-20260928-0097,2026-09-28T18:00:00+00:00,DEMO-ITEM-20260928-0097,GW-001,Shopgoodwill,DEMO-UPRIGHT-0008,Vintage ceramic vase,Home,1,77.46,4.99,5.42,7.74,0.00,77.46,upright_replica,true,one row per paid order,2026-09-28,America/Indiana/Indianapolis,USD
UP-20260928-0098,2026-09-28T19:00:00+00:00,DEMO-ITEM-20260928-0098,GW-002,eBay,DEMO-UPRIGHT-0009,"Wool cardigan, size S",Apparel,1,79.57,5.99,5.56,7.95,0.00,79.57,upright_replica,true,one row per paid order,2026-09-28,America/Indiana/Indianapolis,USD
UP-20260928-0099,2026-09-28T20:00:00+00:00,DEMO-ITEM-20260928-0099,GW-003,Goodwillfinds,DEMO-UPRIGHT-0010,Framed landscape print,Art,1,81.68,6.99,5.71,8.16,0.00,81.68,upright_replica,true,one row per paid order,2026-09-28,America/Indiana/Indianapolis,USD
UP-20260928-0100,2026-09-28T21:00:00+00:00,DEMO-ITEM-20260928-0100,GW-004,Shopgoodwill,DEMO-UPRIGHT-0011,Silver-tone necklace,Jewelry,1,83.79,7.99,5.86,8.37,0.00,83.79,upright_replica,true,one row per paid order,2026-09-28,America/Indiana/Indianapolis,USD
UP-20260928-0101,2026-09-28T18:00:00+00:00,DEMO-ITEM-20260928-0101,GW-005,eBay,DEMO-UPRIGHT-0012,Vintage ceramic vase,Home,1,85.90,3.99,6.01,8.59,0.00,85.90,upright_replica,true,one row per paid order,2026-09-28,America/Indiana/Indianapolis,USD
UP-20260928-0102,2026-09-28T19:00:00+00:00,DEMO-ITEM-20260928-0102,GW-006,Goodwillfinds,DEMO-UPRIGHT-0013,"Wool cardigan, size S",Apparel,1,88.01,4.99,6.16,8.80,0.00,88.01,upright_replica,true,one row per paid order,2026-09-28,America/Indiana/Indianapolis,USD
UP-20260928-0103,2026-09-28T20:00:00+00:00,DEMO-ITEM-20260928-0103,GW-007,Shopgoodwill,DEMO-UPRIGHT-0014,Framed landscape print,Art,1,90.12,5.99,6.30,9.01,45.06,45.06,upright_replica,true,one row per paid order,2026-09-28,America/Indiana/Indianapolis,USD
UP-20260928-0104,2026-09-28T21:00:00+00:00,DEMO-ITEM-20260928-0104,GW-008,eBay,DEMO-UPRIGHT-0015,Silver-tone necklace,Jewelry,1,92.23,6.99,6.45,9.22,0.00,92.23,upright_replica,true,one row per paid order,2026-09-28,America/Indiana/Indianapolis,USD
UP-20260928-0105,2026-09-28T18:00:00+00:00,DEMO-ITEM-20260928-0105,GW-009,Goodwillfinds,DEMO-UPRIGHT-0016,Vintage ceramic vase,Home,1,94.34,7.99,6.60,9.43,0.00,94.34,upright_replica,true,one row per paid order,2026-09-28,America/Indiana/Indianapolis,USD
UP-20260928-0106,2026-09-28T19:00:00+00:00,DEMO-ITEM-20260928-0106,GW-010,Shopgoodwill,DEMO-UPRIGHT-0017,"Wool cardigan, size S",Apparel,1,96.45,3.99,6.75,9.64,0.00,96.45,upright_replica,true,one row per paid order,2026-09-28,America/Indiana/Indianapolis,USD
UP-20260928-0107,2026-09-28T20:00:00+00:00,DEMO-ITEM-20260928-0107,GW-011,eBay,DEMO-UPRIGHT-0018,Framed landscape print,Art,1,98.56,4.99,6.89,9.85,0.00,98.56,upright_replica,true,one row per paid order,2026-09-28,America/Indiana/Indianapolis,USD
UP-20260928-0108,2026-09-28T21:00:00+00:00,DEMO-ITEM-20260928-0108,GW-012,Goodwillfinds,DEMO-UPRIGHT-0019,Silver-tone necklace,Jewelry,1,15.67,5.99,1.09,1.56,0.00,15.67,upright_replica,true,one row per paid order,2026-09-28,America/Indiana/Indianapolis,USD
UP-20260928-0109,2026-09-28T18:00:00+00:00,DEMO-ITEM-20260928-0109,GW-013,Shopgoodwill,DEMO-UPRIGHT-0020,Vintage ceramic vase,Home,1,17.78,6.99,1.24,1.77,0.00,17.78,upright_replica,true,one row per paid order,2026-09-28,America/Indiana/Indianapolis,USD
UP-20260928-0110,2026-09-28T19:00:00+00:00,DEMO-ITEM-20260928-0110,GW-014,eBay,DEMO-UPRIGHT-0021,"Wool cardigan, size S",Apparel,1,19.89,7.99,1.39,1.98,0.00,19.89,upright_replica,true,one row per paid order,2026-09-28,America/Indiana/Indianapolis,USD
UP-20260928-0111,2026-09-28T20:00:00+00:00,DEMO-ITEM-20260928-0111,GW-015,Goodwillfinds,DEMO-UPRIGHT-0022,Framed landscape print,Art,1,22.00,3.99,1.54,2.20,0.00,22.00,upright_replica,true,one row per paid order,2026-09-28,America/Indiana/Indianapolis,USD
UP-20260928-0112,2026-09-28T21:00:00+00:00,DEMO-ITEM-20260928-0112,GW-016,Shopgoodwill,DEMO-UPRIGHT-0023,Silver-tone necklace,Jewelry,1,24.11,4.99,1.68,2.41,0.00,24.11,upright_replica,true,one row per paid order,2026-09-28,America/Indiana/Indianapolis,USD
UP-20260928-0113,2026-09-28T18:00:00+00:00,DEMO-ITEM-20260928-0113,GW-017,eBay,DEMO-UPRIGHT-0024,Vintage ceramic vase,Home,1,26.22,5.99,1.83,2.62,0.00,26.22,upright_replica,true,one row per paid order,2026-09-28,America/Indiana/Indianapolis,USD
UP-20260928-0114,2026-09-28T19:00:00+00:00,DEMO-ITEM-20260928-0114,GW-018,Goodwillfinds,DEMO-UPRIGHT-0025,"Wool cardigan, size S",Apparel,1,28.33,6.99,1.98,2.83,0.00,28.33,upright_replica,true,one row per paid order,2026-09-28,America/Indiana/Indianapolis,USD
UP-20260928-0115,2026-09-28T20:00:00+00:00,DEMO-ITEM-20260928-0115,GW-019,Shopgoodwill,DEMO-UPRIGHT-0026,Framed landscape print,Art,1,30.44,7.99,2.13,3.04,0.00,30.44,upright_replica,true,one row per paid order,2026-09-28,America/Indiana/Indianapolis,USD
UP-20260928-0116,2026-09-28T21:00:00+00:00,DEMO-ITEM-20260928-0116,GW-020,eBay,DEMO-UPRIGHT-0027,Silver-tone necklace,Jewelry,1,32.55,3.99,2.27,3.25,0.00,32.55,upright_replica,true,one row per paid order,2026-09-28,America/Indiana/Indianapolis,USD
UP-20260928-0117,2026-09-28T18:00:00+00:00,DEMO-ITEM-20260928-0117,GW-021,Goodwillfinds,DEMO-UPRIGHT-0028,Vintage ceramic vase,Home,1,34.66,4.99,2.42,3.46,0.00,34.66,upright_replica,true,one row per paid order,2026-09-28,America/Indiana/Indianapolis,USD
UP-20260928-0118,2026-09-28T19:00:00+00:00,DEMO-ITEM-20260928-0118,GW-022,Shopgoodwill,DEMO-UPRIGHT-0029,"Wool cardigan, size S",Apparel,1,36.77,5.99,2.57,3.67,0.00,36.77,upright_replica,true,one row per paid order,2026-09-28,America/Indiana/Indianapolis,USD
UP-20260928-0119,2026-09-28T20:00:00+00:00,DEMO-ITEM-20260928-0119,GW-023,eBay,DEMO-UPRIGHT-0030,Framed landscape print,Art,1,38.88,6.99,2.72,3.88,0.00,38.88,upright_replica,true,one row per paid order,2026-09-28,America/Indiana/Indianapolis,USD
UP-20260928-0120,2026-09-28T21:00:00+00:00,DEMO-ITEM-20260928-0120,GW-024,Goodwillfinds,DEMO-UPRIGHT-0031,Silver-tone necklace,Jewelry,1,40.99,7.99,2.86,4.09,20.49,20.50,upright_replica,true,one row per paid order,2026-09-28,America/Indiana/Indianapolis,USD
UP-20260928-0121,2026-09-28T18:00:00+00:00,DEMO-ITEM-20260928-0121,GW-001,Shopgoodwill,DEMO-UPRIGHT-0032,Vintage ceramic vase,Home,1,43.10,3.99,3.01,4.31,0.00,43.10,upright_replica,true,one row per paid order,2026-09-28,America/Indiana/Indianapolis,USD
UP-20260928-0122,2026-09-28T19:00:00+00:00,DEMO-ITEM-20260928-0122,GW-002,eBay,DEMO-UPRIGHT-0033,"Wool cardigan, size S",Apparel,1,45.21,4.99,3.16,4.52,0.00,45.21,upright_replica,true,one row per paid order,2026-09-28,America/Indiana/Indianapolis,USD
UP-20260928-0123,2026-09-28T20:00:00+00:00,DEMO-ITEM-20260928-0123,GW-003,Goodwillfinds,DEMO-UPRIGHT-0034,Framed landscape print,Art,1,47.32,5.99,3.31,4.73,0.00,47.32,upright_replica,true,one row per paid order,2026-09-28,America/Indiana/Indianapolis,USD
UP-20260928-0124,2026-09-28T21:00:00+00:00,DEMO-ITEM-20260928-0124,GW-004,Shopgoodwill,DEMO-UPRIGHT-0035,Silver-tone necklace,Jewelry,1,49.43,6.99,3.46,4.94,0.00,49.43,upright_replica,true,one row per paid order,2026-09-28,America/Indiana/Indianapolis,USD
UP-20260928-0125,2026-09-28T18:00:00+00:00,DEMO-ITEM-20260928-0125,GW-005,eBay,DEMO-UPRIGHT-0036,Vintage ceramic vase,Home,1,51.54,7.99,3.60,5.15,0.00,51.54,upright_replica,true,one row per paid order,2026-09-28,America/Indiana/Indianapolis,USD
UP-20260928-0126,2026-09-28T19:00:00+00:00,DEMO-ITEM-20260928-0126,GW-006,Goodwillfinds,DEMO-UPRIGHT-0037,"Wool cardigan, size S",Apparel,1,53.65,3.99,3.75,5.36,0.00,53.65,upright_replica,true,one row per paid order,2026-09-28,America/Indiana/Indianapolis,USD
UP-20260928-0127,2026-09-28T20:00:00+00:00,DEMO-ITEM-20260928-0127,GW-007,Shopgoodwill,DEMO-UPRIGHT-0038,Framed landscape print,Art,1,55.76,4.99,3.90,5.57,0.00,55.76,upright_replica,true,one row per paid order,2026-09-28,America/Indiana/Indianapolis,USD
UP-20260928-0128,2026-09-28T21:00:00+00:00,DEMO-ITEM-20260928-0128,GW-008,eBay,DEMO-UPRIGHT-0039,Silver-tone necklace,Jewelry,1,57.87,5.99,4.05,5.78,0.00,57.87,upright_replica,true,one row per paid order,2026-09-28,America/Indiana/Indianapolis,USD
UP-20260929-0001,2026-09-29T18:00:00+00:00,DEMO-ITEM-20260929-0001,GW-001,Shopgoodwill,DEMO-UPRIGHT-0001,Vintage ceramic vase,Home,1,46.27,3.99,3.23,4.62,23.13,23.14,upright_replica,true,one row per paid order,2026-09-29,America/Indiana/Indianapolis,USD
UP-20260929-0002,2026-09-29T19:00:00+00:00,DEMO-ITEM-20260929-0002,GW-002,eBay,DEMO-UPRIGHT-0002,"Wool cardigan, size S",Apparel,1,48.38,4.99,3.38,4.83,0.00,48.38,upright_replica,true,one row per paid order,2026-09-29,America/Indiana/Indianapolis,USD
UP-20260929-0003,2026-09-29T20:00:00+00:00,DEMO-ITEM-20260929-0003,GW-003,Goodwillfinds,DEMO-UPRIGHT-0003,Framed landscape print,Art,1,50.49,5.99,3.53,5.04,0.00,50.49,upright_replica,true,one row per paid order,2026-09-29,America/Indiana/Indianapolis,USD
UP-20260929-0004,2026-09-29T21:00:00+00:00,DEMO-ITEM-20260929-0004,GW-004,Shopgoodwill,DEMO-UPRIGHT-0004,Silver-tone necklace,Jewelry,1,52.60,6.99,3.68,5.26,0.00,52.60,upright_replica,true,one row per paid order,2026-09-29,America/Indiana/Indianapolis,USD
UP-20260929-0005,2026-09-29T18:00:00+00:00,DEMO-ITEM-20260929-0005,GW-005,eBay,DEMO-UPRIGHT-0005,Vintage ceramic vase,Home,1,54.71,7.99,3.82,5.47,0.00,54.71,upright_replica,true,one row per paid order,2026-09-29,America/Indiana/Indianapolis,USD
UP-20260929-0006,2026-09-29T19:00:00+00:00,DEMO-ITEM-20260929-0006,GW-006,Goodwillfinds,DEMO-UPRIGHT-0006,"Wool cardigan, size S",Apparel,1,56.82,3.99,3.97,5.68,0.00,56.82,upright_replica,true,one row per paid order,2026-09-29,America/Indiana/Indianapolis,USD
UP-20260929-0007,2026-09-29T20:00:00+00:00,DEMO-ITEM-20260929-0007,GW-007,Shopgoodwill,DEMO-UPRIGHT-0007,Framed landscape print,Art,1,58.93,4.99,4.12,5.89,0.00,58.93,upright_replica,true,one row per paid order,2026-09-29,America/Indiana/Indianapolis,USD
UP-20260929-0008,2026-09-29T21:00:00+00:00,DEMO-ITEM-20260929-0008,GW-008,eBay,DEMO-UPRIGHT-0008,Silver-tone necklace,Jewelry,1,61.04,5.99,4.27,6.10,0.00,61.04,upright_replica,true,one row per paid order,2026-09-29,America/Indiana/Indianapolis,USD
UP-20260929-0009,2026-09-29T18:00:00+00:00,DEMO-ITEM-20260929-0009,GW-009,Goodwillfinds,DEMO-UPRIGHT-0009,Vintage ceramic vase,Home,1,63.15,6.99,4.42,6.31,0.00,63.15,upright_replica,true,one row per paid order,2026-09-29,America/Indiana/Indianapolis,USD
UP-20260929-0010,2026-09-29T19:00:00+00:00,DEMO-ITEM-20260929-0010,GW-010,Shopgoodwill,DEMO-UPRIGHT-0010,"Wool cardigan, size S",Apparel,1,65.26,7.99,4.56,6.52,0.00,65.26,upright_replica,true,one row per paid order,2026-09-29,America/Indiana/Indianapolis,USD
UP-20260929-0011,2026-09-29T20:00:00+00:00,DEMO-ITEM-20260929-0011,GW-011,eBay,DEMO-UPRIGHT-0011,Framed landscape print,Art,1,67.37,3.99,4.71,6.73,0.00,67.37,upright_replica,true,one row per paid order,2026-09-29,America/Indiana/Indianapolis,USD
UP-20260929-0012,2026-09-29T21:00:00+00:00,DEMO-ITEM-20260929-0012,GW-012,Goodwillfinds,DEMO-UPRIGHT-0012,Silver-tone necklace,Jewelry,1,69.48,4.99,4.86,6.94,0.00,69.48,upright_replica,true,one row per paid order,2026-09-29,America/Indiana/Indianapolis,USD
UP-20260929-0013,2026-09-29T18:00:00+00:00,DEMO-ITEM-20260929-0013,GW-013,Shopgoodwill,DEMO-UPRIGHT-0013,Vintage ceramic vase,Home,1,71.59,5.99,5.01,7.15,0.00,71.59,upright_replica,true,one row per paid order,2026-09-29,America/Indiana/Indianapolis,USD
UP-20260929-0014,2026-09-29T19:00:00+00:00,DEMO-ITEM-20260929-0014,GW-014,eBay,DEMO-UPRIGHT-0014,"Wool cardigan, size S",Apparel,1,73.70,6.99,5.15,7.37,0.00,73.70,upright_replica,true,one row per paid order,2026-09-29,America/Indiana/Indianapolis,USD
UP-20260929-0015,2026-09-29T20:00:00+00:00,DEMO-ITEM-20260929-0015,GW-015,Goodwillfinds,DEMO-UPRIGHT-0015,Framed landscape print,Art,1,75.81,7.99,5.30,7.58,0.00,75.81,upright_replica,true,one row per paid order,2026-09-29,America/Indiana/Indianapolis,USD
UP-20260929-0016,2026-09-29T21:00:00+00:00,DEMO-ITEM-20260929-0016,GW-016,Shopgoodwill,DEMO-UPRIGHT-0016,Silver-tone necklace,Jewelry,1,77.92,3.99,5.45,7.79,0.00,77.92,upright_replica,true,one row per paid order,2026-09-29,America/Indiana/Indianapolis,USD
UP-20260929-0017,2026-09-29T18:00:00+00:00,DEMO-ITEM-20260929-0017,GW-017,eBay,DEMO-UPRIGHT-0017,Vintage ceramic vase,Home,1,80.03,4.99,5.60,8.00,0.00,80.03,upright_replica,true,one row per paid order,2026-09-29,America/Indiana/Indianapolis,USD
UP-20260929-0018,2026-09-29T19:00:00+00:00,DEMO-ITEM-20260929-0018,GW-018,Goodwillfinds,DEMO-UPRIGHT-0018,"Wool cardigan, size S",Apparel,1,82.14,5.99,5.74,8.21,41.07,41.07,upright_replica,true,one row per paid order,2026-09-29,America/Indiana/Indianapolis,USD
UP-20260929-0019,2026-09-29T20:00:00+00:00,DEMO-ITEM-20260929-0019,GW-019,Shopgoodwill,DEMO-UPRIGHT-0019,Framed landscape print,Art,1,84.25,6.99,5.89,8.42,0.00,84.25,upright_replica,true,one row per paid order,2026-09-29,America/Indiana/Indianapolis,USD
UP-20260929-0020,2026-09-29T21:00:00+00:00,DEMO-ITEM-20260929-0020,GW-020,eBay,DEMO-UPRIGHT-0020,Silver-tone necklace,Jewelry,1,86.36,7.99,6.04,8.63,0.00,86.36,upright_replica,true,one row per paid order,2026-09-29,America/Indiana/Indianapolis,USD
UP-20260929-0021,2026-09-29T18:00:00+00:00,DEMO-ITEM-20260929-0021,GW-021,Goodwillfinds,DEMO-UPRIGHT-0021,Vintage ceramic vase,Home,1,88.47,3.99,6.19,8.84,0.00,88.47,upright_replica,true,one row per paid order,2026-09-29,America/Indiana/Indianapolis,USD
UP-20260929-0022,2026-09-29T19:00:00+00:00,DEMO-ITEM-20260929-0022,GW-022,Shopgoodwill,DEMO-UPRIGHT-0022,"Wool cardigan, size S",Apparel,1,90.58,4.99,6.34,9.05,0.00,90.58,upright_replica,true,one row per paid order,2026-09-29,America/Indiana/Indianapolis,USD
UP-20260929-0023,2026-09-29T20:00:00+00:00,DEMO-ITEM-20260929-0023,GW-023,eBay,DEMO-UPRIGHT-0023,Framed landscape print,Art,1,92.69,5.99,6.48,9.26,0.00,92.69,upright_replica,true,one row per paid order,2026-09-29,America/Indiana/Indianapolis,USD
UP-20260929-0024,2026-09-29T21:00:00+00:00,DEMO-ITEM-20260929-0024,GW-024,Goodwillfinds,DEMO-UPRIGHT-0024,Silver-tone necklace,Jewelry,1,94.80,6.99,6.63,9.48,0.00,94.80,upright_replica,true,one row per paid order,2026-09-29,America/Indiana/Indianapolis,USD
UP-20260929-0025,2026-09-29T18:00:00+00:00,DEMO-ITEM-20260929-0025,GW-001,Shopgoodwill,DEMO-UPRIGHT-0025,Vintage ceramic vase,Home,1,96.91,7.99,6.78,9.69,0.00,96.91,upright_replica,true,one row per paid order,2026-09-29,America/Indiana/Indianapolis,USD
UP-20260929-0026,2026-09-29T19:00:00+00:00,DEMO-ITEM-20260929-0026,GW-002,eBay,DEMO-UPRIGHT-0026,"Wool cardigan, size S",Apparel,1,99.02,3.99,6.93,9.90,0.00,99.02,upright_replica,true,one row per paid order,2026-09-29,America/Indiana/Indianapolis,USD
UP-20260929-0027,2026-09-29T20:00:00+00:00,DEMO-ITEM-20260929-0027,GW-003,Goodwillfinds,DEMO-UPRIGHT-0027,Framed landscape print,Art,1,16.13,4.99,1.12,1.61,0.00,16.13,upright_replica,true,one row per paid order,2026-09-29,America/Indiana/Indianapolis,USD
UP-20260929-0028,2026-09-29T21:00:00+00:00,DEMO-ITEM-20260929-0028,GW-004,Shopgoodwill,DEMO-UPRIGHT-0028,Silver-tone necklace,Jewelry,1,18.24,5.99,1.27,1.82,0.00,18.24,upright_replica,true,one row per paid order,2026-09-29,America/Indiana/Indianapolis,USD
UP-20260929-0029,2026-09-29T18:00:00+00:00,DEMO-ITEM-20260929-0029,GW-005,eBay,DEMO-UPRIGHT-0029,Vintage ceramic vase,Home,1,20.35,6.99,1.42,2.03,0.00,20.35,upright_replica,true,one row per paid order,2026-09-29,America/Indiana/Indianapolis,USD
UP-20260929-0030,2026-09-29T19:00:00+00:00,DEMO-ITEM-20260929-0030,GW-006,Goodwillfinds,DEMO-UPRIGHT-0030,"Wool cardigan, size S",Apparel,1,22.46,7.99,1.57,2.24,0.00,22.46,upright_replica,true,one row per paid order,2026-09-29,America/Indiana/Indianapolis,USD
UP-20260929-0031,2026-09-29T20:00:00+00:00,DEMO-ITEM-20260929-0031,GW-007,Shopgoodwill,DEMO-UPRIGHT-0031,Framed landscape print,Art,1,24.57,3.99,1.71,2.45,0.00,24.57,upright_replica,true,one row per paid order,2026-09-29,America/Indiana/Indianapolis,USD
UP-20260929-0032,2026-09-29T21:00:00+00:00,DEMO-ITEM-20260929-0032,GW-008,eBay,DEMO-UPRIGHT-0032,Silver-tone necklace,Jewelry,1,26.68,4.99,1.86,2.66,0.00,26.68,upright_replica,true,one row per paid order,2026-09-29,America/Indiana/Indianapolis,USD
UP-20260929-0033,2026-09-29T18:00:00+00:00,DEMO-ITEM-20260929-0033,GW-009,Goodwillfinds,DEMO-UPRIGHT-0033,Vintage ceramic vase,Home,1,28.79,5.99,2.01,2.87,0.00,28.79,upright_replica,true,one row per paid order,2026-09-29,America/Indiana/Indianapolis,USD
UP-20260929-0034,2026-09-29T19:00:00+00:00,DEMO-ITEM-20260929-0034,GW-010,Shopgoodwill,DEMO-UPRIGHT-0034,"Wool cardigan, size S",Apparel,1,30.90,6.99,2.16,3.09,0.00,30.90,upright_replica,true,one row per paid order,2026-09-29,America/Indiana/Indianapolis,USD
UP-20260929-0035,2026-09-29T20:00:00+00:00,DEMO-ITEM-20260929-0035,GW-011,eBay,DEMO-UPRIGHT-0035,Framed landscape print,Art,1,33.01,7.99,2.31,3.30,16.50,16.51,upright_replica,true,one row per paid order,2026-09-29,America/Indiana/Indianapolis,USD
UP-20260929-0036,2026-09-29T21:00:00+00:00,DEMO-ITEM-20260929-0036,GW-012,Goodwillfinds,DEMO-UPRIGHT-0036,Silver-tone necklace,Jewelry,1,35.12,3.99,2.45,3.51,0.00,35.12,upright_replica,true,one row per paid order,2026-09-29,America/Indiana/Indianapolis,USD
UP-20260929-0037,2026-09-29T18:00:00+00:00,DEMO-ITEM-20260929-0037,GW-013,Shopgoodwill,DEMO-UPRIGHT-0037,Vintage ceramic vase,Home,1,37.23,4.99,2.60,3.72,0.00,37.23,upright_replica,true,one row per paid order,2026-09-29,America/Indiana/Indianapolis,USD
UP-20260929-0038,2026-09-29T19:00:00+00:00,DEMO-ITEM-20260929-0038,GW-014,eBay,DEMO-UPRIGHT-0038,"Wool cardigan, size S",Apparel,1,39.34,5.99,2.75,3.93,0.00,39.34,upright_replica,true,one row per paid order,2026-09-29,America/Indiana/Indianapolis,USD
UP-20260929-0039,2026-09-29T20:00:00+00:00,DEMO-ITEM-20260929-0039,GW-015,Goodwillfinds,DEMO-UPRIGHT-0039,Framed landscape print,Art,1,41.45,6.99,2.90,4.14,0.00,41.45,upright_replica,true,one row per paid order,2026-09-29,America/Indiana/Indianapolis,USD
UP-20260929-0040,2026-09-29T21:00:00+00:00,DEMO-ITEM-20260929-0040,GW-016,Shopgoodwill,DEMO-UPRIGHT-0040,Silver-tone necklace,Jewelry,1,43.56,7.99,3.04,4.35,0.00,43.56,upright_replica,true,one row per paid order,2026-09-29,America/Indiana/Indianapolis,USD
UP-20260929-0041,2026-09-29T18:00:00+00:00,DEMO-ITEM-20260929-0041,GW-017,eBay,DEMO-UPRIGHT-0041,Vintage ceramic vase,Home,1,45.67,3.99,3.19,4.56,0.00,45.67,upright_replica,true,one row per paid order,2026-09-29,America/Indiana/Indianapolis,USD
UP-20260929-0042,2026-09-29T19:00:00+00:00,DEMO-ITEM-20260929-0042,GW-018,Goodwillfinds,DEMO-UPRIGHT-0042,"Wool cardigan, size S",Apparel,1,47.78,4.99,3.34,4.77,0.00,47.78,upright_replica,true,one row per paid order,2026-09-29,America/Indiana/Indianapolis,USD
UP-20260929-0043,2026-09-29T20:00:00+00:00,DEMO-ITEM-20260929-0043,GW-019,Shopgoodwill,DEMO-UPRIGHT-0043,Framed landscape print,Art,1,49.89,5.99,3.49,4.98,0.00,49.89,upright_replica,true,one row per paid order,2026-09-29,America/Indiana/Indianapolis,USD
UP-20260929-0044,2026-09-29T21:00:00+00:00,DEMO-ITEM-20260929-0044,GW-020,eBay,DEMO-UPRIGHT-0044,Silver-tone necklace,Jewelry,1,52.00,6.99,3.64,5.20,0.00,52.00,upright_replica,true,one row per paid order,2026-09-29,America/Indiana/Indianapolis,USD
UP-20260929-0045,2026-09-29T18:00:00+00:00,DEMO-ITEM-20260929-0045,GW-021,Goodwillfinds,DEMO-UPRIGHT-0045,Vintage ceramic vase,Home,1,54.11,7.99,3.78,5.41,0.00,54.11,upright_replica,true,one row per paid order,2026-09-29,America/Indiana/Indianapolis,USD
UP-20260929-0046,2026-09-29T19:00:00+00:00,DEMO-ITEM-20260929-0046,GW-022,Shopgoodwill,DEMO-UPRIGHT-0046,"Wool cardigan, size S",Apparel,1,56.22,3.99,3.93,5.62,0.00,56.22,upright_replica,true,one row per paid order,2026-09-29,America/Indiana/Indianapolis,USD
UP-20260929-0047,2026-09-29T20:00:00+00:00,DEMO-ITEM-20260929-0047,GW-023,eBay,DEMO-UPRIGHT-0047,Framed landscape print,Art,1,58.33,4.99,4.08,5.83,0.00,58.33,upright_replica,true,one row per paid order,2026-09-29,America/Indiana/Indianapolis,USD
UP-20260929-0048,2026-09-29T21:00:00+00:00,DEMO-ITEM-20260929-0048,GW-024,Goodwillfinds,DEMO-UPRIGHT-0048,Silver-tone necklace,Jewelry,1,60.44,5.99,4.23,6.04,0.00,60.44,upright_replica,true,one row per paid order,2026-09-29,America/Indiana/Indianapolis,USD
UP-20260929-0049,2026-09-29T18:00:00+00:00,DEMO-ITEM-20260929-0049,GW-001,Shopgoodwill,DEMO-UPRIGHT-0049,Vintage ceramic vase,Home,1,62.55,6.99,4.37,6.25,0.00,62.55,upright_replica,true,one row per paid order,2026-09-29,America/Indiana/Indianapolis,USD
UP-20260929-0050,2026-09-29T19:00:00+00:00,DEMO-ITEM-20260929-0050,GW-002,eBay,DEMO-UPRIGHT-0050,"Wool cardigan, size S",Apparel,1,64.66,7.99,4.52,6.46,0.00,64.66,upright_replica,true,one row per paid order,2026-09-29,America/Indiana/Indianapolis,USD
UP-20260929-0051,2026-09-29T20:00:00+00:00,DEMO-ITEM-20260929-0051,GW-003,Goodwillfinds,DEMO-UPRIGHT-0051,Framed landscape print,Art,1,66.77,3.99,4.67,6.67,0.00,66.77,upright_replica,true,one row per paid order,2026-09-29,America/Indiana/Indianapolis,USD
UP-20260929-0052,2026-09-29T21:00:00+00:00,DEMO-ITEM-20260929-0052,GW-004,Shopgoodwill,DEMO-UPRIGHT-0052,Silver-tone necklace,Jewelry,1,68.88,4.99,4.82,6.88,34.44,34.44,upright_replica,true,one row per paid order,2026-09-29,America/Indiana/Indianapolis,USD
UP-20260929-0053,2026-09-29T18:00:00+00:00,DEMO-ITEM-20260929-0053,GW-005,eBay,DEMO-UPRIGHT-0053,Vintage ceramic vase,Home,1,70.99,5.99,4.96,7.09,0.00,70.99,upright_replica,true,one row per paid order,2026-09-29,America/Indiana/Indianapolis,USD
UP-20260929-0054,2026-09-29T19:00:00+00:00,DEMO-ITEM-20260929-0054,GW-006,Goodwillfinds,DEMO-UPRIGHT-0054,"Wool cardigan, size S",Apparel,1,73.10,6.99,5.11,7.31,0.00,73.10,upright_replica,true,one row per paid order,2026-09-29,America/Indiana/Indianapolis,USD
UP-20260929-0055,2026-09-29T20:00:00+00:00,DEMO-ITEM-20260929-0055,GW-007,Shopgoodwill,DEMO-UPRIGHT-0055,Framed landscape print,Art,1,75.21,7.99,5.26,7.52,0.00,75.21,upright_replica,true,one row per paid order,2026-09-29,America/Indiana/Indianapolis,USD
UP-20260929-0056,2026-09-29T21:00:00+00:00,DEMO-ITEM-20260929-0056,GW-008,eBay,DEMO-UPRIGHT-0056,Silver-tone necklace,Jewelry,1,77.32,3.99,5.41,7.73,0.00,77.32,upright_replica,true,one row per paid order,2026-09-29,America/Indiana/Indianapolis,USD
UP-20260929-0057,2026-09-29T18:00:00+00:00,DEMO-ITEM-20260929-0057,GW-009,Goodwillfinds,DEMO-UPRIGHT-0057,Vintage ceramic vase,Home,1,79.43,4.99,5.56,7.94,0.00,79.43,upright_replica,true,one row per paid order,2026-09-29,America/Indiana/Indianapolis,USD
UP-20260929-0058,2026-09-29T19:00:00+00:00,DEMO-ITEM-20260929-0058,GW-010,Shopgoodwill,DEMO-UPRIGHT-0058,"Wool cardigan, size S",Apparel,1,81.54,5.99,5.70,8.15,0.00,81.54,upright_replica,true,one row per paid order,2026-09-29,America/Indiana/Indianapolis,USD
UP-20260929-0059,2026-09-29T20:00:00+00:00,DEMO-ITEM-20260929-0059,GW-011,eBay,DEMO-UPRIGHT-0059,Framed landscape print,Art,1,83.65,6.99,5.85,8.36,0.00,83.65,upright_replica,true,one row per paid order,2026-09-29,America/Indiana/Indianapolis,USD
UP-20260929-0060,2026-09-29T21:00:00+00:00,DEMO-ITEM-20260929-0060,GW-012,Goodwillfinds,DEMO-UPRIGHT-0060,Silver-tone necklace,Jewelry,1,85.76,7.99,6.00,8.57,0.00,85.76,upright_replica,true,one row per paid order,2026-09-29,America/Indiana/Indianapolis,USD
UP-20260929-0061,2026-09-29T18:00:00+00:00,DEMO-ITEM-20260929-0061,GW-013,Shopgoodwill,DEMO-UPRIGHT-0061,Vintage ceramic vase,Home,1,87.87,3.99,6.15,8.78,0.00,87.87,upright_replica,true,one row per paid order,2026-09-29,America/Indiana/Indianapolis,USD
UP-20260929-0062,2026-09-29T19:00:00+00:00,DEMO-ITEM-20260929-0062,GW-014,eBay,DEMO-UPRIGHT-0062,"Wool cardigan, size S",Apparel,1,89.98,4.99,6.29,8.99,0.00,89.98,upright_replica,true,one row per paid order,2026-09-29,America/Indiana/Indianapolis,USD
UP-20260929-0063,2026-09-29T20:00:00+00:00,DEMO-ITEM-20260929-0063,GW-015,Goodwillfinds,DEMO-UPRIGHT-0063,Framed landscape print,Art,1,92.09,5.99,6.44,9.20,0.00,92.09,upright_replica,true,one row per paid order,2026-09-29,America/Indiana/Indianapolis,USD
UP-20260929-0064,2026-09-29T21:00:00+00:00,DEMO-ITEM-20260929-0064,GW-016,Shopgoodwill,DEMO-UPRIGHT-0064,Silver-tone necklace,Jewelry,1,94.20,6.99,6.59,9.42,0.00,94.20,upright_replica,true,one row per paid order,2026-09-29,America/Indiana/Indianapolis,USD
UP-20260929-0065,2026-09-29T18:00:00+00:00,DEMO-ITEM-20260929-0065,GW-017,eBay,DEMO-UPRIGHT-0065,Vintage ceramic vase,Home,1,96.31,7.99,6.74,9.63,0.00,96.31,upright_replica,true,one row per paid order,2026-09-29,America/Indiana/Indianapolis,USD
UP-20260929-0066,2026-09-29T19:00:00+00:00,DEMO-ITEM-20260929-0066,GW-018,Goodwillfinds,DEMO-UPRIGHT-0066,"Wool cardigan, size S",Apparel,1,98.42,3.99,6.88,9.84,0.00,98.42,upright_replica,true,one row per paid order,2026-09-29,America/Indiana/Indianapolis,USD
UP-20260929-0067,2026-09-29T20:00:00+00:00,DEMO-ITEM-20260929-0067,GW-019,Shopgoodwill,DEMO-UPRIGHT-0067,Framed landscape print,Art,1,15.53,4.99,1.08,1.55,0.00,15.53,upright_replica,true,one row per paid order,2026-09-29,America/Indiana/Indianapolis,USD
UP-20260929-0068,2026-09-29T21:00:00+00:00,DEMO-ITEM-20260929-0068,GW-020,eBay,DEMO-UPRIGHT-0068,Silver-tone necklace,Jewelry,1,17.64,5.99,1.23,1.76,0.00,17.64,upright_replica,true,one row per paid order,2026-09-29,America/Indiana/Indianapolis,USD
UP-20260929-0069,2026-09-29T18:00:00+00:00,DEMO-ITEM-20260929-0069,GW-021,Goodwillfinds,DEMO-UPRIGHT-0069,Vintage ceramic vase,Home,1,19.75,6.99,1.38,1.97,9.87,9.88,upright_replica,true,one row per paid order,2026-09-29,America/Indiana/Indianapolis,USD
UP-20260929-0070,2026-09-29T19:00:00+00:00,DEMO-ITEM-20260929-0070,GW-022,Shopgoodwill,DEMO-UPRIGHT-0070,"Wool cardigan, size S",Apparel,1,21.86,7.99,1.53,2.18,0.00,21.86,upright_replica,true,one row per paid order,2026-09-29,America/Indiana/Indianapolis,USD
UP-20260929-0071,2026-09-29T20:00:00+00:00,DEMO-ITEM-20260929-0071,GW-023,eBay,DEMO-UPRIGHT-0071,Framed landscape print,Art,1,23.97,3.99,1.67,2.39,0.00,23.97,upright_replica,true,one row per paid order,2026-09-29,America/Indiana/Indianapolis,USD
UP-20260929-0072,2026-09-29T21:00:00+00:00,DEMO-ITEM-20260929-0072,GW-024,Goodwillfinds,DEMO-UPRIGHT-0072,Silver-tone necklace,Jewelry,1,26.08,4.99,1.82,2.60,0.00,26.08,upright_replica,true,one row per paid order,2026-09-29,America/Indiana/Indianapolis,USD
UP-20260929-0073,2026-09-29T18:00:00+00:00,DEMO-ITEM-20260929-0073,GW-001,Shopgoodwill,DEMO-UPRIGHT-0073,Vintage ceramic vase,Home,1,28.19,5.99,1.97,2.81,0.00,28.19,upright_replica,true,one row per paid order,2026-09-29,America/Indiana/Indianapolis,USD
UP-20260929-0074,2026-09-29T19:00:00+00:00,DEMO-ITEM-20260929-0074,GW-002,eBay,DEMO-UPRIGHT-0074,"Wool cardigan, size S",Apparel,1,30.30,6.99,2.12,3.03,0.00,30.30,upright_replica,true,one row per paid order,2026-09-29,America/Indiana/Indianapolis,USD
UP-20260929-0075,2026-09-29T20:00:00+00:00,DEMO-ITEM-20260929-0075,GW-003,Goodwillfinds,DEMO-UPRIGHT-0075,Framed landscape print,Art,1,32.41,7.99,2.26,3.24,0.00,32.41,upright_replica,true,one row per paid order,2026-09-29,America/Indiana/Indianapolis,USD
UP-20260929-0076,2026-09-29T21:00:00+00:00,DEMO-ITEM-20260929-0076,GW-004,Shopgoodwill,DEMO-UPRIGHT-0076,Silver-tone necklace,Jewelry,1,34.52,3.99,2.41,3.45,0.00,34.52,upright_replica,true,one row per paid order,2026-09-29,America/Indiana/Indianapolis,USD
UP-20260929-0077,2026-09-29T18:00:00+00:00,DEMO-ITEM-20260929-0077,GW-005,eBay,DEMO-UPRIGHT-0077,Vintage ceramic vase,Home,1,36.63,4.99,2.56,3.66,0.00,36.63,upright_replica,true,one row per paid order,2026-09-29,America/Indiana/Indianapolis,USD
UP-20260929-0078,2026-09-29T19:00:00+00:00,DEMO-ITEM-20260929-0078,GW-006,Goodwillfinds,DEMO-UPRIGHT-0078,"Wool cardigan, size S",Apparel,1,38.74,5.99,2.71,3.87,0.00,38.74,upright_replica,true,one row per paid order,2026-09-29,America/Indiana/Indianapolis,USD
UP-20260929-0079,2026-09-29T20:00:00+00:00,DEMO-ITEM-20260929-0079,GW-007,Shopgoodwill,DEMO-UPRIGHT-0079,Framed landscape print,Art,1,40.85,6.99,2.85,4.08,0.00,40.85,upright_replica,true,one row per paid order,2026-09-29,America/Indiana/Indianapolis,USD
UP-20260929-0080,2026-09-29T21:00:00+00:00,DEMO-ITEM-20260929-0080,GW-008,eBay,DEMO-UPRIGHT-0080,Silver-tone necklace,Jewelry,1,42.96,7.99,3.00,4.29,0.00,42.96,upright_replica,true,one row per paid order,2026-09-29,America/Indiana/Indianapolis,USD
UP-20260929-0081,2026-09-29T18:00:00+00:00,DEMO-ITEM-20260929-0081,GW-009,Goodwillfinds,DEMO-UPRIGHT-0081,Vintage ceramic vase,Home,1,45.07,3.99,3.15,4.50,0.00,45.07,upright_replica,true,one row per paid order,2026-09-29,America/Indiana/Indianapolis,USD
UP-20260929-0082,2026-09-29T19:00:00+00:00,DEMO-ITEM-20260929-0082,GW-010,Shopgoodwill,DEMO-UPRIGHT-0082,"Wool cardigan, size S",Apparel,1,47.18,4.99,3.30,4.71,0.00,47.18,upright_replica,true,one row per paid order,2026-09-29,America/Indiana/Indianapolis,USD
UP-20260929-0083,2026-09-29T20:00:00+00:00,DEMO-ITEM-20260929-0083,GW-011,eBay,DEMO-UPRIGHT-0083,Framed landscape print,Art,1,49.29,5.99,3.45,4.92,0.00,49.29,upright_replica,true,one row per paid order,2026-09-29,America/Indiana/Indianapolis,USD
UP-20260929-0084,2026-09-29T21:00:00+00:00,DEMO-ITEM-20260929-0084,GW-012,Goodwillfinds,DEMO-UPRIGHT-0084,Silver-tone necklace,Jewelry,1,51.40,6.99,3.59,5.14,0.00,51.40,upright_replica,true,one row per paid order,2026-09-29,America/Indiana/Indianapolis,USD
UP-20260929-0085,2026-09-29T18:00:00+00:00,DEMO-ITEM-20260929-0085,GW-013,Shopgoodwill,DEMO-UPRIGHT-0085,Vintage ceramic vase,Home,1,53.51,7.99,3.74,5.35,0.00,53.51,upright_replica,true,one row per paid order,2026-09-29,America/Indiana/Indianapolis,USD
UP-20260929-0086,2026-09-29T19:00:00+00:00,DEMO-ITEM-20260929-0086,GW-014,eBay,DEMO-UPRIGHT-0086,"Wool cardigan, size S",Apparel,1,55.62,3.99,3.89,5.56,27.81,27.81,upright_replica,true,one row per paid order,2026-09-29,America/Indiana/Indianapolis,USD
UP-20260929-0087,2026-09-29T20:00:00+00:00,DEMO-ITEM-20260929-0087,GW-015,Goodwillfinds,DEMO-UPRIGHT-0087,Framed landscape print,Art,1,57.73,4.99,4.04,5.77,0.00,57.73,upright_replica,true,one row per paid order,2026-09-29,America/Indiana/Indianapolis,USD
UP-20260929-0088,2026-09-29T21:00:00+00:00,DEMO-ITEM-20260929-0088,GW-016,Shopgoodwill,DEMO-UPRIGHT-0088,Silver-tone necklace,Jewelry,1,59.84,5.99,4.18,5.98,0.00,59.84,upright_replica,true,one row per paid order,2026-09-29,America/Indiana/Indianapolis,USD
UP-20260929-0089,2026-09-29T18:00:00+00:00,DEMO-ITEM-20260929-0089,GW-017,eBay,DEMO-UPRIGHT-0089,Vintage ceramic vase,Home,1,61.95,6.99,4.33,6.19,0.00,61.95,upright_replica,true,one row per paid order,2026-09-29,America/Indiana/Indianapolis,USD
UP-20260929-0090,2026-09-29T19:00:00+00:00,DEMO-ITEM-20260929-0090,GW-018,Goodwillfinds,DEMO-UPRIGHT-0001,"Wool cardigan, size S",Apparel,1,64.06,7.99,4.48,6.40,0.00,64.06,upright_replica,true,one row per paid order,2026-09-29,America/Indiana/Indianapolis,USD
UP-20260929-0091,2026-09-29T20:00:00+00:00,DEMO-ITEM-20260929-0091,GW-019,Shopgoodwill,DEMO-UPRIGHT-0002,Framed landscape print,Art,1,66.17,3.99,4.63,6.61,0.00,66.17,upright_replica,true,one row per paid order,2026-09-29,America/Indiana/Indianapolis,USD
UP-20260929-0092,2026-09-29T21:00:00+00:00,DEMO-ITEM-20260929-0092,GW-020,eBay,DEMO-UPRIGHT-0003,Silver-tone necklace,Jewelry,1,68.28,4.99,4.77,6.82,0.00,68.28,upright_replica,true,one row per paid order,2026-09-29,America/Indiana/Indianapolis,USD
UP-20260929-0093,2026-09-29T18:00:00+00:00,DEMO-ITEM-20260929-0093,GW-021,Goodwillfinds,DEMO-UPRIGHT-0004,Vintage ceramic vase,Home,1,70.39,5.99,4.92,7.03,0.00,70.39,upright_replica,true,one row per paid order,2026-09-29,America/Indiana/Indianapolis,USD
UP-20260929-0094,2026-09-29T19:00:00+00:00,DEMO-ITEM-20260929-0094,GW-022,Shopgoodwill,DEMO-UPRIGHT-0005,"Wool cardigan, size S",Apparel,1,72.50,6.99,5.07,7.25,0.00,72.50,upright_replica,true,one row per paid order,2026-09-29,America/Indiana/Indianapolis,USD
UP-20260929-0095,2026-09-29T20:00:00+00:00,DEMO-ITEM-20260929-0095,GW-023,eBay,DEMO-UPRIGHT-0006,Framed landscape print,Art,1,74.61,7.99,5.22,7.46,0.00,74.61,upright_replica,true,one row per paid order,2026-09-29,America/Indiana/Indianapolis,USD
UP-20260929-0096,2026-09-29T21:00:00+00:00,DEMO-ITEM-20260929-0096,GW-024,Goodwillfinds,DEMO-UPRIGHT-0007,Silver-tone necklace,Jewelry,1,76.72,3.99,5.37,7.67,0.00,76.72,upright_replica,true,one row per paid order,2026-09-29,America/Indiana/Indianapolis,USD
UP-20260929-0097,2026-09-29T18:00:00+00:00,DEMO-ITEM-20260929-0097,GW-001,Shopgoodwill,DEMO-UPRIGHT-0008,Vintage ceramic vase,Home,1,78.83,4.99,5.51,7.88,0.00,78.83,upright_replica,true,one row per paid order,2026-09-29,America/Indiana/Indianapolis,USD
UP-20260929-0098,2026-09-29T19:00:00+00:00,DEMO-ITEM-20260929-0098,GW-002,eBay,DEMO-UPRIGHT-0009,"Wool cardigan, size S",Apparel,1,80.94,5.99,5.66,8.09,0.00,80.94,upright_replica,true,one row per paid order,2026-09-29,America/Indiana/Indianapolis,USD
UP-20260929-0099,2026-09-29T20:00:00+00:00,DEMO-ITEM-20260929-0099,GW-003,Goodwillfinds,DEMO-UPRIGHT-0010,Framed landscape print,Art,1,83.05,6.99,5.81,8.30,0.00,83.05,upright_replica,true,one row per paid order,2026-09-29,America/Indiana/Indianapolis,USD
UP-20260929-0100,2026-09-29T21:00:00+00:00,DEMO-ITEM-20260929-0100,GW-004,Shopgoodwill,DEMO-UPRIGHT-0011,Silver-tone necklace,Jewelry,1,85.16,7.99,5.96,8.51,0.00,85.16,upright_replica,true,one row per paid order,2026-09-29,America/Indiana/Indianapolis,USD
UP-20260929-0101,2026-09-29T18:00:00+00:00,DEMO-ITEM-20260929-0101,GW-005,eBay,DEMO-UPRIGHT-0012,Vintage ceramic vase,Home,1,87.27,3.99,6.10,8.72,0.00,87.27,upright_replica,true,one row per paid order,2026-09-29,America/Indiana/Indianapolis,USD
UP-20260929-0102,2026-09-29T19:00:00+00:00,DEMO-ITEM-20260929-0102,GW-006,Goodwillfinds,DEMO-UPRIGHT-0013,"Wool cardigan, size S",Apparel,1,89.38,4.99,6.25,8.93,0.00,89.38,upright_replica,true,one row per paid order,2026-09-29,America/Indiana/Indianapolis,USD
UP-20260929-0103,2026-09-29T20:00:00+00:00,DEMO-ITEM-20260929-0103,GW-007,Shopgoodwill,DEMO-UPRIGHT-0014,Framed landscape print,Art,1,91.49,5.99,6.40,9.14,45.74,45.75,upright_replica,true,one row per paid order,2026-09-29,America/Indiana/Indianapolis,USD
UP-20260929-0104,2026-09-29T21:00:00+00:00,DEMO-ITEM-20260929-0104,GW-008,eBay,DEMO-UPRIGHT-0015,Silver-tone necklace,Jewelry,1,93.60,6.99,6.55,9.36,0.00,93.60,upright_replica,true,one row per paid order,2026-09-29,America/Indiana/Indianapolis,USD
UP-20260929-0105,2026-09-29T18:00:00+00:00,DEMO-ITEM-20260929-0105,GW-009,Goodwillfinds,DEMO-UPRIGHT-0016,Vintage ceramic vase,Home,1,95.71,7.99,6.69,9.57,0.00,95.71,upright_replica,true,one row per paid order,2026-09-29,America/Indiana/Indianapolis,USD
UP-20260929-0106,2026-09-29T19:00:00+00:00,DEMO-ITEM-20260929-0106,GW-010,Shopgoodwill,DEMO-UPRIGHT-0017,"Wool cardigan, size S",Apparel,1,97.82,3.99,6.84,9.78,0.00,97.82,upright_replica,true,one row per paid order,2026-09-29,America/Indiana/Indianapolis,USD
UP-20260929-0107,2026-09-29T20:00:00+00:00,DEMO-ITEM-20260929-0107,GW-011,eBay,DEMO-UPRIGHT-0018,Framed landscape print,Art,1,99.93,4.99,6.99,9.99,0.00,99.93,upright_replica,true,one row per paid order,2026-09-29,America/Indiana/Indianapolis,USD
UP-20260929-0108,2026-09-29T21:00:00+00:00,DEMO-ITEM-20260929-0108,GW-012,Goodwillfinds,DEMO-UPRIGHT-0019,Silver-tone necklace,Jewelry,1,17.04,5.99,1.19,1.70,0.00,17.04,upright_replica,true,one row per paid order,2026-09-29,America/Indiana/Indianapolis,USD
UP-20260929-0109,2026-09-29T18:00:00+00:00,DEMO-ITEM-20260929-0109,GW-013,Shopgoodwill,DEMO-UPRIGHT-0020,Vintage ceramic vase,Home,1,19.15,6.99,1.34,1.91,0.00,19.15,upright_replica,true,one row per paid order,2026-09-29,America/Indiana/Indianapolis,USD
UP-20260929-0110,2026-09-29T19:00:00+00:00,DEMO-ITEM-20260929-0110,GW-014,eBay,DEMO-UPRIGHT-0021,"Wool cardigan, size S",Apparel,1,21.26,7.99,1.48,2.12,0.00,21.26,upright_replica,true,one row per paid order,2026-09-29,America/Indiana/Indianapolis,USD
UP-20260929-0111,2026-09-29T20:00:00+00:00,DEMO-ITEM-20260929-0111,GW-015,Goodwillfinds,DEMO-UPRIGHT-0022,Framed landscape print,Art,1,23.37,3.99,1.63,2.33,0.00,23.37,upright_replica,true,one row per paid order,2026-09-29,America/Indiana/Indianapolis,USD
UP-20260929-0112,2026-09-29T21:00:00+00:00,DEMO-ITEM-20260929-0112,GW-016,Shopgoodwill,DEMO-UPRIGHT-0023,Silver-tone necklace,Jewelry,1,25.48,4.99,1.78,2.54,0.00,25.48,upright_replica,true,one row per paid order,2026-09-29,America/Indiana/Indianapolis,USD
UP-20260929-0113,2026-09-29T18:00:00+00:00,DEMO-ITEM-20260929-0113,GW-017,eBay,DEMO-UPRIGHT-0024,Vintage ceramic vase,Home,1,27.59,5.99,1.93,2.75,0.00,27.59,upright_replica,true,one row per paid order,2026-09-29,America/Indiana/Indianapolis,USD
UP-20260929-0114,2026-09-29T19:00:00+00:00,DEMO-ITEM-20260929-0114,GW-018,Goodwillfinds,DEMO-UPRIGHT-0025,"Wool cardigan, size S",Apparel,1,29.70,6.99,2.07,2.97,0.00,29.70,upright_replica,true,one row per paid order,2026-09-29,America/Indiana/Indianapolis,USD
UP-20260929-0115,2026-09-29T20:00:00+00:00,DEMO-ITEM-20260929-0115,GW-019,Shopgoodwill,DEMO-UPRIGHT-0026,Framed landscape print,Art,1,31.81,7.99,2.22,3.18,0.00,31.81,upright_replica,true,one row per paid order,2026-09-29,America/Indiana/Indianapolis,USD
UP-20260929-0116,2026-09-29T21:00:00+00:00,DEMO-ITEM-20260929-0116,GW-020,eBay,DEMO-UPRIGHT-0027,Silver-tone necklace,Jewelry,1,33.92,3.99,2.37,3.39,0.00,33.92,upright_replica,true,one row per paid order,2026-09-29,America/Indiana/Indianapolis,USD
UP-20260929-0117,2026-09-29T18:00:00+00:00,DEMO-ITEM-20260929-0117,GW-021,Goodwillfinds,DEMO-UPRIGHT-0028,Vintage ceramic vase,Home,1,36.03,4.99,2.52,3.60,0.00,36.03,upright_replica,true,one row per paid order,2026-09-29,America/Indiana/Indianapolis,USD
UP-20260929-0118,2026-09-29T19:00:00+00:00,DEMO-ITEM-20260929-0118,GW-022,Shopgoodwill,DEMO-UPRIGHT-0029,"Wool cardigan, size S",Apparel,1,38.14,5.99,2.66,3.81,0.00,38.14,upright_replica,true,one row per paid order,2026-09-29,America/Indiana/Indianapolis,USD
UP-20260929-0119,2026-09-29T20:00:00+00:00,DEMO-ITEM-20260929-0119,GW-023,eBay,DEMO-UPRIGHT-0030,Framed landscape print,Art,1,40.25,6.99,2.81,4.02,0.00,40.25,upright_replica,true,one row per paid order,2026-09-29,America/Indiana/Indianapolis,USD
UP-20260929-0120,2026-09-29T21:00:00+00:00,DEMO-ITEM-20260929-0120,GW-024,Goodwillfinds,DEMO-UPRIGHT-0031,Silver-tone necklace,Jewelry,1,42.36,7.99,2.96,4.23,21.18,21.18,upright_replica,true,one row per paid order,2026-09-29,America/Indiana/Indianapolis,USD
UP-20260929-0121,2026-09-29T18:00:00+00:00,DEMO-ITEM-20260929-0121,GW-001,Shopgoodwill,DEMO-UPRIGHT-0032,Vintage ceramic vase,Home,1,44.47,3.99,3.11,4.44,0.00,44.47,upright_replica,true,one row per paid order,2026-09-29,America/Indiana/Indianapolis,USD
UP-20260929-0122,2026-09-29T19:00:00+00:00,DEMO-ITEM-20260929-0122,GW-002,eBay,DEMO-UPRIGHT-0033,"Wool cardigan, size S",Apparel,1,46.58,4.99,3.26,4.65,0.00,46.58,upright_replica,true,one row per paid order,2026-09-29,America/Indiana/Indianapolis,USD
UP-20260929-0123,2026-09-29T20:00:00+00:00,DEMO-ITEM-20260929-0123,GW-003,Goodwillfinds,DEMO-UPRIGHT-0034,Framed landscape print,Art,1,48.69,5.99,3.40,4.86,0.00,48.69,upright_replica,true,one row per paid order,2026-09-29,America/Indiana/Indianapolis,USD
UP-20260929-0124,2026-09-29T21:00:00+00:00,DEMO-ITEM-20260929-0124,GW-004,Shopgoodwill,DEMO-UPRIGHT-0035,Silver-tone necklace,Jewelry,1,50.80,6.99,3.55,5.08,0.00,50.80,upright_replica,true,one row per paid order,2026-09-29,America/Indiana/Indianapolis,USD
UP-20260929-0125,2026-09-29T18:00:00+00:00,DEMO-ITEM-20260929-0125,GW-005,eBay,DEMO-UPRIGHT-0036,Vintage ceramic vase,Home,1,52.91,7.99,3.70,5.29,0.00,52.91,upright_replica,true,one row per paid order,2026-09-29,America/Indiana/Indianapolis,USD
UP-20260929-0126,2026-09-29T19:00:00+00:00,DEMO-ITEM-20260929-0126,GW-006,Goodwillfinds,DEMO-UPRIGHT-0037,"Wool cardigan, size S",Apparel,1,55.02,3.99,3.85,5.50,0.00,55.02,upright_replica,true,one row per paid order,2026-09-29,America/Indiana/Indianapolis,USD
UP-20260929-0127,2026-09-29T20:00:00+00:00,DEMO-ITEM-20260929-0127,GW-007,Shopgoodwill,DEMO-UPRIGHT-0038,Framed landscape print,Art,1,57.13,4.99,3.99,5.71,0.00,57.13,upright_replica,true,one row per paid order,2026-09-29,America/Indiana/Indianapolis,USD
UP-20260929-0128,2026-09-29T21:00:00+00:00,DEMO-ITEM-20260929-0128,GW-008,eBay,DEMO-UPRIGHT-0039,Silver-tone necklace,Jewelry,1,59.24,5.99,4.14,5.92,0.00,59.24,upright_replica,true,one row per paid order,2026-09-29,America/Indiana/Indianapolis,USD
UP-20260930-0001,2026-09-30T18:00:00+00:00,DEMO-ITEM-20260930-0001,GW-001,Shopgoodwill,DEMO-UPRIGHT-0001,Vintage ceramic vase,Home,1,47.64,3.99,3.33,4.76,23.82,23.82,upright_replica,true,one row per paid order,2026-09-30,America/Indiana/Indianapolis,USD
UP-20260930-0002,2026-09-30T19:00:00+00:00,DEMO-ITEM-20260930-0002,GW-002,eBay,DEMO-UPRIGHT-0002,"Wool cardigan, size S",Apparel,1,49.75,4.99,3.48,4.97,0.00,49.75,upright_replica,true,one row per paid order,2026-09-30,America/Indiana/Indianapolis,USD
UP-20260930-0003,2026-09-30T20:00:00+00:00,DEMO-ITEM-20260930-0003,GW-003,Goodwillfinds,DEMO-UPRIGHT-0003,Framed landscape print,Art,1,51.86,5.99,3.63,5.18,0.00,51.86,upright_replica,true,one row per paid order,2026-09-30,America/Indiana/Indianapolis,USD
UP-20260930-0004,2026-09-30T21:00:00+00:00,DEMO-ITEM-20260930-0004,GW-004,Shopgoodwill,DEMO-UPRIGHT-0004,Silver-tone necklace,Jewelry,1,53.97,6.99,3.77,5.39,0.00,53.97,upright_replica,true,one row per paid order,2026-09-30,America/Indiana/Indianapolis,USD
UP-20260930-0005,2026-09-30T18:00:00+00:00,DEMO-ITEM-20260930-0005,GW-005,eBay,DEMO-UPRIGHT-0005,Vintage ceramic vase,Home,1,56.08,7.99,3.92,5.60,0.00,56.08,upright_replica,true,one row per paid order,2026-09-30,America/Indiana/Indianapolis,USD
UP-20260930-0006,2026-09-30T19:00:00+00:00,DEMO-ITEM-20260930-0006,GW-006,Goodwillfinds,DEMO-UPRIGHT-0006,"Wool cardigan, size S",Apparel,1,58.19,3.99,4.07,5.81,0.00,58.19,upright_replica,true,one row per paid order,2026-09-30,America/Indiana/Indianapolis,USD
UP-20260930-0007,2026-09-30T20:00:00+00:00,DEMO-ITEM-20260930-0007,GW-007,Shopgoodwill,DEMO-UPRIGHT-0007,Framed landscape print,Art,1,60.30,4.99,4.22,6.03,0.00,60.30,upright_replica,true,one row per paid order,2026-09-30,America/Indiana/Indianapolis,USD
UP-20260930-0008,2026-09-30T21:00:00+00:00,DEMO-ITEM-20260930-0008,GW-008,eBay,DEMO-UPRIGHT-0008,Silver-tone necklace,Jewelry,1,62.41,5.99,4.36,6.24,0.00,62.41,upright_replica,true,one row per paid order,2026-09-30,America/Indiana/Indianapolis,USD
UP-20260930-0009,2026-09-30T18:00:00+00:00,DEMO-ITEM-20260930-0009,GW-009,Goodwillfinds,DEMO-UPRIGHT-0009,Vintage ceramic vase,Home,1,64.52,6.99,4.51,6.45,0.00,64.52,upright_replica,true,one row per paid order,2026-09-30,America/Indiana/Indianapolis,USD
UP-20260930-0010,2026-09-30T19:00:00+00:00,DEMO-ITEM-20260930-0010,GW-010,Shopgoodwill,DEMO-UPRIGHT-0010,"Wool cardigan, size S",Apparel,1,66.63,7.99,4.66,6.66,0.00,66.63,upright_replica,true,one row per paid order,2026-09-30,America/Indiana/Indianapolis,USD
UP-20260930-0011,2026-09-30T20:00:00+00:00,DEMO-ITEM-20260930-0011,GW-011,eBay,DEMO-UPRIGHT-0011,Framed landscape print,Art,1,68.74,3.99,4.81,6.87,0.00,68.74,upright_replica,true,one row per paid order,2026-09-30,America/Indiana/Indianapolis,USD
UP-20260930-0012,2026-09-30T21:00:00+00:00,DEMO-ITEM-20260930-0012,GW-012,Goodwillfinds,DEMO-UPRIGHT-0012,Silver-tone necklace,Jewelry,1,70.85,4.99,4.95,7.08,0.00,70.85,upright_replica,true,one row per paid order,2026-09-30,America/Indiana/Indianapolis,USD
UP-20260930-0013,2026-09-30T18:00:00+00:00,DEMO-ITEM-20260930-0013,GW-013,Shopgoodwill,DEMO-UPRIGHT-0013,Vintage ceramic vase,Home,1,72.96,5.99,5.10,7.29,0.00,72.96,upright_replica,true,one row per paid order,2026-09-30,America/Indiana/Indianapolis,USD
UP-20260930-0014,2026-09-30T19:00:00+00:00,DEMO-ITEM-20260930-0014,GW-014,eBay,DEMO-UPRIGHT-0014,"Wool cardigan, size S",Apparel,1,75.07,6.99,5.25,7.50,0.00,75.07,upright_replica,true,one row per paid order,2026-09-30,America/Indiana/Indianapolis,USD
UP-20260930-0015,2026-09-30T20:00:00+00:00,DEMO-ITEM-20260930-0015,GW-015,Goodwillfinds,DEMO-UPRIGHT-0015,Framed landscape print,Art,1,77.18,7.99,5.40,7.71,0.00,77.18,upright_replica,true,one row per paid order,2026-09-30,America/Indiana/Indianapolis,USD
UP-20260930-0016,2026-09-30T21:00:00+00:00,DEMO-ITEM-20260930-0016,GW-016,Shopgoodwill,DEMO-UPRIGHT-0016,Silver-tone necklace,Jewelry,1,79.29,3.99,5.55,7.92,0.00,79.29,upright_replica,true,one row per paid order,2026-09-30,America/Indiana/Indianapolis,USD
UP-20260930-0017,2026-09-30T18:00:00+00:00,DEMO-ITEM-20260930-0017,GW-017,eBay,DEMO-UPRIGHT-0017,Vintage ceramic vase,Home,1,81.40,4.99,5.69,8.14,0.00,81.40,upright_replica,true,one row per paid order,2026-09-30,America/Indiana/Indianapolis,USD
UP-20260930-0018,2026-09-30T19:00:00+00:00,DEMO-ITEM-20260930-0018,GW-018,Goodwillfinds,DEMO-UPRIGHT-0018,"Wool cardigan, size S",Apparel,1,83.51,5.99,5.84,8.35,41.75,41.76,upright_replica,true,one row per paid order,2026-09-30,America/Indiana/Indianapolis,USD
UP-20260930-0019,2026-09-30T20:00:00+00:00,DEMO-ITEM-20260930-0019,GW-019,Shopgoodwill,DEMO-UPRIGHT-0019,Framed landscape print,Art,1,85.62,6.99,5.99,8.56,0.00,85.62,upright_replica,true,one row per paid order,2026-09-30,America/Indiana/Indianapolis,USD
UP-20260930-0020,2026-09-30T21:00:00+00:00,DEMO-ITEM-20260930-0020,GW-020,eBay,DEMO-UPRIGHT-0020,Silver-tone necklace,Jewelry,1,87.73,7.99,6.14,8.77,0.00,87.73,upright_replica,true,one row per paid order,2026-09-30,America/Indiana/Indianapolis,USD
UP-20260930-0021,2026-09-30T18:00:00+00:00,DEMO-ITEM-20260930-0021,GW-021,Goodwillfinds,DEMO-UPRIGHT-0021,Vintage ceramic vase,Home,1,89.84,3.99,6.28,8.98,0.00,89.84,upright_replica,true,one row per paid order,2026-09-30,America/Indiana/Indianapolis,USD
UP-20260930-0022,2026-09-30T19:00:00+00:00,DEMO-ITEM-20260930-0022,GW-022,Shopgoodwill,DEMO-UPRIGHT-0022,"Wool cardigan, size S",Apparel,1,91.95,4.99,6.43,9.19,0.00,91.95,upright_replica,true,one row per paid order,2026-09-30,America/Indiana/Indianapolis,USD
UP-20260930-0023,2026-09-30T20:00:00+00:00,DEMO-ITEM-20260930-0023,GW-023,eBay,DEMO-UPRIGHT-0023,Framed landscape print,Art,1,94.06,5.99,6.58,9.40,0.00,94.06,upright_replica,true,one row per paid order,2026-09-30,America/Indiana/Indianapolis,USD
UP-20260930-0024,2026-09-30T21:00:00+00:00,DEMO-ITEM-20260930-0024,GW-024,Goodwillfinds,DEMO-UPRIGHT-0024,Silver-tone necklace,Jewelry,1,96.17,6.99,6.73,9.61,0.00,96.17,upright_replica,true,one row per paid order,2026-09-30,America/Indiana/Indianapolis,USD
UP-20260930-0025,2026-09-30T18:00:00+00:00,DEMO-ITEM-20260930-0025,GW-001,Shopgoodwill,DEMO-UPRIGHT-0025,Vintage ceramic vase,Home,1,98.28,7.99,6.87,9.82,0.00,98.28,upright_replica,true,one row per paid order,2026-09-30,America/Indiana/Indianapolis,USD
UP-20260930-0026,2026-09-30T19:00:00+00:00,DEMO-ITEM-20260930-0026,GW-002,eBay,DEMO-UPRIGHT-0026,"Wool cardigan, size S",Apparel,1,15.39,3.99,1.07,1.53,0.00,15.39,upright_replica,true,one row per paid order,2026-09-30,America/Indiana/Indianapolis,USD
UP-20260930-0027,2026-09-30T20:00:00+00:00,DEMO-ITEM-20260930-0027,GW-003,Goodwillfinds,DEMO-UPRIGHT-0027,Framed landscape print,Art,1,17.50,4.99,1.22,1.75,0.00,17.50,upright_replica,true,one row per paid order,2026-09-30,America/Indiana/Indianapolis,USD
UP-20260930-0028,2026-09-30T21:00:00+00:00,DEMO-ITEM-20260930-0028,GW-004,Shopgoodwill,DEMO-UPRIGHT-0028,Silver-tone necklace,Jewelry,1,19.61,5.99,1.37,1.96,0.00,19.61,upright_replica,true,one row per paid order,2026-09-30,America/Indiana/Indianapolis,USD
UP-20260930-0029,2026-09-30T18:00:00+00:00,DEMO-ITEM-20260930-0029,GW-005,eBay,DEMO-UPRIGHT-0029,Vintage ceramic vase,Home,1,21.72,6.99,1.52,2.17,0.00,21.72,upright_replica,true,one row per paid order,2026-09-30,America/Indiana/Indianapolis,USD
UP-20260930-0030,2026-09-30T19:00:00+00:00,DEMO-ITEM-20260930-0030,GW-006,Goodwillfinds,DEMO-UPRIGHT-0030,"Wool cardigan, size S",Apparel,1,23.83,7.99,1.66,2.38,0.00,23.83,upright_replica,true,one row per paid order,2026-09-30,America/Indiana/Indianapolis,USD
UP-20260930-0031,2026-09-30T20:00:00+00:00,DEMO-ITEM-20260930-0031,GW-007,Shopgoodwill,DEMO-UPRIGHT-0031,Framed landscape print,Art,1,25.94,3.99,1.81,2.59,0.00,25.94,upright_replica,true,one row per paid order,2026-09-30,America/Indiana/Indianapolis,USD
UP-20260930-0032,2026-09-30T21:00:00+00:00,DEMO-ITEM-20260930-0032,GW-008,eBay,DEMO-UPRIGHT-0032,Silver-tone necklace,Jewelry,1,28.05,4.99,1.96,2.80,0.00,28.05,upright_replica,true,one row per paid order,2026-09-30,America/Indiana/Indianapolis,USD
UP-20260930-0033,2026-09-30T18:00:00+00:00,DEMO-ITEM-20260930-0033,GW-009,Goodwillfinds,DEMO-UPRIGHT-0033,Vintage ceramic vase,Home,1,30.16,5.99,2.11,3.01,0.00,30.16,upright_replica,true,one row per paid order,2026-09-30,America/Indiana/Indianapolis,USD
UP-20260930-0034,2026-09-30T19:00:00+00:00,DEMO-ITEM-20260930-0034,GW-010,Shopgoodwill,DEMO-UPRIGHT-0034,"Wool cardigan, size S",Apparel,1,32.27,6.99,2.25,3.22,0.00,32.27,upright_replica,true,one row per paid order,2026-09-30,America/Indiana/Indianapolis,USD
UP-20260930-0035,2026-09-30T20:00:00+00:00,DEMO-ITEM-20260930-0035,GW-011,eBay,DEMO-UPRIGHT-0035,Framed landscape print,Art,1,34.38,7.99,2.40,3.43,17.19,17.19,upright_replica,true,one row per paid order,2026-09-30,America/Indiana/Indianapolis,USD
UP-20260930-0036,2026-09-30T21:00:00+00:00,DEMO-ITEM-20260930-0036,GW-012,Goodwillfinds,DEMO-UPRIGHT-0036,Silver-tone necklace,Jewelry,1,36.49,3.99,2.55,3.64,0.00,36.49,upright_replica,true,one row per paid order,2026-09-30,America/Indiana/Indianapolis,USD
UP-20260930-0037,2026-09-30T18:00:00+00:00,DEMO-ITEM-20260930-0037,GW-013,Shopgoodwill,DEMO-UPRIGHT-0037,Vintage ceramic vase,Home,1,38.60,4.99,2.70,3.86,0.00,38.60,upright_replica,true,one row per paid order,2026-09-30,America/Indiana/Indianapolis,USD
UP-20260930-0038,2026-09-30T19:00:00+00:00,DEMO-ITEM-20260930-0038,GW-014,eBay,DEMO-UPRIGHT-0038,"Wool cardigan, size S",Apparel,1,40.71,5.99,2.84,4.07,0.00,40.71,upright_replica,true,one row per paid order,2026-09-30,America/Indiana/Indianapolis,USD
UP-20260930-0039,2026-09-30T20:00:00+00:00,DEMO-ITEM-20260930-0039,GW-015,Goodwillfinds,DEMO-UPRIGHT-0039,Framed landscape print,Art,1,42.82,6.99,2.99,4.28,0.00,42.82,upright_replica,true,one row per paid order,2026-09-30,America/Indiana/Indianapolis,USD
UP-20260930-0040,2026-09-30T21:00:00+00:00,DEMO-ITEM-20260930-0040,GW-016,Shopgoodwill,DEMO-UPRIGHT-0040,Silver-tone necklace,Jewelry,1,44.93,7.99,3.14,4.49,0.00,44.93,upright_replica,true,one row per paid order,2026-09-30,America/Indiana/Indianapolis,USD
UP-20260930-0041,2026-09-30T18:00:00+00:00,DEMO-ITEM-20260930-0041,GW-017,eBay,DEMO-UPRIGHT-0041,Vintage ceramic vase,Home,1,47.04,3.99,3.29,4.70,0.00,47.04,upright_replica,true,one row per paid order,2026-09-30,America/Indiana/Indianapolis,USD
UP-20260930-0042,2026-09-30T19:00:00+00:00,DEMO-ITEM-20260930-0042,GW-018,Goodwillfinds,DEMO-UPRIGHT-0042,"Wool cardigan, size S",Apparel,1,49.15,4.99,3.44,4.91,0.00,49.15,upright_replica,true,one row per paid order,2026-09-30,America/Indiana/Indianapolis,USD
UP-20260930-0043,2026-09-30T20:00:00+00:00,DEMO-ITEM-20260930-0043,GW-019,Shopgoodwill,DEMO-UPRIGHT-0043,Framed landscape print,Art,1,51.26,5.99,3.58,5.12,0.00,51.26,upright_replica,true,one row per paid order,2026-09-30,America/Indiana/Indianapolis,USD
UP-20260930-0044,2026-09-30T21:00:00+00:00,DEMO-ITEM-20260930-0044,GW-020,eBay,DEMO-UPRIGHT-0044,Silver-tone necklace,Jewelry,1,53.37,6.99,3.73,5.33,0.00,53.37,upright_replica,true,one row per paid order,2026-09-30,America/Indiana/Indianapolis,USD
UP-20260930-0045,2026-09-30T18:00:00+00:00,DEMO-ITEM-20260930-0045,GW-021,Goodwillfinds,DEMO-UPRIGHT-0045,Vintage ceramic vase,Home,1,55.48,7.99,3.88,5.54,0.00,55.48,upright_replica,true,one row per paid order,2026-09-30,America/Indiana/Indianapolis,USD
UP-20260930-0046,2026-09-30T19:00:00+00:00,DEMO-ITEM-20260930-0046,GW-022,Shopgoodwill,DEMO-UPRIGHT-0046,"Wool cardigan, size S",Apparel,1,57.59,3.99,4.03,5.75,0.00,57.59,upright_replica,true,one row per paid order,2026-09-30,America/Indiana/Indianapolis,USD
UP-20260930-0047,2026-09-30T20:00:00+00:00,DEMO-ITEM-20260930-0047,GW-023,eBay,DEMO-UPRIGHT-0047,Framed landscape print,Art,1,59.70,4.99,4.17,5.97,0.00,59.70,upright_replica,true,one row per paid order,2026-09-30,America/Indiana/Indianapolis,USD
UP-20260930-0048,2026-09-30T21:00:00+00:00,DEMO-ITEM-20260930-0048,GW-024,Goodwillfinds,DEMO-UPRIGHT-0048,Silver-tone necklace,Jewelry,1,61.81,5.99,4.32,6.18,0.00,61.81,upright_replica,true,one row per paid order,2026-09-30,America/Indiana/Indianapolis,USD
UP-20260930-0049,2026-09-30T18:00:00+00:00,DEMO-ITEM-20260930-0049,GW-001,Shopgoodwill,DEMO-UPRIGHT-0049,Vintage ceramic vase,Home,1,63.92,6.99,4.47,6.39,0.00,63.92,upright_replica,true,one row per paid order,2026-09-30,America/Indiana/Indianapolis,USD
UP-20260930-0050,2026-09-30T19:00:00+00:00,DEMO-ITEM-20260930-0050,GW-002,eBay,DEMO-UPRIGHT-0050,"Wool cardigan, size S",Apparel,1,66.03,7.99,4.62,6.60,0.00,66.03,upright_replica,true,one row per paid order,2026-09-30,America/Indiana/Indianapolis,USD
UP-20260930-0051,2026-09-30T20:00:00+00:00,DEMO-ITEM-20260930-0051,GW-003,Goodwillfinds,DEMO-UPRIGHT-0051,Framed landscape print,Art,1,68.14,3.99,4.76,6.81,0.00,68.14,upright_replica,true,one row per paid order,2026-09-30,America/Indiana/Indianapolis,USD
UP-20260930-0052,2026-09-30T21:00:00+00:00,DEMO-ITEM-20260930-0052,GW-004,Shopgoodwill,DEMO-UPRIGHT-0052,Silver-tone necklace,Jewelry,1,70.25,4.99,4.91,7.02,35.12,35.13,upright_replica,true,one row per paid order,2026-09-30,America/Indiana/Indianapolis,USD
UP-20260930-0053,2026-09-30T18:00:00+00:00,DEMO-ITEM-20260930-0053,GW-005,eBay,DEMO-UPRIGHT-0053,Vintage ceramic vase,Home,1,72.36,5.99,5.06,7.23,0.00,72.36,upright_replica,true,one row per paid order,2026-09-30,America/Indiana/Indianapolis,USD
UP-20260930-0054,2026-09-30T19:00:00+00:00,DEMO-ITEM-20260930-0054,GW-006,Goodwillfinds,DEMO-UPRIGHT-0054,"Wool cardigan, size S",Apparel,1,74.47,6.99,5.21,7.44,0.00,74.47,upright_replica,true,one row per paid order,2026-09-30,America/Indiana/Indianapolis,USD
UP-20260930-0055,2026-09-30T20:00:00+00:00,DEMO-ITEM-20260930-0055,GW-007,Shopgoodwill,DEMO-UPRIGHT-0055,Framed landscape print,Art,1,76.58,7.99,5.36,7.65,0.00,76.58,upright_replica,true,one row per paid order,2026-09-30,America/Indiana/Indianapolis,USD
UP-20260930-0056,2026-09-30T21:00:00+00:00,DEMO-ITEM-20260930-0056,GW-008,eBay,DEMO-UPRIGHT-0056,Silver-tone necklace,Jewelry,1,78.69,3.99,5.50,7.86,0.00,78.69,upright_replica,true,one row per paid order,2026-09-30,America/Indiana/Indianapolis,USD
UP-20260930-0057,2026-09-30T18:00:00+00:00,DEMO-ITEM-20260930-0057,GW-009,Goodwillfinds,DEMO-UPRIGHT-0057,Vintage ceramic vase,Home,1,80.80,4.99,5.65,8.08,0.00,80.80,upright_replica,true,one row per paid order,2026-09-30,America/Indiana/Indianapolis,USD
UP-20260930-0058,2026-09-30T19:00:00+00:00,DEMO-ITEM-20260930-0058,GW-010,Shopgoodwill,DEMO-UPRIGHT-0058,"Wool cardigan, size S",Apparel,1,82.91,5.99,5.80,8.29,0.00,82.91,upright_replica,true,one row per paid order,2026-09-30,America/Indiana/Indianapolis,USD
UP-20260930-0059,2026-09-30T20:00:00+00:00,DEMO-ITEM-20260930-0059,GW-011,eBay,DEMO-UPRIGHT-0059,Framed landscape print,Art,1,85.02,6.99,5.95,8.50,0.00,85.02,upright_replica,true,one row per paid order,2026-09-30,America/Indiana/Indianapolis,USD
UP-20260930-0060,2026-09-30T21:00:00+00:00,DEMO-ITEM-20260930-0060,GW-012,Goodwillfinds,DEMO-UPRIGHT-0060,Silver-tone necklace,Jewelry,1,87.13,7.99,6.09,8.71,0.00,87.13,upright_replica,true,one row per paid order,2026-09-30,America/Indiana/Indianapolis,USD
UP-20260930-0061,2026-09-30T18:00:00+00:00,DEMO-ITEM-20260930-0061,GW-013,Shopgoodwill,DEMO-UPRIGHT-0061,Vintage ceramic vase,Home,1,89.24,3.99,6.24,8.92,0.00,89.24,upright_replica,true,one row per paid order,2026-09-30,America/Indiana/Indianapolis,USD
UP-20260930-0062,2026-09-30T19:00:00+00:00,DEMO-ITEM-20260930-0062,GW-014,eBay,DEMO-UPRIGHT-0062,"Wool cardigan, size S",Apparel,1,91.35,4.99,6.39,9.13,0.00,91.35,upright_replica,true,one row per paid order,2026-09-30,America/Indiana/Indianapolis,USD
UP-20260930-0063,2026-09-30T20:00:00+00:00,DEMO-ITEM-20260930-0063,GW-015,Goodwillfinds,DEMO-UPRIGHT-0063,Framed landscape print,Art,1,93.46,5.99,6.54,9.34,0.00,93.46,upright_replica,true,one row per paid order,2026-09-30,America/Indiana/Indianapolis,USD
UP-20260930-0064,2026-09-30T21:00:00+00:00,DEMO-ITEM-20260930-0064,GW-016,Shopgoodwill,DEMO-UPRIGHT-0064,Silver-tone necklace,Jewelry,1,95.57,6.99,6.68,9.55,0.00,95.57,upright_replica,true,one row per paid order,2026-09-30,America/Indiana/Indianapolis,USD
UP-20260930-0065,2026-09-30T18:00:00+00:00,DEMO-ITEM-20260930-0065,GW-017,eBay,DEMO-UPRIGHT-0065,Vintage ceramic vase,Home,1,97.68,7.99,6.83,9.76,0.00,97.68,upright_replica,true,one row per paid order,2026-09-30,America/Indiana/Indianapolis,USD
UP-20260930-0066,2026-09-30T19:00:00+00:00,DEMO-ITEM-20260930-0066,GW-018,Goodwillfinds,DEMO-UPRIGHT-0066,"Wool cardigan, size S",Apparel,1,99.79,3.99,6.98,9.97,0.00,99.79,upright_replica,true,one row per paid order,2026-09-30,America/Indiana/Indianapolis,USD
UP-20260930-0067,2026-09-30T20:00:00+00:00,DEMO-ITEM-20260930-0067,GW-019,Shopgoodwill,DEMO-UPRIGHT-0067,Framed landscape print,Art,1,16.90,4.99,1.18,1.69,0.00,16.90,upright_replica,true,one row per paid order,2026-09-30,America/Indiana/Indianapolis,USD
UP-20260930-0068,2026-09-30T21:00:00+00:00,DEMO-ITEM-20260930-0068,GW-020,eBay,DEMO-UPRIGHT-0068,Silver-tone necklace,Jewelry,1,19.01,5.99,1.33,1.90,0.00,19.01,upright_replica,true,one row per paid order,2026-09-30,America/Indiana/Indianapolis,USD
UP-20260930-0069,2026-09-30T18:00:00+00:00,DEMO-ITEM-20260930-0069,GW-021,Goodwillfinds,DEMO-UPRIGHT-0069,Vintage ceramic vase,Home,1,21.12,6.99,1.47,2.11,10.56,10.56,upright_replica,true,one row per paid order,2026-09-30,America/Indiana/Indianapolis,USD
UP-20260930-0070,2026-09-30T19:00:00+00:00,DEMO-ITEM-20260930-0070,GW-022,Shopgoodwill,DEMO-UPRIGHT-0070,"Wool cardigan, size S",Apparel,1,23.23,7.99,1.62,2.32,0.00,23.23,upright_replica,true,one row per paid order,2026-09-30,America/Indiana/Indianapolis,USD
UP-20260930-0071,2026-09-30T20:00:00+00:00,DEMO-ITEM-20260930-0071,GW-023,eBay,DEMO-UPRIGHT-0071,Framed landscape print,Art,1,25.34,3.99,1.77,2.53,0.00,25.34,upright_replica,true,one row per paid order,2026-09-30,America/Indiana/Indianapolis,USD
UP-20260930-0072,2026-09-30T21:00:00+00:00,DEMO-ITEM-20260930-0072,GW-024,Goodwillfinds,DEMO-UPRIGHT-0072,Silver-tone necklace,Jewelry,1,27.45,4.99,1.92,2.74,0.00,27.45,upright_replica,true,one row per paid order,2026-09-30,America/Indiana/Indianapolis,USD
UP-20260930-0073,2026-09-30T18:00:00+00:00,DEMO-ITEM-20260930-0073,GW-001,Shopgoodwill,DEMO-UPRIGHT-0073,Vintage ceramic vase,Home,1,29.56,5.99,2.06,2.95,0.00,29.56,upright_replica,true,one row per paid order,2026-09-30,America/Indiana/Indianapolis,USD
UP-20260930-0074,2026-09-30T19:00:00+00:00,DEMO-ITEM-20260930-0074,GW-002,eBay,DEMO-UPRIGHT-0074,"Wool cardigan, size S",Apparel,1,31.67,6.99,2.21,3.16,0.00,31.67,upright_replica,true,one row per paid order,2026-09-30,America/Indiana/Indianapolis,USD
UP-20260930-0075,2026-09-30T20:00:00+00:00,DEMO-ITEM-20260930-0075,GW-003,Goodwillfinds,DEMO-UPRIGHT-0075,Framed landscape print,Art,1,33.78,7.99,2.36,3.37,0.00,33.78,upright_replica,true,one row per paid order,2026-09-30,America/Indiana/Indianapolis,USD
UP-20260930-0076,2026-09-30T21:00:00+00:00,DEMO-ITEM-20260930-0076,GW-004,Shopgoodwill,DEMO-UPRIGHT-0076,Silver-tone necklace,Jewelry,1,35.89,3.99,2.51,3.58,0.00,35.89,upright_replica,true,one row per paid order,2026-09-30,America/Indiana/Indianapolis,USD
UP-20260930-0077,2026-09-30T18:00:00+00:00,DEMO-ITEM-20260930-0077,GW-005,eBay,DEMO-UPRIGHT-0077,Vintage ceramic vase,Home,1,38.00,4.99,2.66,3.80,0.00,38.00,upright_replica,true,one row per paid order,2026-09-30,America/Indiana/Indianapolis,USD
UP-20260930-0078,2026-09-30T19:00:00+00:00,DEMO-ITEM-20260930-0078,GW-006,Goodwillfinds,DEMO-UPRIGHT-0078,"Wool cardigan, size S",Apparel,1,40.11,5.99,2.80,4.01,0.00,40.11,upright_replica,true,one row per paid order,2026-09-30,America/Indiana/Indianapolis,USD
UP-20260930-0079,2026-09-30T20:00:00+00:00,DEMO-ITEM-20260930-0079,GW-007,Shopgoodwill,DEMO-UPRIGHT-0079,Framed landscape print,Art,1,42.22,6.99,2.95,4.22,0.00,42.22,upright_replica,true,one row per paid order,2026-09-30,America/Indiana/Indianapolis,USD
UP-20260930-0080,2026-09-30T21:00:00+00:00,DEMO-ITEM-20260930-0080,GW-008,eBay,DEMO-UPRIGHT-0080,Silver-tone necklace,Jewelry,1,44.33,7.99,3.10,4.43,0.00,44.33,upright_replica,true,one row per paid order,2026-09-30,America/Indiana/Indianapolis,USD
UP-20260930-0081,2026-09-30T18:00:00+00:00,DEMO-ITEM-20260930-0081,GW-009,Goodwillfinds,DEMO-UPRIGHT-0081,Vintage ceramic vase,Home,1,46.44,3.99,3.25,4.64,0.00,46.44,upright_replica,true,one row per paid order,2026-09-30,America/Indiana/Indianapolis,USD
UP-20260930-0082,2026-09-30T19:00:00+00:00,DEMO-ITEM-20260930-0082,GW-010,Shopgoodwill,DEMO-UPRIGHT-0082,"Wool cardigan, size S",Apparel,1,48.55,4.99,3.39,4.85,0.00,48.55,upright_replica,true,one row per paid order,2026-09-30,America/Indiana/Indianapolis,USD
UP-20260930-0083,2026-09-30T20:00:00+00:00,DEMO-ITEM-20260930-0083,GW-011,eBay,DEMO-UPRIGHT-0083,Framed landscape print,Art,1,50.66,5.99,3.54,5.06,0.00,50.66,upright_replica,true,one row per paid order,2026-09-30,America/Indiana/Indianapolis,USD
UP-20260930-0084,2026-09-30T21:00:00+00:00,DEMO-ITEM-20260930-0084,GW-012,Goodwillfinds,DEMO-UPRIGHT-0084,Silver-tone necklace,Jewelry,1,52.77,6.99,3.69,5.27,0.00,52.77,upright_replica,true,one row per paid order,2026-09-30,America/Indiana/Indianapolis,USD
UP-20260930-0085,2026-09-30T18:00:00+00:00,DEMO-ITEM-20260930-0085,GW-013,Shopgoodwill,DEMO-UPRIGHT-0085,Vintage ceramic vase,Home,1,54.88,7.99,3.84,5.48,0.00,54.88,upright_replica,true,one row per paid order,2026-09-30,America/Indiana/Indianapolis,USD
UP-20260930-0086,2026-09-30T19:00:00+00:00,DEMO-ITEM-20260930-0086,GW-014,eBay,DEMO-UPRIGHT-0086,"Wool cardigan, size S",Apparel,1,56.99,3.99,3.98,5.69,28.49,28.50,upright_replica,true,one row per paid order,2026-09-30,America/Indiana/Indianapolis,USD
UP-20260930-0087,2026-09-30T20:00:00+00:00,DEMO-ITEM-20260930-0087,GW-015,Goodwillfinds,DEMO-UPRIGHT-0087,Framed landscape print,Art,1,59.10,4.99,4.13,5.91,0.00,59.10,upright_replica,true,one row per paid order,2026-09-30,America/Indiana/Indianapolis,USD
UP-20260930-0088,2026-09-30T21:00:00+00:00,DEMO-ITEM-20260930-0088,GW-016,Shopgoodwill,DEMO-UPRIGHT-0088,Silver-tone necklace,Jewelry,1,61.21,5.99,4.28,6.12,0.00,61.21,upright_replica,true,one row per paid order,2026-09-30,America/Indiana/Indianapolis,USD
UP-20260930-0089,2026-09-30T18:00:00+00:00,DEMO-ITEM-20260930-0089,GW-017,eBay,DEMO-UPRIGHT-0089,Vintage ceramic vase,Home,1,63.32,6.99,4.43,6.33,0.00,63.32,upright_replica,true,one row per paid order,2026-09-30,America/Indiana/Indianapolis,USD
UP-20260930-0090,2026-09-30T19:00:00+00:00,DEMO-ITEM-20260930-0090,GW-018,Goodwillfinds,DEMO-UPRIGHT-0001,"Wool cardigan, size S",Apparel,1,65.43,7.99,4.58,6.54,0.00,65.43,upright_replica,true,one row per paid order,2026-09-30,America/Indiana/Indianapolis,USD
UP-20260930-0091,2026-09-30T20:00:00+00:00,DEMO-ITEM-20260930-0091,GW-019,Shopgoodwill,DEMO-UPRIGHT-0002,Framed landscape print,Art,1,67.54,3.99,4.72,6.75,0.00,67.54,upright_replica,true,one row per paid order,2026-09-30,America/Indiana/Indianapolis,USD
UP-20260930-0092,2026-09-30T21:00:00+00:00,DEMO-ITEM-20260930-0092,GW-020,eBay,DEMO-UPRIGHT-0003,Silver-tone necklace,Jewelry,1,69.65,4.99,4.87,6.96,0.00,69.65,upright_replica,true,one row per paid order,2026-09-30,America/Indiana/Indianapolis,USD
UP-20260930-0093,2026-09-30T18:00:00+00:00,DEMO-ITEM-20260930-0093,GW-021,Goodwillfinds,DEMO-UPRIGHT-0004,Vintage ceramic vase,Home,1,71.76,5.99,5.02,7.17,0.00,71.76,upright_replica,true,one row per paid order,2026-09-30,America/Indiana/Indianapolis,USD
UP-20260930-0094,2026-09-30T19:00:00+00:00,DEMO-ITEM-20260930-0094,GW-022,Shopgoodwill,DEMO-UPRIGHT-0005,"Wool cardigan, size S",Apparel,1,73.87,6.99,5.17,7.38,0.00,73.87,upright_replica,true,one row per paid order,2026-09-30,America/Indiana/Indianapolis,USD
UP-20260930-0095,2026-09-30T20:00:00+00:00,DEMO-ITEM-20260930-0095,GW-023,eBay,DEMO-UPRIGHT-0006,Framed landscape print,Art,1,75.98,7.99,5.31,7.59,0.00,75.98,upright_replica,true,one row per paid order,2026-09-30,America/Indiana/Indianapolis,USD
UP-20260930-0096,2026-09-30T21:00:00+00:00,DEMO-ITEM-20260930-0096,GW-024,Goodwillfinds,DEMO-UPRIGHT-0007,Silver-tone necklace,Jewelry,1,78.09,3.99,5.46,7.80,0.00,78.09,upright_replica,true,one row per paid order,2026-09-30,America/Indiana/Indianapolis,USD
UP-20260930-0097,2026-09-30T18:00:00+00:00,DEMO-ITEM-20260930-0097,GW-001,Shopgoodwill,DEMO-UPRIGHT-0008,Vintage ceramic vase,Home,1,80.20,4.99,5.61,8.02,0.00,80.20,upright_replica,true,one row per paid order,2026-09-30,America/Indiana/Indianapolis,USD
UP-20260930-0098,2026-09-30T19:00:00+00:00,DEMO-ITEM-20260930-0098,GW-002,eBay,DEMO-UPRIGHT-0009,"Wool cardigan, size S",Apparel,1,82.31,5.99,5.76,8.23,0.00,82.31,upright_replica,true,one row per paid order,2026-09-30,America/Indiana/Indianapolis,USD
UP-20260930-0099,2026-09-30T20:00:00+00:00,DEMO-ITEM-20260930-0099,GW-003,Goodwillfinds,DEMO-UPRIGHT-0010,Framed landscape print,Art,1,84.42,6.99,5.90,8.44,0.00,84.42,upright_replica,true,one row per paid order,2026-09-30,America/Indiana/Indianapolis,USD
UP-20260930-0100,2026-09-30T21:00:00+00:00,DEMO-ITEM-20260930-0100,GW-004,Shopgoodwill,DEMO-UPRIGHT-0011,Silver-tone necklace,Jewelry,1,86.53,7.99,6.05,8.65,0.00,86.53,upright_replica,true,one row per paid order,2026-09-30,America/Indiana/Indianapolis,USD
UP-20260930-0101,2026-09-30T18:00:00+00:00,DEMO-ITEM-20260930-0101,GW-005,eBay,DEMO-UPRIGHT-0012,Vintage ceramic vase,Home,1,88.64,3.99,6.20,8.86,0.00,88.64,upright_replica,true,one row per paid order,2026-09-30,America/Indiana/Indianapolis,USD
UP-20260930-0102,2026-09-30T19:00:00+00:00,DEMO-ITEM-20260930-0102,GW-006,Goodwillfinds,DEMO-UPRIGHT-0013,"Wool cardigan, size S",Apparel,1,90.75,4.99,6.35,9.07,0.00,90.75,upright_replica,true,one row per paid order,2026-09-30,America/Indiana/Indianapolis,USD
UP-20260930-0103,2026-09-30T20:00:00+00:00,DEMO-ITEM-20260930-0103,GW-007,Shopgoodwill,DEMO-UPRIGHT-0014,Framed landscape print,Art,1,92.86,5.99,6.50,9.28,46.43,46.43,upright_replica,true,one row per paid order,2026-09-30,America/Indiana/Indianapolis,USD
UP-20260930-0104,2026-09-30T21:00:00+00:00,DEMO-ITEM-20260930-0104,GW-008,eBay,DEMO-UPRIGHT-0015,Silver-tone necklace,Jewelry,1,94.97,6.99,6.64,9.49,0.00,94.97,upright_replica,true,one row per paid order,2026-09-30,America/Indiana/Indianapolis,USD
UP-20260930-0105,2026-09-30T18:00:00+00:00,DEMO-ITEM-20260930-0105,GW-009,Goodwillfinds,DEMO-UPRIGHT-0016,Vintage ceramic vase,Home,1,97.08,7.99,6.79,9.70,0.00,97.08,upright_replica,true,one row per paid order,2026-09-30,America/Indiana/Indianapolis,USD
UP-20260930-0106,2026-09-30T19:00:00+00:00,DEMO-ITEM-20260930-0106,GW-010,Shopgoodwill,DEMO-UPRIGHT-0017,"Wool cardigan, size S",Apparel,1,99.19,3.99,6.94,9.91,0.00,99.19,upright_replica,true,one row per paid order,2026-09-30,America/Indiana/Indianapolis,USD
UP-20260930-0107,2026-09-30T20:00:00+00:00,DEMO-ITEM-20260930-0107,GW-011,eBay,DEMO-UPRIGHT-0018,Framed landscape print,Art,1,16.30,4.99,1.14,1.63,0.00,16.30,upright_replica,true,one row per paid order,2026-09-30,America/Indiana/Indianapolis,USD
UP-20260930-0108,2026-09-30T21:00:00+00:00,DEMO-ITEM-20260930-0108,GW-012,Goodwillfinds,DEMO-UPRIGHT-0019,Silver-tone necklace,Jewelry,1,18.41,5.99,1.28,1.84,0.00,18.41,upright_replica,true,one row per paid order,2026-09-30,America/Indiana/Indianapolis,USD
UP-20260930-0109,2026-09-30T18:00:00+00:00,DEMO-ITEM-20260930-0109,GW-013,Shopgoodwill,DEMO-UPRIGHT-0020,Vintage ceramic vase,Home,1,20.52,6.99,1.43,2.05,0.00,20.52,upright_replica,true,one row per paid order,2026-09-30,America/Indiana/Indianapolis,USD
UP-20260930-0110,2026-09-30T19:00:00+00:00,DEMO-ITEM-20260930-0110,GW-014,eBay,DEMO-UPRIGHT-0021,"Wool cardigan, size S",Apparel,1,22.63,7.99,1.58,2.26,0.00,22.63,upright_replica,true,one row per paid order,2026-09-30,America/Indiana/Indianapolis,USD
UP-20260930-0111,2026-09-30T20:00:00+00:00,DEMO-ITEM-20260930-0111,GW-015,Goodwillfinds,DEMO-UPRIGHT-0022,Framed landscape print,Art,1,24.74,3.99,1.73,2.47,0.00,24.74,upright_replica,true,one row per paid order,2026-09-30,America/Indiana/Indianapolis,USD
UP-20260930-0112,2026-09-30T21:00:00+00:00,DEMO-ITEM-20260930-0112,GW-016,Shopgoodwill,DEMO-UPRIGHT-0023,Silver-tone necklace,Jewelry,1,26.85,4.99,1.87,2.68,0.00,26.85,upright_replica,true,one row per paid order,2026-09-30,America/Indiana/Indianapolis,USD
UP-20260930-0113,2026-09-30T18:00:00+00:00,DEMO-ITEM-20260930-0113,GW-017,eBay,DEMO-UPRIGHT-0024,Vintage ceramic vase,Home,1,28.96,5.99,2.02,2.89,0.00,28.96,upright_replica,true,one row per paid order,2026-09-30,America/Indiana/Indianapolis,USD
UP-20260930-0114,2026-09-30T19:00:00+00:00,DEMO-ITEM-20260930-0114,GW-018,Goodwillfinds,DEMO-UPRIGHT-0025,"Wool cardigan, size S",Apparel,1,31.07,6.99,2.17,3.10,0.00,31.07,upright_replica,true,one row per paid order,2026-09-30,America/Indiana/Indianapolis,USD
UP-20260930-0115,2026-09-30T20:00:00+00:00,DEMO-ITEM-20260930-0115,GW-019,Shopgoodwill,DEMO-UPRIGHT-0026,Framed landscape print,Art,1,33.18,7.99,2.32,3.31,0.00,33.18,upright_replica,true,one row per paid order,2026-09-30,America/Indiana/Indianapolis,USD
UP-20260930-0116,2026-09-30T21:00:00+00:00,DEMO-ITEM-20260930-0116,GW-020,eBay,DEMO-UPRIGHT-0027,Silver-tone necklace,Jewelry,1,35.29,3.99,2.47,3.52,0.00,35.29,upright_replica,true,one row per paid order,2026-09-30,America/Indiana/Indianapolis,USD
UP-20260930-0117,2026-09-30T18:00:00+00:00,DEMO-ITEM-20260930-0117,GW-021,Goodwillfinds,DEMO-UPRIGHT-0028,Vintage ceramic vase,Home,1,37.40,4.99,2.61,3.74,0.00,37.40,upright_replica,true,one row per paid order,2026-09-30,America/Indiana/Indianapolis,USD
UP-20260930-0118,2026-09-30T19:00:00+00:00,DEMO-ITEM-20260930-0118,GW-022,Shopgoodwill,DEMO-UPRIGHT-0029,"Wool cardigan, size S",Apparel,1,39.51,5.99,2.76,3.95,0.00,39.51,upright_replica,true,one row per paid order,2026-09-30,America/Indiana/Indianapolis,USD
UP-20260930-0119,2026-09-30T20:00:00+00:00,DEMO-ITEM-20260930-0119,GW-023,eBay,DEMO-UPRIGHT-0030,Framed landscape print,Art,1,41.62,6.99,2.91,4.16,0.00,41.62,upright_replica,true,one row per paid order,2026-09-30,America/Indiana/Indianapolis,USD
UP-20260930-0120,2026-09-30T21:00:00+00:00,DEMO-ITEM-20260930-0120,GW-024,Goodwillfinds,DEMO-UPRIGHT-0031,Silver-tone necklace,Jewelry,1,43.73,7.99,3.06,4.37,21.86,21.87,upright_replica,true,one row per paid order,2026-09-30,America/Indiana/Indianapolis,USD
UP-20260930-0121,2026-09-30T18:00:00+00:00,DEMO-ITEM-20260930-0121,GW-001,Shopgoodwill,DEMO-UPRIGHT-0032,Vintage ceramic vase,Home,1,45.84,3.99,3.20,4.58,0.00,45.84,upright_replica,true,one row per paid order,2026-09-30,America/Indiana/Indianapolis,USD
UP-20260930-0122,2026-09-30T19:00:00+00:00,DEMO-ITEM-20260930-0122,GW-002,eBay,DEMO-UPRIGHT-0033,"Wool cardigan, size S",Apparel,1,47.95,4.99,3.35,4.79,0.00,47.95,upright_replica,true,one row per paid order,2026-09-30,America/Indiana/Indianapolis,USD
UP-20260930-0123,2026-09-30T20:00:00+00:00,DEMO-ITEM-20260930-0123,GW-003,Goodwillfinds,DEMO-UPRIGHT-0034,Framed landscape print,Art,1,50.06,5.99,3.50,5.00,0.00,50.06,upright_replica,true,one row per paid order,2026-09-30,America/Indiana/Indianapolis,USD
UP-20260930-0124,2026-09-30T21:00:00+00:00,DEMO-ITEM-20260930-0124,GW-004,Shopgoodwill,DEMO-UPRIGHT-0035,Silver-tone necklace,Jewelry,1,52.17,6.99,3.65,5.21,0.00,52.17,upright_replica,true,one row per paid order,2026-09-30,America/Indiana/Indianapolis,USD
UP-20260930-0125,2026-09-30T18:00:00+00:00,DEMO-ITEM-20260930-0125,GW-005,eBay,DEMO-UPRIGHT-0036,Vintage ceramic vase,Home,1,54.28,7.99,3.79,5.42,0.00,54.28,upright_replica,true,one row per paid order,2026-09-30,America/Indiana/Indianapolis,USD
UP-20260930-0126,2026-09-30T19:00:00+00:00,DEMO-ITEM-20260930-0126,GW-006,Goodwillfinds,DEMO-UPRIGHT-0037,"Wool cardigan, size S",Apparel,1,56.39,3.99,3.94,5.63,0.00,56.39,upright_replica,true,one row per paid order,2026-09-30,America/Indiana/Indianapolis,USD
UP-20260930-0127,2026-09-30T20:00:00+00:00,DEMO-ITEM-20260930-0127,GW-007,Shopgoodwill,DEMO-UPRIGHT-0038,Framed landscape print,Art,1,58.50,4.99,4.09,5.85,0.00,58.50,upright_replica,true,one row per paid order,2026-09-30,America/Indiana/Indianapolis,USD
UP-20260930-0128,2026-09-30T21:00:00+00:00,DEMO-ITEM-20260930-0128,GW-008,eBay,DEMO-UPRIGHT-0039,Silver-tone necklace,Jewelry,1,60.61,5.99,4.24,6.06,0.00,60.61,upright_replica,true,one row per paid order,2026-09-30,America/Indiana/Indianapolis,USD
