platform,listing_id,item_id,store_id,listed_at,source_row_id
ShopGoodwill,SGW-LST-000522,SGW-ITM-000522,GW-011,2026-06-24T11:00:00-04:00,LIST-000522
ShopGoodwill,SGW-LST-000654,SGW-ITM-000654,GW-018,2026-06-24T11:00:00-04:00,LIST-000654
ShopGoodwill,SGW-LST-001127,SGW-ITM-001127,GW-004,2026-06-24T11:00:00-04:00,LIST-001127
eBay,EB-LST-000504,EB-ITM-000504,GW-017,2026-06-25T11:00:00-04:00,LIST-002304
eBay,EB-LST-000625,EB-ITM-000625,GW-014,2026-06-25T11:00:00-04:00,LIST-002425
ShopGoodwill,SGW-LST-001029,SGW-ITM-001029,GW-021,2026-06-25T11:00:00-04:00,LIST-001029
ShopGoodwill,SGW-LST-001161,SGW-ITM-001161,GW-008,2026-06-25T11:00:00-04:00,LIST-001161
ShopGoodwill,SGW-LST-001389,SGW-ITM-001389,GW-020,2026-06-25T11:00:00-04:00,LIST-001389
eBay,EB-LST-000083,EB-ITM-000083,GW-009,2026-06-26T11:00:00-04:00,LIST-001883
eBay,EB-LST-000755,EB-ITM-000755,GW-010,2026-06-26T11:00:00-04:00,LIST-002555
ShopGoodwill,SGW-LST-000376,SGW-ITM-000376,GW-011,2026-06-26T11:00:00-04:00,LIST-000376
ShopGoodwill,SGW-LST-000747,SGW-ITM-000747,GW-009,2026-06-26T11:00:00-04:00,LIST-000747
ShopGoodwill,SGW-LST-001125,SGW-ITM-001125,GW-012,2026-06-26T11:00:00-04:00,LIST-001125
ShopGoodwill,SGW-LST-001126,SGW-ITM-001126,GW-004,2026-06-26T11:00:00-04:00,LIST-001126
eBay,EB-LST-000089,EB-ITM-000089,GW-014,2026-06-27T11:00:00-04:00,LIST-001889
eBay,EB-LST-000098,EB-ITM-000098,GW-007,2026-06-27T11:00:00-04:00,LIST-001898
eBay,EB-LST-000162,EB-ITM-000162,GW-020,2026-06-27T11:00:00-04:00,LIST-001962
eBay,EB-LST-000289,EB-ITM-000289,GW-016,2026-06-27T11:00:00-04:00,LIST-002089
ShopGoodwill,SGW-LST-000916,SGW-ITM-000916,GW-013,2026-06-27T11:00:00-04:00,LIST-000916
ShopGoodwill,SGW-LST-001002,SGW-ITM-001002,GW-022,2026-06-27T11:00:00-04:00,LIST-001002
ShopGoodwill,SGW-LST-001299,SGW-ITM-001299,GW-002,2026-06-27T11:00:00-04:00,LIST-001299
ShopGoodwill,SGW-LST-001563,SGW-ITM-001563,GW-009,2026-06-27T11:00:00-04:00,LIST-001563
ShopGoodwill,SGW-LST-001659,SGW-ITM-001659,GW-009,2026-06-27T11:00:00-04:00,LIST-001659
ShopGoodwill,SGW-LST-001676,SGW-ITM-001676,GW-022,2026-06-27T11:00:00-04:00,LIST-001676
eBay,EB-LST-000487,EB-ITM-000487,GW-012,2026-06-28T11:00:00-04:00,LIST-002287
eBay,EB-LST-000656,EB-ITM-000656,GW-021,2026-06-28T11:00:00-04:00,LIST-002456
ShopGoodwill,SGW-LST-000083,SGW-ITM-000083,GW-004,2026-06-28T11:00:00-04:00,LIST-000083
ShopGoodwill,SGW-LST-000171,SGW-ITM-000171,GW-002,2026-06-28T11:00:00-04:00,LIST-000171
ShopGoodwill,SGW-LST-000837,SGW-ITM-000837,GW-002,2026-06-28T11:00:00-04:00,LIST-000837
ShopGoodwill,SGW-LST-001008,SGW-ITM-001008,GW-004,2026-06-28T11:00:00-04:00,LIST-001008
ShopGoodwill,SGW-LST-001178,SGW-ITM-001178,GW-004,2026-06-28T11:00:00-04:00,LIST-001178
ShopGoodwill,SGW-LST-001210,SGW-ITM-001210,GW-004,2026-06-28T11:00:00-04:00,LIST-001210
ShopGoodwill,SGW-LST-001247,SGW-ITM-001247,GW-024,2026-06-28T11:00:00-04:00,LIST-001247
ShopGoodwill,SGW-LST-001480,SGW-ITM-001480,GW-001,2026-06-28T11:00:00-04:00,LIST-001480
ShopGoodwill,SGW-LST-001489,SGW-ITM-001489,GW-009,2026-06-28T11:00:00-04:00,LIST-001489
ShopGoodwill,SGW-LST-001703,SGW-ITM-001703,GW-017,2026-06-28T11:00:00-04:00,LIST-001703
ShopGoodwill,SGW-LST-001714,SGW-ITM-001714,GW-012,2026-06-28T11:00:00-04:00,LIST-001714
ShopGoodwill,SGW-LST-000058,SGW-ITM-000058,GW-010,2026-06-29T11:00:00-04:00,LIST-000058
ShopGoodwill,SGW-LST-000394,SGW-ITM-000394,GW-009,2026-06-29T11:00:00-04:00,LIST-000394
ShopGoodwill,SGW-LST-000476,SGW-ITM-000476,GW-002,2026-06-29T11:00:00-04:00,LIST-000476
ShopGoodwill,SGW-LST-000502,SGW-ITM-000502,GW-024,2026-06-29T11:00:00-04:00,LIST-000502
ShopGoodwill,SGW-LST-000523,SGW-ITM-000523,GW-009,2026-06-29T11:00:00-04:00,LIST-000523
ShopGoodwill,SGW-LST-000532,SGW-ITM-000532,GW-016,2026-06-29T11:00:00-04:00,LIST-000532
ShopGoodwill,SGW-LST-000793,SGW-ITM-000793,GW-005,2026-06-29T11:00:00-04:00,LIST-000793
ShopGoodwill,SGW-LST-001036,SGW-ITM-001036,GW-020,2026-06-29T11:00:00-04:00,LIST-001036
ShopGoodwill,SGW-LST-001244,SGW-ITM-001244,GW-001,2026-06-29T11:00:00-04:00,LIST-001244
ShopGoodwill,SGW-LST-001340,SGW-ITM-001340,GW-018,2026-06-29T11:00:00-04:00,LIST-001340
ShopGoodwill,SGW-LST-001386,SGW-ITM-001386,GW-009,2026-06-29T11:00:00-04:00,LIST-001386
ShopGoodwill,SGW-LST-001636,SGW-ITM-001636,GW-008,2026-06-29T11:00:00-04:00,LIST-001636
ShopGoodwill,SGW-LST-001704,SGW-ITM-001704,GW-009,2026-06-29T11:00:00-04:00,LIST-001704
eBay,EB-LST-000153,EB-ITM-000153,GW-024,2026-06-30T11:00:00-04:00,LIST-001953
eBay,EB-LST-000182,EB-ITM-000182,GW-007,2026-06-30T11:00:00-04:00,LIST-001982
eBay,EB-LST-000226,EB-ITM-000226,GW-004,2026-06-30T11:00:00-04:00,LIST-002026
eBay,EB-LST-000351,EB-ITM-000351,GW-020,2026-06-30T11:00:00-04:00,LIST-002151
eBay,EB-LST-000381,EB-ITM-000381,GW-021,2026-06-30T11:00:00-04:00,LIST-002181
eBay,EB-LST-000591,EB-ITM-000591,GW-001,2026-06-30T11:00:00-04:00,LIST-002391
eBay,EB-LST-000608,EB-ITM-000608,GW-004,2026-06-30T11:00:00-04:00,LIST-002408
eBay,EB-LST-000626,EB-ITM-000626,GW-020,2026-06-30T11:00:00-04:00,LIST-002426
eBay,EB-LST-000775,EB-ITM-000775,GW-003,2026-06-30T11:00:00-04:00,LIST-002575
ShopGoodwill,SGW-LST-000033,SGW-ITM-000033,GW-012,2026-06-30T11:00:00-04:00,LIST-000033
ShopGoodwill,SGW-LST-000152,SGW-ITM-000152,GW-005,2026-06-30T11:00:00-04:00,LIST-000152
ShopGoodwill,SGW-LST-000900,SGW-ITM-000900,GW-001,2026-06-30T11:00:00-04:00,LIST-000900
ShopGoodwill,SGW-LST-000929,SGW-ITM-000929,GW-020,2026-06-30T11:00:00-04:00,LIST-000929
ShopGoodwill,SGW-LST-000978,SGW-ITM-000978,GW-001,2026-06-30T11:00:00-04:00,LIST-000978
ShopGoodwill,SGW-LST-000990,SGW-ITM-000990,GW-012,2026-06-30T11:00:00-04:00,LIST-000990
ShopGoodwill,SGW-LST-001116,SGW-ITM-001116,GW-005,2026-06-30T11:00:00-04:00,LIST-001116
ShopGoodwill,SGW-LST-001231,SGW-ITM-001231,GW-009,2026-06-30T11:00:00-04:00,LIST-001231
ShopGoodwill,SGW-LST-001581,SGW-ITM-001581,GW-020,2026-06-30T11:00:00-04:00,LIST-001581
ShopGoodwill,SGW-LST-001625,SGW-ITM-001625,GW-021,2026-06-30T11:00:00-04:00,LIST-001625
eBay,EB-LST-000216,EB-ITM-000216,GW-005,2026-07-01T11:00:00-04:00,LIST-002016
eBay,EB-LST-000333,EB-ITM-000333,GW-012,2026-07-01T11:00:00-04:00,LIST-002133
eBay,EB-LST-000452,EB-ITM-000452,GW-009,2026-07-01T11:00:00-04:00,LIST-002252
eBay,EB-LST-000558,EB-ITM-000558,GW-005,2026-07-01T11:00:00-04:00,LIST-002358
eBay,EB-LST-000724,EB-ITM-000724,GW-014,2026-07-01T11:00:00-04:00,LIST-002524
eBay,EB-LST-000845,EB-ITM-000845,GW-017,2026-07-01T11:00:00-04:00,LIST-002645
eBay,EB-LST-000895,EB-ITM-000895,GW-008,2026-07-01T11:00:00-04:00,LIST-002695
ShopGoodwill,SGW-LST-000079,SGW-ITM-000079,GW-024,2026-07-01T11:00:00-04:00,LIST-000079
ShopGoodwill,SGW-LST-000248,SGW-ITM-000248,GW-001,2026-07-01T11:00:00-04:00,LIST-000248
ShopGoodwill,SGW-LST-000377,SGW-ITM-000377,GW-021,2026-07-01T11:00:00-04:00,LIST-000377
ShopGoodwill,SGW-LST-000666,SGW-ITM-000666,GW-005,2026-07-01T11:00:00-04:00,LIST-000666
ShopGoodwill,SGW-LST-000721,SGW-ITM-000721,GW-021,2026-07-01T11:00:00-04:00,LIST-000721
ShopGoodwill,SGW-LST-001137,SGW-ITM-001137,GW-011,2026-07-01T11:00:00-04:00,LIST-001137
ShopGoodwill,SGW-LST-001179,SGW-ITM-001179,GW-015,2026-07-01T11:00:00-04:00,LIST-001179
ShopGoodwill,SGW-LST-001327,SGW-ITM-001327,GW-012,2026-07-01T11:00:00-04:00,LIST-001327
ShopGoodwill,SGW-LST-001384,SGW-ITM-001384,GW-002,2026-07-01T11:00:00-04:00,LIST-001384
ShopGoodwill,SGW-LST-001670,SGW-ITM-001670,GW-005,2026-07-01T11:00:00-04:00,LIST-001670
eBay,EB-LST-000046,EB-ITM-000046,GW-007,2026-07-02T11:00:00-04:00,LIST-001846
eBay,EB-LST-000112,EB-ITM-000112,GW-001,2026-07-02T11:00:00-04:00,LIST-001912
eBay,EB-LST-000295,EB-ITM-000295,GW-018,2026-07-02T11:00:00-04:00,LIST-002095
eBay,EB-LST-000306,EB-ITM-000306,GW-008,2026-07-02T11:00:00-04:00,LIST-002106
eBay,EB-LST-000507,EB-ITM-000507,GW-003,2026-07-02T11:00:00-04:00,LIST-002307
eBay,EB-LST-000531,EB-ITM-000531,GW-023,2026-07-02T11:00:00-04:00,LIST-002331
eBay,EB-LST-000636,EB-ITM-000636,GW-005,2026-07-02T11:00:00-04:00,LIST-002436
ShopGoodwill,SGW-LST-000298,SGW-ITM-000298,GW-020,2026-07-02T11:00:00-04:00,LIST-000298
ShopGoodwill,SGW-LST-000388,SGW-ITM-000388,GW-020,2026-07-02T11:00:00-04:00,LIST-000388
ShopGoodwill,SGW-LST-000508,SGW-ITM-000508,GW-001,2026-07-02T11:00:00-04:00,LIST-000508
ShopGoodwill,SGW-LST-000603,SGW-ITM-000603,GW-008,2026-07-02T11:00:00-04:00,LIST-000603
ShopGoodwill,SGW-LST-000632,SGW-ITM-000632,GW-011,2026-07-02T11:00:00-04:00,LIST-000632
ShopGoodwill,SGW-LST-000660,SGW-ITM-000660,GW-011,2026-07-02T11:00:00-04:00,LIST-000660
ShopGoodwill,SGW-LST-000859,SGW-ITM-000859,GW-004,2026-07-02T11:00:00-04:00,LIST-000859
ShopGoodwill,SGW-LST-001325,SGW-ITM-001325,GW-016,2026-07-02T11:00:00-04:00,LIST-001325
ShopGoodwill,SGW-LST-001540,SGW-ITM-001540,GW-006,2026-07-02T11:00:00-04:00,LIST-001540
ShopGoodwill,SGW-LST-001579,SGW-ITM-001579,GW-004,2026-07-02T11:00:00-04:00,LIST-001579
ShopGoodwill,SGW-LST-001641,SGW-ITM-001641,GW-009,2026-07-02T11:00:00-04:00,LIST-001641
ShopGoodwill,SGW-LST-001690,SGW-ITM-001690,GW-011,2026-07-02T11:00:00-04:00,LIST-001690
ShopGoodwill,SGW-LST-001692,SGW-ITM-001692,GW-011,2026-07-02T11:00:00-04:00,LIST-001692
ShopGoodwill,SGW-LST-001761,SGW-ITM-001761,GW-016,2026-07-02T11:00:00-04:00,LIST-001761
eBay,EB-LST-000346,EB-ITM-000346,GW-019,2026-07-03T11:00:00-04:00,LIST-002146
eBay,EB-LST-000644,EB-ITM-000644,GW-008,2026-07-03T11:00:00-04:00,LIST-002444
eBay,EB-LST-000802,EB-ITM-000802,GW-017,2026-07-03T11:00:00-04:00,LIST-002602
eBay,EB-LST-000848,EB-ITM-000848,GW-024,2026-07-03T11:00:00-04:00,LIST-002648
eBay,EB-LST-000871,EB-ITM-000871,GW-008,2026-07-03T11:00:00-04:00,LIST-002671
eBay,EB-LST-000876,EB-ITM-000876,GW-023,2026-07-03T11:00:00-04:00,LIST-002676
ShopGoodwill,SGW-LST-000150,SGW-ITM-000150,GW-001,2026-07-03T11:00:00-04:00,LIST-000150
ShopGoodwill,SGW-LST-000339,SGW-ITM-000339,GW-015,2026-07-03T11:00:00-04:00,LIST-000339
ShopGoodwill,SGW-LST-000366,SGW-ITM-000366,GW-005,2026-07-03T11:00:00-04:00,LIST-000366
ShopGoodwill,SGW-LST-000432,SGW-ITM-000432,GW-017,2026-07-03T11:00:00-04:00,LIST-000432
ShopGoodwill,SGW-LST-000480,SGW-ITM-000480,GW-021,2026-07-03T11:00:00-04:00,LIST-000480
ShopGoodwill,SGW-LST-000703,SGW-ITM-000703,GW-003,2026-07-03T11:00:00-04:00,LIST-000703
ShopGoodwill,SGW-LST-000842,SGW-ITM-000842,GW-002,2026-07-03T11:00:00-04:00,LIST-000842
ShopGoodwill,SGW-LST-000925,SGW-ITM-000925,GW-018,2026-07-03T11:00:00-04:00,LIST-000925
ShopGoodwill,SGW-LST-000959,SGW-ITM-000959,GW-017,2026-07-03T11:00:00-04:00,LIST-000959
ShopGoodwill,SGW-LST-000966,SGW-ITM-000966,GW-009,2026-07-03T11:00:00-04:00,LIST-000966
ShopGoodwill,SGW-LST-001133,SGW-ITM-001133,GW-017,2026-07-03T11:00:00-04:00,LIST-001133
ShopGoodwill,SGW-LST-001360,SGW-ITM-001360,GW-004,2026-07-03T11:00:00-04:00,LIST-001360
ShopGoodwill,SGW-LST-001401,SGW-ITM-001401,GW-001,2026-07-03T11:00:00-04:00,LIST-001401
ShopGoodwill,SGW-LST-001405,SGW-ITM-001405,GW-005,2026-07-03T11:00:00-04:00,LIST-001405
ShopGoodwill,SGW-LST-001416,SGW-ITM-001416,GW-006,2026-07-03T11:00:00-04:00,LIST-001416
ShopGoodwill,SGW-LST-001484,SGW-ITM-001484,GW-003,2026-07-03T11:00:00-04:00,LIST-001484
ShopGoodwill,SGW-LST-001599,SGW-ITM-001599,GW-005,2026-07-03T11:00:00-04:00,LIST-001599
ShopGoodwill,SGW-LST-001637,SGW-ITM-001637,GW-001,2026-07-03T11:00:00-04:00,LIST-001637
eBay,EB-LST-000189,EB-ITM-000189,GW-024,2026-07-04T11:00:00-04:00,LIST-001989
eBay,EB-LST-000208,EB-ITM-000208,GW-004,2026-07-04T11:00:00-04:00,LIST-002008
eBay,EB-LST-000220,EB-ITM-000220,GW-001,2026-07-04T11:00:00-04:00,LIST-002020
eBay,EB-LST-000387,EB-ITM-000387,GW-020,2026-07-04T11:00:00-04:00,LIST-002187
eBay,EB-LST-000420,EB-ITM-000420,GW-005,2026-07-04T11:00:00-04:00,LIST-002220
eBay,EB-LST-000669,EB-ITM-000669,GW-013,2026-07-04T11:00:00-04:00,LIST-002469
eBay,EB-LST-000730,EB-ITM-000730,GW-024,2026-07-04T11:00:00-04:00,LIST-002530
eBay,EB-LST-000746,EB-ITM-000746,GW-004,2026-07-04T11:00:00-04:00,LIST-002546
eBay,EB-LST-000809,EB-ITM-000809,GW-024,2026-07-04T11:00:00-04:00,LIST-002609
ShopGoodwill,SGW-LST-000070,SGW-ITM-000070,GW-017,2026-07-04T11:00:00-04:00,LIST-000070
ShopGoodwill,SGW-LST-000086,SGW-ITM-000086,GW-012,2026-07-04T11:00:00-04:00,LIST-000086
ShopGoodwill,SGW-LST-000195,SGW-ITM-000195,GW-008,2026-07-04T11:00:00-04:00,LIST-000195
ShopGoodwill,SGW-LST-000438,SGW-ITM-000438,GW-011,2026-07-04T11:00:00-04:00,LIST-000438
ShopGoodwill,SGW-LST-000878,SGW-ITM-000878,GW-015,2026-07-04T11:00:00-04:00,LIST-000878
ShopGoodwill,SGW-LST-001038,SGW-ITM-001038,GW-014,2026-07-04T11:00:00-04:00,LIST-001038
ShopGoodwill,SGW-LST-001044,SGW-ITM-001044,GW-004,2026-07-04T11:00:00-04:00,LIST-001044
ShopGoodwill,SGW-LST-001445,SGW-ITM-001445,GW-005,2026-07-04T11:00:00-04:00,LIST-001445
ShopGoodwill,SGW-LST-001483,SGW-ITM-001483,GW-004,2026-07-04T11:00:00-04:00,LIST-001483
ShopGoodwill,SGW-LST-001571,SGW-ITM-001571,GW-011,2026-07-04T11:00:00-04:00,LIST-001571
ShopGoodwill,SGW-LST-001601,SGW-ITM-001601,GW-020,2026-07-04T11:00:00-04:00,LIST-001601
ShopGoodwill,SGW-LST-001674,SGW-ITM-001674,GW-009,2026-07-04T11:00:00-04:00,LIST-001674
ShopGoodwill,SGW-LST-001728,SGW-ITM-001728,GW-002,2026-07-04T11:00:00-04:00,LIST-001728
ShopGoodwill,SGW-LST-001759,SGW-ITM-001759,GW-005,2026-07-04T11:00:00-04:00,LIST-001759
eBay,EB-LST-000064,EB-ITM-000064,GW-023,2026-07-05T11:00:00-04:00,LIST-001864
eBay,EB-LST-000249,EB-ITM-000249,GW-015,2026-07-05T11:00:00-04:00,LIST-002049
eBay,EB-LST-000663,EB-ITM-000663,GW-004,2026-07-05T11:00:00-04:00,LIST-002463
eBay,EB-LST-000682,EB-ITM-000682,GW-021,2026-07-05T11:00:00-04:00,LIST-002482
eBay,EB-LST-000765,EB-ITM-000765,GW-018,2026-07-05T11:00:00-04:00,LIST-002565
ShopGoodwill,SGW-LST-000075,SGW-ITM-000075,GW-020,2026-07-05T11:00:00-04:00,LIST-000075
ShopGoodwill,SGW-LST-000088,SGW-ITM-000088,GW-017,2026-07-05T11:00:00-04:00,LIST-000088
ShopGoodwill,SGW-LST-000160,SGW-ITM-000160,GW-008,2026-07-05T11:00:00-04:00,LIST-000160
ShopGoodwill,SGW-LST-000270,SGW-ITM-000270,GW-020,2026-07-05T11:00:00-04:00,LIST-000270
ShopGoodwill,SGW-LST-000305,SGW-ITM-000305,GW-007,2026-07-05T11:00:00-04:00,LIST-000305
ShopGoodwill,SGW-LST-000324,SGW-ITM-000324,GW-008,2026-07-05T11:00:00-04:00,LIST-000324
ShopGoodwill,SGW-LST-000500,SGW-ITM-000500,GW-016,2026-07-05T11:00:00-04:00,LIST-000500
ShopGoodwill,SGW-LST-000587,SGW-ITM-000587,GW-012,2026-07-05T11:00:00-04:00,LIST-000587
ShopGoodwill,SGW-LST-000663,SGW-ITM-000663,GW-012,2026-07-05T11:00:00-04:00,LIST-000663
ShopGoodwill,SGW-LST-000764,SGW-ITM-000764,GW-019,2026-07-05T11:00:00-04:00,LIST-000764
ShopGoodwill,SGW-LST-000890,SGW-ITM-000890,GW-016,2026-07-05T11:00:00-04:00,LIST-000890
ShopGoodwill,SGW-LST-001391,SGW-ITM-001391,GW-016,2026-07-05T11:00:00-04:00,LIST-001391
ShopGoodwill,SGW-LST-001394,SGW-ITM-001394,GW-010,2026-07-05T11:00:00-04:00,LIST-001394
ShopGoodwill,SGW-LST-001479,SGW-ITM-001479,GW-014,2026-07-05T11:00:00-04:00,LIST-001479
ShopGoodwill,SGW-LST-001666,SGW-ITM-001666,GW-002,2026-07-05T11:00:00-04:00,LIST-001666
ShopGoodwill,SGW-LST-001743,SGW-ITM-001743,GW-004,2026-07-05T11:00:00-04:00,LIST-001743
eBay,EB-LST-000100,EB-ITM-000100,GW-018,2026-07-06T11:00:00-04:00,LIST-001900
eBay,EB-LST-000287,EB-ITM-000287,GW-021,2026-07-06T11:00:00-04:00,LIST-002087
eBay,EB-LST-000374,EB-ITM-000374,GW-015,2026-07-06T11:00:00-04:00,LIST-002174
eBay,EB-LST-000406,EB-ITM-000406,GW-021,2026-07-06T11:00:00-04:00,LIST-002206
eBay,EB-LST-000445,EB-ITM-000445,GW-019,2026-07-06T11:00:00-04:00,LIST-002245
eBay,EB-LST-000611,EB-ITM-000611,GW-016,2026-07-06T11:00:00-04:00,LIST-002411
eBay,EB-LST-000614,EB-ITM-000614,GW-005,2026-07-06T11:00:00-04:00,LIST-002414
eBay,EB-LST-000857,EB-ITM-000857,GW-024,2026-07-06T11:00:00-04:00,LIST-002657
ShopGoodwill,SGW-LST-000050,SGW-ITM-000050,GW-015,2026-07-06T11:00:00-04:00,LIST-000050
ShopGoodwill,SGW-LST-000118,SGW-ITM-000118,GW-005,2026-07-06T11:00:00-04:00,LIST-000118
ShopGoodwill,SGW-LST-000242,SGW-ITM-000242,GW-018,2026-07-06T11:00:00-04:00,LIST-000242
ShopGoodwill,SGW-LST-000337,SGW-ITM-000337,GW-022,2026-07-06T11:00:00-04:00,LIST-000337
ShopGoodwill,SGW-LST-000594,SGW-ITM-000594,GW-008,2026-07-06T11:00:00-04:00,LIST-000594
ShopGoodwill,SGW-LST-000704,SGW-ITM-000704,GW-020,2026-07-06T11:00:00-04:00,LIST-000704
ShopGoodwill,SGW-LST-000719,SGW-ITM-000719,GW-001,2026-07-06T11:00:00-04:00,LIST-000719
ShopGoodwill,SGW-LST-000972,SGW-ITM-000972,GW-003,2026-07-06T11:00:00-04:00,LIST-000972
ShopGoodwill,SGW-LST-001054,SGW-ITM-001054,GW-001,2026-07-06T11:00:00-04:00,LIST-001054
ShopGoodwill,SGW-LST-001088,SGW-ITM-001088,GW-006,2026-07-06T11:00:00-04:00,LIST-001088
ShopGoodwill,SGW-LST-001265,SGW-ITM-001265,GW-009,2026-07-06T11:00:00-04:00,LIST-001265
ShopGoodwill,SGW-LST-001373,SGW-ITM-001373,GW-024,2026-07-06T11:00:00-04:00,LIST-001373
ShopGoodwill,SGW-LST-001406,SGW-ITM-001406,GW-024,2026-07-06T11:00:00-04:00,LIST-001406
ShopGoodwill,SGW-LST-001414,SGW-ITM-001414,GW-016,2026-07-06T11:00:00-04:00,LIST-001414
ShopGoodwill,SGW-LST-001555,SGW-ITM-001555,GW-002,2026-07-06T11:00:00-04:00,LIST-001555
ShopGoodwill,SGW-LST-001773,SGW-ITM-001773,GW-006,2026-07-06T11:00:00-04:00,LIST-001773
eBay,EB-LST-000036,EB-ITM-000036,GW-006,2026-07-07T11:00:00-04:00,LIST-001836
eBay,EB-LST-000084,EB-ITM-000084,GW-009,2026-07-07T11:00:00-04:00,LIST-001884
eBay,EB-LST-000105,EB-ITM-000105,GW-007,2026-07-07T11:00:00-04:00,LIST-001905
eBay,EB-LST-000150,EB-ITM-000150,GW-017,2026-07-07T11:00:00-04:00,LIST-001950
eBay,EB-LST-000190,EB-ITM-000190,GW-016,2026-07-07T11:00:00-04:00,LIST-001990
eBay,EB-LST-000194,EB-ITM-000194,GW-004,2026-07-07T11:00:00-04:00,LIST-001994
eBay,EB-LST-000257,EB-ITM-000257,GW-024,2026-07-07T11:00:00-04:00,LIST-002057
eBay,EB-LST-000331,EB-ITM-000331,GW-022,2026-07-07T11:00:00-04:00,LIST-002131
eBay,EB-LST-000337,EB-ITM-000337,GW-022,2026-07-07T11:00:00-04:00,LIST-002137
eBay,EB-LST-000394,EB-ITM-000394,GW-018,2026-07-07T11:00:00-04:00,LIST-002194
eBay,EB-LST-000457,EB-ITM-000457,GW-024,2026-07-07T11:00:00-04:00,LIST-002257
eBay,EB-LST-000579,EB-ITM-000579,GW-011,2026-07-07T11:00:00-04:00,LIST-002379
eBay,EB-LST-000642,EB-ITM-000642,GW-018,2026-07-07T11:00:00-04:00,LIST-002442
eBay,EB-LST-000675,EB-ITM-000675,GW-011,2026-07-07T11:00:00-04:00,LIST-002475
eBay,EB-LST-000717,EB-ITM-000717,GW-018,2026-07-07T11:00:00-04:00,LIST-002517
eBay,EB-LST-000747,EB-ITM-000747,GW-006,2026-07-07T11:00:00-04:00,LIST-002547
eBay,EB-LST-000805,EB-ITM-000805,GW-007,2026-07-07T11:00:00-04:00,LIST-002605
eBay,EB-LST-000841,EB-ITM-000841,GW-007,2026-07-07T11:00:00-04:00,LIST-002641
ShopGoodwill,SGW-LST-000087,SGW-ITM-000087,GW-018,2026-07-07T11:00:00-04:00,LIST-000087
ShopGoodwill,SGW-LST-000140,SGW-ITM-000140,GW-009,2026-07-07T11:00:00-04:00,LIST-000140
ShopGoodwill,SGW-LST-000356,SGW-ITM-000356,GW-012,2026-07-07T11:00:00-04:00,LIST-000356
ShopGoodwill,SGW-LST-000474,SGW-ITM-000474,GW-018,2026-07-07T11:00:00-04:00,LIST-000474
ShopGoodwill,SGW-LST-000544,SGW-ITM-000544,GW-011,2026-07-07T11:00:00-04:00,LIST-000544
ShopGoodwill,SGW-LST-000884,SGW-ITM-000884,GW-020,2026-07-07T11:00:00-04:00,LIST-000884
ShopGoodwill,SGW-LST-000902,SGW-ITM-000902,GW-020,2026-07-07T11:00:00-04:00,LIST-000902
ShopGoodwill,SGW-LST-000977,SGW-ITM-000977,GW-024,2026-07-07T11:00:00-04:00,LIST-000977
ShopGoodwill,SGW-LST-000989,SGW-ITM-000989,GW-023,2026-07-07T11:00:00-04:00,LIST-000989
ShopGoodwill,SGW-LST-001101,SGW-ITM-001101,GW-023,2026-07-07T11:00:00-04:00,LIST-001101
ShopGoodwill,SGW-LST-001309,SGW-ITM-001309,GW-001,2026-07-07T11:00:00-04:00,LIST-001309
ShopGoodwill,SGW-LST-001337,SGW-ITM-001337,GW-024,2026-07-07T11:00:00-04:00,LIST-001337
ShopGoodwill,SGW-LST-001350,SGW-ITM-001350,GW-004,2026-07-07T11:00:00-04:00,LIST-001350
ShopGoodwill,SGW-LST-001393,SGW-ITM-001393,GW-004,2026-07-07T11:00:00-04:00,LIST-001393
ShopGoodwill,SGW-LST-001440,SGW-ITM-001440,GW-018,2026-07-07T11:00:00-04:00,LIST-001440
ShopGoodwill,SGW-LST-001530,SGW-ITM-001530,GW-006,2026-07-07T11:00:00-04:00,LIST-001530
ShopGoodwill,SGW-LST-001684,SGW-ITM-001684,GW-008,2026-07-07T11:00:00-04:00,LIST-001684
ShopGoodwill,SGW-LST-001691,SGW-ITM-001691,GW-005,2026-07-07T11:00:00-04:00,LIST-001691
ShopGoodwill,SGW-LST-001744,SGW-ITM-001744,GW-018,2026-07-07T11:00:00-04:00,LIST-001744
ShopGoodwill,SGW-LST-001757,SGW-ITM-001757,GW-011,2026-07-07T11:00:00-04:00,LIST-001757
eBay,EB-LST-000055,EB-ITM-000055,GW-009,2026-07-08T11:00:00-04:00,LIST-001855
eBay,EB-LST-000181,EB-ITM-000181,GW-004,2026-07-08T11:00:00-04:00,LIST-001981
eBay,EB-LST-000291,EB-ITM-000291,GW-008,2026-07-08T11:00:00-04:00,LIST-002091
eBay,EB-LST-000335,EB-ITM-000335,GW-014,2026-07-08T11:00:00-04:00,LIST-002135
eBay,EB-LST-000399,EB-ITM-000399,GW-018,2026-07-08T11:00:00-04:00,LIST-002199
eBay,EB-LST-000441,EB-ITM-000441,GW-022,2026-07-08T11:00:00-04:00,LIST-002241
eBay,EB-LST-000464,EB-ITM-000464,GW-005,2026-07-08T11:00:00-04:00,LIST-002264
eBay,EB-LST-000505,EB-ITM-000505,GW-015,2026-07-08T11:00:00-04:00,LIST-002305
eBay,EB-LST-000548,EB-ITM-000548,GW-020,2026-07-08T11:00:00-04:00,LIST-002348
eBay,EB-LST-000561,EB-ITM-000561,GW-015,2026-07-08T11:00:00-04:00,LIST-002361
eBay,EB-LST-000593,EB-ITM-000593,GW-016,2026-07-08T11:00:00-04:00,LIST-002393
eBay,EB-LST-000654,EB-ITM-000654,GW-017,2026-07-08T11:00:00-04:00,LIST-002454
eBay,EB-LST-000686,EB-ITM-000686,GW-003,2026-07-08T11:00:00-04:00,LIST-002486
eBay,EB-LST-000700,EB-ITM-000700,GW-017,2026-07-08T11:00:00-04:00,LIST-002500
eBay,EB-LST-000810,EB-ITM-000810,GW-010,2026-07-08T11:00:00-04:00,LIST-002610
eBay,EB-LST-000853,EB-ITM-000853,GW-024,2026-07-08T11:00:00-04:00,LIST-002653
ShopGoodwill,SGW-LST-000045,SGW-ITM-000045,GW-017,2026-07-08T11:00:00-04:00,LIST-000045
ShopGoodwill,SGW-LST-000287,SGW-ITM-000287,GW-012,2026-07-08T11:00:00-04:00,LIST-000287
ShopGoodwill,SGW-LST-000437,SGW-ITM-000437,GW-019,2026-07-08T11:00:00-04:00,LIST-000437
ShopGoodwill,SGW-LST-000440,SGW-ITM-000440,GW-008,2026-07-08T11:00:00-04:00,LIST-000440
ShopGoodwill,SGW-LST-000454,SGW-ITM-000454,GW-002,2026-07-08T11:00:00-04:00,LIST-000454
ShopGoodwill,SGW-LST-000538,SGW-ITM-000538,GW-020,2026-07-08T11:00:00-04:00,LIST-000538
ShopGoodwill,SGW-LST-000696,SGW-ITM-000696,GW-019,2026-07-08T11:00:00-04:00,LIST-000696
ShopGoodwill,SGW-LST-000803,SGW-ITM-000803,GW-020,2026-07-08T11:00:00-04:00,LIST-000803
ShopGoodwill,SGW-LST-000811,SGW-ITM-000811,GW-012,2026-07-08T11:00:00-04:00,LIST-000811
ShopGoodwill,SGW-LST-000815,SGW-ITM-000815,GW-009,2026-07-08T11:00:00-04:00,LIST-000815
ShopGoodwill,SGW-LST-000932,SGW-ITM-000932,GW-021,2026-07-08T11:00:00-04:00,LIST-000932
ShopGoodwill,SGW-LST-001022,SGW-ITM-001022,GW-014,2026-07-08T11:00:00-04:00,LIST-001022
ShopGoodwill,SGW-LST-001112,SGW-ITM-001112,GW-009,2026-07-08T11:00:00-04:00,LIST-001112
ShopGoodwill,SGW-LST-001195,SGW-ITM-001195,GW-023,2026-07-08T11:00:00-04:00,LIST-001195
ShopGoodwill,SGW-LST-001220,SGW-ITM-001220,GW-022,2026-07-08T11:00:00-04:00,LIST-001220
ShopGoodwill,SGW-LST-001320,SGW-ITM-001320,GW-020,2026-07-08T11:00:00-04:00,LIST-001320
ShopGoodwill,SGW-LST-001333,SGW-ITM-001333,GW-017,2026-07-08T11:00:00-04:00,LIST-001333
ShopGoodwill,SGW-LST-001531,SGW-ITM-001531,GW-010,2026-07-08T11:00:00-04:00,LIST-001531
ShopGoodwill,SGW-LST-001562,SGW-ITM-001562,GW-004,2026-07-08T11:00:00-04:00,LIST-001562
ShopGoodwill,SGW-LST-001589,SGW-ITM-001589,GW-021,2026-07-08T11:00:00-04:00,LIST-001589
ShopGoodwill,SGW-LST-001629,SGW-ITM-001629,GW-004,2026-07-08T11:00:00-04:00,LIST-001629
ShopGoodwill,SGW-LST-001672,SGW-ITM-001672,GW-009,2026-07-08T11:00:00-04:00,LIST-001672
ShopGoodwill,SGW-LST-001731,SGW-ITM-001731,GW-016,2026-07-08T11:00:00-04:00,LIST-001731
ShopGoodwill,SGW-LST-001753,SGW-ITM-001753,GW-010,2026-07-08T11:00:00-04:00,LIST-001753
ShopGoodwill,SGW-LST-001774,SGW-ITM-001774,GW-009,2026-07-08T11:00:00-04:00,LIST-001774
eBay,EB-LST-000042,EB-ITM-000042,GW-020,2026-07-09T11:00:00-04:00,LIST-001842
eBay,EB-LST-000135,EB-ITM-000135,GW-015,2026-07-09T11:00:00-04:00,LIST-001935
eBay,EB-LST-000371,EB-ITM-000371,GW-012,2026-07-09T11:00:00-04:00,LIST-002171
eBay,EB-LST-000405,EB-ITM-000405,GW-016,2026-07-09T11:00:00-04:00,LIST-002205
eBay,EB-LST-000494,EB-ITM-000494,GW-003,2026-07-09T11:00:00-04:00,LIST-002294
eBay,EB-LST-000554,EB-ITM-000554,GW-009,2026-07-09T11:00:00-04:00,LIST-002354
eBay,EB-LST-000603,EB-ITM-000603,GW-020,2026-07-09T11:00:00-04:00,LIST-002403
eBay,EB-LST-000640,EB-ITM-000640,GW-021,2026-07-09T11:00:00-04:00,LIST-002440
eBay,EB-LST-000814,EB-ITM-000814,GW-016,2026-07-09T11:00:00-04:00,LIST-002614
eBay,EB-LST-000875,EB-ITM-000875,GW-011,2026-07-09T11:00:00-04:00,LIST-002675
ShopGoodwill,SGW-LST-000165,SGW-ITM-000165,GW-012,2026-07-09T11:00:00-04:00,LIST-000165
ShopGoodwill,SGW-LST-000212,SGW-ITM-000212,GW-007,2026-07-09T11:00:00-04:00,LIST-000212
ShopGoodwill,SGW-LST-000222,SGW-ITM-000222,GW-004,2026-07-09T11:00:00-04:00,LIST-000222
ShopGoodwill,SGW-LST-000333,SGW-ITM-000333,GW-004,2026-07-09T11:00:00-04:00,LIST-000333
ShopGoodwill,SGW-LST-000367,SGW-ITM-000367,GW-001,2026-07-09T11:00:00-04:00,LIST-000367
ShopGoodwill,SGW-LST-000420,SGW-ITM-000420,GW-009,2026-07-09T11:00:00-04:00,LIST-000420
ShopGoodwill,SGW-LST-000535,SGW-ITM-000535,GW-006,2026-07-09T11:00:00-04:00,LIST-000535
ShopGoodwill,SGW-LST-000543,SGW-ITM-000543,GW-024,2026-07-09T11:00:00-04:00,LIST-000543
ShopGoodwill,SGW-LST-000572,SGW-ITM-000572,GW-014,2026-07-09T11:00:00-04:00,LIST-000572
ShopGoodwill,SGW-LST-000701,SGW-ITM-000701,GW-004,2026-07-09T11:00:00-04:00,LIST-000701
ShopGoodwill,SGW-LST-000854,SGW-ITM-000854,GW-010,2026-07-09T11:00:00-04:00,LIST-000854
ShopGoodwill,SGW-LST-000876,SGW-ITM-000876,GW-015,2026-07-09T11:00:00-04:00,LIST-000876
ShopGoodwill,SGW-LST-000968,SGW-ITM-000968,GW-023,2026-07-09T11:00:00-04:00,LIST-000968
ShopGoodwill,SGW-LST-001016,SGW-ITM-001016,GW-022,2026-07-09T11:00:00-04:00,LIST-001016
ShopGoodwill,SGW-LST-001115,SGW-ITM-001115,GW-004,2026-07-09T11:00:00-04:00,LIST-001115
ShopGoodwill,SGW-LST-001224,SGW-ITM-001224,GW-004,2026-07-09T11:00:00-04:00,LIST-001224
ShopGoodwill,SGW-LST-001270,SGW-ITM-001270,GW-001,2026-07-09T11:00:00-04:00,LIST-001270
ShopGoodwill,SGW-LST-001474,SGW-ITM-001474,GW-015,2026-07-09T11:00:00-04:00,LIST-001474
ShopGoodwill,SGW-LST-001553,SGW-ITM-001553,GW-018,2026-07-09T11:00:00-04:00,LIST-001553
ShopGoodwill,SGW-LST-001751,SGW-ITM-001751,GW-015,2026-07-09T11:00:00-04:00,LIST-001751
ShopGoodwill,SGW-LST-001785,SGW-ITM-001785,GW-011,2026-07-09T11:00:00-04:00,LIST-001785
eBay,EB-LST-000149,EB-ITM-000149,GW-008,2026-07-10T11:00:00-04:00,LIST-001949
eBay,EB-LST-000159,EB-ITM-000159,GW-008,2026-07-10T11:00:00-04:00,LIST-001959
eBay,EB-LST-000175,EB-ITM-000175,GW-021,2026-07-10T11:00:00-04:00,LIST-001975
eBay,EB-LST-000294,EB-ITM-000294,GW-004,2026-07-10T11:00:00-04:00,LIST-002094
eBay,EB-LST-000332,EB-ITM-000332,GW-003,2026-07-10T11:00:00-04:00,LIST-002132
eBay,EB-LST-000364,EB-ITM-000364,GW-015,2026-07-10T11:00:00-04:00,LIST-002164
eBay,EB-LST-000419,EB-ITM-000419,GW-007,2026-07-10T11:00:00-04:00,LIST-002219
eBay,EB-LST-000425,EB-ITM-000425,GW-013,2026-07-10T11:00:00-04:00,LIST-002225
eBay,EB-LST-000890,EB-ITM-000890,GW-020,2026-07-10T11:00:00-04:00,LIST-002690
eBay,EB-LST-000891,EB-ITM-000891,GW-007,2026-07-10T11:00:00-04:00,LIST-002691
eBay,EB-LST-000893,EB-ITM-000893,GW-004,2026-07-10T11:00:00-04:00,LIST-002693
ShopGoodwill,SGW-LST-000006,SGW-ITM-000006,GW-006,2026-07-10T11:00:00-04:00,LIST-000006
ShopGoodwill,SGW-LST-000028,SGW-ITM-000028,GW-007,2026-07-10T11:00:00-04:00,LIST-000028
ShopGoodwill,SGW-LST-000030,SGW-ITM-000030,GW-005,2026-07-10T11:00:00-04:00,LIST-000030
ShopGoodwill,SGW-LST-000064,SGW-ITM-000064,GW-015,2026-07-10T11:00:00-04:00,LIST-000064
ShopGoodwill,SGW-LST-000247,SGW-ITM-000247,GW-008,2026-07-10T11:00:00-04:00,LIST-000247
ShopGoodwill,SGW-LST-000299,SGW-ITM-000299,GW-012,2026-07-10T11:00:00-04:00,LIST-000299
ShopGoodwill,SGW-LST-000418,SGW-ITM-000418,GW-008,2026-07-10T11:00:00-04:00,LIST-000418
ShopGoodwill,SGW-LST-000421,SGW-ITM-000421,GW-009,2026-07-10T11:00:00-04:00,LIST-000421
ShopGoodwill,SGW-LST-000468,SGW-ITM-000468,GW-002,2026-07-10T11:00:00-04:00,LIST-000468
ShopGoodwill,SGW-LST-000501,SGW-ITM-000501,GW-013,2026-07-10T11:00:00-04:00,LIST-000501
ShopGoodwill,SGW-LST-000542,SGW-ITM-000542,GW-023,2026-07-10T11:00:00-04:00,LIST-000542
ShopGoodwill,SGW-LST-000623,SGW-ITM-000623,GW-009,2026-07-10T11:00:00-04:00,LIST-000623
ShopGoodwill,SGW-LST-000624,SGW-ITM-000624,GW-024,2026-07-10T11:00:00-04:00,LIST-000624
ShopGoodwill,SGW-LST-000627,SGW-ITM-000627,GW-008,2026-07-10T11:00:00-04:00,LIST-000627
ShopGoodwill,SGW-LST-000695,SGW-ITM-000695,GW-009,2026-07-10T11:00:00-04:00,LIST-000695
ShopGoodwill,SGW-LST-000712,SGW-ITM-000712,GW-008,2026-07-10T11:00:00-04:00,LIST-000712
ShopGoodwill,SGW-LST-000886,SGW-ITM-000886,GW-008,2026-07-10T11:00:00-04:00,LIST-000886
ShopGoodwill,SGW-LST-001148,SGW-ITM-001148,GW-016,2026-07-10T11:00:00-04:00,LIST-001148
ShopGoodwill,SGW-LST-001286,SGW-ITM-001286,GW-001,2026-07-10T11:00:00-04:00,LIST-001286
ShopGoodwill,SGW-LST-001324,SGW-ITM-001324,GW-010,2026-07-10T11:00:00-04:00,LIST-001324
eBay,EB-LST-000142,EB-ITM-000142,GW-001,2026-07-11T11:00:00-04:00,LIST-001942
eBay,EB-LST-000230,EB-ITM-000230,GW-024,2026-07-11T11:00:00-04:00,LIST-002030
eBay,EB-LST-000451,EB-ITM-000451,GW-018,2026-07-11T11:00:00-04:00,LIST-002251
eBay,EB-LST-000557,EB-ITM-000557,GW-008,2026-07-11T11:00:00-04:00,LIST-002357
eBay,EB-LST-000649,EB-ITM-000649,GW-016,2026-07-11T11:00:00-04:00,LIST-002449
eBay,EB-LST-000652,EB-ITM-000652,GW-018,2026-07-11T11:00:00-04:00,LIST-002452
eBay,EB-LST-000749,EB-ITM-000749,GW-017,2026-07-11T11:00:00-04:00,LIST-002549
eBay,EB-LST-000824,EB-ITM-000824,GW-001,2026-07-11T11:00:00-04:00,LIST-002624
ShopGoodwill,SGW-LST-000027,SGW-ITM-000027,GW-018,2026-07-11T11:00:00-04:00,LIST-000027
ShopGoodwill,SGW-LST-000109,SGW-ITM-000109,GW-023,2026-07-11T11:00:00-04:00,LIST-000109
ShopGoodwill,SGW-LST-000177,SGW-ITM-000177,GW-017,2026-07-11T11:00:00-04:00,LIST-000177
ShopGoodwill,SGW-LST-000331,SGW-ITM-000331,GW-022,2026-07-11T11:00:00-04:00,LIST-000331
ShopGoodwill,SGW-LST-000460,SGW-ITM-000460,GW-009,2026-07-11T11:00:00-04:00,LIST-000460
ShopGoodwill,SGW-LST-000478,SGW-ITM-000478,GW-007,2026-07-11T11:00:00-04:00,LIST-000478
ShopGoodwill,SGW-LST-000723,SGW-ITM-000723,GW-011,2026-07-11T11:00:00-04:00,LIST-000723
ShopGoodwill,SGW-LST-000744,SGW-ITM-000744,GW-024,2026-07-11T11:00:00-04:00,LIST-000744
ShopGoodwill,SGW-LST-000822,SGW-ITM-000822,GW-007,2026-07-11T11:00:00-04:00,LIST-000822
ShopGoodwill,SGW-LST-000851,SGW-ITM-000851,GW-004,2026-07-11T11:00:00-04:00,LIST-000851
ShopGoodwill,SGW-LST-000956,SGW-ITM-000956,GW-009,2026-07-11T11:00:00-04:00,LIST-000956
ShopGoodwill,SGW-LST-001026,SGW-ITM-001026,GW-019,2026-07-11T11:00:00-04:00,LIST-001026
ShopGoodwill,SGW-LST-001093,SGW-ITM-001093,GW-001,2026-07-11T11:00:00-04:00,LIST-001093
ShopGoodwill,SGW-LST-001135,SGW-ITM-001135,GW-005,2026-07-11T11:00:00-04:00,LIST-001135
ShopGoodwill,SGW-LST-001185,SGW-ITM-001185,GW-012,2026-07-11T11:00:00-04:00,LIST-001185
ShopGoodwill,SGW-LST-001203,SGW-ITM-001203,GW-024,2026-07-11T11:00:00-04:00,LIST-001203
ShopGoodwill,SGW-LST-001226,SGW-ITM-001226,GW-024,2026-07-11T11:00:00-04:00,LIST-001226
ShopGoodwill,SGW-LST-001289,SGW-ITM-001289,GW-005,2026-07-11T11:00:00-04:00,LIST-001289
ShopGoodwill,SGW-LST-001319,SGW-ITM-001319,GW-002,2026-07-11T11:00:00-04:00,LIST-001319
ShopGoodwill,SGW-LST-001330,SGW-ITM-001330,GW-015,2026-07-11T11:00:00-04:00,LIST-001330
ShopGoodwill,SGW-LST-001339,SGW-ITM-001339,GW-020,2026-07-11T11:00:00-04:00,LIST-001339
ShopGoodwill,SGW-LST-001370,SGW-ITM-001370,GW-004,2026-07-11T11:00:00-04:00,LIST-001370
ShopGoodwill,SGW-LST-001402,SGW-ITM-001402,GW-004,2026-07-11T11:00:00-04:00,LIST-001402
ShopGoodwill,SGW-LST-001435,SGW-ITM-001435,GW-009,2026-07-11T11:00:00-04:00,LIST-001435
ShopGoodwill,SGW-LST-001462,SGW-ITM-001462,GW-012,2026-07-11T11:00:00-04:00,LIST-001462
ShopGoodwill,SGW-LST-001609,SGW-ITM-001609,GW-012,2026-07-11T11:00:00-04:00,LIST-001609
ShopGoodwill,SGW-LST-001631,SGW-ITM-001631,GW-019,2026-07-11T11:00:00-04:00,LIST-001631
ShopGoodwill,SGW-LST-001769,SGW-ITM-001769,GW-001,2026-07-11T11:00:00-04:00,LIST-001769
eBay,EB-LST-000052,EB-ITM-000052,GW-020,2026-07-12T11:00:00-04:00,LIST-001852
eBay,EB-LST-000301,EB-ITM-000301,GW-016,2026-07-12T11:00:00-04:00,LIST-002101
eBay,EB-LST-000383,EB-ITM-000383,GW-004,2026-07-12T11:00:00-04:00,LIST-002183
eBay,EB-LST-000518,EB-ITM-000518,GW-012,2026-07-12T11:00:00-04:00,LIST-002318
eBay,EB-LST-000539,EB-ITM-000539,GW-009,2026-07-12T11:00:00-04:00,LIST-002339
eBay,EB-LST-000541,EB-ITM-000541,GW-020,2026-07-12T11:00:00-04:00,LIST-002341
eBay,EB-LST-000556,EB-ITM-000556,GW-004,2026-07-12T11:00:00-04:00,LIST-002356
eBay,EB-LST-000574,EB-ITM-000574,GW-016,2026-07-12T11:00:00-04:00,LIST-002374
eBay,EB-LST-000624,EB-ITM-000624,GW-004,2026-07-12T11:00:00-04:00,LIST-002424
eBay,EB-LST-000673,EB-ITM-000673,GW-016,2026-07-12T11:00:00-04:00,LIST-002473
eBay,EB-LST-000674,EB-ITM-000674,GW-024,2026-07-12T11:00:00-04:00,LIST-002474
eBay,EB-LST-000676,EB-ITM-000676,GW-011,2026-07-12T11:00:00-04:00,LIST-002476
eBay,EB-LST-000750,EB-ITM-000750,GW-012,2026-07-12T11:00:00-04:00,LIST-002550
eBay,EB-LST-000799,EB-ITM-000799,GW-008,2026-07-12T11:00:00-04:00,LIST-002599
eBay,EB-LST-000851,EB-ITM-000851,GW-005,2026-07-12T11:00:00-04:00,LIST-002651
ShopGoodwill,SGW-LST-000023,SGW-ITM-000023,GW-002,2026-07-12T11:00:00-04:00,LIST-000023
ShopGoodwill,SGW-LST-000183,SGW-ITM-000183,GW-011,2026-07-12T11:00:00-04:00,LIST-000183
ShopGoodwill,SGW-LST-000202,SGW-ITM-000202,GW-021,2026-07-12T11:00:00-04:00,LIST-000202
ShopGoodwill,SGW-LST-000291,SGW-ITM-000291,GW-016,2026-07-12T11:00:00-04:00,LIST-000291
ShopGoodwill,SGW-LST-000295,SGW-ITM-000295,GW-016,2026-07-12T11:00:00-04:00,LIST-000295
ShopGoodwill,SGW-LST-000412,SGW-ITM-000412,GW-011,2026-07-12T11:00:00-04:00,LIST-000412
ShopGoodwill,SGW-LST-000429,SGW-ITM-000429,GW-008,2026-07-12T11:00:00-04:00,LIST-000429
ShopGoodwill,SGW-LST-000443,SGW-ITM-000443,GW-008,2026-07-12T11:00:00-04:00,LIST-000443
ShopGoodwill,SGW-LST-000483,SGW-ITM-000483,GW-012,2026-07-12T11:00:00-04:00,LIST-000483
ShopGoodwill,SGW-LST-000553,SGW-ITM-000553,GW-019,2026-07-12T11:00:00-04:00,LIST-000553
ShopGoodwill,SGW-LST-000642,SGW-ITM-000642,GW-024,2026-07-12T11:00:00-04:00,LIST-000642
ShopGoodwill,SGW-LST-000710,SGW-ITM-000710,GW-021,2026-07-12T11:00:00-04:00,LIST-000710
ShopGoodwill,SGW-LST-000748,SGW-ITM-000748,GW-010,2026-07-12T11:00:00-04:00,LIST-000748
ShopGoodwill,SGW-LST-000757,SGW-ITM-000757,GW-011,2026-07-12T11:00:00-04:00,LIST-000757
ShopGoodwill,SGW-LST-000895,SGW-ITM-000895,GW-024,2026-07-12T11:00:00-04:00,LIST-000895
ShopGoodwill,SGW-LST-001120,SGW-ITM-001120,GW-015,2026-07-12T11:00:00-04:00,LIST-001120
ShopGoodwill,SGW-LST-001240,SGW-ITM-001240,GW-016,2026-07-12T11:00:00-04:00,LIST-001240
ShopGoodwill,SGW-LST-001274,SGW-ITM-001274,GW-023,2026-07-12T11:00:00-04:00,LIST-001274
ShopGoodwill,SGW-LST-001292,SGW-ITM-001292,GW-016,2026-07-12T11:00:00-04:00,LIST-001292
ShopGoodwill,SGW-LST-001303,SGW-ITM-001303,GW-023,2026-07-12T11:00:00-04:00,LIST-001303
ShopGoodwill,SGW-LST-001338,SGW-ITM-001338,GW-015,2026-07-12T11:00:00-04:00,LIST-001338
ShopGoodwill,SGW-LST-001381,SGW-ITM-001381,GW-004,2026-07-12T11:00:00-04:00,LIST-001381
ShopGoodwill,SGW-LST-001398,SGW-ITM-001398,GW-007,2026-07-12T11:00:00-04:00,LIST-001398
ShopGoodwill,SGW-LST-001442,SGW-ITM-001442,GW-014,2026-07-12T11:00:00-04:00,LIST-001442
ShopGoodwill,SGW-LST-001466,SGW-ITM-001466,GW-004,2026-07-12T11:00:00-04:00,LIST-001466
ShopGoodwill,SGW-LST-001565,SGW-ITM-001565,GW-002,2026-07-12T11:00:00-04:00,LIST-001565
ShopGoodwill,SGW-LST-001575,SGW-ITM-001575,GW-019,2026-07-12T11:00:00-04:00,LIST-001575
ShopGoodwill,SGW-LST-001611,SGW-ITM-001611,GW-002,2026-07-12T11:00:00-04:00,LIST-001611
ShopGoodwill,SGW-LST-001653,SGW-ITM-001653,GW-009,2026-07-12T11:00:00-04:00,LIST-001653
ShopGoodwill,SGW-LST-001654,SGW-ITM-001654,GW-022,2026-07-12T11:00:00-04:00,LIST-001654
ShopGoodwill,SGW-LST-001665,SGW-ITM-001665,GW-008,2026-07-12T11:00:00-04:00,LIST-001665
ShopGoodwill,SGW-LST-001722,SGW-ITM-001722,GW-012,2026-07-12T11:00:00-04:00,LIST-001722
ShopGoodwill,SGW-LST-001765,SGW-ITM-001765,GW-001,2026-07-12T11:00:00-04:00,LIST-001765
ShopGoodwill,SGW-LST-001768,SGW-ITM-001768,GW-002,2026-07-12T11:00:00-04:00,LIST-001768
ShopGoodwill,SGW-LST-001799,SGW-ITM-001799,GW-001,2026-07-12T11:00:00-04:00,LIST-001799
eBay,EB-LST-000079,EB-ITM-000079,GW-001,2026-07-13T11:00:00-04:00,LIST-001879
eBay,EB-LST-000102,EB-ITM-000102,GW-003,2026-07-13T11:00:00-04:00,LIST-001902
eBay,EB-LST-000237,EB-ITM-000237,GW-008,2026-07-13T11:00:00-04:00,LIST-002037
eBay,EB-LST-000241,EB-ITM-000241,GW-012,2026-07-13T11:00:00-04:00,LIST-002041
eBay,EB-LST-000252,EB-ITM-000252,GW-004,2026-07-13T11:00:00-04:00,LIST-002052
eBay,EB-LST-000402,EB-ITM-000402,GW-015,2026-07-13T11:00:00-04:00,LIST-002202
eBay,EB-LST-000471,EB-ITM-000471,GW-008,2026-07-13T11:00:00-04:00,LIST-002271
eBay,EB-LST-000529,EB-ITM-000529,GW-004,2026-07-13T11:00:00-04:00,LIST-002329
eBay,EB-LST-000583,EB-ITM-000583,GW-009,2026-07-13T11:00:00-04:00,LIST-002383
eBay,EB-LST-000671,EB-ITM-000671,GW-024,2026-07-13T11:00:00-04:00,LIST-002471
eBay,EB-LST-000678,EB-ITM-000678,GW-008,2026-07-13T11:00:00-04:00,LIST-002478
eBay,EB-LST-000770,EB-ITM-000770,GW-008,2026-07-13T11:00:00-04:00,LIST-002570
eBay,EB-LST-000787,EB-ITM-000787,GW-009,2026-07-13T11:00:00-04:00,LIST-002587
eBay,EB-LST-000789,EB-ITM-000789,GW-012,2026-07-13T11:00:00-04:00,LIST-002589
eBay,EB-LST-000790,EB-ITM-000790,GW-004,2026-07-13T11:00:00-04:00,LIST-002590
eBay,EB-LST-000811,EB-ITM-000811,GW-019,2026-07-13T11:00:00-04:00,LIST-002611
ShopGoodwill,SGW-LST-000089,SGW-ITM-000089,GW-009,2026-07-13T11:00:00-04:00,LIST-000089
ShopGoodwill,SGW-LST-000099,SGW-ITM-000099,GW-012,2026-07-13T11:00:00-04:00,LIST-000099
ShopGoodwill,SGW-LST-000297,SGW-ITM-000297,GW-008,2026-07-13T11:00:00-04:00,LIST-000297
ShopGoodwill,SGW-LST-000300,SGW-ITM-000300,GW-014,2026-07-13T11:00:00-04:00,LIST-000300
ShopGoodwill,SGW-LST-000374,SGW-ITM-000374,GW-005,2026-07-13T11:00:00-04:00,LIST-000374
ShopGoodwill,SGW-LST-000446,SGW-ITM-000446,GW-002,2026-07-13T11:00:00-04:00,LIST-000446
ShopGoodwill,SGW-LST-000459,SGW-ITM-000459,GW-014,2026-07-13T11:00:00-04:00,LIST-000459
ShopGoodwill,SGW-LST-000495,SGW-ITM-000495,GW-017,2026-07-13T11:00:00-04:00,LIST-000495
ShopGoodwill,SGW-LST-000554,SGW-ITM-000554,GW-020,2026-07-13T11:00:00-04:00,LIST-000554
ShopGoodwill,SGW-LST-000555,SGW-ITM-000555,GW-008,2026-07-13T11:00:00-04:00,LIST-000555
ShopGoodwill,SGW-LST-000593,SGW-ITM-000593,GW-023,2026-07-13T11:00:00-04:00,LIST-000593
ShopGoodwill,SGW-LST-000620,SGW-ITM-000620,GW-023,2026-07-13T11:00:00-04:00,LIST-000620
ShopGoodwill,SGW-LST-000647,SGW-ITM-000647,GW-008,2026-07-13T11:00:00-04:00,LIST-000647
ShopGoodwill,SGW-LST-000763,SGW-ITM-000763,GW-005,2026-07-13T11:00:00-04:00,LIST-000763
ShopGoodwill,SGW-LST-000891,SGW-ITM-000891,GW-005,2026-07-13T11:00:00-04:00,LIST-000891
ShopGoodwill,SGW-LST-000903,SGW-ITM-000903,GW-006,2026-07-13T11:00:00-04:00,LIST-000903
ShopGoodwill,SGW-LST-000963,SGW-ITM-000963,GW-024,2026-07-13T11:00:00-04:00,LIST-000963
ShopGoodwill,SGW-LST-001043,SGW-ITM-001043,GW-011,2026-07-13T11:00:00-04:00,LIST-001043
ShopGoodwill,SGW-LST-001062,SGW-ITM-001062,GW-024,2026-07-13T11:00:00-04:00,LIST-001062
ShopGoodwill,SGW-LST-001122,SGW-ITM-001122,GW-018,2026-07-13T11:00:00-04:00,LIST-001122
ShopGoodwill,SGW-LST-001132,SGW-ITM-001132,GW-023,2026-07-13T11:00:00-04:00,LIST-001132
ShopGoodwill,SGW-LST-001152,SGW-ITM-001152,GW-017,2026-07-13T11:00:00-04:00,LIST-001152
ShopGoodwill,SGW-LST-001168,SGW-ITM-001168,GW-013,2026-07-13T11:00:00-04:00,LIST-001168
ShopGoodwill,SGW-LST-001183,SGW-ITM-001183,GW-017,2026-07-13T11:00:00-04:00,LIST-001183
ShopGoodwill,SGW-LST-001184,SGW-ITM-001184,GW-004,2026-07-13T11:00:00-04:00,LIST-001184
ShopGoodwill,SGW-LST-001256,SGW-ITM-001256,GW-009,2026-07-13T11:00:00-04:00,LIST-001256
ShopGoodwill,SGW-LST-001272,SGW-ITM-001272,GW-021,2026-07-13T11:00:00-04:00,LIST-001272
ShopGoodwill,SGW-LST-001336,SGW-ITM-001336,GW-006,2026-07-13T11:00:00-04:00,LIST-001336
ShopGoodwill,SGW-LST-001362,SGW-ITM-001362,GW-011,2026-07-13T11:00:00-04:00,LIST-001362
ShopGoodwill,SGW-LST-001374,SGW-ITM-001374,GW-022,2026-07-13T11:00:00-04:00,LIST-001374
ShopGoodwill,SGW-LST-001433,SGW-ITM-001433,GW-018,2026-07-13T11:00:00-04:00,LIST-001433
ShopGoodwill,SGW-LST-001529,SGW-ITM-001529,GW-016,2026-07-13T11:00:00-04:00,LIST-001529
ShopGoodwill,SGW-LST-001556,SGW-ITM-001556,GW-015,2026-07-13T11:00:00-04:00,LIST-001556
ShopGoodwill,SGW-LST-001764,SGW-ITM-001764,GW-009,2026-07-13T11:00:00-04:00,LIST-001764
ShopGoodwill,SGW-LST-001783,SGW-ITM-001783,GW-024,2026-07-13T11:00:00-04:00,LIST-001783
eBay,EB-LST-000014,EB-ITM-000014,GW-018,2026-07-14T11:00:00-04:00,LIST-001814
eBay,EB-LST-000060,EB-ITM-000060,GW-016,2026-07-14T11:00:00-04:00,LIST-001860
eBay,EB-LST-000065,EB-ITM-000065,GW-022,2026-07-14T11:00:00-04:00,LIST-001865
eBay,EB-LST-000117,EB-ITM-000117,GW-008,2026-07-14T11:00:00-04:00,LIST-001917
eBay,EB-LST-000213,EB-ITM-000213,GW-006,2026-07-14T11:00:00-04:00,LIST-002013
eBay,EB-LST-000253,EB-ITM-000253,GW-005,2026-07-14T11:00:00-04:00,LIST-002053
eBay,EB-LST-000369,EB-ITM-000369,GW-011,2026-07-14T11:00:00-04:00,LIST-002169
eBay,EB-LST-000407,EB-ITM-000407,GW-018,2026-07-14T11:00:00-04:00,LIST-002207
eBay,EB-LST-000478,EB-ITM-000478,GW-008,2026-07-14T11:00:00-04:00,LIST-002278
eBay,EB-LST-000553,EB-ITM-000553,GW-017,2026-07-14T11:00:00-04:00,LIST-002353
eBay,EB-LST-000616,EB-ITM-000616,GW-005,2026-07-14T11:00:00-04:00,LIST-002416
eBay,EB-LST-000713,EB-ITM-000713,GW-017,2026-07-14T11:00:00-04:00,LIST-002513
eBay,EB-LST-000719,EB-ITM-000719,GW-002,2026-07-14T11:00:00-04:00,LIST-002519
eBay,EB-LST-000866,EB-ITM-000866,GW-020,2026-07-14T11:00:00-04:00,LIST-002666
eBay,EB-OPEN-000476,EB-UNSOLD-000476,GW-018,2026-07-14T11:00:00-04:00,LIST-002896
ShopGoodwill,SGW-LST-000008,SGW-ITM-000008,GW-004,2026-07-14T11:00:00-04:00,LIST-000008
ShopGoodwill,SGW-LST-000044,SGW-ITM-000044,GW-009,2026-07-14T11:00:00-04:00,LIST-000044
ShopGoodwill,SGW-LST-000151,SGW-ITM-000151,GW-017,2026-07-14T11:00:00-04:00,LIST-000151
ShopGoodwill,SGW-LST-000198,SGW-ITM-000198,GW-016,2026-07-14T11:00:00-04:00,LIST-000198
ShopGoodwill,SGW-LST-000340,SGW-ITM-000340,GW-011,2026-07-14T11:00:00-04:00,LIST-000340
ShopGoodwill,SGW-LST-000341,SGW-ITM-000341,GW-014,2026-07-14T11:00:00-04:00,LIST-000341
ShopGoodwill,SGW-LST-000363,SGW-ITM-000363,GW-016,2026-07-14T11:00:00-04:00,LIST-000363
ShopGoodwill,SGW-LST-000447,SGW-ITM-000447,GW-016,2026-07-14T11:00:00-04:00,LIST-000447
ShopGoodwill,SGW-LST-000453,SGW-ITM-000453,GW-007,2026-07-14T11:00:00-04:00,LIST-000453
ShopGoodwill,SGW-LST-000559,SGW-ITM-000559,GW-017,2026-07-14T11:00:00-04:00,LIST-000559
ShopGoodwill,SGW-LST-000598,SGW-ITM-000598,GW-006,2026-07-14T11:00:00-04:00,LIST-000598
ShopGoodwill,SGW-LST-000609,SGW-ITM-000609,GW-009,2026-07-14T11:00:00-04:00,LIST-000609
ShopGoodwill,SGW-LST-000716,SGW-ITM-000716,GW-011,2026-07-14T11:00:00-04:00,LIST-000716
ShopGoodwill,SGW-LST-000759,SGW-ITM-000759,GW-002,2026-07-14T11:00:00-04:00,LIST-000759
ShopGoodwill,SGW-LST-000782,SGW-ITM-000782,GW-004,2026-07-14T11:00:00-04:00,LIST-000782
ShopGoodwill,SGW-LST-000806,SGW-ITM-000806,GW-017,2026-07-14T11:00:00-04:00,LIST-000806
ShopGoodwill,SGW-LST-000841,SGW-ITM-000841,GW-001,2026-07-14T11:00:00-04:00,LIST-000841
ShopGoodwill,SGW-LST-000856,SGW-ITM-000856,GW-018,2026-07-14T11:00:00-04:00,LIST-000856
ShopGoodwill,SGW-LST-000857,SGW-ITM-000857,GW-012,2026-07-14T11:00:00-04:00,LIST-000857
ShopGoodwill,SGW-LST-000995,SGW-ITM-000995,GW-009,2026-07-14T11:00:00-04:00,LIST-000995
ShopGoodwill,SGW-LST-001046,SGW-ITM-001046,GW-015,2026-07-14T11:00:00-04:00,LIST-001046
ShopGoodwill,SGW-LST-001144,SGW-ITM-001144,GW-017,2026-07-14T11:00:00-04:00,LIST-001144
ShopGoodwill,SGW-LST-001208,SGW-ITM-001208,GW-013,2026-07-14T11:00:00-04:00,LIST-001208
ShopGoodwill,SGW-LST-001229,SGW-ITM-001229,GW-006,2026-07-14T11:00:00-04:00,LIST-001229
ShopGoodwill,SGW-LST-001246,SGW-ITM-001246,GW-004,2026-07-14T11:00:00-04:00,LIST-001246
ShopGoodwill,SGW-LST-001268,SGW-ITM-001268,GW-009,2026-07-14T11:00:00-04:00,LIST-001268
ShopGoodwill,SGW-LST-001300,SGW-ITM-001300,GW-012,2026-07-14T11:00:00-04:00,LIST-001300
ShopGoodwill,SGW-LST-001334,SGW-ITM-001334,GW-001,2026-07-14T11:00:00-04:00,LIST-001334
ShopGoodwill,SGW-LST-001355,SGW-ITM-001355,GW-001,2026-07-14T11:00:00-04:00,LIST-001355
ShopGoodwill,SGW-LST-001463,SGW-ITM-001463,GW-008,2026-07-14T11:00:00-04:00,LIST-001463
ShopGoodwill,SGW-LST-001576,SGW-ITM-001576,GW-015,2026-07-14T11:00:00-04:00,LIST-001576
ShopGoodwill,SGW-LST-001583,SGW-ITM-001583,GW-002,2026-07-14T11:00:00-04:00,LIST-001583
ShopGoodwill,SGW-LST-001713,SGW-ITM-001713,GW-009,2026-07-14T11:00:00-04:00,LIST-001713
ShopGoodwill,SGW-LST-001745,SGW-ITM-001745,GW-008,2026-07-14T11:00:00-04:00,LIST-001745
ShopGoodwill,SGW-LST-001786,SGW-ITM-001786,GW-010,2026-07-14T11:00:00-04:00,LIST-001786
ShopGoodwill,SGW-OPEN-000588,SGW-UNSOLD-000588,GW-022,2026-07-14T11:00:00-04:00,LIST-002949
eBay,EB-LST-000045,EB-ITM-000045,GW-010,2026-07-15T11:00:00-04:00,LIST-001845
eBay,EB-LST-000059,EB-ITM-000059,GW-005,2026-07-15T11:00:00-04:00,LIST-001859
eBay,EB-LST-000107,EB-ITM-000107,GW-016,2026-07-15T11:00:00-04:00,LIST-001907
eBay,EB-LST-000167,EB-ITM-000167,GW-017,2026-07-15T11:00:00-04:00,LIST-001967
eBay,EB-LST-000170,EB-ITM-000170,GW-001,2026-07-15T11:00:00-04:00,LIST-001970
eBay,EB-LST-000217,EB-ITM-000217,GW-010,2026-07-15T11:00:00-04:00,LIST-002017
eBay,EB-LST-000302,EB-ITM-000302,GW-014,2026-07-15T11:00:00-04:00,LIST-002102
eBay,EB-LST-000345,EB-ITM-000345,GW-001,2026-07-15T11:00:00-04:00,LIST-002145
eBay,EB-LST-000378,EB-ITM-000378,GW-015,2026-07-15T11:00:00-04:00,LIST-002178
eBay,EB-LST-000448,EB-ITM-000448,GW-002,2026-07-15T11:00:00-04:00,LIST-002248
eBay,EB-LST-000480,EB-ITM-000480,GW-013,2026-07-15T11:00:00-04:00,LIST-002280
eBay,EB-LST-000708,EB-ITM-000708,GW-002,2026-07-15T11:00:00-04:00,LIST-002508
eBay,EB-LST-000732,EB-ITM-000732,GW-016,2026-07-15T11:00:00-04:00,LIST-002532
eBay,EB-LST-000795,EB-ITM-000795,GW-017,2026-07-15T11:00:00-04:00,LIST-002595
eBay,EB-LST-000825,EB-ITM-000825,GW-007,2026-07-15T11:00:00-04:00,LIST-002625
eBay,EB-LST-000867,EB-ITM-000867,GW-016,2026-07-15T11:00:00-04:00,LIST-002667
eBay,EB-LST-000877,EB-ITM-000877,GW-022,2026-07-15T11:00:00-04:00,LIST-002677
eBay,EB-LST-000878,EB-ITM-000878,GW-004,2026-07-15T11:00:00-04:00,LIST-002678
ShopGoodwill,SGW-LST-000061,SGW-ITM-000061,GW-005,2026-07-15T11:00:00-04:00,LIST-000061
ShopGoodwill,SGW-LST-000138,SGW-ITM-000138,GW-024,2026-07-15T11:00:00-04:00,LIST-000138
ShopGoodwill,SGW-LST-000156,SGW-ITM-000156,GW-019,2026-07-15T11:00:00-04:00,LIST-000156
ShopGoodwill,SGW-LST-000187,SGW-ITM-000187,GW-005,2026-07-15T11:00:00-04:00,LIST-000187
ShopGoodwill,SGW-LST-000223,SGW-ITM-000223,GW-022,2026-07-15T11:00:00-04:00,LIST-000223
ShopGoodwill,SGW-LST-000241,SGW-ITM-000241,GW-020,2026-07-15T11:00:00-04:00,LIST-000241
ShopGoodwill,SGW-LST-000273,SGW-ITM-000273,GW-023,2026-07-15T11:00:00-04:00,LIST-000273
ShopGoodwill,SGW-LST-000349,SGW-ITM-000349,GW-022,2026-07-15T11:00:00-04:00,LIST-000349
ShopGoodwill,SGW-LST-000457,SGW-ITM-000457,GW-017,2026-07-15T11:00:00-04:00,LIST-000457
ShopGoodwill,SGW-LST-000489,SGW-ITM-000489,GW-004,2026-07-15T11:00:00-04:00,LIST-000489
ShopGoodwill,SGW-LST-000526,SGW-ITM-000526,GW-011,2026-07-15T11:00:00-04:00,LIST-000526
ShopGoodwill,SGW-LST-000545,SGW-ITM-000545,GW-012,2026-07-15T11:00:00-04:00,LIST-000545
ShopGoodwill,SGW-LST-000740,SGW-ITM-000740,GW-020,2026-07-15T11:00:00-04:00,LIST-000740
ShopGoodwill,SGW-LST-000760,SGW-ITM-000760,GW-008,2026-07-15T11:00:00-04:00,LIST-000760
ShopGoodwill,SGW-LST-000789,SGW-ITM-000789,GW-008,2026-07-15T11:00:00-04:00,LIST-000789
ShopGoodwill,SGW-LST-000862,SGW-ITM-000862,GW-019,2026-07-15T11:00:00-04:00,LIST-000862
ShopGoodwill,SGW-LST-001025,SGW-ITM-001025,GW-012,2026-07-15T11:00:00-04:00,LIST-001025
ShopGoodwill,SGW-LST-001042,SGW-ITM-001042,GW-004,2026-07-15T11:00:00-04:00,LIST-001042
ShopGoodwill,SGW-LST-001057,SGW-ITM-001057,GW-020,2026-07-15T11:00:00-04:00,LIST-001057
ShopGoodwill,SGW-LST-001119,SGW-ITM-001119,GW-016,2026-07-15T11:00:00-04:00,LIST-001119
ShopGoodwill,SGW-LST-001138,SGW-ITM-001138,GW-022,2026-07-15T11:00:00-04:00,LIST-001138
ShopGoodwill,SGW-LST-001171,SGW-ITM-001171,GW-016,2026-07-15T11:00:00-04:00,LIST-001171
ShopGoodwill,SGW-LST-001186,SGW-ITM-001186,GW-015,2026-07-15T11:00:00-04:00,LIST-001186
ShopGoodwill,SGW-LST-001196,SGW-ITM-001196,GW-024,2026-07-15T11:00:00-04:00,LIST-001196
ShopGoodwill,SGW-LST-001217,SGW-ITM-001217,GW-021,2026-07-15T11:00:00-04:00,LIST-001217
ShopGoodwill,SGW-LST-001233,SGW-ITM-001233,GW-020,2026-07-15T11:00:00-04:00,LIST-001233
ShopGoodwill,SGW-LST-001242,SGW-ITM-001242,GW-001,2026-07-15T11:00:00-04:00,LIST-001242
ShopGoodwill,SGW-LST-001412,SGW-ITM-001412,GW-017,2026-07-15T11:00:00-04:00,LIST-001412
ShopGoodwill,SGW-LST-001456,SGW-ITM-001456,GW-020,2026-07-15T11:00:00-04:00,LIST-001456
ShopGoodwill,SGW-LST-001467,SGW-ITM-001467,GW-008,2026-07-15T11:00:00-04:00,LIST-001467
ShopGoodwill,SGW-LST-001574,SGW-ITM-001574,GW-011,2026-07-15T11:00:00-04:00,LIST-001574
ShopGoodwill,SGW-LST-001586,SGW-ITM-001586,GW-022,2026-07-15T11:00:00-04:00,LIST-001586
ShopGoodwill,SGW-LST-001606,SGW-ITM-001606,GW-020,2026-07-15T11:00:00-04:00,LIST-001606
ShopGoodwill,SGW-LST-001615,SGW-ITM-001615,GW-004,2026-07-15T11:00:00-04:00,LIST-001615
ShopGoodwill,SGW-LST-001657,SGW-ITM-001657,GW-006,2026-07-15T11:00:00-04:00,LIST-001657
ShopGoodwill,SGW-LST-001700,SGW-ITM-001700,GW-008,2026-07-15T11:00:00-04:00,LIST-001700
ShopGoodwill,SGW-OPEN-001101,SGW-UNSOLD-001101,GW-004,2026-07-15T11:00:00-04:00,LIST-003142
ShopGoodwill,SGW-OPEN-001199,SGW-UNSOLD-001199,GW-016,2026-07-15T11:00:00-04:00,LIST-003180
eBay,EB-LST-000028,EB-ITM-000028,GW-020,2026-07-16T11:00:00-04:00,LIST-001828
eBay,EB-LST-000053,EB-ITM-000053,GW-024,2026-07-16T11:00:00-04:00,LIST-001853
eBay,EB-LST-000087,EB-ITM-000087,GW-007,2026-07-16T11:00:00-04:00,LIST-001887
eBay,EB-LST-000099,EB-ITM-000099,GW-009,2026-07-16T11:00:00-04:00,LIST-001899
eBay,EB-LST-000146,EB-ITM-000146,GW-004,2026-07-16T11:00:00-04:00,LIST-001946
eBay,EB-LST-000192,EB-ITM-000192,GW-001,2026-07-16T11:00:00-04:00,LIST-001992
eBay,EB-LST-000236,EB-ITM-000236,GW-009,2026-07-16T11:00:00-04:00,LIST-002036
eBay,EB-LST-000254,EB-ITM-000254,GW-008,2026-07-16T11:00:00-04:00,LIST-002054
eBay,EB-LST-000329,EB-ITM-000329,GW-012,2026-07-16T11:00:00-04:00,LIST-002129
eBay,EB-LST-000379,EB-ITM-000379,GW-009,2026-07-16T11:00:00-04:00,LIST-002179
eBay,EB-LST-000392,EB-ITM-000392,GW-004,2026-07-16T11:00:00-04:00,LIST-002192
eBay,EB-LST-000450,EB-ITM-000450,GW-014,2026-07-16T11:00:00-04:00,LIST-002250
eBay,EB-LST-000520,EB-ITM-000520,GW-005,2026-07-16T11:00:00-04:00,LIST-002320
eBay,EB-LST-000607,EB-ITM-000607,GW-024,2026-07-16T11:00:00-04:00,LIST-002407
eBay,EB-LST-000630,EB-ITM-000630,GW-010,2026-07-16T11:00:00-04:00,LIST-002430
eBay,EB-LST-000641,EB-ITM-000641,GW-016,2026-07-16T11:00:00-04:00,LIST-002441
eBay,EB-LST-000694,EB-ITM-000694,GW-002,2026-07-16T11:00:00-04:00,LIST-002494
eBay,EB-LST-000816,EB-ITM-000816,GW-012,2026-07-16T11:00:00-04:00,LIST-002616
eBay,EB-OPEN-000737,EB-UNSOLD-000737,GW-005,2026-07-16T11:00:00-04:00,LIST-003004
ShopGoodwill,SGW-LST-000025,SGW-ITM-000025,GW-016,2026-07-16T11:00:00-04:00,LIST-000025
ShopGoodwill,SGW-LST-000071,SGW-ITM-000071,GW-003,2026-07-16T11:00:00-04:00,LIST-000071
ShopGoodwill,SGW-LST-000084,SGW-ITM-000084,GW-010,2026-07-16T11:00:00-04:00,LIST-000084
ShopGoodwill,SGW-LST-000097,SGW-ITM-000097,GW-001,2026-07-16T11:00:00-04:00,LIST-000097
ShopGoodwill,SGW-LST-000175,SGW-ITM-000175,GW-011,2026-07-16T11:00:00-04:00,LIST-000175
ShopGoodwill,SGW-LST-000233,SGW-ITM-000233,GW-015,2026-07-16T11:00:00-04:00,LIST-000233
ShopGoodwill,SGW-LST-000262,SGW-ITM-000262,GW-003,2026-07-16T11:00:00-04:00,LIST-000262
ShopGoodwill,SGW-LST-000332,SGW-ITM-000332,GW-019,2026-07-16T11:00:00-04:00,LIST-000332
ShopGoodwill,SGW-LST-000365,SGW-ITM-000365,GW-002,2026-07-16T11:00:00-04:00,LIST-000365
ShopGoodwill,SGW-LST-000380,SGW-ITM-000380,GW-021,2026-07-16T11:00:00-04:00,LIST-000380
ShopGoodwill,SGW-LST-000462,SGW-ITM-000462,GW-017,2026-07-16T11:00:00-04:00,LIST-000462
ShopGoodwill,SGW-LST-000469,SGW-ITM-000469,GW-004,2026-07-16T11:00:00-04:00,LIST-000469
ShopGoodwill,SGW-LST-000510,SGW-ITM-000510,GW-007,2026-07-16T11:00:00-04:00,LIST-000510
ShopGoodwill,SGW-LST-000512,SGW-ITM-000512,GW-003,2026-07-16T11:00:00-04:00,LIST-000512
ShopGoodwill,SGW-LST-000579,SGW-ITM-000579,GW-021,2026-07-16T11:00:00-04:00,LIST-000579
ShopGoodwill,SGW-LST-000673,SGW-ITM-000673,GW-012,2026-07-16T11:00:00-04:00,LIST-000673
ShopGoodwill,SGW-LST-000726,SGW-ITM-000726,GW-006,2026-07-16T11:00:00-04:00,LIST-000726
ShopGoodwill,SGW-LST-000785,SGW-ITM-000785,GW-014,2026-07-16T11:00:00-04:00,LIST-000785
ShopGoodwill,SGW-LST-000869,SGW-ITM-000869,GW-005,2026-07-16T11:00:00-04:00,LIST-000869
ShopGoodwill,SGW-LST-000970,SGW-ITM-000970,GW-001,2026-07-16T11:00:00-04:00,LIST-000970
ShopGoodwill,SGW-LST-001040,SGW-ITM-001040,GW-002,2026-07-16T11:00:00-04:00,LIST-001040
ShopGoodwill,SGW-LST-001061,SGW-ITM-001061,GW-002,2026-07-16T11:00:00-04:00,LIST-001061
ShopGoodwill,SGW-LST-001075,SGW-ITM-001075,GW-012,2026-07-16T11:00:00-04:00,LIST-001075
ShopGoodwill,SGW-LST-001097,SGW-ITM-001097,GW-017,2026-07-16T11:00:00-04:00,LIST-001097
ShopGoodwill,SGW-LST-001100,SGW-ITM-001100,GW-014,2026-07-16T11:00:00-04:00,LIST-001100
ShopGoodwill,SGW-LST-001102,SGW-ITM-001102,GW-001,2026-07-16T11:00:00-04:00,LIST-001102
ShopGoodwill,SGW-LST-001239,SGW-ITM-001239,GW-003,2026-07-16T11:00:00-04:00,LIST-001239
ShopGoodwill,SGW-LST-001380,SGW-ITM-001380,GW-016,2026-07-16T11:00:00-04:00,LIST-001380
ShopGoodwill,SGW-LST-001392,SGW-ITM-001392,GW-002,2026-07-16T11:00:00-04:00,LIST-001392
ShopGoodwill,SGW-LST-001451,SGW-ITM-001451,GW-006,2026-07-16T11:00:00-04:00,LIST-001451
ShopGoodwill,SGW-LST-001454,SGW-ITM-001454,GW-010,2026-07-16T11:00:00-04:00,LIST-001454
ShopGoodwill,SGW-LST-001468,SGW-ITM-001468,GW-002,2026-07-16T11:00:00-04:00,LIST-001468
ShopGoodwill,SGW-LST-001505,SGW-ITM-001505,GW-015,2026-07-16T11:00:00-04:00,LIST-001505
ShopGoodwill,SGW-LST-001525,SGW-ITM-001525,GW-012,2026-07-16T11:00:00-04:00,LIST-001525
ShopGoodwill,SGW-LST-001777,SGW-ITM-001777,GW-006,2026-07-16T11:00:00-04:00,LIST-001777
ShopGoodwill,SGW-OPEN-000630,SGW-UNSOLD-000630,GW-021,2026-07-16T11:00:00-04:00,LIST-002964
ShopGoodwill,SGW-OPEN-000690,SGW-UNSOLD-000690,GW-024,2026-07-16T11:00:00-04:00,LIST-002987
eBay,EB-LST-000002,EB-ITM-000002,GW-004,2026-07-17T11:00:00-04:00,LIST-001802
eBay,EB-LST-000088,EB-ITM-000088,GW-012,2026-07-17T11:00:00-04:00,LIST-001888
eBay,EB-LST-000114,EB-ITM-000114,GW-001,2026-07-17T11:00:00-04:00,LIST-001914
eBay,EB-LST-000161,EB-ITM-000161,GW-009,2026-07-17T11:00:00-04:00,LIST-001961
eBay,EB-LST-000186,EB-ITM-000186,GW-013,2026-07-17T11:00:00-04:00,LIST-001986
eBay,EB-LST-000199,EB-ITM-000199,GW-012,2026-07-17T11:00:00-04:00,LIST-001999
eBay,EB-LST-000202,EB-ITM-000202,GW-005,2026-07-17T11:00:00-04:00,LIST-002002
eBay,EB-LST-000204,EB-ITM-000204,GW-010,2026-07-17T11:00:00-04:00,LIST-002004
eBay,EB-LST-000342,EB-ITM-000342,GW-017,2026-07-17T11:00:00-04:00,LIST-002142
eBay,EB-LST-000390,EB-ITM-000390,GW-004,2026-07-17T11:00:00-04:00,LIST-002190
eBay,EB-LST-000440,EB-ITM-000440,GW-008,2026-07-17T11:00:00-04:00,LIST-002240
eBay,EB-LST-000506,EB-ITM-000506,GW-004,2026-07-17T11:00:00-04:00,LIST-002306
eBay,EB-LST-000517,EB-ITM-000517,GW-013,2026-07-17T11:00:00-04:00,LIST-002317
eBay,EB-LST-000542,EB-ITM-000542,GW-016,2026-07-17T11:00:00-04:00,LIST-002342
eBay,EB-LST-000581,EB-ITM-000581,GW-016,2026-07-17T11:00:00-04:00,LIST-002381
eBay,EB-LST-000592,EB-ITM-000592,GW-012,2026-07-17T11:00:00-04:00,LIST-002392
eBay,EB-LST-000635,EB-ITM-000635,GW-010,2026-07-17T11:00:00-04:00,LIST-002435
eBay,EB-LST-000727,EB-ITM-000727,GW-020,2026-07-17T11:00:00-04:00,LIST-002527
eBay,EB-LST-000735,EB-ITM-000735,GW-006,2026-07-17T11:00:00-04:00,LIST-002535
eBay,EB-LST-000766,EB-ITM-000766,GW-006,2026-07-17T11:00:00-04:00,LIST-002566
eBay,EB-LST-000771,EB-ITM-000771,GW-008,2026-07-17T11:00:00-04:00,LIST-002571
eBay,EB-LST-000784,EB-ITM-000784,GW-001,2026-07-17T11:00:00-04:00,LIST-002584
eBay,EB-LST-000813,EB-ITM-000813,GW-016,2026-07-17T11:00:00-04:00,LIST-002613
eBay,EB-OPEN-001057,EB-UNSOLD-001057,GW-016,2026-07-17T11:00:00-04:00,LIST-003125
ShopGoodwill,SGW-LST-000003,SGW-ITM-000003,GW-009,2026-07-17T11:00:00-04:00,LIST-000003
ShopGoodwill,SGW-LST-000011,SGW-ITM-000011,GW-002,2026-07-17T11:00:00-04:00,LIST-000011
ShopGoodwill,SGW-LST-000035,SGW-ITM-000035,GW-009,2026-07-17T11:00:00-04:00,LIST-000035
ShopGoodwill,SGW-LST-000080,SGW-ITM-000080,GW-024,2026-07-17T11:00:00-04:00,LIST-000080
ShopGoodwill,SGW-LST-000082,SGW-ITM-000082,GW-009,2026-07-17T11:00:00-04:00,LIST-000082
ShopGoodwill,SGW-LST-000103,SGW-ITM-000103,GW-021,2026-07-17T11:00:00-04:00,LIST-000103
ShopGoodwill,SGW-LST-000146,SGW-ITM-000146,GW-004,2026-07-17T11:00:00-04:00,LIST-000146
ShopGoodwill,SGW-LST-000228,SGW-ITM-000228,GW-014,2026-07-17T11:00:00-04:00,LIST-000228
ShopGoodwill,SGW-LST-000244,SGW-ITM-000244,GW-012,2026-07-17T11:00:00-04:00,LIST-000244
ShopGoodwill,SGW-LST-000255,SGW-ITM-000255,GW-007,2026-07-17T11:00:00-04:00,LIST-000255
ShopGoodwill,SGW-LST-000278,SGW-ITM-000278,GW-004,2026-07-17T11:00:00-04:00,LIST-000278
ShopGoodwill,SGW-LST-000317,SGW-ITM-000317,GW-002,2026-07-17T11:00:00-04:00,LIST-000317
ShopGoodwill,SGW-LST-000384,SGW-ITM-000384,GW-012,2026-07-17T11:00:00-04:00,LIST-000384
ShopGoodwill,SGW-LST-000398,SGW-ITM-000398,GW-016,2026-07-17T11:00:00-04:00,LIST-000398
ShopGoodwill,SGW-LST-000433,SGW-ITM-000433,GW-014,2026-07-17T11:00:00-04:00,LIST-000433
ShopGoodwill,SGW-LST-000456,SGW-ITM-000456,GW-008,2026-07-17T11:00:00-04:00,LIST-000456
ShopGoodwill,SGW-LST-000514,SGW-ITM-000514,GW-022,2026-07-17T11:00:00-04:00,LIST-000514
ShopGoodwill,SGW-LST-000562,SGW-ITM-000562,GW-016,2026-07-17T11:00:00-04:00,LIST-000562
ShopGoodwill,SGW-LST-000567,SGW-ITM-000567,GW-005,2026-07-17T11:00:00-04:00,LIST-000567
ShopGoodwill,SGW-LST-000575,SGW-ITM-000575,GW-001,2026-07-17T11:00:00-04:00,LIST-000575
ShopGoodwill,SGW-LST-000667,SGW-ITM-000667,GW-013,2026-07-17T11:00:00-04:00,LIST-000667
ShopGoodwill,SGW-LST-000893,SGW-ITM-000893,GW-004,2026-07-17T11:00:00-04:00,LIST-000893
ShopGoodwill,SGW-LST-001014,SGW-ITM-001014,GW-022,2026-07-17T11:00:00-04:00,LIST-001014
ShopGoodwill,SGW-LST-001070,SGW-ITM-001070,GW-020,2026-07-17T11:00:00-04:00,LIST-001070
ShopGoodwill,SGW-LST-001074,SGW-ITM-001074,GW-001,2026-07-17T11:00:00-04:00,LIST-001074
ShopGoodwill,SGW-LST-001079,SGW-ITM-001079,GW-020,2026-07-17T11:00:00-04:00,LIST-001079
ShopGoodwill,SGW-LST-001140,SGW-ITM-001140,GW-017,2026-07-17T11:00:00-04:00,LIST-001140
ShopGoodwill,SGW-LST-001157,SGW-ITM-001157,GW-011,2026-07-17T11:00:00-04:00,LIST-001157
ShopGoodwill,SGW-LST-001232,SGW-ITM-001232,GW-016,2026-07-17T11:00:00-04:00,LIST-001232
ShopGoodwill,SGW-LST-001293,SGW-ITM-001293,GW-002,2026-07-17T11:00:00-04:00,LIST-001293
ShopGoodwill,SGW-LST-001347,SGW-ITM-001347,GW-005,2026-07-17T11:00:00-04:00,LIST-001347
ShopGoodwill,SGW-LST-001363,SGW-ITM-001363,GW-018,2026-07-17T11:00:00-04:00,LIST-001363
ShopGoodwill,SGW-LST-001382,SGW-ITM-001382,GW-004,2026-07-17T11:00:00-04:00,LIST-001382
ShopGoodwill,SGW-LST-001418,SGW-ITM-001418,GW-014,2026-07-17T11:00:00-04:00,LIST-001418
ShopGoodwill,SGW-LST-001431,SGW-ITM-001431,GW-008,2026-07-17T11:00:00-04:00,LIST-001431
ShopGoodwill,SGW-LST-001520,SGW-ITM-001520,GW-001,2026-07-17T11:00:00-04:00,LIST-001520
ShopGoodwill,SGW-LST-001539,SGW-ITM-001539,GW-023,2026-07-17T11:00:00-04:00,LIST-001539
ShopGoodwill,SGW-LST-001675,SGW-ITM-001675,GW-020,2026-07-17T11:00:00-04:00,LIST-001675
ShopGoodwill,SGW-LST-001746,SGW-ITM-001746,GW-008,2026-07-17T11:00:00-04:00,LIST-001746
ShopGoodwill,SGW-OPEN-000485,SGW-UNSOLD-000485,GW-007,2026-07-17T11:00:00-04:00,LIST-002899
eBay,EB-LST-000139,EB-ITM-000139,GW-008,2026-07-18T11:00:00-04:00,LIST-001939
eBay,EB-LST-000299,EB-ITM-000299,GW-002,2026-07-18T11:00:00-04:00,LIST-002099
eBay,EB-LST-000373,EB-ITM-000373,GW-024,2026-07-18T11:00:00-04:00,LIST-002173
eBay,EB-LST-000395,EB-ITM-000395,GW-014,2026-07-18T11:00:00-04:00,LIST-002195
eBay,EB-LST-000408,EB-ITM-000408,GW-005,2026-07-18T11:00:00-04:00,LIST-002208
eBay,EB-LST-000431,EB-ITM-000431,GW-002,2026-07-18T11:00:00-04:00,LIST-002231
eBay,EB-LST-000434,EB-ITM-000434,GW-012,2026-07-18T11:00:00-04:00,LIST-002234
eBay,EB-LST-000563,EB-ITM-000563,GW-010,2026-07-18T11:00:00-04:00,LIST-002363
eBay,EB-LST-000569,EB-ITM-000569,GW-011,2026-07-18T11:00:00-04:00,LIST-002369
eBay,EB-LST-000573,EB-ITM-000573,GW-009,2026-07-18T11:00:00-04:00,LIST-002373
eBay,EB-LST-000638,EB-ITM-000638,GW-018,2026-07-18T11:00:00-04:00,LIST-002438
eBay,EB-LST-000692,EB-ITM-000692,GW-017,2026-07-18T11:00:00-04:00,LIST-002492
eBay,EB-LST-000707,EB-ITM-000707,GW-004,2026-07-18T11:00:00-04:00,LIST-002507
eBay,EB-LST-000718,EB-ITM-000718,GW-004,2026-07-18T11:00:00-04:00,LIST-002518
eBay,EB-LST-000812,EB-ITM-000812,GW-009,2026-07-18T11:00:00-04:00,LIST-002612
eBay,EB-LST-000828,EB-ITM-000828,GW-009,2026-07-18T11:00:00-04:00,LIST-002628
eBay,EB-LST-000886,EB-ITM-000886,GW-013,2026-07-18T11:00:00-04:00,LIST-002686
ShopGoodwill,SGW-LST-000012,SGW-ITM-000012,GW-012,2026-07-18T11:00:00-04:00,LIST-000012
ShopGoodwill,SGW-LST-000014,SGW-ITM-000014,GW-005,2026-07-18T11:00:00-04:00,LIST-000014
ShopGoodwill,SGW-LST-000049,SGW-ITM-000049,GW-004,2026-07-18T11:00:00-04:00,LIST-000049
ShopGoodwill,SGW-LST-000085,SGW-ITM-000085,GW-009,2026-07-18T11:00:00-04:00,LIST-000085
ShopGoodwill,SGW-LST-000133,SGW-ITM-000133,GW-011,2026-07-18T11:00:00-04:00,LIST-000133
ShopGoodwill,SGW-LST-000186,SGW-ITM-000186,GW-016,2026-07-18T11:00:00-04:00,LIST-000186
ShopGoodwill,SGW-LST-000200,SGW-ITM-000200,GW-021,2026-07-18T11:00:00-04:00,LIST-000200
ShopGoodwill,SGW-LST-000210,SGW-ITM-000210,GW-018,2026-07-18T11:00:00-04:00,LIST-000210
ShopGoodwill,SGW-LST-000488,SGW-ITM-000488,GW-001,2026-07-18T11:00:00-04:00,LIST-000488
ShopGoodwill,SGW-LST-000507,SGW-ITM-000507,GW-021,2026-07-18T11:00:00-04:00,LIST-000507
ShopGoodwill,SGW-LST-000511,SGW-ITM-000511,GW-002,2026-07-18T11:00:00-04:00,LIST-000511
ShopGoodwill,SGW-LST-000573,SGW-ITM-000573,GW-010,2026-07-18T11:00:00-04:00,LIST-000573
ShopGoodwill,SGW-LST-000610,SGW-ITM-000610,GW-003,2026-07-18T11:00:00-04:00,LIST-000610
ShopGoodwill,SGW-LST-000683,SGW-ITM-000683,GW-016,2026-07-18T11:00:00-04:00,LIST-000683
ShopGoodwill,SGW-LST-000697,SGW-ITM-000697,GW-009,2026-07-18T11:00:00-04:00,LIST-000697
ShopGoodwill,SGW-LST-000808,SGW-ITM-000808,GW-018,2026-07-18T11:00:00-04:00,LIST-000808
ShopGoodwill,SGW-LST-000911,SGW-ITM-000911,GW-020,2026-07-18T11:00:00-04:00,LIST-000911
ShopGoodwill,SGW-LST-000938,SGW-ITM-000938,GW-013,2026-07-18T11:00:00-04:00,LIST-000938
ShopGoodwill,SGW-LST-000965,SGW-ITM-000965,GW-018,2026-07-18T11:00:00-04:00,LIST-000965
ShopGoodwill,SGW-LST-000973,SGW-ITM-000973,GW-022,2026-07-18T11:00:00-04:00,LIST-000973
ShopGoodwill,SGW-LST-001082,SGW-ITM-001082,GW-020,2026-07-18T11:00:00-04:00,LIST-001082
ShopGoodwill,SGW-LST-001098,SGW-ITM-001098,GW-009,2026-07-18T11:00:00-04:00,LIST-001098
ShopGoodwill,SGW-LST-001108,SGW-ITM-001108,GW-004,2026-07-18T11:00:00-04:00,LIST-001108
ShopGoodwill,SGW-LST-001145,SGW-ITM-001145,GW-024,2026-07-18T11:00:00-04:00,LIST-001145
ShopGoodwill,SGW-LST-001167,SGW-ITM-001167,GW-001,2026-07-18T11:00:00-04:00,LIST-001167
ShopGoodwill,SGW-LST-001175,SGW-ITM-001175,GW-012,2026-07-18T11:00:00-04:00,LIST-001175
ShopGoodwill,SGW-LST-001181,SGW-ITM-001181,GW-008,2026-07-18T11:00:00-04:00,LIST-001181
ShopGoodwill,SGW-LST-001190,SGW-ITM-001190,GW-007,2026-07-18T11:00:00-04:00,LIST-001190
ShopGoodwill,SGW-LST-001209,SGW-ITM-001209,GW-012,2026-07-18T11:00:00-04:00,LIST-001209
ShopGoodwill,SGW-LST-001262,SGW-ITM-001262,GW-002,2026-07-18T11:00:00-04:00,LIST-001262
ShopGoodwill,SGW-LST-001263,SGW-ITM-001263,GW-014,2026-07-18T11:00:00-04:00,LIST-001263
ShopGoodwill,SGW-LST-001349,SGW-ITM-001349,GW-010,2026-07-18T11:00:00-04:00,LIST-001349
ShopGoodwill,SGW-LST-001423,SGW-ITM-001423,GW-009,2026-07-18T11:00:00-04:00,LIST-001423
ShopGoodwill,SGW-LST-001457,SGW-ITM-001457,GW-004,2026-07-18T11:00:00-04:00,LIST-001457
ShopGoodwill,SGW-LST-001469,SGW-ITM-001469,GW-002,2026-07-18T11:00:00-04:00,LIST-001469
ShopGoodwill,SGW-LST-001488,SGW-ITM-001488,GW-023,2026-07-18T11:00:00-04:00,LIST-001488
ShopGoodwill,SGW-LST-001517,SGW-ITM-001517,GW-004,2026-07-18T11:00:00-04:00,LIST-001517
ShopGoodwill,SGW-LST-001694,SGW-ITM-001694,GW-007,2026-07-18T11:00:00-04:00,LIST-001694
ShopGoodwill,SGW-LST-001702,SGW-ITM-001702,GW-020,2026-07-18T11:00:00-04:00,LIST-001702
ShopGoodwill,SGW-LST-001732,SGW-ITM-001732,GW-011,2026-07-18T11:00:00-04:00,LIST-001732
ShopGoodwill,SGW-LST-001794,SGW-ITM-001794,GW-008,2026-07-18T11:00:00-04:00,LIST-001794
ShopGoodwill,SGW-OPEN-000276,SGW-UNSOLD-000276,GW-024,2026-07-18T11:00:00-04:00,LIST-002808
ShopGoodwill,SGW-OPEN-001051,SGW-UNSOLD-001051,GW-005,2026-07-18T11:00:00-04:00,LIST-003123
eBay,EB-LST-000067,EB-ITM-000067,GW-020,2026-07-19T11:00:00-04:00,LIST-001867
eBay,EB-LST-000145,EB-ITM-000145,GW-002,2026-07-19T11:00:00-04:00,LIST-001945
eBay,EB-LST-000176,EB-ITM-000176,GW-008,2026-07-19T11:00:00-04:00,LIST-001976
eBay,EB-LST-000224,EB-ITM-000224,GW-016,2026-07-19T11:00:00-04:00,LIST-002024
eBay,EB-LST-000258,EB-ITM-000258,GW-002,2026-07-19T11:00:00-04:00,LIST-002058
eBay,EB-LST-000260,EB-ITM-000260,GW-012,2026-07-19T11:00:00-04:00,LIST-002060
eBay,EB-LST-000308,EB-ITM-000308,GW-012,2026-07-19T11:00:00-04:00,LIST-002108
eBay,EB-LST-000401,EB-ITM-000401,GW-006,2026-07-19T11:00:00-04:00,LIST-002201
eBay,EB-LST-000414,EB-ITM-000414,GW-015,2026-07-19T11:00:00-04:00,LIST-002214
eBay,EB-LST-000442,EB-ITM-000442,GW-004,2026-07-19T11:00:00-04:00,LIST-002242
eBay,EB-LST-000483,EB-ITM-000483,GW-012,2026-07-19T11:00:00-04:00,LIST-002283
eBay,EB-LST-000486,EB-ITM-000486,GW-013,2026-07-19T11:00:00-04:00,LIST-002286
eBay,EB-LST-000490,EB-ITM-000490,GW-024,2026-07-19T11:00:00-04:00,LIST-002290
eBay,EB-LST-000585,EB-ITM-000585,GW-018,2026-07-19T11:00:00-04:00,LIST-002385
eBay,EB-LST-000604,EB-ITM-000604,GW-004,2026-07-19T11:00:00-04:00,LIST-002404
eBay,EB-LST-000615,EB-ITM-000615,GW-024,2026-07-19T11:00:00-04:00,LIST-002415
eBay,EB-LST-000632,EB-ITM-000632,GW-024,2026-07-19T11:00:00-04:00,LIST-002432
eBay,EB-LST-000646,EB-ITM-000646,GW-004,2026-07-19T11:00:00-04:00,LIST-002446
eBay,EB-LST-000677,EB-ITM-000677,GW-015,2026-07-19T11:00:00-04:00,LIST-002477
eBay,EB-LST-000680,EB-ITM-000680,GW-018,2026-07-19T11:00:00-04:00,LIST-002480
eBay,EB-LST-000838,EB-ITM-000838,GW-012,2026-07-19T11:00:00-04:00,LIST-002638
eBay,EB-LST-000854,EB-ITM-000854,GW-017,2026-07-19T11:00:00-04:00,LIST-002654
eBay,EB-LST-000859,EB-ITM-000859,GW-002,2026-07-19T11:00:00-04:00,LIST-002659
eBay,EB-OPEN-001034,EB-UNSOLD-001034,GW-023,2026-07-19T11:00:00-04:00,LIST-003115
ShopGoodwill,SGW-LST-000013,SGW-ITM-000013,GW-008,2026-07-19T11:00:00-04:00,LIST-000013
ShopGoodwill,SGW-LST-000056,SGW-ITM-000056,GW-017,2026-07-19T11:00:00-04:00,LIST-000056
ShopGoodwill,SGW-LST-000095,SGW-ITM-000095,GW-008,2026-07-19T11:00:00-04:00,LIST-000095
ShopGoodwill,SGW-LST-000147,SGW-ITM-000147,GW-015,2026-07-19T11:00:00-04:00,LIST-000147
ShopGoodwill,SGW-LST-000215,SGW-ITM-000215,GW-015,2026-07-19T11:00:00-04:00,LIST-000215
ShopGoodwill,SGW-LST-000269,SGW-ITM-000269,GW-014,2026-07-19T11:00:00-04:00,LIST-000269
ShopGoodwill,SGW-LST-000383,SGW-ITM-000383,GW-009,2026-07-19T11:00:00-04:00,LIST-000383
ShopGoodwill,SGW-LST-000517,SGW-ITM-000517,GW-022,2026-07-19T11:00:00-04:00,LIST-000517
ShopGoodwill,SGW-LST-000521,SGW-ITM-000521,GW-018,2026-07-19T11:00:00-04:00,LIST-000521
ShopGoodwill,SGW-LST-000531,SGW-ITM-000531,GW-005,2026-07-19T11:00:00-04:00,LIST-000531
ShopGoodwill,SGW-LST-000638,SGW-ITM-000638,GW-018,2026-07-19T11:00:00-04:00,LIST-000638
ShopGoodwill,SGW-LST-000645,SGW-ITM-000645,GW-011,2026-07-19T11:00:00-04:00,LIST-000645
ShopGoodwill,SGW-LST-000674,SGW-ITM-000674,GW-019,2026-07-19T11:00:00-04:00,LIST-000674
ShopGoodwill,SGW-LST-000717,SGW-ITM-000717,GW-017,2026-07-19T11:00:00-04:00,LIST-000717
ShopGoodwill,SGW-LST-000727,SGW-ITM-000727,GW-024,2026-07-19T11:00:00-04:00,LIST-000727
ShopGoodwill,SGW-LST-000730,SGW-ITM-000730,GW-001,2026-07-19T11:00:00-04:00,LIST-000730
ShopGoodwill,SGW-LST-000767,SGW-ITM-000767,GW-020,2026-07-19T11:00:00-04:00,LIST-000767
ShopGoodwill,SGW-LST-000787,SGW-ITM-000787,GW-008,2026-07-19T11:00:00-04:00,LIST-000787
ShopGoodwill,SGW-LST-000847,SGW-ITM-000847,GW-007,2026-07-19T11:00:00-04:00,LIST-000847
ShopGoodwill,SGW-LST-000867,SGW-ITM-000867,GW-004,2026-07-19T11:00:00-04:00,LIST-000867
ShopGoodwill,SGW-LST-000887,SGW-ITM-000887,GW-018,2026-07-19T11:00:00-04:00,LIST-000887
ShopGoodwill,SGW-LST-000924,SGW-ITM-000924,GW-011,2026-07-19T11:00:00-04:00,LIST-000924
ShopGoodwill,SGW-LST-000944,SGW-ITM-000944,GW-012,2026-07-19T11:00:00-04:00,LIST-000944
ShopGoodwill,SGW-LST-000948,SGW-ITM-000948,GW-008,2026-07-19T11:00:00-04:00,LIST-000948
ShopGoodwill,SGW-LST-000985,SGW-ITM-000985,GW-021,2026-07-19T11:00:00-04:00,LIST-000985
ShopGoodwill,SGW-LST-001106,SGW-ITM-001106,GW-005,2026-07-19T11:00:00-04:00,LIST-001106
ShopGoodwill,SGW-LST-001134,SGW-ITM-001134,GW-021,2026-07-19T11:00:00-04:00,LIST-001134
ShopGoodwill,SGW-LST-001143,SGW-ITM-001143,GW-014,2026-07-19T11:00:00-04:00,LIST-001143
ShopGoodwill,SGW-LST-001162,SGW-ITM-001162,GW-018,2026-07-19T11:00:00-04:00,LIST-001162
ShopGoodwill,SGW-LST-001182,SGW-ITM-001182,GW-006,2026-07-19T11:00:00-04:00,LIST-001182
ShopGoodwill,SGW-LST-001212,SGW-ITM-001212,GW-016,2026-07-19T11:00:00-04:00,LIST-001212
ShopGoodwill,SGW-LST-001284,SGW-ITM-001284,GW-002,2026-07-19T11:00:00-04:00,LIST-001284
ShopGoodwill,SGW-LST-001332,SGW-ITM-001332,GW-012,2026-07-19T11:00:00-04:00,LIST-001332
ShopGoodwill,SGW-LST-001367,SGW-ITM-001367,GW-004,2026-07-19T11:00:00-04:00,LIST-001367
ShopGoodwill,SGW-LST-001372,SGW-ITM-001372,GW-012,2026-07-19T11:00:00-04:00,LIST-001372
ShopGoodwill,SGW-LST-001434,SGW-ITM-001434,GW-017,2026-07-19T11:00:00-04:00,LIST-001434
ShopGoodwill,SGW-LST-001485,SGW-ITM-001485,GW-004,2026-07-19T11:00:00-04:00,LIST-001485
ShopGoodwill,SGW-LST-001543,SGW-ITM-001543,GW-014,2026-07-19T11:00:00-04:00,LIST-001543
ShopGoodwill,SGW-LST-001554,SGW-ITM-001554,GW-004,2026-07-19T11:00:00-04:00,LIST-001554
ShopGoodwill,SGW-LST-001602,SGW-ITM-001602,GW-019,2026-07-19T11:00:00-04:00,LIST-001602
ShopGoodwill,SGW-LST-001621,SGW-ITM-001621,GW-012,2026-07-19T11:00:00-04:00,LIST-001621
ShopGoodwill,SGW-LST-001661,SGW-ITM-001661,GW-017,2026-07-19T11:00:00-04:00,LIST-001661
ShopGoodwill,SGW-LST-001717,SGW-ITM-001717,GW-004,2026-07-19T11:00:00-04:00,LIST-001717
ShopGoodwill,SGW-LST-001747,SGW-ITM-001747,GW-012,2026-07-19T11:00:00-04:00,LIST-001747
ShopGoodwill,SGW-LST-001795,SGW-ITM-001795,GW-023,2026-07-19T11:00:00-04:00,LIST-001795
ShopGoodwill,SGW-OPEN-000475,SGW-UNSOLD-000475,GW-016,2026-07-19T11:00:00-04:00,LIST-002895
ShopGoodwill,SGW-OPEN-000487,SGW-UNSOLD-000487,GW-022,2026-07-19T11:00:00-04:00,LIST-002900
ShopGoodwill,SGW-OPEN-000772,SGW-UNSOLD-000772,GW-006,2026-07-19T11:00:00-04:00,LIST-003020
ShopGoodwill,SGW-OPEN-000799,SGW-UNSOLD-000799,GW-004,2026-07-19T11:00:00-04:00,LIST-003030
ShopGoodwill,SGW-OPEN-001071,SGW-UNSOLD-001071,GW-011,2026-07-19T11:00:00-04:00,LIST-003133
ShopGoodwill,SGW-OPEN-001074,SGW-UNSOLD-001074,GW-009,2026-07-19T11:00:00-04:00,LIST-003136
eBay,EB-LST-000043,EB-ITM-000043,GW-016,2026-07-20T11:00:00-04:00,LIST-001843
eBay,EB-LST-000085,EB-ITM-000085,GW-007,2026-07-20T11:00:00-04:00,LIST-001885
eBay,EB-LST-000177,EB-ITM-000177,GW-019,2026-07-20T11:00:00-04:00,LIST-001977
eBay,EB-LST-000318,EB-ITM-000318,GW-024,2026-07-20T11:00:00-04:00,LIST-002118
eBay,EB-LST-000340,EB-ITM-000340,GW-010,2026-07-20T11:00:00-04:00,LIST-002140
eBay,EB-LST-000359,EB-ITM-000359,GW-017,2026-07-20T11:00:00-04:00,LIST-002159
eBay,EB-LST-000363,EB-ITM-000363,GW-008,2026-07-20T11:00:00-04:00,LIST-002163
eBay,EB-LST-000367,EB-ITM-000367,GW-004,2026-07-20T11:00:00-04:00,LIST-002167
eBay,EB-LST-000424,EB-ITM-000424,GW-016,2026-07-20T11:00:00-04:00,LIST-002224
eBay,EB-LST-000462,EB-ITM-000462,GW-013,2026-07-20T11:00:00-04:00,LIST-002262
eBay,EB-LST-000467,EB-ITM-000467,GW-024,2026-07-20T11:00:00-04:00,LIST-002267
eBay,EB-LST-000503,EB-ITM-000503,GW-006,2026-07-20T11:00:00-04:00,LIST-002303
eBay,EB-LST-000545,EB-ITM-000545,GW-009,2026-07-20T11:00:00-04:00,LIST-002345
eBay,EB-LST-000551,EB-ITM-000551,GW-001,2026-07-20T11:00:00-04:00,LIST-002351
eBay,EB-LST-000666,EB-ITM-000666,GW-016,2026-07-20T11:00:00-04:00,LIST-002466
eBay,EB-LST-000703,EB-ITM-000703,GW-013,2026-07-20T11:00:00-04:00,LIST-002503
eBay,EB-LST-000756,EB-ITM-000756,GW-017,2026-07-20T11:00:00-04:00,LIST-002556
eBay,EB-LST-000791,EB-ITM-000791,GW-002,2026-07-20T11:00:00-04:00,LIST-002591
eBay,EB-LST-000819,EB-ITM-000819,GW-017,2026-07-20T11:00:00-04:00,LIST-002619
eBay,EB-LST-000869,EB-ITM-000869,GW-004,2026-07-20T11:00:00-04:00,LIST-002669
eBay,EB-OPEN-000117,EB-UNSOLD-000117,GW-020,2026-07-20T11:00:00-04:00,LIST-002744
ShopGoodwill,SGW-LST-000018,SGW-ITM-000018,GW-010,2026-07-20T11:00:00-04:00,LIST-000018
ShopGoodwill,SGW-LST-000021,SGW-ITM-000021,GW-008,2026-07-20T11:00:00-04:00,LIST-000021
ShopGoodwill,SGW-LST-000057,SGW-ITM-000057,GW-017,2026-07-20T11:00:00-04:00,LIST-000057
ShopGoodwill,SGW-LST-000091,SGW-ITM-000091,GW-010,2026-07-20T11:00:00-04:00,LIST-000091
ShopGoodwill,SGW-LST-000104,SGW-ITM-000104,GW-013,2026-07-20T11:00:00-04:00,LIST-000104
ShopGoodwill,SGW-LST-000116,SGW-ITM-000116,GW-018,2026-07-20T11:00:00-04:00,LIST-000116
ShopGoodwill,SGW-LST-000199,SGW-ITM-000199,GW-010,2026-07-20T11:00:00-04:00,LIST-000199
ShopGoodwill,SGW-LST-000216,SGW-ITM-000216,GW-009,2026-07-20T11:00:00-04:00,LIST-000216
ShopGoodwill,SGW-LST-000249,SGW-ITM-000249,GW-002,2026-07-20T11:00:00-04:00,LIST-000249
ShopGoodwill,SGW-LST-000284,SGW-ITM-000284,GW-008,2026-07-20T11:00:00-04:00,LIST-000284
ShopGoodwill,SGW-LST-000338,SGW-ITM-000338,GW-009,2026-07-20T11:00:00-04:00,LIST-000338
ShopGoodwill,SGW-LST-000353,SGW-ITM-000353,GW-014,2026-07-20T11:00:00-04:00,LIST-000353
ShopGoodwill,SGW-LST-000464,SGW-ITM-000464,GW-012,2026-07-20T11:00:00-04:00,LIST-000464
ShopGoodwill,SGW-LST-000550,SGW-ITM-000550,GW-024,2026-07-20T11:00:00-04:00,LIST-000550
ShopGoodwill,SGW-LST-000557,SGW-ITM-000557,GW-021,2026-07-20T11:00:00-04:00,LIST-000557
ShopGoodwill,SGW-LST-000684,SGW-ITM-000684,GW-004,2026-07-20T11:00:00-04:00,LIST-000684
ShopGoodwill,SGW-LST-000705,SGW-ITM-000705,GW-006,2026-07-20T11:00:00-04:00,LIST-000705
ShopGoodwill,SGW-LST-000758,SGW-ITM-000758,GW-012,2026-07-20T11:00:00-04:00,LIST-000758
ShopGoodwill,SGW-LST-000804,SGW-ITM-000804,GW-021,2026-07-20T11:00:00-04:00,LIST-000804
ShopGoodwill,SGW-LST-000824,SGW-ITM-000824,GW-001,2026-07-20T11:00:00-04:00,LIST-000824
ShopGoodwill,SGW-LST-000865,SGW-ITM-000865,GW-006,2026-07-20T11:00:00-04:00,LIST-000865
ShopGoodwill,SGW-LST-000894,SGW-ITM-000894,GW-024,2026-07-20T11:00:00-04:00,LIST-000894
ShopGoodwill,SGW-LST-000998,SGW-ITM-000998,GW-012,2026-07-20T11:00:00-04:00,LIST-000998
ShopGoodwill,SGW-LST-001019,SGW-ITM-001019,GW-012,2026-07-20T11:00:00-04:00,LIST-001019
ShopGoodwill,SGW-LST-001027,SGW-ITM-001027,GW-015,2026-07-20T11:00:00-04:00,LIST-001027
ShopGoodwill,SGW-LST-001056,SGW-ITM-001056,GW-018,2026-07-20T11:00:00-04:00,LIST-001056
ShopGoodwill,SGW-LST-001064,SGW-ITM-001064,GW-020,2026-07-20T11:00:00-04:00,LIST-001064
ShopGoodwill,SGW-LST-001073,SGW-ITM-001073,GW-018,2026-07-20T11:00:00-04:00,LIST-001073
ShopGoodwill,SGW-LST-001092,SGW-ITM-001092,GW-009,2026-07-20T11:00:00-04:00,LIST-001092
ShopGoodwill,SGW-LST-001228,SGW-ITM-001228,GW-008,2026-07-20T11:00:00-04:00,LIST-001228
ShopGoodwill,SGW-LST-001283,SGW-ITM-001283,GW-017,2026-07-20T11:00:00-04:00,LIST-001283
ShopGoodwill,SGW-LST-001365,SGW-ITM-001365,GW-013,2026-07-20T11:00:00-04:00,LIST-001365
ShopGoodwill,SGW-LST-001404,SGW-ITM-001404,GW-020,2026-07-20T11:00:00-04:00,LIST-001404
ShopGoodwill,SGW-LST-001407,SGW-ITM-001407,GW-001,2026-07-20T11:00:00-04:00,LIST-001407
ShopGoodwill,SGW-LST-001534,SGW-ITM-001534,GW-016,2026-07-20T11:00:00-04:00,LIST-001534
ShopGoodwill,SGW-LST-001546,SGW-ITM-001546,GW-015,2026-07-20T11:00:00-04:00,LIST-001546
ShopGoodwill,SGW-LST-001551,SGW-ITM-001551,GW-008,2026-07-20T11:00:00-04:00,LIST-001551
ShopGoodwill,SGW-LST-001584,SGW-ITM-001584,GW-010,2026-07-20T11:00:00-04:00,LIST-001584
ShopGoodwill,SGW-LST-001596,SGW-ITM-001596,GW-024,2026-07-20T11:00:00-04:00,LIST-001596
ShopGoodwill,SGW-LST-001656,SGW-ITM-001656,GW-022,2026-07-20T11:00:00-04:00,LIST-001656
ShopGoodwill,SGW-LST-001671,SGW-ITM-001671,GW-020,2026-07-20T11:00:00-04:00,LIST-001671
ShopGoodwill,SGW-LST-001779,SGW-ITM-001779,GW-006,2026-07-20T11:00:00-04:00,LIST-001779
ShopGoodwill,SGW-OPEN-000395,SGW-UNSOLD-000395,GW-004,2026-07-20T11:00:00-04:00,LIST-002862
ShopGoodwill,SGW-OPEN-000861,SGW-UNSOLD-000861,GW-016,2026-07-20T11:00:00-04:00,LIST-003057
ShopGoodwill,SGW-OPEN-001124,SGW-UNSOLD-001124,GW-024,2026-07-20T11:00:00-04:00,LIST-003149
eBay,EB-LST-000165,EB-ITM-000165,GW-006,2026-07-21T11:00:00-04:00,LIST-001965
eBay,EB-LST-000172,EB-ITM-000172,GW-007,2026-07-21T11:00:00-04:00,LIST-001972
eBay,EB-LST-000239,EB-ITM-000239,GW-001,2026-07-21T11:00:00-04:00,LIST-002039
eBay,EB-LST-000259,EB-ITM-000259,GW-013,2026-07-21T11:00:00-04:00,LIST-002059
eBay,EB-LST-000262,EB-ITM-000262,GW-004,2026-07-21T11:00:00-04:00,LIST-002062
eBay,EB-LST-000285,EB-ITM-000285,GW-007,2026-07-21T11:00:00-04:00,LIST-002085
eBay,EB-LST-000348,EB-ITM-000348,GW-017,2026-07-21T11:00:00-04:00,LIST-002148
eBay,EB-LST-000368,EB-ITM-000368,GW-001,2026-07-21T11:00:00-04:00,LIST-002168
eBay,EB-LST-000376,EB-ITM-000376,GW-009,2026-07-21T11:00:00-04:00,LIST-002176
eBay,EB-LST-000428,EB-ITM-000428,GW-017,2026-07-21T11:00:00-04:00,LIST-002228
eBay,EB-LST-000508,EB-ITM-000508,GW-001,2026-07-21T11:00:00-04:00,LIST-002308
eBay,EB-LST-000521,EB-ITM-000521,GW-017,2026-07-21T11:00:00-04:00,LIST-002321
eBay,EB-LST-000528,EB-ITM-000528,GW-020,2026-07-21T11:00:00-04:00,LIST-002328
eBay,EB-LST-000588,EB-ITM-000588,GW-001,2026-07-21T11:00:00-04:00,LIST-002388
eBay,EB-LST-000660,EB-ITM-000660,GW-001,2026-07-21T11:00:00-04:00,LIST-002460
eBay,EB-LST-000665,EB-ITM-000665,GW-001,2026-07-21T11:00:00-04:00,LIST-002465
eBay,EB-LST-000683,EB-ITM-000683,GW-014,2026-07-21T11:00:00-04:00,LIST-002483
eBay,EB-LST-000712,EB-ITM-000712,GW-006,2026-07-21T11:00:00-04:00,LIST-002512
eBay,EB-LST-000743,EB-ITM-000743,GW-015,2026-07-21T11:00:00-04:00,LIST-002543
eBay,EB-LST-000794,EB-ITM-000794,GW-002,2026-07-21T11:00:00-04:00,LIST-002594
eBay,EB-LST-000801,EB-ITM-000801,GW-006,2026-07-21T11:00:00-04:00,LIST-002601
eBay,EB-LST-000873,EB-ITM-000873,GW-002,2026-07-21T11:00:00-04:00,LIST-002673
eBay,EB-OPEN-000178,EB-UNSOLD-000178,GW-017,2026-07-21T11:00:00-04:00,LIST-002768
ShopGoodwill,SGW-LST-000019,SGW-ITM-000019,GW-007,2026-07-21T11:00:00-04:00,LIST-000019
ShopGoodwill,SGW-LST-000122,SGW-ITM-000122,GW-022,2026-07-21T11:00:00-04:00,LIST-000122
ShopGoodwill,SGW-LST-000123,SGW-ITM-000123,GW-018,2026-07-21T11:00:00-04:00,LIST-000123
ShopGoodwill,SGW-LST-000201,SGW-ITM-000201,GW-001,2026-07-21T11:00:00-04:00,LIST-000201
ShopGoodwill,SGW-LST-000232,SGW-ITM-000232,GW-024,2026-07-21T11:00:00-04:00,LIST-000232
ShopGoodwill,SGW-LST-000267,SGW-ITM-000267,GW-012,2026-07-21T11:00:00-04:00,LIST-000267
ShopGoodwill,SGW-LST-000327,SGW-ITM-000327,GW-002,2026-07-21T11:00:00-04:00,LIST-000327
ShopGoodwill,SGW-LST-000336,SGW-ITM-000336,GW-009,2026-07-21T11:00:00-04:00,LIST-000336
ShopGoodwill,SGW-LST-000428,SGW-ITM-000428,GW-020,2026-07-21T11:00:00-04:00,LIST-000428
ShopGoodwill,SGW-LST-000504,SGW-ITM-000504,GW-004,2026-07-21T11:00:00-04:00,LIST-000504
ShopGoodwill,SGW-LST-000578,SGW-ITM-000578,GW-002,2026-07-21T11:00:00-04:00,LIST-000578
ShopGoodwill,SGW-LST-000600,SGW-ITM-000600,GW-001,2026-07-21T11:00:00-04:00,LIST-000600
ShopGoodwill,SGW-LST-000621,SGW-ITM-000621,GW-006,2026-07-21T11:00:00-04:00,LIST-000621
ShopGoodwill,SGW-LST-000628,SGW-ITM-000628,GW-016,2026-07-21T11:00:00-04:00,LIST-000628
ShopGoodwill,SGW-LST-000640,SGW-ITM-000640,GW-015,2026-07-21T11:00:00-04:00,LIST-000640
ShopGoodwill,SGW-LST-000687,SGW-ITM-000687,GW-001,2026-07-21T11:00:00-04:00,LIST-000687
ShopGoodwill,SGW-LST-000707,SGW-ITM-000707,GW-012,2026-07-21T11:00:00-04:00,LIST-000707
ShopGoodwill,SGW-LST-000754,SGW-ITM-000754,GW-016,2026-07-21T11:00:00-04:00,LIST-000754
ShopGoodwill,SGW-LST-000821,SGW-ITM-000821,GW-024,2026-07-21T11:00:00-04:00,LIST-000821
ShopGoodwill,SGW-LST-000861,SGW-ITM-000861,GW-016,2026-07-21T11:00:00-04:00,LIST-000861
ShopGoodwill,SGW-LST-000868,SGW-ITM-000868,GW-010,2026-07-21T11:00:00-04:00,LIST-000868
ShopGoodwill,SGW-LST-000910,SGW-ITM-000910,GW-012,2026-07-21T11:00:00-04:00,LIST-000910
ShopGoodwill,SGW-LST-000934,SGW-ITM-000934,GW-022,2026-07-21T11:00:00-04:00,LIST-000934
ShopGoodwill,SGW-LST-000951,SGW-ITM-000951,GW-006,2026-07-21T11:00:00-04:00,LIST-000951
ShopGoodwill,SGW-LST-001039,SGW-ITM-001039,GW-013,2026-07-21T11:00:00-04:00,LIST-001039
ShopGoodwill,SGW-LST-001048,SGW-ITM-001048,GW-010,2026-07-21T11:00:00-04:00,LIST-001048
ShopGoodwill,SGW-LST-001117,SGW-ITM-001117,GW-015,2026-07-21T11:00:00-04:00,LIST-001117
ShopGoodwill,SGW-LST-001164,SGW-ITM-001164,GW-015,2026-07-21T11:00:00-04:00,LIST-001164
ShopGoodwill,SGW-LST-001199,SGW-ITM-001199,GW-020,2026-07-21T11:00:00-04:00,LIST-001199
ShopGoodwill,SGW-LST-001282,SGW-ITM-001282,GW-009,2026-07-21T11:00:00-04:00,LIST-001282
ShopGoodwill,SGW-LST-001291,SGW-ITM-001291,GW-020,2026-07-21T11:00:00-04:00,LIST-001291
ShopGoodwill,SGW-LST-001310,SGW-ITM-001310,GW-020,2026-07-21T11:00:00-04:00,LIST-001310
ShopGoodwill,SGW-LST-001377,SGW-ITM-001377,GW-017,2026-07-21T11:00:00-04:00,LIST-001377
ShopGoodwill,SGW-LST-001397,SGW-ITM-001397,GW-020,2026-07-21T11:00:00-04:00,LIST-001397
ShopGoodwill,SGW-LST-001446,SGW-ITM-001446,GW-024,2026-07-21T11:00:00-04:00,LIST-001446
ShopGoodwill,SGW-LST-001471,SGW-ITM-001471,GW-008,2026-07-21T11:00:00-04:00,LIST-001471
ShopGoodwill,SGW-LST-001481,SGW-ITM-001481,GW-024,2026-07-21T11:00:00-04:00,LIST-001481
ShopGoodwill,SGW-LST-001494,SGW-ITM-001494,GW-017,2026-07-21T11:00:00-04:00,LIST-001494
ShopGoodwill,SGW-LST-001528,SGW-ITM-001528,GW-005,2026-07-21T11:00:00-04:00,LIST-001528
ShopGoodwill,SGW-LST-001570,SGW-ITM-001570,GW-011,2026-07-21T11:00:00-04:00,LIST-001570
ShopGoodwill,SGW-LST-001628,SGW-ITM-001628,GW-011,2026-07-21T11:00:00-04:00,LIST-001628
ShopGoodwill,SGW-LST-001734,SGW-ITM-001734,GW-004,2026-07-21T11:00:00-04:00,LIST-001734
ShopGoodwill,SGW-LST-001772,SGW-ITM-001772,GW-005,2026-07-21T11:00:00-04:00,LIST-001772
ShopGoodwill,SGW-LST-001793,SGW-ITM-001793,GW-020,2026-07-21T11:00:00-04:00,LIST-001793
ShopGoodwill,SGW-OPEN-000314,SGW-UNSOLD-000314,GW-004,2026-07-21T11:00:00-04:00,LIST-002825
ShopGoodwill,SGW-OPEN-000553,SGW-UNSOLD-000553,GW-004,2026-07-21T11:00:00-04:00,LIST-002928
ShopGoodwill,SGW-OPEN-000820,SGW-UNSOLD-000820,GW-010,2026-07-21T11:00:00-04:00,LIST-003037
ShopGoodwill,SGW-OPEN-000877,SGW-UNSOLD-000877,GW-015,2026-07-21T11:00:00-04:00,LIST-003062
ShopGoodwill,SGW-OPEN-001151,SGW-UNSOLD-001151,GW-008,2026-07-21T11:00:00-04:00,LIST-003159
ShopGoodwill,SGW-OPEN-001180,SGW-UNSOLD-001180,GW-015,2026-07-21T11:00:00-04:00,LIST-003173
eBay,EB-LST-000074,EB-ITM-000074,GW-020,2026-07-22T11:00:00-04:00,LIST-001874
eBay,EB-LST-000109,EB-ITM-000109,GW-024,2026-07-22T11:00:00-04:00,LIST-001909
eBay,EB-LST-000121,EB-ITM-000121,GW-002,2026-07-22T11:00:00-04:00,LIST-001921
eBay,EB-LST-000151,EB-ITM-000151,GW-023,2026-07-22T11:00:00-04:00,LIST-001951
eBay,EB-LST-000197,EB-ITM-000197,GW-012,2026-07-22T11:00:00-04:00,LIST-001997
eBay,EB-LST-000324,EB-ITM-000324,GW-018,2026-07-22T11:00:00-04:00,LIST-002124
eBay,EB-LST-000397,EB-ITM-000397,GW-009,2026-07-22T11:00:00-04:00,LIST-002197
eBay,EB-LST-000400,EB-ITM-000400,GW-016,2026-07-22T11:00:00-04:00,LIST-002200
eBay,EB-LST-000455,EB-ITM-000455,GW-005,2026-07-22T11:00:00-04:00,LIST-002255
eBay,EB-LST-000458,EB-ITM-000458,GW-022,2026-07-22T11:00:00-04:00,LIST-002258
eBay,EB-LST-000461,EB-ITM-000461,GW-011,2026-07-22T11:00:00-04:00,LIST-002261
eBay,EB-LST-000610,EB-ITM-000610,GW-002,2026-07-22T11:00:00-04:00,LIST-002410
eBay,EB-LST-000643,EB-ITM-000643,GW-021,2026-07-22T11:00:00-04:00,LIST-002443
eBay,EB-LST-000709,EB-ITM-000709,GW-024,2026-07-22T11:00:00-04:00,LIST-002509
eBay,EB-LST-000723,EB-ITM-000723,GW-006,2026-07-22T11:00:00-04:00,LIST-002523
eBay,EB-LST-000736,EB-ITM-000736,GW-021,2026-07-22T11:00:00-04:00,LIST-002536
eBay,EB-LST-000797,EB-ITM-000797,GW-020,2026-07-22T11:00:00-04:00,LIST-002597
eBay,EB-LST-000850,EB-ITM-000850,GW-009,2026-07-22T11:00:00-04:00,LIST-002650
eBay,EB-LST-000898,EB-ITM-000898,GW-016,2026-07-22T11:00:00-04:00,LIST-002698
eBay,EB-OPEN-000493,EB-UNSOLD-000493,GW-018,2026-07-22T11:00:00-04:00,LIST-002903
eBay,EB-OPEN-001007,EB-UNSOLD-001007,GW-021,2026-07-22T11:00:00-04:00,LIST-003104
ShopGoodwill,SGW-LST-000001,SGW-ITM-000001,GW-024,2026-07-22T11:00:00-04:00,LIST-000001
ShopGoodwill,SGW-LST-000137,SGW-ITM-000137,GW-012,2026-07-22T11:00:00-04:00,LIST-000137
ShopGoodwill,SGW-LST-000167,SGW-ITM-000167,GW-004,2026-07-22T11:00:00-04:00,LIST-000167
ShopGoodwill,SGW-LST-000220,SGW-ITM-000220,GW-014,2026-07-22T11:00:00-04:00,LIST-000220
ShopGoodwill,SGW-LST-000277,SGW-ITM-000277,GW-020,2026-07-22T11:00:00-04:00,LIST-000277
ShopGoodwill,SGW-LST-000290,SGW-ITM-000290,GW-006,2026-07-22T11:00:00-04:00,LIST-000290
ShopGoodwill,SGW-LST-000379,SGW-ITM-000379,GW-001,2026-07-22T11:00:00-04:00,LIST-000379
ShopGoodwill,SGW-LST-000401,SGW-ITM-000401,GW-012,2026-07-22T11:00:00-04:00,LIST-000401
ShopGoodwill,SGW-LST-000426,SGW-ITM-000426,GW-004,2026-07-22T11:00:00-04:00,LIST-000426
ShopGoodwill,SGW-LST-000444,SGW-ITM-000444,GW-017,2026-07-22T11:00:00-04:00,LIST-000444
ShopGoodwill,SGW-LST-000585,SGW-ITM-000585,GW-012,2026-07-22T11:00:00-04:00,LIST-000585
ShopGoodwill,SGW-LST-000611,SGW-ITM-000611,GW-005,2026-07-22T11:00:00-04:00,LIST-000611
ShopGoodwill,SGW-LST-000614,SGW-ITM-000614,GW-006,2026-07-22T11:00:00-04:00,LIST-000614
ShopGoodwill,SGW-LST-000639,SGW-ITM-000639,GW-023,2026-07-22T11:00:00-04:00,LIST-000639
ShopGoodwill,SGW-LST-000676,SGW-ITM-000676,GW-023,2026-07-22T11:00:00-04:00,LIST-000676
ShopGoodwill,SGW-LST-000724,SGW-ITM-000724,GW-004,2026-07-22T11:00:00-04:00,LIST-000724
ShopGoodwill,SGW-LST-000742,SGW-ITM-000742,GW-012,2026-07-22T11:00:00-04:00,LIST-000742
ShopGoodwill,SGW-LST-000749,SGW-ITM-000749,GW-007,2026-07-22T11:00:00-04:00,LIST-000749
ShopGoodwill,SGW-LST-000755,SGW-ITM-000755,GW-012,2026-07-22T11:00:00-04:00,LIST-000755
ShopGoodwill,SGW-LST-000761,SGW-ITM-000761,GW-021,2026-07-22T11:00:00-04:00,LIST-000761
ShopGoodwill,SGW-LST-000784,SGW-ITM-000784,GW-015,2026-07-22T11:00:00-04:00,LIST-000784
ShopGoodwill,SGW-LST-000875,SGW-ITM-000875,GW-022,2026-07-22T11:00:00-04:00,LIST-000875
ShopGoodwill,SGW-LST-000939,SGW-ITM-000939,GW-016,2026-07-22T11:00:00-04:00,LIST-000939
ShopGoodwill,SGW-LST-000975,SGW-ITM-000975,GW-012,2026-07-22T11:00:00-04:00,LIST-000975
ShopGoodwill,SGW-LST-000991,SGW-ITM-000991,GW-015,2026-07-22T11:00:00-04:00,LIST-000991
ShopGoodwill,SGW-LST-001017,SGW-ITM-001017,GW-004,2026-07-22T11:00:00-04:00,LIST-001017
ShopGoodwill,SGW-LST-001067,SGW-ITM-001067,GW-009,2026-07-22T11:00:00-04:00,LIST-001067
ShopGoodwill,SGW-LST-001094,SGW-ITM-001094,GW-011,2026-07-22T11:00:00-04:00,LIST-001094
ShopGoodwill,SGW-LST-001169,SGW-ITM-001169,GW-012,2026-07-22T11:00:00-04:00,LIST-001169
ShopGoodwill,SGW-LST-001192,SGW-ITM-001192,GW-001,2026-07-22T11:00:00-04:00,LIST-001192
ShopGoodwill,SGW-LST-001250,SGW-ITM-001250,GW-011,2026-07-22T11:00:00-04:00,LIST-001250
ShopGoodwill,SGW-LST-001258,SGW-ITM-001258,GW-024,2026-07-22T11:00:00-04:00,LIST-001258
ShopGoodwill,SGW-LST-001321,SGW-ITM-001321,GW-019,2026-07-22T11:00:00-04:00,LIST-001321
ShopGoodwill,SGW-LST-001322,SGW-ITM-001322,GW-008,2026-07-22T11:00:00-04:00,LIST-001322
ShopGoodwill,SGW-LST-001378,SGW-ITM-001378,GW-017,2026-07-22T11:00:00-04:00,LIST-001378
ShopGoodwill,SGW-LST-001424,SGW-ITM-001424,GW-004,2026-07-22T11:00:00-04:00,LIST-001424
ShopGoodwill,SGW-LST-001536,SGW-ITM-001536,GW-008,2026-07-22T11:00:00-04:00,LIST-001536
ShopGoodwill,SGW-LST-001623,SGW-ITM-001623,GW-004,2026-07-22T11:00:00-04:00,LIST-001623
ShopGoodwill,SGW-LST-001698,SGW-ITM-001698,GW-001,2026-07-22T11:00:00-04:00,LIST-001698
ShopGoodwill,SGW-LST-001735,SGW-ITM-001735,GW-016,2026-07-22T11:00:00-04:00,LIST-001735
ShopGoodwill,SGW-LST-001755,SGW-ITM-001755,GW-009,2026-07-22T11:00:00-04:00,LIST-001755
ShopGoodwill,SGW-LST-001781,SGW-ITM-001781,GW-006,2026-07-22T11:00:00-04:00,LIST-001781
ShopGoodwill,SGW-OPEN-000101,SGW-UNSOLD-000101,GW-002,2026-07-22T11:00:00-04:00,LIST-002739
ShopGoodwill,SGW-OPEN-000526,SGW-UNSOLD-000526,GW-017,2026-07-22T11:00:00-04:00,LIST-002922
ShopGoodwill,SGW-OPEN-000779,SGW-UNSOLD-000779,GW-018,2026-07-22T11:00:00-04:00,LIST-003022
ShopGoodwill,SGW-OPEN-000830,SGW-UNSOLD-000830,GW-014,2026-07-22T11:00:00-04:00,LIST-003043
ShopGoodwill,SGW-OPEN-001106,SGW-UNSOLD-001106,GW-005,2026-07-22T11:00:00-04:00,LIST-003144
eBay,EB-LST-000021,EB-ITM-000021,GW-014,2026-07-23T11:00:00-04:00,LIST-001821
eBay,EB-LST-000022,EB-ITM-000022,GW-009,2026-07-23T11:00:00-04:00,LIST-001822
eBay,EB-LST-000026,EB-ITM-000026,GW-024,2026-07-23T11:00:00-04:00,LIST-001826
eBay,EB-LST-000038,EB-ITM-000038,GW-021,2026-07-23T11:00:00-04:00,LIST-001838
eBay,EB-LST-000129,EB-ITM-000129,GW-022,2026-07-23T11:00:00-04:00,LIST-001929
eBay,EB-LST-000133,EB-ITM-000133,GW-016,2026-07-23T11:00:00-04:00,LIST-001933
eBay,EB-LST-000180,EB-ITM-000180,GW-017,2026-07-23T11:00:00-04:00,LIST-001980
eBay,EB-LST-000200,EB-ITM-000200,GW-008,2026-07-23T11:00:00-04:00,LIST-002000
eBay,EB-LST-000312,EB-ITM-000312,GW-014,2026-07-23T11:00:00-04:00,LIST-002112
eBay,EB-LST-000339,EB-ITM-000339,GW-014,2026-07-23T11:00:00-04:00,LIST-002139
eBay,EB-LST-000349,EB-ITM-000349,GW-008,2026-07-23T11:00:00-04:00,LIST-002149
eBay,EB-LST-000411,EB-ITM-000411,GW-017,2026-07-23T11:00:00-04:00,LIST-002211
eBay,EB-LST-000436,EB-ITM-000436,GW-008,2026-07-23T11:00:00-04:00,LIST-002236
eBay,EB-LST-000470,EB-ITM-000470,GW-018,2026-07-23T11:00:00-04:00,LIST-002270
eBay,EB-LST-000496,EB-ITM-000496,GW-010,2026-07-23T11:00:00-04:00,LIST-002296
eBay,EB-LST-000543,EB-ITM-000543,GW-001,2026-07-23T11:00:00-04:00,LIST-002343
eBay,EB-LST-000570,EB-ITM-000570,GW-014,2026-07-23T11:00:00-04:00,LIST-002370
eBay,EB-LST-000627,EB-ITM-000627,GW-008,2026-07-23T11:00:00-04:00,LIST-002427
eBay,EB-LST-000631,EB-ITM-000631,GW-013,2026-07-23T11:00:00-04:00,LIST-002431
eBay,EB-LST-000645,EB-ITM-000645,GW-016,2026-07-23T11:00:00-04:00,LIST-002445
eBay,EB-LST-000672,EB-ITM-000672,GW-004,2026-07-23T11:00:00-04:00,LIST-002472
eBay,EB-LST-000691,EB-ITM-000691,GW-010,2026-07-23T11:00:00-04:00,LIST-002491
eBay,EB-LST-000706,EB-ITM-000706,GW-020,2026-07-23T11:00:00-04:00,LIST-002506
eBay,EB-LST-000892,EB-ITM-000892,GW-006,2026-07-23T11:00:00-04:00,LIST-002692
ShopGoodwill,SGW-LST-000009,SGW-ITM-000009,GW-012,2026-07-23T11:00:00-04:00,LIST-000009
ShopGoodwill,SGW-LST-000039,SGW-ITM-000039,GW-013,2026-07-23T11:00:00-04:00,LIST-000039
ShopGoodwill,SGW-LST-000102,SGW-ITM-000102,GW-016,2026-07-23T11:00:00-04:00,LIST-000102
ShopGoodwill,SGW-LST-000127,SGW-ITM-000127,GW-018,2026-07-23T11:00:00-04:00,LIST-000127
ShopGoodwill,SGW-LST-000164,SGW-ITM-000164,GW-003,2026-07-23T11:00:00-04:00,LIST-000164
ShopGoodwill,SGW-LST-000205,SGW-ITM-000205,GW-008,2026-07-23T11:00:00-04:00,LIST-000205
ShopGoodwill,SGW-LST-000218,SGW-ITM-000218,GW-007,2026-07-23T11:00:00-04:00,LIST-000218
ShopGoodwill,SGW-LST-000252,SGW-ITM-000252,GW-016,2026-07-23T11:00:00-04:00,LIST-000252
ShopGoodwill,SGW-LST-000254,SGW-ITM-000254,GW-022,2026-07-23T11:00:00-04:00,LIST-000254
ShopGoodwill,SGW-LST-000260,SGW-ITM-000260,GW-004,2026-07-23T11:00:00-04:00,LIST-000260
ShopGoodwill,SGW-LST-000272,SGW-ITM-000272,GW-024,2026-07-23T11:00:00-04:00,LIST-000272
ShopGoodwill,SGW-LST-000281,SGW-ITM-000281,GW-006,2026-07-23T11:00:00-04:00,LIST-000281
ShopGoodwill,SGW-LST-000321,SGW-ITM-000321,GW-001,2026-07-23T11:00:00-04:00,LIST-000321
ShopGoodwill,SGW-LST-000328,SGW-ITM-000328,GW-014,2026-07-23T11:00:00-04:00,LIST-000328
ShopGoodwill,SGW-LST-000529,SGW-ITM-000529,GW-020,2026-07-23T11:00:00-04:00,LIST-000529
ShopGoodwill,SGW-LST-000547,SGW-ITM-000547,GW-012,2026-07-23T11:00:00-04:00,LIST-000547
ShopGoodwill,SGW-LST-000622,SGW-ITM-000622,GW-010,2026-07-23T11:00:00-04:00,LIST-000622
ShopGoodwill,SGW-LST-000625,SGW-ITM-000625,GW-002,2026-07-23T11:00:00-04:00,LIST-000625
ShopGoodwill,SGW-LST-000672,SGW-ITM-000672,GW-015,2026-07-23T11:00:00-04:00,LIST-000672
ShopGoodwill,SGW-LST-000679,SGW-ITM-000679,GW-003,2026-07-23T11:00:00-04:00,LIST-000679
ShopGoodwill,SGW-LST-000750,SGW-ITM-000750,GW-023,2026-07-23T11:00:00-04:00,LIST-000750
ShopGoodwill,SGW-LST-000928,SGW-ITM-000928,GW-024,2026-07-23T11:00:00-04:00,LIST-000928
ShopGoodwill,SGW-LST-000942,SGW-ITM-000942,GW-019,2026-07-23T11:00:00-04:00,LIST-000942
ShopGoodwill,SGW-LST-000957,SGW-ITM-000957,GW-002,2026-07-23T11:00:00-04:00,LIST-000957
ShopGoodwill,SGW-LST-001084,SGW-ITM-001084,GW-001,2026-07-23T11:00:00-04:00,LIST-001084
ShopGoodwill,SGW-LST-001128,SGW-ITM-001128,GW-008,2026-07-23T11:00:00-04:00,LIST-001128
ShopGoodwill,SGW-LST-001136,SGW-ITM-001136,GW-024,2026-07-23T11:00:00-04:00,LIST-001136
ShopGoodwill,SGW-LST-001156,SGW-ITM-001156,GW-016,2026-07-23T11:00:00-04:00,LIST-001156
ShopGoodwill,SGW-LST-001305,SGW-ITM-001305,GW-020,2026-07-23T11:00:00-04:00,LIST-001305
ShopGoodwill,SGW-LST-001342,SGW-ITM-001342,GW-004,2026-07-23T11:00:00-04:00,LIST-001342
ShopGoodwill,SGW-LST-001357,SGW-ITM-001357,GW-011,2026-07-23T11:00:00-04:00,LIST-001357
ShopGoodwill,SGW-LST-001400,SGW-ITM-001400,GW-009,2026-07-23T11:00:00-04:00,LIST-001400
ShopGoodwill,SGW-LST-001422,SGW-ITM-001422,GW-004,2026-07-23T11:00:00-04:00,LIST-001422
ShopGoodwill,SGW-LST-001460,SGW-ITM-001460,GW-014,2026-07-23T11:00:00-04:00,LIST-001460
ShopGoodwill,SGW-LST-001470,SGW-ITM-001470,GW-010,2026-07-23T11:00:00-04:00,LIST-001470
ShopGoodwill,SGW-LST-001502,SGW-ITM-001502,GW-024,2026-07-23T11:00:00-04:00,LIST-001502
ShopGoodwill,SGW-LST-001523,SGW-ITM-001523,GW-001,2026-07-23T11:00:00-04:00,LIST-001523
ShopGoodwill,SGW-LST-001532,SGW-ITM-001532,GW-022,2026-07-23T11:00:00-04:00,LIST-001532
ShopGoodwill,SGW-LST-001559,SGW-ITM-001559,GW-005,2026-07-23T11:00:00-04:00,LIST-001559
ShopGoodwill,SGW-LST-001587,SGW-ITM-001587,GW-021,2026-07-23T11:00:00-04:00,LIST-001587
ShopGoodwill,SGW-LST-001632,SGW-ITM-001632,GW-014,2026-07-23T11:00:00-04:00,LIST-001632
ShopGoodwill,SGW-LST-001712,SGW-ITM-001712,GW-022,2026-07-23T11:00:00-04:00,LIST-001712
ShopGoodwill,SGW-LST-001758,SGW-ITM-001758,GW-007,2026-07-23T11:00:00-04:00,LIST-001758
ShopGoodwill,SGW-LST-001762,SGW-ITM-001762,GW-017,2026-07-23T11:00:00-04:00,LIST-001762
ShopGoodwill,SGW-LST-001788,SGW-ITM-001788,GW-018,2026-07-23T11:00:00-04:00,LIST-001788
ShopGoodwill,SGW-OPEN-000225,SGW-UNSOLD-000225,GW-018,2026-07-23T11:00:00-04:00,LIST-002788
ShopGoodwill,SGW-OPEN-000652,SGW-UNSOLD-000652,GW-018,2026-07-23T11:00:00-04:00,LIST-002971
ShopGoodwill,SGW-OPEN-000765,SGW-UNSOLD-000765,GW-018,2026-07-23T11:00:00-04:00,LIST-003017
ShopGoodwill,SGW-OPEN-000900,SGW-UNSOLD-000900,GW-008,2026-07-23T11:00:00-04:00,LIST-003073
ShopGoodwill,SGW-OPEN-000939,SGW-UNSOLD-000939,GW-011,2026-07-23T11:00:00-04:00,LIST-003084
ShopGoodwill,SGW-OPEN-001012,SGW-UNSOLD-001012,GW-007,2026-07-23T11:00:00-04:00,LIST-003105
eBay,EB-LST-000003,EB-ITM-000003,GW-022,2026-07-24T11:00:00-04:00,LIST-001803
eBay,EB-LST-000017,EB-ITM-000017,GW-009,2026-07-24T11:00:00-04:00,LIST-001817
eBay,EB-LST-000047,EB-ITM-000047,GW-024,2026-07-24T11:00:00-04:00,LIST-001847
eBay,EB-LST-000122,EB-ITM-000122,GW-001,2026-07-24T11:00:00-04:00,LIST-001922
eBay,EB-LST-000128,EB-ITM-000128,GW-001,2026-07-24T11:00:00-04:00,LIST-001928
eBay,EB-LST-000160,EB-ITM-000160,GW-013,2026-07-24T11:00:00-04:00,LIST-001960
eBay,EB-LST-000169,EB-ITM-000169,GW-015,2026-07-24T11:00:00-04:00,LIST-001969
eBay,EB-LST-000171,EB-ITM-000171,GW-020,2026-07-24T11:00:00-04:00,LIST-001971
eBay,EB-LST-000240,EB-ITM-000240,GW-017,2026-07-24T11:00:00-04:00,LIST-002040
eBay,EB-LST-000263,EB-ITM-000263,GW-002,2026-07-24T11:00:00-04:00,LIST-002063
eBay,EB-LST-000484,EB-ITM-000484,GW-024,2026-07-24T11:00:00-04:00,LIST-002284
eBay,EB-LST-000489,EB-ITM-000489,GW-021,2026-07-24T11:00:00-04:00,LIST-002289
eBay,EB-LST-000499,EB-ITM-000499,GW-006,2026-07-24T11:00:00-04:00,LIST-002299
eBay,EB-LST-000571,EB-ITM-000571,GW-018,2026-07-24T11:00:00-04:00,LIST-002371
eBay,EB-LST-000575,EB-ITM-000575,GW-019,2026-07-24T11:00:00-04:00,LIST-002375
eBay,EB-LST-000606,EB-ITM-000606,GW-003,2026-07-24T11:00:00-04:00,LIST-002406
eBay,EB-LST-000612,EB-ITM-000612,GW-007,2026-07-24T11:00:00-04:00,LIST-002412
eBay,EB-LST-000731,EB-ITM-000731,GW-016,2026-07-24T11:00:00-04:00,LIST-002531
eBay,EB-LST-000757,EB-ITM-000757,GW-006,2026-07-24T11:00:00-04:00,LIST-002557
eBay,EB-LST-000782,EB-ITM-000782,GW-010,2026-07-24T11:00:00-04:00,LIST-002582
eBay,EB-LST-000785,EB-ITM-000785,GW-017,2026-07-24T11:00:00-04:00,LIST-002585
eBay,EB-LST-000863,EB-ITM-000863,GW-003,2026-07-24T11:00:00-04:00,LIST-002663
eBay,EB-LST-000881,EB-ITM-000881,GW-020,2026-07-24T11:00:00-04:00,LIST-002681
eBay,EB-OPEN-000837,EB-UNSOLD-000837,GW-005,2026-07-24T11:00:00-04:00,LIST-003047
eBay,EB-OPEN-001161,EB-UNSOLD-001161,GW-024,2026-07-24T11:00:00-04:00,LIST-003164
ShopGoodwill,SGW-LST-000040,SGW-ITM-000040,GW-001,2026-07-24T11:00:00-04:00,LIST-000040
ShopGoodwill,SGW-LST-000076,SGW-ITM-000076,GW-005,2026-07-24T11:00:00-04:00,LIST-000076
ShopGoodwill,SGW-LST-000092,SGW-ITM-000092,GW-015,2026-07-24T11:00:00-04:00,LIST-000092
ShopGoodwill,SGW-LST-000128,SGW-ITM-000128,GW-003,2026-07-24T11:00:00-04:00,LIST-000128
ShopGoodwill,SGW-LST-000136,SGW-ITM-000136,GW-022,2026-07-24T11:00:00-04:00,LIST-000136
ShopGoodwill,SGW-LST-000173,SGW-ITM-000173,GW-001,2026-07-24T11:00:00-04:00,LIST-000173
ShopGoodwill,SGW-LST-000209,SGW-ITM-000209,GW-007,2026-07-24T11:00:00-04:00,LIST-000209
ShopGoodwill,SGW-LST-000213,SGW-ITM-000213,GW-018,2026-07-24T11:00:00-04:00,LIST-000213
ShopGoodwill,SGW-LST-000289,SGW-ITM-000289,GW-012,2026-07-24T11:00:00-04:00,LIST-000289
ShopGoodwill,SGW-LST-000296,SGW-ITM-000296,GW-017,2026-07-24T11:00:00-04:00,LIST-000296
ShopGoodwill,SGW-LST-000330,SGW-ITM-000330,GW-011,2026-07-24T11:00:00-04:00,LIST-000330
ShopGoodwill,SGW-LST-000342,SGW-ITM-000342,GW-008,2026-07-24T11:00:00-04:00,LIST-000342
ShopGoodwill,SGW-LST-000370,SGW-ITM-000370,GW-012,2026-07-24T11:00:00-04:00,LIST-000370
ShopGoodwill,SGW-LST-000419,SGW-ITM-000419,GW-001,2026-07-24T11:00:00-04:00,LIST-000419
ShopGoodwill,SGW-LST-000451,SGW-ITM-000451,GW-006,2026-07-24T11:00:00-04:00,LIST-000451
ShopGoodwill,SGW-LST-000492,SGW-ITM-000492,GW-012,2026-07-24T11:00:00-04:00,LIST-000492
ShopGoodwill,SGW-LST-000525,SGW-ITM-000525,GW-009,2026-07-24T11:00:00-04:00,LIST-000525
ShopGoodwill,SGW-LST-000528,SGW-ITM-000528,GW-002,2026-07-24T11:00:00-04:00,LIST-000528
ShopGoodwill,SGW-LST-000560,SGW-ITM-000560,GW-016,2026-07-24T11:00:00-04:00,LIST-000560
ShopGoodwill,SGW-LST-000576,SGW-ITM-000576,GW-006,2026-07-24T11:00:00-04:00,LIST-000576
ShopGoodwill,SGW-LST-000582,SGW-ITM-000582,GW-009,2026-07-24T11:00:00-04:00,LIST-000582
ShopGoodwill,SGW-LST-000636,SGW-ITM-000636,GW-012,2026-07-24T11:00:00-04:00,LIST-000636
ShopGoodwill,SGW-LST-000688,SGW-ITM-000688,GW-002,2026-07-24T11:00:00-04:00,LIST-000688
ShopGoodwill,SGW-LST-000762,SGW-ITM-000762,GW-010,2026-07-24T11:00:00-04:00,LIST-000762
ShopGoodwill,SGW-LST-000765,SGW-ITM-000765,GW-017,2026-07-24T11:00:00-04:00,LIST-000765
ShopGoodwill,SGW-LST-000766,SGW-ITM-000766,GW-020,2026-07-24T11:00:00-04:00,LIST-000766
ShopGoodwill,SGW-LST-000774,SGW-ITM-000774,GW-005,2026-07-24T11:00:00-04:00,LIST-000774
ShopGoodwill,SGW-LST-000829,SGW-ITM-000829,GW-019,2026-07-24T11:00:00-04:00,LIST-000829
ShopGoodwill,SGW-LST-000832,SGW-ITM-000832,GW-008,2026-07-24T11:00:00-04:00,LIST-000832
ShopGoodwill,SGW-LST-000844,SGW-ITM-000844,,2026-07-24T11:00:00-04:00,LIST-000844
ShopGoodwill,SGW-LST-000850,SGW-ITM-000850,GW-002,2026-07-24T11:00:00-04:00,LIST-000850
ShopGoodwill,SGW-LST-000855,SGW-ITM-000855,GW-016,2026-07-24T11:00:00-04:00,LIST-000855
ShopGoodwill,SGW-LST-000927,SGW-ITM-000927,GW-020,2026-07-24T11:00:00-04:00,LIST-000927
ShopGoodwill,SGW-LST-000962,SGW-ITM-000962,GW-023,2026-07-24T11:00:00-04:00,LIST-000962
ShopGoodwill,SGW-LST-001013,SGW-ITM-001013,GW-002,2026-07-24T11:00:00-04:00,LIST-001013
ShopGoodwill,SGW-LST-001118,SGW-ITM-001118,GW-004,2026-07-24T11:00:00-04:00,LIST-001118
ShopGoodwill,SGW-LST-001194,SGW-ITM-001194,GW-005,2026-07-24T11:00:00-04:00,LIST-001194
ShopGoodwill,SGW-LST-001197,SGW-ITM-001197,GW-015,2026-07-24T11:00:00-04:00,LIST-001197
ShopGoodwill,SGW-LST-001227,SGW-ITM-001227,GW-015,2026-07-24T11:00:00-04:00,LIST-001227
ShopGoodwill,SGW-LST-001276,SGW-ITM-001276,GW-012,2026-07-24T11:00:00-04:00,LIST-001276
ShopGoodwill,SGW-LST-001285,SGW-ITM-001285,GW-022,2026-07-24T11:00:00-04:00,LIST-001285
ShopGoodwill,SGW-LST-001364,SGW-ITM-001364,GW-011,2026-07-24T11:00:00-04:00,LIST-001364
ShopGoodwill,SGW-LST-001399,SGW-ITM-001399,GW-017,2026-07-24T11:00:00-04:00,LIST-001399
ShopGoodwill,SGW-LST-001426,SGW-ITM-001426,GW-014,2026-07-24T11:00:00-04:00,LIST-001426
ShopGoodwill,SGW-LST-001453,SGW-ITM-001453,GW-010,2026-07-24T11:00:00-04:00,LIST-001453
ShopGoodwill,SGW-LST-001482,SGW-ITM-001482,GW-024,2026-07-24T11:00:00-04:00,LIST-001482
ShopGoodwill,SGW-LST-001515,SGW-ITM-001515,GW-001,2026-07-24T11:00:00-04:00,LIST-001515
ShopGoodwill,SGW-LST-001597,SGW-ITM-001597,GW-011,2026-07-24T11:00:00-04:00,LIST-001597
ShopGoodwill,SGW-LST-001638,SGW-ITM-001638,GW-006,2026-07-24T11:00:00-04:00,LIST-001638
ShopGoodwill,SGW-LST-001644,SGW-ITM-001644,GW-002,2026-07-24T11:00:00-04:00,LIST-001644
ShopGoodwill,SGW-LST-001696,SGW-ITM-001696,GW-008,2026-07-24T11:00:00-04:00,LIST-001696
ShopGoodwill,SGW-LST-001709,SGW-ITM-001709,GW-006,2026-07-24T11:00:00-04:00,LIST-001709
ShopGoodwill,SGW-LST-001741,SGW-ITM-001741,GW-016,2026-07-24T11:00:00-04:00,LIST-001741
ShopGoodwill,SGW-LST-001792,SGW-ITM-001792,GW-004,2026-07-24T11:00:00-04:00,LIST-001792
ShopGoodwill,SGW-LST-001800,SGW-ITM-001800,GW-002,2026-07-24T11:00:00-04:00,LIST-001800
ShopGoodwill,SGW-OPEN-000741,SGW-UNSOLD-000741,GW-005,2026-07-24T11:00:00-04:00,LIST-003007
eBay,EB-LST-000057,EB-ITM-000057,GW-009,2026-07-25T11:00:00-04:00,LIST-001857
eBay,EB-LST-000157,EB-ITM-000157,GW-009,2026-07-25T11:00:00-04:00,LIST-001957
eBay,EB-LST-000268,EB-ITM-000268,GW-004,2026-07-25T11:00:00-04:00,LIST-002068
eBay,EB-LST-000315,EB-ITM-000315,GW-007,2026-07-25T11:00:00-04:00,LIST-002115
eBay,EB-LST-000327,EB-ITM-000327,GW-016,2026-07-25T11:00:00-04:00,LIST-002127
eBay,EB-LST-000430,EB-ITM-000430,GW-011,2026-07-25T11:00:00-04:00,LIST-002230
eBay,EB-LST-000437,EB-ITM-000437,GW-007,2026-07-25T11:00:00-04:00,LIST-002237
eBay,EB-LST-000443,EB-ITM-000443,GW-001,2026-07-25T11:00:00-04:00,LIST-002243
eBay,EB-LST-000479,EB-ITM-000479,GW-022,2026-07-25T11:00:00-04:00,LIST-002279
eBay,EB-LST-000481,EB-ITM-000481,GW-002,2026-07-25T11:00:00-04:00,LIST-002281
eBay,EB-LST-000519,EB-ITM-000519,GW-005,2026-07-25T11:00:00-04:00,LIST-002319
eBay,EB-LST-000550,EB-ITM-000550,GW-015,2026-07-25T11:00:00-04:00,LIST-002350
eBay,EB-LST-000633,EB-ITM-000633,GW-004,2026-07-25T11:00:00-04:00,LIST-002433
eBay,EB-LST-000639,EB-ITM-000639,GW-004,2026-07-25T11:00:00-04:00,LIST-002439
eBay,EB-LST-000800,EB-ITM-000800,GW-016,2026-07-25T11:00:00-04:00,LIST-002600
eBay,EB-LST-000804,EB-ITM-000804,GW-018,2026-07-25T11:00:00-04:00,LIST-002604
eBay,EB-LST-000818,EB-ITM-000818,GW-023,2026-07-25T11:00:00-04:00,LIST-002618
eBay,EB-LST-000839,EB-ITM-000839,GW-013,2026-07-25T11:00:00-04:00,LIST-002639
eBay,EB-LST-000864,EB-ITM-000864,GW-020,2026-07-25T11:00:00-04:00,LIST-002664
eBay,EB-OPEN-000320,EB-UNSOLD-000320,GW-006,2026-07-25T11:00:00-04:00,LIST-002829
ShopGoodwill,SGW-LST-000054,SGW-ITM-000054,GW-005,2026-07-25T11:00:00-04:00,LIST-000054
ShopGoodwill,SGW-LST-000155,SGW-ITM-000155,GW-004,2026-07-25T11:00:00-04:00,LIST-000155
ShopGoodwill,SGW-LST-000162,SGW-ITM-000162,GW-022,2026-07-25T11:00:00-04:00,LIST-000162
ShopGoodwill,SGW-LST-000274,SGW-ITM-000274,GW-004,2026-07-25T11:00:00-04:00,LIST-000274
ShopGoodwill,SGW-LST-000329,SGW-ITM-000329,GW-014,2026-07-25T11:00:00-04:00,LIST-000329
ShopGoodwill,SGW-LST-000343,SGW-ITM-000343,GW-010,2026-07-25T11:00:00-04:00,LIST-000343
ShopGoodwill,SGW-LST-000358,SGW-ITM-000358,GW-018,2026-07-25T11:00:00-04:00,LIST-000358
ShopGoodwill,SGW-LST-000359,SGW-ITM-000359,GW-004,2026-07-25T11:00:00-04:00,LIST-000359
ShopGoodwill,SGW-LST-000406,SGW-ITM-000406,GW-016,2026-07-25T11:00:00-04:00,LIST-000406
ShopGoodwill,SGW-LST-000415,SGW-ITM-000415,GW-018,2026-07-25T11:00:00-04:00,LIST-000415
ShopGoodwill,SGW-LST-000416,SGW-ITM-000416,GW-015,2026-07-25T11:00:00-04:00,LIST-000416
ShopGoodwill,SGW-LST-000472,SGW-ITM-000472,GW-002,2026-07-25T11:00:00-04:00,LIST-000472
ShopGoodwill,SGW-LST-000473,SGW-ITM-000473,GW-009,2026-07-25T11:00:00-04:00,LIST-000473
ShopGoodwill,SGW-LST-000577,SGW-ITM-000577,GW-024,2026-07-25T11:00:00-04:00,LIST-000577
ShopGoodwill,SGW-LST-000604,SGW-ITM-000604,GW-011,2026-07-25T11:00:00-04:00,LIST-000604
ShopGoodwill,SGW-LST-000657,SGW-ITM-000657,GW-012,2026-07-25T11:00:00-04:00,LIST-000657
ShopGoodwill,SGW-LST-000732,SGW-ITM-000732,GW-023,2026-07-25T11:00:00-04:00,LIST-000732
ShopGoodwill,SGW-LST-000825,SGW-ITM-000825,GW-009,2026-07-25T11:00:00-04:00,LIST-000825
ShopGoodwill,SGW-LST-000836,SGW-ITM-000836,GW-002,2026-07-25T11:00:00-04:00,LIST-000836
ShopGoodwill,SGW-LST-000840,SGW-ITM-000840,GW-020,2026-07-25T11:00:00-04:00,LIST-000840
ShopGoodwill,SGW-LST-000849,SGW-ITM-000849,GW-019,2026-07-25T11:00:00-04:00,LIST-000849
ShopGoodwill,SGW-LST-000870,SGW-ITM-000870,GW-016,2026-07-25T11:00:00-04:00,LIST-000870
ShopGoodwill,SGW-LST-000901,SGW-ITM-000901,GW-011,2026-07-25T11:00:00-04:00,LIST-000901
ShopGoodwill,SGW-LST-000953,SGW-ITM-000953,GW-024,2026-07-25T11:00:00-04:00,LIST-000953
ShopGoodwill,SGW-LST-000987,SGW-ITM-000987,GW-019,2026-07-25T11:00:00-04:00,LIST-000987
ShopGoodwill,SGW-LST-001020,SGW-ITM-001020,GW-012,2026-07-25T11:00:00-04:00,LIST-001020
ShopGoodwill,SGW-LST-001045,SGW-ITM-001045,GW-019,2026-07-25T11:00:00-04:00,LIST-001045
ShopGoodwill,SGW-LST-001051,SGW-ITM-001051,GW-021,2026-07-25T11:00:00-04:00,LIST-001051
ShopGoodwill,SGW-LST-001058,SGW-ITM-001058,GW-018,2026-07-25T11:00:00-04:00,LIST-001058
ShopGoodwill,SGW-LST-001090,SGW-ITM-001090,GW-001,2026-07-25T11:00:00-04:00,LIST-001090
ShopGoodwill,SGW-LST-001147,SGW-ITM-001147,GW-020,2026-07-25T11:00:00-04:00,LIST-001147
ShopGoodwill,SGW-LST-001193,SGW-ITM-001193,GW-003,2026-07-25T11:00:00-04:00,LIST-001193
ShopGoodwill,SGW-LST-001219,SGW-ITM-001219,GW-012,2026-07-25T11:00:00-04:00,LIST-001219
ShopGoodwill,SGW-LST-001273,SGW-ITM-001273,GW-010,2026-07-25T11:00:00-04:00,LIST-001273
ShopGoodwill,SGW-LST-001351,SGW-ITM-001351,GW-007,2026-07-25T11:00:00-04:00,LIST-001351
ShopGoodwill,SGW-LST-001388,SGW-ITM-001388,GW-012,2026-07-25T11:00:00-04:00,LIST-001388
ShopGoodwill,SGW-LST-001408,SGW-ITM-001408,GW-021,2026-07-25T11:00:00-04:00,LIST-001408
ShopGoodwill,SGW-LST-001507,SGW-ITM-001507,GW-012,2026-07-25T11:00:00-04:00,LIST-001507
ShopGoodwill,SGW-LST-001524,SGW-ITM-001524,GW-023,2026-07-25T11:00:00-04:00,LIST-001524
ShopGoodwill,SGW-LST-001594,SGW-ITM-001594,GW-013,2026-07-25T11:00:00-04:00,LIST-001594
ShopGoodwill,SGW-LST-001616,SGW-ITM-001616,GW-004,2026-07-25T11:00:00-04:00,LIST-001616
ShopGoodwill,SGW-LST-001627,SGW-ITM-001627,GW-022,2026-07-25T11:00:00-04:00,LIST-001627
ShopGoodwill,SGW-LST-001652,SGW-ITM-001652,GW-018,2026-07-25T11:00:00-04:00,LIST-001652
ShopGoodwill,SGW-LST-001686,SGW-ITM-001686,GW-017,2026-07-25T11:00:00-04:00,LIST-001686
ShopGoodwill,SGW-OPEN-000248,SGW-UNSOLD-000248,GW-008,2026-07-25T11:00:00-04:00,LIST-002799
ShopGoodwill,SGW-OPEN-000457,SGW-UNSOLD-000457,GW-001,2026-07-25T11:00:00-04:00,LIST-002883
ShopGoodwill,SGW-OPEN-000511,SGW-UNSOLD-000511,GW-011,2026-07-25T11:00:00-04:00,LIST-002913
ShopGoodwill,SGW-OPEN-000576,SGW-UNSOLD-000576,GW-001,2026-07-25T11:00:00-04:00,LIST-002941
ShopGoodwill,SGW-OPEN-000713,SGW-UNSOLD-000713,GW-009,2026-07-25T11:00:00-04:00,LIST-002994
eBay,EB-LST-000032,EB-ITM-000032,GW-009,2026-07-26T11:00:00-04:00,LIST-001832
eBay,EB-LST-000056,EB-ITM-000056,GW-002,2026-07-26T11:00:00-04:00,LIST-001856
eBay,EB-LST-000082,EB-ITM-000082,GW-004,2026-07-26T11:00:00-04:00,LIST-001882
eBay,EB-LST-000196,EB-ITM-000196,GW-022,2026-07-26T11:00:00-04:00,LIST-001996
eBay,EB-LST-000215,EB-ITM-000215,GW-012,2026-07-26T11:00:00-04:00,LIST-002015
eBay,EB-LST-000227,EB-ITM-000227,GW-021,2026-07-26T11:00:00-04:00,LIST-002027
eBay,EB-LST-000246,EB-ITM-000246,GW-016,2026-07-26T11:00:00-04:00,LIST-002046
eBay,EB-LST-000265,EB-ITM-000265,GW-011,2026-07-26T11:00:00-04:00,LIST-002065
eBay,EB-LST-000283,EB-ITM-000283,GW-024,2026-07-26T11:00:00-04:00,LIST-002083
eBay,EB-LST-000293,EB-ITM-000293,GW-007,2026-07-26T11:00:00-04:00,LIST-002093
eBay,EB-LST-000334,EB-ITM-000334,GW-008,2026-07-26T11:00:00-04:00,LIST-002134
eBay,EB-LST-000516,EB-ITM-000516,GW-016,2026-07-26T11:00:00-04:00,LIST-002316
eBay,EB-LST-000582,EB-ITM-000582,GW-016,2026-07-26T11:00:00-04:00,LIST-002382
eBay,EB-LST-000637,EB-ITM-000637,GW-017,2026-07-26T11:00:00-04:00,LIST-002437
eBay,EB-LST-000685,EB-ITM-000685,GW-001,2026-07-26T11:00:00-04:00,LIST-002485
eBay,EB-LST-000699,EB-ITM-000699,GW-010,2026-07-26T11:00:00-04:00,LIST-002499
eBay,EB-LST-000702,EB-ITM-000702,GW-011,2026-07-26T11:00:00-04:00,LIST-002502
eBay,EB-LST-000714,EB-ITM-000714,GW-006,2026-07-26T11:00:00-04:00,LIST-002514
eBay,EB-LST-000722,EB-ITM-000722,GW-012,2026-07-26T11:00:00-04:00,LIST-002522
eBay,EB-LST-000763,EB-ITM-000763,GW-010,2026-07-26T11:00:00-04:00,LIST-002563
eBay,EB-LST-000793,EB-ITM-000793,GW-015,2026-07-26T11:00:00-04:00,LIST-002593
eBay,EB-LST-000808,EB-ITM-000808,GW-004,2026-07-26T11:00:00-04:00,LIST-002608
eBay,EB-LST-000836,EB-ITM-000836,GW-024,2026-07-26T11:00:00-04:00,LIST-002636
eBay,EB-LST-000849,EB-ITM-000849,GW-002,2026-07-26T11:00:00-04:00,LIST-002649
eBay,EB-LST-000880,EB-ITM-000880,GW-005,2026-07-26T11:00:00-04:00,LIST-002680
ShopGoodwill,SGW-LST-000010,SGW-ITM-000010,GW-014,2026-07-26T11:00:00-04:00,LIST-000010
ShopGoodwill,SGW-LST-000059,SGW-ITM-000059,GW-020,2026-07-26T11:00:00-04:00,LIST-000059
ShopGoodwill,SGW-LST-000062,SGW-ITM-000062,GW-015,2026-07-26T11:00:00-04:00,LIST-000062
ShopGoodwill,SGW-LST-000077,SGW-ITM-000077,GW-002,2026-07-26T11:00:00-04:00,LIST-000077
ShopGoodwill,SGW-LST-000090,SGW-ITM-000090,GW-011,2026-07-26T11:00:00-04:00,LIST-000090
ShopGoodwill,SGW-LST-000093,SGW-ITM-000093,GW-001,2026-07-26T11:00:00-04:00,LIST-000093
ShopGoodwill,SGW-LST-000096,SGW-ITM-000096,GW-004,2026-07-26T11:00:00-04:00,LIST-000096
ShopGoodwill,SGW-LST-000110,SGW-ITM-000110,GW-009,2026-07-26T11:00:00-04:00,LIST-000110
ShopGoodwill,SGW-LST-000190,SGW-ITM-000190,GW-011,2026-07-26T11:00:00-04:00,LIST-000190
ShopGoodwill,SGW-LST-000264,SGW-ITM-000264,GW-014,2026-07-26T11:00:00-04:00,LIST-000264
ShopGoodwill,SGW-LST-000280,SGW-ITM-000280,GW-011,2026-07-26T11:00:00-04:00,LIST-000280
ShopGoodwill,SGW-LST-000313,SGW-ITM-000313,GW-008,2026-07-26T11:00:00-04:00,LIST-000313
ShopGoodwill,SGW-LST-000357,SGW-ITM-000357,GW-006,2026-07-26T11:00:00-04:00,LIST-000357
ShopGoodwill,SGW-LST-000373,SGW-ITM-000373,GW-014,2026-07-26T11:00:00-04:00,LIST-000373
ShopGoodwill,SGW-LST-000413,SGW-ITM-000413,GW-021,2026-07-26T11:00:00-04:00,LIST-000413
ShopGoodwill,SGW-LST-000565,SGW-ITM-000565,GW-016,2026-07-26T11:00:00-04:00,LIST-000565
ShopGoodwill,SGW-LST-000607,SGW-ITM-000607,GW-015,2026-07-26T11:00:00-04:00,LIST-000607
ShopGoodwill,SGW-LST-000733,SGW-ITM-000733,GW-024,2026-07-26T11:00:00-04:00,LIST-000733
ShopGoodwill,SGW-LST-000741,SGW-ITM-000741,GW-004,2026-07-26T11:00:00-04:00,LIST-000741
ShopGoodwill,SGW-LST-000788,SGW-ITM-000788,GW-012,2026-07-26T11:00:00-04:00,LIST-000788
ShopGoodwill,SGW-LST-000796,SGW-ITM-000796,GW-016,2026-07-26T11:00:00-04:00,LIST-000796
ShopGoodwill,SGW-LST-000864,SGW-ITM-000864,GW-008,2026-07-26T11:00:00-04:00,LIST-000864
ShopGoodwill,SGW-LST-000880,SGW-ITM-000880,GW-012,2026-07-26T11:00:00-04:00,LIST-000880
ShopGoodwill,SGW-LST-000885,SGW-ITM-000885,GW-018,2026-07-26T11:00:00-04:00,LIST-000885
ShopGoodwill,SGW-LST-000914,SGW-ITM-000914,GW-018,2026-07-26T11:00:00-04:00,LIST-000914
ShopGoodwill,SGW-LST-000955,SGW-ITM-000955,GW-018,2026-07-26T11:00:00-04:00,LIST-000955
ShopGoodwill,SGW-LST-000961,SGW-ITM-000961,GW-011,2026-07-26T11:00:00-04:00,LIST-000961
ShopGoodwill,SGW-LST-001028,SGW-ITM-001028,GW-015,2026-07-26T11:00:00-04:00,LIST-001028
ShopGoodwill,SGW-LST-001049,SGW-ITM-001049,GW-015,2026-07-26T11:00:00-04:00,LIST-001049
ShopGoodwill,SGW-LST-001096,SGW-ITM-001096,GW-012,2026-07-26T11:00:00-04:00,LIST-001096
ShopGoodwill,SGW-LST-001129,SGW-ITM-001129,GW-001,2026-07-26T11:00:00-04:00,LIST-001129
ShopGoodwill,SGW-LST-001154,SGW-ITM-001154,GW-015,2026-07-26T11:00:00-04:00,LIST-001154
ShopGoodwill,SGW-LST-001158,SGW-ITM-001158,GW-009,2026-07-26T11:00:00-04:00,LIST-001158
ShopGoodwill,SGW-LST-001180,SGW-ITM-001180,GW-020,2026-07-26T11:00:00-04:00,LIST-001180
ShopGoodwill,SGW-LST-001241,SGW-ITM-001241,GW-021,2026-07-26T11:00:00-04:00,LIST-001241
ShopGoodwill,SGW-LST-001243,SGW-ITM-001243,GW-005,2026-07-26T11:00:00-04:00,LIST-001243
ShopGoodwill,SGW-LST-001301,SGW-ITM-001301,GW-007,2026-07-26T11:00:00-04:00,LIST-001301
ShopGoodwill,SGW-LST-001312,SGW-ITM-001312,GW-004,2026-07-26T11:00:00-04:00,LIST-001312
ShopGoodwill,SGW-LST-001345,SGW-ITM-001345,GW-011,2026-07-26T11:00:00-04:00,LIST-001345
ShopGoodwill,SGW-LST-001429,SGW-ITM-001429,GW-011,2026-07-26T11:00:00-04:00,LIST-001429
ShopGoodwill,SGW-LST-001432,SGW-ITM-001432,GW-018,2026-07-26T11:00:00-04:00,LIST-001432
ShopGoodwill,SGW-LST-001447,SGW-ITM-001447,GW-020,2026-07-26T11:00:00-04:00,LIST-001447
ShopGoodwill,SGW-LST-001461,SGW-ITM-001461,GW-002,2026-07-26T11:00:00-04:00,LIST-001461
ShopGoodwill,SGW-LST-001487,SGW-ITM-001487,GW-018,2026-07-26T11:00:00-04:00,LIST-001487
ShopGoodwill,SGW-LST-001506,SGW-ITM-001506,GW-012,2026-07-26T11:00:00-04:00,LIST-001506
ShopGoodwill,SGW-LST-001526,SGW-ITM-001526,GW-008,2026-07-26T11:00:00-04:00,LIST-001526
ShopGoodwill,SGW-LST-001527,SGW-ITM-001527,GW-005,2026-07-26T11:00:00-04:00,LIST-001527
ShopGoodwill,SGW-LST-001533,SGW-ITM-001533,GW-023,2026-07-26T11:00:00-04:00,LIST-001533
ShopGoodwill,SGW-LST-001561,SGW-ITM-001561,GW-017,2026-07-26T11:00:00-04:00,LIST-001561
ShopGoodwill,SGW-LST-001580,SGW-ITM-001580,GW-012,2026-07-26T11:00:00-04:00,LIST-001580
ShopGoodwill,SGW-LST-001593,SGW-ITM-001593,GW-002,2026-07-26T11:00:00-04:00,LIST-001593
ShopGoodwill,SGW-LST-001622,SGW-ITM-001622,GW-017,2026-07-26T11:00:00-04:00,LIST-001622
ShopGoodwill,SGW-LST-001630,SGW-ITM-001630,GW-006,2026-07-26T11:00:00-04:00,LIST-001630
ShopGoodwill,SGW-LST-001683,SGW-ITM-001683,GW-004,2026-07-26T11:00:00-04:00,LIST-001683
ShopGoodwill,SGW-LST-001725,SGW-ITM-001725,GW-017,2026-07-26T11:00:00-04:00,LIST-001725
ShopGoodwill,SGW-LST-001748,SGW-ITM-001748,GW-024,2026-07-26T11:00:00-04:00,LIST-001748
ShopGoodwill,SGW-LST-001763,SGW-ITM-001763,GW-008,2026-07-26T11:00:00-04:00,LIST-001763
ShopGoodwill,SGW-OPEN-000412,SGW-UNSOLD-000412,GW-004,2026-07-26T11:00:00-04:00,LIST-002869
eBay,EB-LST-000012,EB-ITM-000012,GW-005,2026-07-27T11:00:00-04:00,LIST-001812
eBay,EB-LST-000034,EB-ITM-000034,GW-015,2026-07-27T11:00:00-04:00,LIST-001834
eBay,EB-LST-000155,EB-ITM-000155,GW-018,2026-07-27T11:00:00-04:00,LIST-001955
eBay,EB-LST-000256,EB-ITM-000256,GW-012,2026-07-27T11:00:00-04:00,LIST-002056
eBay,EB-LST-000300,EB-ITM-000300,GW-017,2026-07-27T11:00:00-04:00,LIST-002100
eBay,EB-LST-000343,EB-ITM-000343,GW-024,2026-07-27T11:00:00-04:00,LIST-002143
eBay,EB-LST-000446,EB-ITM-000446,GW-018,2026-07-27T11:00:00-04:00,LIST-002246
eBay,EB-LST-000456,EB-ITM-000456,GW-019,2026-07-27T11:00:00-04:00,LIST-002256
eBay,EB-LST-000468,EB-ITM-000468,GW-016,2026-07-27T11:00:00-04:00,LIST-002268
eBay,EB-LST-000482,EB-ITM-000482,GW-001,2026-07-27T11:00:00-04:00,LIST-002282
eBay,EB-LST-000523,EB-ITM-000523,GW-022,2026-07-27T11:00:00-04:00,LIST-002323
eBay,EB-LST-000565,EB-ITM-000565,GW-002,2026-07-27T11:00:00-04:00,LIST-002365
eBay,EB-LST-000697,EB-ITM-000697,GW-005,2026-07-27T11:00:00-04:00,LIST-002497
eBay,EB-LST-000740,EB-ITM-000740,GW-024,2026-07-27T11:00:00-04:00,LIST-002540
ShopGoodwill,SGW-LST-000166,SGW-ITM-000166,GW-012,2026-07-27T11:00:00-04:00,LIST-000166
ShopGoodwill,SGW-LST-000192,SGW-ITM-000192,GW-020,2026-07-27T11:00:00-04:00,LIST-000192
ShopGoodwill,SGW-LST-000219,SGW-ITM-000219,GW-006,2026-07-27T11:00:00-04:00,LIST-000219
ShopGoodwill,SGW-LST-000258,SGW-ITM-000258,GW-006,2026-07-27T11:00:00-04:00,LIST-000258
ShopGoodwill,SGW-LST-000288,SGW-ITM-000288,GW-004,2026-07-27T11:00:00-04:00,LIST-000288
ShopGoodwill,SGW-LST-000320,SGW-ITM-000320,GW-023,2026-07-27T11:00:00-04:00,LIST-000320
ShopGoodwill,SGW-LST-000378,SGW-ITM-000378,GW-022,2026-07-27T11:00:00-04:00,LIST-000378
ShopGoodwill,SGW-LST-000393,SGW-ITM-000393,GW-012,2026-07-27T11:00:00-04:00,LIST-000393
ShopGoodwill,SGW-LST-000396,SGW-ITM-000396,GW-012,2026-07-27T11:00:00-04:00,LIST-000396
ShopGoodwill,SGW-LST-000414,SGW-ITM-000414,GW-017,2026-07-27T11:00:00-04:00,LIST-000414
ShopGoodwill,SGW-LST-000430,SGW-ITM-000430,GW-024,2026-07-27T11:00:00-04:00,LIST-000430
ShopGoodwill,SGW-LST-000477,SGW-ITM-000477,GW-005,2026-07-27T11:00:00-04:00,LIST-000477
ShopGoodwill,SGW-LST-000487,SGW-ITM-000487,GW-004,2026-07-27T11:00:00-04:00,LIST-000487
ShopGoodwill,SGW-LST-000497,SGW-ITM-000497,GW-012,2026-07-27T11:00:00-04:00,LIST-000497
ShopGoodwill,SGW-LST-000513,SGW-ITM-000513,GW-011,2026-07-27T11:00:00-04:00,LIST-000513
ShopGoodwill,SGW-LST-000566,SGW-ITM-000566,GW-006,2026-07-27T11:00:00-04:00,LIST-000566
ShopGoodwill,SGW-LST-000570,SGW-ITM-000570,GW-015,2026-07-27T11:00:00-04:00,LIST-000570
ShopGoodwill,SGW-LST-000583,SGW-ITM-000583,GW-006,2026-07-27T11:00:00-04:00,LIST-000583
ShopGoodwill,SGW-LST-000617,SGW-ITM-000617,GW-022,2026-07-27T11:00:00-04:00,LIST-000617
ShopGoodwill,SGW-LST-000618,SGW-ITM-000618,GW-024,2026-07-27T11:00:00-04:00,LIST-000618
ShopGoodwill,SGW-LST-000637,SGW-ITM-000637,GW-017,2026-07-27T11:00:00-04:00,LIST-000637
ShopGoodwill,SGW-LST-000670,SGW-ITM-000670,GW-017,2026-07-27T11:00:00-04:00,LIST-000670
ShopGoodwill,SGW-LST-000675,SGW-ITM-000675,GW-012,2026-07-27T11:00:00-04:00,LIST-000675
ShopGoodwill,SGW-LST-000743,SGW-ITM-000743,GW-020,2026-07-27T11:00:00-04:00,LIST-000743
ShopGoodwill,SGW-LST-000872,SGW-ITM-000872,GW-024,2026-07-27T11:00:00-04:00,LIST-000872
ShopGoodwill,SGW-LST-000908,SGW-ITM-000908,GW-004,2026-07-27T11:00:00-04:00,LIST-000908
ShopGoodwill,SGW-LST-000912,SGW-ITM-000912,GW-017,2026-07-27T11:00:00-04:00,LIST-000912
ShopGoodwill,SGW-LST-000941,SGW-ITM-000941,GW-022,2026-07-27T11:00:00-04:00,LIST-000941
ShopGoodwill,SGW-LST-000946,SGW-ITM-000946,GW-002,2026-07-27T11:00:00-04:00,LIST-000946
ShopGoodwill,SGW-LST-001003,SGW-ITM-001003,GW-021,2026-07-27T11:00:00-04:00,LIST-001003
ShopGoodwill,SGW-LST-001024,SGW-ITM-001024,GW-024,2026-07-27T11:00:00-04:00,LIST-001024
ShopGoodwill,SGW-LST-001085,SGW-ITM-001085,GW-022,2026-07-27T11:00:00-04:00,LIST-001085
ShopGoodwill,SGW-LST-001177,SGW-ITM-001177,GW-005,2026-07-27T11:00:00-04:00,LIST-001177
ShopGoodwill,SGW-LST-001201,SGW-ITM-001201,GW-017,2026-07-27T11:00:00-04:00,LIST-001201
ShopGoodwill,SGW-LST-001213,SGW-ITM-001213,GW-004,2026-07-27T11:00:00-04:00,LIST-001213
ShopGoodwill,SGW-LST-001218,SGW-ITM-001218,GW-007,2026-07-27T11:00:00-04:00,LIST-001218
ShopGoodwill,SGW-LST-001237,SGW-ITM-001237,GW-016,2026-07-27T11:00:00-04:00,LIST-001237
ShopGoodwill,SGW-LST-001245,SGW-ITM-001245,GW-008,2026-07-27T11:00:00-04:00,LIST-001245
ShopGoodwill,SGW-LST-001253,SGW-ITM-001253,GW-021,2026-07-27T11:00:00-04:00,LIST-001253
ShopGoodwill,SGW-LST-001279,SGW-ITM-001279,GW-016,2026-07-27T11:00:00-04:00,LIST-001279
ShopGoodwill,SGW-LST-001296,SGW-ITM-001296,GW-012,2026-07-27T11:00:00-04:00,LIST-001296
ShopGoodwill,SGW-LST-001458,SGW-ITM-001458,GW-016,2026-07-27T11:00:00-04:00,LIST-001458
ShopGoodwill,SGW-LST-001459,SGW-ITM-001459,GW-008,2026-07-27T11:00:00-04:00,LIST-001459
ShopGoodwill,SGW-LST-001478,SGW-ITM-001478,GW-006,2026-07-27T11:00:00-04:00,LIST-001478
ShopGoodwill,SGW-LST-001501,SGW-ITM-001501,GW-022,2026-07-27T11:00:00-04:00,LIST-001501
ShopGoodwill,SGW-LST-001552,SGW-ITM-001552,GW-017,2026-07-27T11:00:00-04:00,LIST-001552
ShopGoodwill,SGW-LST-001573,SGW-ITM-001573,GW-008,2026-07-27T11:00:00-04:00,LIST-001573
ShopGoodwill,SGW-LST-001608,SGW-ITM-001608,GW-002,2026-07-27T11:00:00-04:00,LIST-001608
ShopGoodwill,SGW-LST-001612,SGW-ITM-001612,GW-002,2026-07-27T11:00:00-04:00,LIST-001612
ShopGoodwill,SGW-LST-001658,SGW-ITM-001658,GW-009,2026-07-27T11:00:00-04:00,LIST-001658
ShopGoodwill,SGW-LST-001662,SGW-ITM-001662,GW-004,2026-07-27T11:00:00-04:00,LIST-001662
ShopGoodwill,SGW-LST-001718,SGW-ITM-001718,GW-019,2026-07-27T11:00:00-04:00,LIST-001718
ShopGoodwill,SGW-LST-001730,SGW-ITM-001730,GW-024,2026-07-27T11:00:00-04:00,LIST-001730
ShopGoodwill,SGW-OPEN-000009,SGW-UNSOLD-000009,GW-021,2026-07-27T11:00:00-04:00,LIST-002703
ShopGoodwill,SGW-OPEN-000058,SGW-UNSOLD-000058,GW-016,2026-07-27T11:00:00-04:00,LIST-002722
ShopGoodwill,SGW-OPEN-000519,SGW-UNSOLD-000519,GW-009,2026-07-27T11:00:00-04:00,LIST-002919
ShopGoodwill,SGW-OPEN-000634,SGW-UNSOLD-000634,GW-021,2026-07-27T11:00:00-04:00,LIST-002966
ShopGoodwill,SGW-OPEN-000729,SGW-UNSOLD-000729,GW-024,2026-07-27T11:00:00-04:00,LIST-002998
ShopGoodwill,SGW-OPEN-000851,SGW-UNSOLD-000851,GW-013,2026-07-27T11:00:00-04:00,LIST-003054
ShopGoodwill,SGW-OPEN-001041,SGW-UNSOLD-001041,GW-001,2026-07-27T11:00:00-04:00,LIST-003119
ShopGoodwill,SGW-OPEN-001072,SGW-UNSOLD-001072,GW-010,2026-07-27T11:00:00-04:00,LIST-003134
eBay,EB-LST-000013,EB-ITM-000013,GW-022,2026-07-28T11:00:00-04:00,LIST-001813
eBay,EB-LST-000092,EB-ITM-000092,GW-020,2026-07-28T11:00:00-04:00,LIST-001892
eBay,EB-LST-000095,EB-ITM-000095,GW-006,2026-07-28T11:00:00-04:00,LIST-001895
eBay,EB-LST-000205,EB-ITM-000205,GW-012,2026-07-28T11:00:00-04:00,LIST-002005
eBay,EB-LST-000218,EB-ITM-000218,GW-004,2026-07-28T11:00:00-04:00,LIST-002018
eBay,EB-LST-000223,EB-ITM-000223,GW-004,2026-07-28T11:00:00-04:00,LIST-002023
eBay,EB-LST-000232,EB-ITM-000232,GW-009,2026-07-28T11:00:00-04:00,LIST-002032
eBay,EB-LST-000250,EB-ITM-000250,GW-011,2026-07-28T11:00:00-04:00,LIST-002050
eBay,EB-LST-000271,EB-ITM-000271,GW-008,2026-07-28T11:00:00-04:00,LIST-002071
eBay,EB-LST-000316,EB-ITM-000316,GW-006,2026-07-28T11:00:00-04:00,LIST-002116
eBay,EB-LST-000338,EB-ITM-000338,GW-011,2026-07-28T11:00:00-04:00,LIST-002138
eBay,EB-LST-000391,EB-ITM-000391,GW-018,2026-07-28T11:00:00-04:00,LIST-002191
eBay,EB-LST-000409,EB-ITM-000409,GW-024,2026-07-28T11:00:00-04:00,LIST-002209
eBay,EB-LST-000530,EB-ITM-000530,GW-017,2026-07-28T11:00:00-04:00,LIST-002330
eBay,EB-LST-000589,EB-ITM-000589,GW-022,2026-07-28T11:00:00-04:00,LIST-002389
eBay,EB-LST-000605,EB-ITM-000605,GW-001,2026-07-28T11:00:00-04:00,LIST-002405
eBay,EB-LST-000648,EB-ITM-000648,GW-015,2026-07-28T11:00:00-04:00,LIST-002448
eBay,EB-LST-000661,EB-ITM-000661,GW-009,2026-07-28T11:00:00-04:00,LIST-002461
eBay,EB-LST-000693,EB-ITM-000693,GW-001,2026-07-28T11:00:00-04:00,LIST-002493
eBay,EB-LST-000696,EB-ITM-000696,GW-006,2026-07-28T11:00:00-04:00,LIST-002496
eBay,EB-LST-000856,EB-ITM-000856,GW-004,2026-07-28T11:00:00-04:00,LIST-002656
eBay,EB-LST-000868,EB-ITM-000868,GW-013,2026-07-28T11:00:00-04:00,LIST-002668
eBay,EB-OPEN-000680,EB-UNSOLD-000680,GW-005,2026-07-28T11:00:00-04:00,LIST-002981
eBay,EB-OPEN-000794,EB-UNSOLD-000794,GW-005,2026-07-28T11:00:00-04:00,LIST-003029
ShopGoodwill,SGW-LST-000015,SGW-ITM-000015,GW-014,2026-07-28T11:00:00-04:00,LIST-000015
ShopGoodwill,SGW-LST-000034,SGW-ITM-000034,GW-002,2026-07-28T11:00:00-04:00,LIST-000034
ShopGoodwill,SGW-LST-000046,SGW-ITM-000046,GW-004,2026-07-28T11:00:00-04:00,LIST-000046
ShopGoodwill,SGW-LST-000073,SGW-ITM-000073,GW-008,2026-07-28T11:00:00-04:00,LIST-000073
ShopGoodwill,SGW-LST-000139,SGW-ITM-000139,GW-020,2026-07-28T11:00:00-04:00,LIST-000139
ShopGoodwill,SGW-LST-000142,SGW-ITM-000142,GW-001,2026-07-28T11:00:00-04:00,LIST-000142
ShopGoodwill,SGW-LST-000169,SGW-ITM-000169,GW-001,2026-07-28T11:00:00-04:00,LIST-000169
ShopGoodwill,SGW-LST-000259,SGW-ITM-000259,GW-005,2026-07-28T11:00:00-04:00,LIST-000259
ShopGoodwill,SGW-LST-000319,SGW-ITM-000319,GW-024,2026-07-28T11:00:00-04:00,LIST-000319
ShopGoodwill,SGW-LST-000361,SGW-ITM-000361,GW-008,2026-07-28T11:00:00-04:00,LIST-000361
ShopGoodwill,SGW-LST-000390,SGW-ITM-000390,GW-018,2026-07-28T11:00:00-04:00,LIST-000390
ShopGoodwill,SGW-LST-000395,SGW-ITM-000395,GW-016,2026-07-28T11:00:00-04:00,LIST-000395
ShopGoodwill,SGW-LST-000405,SGW-ITM-000405,GW-011,2026-07-28T11:00:00-04:00,LIST-000405
ShopGoodwill,SGW-LST-000448,SGW-ITM-000448,GW-011,2026-07-28T11:00:00-04:00,LIST-000448
ShopGoodwill,SGW-LST-000466,SGW-ITM-000466,GW-006,2026-07-28T11:00:00-04:00,LIST-000466
ShopGoodwill,SGW-LST-000481,SGW-ITM-000481,GW-001,2026-07-28T11:00:00-04:00,LIST-000481
ShopGoodwill,SGW-LST-000629,SGW-ITM-000629,GW-011,2026-07-28T11:00:00-04:00,LIST-000629
ShopGoodwill,SGW-LST-000659,SGW-ITM-000659,GW-017,2026-07-28T11:00:00-04:00,LIST-000659
ShopGoodwill,SGW-LST-000756,SGW-ITM-000756,GW-002,2026-07-28T11:00:00-04:00,LIST-000756
ShopGoodwill,SGW-LST-000795,SGW-ITM-000795,GW-008,2026-07-28T11:00:00-04:00,LIST-000795
ShopGoodwill,SGW-LST-000896,SGW-ITM-000896,GW-001,2026-07-28T11:00:00-04:00,LIST-000896
ShopGoodwill,SGW-LST-000936,SGW-ITM-000936,GW-017,2026-07-28T11:00:00-04:00,LIST-000936
ShopGoodwill,SGW-LST-001005,SGW-ITM-001005,GW-004,2026-07-28T11:00:00-04:00,LIST-001005
ShopGoodwill,SGW-LST-001015,SGW-ITM-001015,GW-023,2026-07-28T11:00:00-04:00,LIST-001015
ShopGoodwill,SGW-LST-001059,SGW-ITM-001059,GW-002,2026-07-28T11:00:00-04:00,LIST-001059
ShopGoodwill,SGW-LST-001068,SGW-ITM-001068,GW-007,2026-07-28T11:00:00-04:00,LIST-001068
ShopGoodwill,SGW-LST-001078,SGW-ITM-001078,GW-012,2026-07-28T11:00:00-04:00,LIST-001078
ShopGoodwill,SGW-LST-001089,SGW-ITM-001089,GW-001,2026-07-28T11:00:00-04:00,LIST-001089
ShopGoodwill,SGW-LST-001110,SGW-ITM-001110,GW-001,2026-07-28T11:00:00-04:00,LIST-001110
ShopGoodwill,SGW-LST-001151,SGW-ITM-001151,GW-011,2026-07-28T11:00:00-04:00,LIST-001151
ShopGoodwill,SGW-LST-001166,SGW-ITM-001166,GW-001,2026-07-28T11:00:00-04:00,LIST-001166
ShopGoodwill,SGW-LST-001403,SGW-ITM-001403,GW-009,2026-07-28T11:00:00-04:00,LIST-001403
ShopGoodwill,SGW-LST-001417,SGW-ITM-001417,GW-003,2026-07-28T11:00:00-04:00,LIST-001417
ShopGoodwill,SGW-LST-001436,SGW-ITM-001436,GW-011,2026-07-28T11:00:00-04:00,LIST-001436
ShopGoodwill,SGW-LST-001437,SGW-ITM-001437,GW-011,2026-07-28T11:00:00-04:00,LIST-001437
ShopGoodwill,SGW-LST-001519,SGW-ITM-001519,GW-012,2026-07-28T11:00:00-04:00,LIST-001519
ShopGoodwill,SGW-LST-001521,SGW-ITM-001521,GW-001,2026-07-28T11:00:00-04:00,LIST-001521
ShopGoodwill,SGW-LST-001549,SGW-ITM-001549,GW-023,2026-07-28T11:00:00-04:00,LIST-001549
ShopGoodwill,SGW-LST-001588,SGW-ITM-001588,GW-009,2026-07-28T11:00:00-04:00,LIST-001588
ShopGoodwill,SGW-LST-001624,SGW-ITM-001624,GW-018,2026-07-28T11:00:00-04:00,LIST-001624
ShopGoodwill,SGW-LST-001626,SGW-ITM-001626,GW-015,2026-07-28T11:00:00-04:00,LIST-001626
ShopGoodwill,SGW-LST-001664,SGW-ITM-001664,GW-022,2026-07-28T11:00:00-04:00,LIST-001664
ShopGoodwill,SGW-LST-001719,SGW-ITM-001719,GW-024,2026-07-28T11:00:00-04:00,LIST-001719
ShopGoodwill,SGW-LST-001723,SGW-ITM-001723,GW-017,2026-07-28T11:00:00-04:00,LIST-001723
ShopGoodwill,SGW-OPEN-000016,SGW-UNSOLD-000016,GW-022,2026-07-28T11:00:00-04:00,LIST-002706
ShopGoodwill,SGW-OPEN-000094,SGW-UNSOLD-000094,GW-021,2026-07-28T11:00:00-04:00,LIST-002736
ShopGoodwill,SGW-OPEN-000221,SGW-UNSOLD-000221,GW-022,2026-07-28T11:00:00-04:00,LIST-002786
ShopGoodwill,SGW-OPEN-000277,SGW-UNSOLD-000277,GW-002,2026-07-28T11:00:00-04:00,LIST-002809
ShopGoodwill,SGW-OPEN-000305,SGW-UNSOLD-000305,GW-016,2026-07-28T11:00:00-04:00,LIST-002823
ShopGoodwill,SGW-OPEN-000589,SGW-UNSOLD-000589,GW-003,2026-07-28T11:00:00-04:00,LIST-002950
ShopGoodwill,SGW-OPEN-000669,SGW-UNSOLD-000669,GW-022,2026-07-28T11:00:00-04:00,LIST-002976
ShopGoodwill,SGW-OPEN-001187,SGW-UNSOLD-001187,GW-024,2026-07-28T11:00:00-04:00,LIST-003175
eBay,EB-LST-000010,EB-ITM-000010,GW-002,2026-07-29T11:00:00-04:00,LIST-001810
eBay,EB-LST-000126,EB-ITM-000126,GW-018,2026-07-29T11:00:00-04:00,LIST-001926
eBay,EB-LST-000127,EB-ITM-000127,GW-001,2026-07-29T11:00:00-04:00,LIST-001927
eBay,EB-LST-000219,EB-ITM-000219,GW-009,2026-07-29T11:00:00-04:00,LIST-002019
eBay,EB-LST-000231,EB-ITM-000231,GW-011,2026-07-29T11:00:00-04:00,LIST-002031
eBay,EB-LST-000245,EB-ITM-000245,GW-001,2026-07-29T11:00:00-04:00,LIST-002045
eBay,EB-LST-000274,EB-ITM-000274,GW-019,2026-07-29T11:00:00-04:00,LIST-002074
eBay,EB-LST-000313,EB-ITM-000313,GW-011,2026-07-29T11:00:00-04:00,LIST-002113
eBay,EB-LST-000384,EB-ITM-000384,GW-010,2026-07-29T11:00:00-04:00,LIST-002184
eBay,EB-LST-000389,EB-ITM-000389,GW-001,2026-07-29T11:00:00-04:00,LIST-002189
eBay,EB-LST-000393,EB-ITM-000393,GW-023,2026-07-29T11:00:00-04:00,LIST-002193
eBay,EB-LST-000412,EB-ITM-000412,GW-006,2026-07-29T11:00:00-04:00,LIST-002212
eBay,EB-LST-000454,EB-ITM-000454,GW-020,2026-07-29T11:00:00-04:00,LIST-002254
eBay,EB-LST-000495,EB-ITM-000495,GW-008,2026-07-29T11:00:00-04:00,LIST-002295
eBay,EB-LST-000540,EB-ITM-000540,GW-007,2026-07-29T11:00:00-04:00,LIST-002340
eBay,EB-LST-000559,EB-ITM-000559,GW-021,2026-07-29T11:00:00-04:00,LIST-002359
eBay,EB-LST-000576,EB-ITM-000576,GW-021,2026-07-29T11:00:00-04:00,LIST-002376
eBay,EB-LST-000668,EB-ITM-000668,GW-017,2026-07-29T11:00:00-04:00,LIST-002468
eBay,EB-LST-000737,EB-ITM-000737,GW-006,2026-07-29T11:00:00-04:00,LIST-002537
eBay,EB-LST-000739,EB-ITM-000739,GW-014,2026-07-29T11:00:00-04:00,LIST-002539
eBay,EB-LST-000803,EB-ITM-000803,GW-017,2026-07-29T11:00:00-04:00,LIST-002603
eBay,EB-LST-000817,EB-ITM-000817,GW-017,2026-07-29T11:00:00-04:00,LIST-002617
eBay,EB-LST-000829,EB-ITM-000829,GW-014,2026-07-29T11:00:00-04:00,LIST-002629
eBay,EB-LST-000830,EB-ITM-000830,GW-017,2026-07-29T11:00:00-04:00,LIST-002630
eBay,EB-LST-000882,EB-ITM-000882,GW-024,2026-07-29T11:00:00-04:00,LIST-002682
eBay,EB-LST-000887,EB-ITM-000887,GW-003,2026-07-29T11:00:00-04:00,LIST-002687
eBay,EB-OPEN-001115,EB-UNSOLD-001115,GW-008,2026-07-29T11:00:00-04:00,LIST-003146
ShopGoodwill,SGW-LST-000031,SGW-ITM-000031,GW-002,2026-07-29T11:00:00-04:00,LIST-000031
ShopGoodwill,SGW-LST-000063,SGW-ITM-000063,GW-014,2026-07-29T11:00:00-04:00,LIST-000063
ShopGoodwill,SGW-LST-000119,SGW-ITM-000119,GW-004,2026-07-29T11:00:00-04:00,LIST-000119
ShopGoodwill,SGW-LST-000189,SGW-ITM-000189,GW-018,2026-07-29T11:00:00-04:00,LIST-000189
ShopGoodwill,SGW-LST-000211,SGW-ITM-000211,,2026-07-29T11:00:00-04:00,LIST-000211
ShopGoodwill,SGW-LST-000236,SGW-ITM-000236,GW-007,2026-07-29T11:00:00-04:00,LIST-000236
ShopGoodwill,SGW-LST-000350,SGW-ITM-000350,GW-009,2026-07-29T11:00:00-04:00,LIST-000350
ShopGoodwill,SGW-LST-000371,SGW-ITM-000371,GW-001,2026-07-29T11:00:00-04:00,LIST-000371
ShopGoodwill,SGW-LST-000391,SGW-ITM-000391,GW-022,2026-07-29T11:00:00-04:00,LIST-000391
ShopGoodwill,SGW-LST-000399,SGW-ITM-000399,GW-016,2026-07-29T11:00:00-04:00,LIST-000399
ShopGoodwill,SGW-LST-000423,SGW-ITM-000423,GW-008,2026-07-29T11:00:00-04:00,LIST-000423
ShopGoodwill,SGW-LST-000458,SGW-ITM-000458,GW-017,2026-07-29T11:00:00-04:00,LIST-000458
ShopGoodwill,SGW-LST-000574,SGW-ITM-000574,GW-022,2026-07-29T11:00:00-04:00,LIST-000574
ShopGoodwill,SGW-LST-000630,SGW-ITM-000630,GW-018,2026-07-29T11:00:00-04:00,LIST-000630
ShopGoodwill,SGW-LST-000641,SGW-ITM-000641,GW-022,2026-07-29T11:00:00-04:00,LIST-000641
ShopGoodwill,SGW-LST-000665,SGW-ITM-000665,GW-009,2026-07-29T11:00:00-04:00,LIST-000665
ShopGoodwill,SGW-LST-000708,SGW-ITM-000708,GW-024,2026-07-29T11:00:00-04:00,LIST-000708
ShopGoodwill,SGW-LST-000718,SGW-ITM-000718,GW-004,2026-07-29T11:00:00-04:00,LIST-000718
ShopGoodwill,SGW-LST-000728,SGW-ITM-000728,GW-004,2026-07-29T11:00:00-04:00,LIST-000728
ShopGoodwill,SGW-LST-000783,SGW-ITM-000783,GW-001,2026-07-29T11:00:00-04:00,LIST-000783
ShopGoodwill,SGW-LST-000810,SGW-ITM-000810,GW-018,2026-07-29T11:00:00-04:00,LIST-000810
ShopGoodwill,SGW-LST-000835,SGW-ITM-000835,GW-003,2026-07-29T11:00:00-04:00,LIST-000835
ShopGoodwill,SGW-LST-000838,SGW-ITM-000838,GW-012,2026-07-29T11:00:00-04:00,LIST-000838
ShopGoodwill,SGW-LST-000848,SGW-ITM-000848,GW-008,2026-07-29T11:00:00-04:00,LIST-000848
ShopGoodwill,SGW-LST-000931,SGW-ITM-000931,GW-001,2026-07-29T11:00:00-04:00,LIST-000931
ShopGoodwill,SGW-LST-000952,SGW-ITM-000952,GW-012,2026-07-29T11:00:00-04:00,LIST-000952
ShopGoodwill,SGW-LST-001011,SGW-ITM-001011,GW-003,2026-07-29T11:00:00-04:00,LIST-001011
ShopGoodwill,SGW-LST-001021,SGW-ITM-001021,GW-005,2026-07-29T11:00:00-04:00,LIST-001021
ShopGoodwill,SGW-LST-001123,SGW-ITM-001123,GW-012,2026-07-29T11:00:00-04:00,LIST-001123
ShopGoodwill,SGW-LST-001124,SGW-ITM-001124,GW-024,2026-07-29T11:00:00-04:00,LIST-001124
ShopGoodwill,SGW-LST-001150,SGW-ITM-001150,GW-013,2026-07-29T11:00:00-04:00,LIST-001150
ShopGoodwill,SGW-LST-001223,SGW-ITM-001223,GW-006,2026-07-29T11:00:00-04:00,LIST-001223
ShopGoodwill,SGW-LST-001287,SGW-ITM-001287,GW-003,2026-07-29T11:00:00-04:00,LIST-001287
ShopGoodwill,SGW-LST-001290,SGW-ITM-001290,GW-005,2026-07-29T11:00:00-04:00,LIST-001290
ShopGoodwill,SGW-LST-001308,SGW-ITM-001308,GW-008,2026-07-29T11:00:00-04:00,LIST-001308
ShopGoodwill,SGW-LST-001326,SGW-ITM-001326,GW-001,2026-07-29T11:00:00-04:00,LIST-001326
ShopGoodwill,SGW-LST-001352,SGW-ITM-001352,GW-018,2026-07-29T11:00:00-04:00,LIST-001352
ShopGoodwill,SGW-LST-001369,SGW-ITM-001369,GW-011,2026-07-29T11:00:00-04:00,LIST-001369
ShopGoodwill,SGW-LST-001438,SGW-ITM-001438,GW-014,2026-07-29T11:00:00-04:00,LIST-001438
ShopGoodwill,SGW-LST-001441,SGW-ITM-001441,GW-011,2026-07-29T11:00:00-04:00,LIST-001441
ShopGoodwill,SGW-LST-001450,SGW-ITM-001450,GW-016,2026-07-29T11:00:00-04:00,LIST-001450
ShopGoodwill,SGW-LST-001465,SGW-ITM-001465,GW-005,2026-07-29T11:00:00-04:00,LIST-001465
ShopGoodwill,SGW-LST-001564,SGW-ITM-001564,GW-012,2026-07-29T11:00:00-04:00,LIST-001564
ShopGoodwill,SGW-LST-001568,SGW-ITM-001568,GW-012,2026-07-29T11:00:00-04:00,LIST-001568
ShopGoodwill,SGW-LST-001620,SGW-ITM-001620,GW-010,2026-07-29T11:00:00-04:00,LIST-001620
ShopGoodwill,SGW-LST-001681,SGW-ITM-001681,GW-006,2026-07-29T11:00:00-04:00,LIST-001681
ShopGoodwill,SGW-LST-001727,SGW-ITM-001727,GW-016,2026-07-29T11:00:00-04:00,LIST-001727
ShopGoodwill,SGW-LST-001756,SGW-ITM-001756,GW-021,2026-07-29T11:00:00-04:00,LIST-001756
ShopGoodwill,SGW-LST-001776,SGW-ITM-001776,GW-012,2026-07-29T11:00:00-04:00,LIST-001776
ShopGoodwill,SGW-OPEN-000657,SGW-UNSOLD-000657,GW-012,2026-07-29T11:00:00-04:00,LIST-002972
ShopGoodwill,SGW-OPEN-000673,SGW-UNSOLD-000673,GW-015,2026-07-29T11:00:00-04:00,LIST-002979
ShopGoodwill,SGW-OPEN-000747,SGW-UNSOLD-000747,GW-001,2026-07-29T11:00:00-04:00,LIST-003008
ShopGoodwill,SGW-OPEN-000748,SGW-UNSOLD-000748,GW-020,2026-07-29T11:00:00-04:00,LIST-003009
ShopGoodwill,SGW-OPEN-001178,SGW-UNSOLD-001178,GW-022,2026-07-29T11:00:00-04:00,LIST-003172
eBay,EB-LST-000007,EB-ITM-000007,GW-001,2026-07-30T11:00:00-04:00,LIST-001807
eBay,EB-LST-000015,EB-ITM-000015,GW-004,2026-07-30T11:00:00-04:00,LIST-001815
eBay,EB-LST-000031,EB-ITM-000031,GW-008,2026-07-30T11:00:00-04:00,LIST-001831
eBay,EB-LST-000101,EB-ITM-000101,GW-001,2026-07-30T11:00:00-04:00,LIST-001901
eBay,EB-LST-000106,EB-ITM-000106,GW-014,2026-07-30T11:00:00-04:00,LIST-001906
eBay,EB-LST-000148,EB-ITM-000148,GW-010,2026-07-30T11:00:00-04:00,LIST-001948
eBay,EB-LST-000152,EB-ITM-000152,GW-001,2026-07-30T11:00:00-04:00,LIST-001952
eBay,EB-LST-000422,EB-ITM-000422,GW-012,2026-07-30T11:00:00-04:00,LIST-002222
eBay,EB-LST-000497,EB-ITM-000497,GW-004,2026-07-30T11:00:00-04:00,LIST-002297
eBay,EB-LST-000580,EB-ITM-000580,GW-008,2026-07-30T11:00:00-04:00,LIST-002380
eBay,EB-LST-000587,EB-ITM-000587,GW-004,2026-07-30T11:00:00-04:00,LIST-002387
eBay,EB-LST-000658,EB-ITM-000658,GW-006,2026-07-30T11:00:00-04:00,LIST-002458
eBay,EB-LST-000679,EB-ITM-000679,GW-001,2026-07-30T11:00:00-04:00,LIST-002479
eBay,EB-LST-000684,EB-ITM-000684,GW-016,2026-07-30T11:00:00-04:00,LIST-002484
eBay,EB-LST-000687,EB-ITM-000687,GW-007,2026-07-30T11:00:00-04:00,LIST-002487
eBay,EB-LST-000733,EB-ITM-000733,GW-008,2026-07-30T11:00:00-04:00,LIST-002533
eBay,EB-LST-000781,EB-ITM-000781,GW-010,2026-07-30T11:00:00-04:00,LIST-002581
eBay,EB-LST-000815,EB-ITM-000815,GW-004,2026-07-30T11:00:00-04:00,LIST-002615
eBay,EB-LST-000832,EB-ITM-000832,GW-012,2026-07-30T11:00:00-04:00,LIST-002632
eBay,EB-LST-000860,EB-ITM-000860,GW-001,2026-07-30T11:00:00-04:00,LIST-002660
eBay,EB-LST-000899,EB-ITM-000899,GW-024,2026-07-30T11:00:00-04:00,LIST-002699
eBay,EB-OPEN-000363,EB-UNSOLD-000363,GW-014,2026-07-30T11:00:00-04:00,LIST-002845
eBay,EB-OPEN-000620,EB-UNSOLD-000620,GW-002,2026-07-30T11:00:00-04:00,LIST-002958
eBay,EB-OPEN-001099,EB-UNSOLD-001099,GW-004,2026-07-30T11:00:00-04:00,LIST-003141
ShopGoodwill,SGW-LST-000007,SGW-ITM-000007,GW-006,2026-07-30T11:00:00-04:00,LIST-000007
ShopGoodwill,SGW-LST-000221,SGW-ITM-000221,GW-015,2026-07-30T11:00:00-04:00,LIST-000221
ShopGoodwill,SGW-LST-000230,SGW-ITM-000230,GW-020,2026-07-30T11:00:00-04:00,LIST-000230
ShopGoodwill,SGW-LST-000237,SGW-ITM-000237,GW-015,2026-07-30T11:00:00-04:00,LIST-000237
ShopGoodwill,SGW-LST-000245,SGW-ITM-000245,GW-012,2026-07-30T11:00:00-04:00,LIST-000245
ShopGoodwill,SGW-LST-000266,SGW-ITM-000266,GW-017,2026-07-30T11:00:00-04:00,LIST-000266
ShopGoodwill,SGW-LST-000276,SGW-ITM-000276,GW-022,2026-07-30T11:00:00-04:00,LIST-000276
ShopGoodwill,SGW-LST-000310,SGW-ITM-000310,GW-012,2026-07-30T11:00:00-04:00,LIST-000310
ShopGoodwill,SGW-LST-000318,SGW-ITM-000318,GW-009,2026-07-30T11:00:00-04:00,LIST-000318
ShopGoodwill,SGW-LST-000375,SGW-ITM-000375,GW-023,2026-07-30T11:00:00-04:00,LIST-000375
ShopGoodwill,SGW-LST-000407,SGW-ITM-000407,GW-020,2026-07-30T11:00:00-04:00,LIST-000407
ShopGoodwill,SGW-LST-000425,SGW-ITM-000425,GW-006,2026-07-30T11:00:00-04:00,LIST-000425
ShopGoodwill,SGW-LST-000434,SGW-ITM-000434,GW-003,2026-07-30T11:00:00-04:00,LIST-000434
ShopGoodwill,SGW-LST-000534,SGW-ITM-000534,GW-024,2026-07-30T11:00:00-04:00,LIST-000534
ShopGoodwill,SGW-LST-000561,SGW-ITM-000561,GW-005,2026-07-30T11:00:00-04:00,LIST-000561
ShopGoodwill,SGW-LST-000592,SGW-ITM-000592,GW-009,2026-07-30T11:00:00-04:00,LIST-000592
ShopGoodwill,SGW-LST-000664,SGW-ITM-000664,GW-004,2026-07-30T11:00:00-04:00,LIST-000664
ShopGoodwill,SGW-LST-000671,SGW-ITM-000671,GW-017,2026-07-30T11:00:00-04:00,LIST-000671
ShopGoodwill,SGW-LST-000686,SGW-ITM-000686,GW-017,2026-07-30T11:00:00-04:00,LIST-000686
ShopGoodwill,SGW-LST-000694,SGW-ITM-000694,GW-022,2026-07-30T11:00:00-04:00,LIST-000694
ShopGoodwill,SGW-LST-000802,SGW-ITM-000802,GW-015,2026-07-30T11:00:00-04:00,LIST-000802
ShopGoodwill,SGW-LST-000814,SGW-ITM-000814,GW-004,2026-07-30T11:00:00-04:00,LIST-000814
ShopGoodwill,SGW-LST-000819,SGW-ITM-000819,GW-001,2026-07-30T11:00:00-04:00,LIST-000819
ShopGoodwill,SGW-LST-000833,SGW-ITM-000833,GW-011,2026-07-30T11:00:00-04:00,LIST-000833
ShopGoodwill,SGW-LST-000904,SGW-ITM-000904,GW-012,2026-07-30T11:00:00-04:00,LIST-000904
ShopGoodwill,SGW-LST-000906,SGW-ITM-000906,GW-001,2026-07-30T11:00:00-04:00,LIST-000906
ShopGoodwill,SGW-LST-000943,SGW-ITM-000943,GW-021,2026-07-30T11:00:00-04:00,LIST-000943
ShopGoodwill,SGW-LST-000976,SGW-ITM-000976,GW-008,2026-07-30T11:00:00-04:00,LIST-000976
ShopGoodwill,SGW-LST-000986,SGW-ITM-000986,GW-022,2026-07-30T11:00:00-04:00,LIST-000986
ShopGoodwill,SGW-LST-001077,SGW-ITM-001077,GW-024,2026-07-30T11:00:00-04:00,LIST-001077
ShopGoodwill,SGW-LST-001230,SGW-ITM-001230,GW-010,2026-07-30T11:00:00-04:00,LIST-001230
ShopGoodwill,SGW-LST-001257,SGW-ITM-001257,GW-014,2026-07-30T11:00:00-04:00,LIST-001257
ShopGoodwill,SGW-LST-001311,SGW-ITM-001311,GW-006,2026-07-30T11:00:00-04:00,LIST-001311
ShopGoodwill,SGW-LST-001492,SGW-ITM-001492,GW-009,2026-07-30T11:00:00-04:00,LIST-001492
ShopGoodwill,SGW-LST-001585,SGW-ITM-001585,GW-017,2026-07-30T11:00:00-04:00,LIST-001585
ShopGoodwill,SGW-LST-001592,SGW-ITM-001592,GW-007,2026-07-30T11:00:00-04:00,LIST-001592
ShopGoodwill,SGW-LST-001610,SGW-ITM-001610,GW-020,2026-07-30T11:00:00-04:00,LIST-001610
ShopGoodwill,SGW-LST-001754,SGW-ITM-001754,GW-014,2026-07-30T11:00:00-04:00,LIST-001754
ShopGoodwill,SGW-OPEN-000279,SGW-UNSOLD-000279,GW-021,2026-07-30T11:00:00-04:00,LIST-002810
ShopGoodwill,SGW-OPEN-000410,SGW-UNSOLD-000410,GW-017,2026-07-30T11:00:00-04:00,LIST-002867
ShopGoodwill,SGW-OPEN-000513,SGW-UNSOLD-000513,GW-002,2026-07-30T11:00:00-04:00,LIST-002914
ShopGoodwill,SGW-OPEN-000518,SGW-UNSOLD-000518,GW-001,2026-07-30T11:00:00-04:00,LIST-002918
ShopGoodwill,SGW-OPEN-000714,SGW-UNSOLD-000714,GW-008,2026-07-30T11:00:00-04:00,LIST-002995
ShopGoodwill,SGW-OPEN-000905,SGW-UNSOLD-000905,GW-008,2026-07-30T11:00:00-04:00,LIST-003074
eBay,EB-LST-000001,EB-ITM-000001,GW-012,2026-07-31T11:00:00-04:00,LIST-001801
eBay,EB-LST-000023,EB-ITM-000023,GW-020,2026-07-31T11:00:00-04:00,LIST-001823
eBay,EB-LST-000097,EB-ITM-000097,GW-003,2026-07-31T11:00:00-04:00,LIST-001897
eBay,EB-LST-000116,EB-ITM-000116,GW-014,2026-07-31T11:00:00-04:00,LIST-001916
eBay,EB-LST-000131,EB-ITM-000131,GW-022,2026-07-31T11:00:00-04:00,LIST-001931
eBay,EB-LST-000137,EB-ITM-000137,GW-004,2026-07-31T11:00:00-04:00,LIST-001937
eBay,EB-LST-000140,EB-ITM-000140,GW-008,2026-07-31T11:00:00-04:00,LIST-001940
eBay,EB-LST-000147,EB-ITM-000147,GW-006,2026-07-31T11:00:00-04:00,LIST-001947
eBay,EB-LST-000163,EB-ITM-000163,GW-002,2026-07-31T11:00:00-04:00,LIST-001963
eBay,EB-LST-000235,EB-ITM-000235,GW-017,2026-07-31T11:00:00-04:00,LIST-002035
eBay,EB-LST-000273,EB-ITM-000273,GW-006,2026-07-31T11:00:00-04:00,LIST-002073
eBay,EB-LST-000307,EB-ITM-000307,GW-017,2026-07-31T11:00:00-04:00,LIST-002107
eBay,EB-LST-000322,EB-ITM-000322,GW-002,2026-07-31T11:00:00-04:00,LIST-002122
eBay,EB-LST-000330,EB-ITM-000330,GW-022,2026-07-31T11:00:00-04:00,LIST-002130
eBay,EB-LST-000388,EB-ITM-000388,GW-008,2026-07-31T11:00:00-04:00,LIST-002188
eBay,EB-LST-000429,EB-ITM-000429,GW-002,2026-07-31T11:00:00-04:00,LIST-002229
eBay,EB-LST-000439,EB-ITM-000439,GW-009,2026-07-31T11:00:00-04:00,LIST-002239
eBay,EB-LST-000460,EB-ITM-000460,GW-011,2026-07-31T11:00:00-04:00,LIST-002260
eBay,EB-LST-000511,EB-ITM-000511,GW-001,2026-07-31T11:00:00-04:00,LIST-002311
eBay,EB-LST-000538,EB-ITM-000538,GW-009,2026-07-31T11:00:00-04:00,LIST-002338
eBay,EB-LST-000564,EB-ITM-000564,GW-018,2026-07-31T11:00:00-04:00,LIST-002364
eBay,EB-LST-000594,EB-ITM-000594,GW-015,2026-07-31T11:00:00-04:00,LIST-002394
eBay,EB-LST-000597,EB-ITM-000597,GW-024,2026-07-31T11:00:00-04:00,LIST-002397
eBay,EB-LST-000598,EB-ITM-000598,GW-021,2026-07-31T11:00:00-04:00,LIST-002398
eBay,EB-LST-000620,EB-ITM-000620,GW-012,2026-07-31T11:00:00-04:00,LIST-002420
eBay,EB-LST-000629,EB-ITM-000629,GW-017,2026-07-31T11:00:00-04:00,LIST-002429
eBay,EB-LST-000758,EB-ITM-000758,GW-004,2026-07-31T11:00:00-04:00,LIST-002558
eBay,EB-LST-000764,EB-ITM-000764,GW-002,2026-07-31T11:00:00-04:00,LIST-002564
eBay,EB-LST-000820,EB-ITM-000820,GW-001,2026-07-31T11:00:00-04:00,LIST-002620
eBay,EB-LST-000865,EB-ITM-000865,GW-023,2026-07-31T11:00:00-04:00,LIST-002665
eBay,EB-OPEN-000226,EB-UNSOLD-000226,GW-007,2026-07-31T11:00:00-04:00,LIST-002789
eBay,EB-OPEN-000361,EB-UNSOLD-000361,GW-006,2026-07-31T11:00:00-04:00,LIST-002844
eBay,EB-OPEN-000581,EB-UNSOLD-000581,GW-012,2026-07-31T11:00:00-04:00,LIST-002945
eBay,EB-OPEN-000718,EB-UNSOLD-000718,GW-016,2026-07-31T11:00:00-04:00,LIST-002997
ShopGoodwill,SGW-LST-000081,SGW-ITM-000081,GW-019,2026-07-31T11:00:00-04:00,LIST-000081
ShopGoodwill,SGW-LST-000129,SGW-ITM-000129,GW-024,2026-07-31T11:00:00-04:00,LIST-000129
ShopGoodwill,SGW-LST-000149,SGW-ITM-000149,GW-012,2026-07-31T11:00:00-04:00,LIST-000149
ShopGoodwill,SGW-LST-000179,SGW-ITM-000179,GW-018,2026-07-31T11:00:00-04:00,LIST-000179
ShopGoodwill,SGW-LST-000234,SGW-ITM-000234,GW-021,2026-07-31T11:00:00-04:00,LIST-000234
ShopGoodwill,SGW-LST-000246,SGW-ITM-000246,GW-019,2026-07-31T11:00:00-04:00,LIST-000246
ShopGoodwill,SGW-LST-000268,SGW-ITM-000268,GW-004,2026-07-31T11:00:00-04:00,LIST-000268
ShopGoodwill,SGW-LST-000315,SGW-ITM-000315,GW-024,2026-07-31T11:00:00-04:00,LIST-000315
ShopGoodwill,SGW-LST-000322,SGW-ITM-000322,GW-022,2026-07-31T11:00:00-04:00,LIST-000322
ShopGoodwill,SGW-LST-000334,SGW-ITM-000334,GW-014,2026-07-31T11:00:00-04:00,LIST-000334
ShopGoodwill,SGW-LST-000364,SGW-ITM-000364,GW-008,2026-07-31T11:00:00-04:00,LIST-000364
ShopGoodwill,SGW-LST-000445,SGW-ITM-000445,GW-002,2026-07-31T11:00:00-04:00,LIST-000445
ShopGoodwill,SGW-LST-000485,SGW-ITM-000485,GW-024,2026-07-31T11:00:00-04:00,LIST-000485
ShopGoodwill,SGW-LST-000506,SGW-ITM-000506,GW-008,2026-07-31T11:00:00-04:00,LIST-000506
ShopGoodwill,SGW-LST-000586,SGW-ITM-000586,GW-013,2026-07-31T11:00:00-04:00,LIST-000586
ShopGoodwill,SGW-LST-000596,SGW-ITM-000596,GW-008,2026-07-31T11:00:00-04:00,LIST-000596
ShopGoodwill,SGW-LST-000597,SGW-ITM-000597,GW-015,2026-07-31T11:00:00-04:00,LIST-000597
ShopGoodwill,SGW-LST-000631,SGW-ITM-000631,GW-019,2026-07-31T11:00:00-04:00,LIST-000631
ShopGoodwill,SGW-LST-000643,SGW-ITM-000643,GW-004,2026-07-31T11:00:00-04:00,LIST-000643
ShopGoodwill,SGW-LST-000682,SGW-ITM-000682,GW-012,2026-07-31T11:00:00-04:00,LIST-000682
ShopGoodwill,SGW-LST-000729,SGW-ITM-000729,GW-005,2026-07-31T11:00:00-04:00,LIST-000729
ShopGoodwill,SGW-LST-000809,SGW-ITM-000809,GW-020,2026-07-31T11:00:00-04:00,LIST-000809
ShopGoodwill,SGW-LST-000816,SGW-ITM-000816,GW-004,2026-07-31T11:00:00-04:00,LIST-000816
ShopGoodwill,SGW-LST-000839,SGW-ITM-000839,GW-017,2026-07-31T11:00:00-04:00,LIST-000839
ShopGoodwill,SGW-LST-000858,SGW-ITM-000858,GW-018,2026-07-31T11:00:00-04:00,LIST-000858
ShopGoodwill,SGW-LST-000909,SGW-ITM-000909,GW-004,2026-07-31T11:00:00-04:00,LIST-000909
ShopGoodwill,SGW-LST-000933,SGW-ITM-000933,GW-002,2026-07-31T11:00:00-04:00,LIST-000933
ShopGoodwill,SGW-LST-000950,SGW-ITM-000950,GW-010,2026-07-31T11:00:00-04:00,LIST-000950
ShopGoodwill,SGW-LST-000954,SGW-ITM-000954,GW-009,2026-07-31T11:00:00-04:00,LIST-000954
ShopGoodwill,SGW-LST-001009,SGW-ITM-001009,GW-002,2026-07-31T11:00:00-04:00,LIST-001009
ShopGoodwill,SGW-LST-001069,SGW-ITM-001069,GW-017,2026-07-31T11:00:00-04:00,LIST-001069
ShopGoodwill,SGW-LST-001113,SGW-ITM-001113,GW-005,2026-07-31T11:00:00-04:00,LIST-001113
ShopGoodwill,SGW-LST-001379,SGW-ITM-001379,GW-021,2026-07-31T11:00:00-04:00,LIST-001379
ShopGoodwill,SGW-LST-001420,SGW-ITM-001420,GW-024,2026-07-31T11:00:00-04:00,LIST-001420
ShopGoodwill,SGW-LST-001496,SGW-ITM-001496,GW-019,2026-07-31T11:00:00-04:00,LIST-001496
ShopGoodwill,SGW-LST-001508,SGW-ITM-001508,GW-024,2026-07-31T11:00:00-04:00,LIST-001508
ShopGoodwill,SGW-LST-001509,SGW-ITM-001509,GW-002,2026-07-31T11:00:00-04:00,LIST-001509
ShopGoodwill,SGW-LST-001715,SGW-ITM-001715,GW-001,2026-07-31T11:00:00-04:00,LIST-001715
ShopGoodwill,SGW-LST-001720,SGW-ITM-001720,GW-001,2026-07-31T11:00:00-04:00,LIST-001720
ShopGoodwill,SGW-LST-001752,SGW-ITM-001752,GW-002,2026-07-31T11:00:00-04:00,LIST-001752
ShopGoodwill,SGW-LST-001775,SGW-ITM-001775,GW-023,2026-07-31T11:00:00-04:00,LIST-001775
ShopGoodwill,SGW-LST-001791,SGW-ITM-001791,GW-014,2026-07-31T11:00:00-04:00,LIST-001791
ShopGoodwill,SGW-OPEN-000098,SGW-UNSOLD-000098,GW-010,2026-07-31T11:00:00-04:00,LIST-002737
ShopGoodwill,SGW-OPEN-000351,SGW-UNSOLD-000351,GW-007,2026-07-31T11:00:00-04:00,LIST-002839
ShopGoodwill,SGW-OPEN-000469,SGW-UNSOLD-000469,GW-023,2026-07-31T11:00:00-04:00,LIST-002892
ShopGoodwill,SGW-OPEN-000530,SGW-UNSOLD-000530,GW-016,2026-07-31T11:00:00-04:00,LIST-002924
ShopGoodwill,SGW-OPEN-000649,SGW-UNSOLD-000649,GW-011,2026-07-31T11:00:00-04:00,LIST-002970
ShopGoodwill,SGW-OPEN-000983,SGW-UNSOLD-000983,GW-004,2026-07-31T11:00:00-04:00,LIST-003096
ShopGoodwill,SGW-OPEN-001137,SGW-UNSOLD-001137,GW-001,2026-07-31T11:00:00-04:00,LIST-003152
ShopGoodwill,SGW-OPEN-001192,SGW-UNSOLD-001192,GW-017,2026-07-31T11:00:00-04:00,LIST-003177
eBay,EB-LST-000009,EB-ITM-000009,GW-014,2026-08-01T11:00:00-04:00,LIST-001809
eBay,EB-LST-000033,EB-ITM-000033,GW-012,2026-08-01T11:00:00-04:00,LIST-001833
eBay,EB-LST-000039,EB-ITM-000039,GW-003,2026-08-01T11:00:00-04:00,LIST-001839
eBay,EB-LST-000076,EB-ITM-000076,GW-012,2026-08-01T11:00:00-04:00,LIST-001876
eBay,EB-LST-000086,EB-ITM-000086,GW-017,2026-08-01T11:00:00-04:00,LIST-001886
eBay,EB-LST-000103,EB-ITM-000103,GW-001,2026-08-01T11:00:00-04:00,LIST-001903
eBay,EB-LST-000173,EB-ITM-000173,GW-024,2026-08-01T11:00:00-04:00,LIST-001973
eBay,EB-LST-000222,EB-ITM-000222,GW-012,2026-08-01T11:00:00-04:00,LIST-002022
eBay,EB-LST-000243,EB-ITM-000243,GW-008,2026-08-01T11:00:00-04:00,LIST-002043
eBay,EB-LST-000326,EB-ITM-000326,GW-012,2026-08-01T11:00:00-04:00,LIST-002126
eBay,EB-LST-000375,EB-ITM-000375,GW-012,2026-08-01T11:00:00-04:00,LIST-002175
eBay,EB-LST-000398,EB-ITM-000398,GW-002,2026-08-01T11:00:00-04:00,LIST-002198
eBay,EB-LST-000415,EB-ITM-000415,GW-022,2026-08-01T11:00:00-04:00,LIST-002215
eBay,EB-LST-000416,EB-ITM-000416,GW-006,2026-08-01T11:00:00-04:00,LIST-002216
eBay,EB-LST-000418,EB-ITM-000418,GW-004,2026-08-01T11:00:00-04:00,LIST-002218
eBay,EB-LST-000453,EB-ITM-000453,GW-017,2026-08-01T11:00:00-04:00,LIST-002253
eBay,EB-LST-000477,EB-ITM-000477,GW-009,2026-08-01T11:00:00-04:00,LIST-002277
eBay,EB-LST-000500,EB-ITM-000500,GW-018,2026-08-01T11:00:00-04:00,LIST-002300
eBay,EB-LST-000514,EB-ITM-000514,GW-008,2026-08-01T11:00:00-04:00,LIST-002314
eBay,EB-LST-000568,EB-ITM-000568,GW-006,2026-08-01T11:00:00-04:00,LIST-002368
eBay,EB-LST-000572,EB-ITM-000572,GW-006,2026-08-01T11:00:00-04:00,LIST-002372
eBay,EB-LST-000590,EB-ITM-000590,GW-008,2026-08-01T11:00:00-04:00,LIST-002390
eBay,EB-LST-000689,EB-ITM-000689,GW-011,2026-08-01T11:00:00-04:00,LIST-002489
eBay,EB-LST-000715,EB-ITM-000715,GW-004,2026-08-01T11:00:00-04:00,LIST-002515
eBay,EB-LST-000748,EB-ITM-000748,GW-009,2026-08-01T11:00:00-04:00,LIST-002548
eBay,EB-LST-000831,EB-ITM-000831,GW-022,2026-08-01T11:00:00-04:00,LIST-002631
eBay,EB-LST-000837,EB-ITM-000837,GW-024,2026-08-01T11:00:00-04:00,LIST-002637
eBay,EB-LST-000843,EB-ITM-000843,GW-009,2026-08-01T11:00:00-04:00,LIST-002643
eBay,EB-LST-000844,EB-ITM-000844,GW-008,2026-08-01T11:00:00-04:00,LIST-002644
eBay,EB-OPEN-000333,EB-UNSOLD-000333,GW-004,2026-08-01T11:00:00-04:00,LIST-002832
eBay,EB-OPEN-000405,EB-UNSOLD-000405,GW-013,2026-08-01T11:00:00-04:00,LIST-002866
eBay,EB-OPEN-000832,EB-UNSOLD-000832,GW-024,2026-08-01T11:00:00-04:00,LIST-003044
eBay,EB-OPEN-001172,EB-UNSOLD-001172,GW-012,2026-08-01T11:00:00-04:00,LIST-003170
ShopGoodwill,SGW-LST-000005,SGW-ITM-000005,GW-003,2026-08-01T11:00:00-04:00,LIST-000005
ShopGoodwill,SGW-LST-000053,SGW-ITM-000053,GW-005,2026-08-01T11:00:00-04:00,LIST-000053
ShopGoodwill,SGW-LST-000055,SGW-ITM-000055,GW-007,2026-08-01T11:00:00-04:00,LIST-000055
ShopGoodwill,SGW-LST-000172,SGW-ITM-000172,GW-009,2026-08-01T11:00:00-04:00,LIST-000172
ShopGoodwill,SGW-LST-000227,SGW-ITM-000227,GW-012,2026-08-01T11:00:00-04:00,LIST-000227
ShopGoodwill,SGW-LST-000243,SGW-ITM-000243,GW-014,2026-08-01T11:00:00-04:00,LIST-000243
ShopGoodwill,SGW-LST-000279,SGW-ITM-000279,GW-007,2026-08-01T11:00:00-04:00,LIST-000279
ShopGoodwill,SGW-LST-000293,SGW-ITM-000293,GW-015,2026-08-01T11:00:00-04:00,LIST-000293
ShopGoodwill,SGW-LST-000311,SGW-ITM-000311,GW-008,2026-08-01T11:00:00-04:00,LIST-000311
ShopGoodwill,SGW-LST-000441,SGW-ITM-000441,GW-017,2026-08-01T11:00:00-04:00,LIST-000441
ShopGoodwill,SGW-LST-000486,SGW-ITM-000486,GW-007,2026-08-01T11:00:00-04:00,LIST-000486
ShopGoodwill,SGW-LST-000494,SGW-ITM-000494,GW-010,2026-08-01T11:00:00-04:00,LIST-000494
ShopGoodwill,SGW-LST-000571,SGW-ITM-000571,GW-008,2026-08-01T11:00:00-04:00,LIST-000571
ShopGoodwill,SGW-LST-000591,SGW-ITM-000591,GW-018,2026-08-01T11:00:00-04:00,LIST-000591
ShopGoodwill,SGW-LST-000681,SGW-ITM-000681,GW-014,2026-08-01T11:00:00-04:00,LIST-000681
ShopGoodwill,SGW-LST-000714,SGW-ITM-000714,GW-022,2026-08-01T11:00:00-04:00,LIST-000714
ShopGoodwill,SGW-LST-000792,SGW-ITM-000792,GW-001,2026-08-01T11:00:00-04:00,LIST-000792
ShopGoodwill,SGW-LST-000805,SGW-ITM-000805,GW-022,2026-08-01T11:00:00-04:00,LIST-000805
ShopGoodwill,SGW-LST-000823,SGW-ITM-000823,GW-012,2026-08-01T11:00:00-04:00,LIST-000823
ShopGoodwill,SGW-LST-000834,SGW-ITM-000834,GW-019,2026-08-01T11:00:00-04:00,LIST-000834
ShopGoodwill,SGW-LST-000935,SGW-ITM-000935,GW-009,2026-08-01T11:00:00-04:00,LIST-000935
ShopGoodwill,SGW-LST-000937,SGW-ITM-000937,GW-002,2026-08-01T11:00:00-04:00,LIST-000937
ShopGoodwill,SGW-LST-000947,SGW-ITM-000947,GW-008,2026-08-01T11:00:00-04:00,LIST-000947
ShopGoodwill,SGW-LST-000967,SGW-ITM-000967,GW-007,2026-08-01T11:00:00-04:00,LIST-000967
ShopGoodwill,SGW-LST-000969,SGW-ITM-000969,GW-021,2026-08-01T11:00:00-04:00,LIST-000969
ShopGoodwill,SGW-LST-001037,SGW-ITM-001037,GW-020,2026-08-01T11:00:00-04:00,LIST-001037
ShopGoodwill,SGW-LST-001047,SGW-ITM-001047,GW-016,2026-08-01T11:00:00-04:00,LIST-001047
ShopGoodwill,SGW-LST-001066,SGW-ITM-001066,GW-009,2026-08-01T11:00:00-04:00,LIST-001066
ShopGoodwill,SGW-LST-001146,SGW-ITM-001146,GW-021,2026-08-01T11:00:00-04:00,LIST-001146
ShopGoodwill,SGW-LST-001214,SGW-ITM-001214,GW-018,2026-08-01T11:00:00-04:00,LIST-001214
ShopGoodwill,SGW-LST-001221,SGW-ITM-001221,GW-015,2026-08-01T11:00:00-04:00,LIST-001221
ShopGoodwill,SGW-LST-001275,SGW-ITM-001275,GW-016,2026-08-01T11:00:00-04:00,LIST-001275
ShopGoodwill,SGW-LST-001278,SGW-ITM-001278,GW-004,2026-08-01T11:00:00-04:00,LIST-001278
ShopGoodwill,SGW-LST-001288,SGW-ITM-001288,GW-019,2026-08-01T11:00:00-04:00,LIST-001288
ShopGoodwill,SGW-LST-001294,SGW-ITM-001294,GW-004,2026-08-01T11:00:00-04:00,LIST-001294
ShopGoodwill,SGW-LST-001341,SGW-ITM-001341,GW-009,2026-08-01T11:00:00-04:00,LIST-001341
ShopGoodwill,SGW-LST-001385,SGW-ITM-001385,GW-008,2026-08-01T11:00:00-04:00,LIST-001385
ShopGoodwill,SGW-LST-001413,SGW-ITM-001413,GW-020,2026-08-01T11:00:00-04:00,LIST-001413
ShopGoodwill,SGW-LST-001504,SGW-ITM-001504,GW-001,2026-08-01T11:00:00-04:00,LIST-001504
ShopGoodwill,SGW-LST-001538,SGW-ITM-001538,GW-016,2026-08-01T11:00:00-04:00,LIST-001538
ShopGoodwill,SGW-LST-001605,SGW-ITM-001605,GW-002,2026-08-01T11:00:00-04:00,LIST-001605
ShopGoodwill,SGW-LST-001613,SGW-ITM-001613,GW-017,2026-08-01T11:00:00-04:00,LIST-001613
ShopGoodwill,SGW-LST-001650,SGW-ITM-001650,GW-024,2026-08-01T11:00:00-04:00,LIST-001650
ShopGoodwill,SGW-LST-001660,SGW-ITM-001660,GW-018,2026-08-01T11:00:00-04:00,LIST-001660
ShopGoodwill,SGW-LST-001701,SGW-ITM-001701,GW-014,2026-08-01T11:00:00-04:00,LIST-001701
ShopGoodwill,SGW-LST-001705,SGW-ITM-001705,GW-010,2026-08-01T11:00:00-04:00,LIST-001705
ShopGoodwill,SGW-LST-001707,SGW-ITM-001707,GW-014,2026-08-01T11:00:00-04:00,LIST-001707
ShopGoodwill,SGW-LST-001797,SGW-ITM-001797,GW-001,2026-08-01T11:00:00-04:00,LIST-001797
ShopGoodwill,SGW-OPEN-000084,SGW-UNSOLD-000084,GW-018,2026-08-01T11:00:00-04:00,LIST-002734
ShopGoodwill,SGW-OPEN-000383,SGW-UNSOLD-000383,GW-010,2026-08-01T11:00:00-04:00,LIST-002854
ShopGoodwill,SGW-OPEN-000503,SGW-UNSOLD-000503,GW-009,2026-08-01T11:00:00-04:00,LIST-002909
ShopGoodwill,SGW-OPEN-000785,SGW-UNSOLD-000785,GW-023,2026-08-01T11:00:00-04:00,LIST-003025
eBay,EB-LST-000040,EB-ITM-000040,GW-009,2026-08-02T11:00:00-04:00,LIST-001840
eBay,EB-LST-000050,EB-ITM-000050,GW-008,2026-08-02T11:00:00-04:00,LIST-001850
eBay,EB-LST-000078,EB-ITM-000078,GW-016,2026-08-02T11:00:00-04:00,LIST-001878
eBay,EB-LST-000132,EB-ITM-000132,GW-014,2026-08-02T11:00:00-04:00,LIST-001932
eBay,EB-LST-000134,EB-ITM-000134,GW-022,2026-08-02T11:00:00-04:00,LIST-001934
eBay,EB-LST-000138,EB-ITM-000138,GW-012,2026-08-02T11:00:00-04:00,LIST-001938
eBay,EB-LST-000195,EB-ITM-000195,GW-001,2026-08-02T11:00:00-04:00,LIST-001995
eBay,EB-LST-000209,EB-ITM-000209,GW-009,2026-08-02T11:00:00-04:00,LIST-002009
eBay,EB-LST-000255,EB-ITM-000255,GW-022,2026-08-02T11:00:00-04:00,LIST-002055
eBay,EB-LST-000277,EB-ITM-000277,GW-003,2026-08-02T11:00:00-04:00,LIST-002077
eBay,EB-LST-000309,EB-ITM-000309,GW-003,2026-08-02T11:00:00-04:00,LIST-002109
eBay,EB-LST-000319,EB-ITM-000319,GW-022,2026-08-02T11:00:00-04:00,LIST-002119
eBay,EB-LST-000328,EB-ITM-000328,GW-020,2026-08-02T11:00:00-04:00,LIST-002128
eBay,EB-LST-000463,EB-ITM-000463,GW-001,2026-08-02T11:00:00-04:00,LIST-002263
eBay,EB-LST-000535,EB-ITM-000535,GW-023,2026-08-02T11:00:00-04:00,LIST-002335
eBay,EB-LST-000547,EB-ITM-000547,GW-017,2026-08-02T11:00:00-04:00,LIST-002347
eBay,EB-LST-000704,EB-ITM-000704,GW-022,2026-08-02T11:00:00-04:00,LIST-002504
eBay,EB-LST-000716,EB-ITM-000716,GW-015,2026-08-02T11:00:00-04:00,LIST-002516
eBay,EB-LST-000759,EB-ITM-000759,GW-022,2026-08-02T11:00:00-04:00,LIST-002559
eBay,EB-LST-000806,EB-ITM-000806,GW-021,2026-08-02T11:00:00-04:00,LIST-002606
eBay,EB-OPEN-000046,EB-UNSOLD-000046,GW-013,2026-08-02T11:00:00-04:00,LIST-002717
eBay,EB-OPEN-000121,EB-UNSOLD-000121,GW-022,2026-08-02T11:00:00-04:00,LIST-002747
ShopGoodwill,SGW-LST-000068,SGW-ITM-000068,GW-009,2026-08-02T11:00:00-04:00,LIST-000068
ShopGoodwill,SGW-LST-000094,SGW-ITM-000094,GW-015,2026-08-02T11:00:00-04:00,LIST-000094
ShopGoodwill,SGW-LST-000117,SGW-ITM-000117,GW-014,2026-08-02T11:00:00-04:00,LIST-000117
ShopGoodwill,SGW-LST-000148,SGW-ITM-000148,GW-020,2026-08-02T11:00:00-04:00,LIST-000148
ShopGoodwill,SGW-LST-000285,SGW-ITM-000285,GW-006,2026-08-02T11:00:00-04:00,LIST-000285
ShopGoodwill,SGW-LST-000309,SGW-ITM-000309,GW-011,2026-08-02T11:00:00-04:00,LIST-000309
ShopGoodwill,SGW-LST-000347,SGW-ITM-000347,GW-004,2026-08-02T11:00:00-04:00,LIST-000347
ShopGoodwill,SGW-LST-000368,SGW-ITM-000368,GW-013,2026-08-02T11:00:00-04:00,LIST-000368
ShopGoodwill,SGW-LST-000408,SGW-ITM-000408,GW-004,2026-08-02T11:00:00-04:00,LIST-000408
ShopGoodwill,SGW-LST-000463,SGW-ITM-000463,GW-011,2026-08-02T11:00:00-04:00,LIST-000463
ShopGoodwill,SGW-LST-000518,SGW-ITM-000518,GW-009,2026-08-02T11:00:00-04:00,LIST-000518
ShopGoodwill,SGW-LST-000520,SGW-ITM-000520,GW-001,2026-08-02T11:00:00-04:00,LIST-000520
ShopGoodwill,SGW-LST-000527,SGW-ITM-000527,GW-001,2026-08-02T11:00:00-04:00,LIST-000527
ShopGoodwill,SGW-LST-000551,SGW-ITM-000551,GW-001,2026-08-02T11:00:00-04:00,LIST-000551
ShopGoodwill,SGW-LST-000606,SGW-ITM-000606,GW-021,2026-08-02T11:00:00-04:00,LIST-000606
ShopGoodwill,SGW-LST-000612,SGW-ITM-000612,GW-012,2026-08-02T11:00:00-04:00,LIST-000612
ShopGoodwill,SGW-LST-000644,SGW-ITM-000644,GW-005,2026-08-02T11:00:00-04:00,LIST-000644
ShopGoodwill,SGW-LST-000736,SGW-ITM-000736,GW-024,2026-08-02T11:00:00-04:00,LIST-000736
ShopGoodwill,SGW-LST-000778,SGW-ITM-000778,GW-022,2026-08-02T11:00:00-04:00,LIST-000778
ShopGoodwill,SGW-LST-000799,SGW-ITM-000799,GW-001,2026-08-02T11:00:00-04:00,LIST-000799
ShopGoodwill,SGW-LST-000820,SGW-ITM-000820,GW-008,2026-08-02T11:00:00-04:00,LIST-000820
ShopGoodwill,SGW-LST-000828,SGW-ITM-000828,GW-008,2026-08-02T11:00:00-04:00,LIST-000828
ShopGoodwill,SGW-LST-000883,SGW-ITM-000883,GW-018,2026-08-02T11:00:00-04:00,LIST-000883
ShopGoodwill,SGW-LST-000958,SGW-ITM-000958,GW-023,2026-08-02T11:00:00-04:00,LIST-000958
ShopGoodwill,SGW-LST-001072,SGW-ITM-001072,GW-009,2026-08-02T11:00:00-04:00,LIST-001072
ShopGoodwill,SGW-LST-001104,SGW-ITM-001104,GW-002,2026-08-02T11:00:00-04:00,LIST-001104
ShopGoodwill,SGW-LST-001139,SGW-ITM-001139,GW-009,2026-08-02T11:00:00-04:00,LIST-001139
ShopGoodwill,SGW-LST-001259,SGW-ITM-001259,GW-007,2026-08-02T11:00:00-04:00,LIST-001259
ShopGoodwill,SGW-LST-001297,SGW-ITM-001297,GW-008,2026-08-02T11:00:00-04:00,LIST-001297
ShopGoodwill,SGW-LST-001366,SGW-ITM-001366,GW-007,2026-08-02T11:00:00-04:00,LIST-001366
ShopGoodwill,SGW-LST-001376,SGW-ITM-001376,GW-005,2026-08-02T11:00:00-04:00,LIST-001376
ShopGoodwill,SGW-LST-001512,SGW-ITM-001512,GW-022,2026-08-02T11:00:00-04:00,LIST-001512
ShopGoodwill,SGW-LST-001514,SGW-ITM-001514,GW-014,2026-08-02T11:00:00-04:00,LIST-001514
ShopGoodwill,SGW-LST-001518,SGW-ITM-001518,GW-002,2026-08-02T11:00:00-04:00,LIST-001518
ShopGoodwill,SGW-LST-001577,SGW-ITM-001577,GW-004,2026-08-02T11:00:00-04:00,LIST-001577
ShopGoodwill,SGW-LST-001618,SGW-ITM-001618,GW-013,2026-08-02T11:00:00-04:00,LIST-001618
ShopGoodwill,SGW-LST-001633,SGW-ITM-001633,GW-005,2026-08-02T11:00:00-04:00,LIST-001633
ShopGoodwill,SGW-LST-001649,SGW-ITM-001649,GW-004,2026-08-02T11:00:00-04:00,LIST-001649
ShopGoodwill,SGW-LST-001726,SGW-ITM-001726,GW-004,2026-08-02T11:00:00-04:00,LIST-001726
ShopGoodwill,SGW-LST-001782,SGW-ITM-001782,GW-005,2026-08-02T11:00:00-04:00,LIST-001782
ShopGoodwill,SGW-OPEN-000130,SGW-UNSOLD-000130,GW-005,2026-08-02T11:00:00-04:00,LIST-002749
ShopGoodwill,SGW-OPEN-000566,SGW-UNSOLD-000566,GW-004,2026-08-02T11:00:00-04:00,LIST-002936
ShopGoodwill,SGW-OPEN-000643,SGW-UNSOLD-000643,GW-006,2026-08-02T11:00:00-04:00,LIST-002968
eBay,EB-LST-000029,EB-ITM-000029,GW-024,2026-08-03T11:00:00-04:00,LIST-001829
eBay,EB-LST-000048,EB-ITM-000048,GW-024,2026-08-03T11:00:00-04:00,LIST-001848
eBay,EB-LST-000049,EB-ITM-000049,GW-015,2026-08-03T11:00:00-04:00,LIST-001849
eBay,EB-LST-000061,EB-ITM-000061,GW-008,2026-08-03T11:00:00-04:00,LIST-001861
eBay,EB-LST-000062,EB-ITM-000062,GW-002,2026-08-03T11:00:00-04:00,LIST-001862
eBay,EB-LST-000070,EB-ITM-000070,GW-020,2026-08-03T11:00:00-04:00,LIST-001870
eBay,EB-LST-000124,EB-ITM-000124,GW-016,2026-08-03T11:00:00-04:00,LIST-001924
eBay,EB-LST-000228,EB-ITM-000228,GW-010,2026-08-03T11:00:00-04:00,LIST-002028
eBay,EB-LST-000234,EB-ITM-000234,GW-009,2026-08-03T11:00:00-04:00,LIST-002034
eBay,EB-LST-000244,EB-ITM-000244,GW-008,2026-08-03T11:00:00-04:00,LIST-002044
eBay,EB-LST-000266,EB-ITM-000266,GW-015,2026-08-03T11:00:00-04:00,LIST-002066
eBay,EB-LST-000314,EB-ITM-000314,GW-011,2026-08-03T11:00:00-04:00,LIST-002114
eBay,EB-LST-000354,EB-ITM-000354,GW-012,2026-08-03T11:00:00-04:00,LIST-002154
eBay,EB-LST-000358,EB-ITM-000358,GW-020,2026-08-03T11:00:00-04:00,LIST-002158
eBay,EB-LST-000410,EB-ITM-000410,GW-017,2026-08-03T11:00:00-04:00,LIST-002210
eBay,EB-LST-000449,EB-ITM-000449,GW-023,2026-08-03T11:00:00-04:00,LIST-002249
eBay,EB-LST-000469,EB-ITM-000469,GW-024,2026-08-03T11:00:00-04:00,LIST-002269
eBay,EB-LST-000472,EB-ITM-000472,GW-023,2026-08-03T11:00:00-04:00,LIST-002272
eBay,EB-LST-000513,EB-ITM-000513,GW-021,2026-08-03T11:00:00-04:00,LIST-002313
eBay,EB-LST-000613,EB-ITM-000613,GW-009,2026-08-03T11:00:00-04:00,LIST-002413
eBay,EB-LST-000659,EB-ITM-000659,GW-006,2026-08-03T11:00:00-04:00,LIST-002459
eBay,EB-LST-000670,EB-ITM-000670,GW-013,2026-08-03T11:00:00-04:00,LIST-002470
eBay,EB-LST-000744,EB-ITM-000744,GW-022,2026-08-03T11:00:00-04:00,LIST-002544
eBay,EB-LST-000754,EB-ITM-000754,GW-001,2026-08-03T11:00:00-04:00,LIST-002554
eBay,EB-LST-000767,EB-ITM-000767,GW-024,2026-08-03T11:00:00-04:00,LIST-002567
eBay,EB-LST-000777,EB-ITM-000777,GW-012,2026-08-03T11:00:00-04:00,LIST-002577
eBay,EB-OPEN-000134,EB-UNSOLD-000134,GW-022,2026-08-03T11:00:00-04:00,LIST-002750
eBay,EB-OPEN-000253,EB-UNSOLD-000253,GW-012,2026-08-03T11:00:00-04:00,LIST-002803
eBay,EB-OPEN-000365,EB-UNSOLD-000365,GW-018,2026-08-03T11:00:00-04:00,LIST-002846
eBay,EB-OPEN-000740,EB-UNSOLD-000740,GW-002,2026-08-03T11:00:00-04:00,LIST-003006
ShopGoodwill,SGW-LST-000036,SGW-ITM-000036,GW-017,2026-08-03T11:00:00-04:00,LIST-000036
ShopGoodwill,SGW-LST-000065,SGW-ITM-000065,GW-020,2026-08-03T11:00:00-04:00,LIST-000065
ShopGoodwill,SGW-LST-000108,SGW-ITM-000108,GW-002,2026-08-03T11:00:00-04:00,LIST-000108
ShopGoodwill,SGW-LST-000132,SGW-ITM-000132,GW-016,2026-08-03T11:00:00-04:00,LIST-000132
ShopGoodwill,SGW-LST-000217,SGW-ITM-000217,GW-016,2026-08-03T11:00:00-04:00,LIST-000217
ShopGoodwill,SGW-LST-000282,SGW-ITM-000282,GW-005,2026-08-03T11:00:00-04:00,LIST-000282
ShopGoodwill,SGW-LST-000354,SGW-ITM-000354,GW-008,2026-08-03T11:00:00-04:00,LIST-000354
ShopGoodwill,SGW-LST-000436,SGW-ITM-000436,GW-018,2026-08-03T11:00:00-04:00,LIST-000436
ShopGoodwill,SGW-LST-000471,SGW-ITM-000471,GW-001,2026-08-03T11:00:00-04:00,LIST-000471
ShopGoodwill,SGW-LST-000680,SGW-ITM-000680,GW-006,2026-08-03T11:00:00-04:00,LIST-000680
ShopGoodwill,SGW-LST-000693,SGW-ITM-000693,GW-019,2026-08-03T11:00:00-04:00,LIST-000693
ShopGoodwill,SGW-LST-000713,SGW-ITM-000713,GW-008,2026-08-03T11:00:00-04:00,LIST-000713
ShopGoodwill,SGW-LST-000745,SGW-ITM-000745,GW-017,2026-08-03T11:00:00-04:00,LIST-000745
ShopGoodwill,SGW-LST-000752,SGW-ITM-000752,GW-003,2026-08-03T11:00:00-04:00,LIST-000752
ShopGoodwill,SGW-LST-000845,SGW-ITM-000845,GW-012,2026-08-03T11:00:00-04:00,LIST-000845
ShopGoodwill,SGW-LST-000881,SGW-ITM-000881,GW-004,2026-08-03T11:00:00-04:00,LIST-000881
ShopGoodwill,SGW-LST-000974,SGW-ITM-000974,GW-001,2026-08-03T11:00:00-04:00,LIST-000974
ShopGoodwill,SGW-LST-001000,SGW-ITM-001000,GW-003,2026-08-03T11:00:00-04:00,LIST-001000
ShopGoodwill,SGW-LST-001076,SGW-ITM-001076,GW-008,2026-08-03T11:00:00-04:00,LIST-001076
ShopGoodwill,SGW-LST-001091,SGW-ITM-001091,GW-001,2026-08-03T11:00:00-04:00,LIST-001091
ShopGoodwill,SGW-LST-001160,SGW-ITM-001160,GW-013,2026-08-03T11:00:00-04:00,LIST-001160
ShopGoodwill,SGW-LST-001176,SGW-ITM-001176,GW-016,2026-08-03T11:00:00-04:00,LIST-001176
ShopGoodwill,SGW-LST-001204,SGW-ITM-001204,GW-019,2026-08-03T11:00:00-04:00,LIST-001204
ShopGoodwill,SGW-LST-001236,SGW-ITM-001236,GW-021,2026-08-03T11:00:00-04:00,LIST-001236
ShopGoodwill,SGW-LST-001260,SGW-ITM-001260,GW-005,2026-08-03T11:00:00-04:00,LIST-001260
ShopGoodwill,SGW-LST-001264,SGW-ITM-001264,GW-016,2026-08-03T11:00:00-04:00,LIST-001264
ShopGoodwill,SGW-LST-001266,SGW-ITM-001266,,2026-08-03T11:00:00-04:00,LIST-001266
ShopGoodwill,SGW-LST-001304,SGW-ITM-001304,GW-008,2026-08-03T11:00:00-04:00,LIST-001304
ShopGoodwill,SGW-LST-001323,SGW-ITM-001323,GW-024,2026-08-03T11:00:00-04:00,LIST-001323
ShopGoodwill,SGW-LST-001344,SGW-ITM-001344,GW-006,2026-08-03T11:00:00-04:00,LIST-001344
ShopGoodwill,SGW-LST-001354,SGW-ITM-001354,GW-023,2026-08-03T11:00:00-04:00,LIST-001354
ShopGoodwill,SGW-LST-001475,SGW-ITM-001475,GW-018,2026-08-03T11:00:00-04:00,LIST-001475
ShopGoodwill,SGW-LST-001522,SGW-ITM-001522,GW-010,2026-08-03T11:00:00-04:00,LIST-001522
ShopGoodwill,SGW-LST-001560,SGW-ITM-001560,GW-016,2026-08-03T11:00:00-04:00,LIST-001560
ShopGoodwill,SGW-LST-001591,SGW-ITM-001591,GW-004,2026-08-03T11:00:00-04:00,LIST-001591
ShopGoodwill,SGW-LST-001646,SGW-ITM-001646,GW-008,2026-08-03T11:00:00-04:00,LIST-001646
ShopGoodwill,SGW-LST-001677,SGW-ITM-001677,GW-004,2026-08-03T11:00:00-04:00,LIST-001677
ShopGoodwill,SGW-LST-001688,SGW-ITM-001688,,2026-08-03T11:00:00-04:00,LIST-001688
ShopGoodwill,SGW-LST-001789,SGW-ITM-001789,GW-009,2026-08-03T11:00:00-04:00,LIST-001789
ShopGoodwill,SGW-OPEN-000149,SGW-UNSOLD-000149,GW-001,2026-08-03T11:00:00-04:00,LIST-002757
ShopGoodwill,SGW-OPEN-000216,SGW-UNSOLD-000216,GW-002,2026-08-03T11:00:00-04:00,LIST-002782
ShopGoodwill,SGW-OPEN-000247,SGW-UNSOLD-000247,GW-011,2026-08-03T11:00:00-04:00,LIST-002798
ShopGoodwill,SGW-OPEN-000411,SGW-UNSOLD-000411,GW-018,2026-08-03T11:00:00-04:00,LIST-002868
ShopGoodwill,SGW-OPEN-000458,SGW-UNSOLD-000458,GW-023,2026-08-03T11:00:00-04:00,LIST-002884
ShopGoodwill,SGW-OPEN-000730,SGW-UNSOLD-000730,GW-012,2026-08-03T11:00:00-04:00,LIST-002999
ShopGoodwill,SGW-OPEN-000800,SGW-UNSOLD-000800,GW-013,2026-08-03T11:00:00-04:00,LIST-003031
ShopGoodwill,SGW-OPEN-000916,SGW-UNSOLD-000916,GW-002,2026-08-03T11:00:00-04:00,LIST-003080
ShopGoodwill,SGW-OPEN-001085,SGW-UNSOLD-001085,GW-004,2026-08-03T11:00:00-04:00,LIST-003137
eBay,EB-LST-000019,EB-ITM-000019,GW-003,2026-08-04T11:00:00-04:00,LIST-001819
eBay,EB-LST-000068,EB-ITM-000068,GW-005,2026-08-04T11:00:00-04:00,LIST-001868
eBay,EB-LST-000077,EB-ITM-000077,GW-001,2026-08-04T11:00:00-04:00,LIST-001877
eBay,EB-LST-000125,EB-ITM-000125,GW-023,2026-08-04T11:00:00-04:00,LIST-001925
eBay,EB-LST-000297,EB-ITM-000297,GW-012,2026-08-04T11:00:00-04:00,LIST-002097
eBay,EB-LST-000298,EB-ITM-000298,GW-005,2026-08-04T11:00:00-04:00,LIST-002098
eBay,EB-LST-000350,EB-ITM-000350,GW-009,2026-08-04T11:00:00-04:00,LIST-002150
eBay,EB-LST-000362,EB-ITM-000362,GW-014,2026-08-04T11:00:00-04:00,LIST-002162
eBay,EB-LST-000372,EB-ITM-000372,GW-008,2026-08-04T11:00:00-04:00,LIST-002172
eBay,EB-LST-000396,EB-ITM-000396,GW-006,2026-08-04T11:00:00-04:00,LIST-002196
eBay,EB-LST-000433,EB-ITM-000433,GW-004,2026-08-04T11:00:00-04:00,LIST-002233
eBay,EB-LST-000465,EB-ITM-000465,GW-004,2026-08-04T11:00:00-04:00,LIST-002265
eBay,EB-LST-000544,EB-ITM-000544,GW-017,2026-08-04T11:00:00-04:00,LIST-002344
eBay,EB-LST-000664,EB-ITM-000664,GW-017,2026-08-04T11:00:00-04:00,LIST-002464
eBay,EB-LST-000711,EB-ITM-000711,GW-001,2026-08-04T11:00:00-04:00,LIST-002511
eBay,EB-LST-000778,EB-ITM-000778,GW-002,2026-08-04T11:00:00-04:00,LIST-002578
eBay,EB-LST-000807,EB-ITM-000807,GW-015,2026-08-04T11:00:00-04:00,LIST-002607
eBay,EB-OPEN-000177,EB-UNSOLD-000177,GW-016,2026-08-04T11:00:00-04:00,LIST-002767
eBay,EB-OPEN-000190,EB-UNSOLD-000190,GW-008,2026-08-04T11:00:00-04:00,LIST-002773
eBay,EB-OPEN-000451,EB-UNSOLD-000451,GW-020,2026-08-04T11:00:00-04:00,LIST-002880
eBay,EB-OPEN-000894,EB-UNSOLD-000894,GW-008,2026-08-04T11:00:00-04:00,LIST-003070
ShopGoodwill,SGW-LST-000029,SGW-ITM-000029,GW-021,2026-08-04T11:00:00-04:00,LIST-000029
ShopGoodwill,SGW-LST-000072,SGW-ITM-000072,GW-017,2026-08-04T11:00:00-04:00,LIST-000072
ShopGoodwill,SGW-LST-000144,SGW-ITM-000144,GW-020,2026-08-04T11:00:00-04:00,LIST-000144
ShopGoodwill,SGW-LST-000176,SGW-ITM-000176,GW-009,2026-08-04T11:00:00-04:00,LIST-000176
ShopGoodwill,SGW-LST-000206,SGW-ITM-000206,GW-001,2026-08-04T11:00:00-04:00,LIST-000206
ShopGoodwill,SGW-LST-000214,SGW-ITM-000214,GW-004,2026-08-04T11:00:00-04:00,LIST-000214
ShopGoodwill,SGW-LST-000240,SGW-ITM-000240,GW-002,2026-08-04T11:00:00-04:00,LIST-000240
ShopGoodwill,SGW-LST-000263,SGW-ITM-000263,GW-012,2026-08-04T11:00:00-04:00,LIST-000263
ShopGoodwill,SGW-LST-000294,SGW-ITM-000294,GW-017,2026-08-04T11:00:00-04:00,LIST-000294
ShopGoodwill,SGW-LST-000362,SGW-ITM-000362,GW-002,2026-08-04T11:00:00-04:00,LIST-000362
ShopGoodwill,SGW-LST-000397,SGW-ITM-000397,GW-004,2026-08-04T11:00:00-04:00,LIST-000397
ShopGoodwill,SGW-LST-000403,SGW-ITM-000403,GW-016,2026-08-04T11:00:00-04:00,LIST-000403
ShopGoodwill,SGW-LST-000435,SGW-ITM-000435,GW-012,2026-08-04T11:00:00-04:00,LIST-000435
ShopGoodwill,SGW-LST-000479,SGW-ITM-000479,GW-006,2026-08-04T11:00:00-04:00,LIST-000479
ShopGoodwill,SGW-LST-000558,SGW-ITM-000558,GW-002,2026-08-04T11:00:00-04:00,LIST-000558
ShopGoodwill,SGW-LST-000706,SGW-ITM-000706,GW-014,2026-08-04T11:00:00-04:00,LIST-000706
ShopGoodwill,SGW-LST-000725,SGW-ITM-000725,GW-002,2026-08-04T11:00:00-04:00,LIST-000725
ShopGoodwill,SGW-LST-000739,SGW-ITM-000739,GW-004,2026-08-04T11:00:00-04:00,LIST-000739
ShopGoodwill,SGW-LST-000800,SGW-ITM-000800,GW-018,2026-08-04T11:00:00-04:00,LIST-000800
ShopGoodwill,SGW-LST-000879,SGW-ITM-000879,GW-012,2026-08-04T11:00:00-04:00,LIST-000879
ShopGoodwill,SGW-LST-000897,SGW-ITM-000897,GW-012,2026-08-04T11:00:00-04:00,LIST-000897
ShopGoodwill,SGW-LST-000964,SGW-ITM-000964,GW-004,2026-08-04T11:00:00-04:00,LIST-000964
ShopGoodwill,SGW-LST-000981,SGW-ITM-000981,GW-021,2026-08-04T11:00:00-04:00,LIST-000981
ShopGoodwill,SGW-LST-000999,SGW-ITM-000999,GW-008,2026-08-04T11:00:00-04:00,LIST-000999
ShopGoodwill,SGW-LST-001004,SGW-ITM-001004,GW-014,2026-08-04T11:00:00-04:00,LIST-001004
ShopGoodwill,SGW-LST-001023,SGW-ITM-001023,GW-008,2026-08-04T11:00:00-04:00,LIST-001023
ShopGoodwill,SGW-LST-001052,SGW-ITM-001052,GW-013,2026-08-04T11:00:00-04:00,LIST-001052
ShopGoodwill,SGW-LST-001060,SGW-ITM-001060,GW-023,2026-08-04T11:00:00-04:00,LIST-001060
ShopGoodwill,SGW-LST-001298,SGW-ITM-001298,GW-008,2026-08-04T11:00:00-04:00,LIST-001298
ShopGoodwill,SGW-LST-001390,SGW-ITM-001390,GW-001,2026-08-04T11:00:00-04:00,LIST-001390
ShopGoodwill,SGW-LST-001409,SGW-ITM-001409,GW-023,2026-08-04T11:00:00-04:00,LIST-001409
ShopGoodwill,SGW-LST-001410,SGW-ITM-001410,GW-008,2026-08-04T11:00:00-04:00,LIST-001410
ShopGoodwill,SGW-LST-001548,SGW-ITM-001548,GW-014,2026-08-04T11:00:00-04:00,LIST-001548
ShopGoodwill,SGW-LST-001567,SGW-ITM-001567,GW-023,2026-08-04T11:00:00-04:00,LIST-001567
ShopGoodwill,SGW-LST-001640,SGW-ITM-001640,GW-008,2026-08-04T11:00:00-04:00,LIST-001640
ShopGoodwill,SGW-LST-001784,SGW-ITM-001784,GW-004,2026-08-04T11:00:00-04:00,LIST-001784
ShopGoodwill,SGW-LST-001796,SGW-ITM-001796,GW-012,2026-08-04T11:00:00-04:00,LIST-001796
ShopGoodwill,SGW-OPEN-000136,SGW-UNSOLD-000136,GW-001,2026-08-04T11:00:00-04:00,LIST-002751
ShopGoodwill,SGW-OPEN-000358,SGW-UNSOLD-000358,GW-001,2026-08-04T11:00:00-04:00,LIST-002843
ShopGoodwill,SGW-OPEN-000515,SGW-UNSOLD-000515,GW-002,2026-08-04T11:00:00-04:00,LIST-002916
ShopGoodwill,SGW-OPEN-000520,SGW-UNSOLD-000520,GW-016,2026-08-04T11:00:00-04:00,LIST-002920
ShopGoodwill,SGW-OPEN-000574,SGW-UNSOLD-000574,GW-020,2026-08-04T11:00:00-04:00,LIST-002939
ShopGoodwill,SGW-OPEN-000891,SGW-UNSOLD-000891,GW-001,2026-08-04T11:00:00-04:00,LIST-003068
ShopGoodwill,SGW-OPEN-001154,SGW-UNSOLD-001154,GW-017,2026-08-04T11:00:00-04:00,LIST-003162
eBay,EB-LST-000041,EB-ITM-000041,GW-012,2026-08-05T11:00:00-04:00,LIST-001841
eBay,EB-LST-000072,EB-ITM-000072,GW-004,2026-08-05T11:00:00-04:00,LIST-001872
eBay,EB-LST-000115,EB-ITM-000115,GW-002,2026-08-05T11:00:00-04:00,LIST-001915
eBay,EB-LST-000203,EB-ITM-000203,GW-020,2026-08-05T11:00:00-04:00,LIST-002003
eBay,EB-LST-000261,EB-ITM-000261,GW-021,2026-08-05T11:00:00-04:00,LIST-002061
eBay,EB-LST-000267,EB-ITM-000267,GW-021,2026-08-05T11:00:00-04:00,LIST-002067
eBay,EB-LST-000280,EB-ITM-000280,GW-009,2026-08-05T11:00:00-04:00,LIST-002080
eBay,EB-LST-000365,EB-ITM-000365,GW-004,2026-08-05T11:00:00-04:00,LIST-002165
eBay,EB-LST-000366,EB-ITM-000366,GW-004,2026-08-05T11:00:00-04:00,LIST-002166
eBay,EB-LST-000466,EB-ITM-000466,GW-009,2026-08-05T11:00:00-04:00,LIST-002266
eBay,EB-LST-000533,EB-ITM-000533,GW-001,2026-08-05T11:00:00-04:00,LIST-002333
eBay,EB-LST-000537,EB-ITM-000537,GW-009,2026-08-05T11:00:00-04:00,LIST-002337
eBay,EB-LST-000584,EB-ITM-000584,GW-021,2026-08-05T11:00:00-04:00,LIST-002384
eBay,EB-LST-000596,EB-ITM-000596,GW-016,2026-08-05T11:00:00-04:00,LIST-002396
eBay,EB-LST-000623,EB-ITM-000623,GW-016,2026-08-05T11:00:00-04:00,LIST-002423
eBay,EB-LST-000741,EB-ITM-000741,GW-004,2026-08-05T11:00:00-04:00,LIST-002541
eBay,EB-LST-000772,EB-ITM-000772,GW-006,2026-08-05T11:00:00-04:00,LIST-002572
eBay,EB-LST-000822,EB-ITM-000822,GW-018,2026-08-05T11:00:00-04:00,LIST-002622
eBay,EB-LST-000826,EB-ITM-000826,GW-020,2026-08-05T11:00:00-04:00,LIST-002626
eBay,EB-LST-000834,EB-ITM-000834,GW-008,2026-08-05T11:00:00-04:00,LIST-002634
eBay,EB-LST-000872,EB-ITM-000872,GW-001,2026-08-05T11:00:00-04:00,LIST-002672
eBay,EB-LST-000888,EB-ITM-000888,GW-016,2026-08-05T11:00:00-04:00,LIST-002688
eBay,EB-LST-000894,EB-ITM-000894,GW-024,2026-08-05T11:00:00-04:00,LIST-002694
eBay,EB-OPEN-000196,EB-UNSOLD-000196,GW-013,2026-08-05T11:00:00-04:00,LIST-002776
eBay,EB-OPEN-000616,EB-UNSOLD-000616,GW-022,2026-08-05T11:00:00-04:00,LIST-002955
eBay,EB-OPEN-001148,EB-UNSOLD-001148,GW-022,2026-08-05T11:00:00-04:00,LIST-003157
ShopGoodwill,SGW-LST-000047,SGW-ITM-000047,GW-008,2026-08-05T11:00:00-04:00,LIST-000047
ShopGoodwill,SGW-LST-000107,SGW-ITM-000107,GW-012,2026-08-05T11:00:00-04:00,LIST-000107
ShopGoodwill,SGW-LST-000112,SGW-ITM-000112,GW-009,2026-08-05T11:00:00-04:00,LIST-000112
ShopGoodwill,SGW-LST-000261,SGW-ITM-000261,GW-018,2026-08-05T11:00:00-04:00,LIST-000261
ShopGoodwill,SGW-LST-000306,SGW-ITM-000306,GW-012,2026-08-05T11:00:00-04:00,LIST-000306
ShopGoodwill,SGW-LST-000316,SGW-ITM-000316,GW-015,2026-08-05T11:00:00-04:00,LIST-000316
ShopGoodwill,SGW-LST-000346,SGW-ITM-000346,GW-015,2026-08-05T11:00:00-04:00,LIST-000346
ShopGoodwill,SGW-LST-000369,SGW-ITM-000369,GW-012,2026-08-05T11:00:00-04:00,LIST-000369
ShopGoodwill,SGW-LST-000385,SGW-ITM-000385,GW-004,2026-08-05T11:00:00-04:00,LIST-000385
ShopGoodwill,SGW-LST-000465,SGW-ITM-000465,GW-016,2026-08-05T11:00:00-04:00,LIST-000465
ShopGoodwill,SGW-LST-000467,SGW-ITM-000467,GW-024,2026-08-05T11:00:00-04:00,LIST-000467
ShopGoodwill,SGW-LST-000482,SGW-ITM-000482,GW-017,2026-08-05T11:00:00-04:00,LIST-000482
ShopGoodwill,SGW-LST-000499,SGW-ITM-000499,GW-011,2026-08-05T11:00:00-04:00,LIST-000499
ShopGoodwill,SGW-LST-000505,SGW-ITM-000505,GW-012,2026-08-05T11:00:00-04:00,LIST-000505
ShopGoodwill,SGW-LST-000515,SGW-ITM-000515,GW-009,2026-08-05T11:00:00-04:00,LIST-000515
ShopGoodwill,SGW-LST-000524,SGW-ITM-000524,GW-012,2026-08-05T11:00:00-04:00,LIST-000524
ShopGoodwill,SGW-LST-000536,SGW-ITM-000536,GW-015,2026-08-05T11:00:00-04:00,LIST-000536
ShopGoodwill,SGW-LST-000658,SGW-ITM-000658,GW-012,2026-08-05T11:00:00-04:00,LIST-000658
ShopGoodwill,SGW-LST-000771,SGW-ITM-000771,GW-009,2026-08-05T11:00:00-04:00,LIST-000771
ShopGoodwill,SGW-LST-000781,SGW-ITM-000781,GW-020,2026-08-05T11:00:00-04:00,LIST-000781
ShopGoodwill,SGW-LST-000817,SGW-ITM-000817,GW-017,2026-08-05T11:00:00-04:00,LIST-000817
ShopGoodwill,SGW-LST-001030,SGW-ITM-001030,GW-009,2026-08-05T11:00:00-04:00,LIST-001030
ShopGoodwill,SGW-LST-001142,SGW-ITM-001142,GW-022,2026-08-05T11:00:00-04:00,LIST-001142
ShopGoodwill,SGW-LST-001215,SGW-ITM-001215,GW-015,2026-08-05T11:00:00-04:00,LIST-001215
ShopGoodwill,SGW-LST-001295,SGW-ITM-001295,GW-004,2026-08-05T11:00:00-04:00,LIST-001295
ShopGoodwill,SGW-LST-001421,SGW-ITM-001421,GW-018,2026-08-05T11:00:00-04:00,LIST-001421
ShopGoodwill,SGW-LST-001455,SGW-ITM-001455,GW-012,2026-08-05T11:00:00-04:00,LIST-001455
ShopGoodwill,SGW-LST-001503,SGW-ITM-001503,GW-020,2026-08-05T11:00:00-04:00,LIST-001503
ShopGoodwill,SGW-LST-001590,SGW-ITM-001590,GW-024,2026-08-05T11:00:00-04:00,LIST-001590
ShopGoodwill,SGW-LST-001614,SGW-ITM-001614,GW-002,2026-08-05T11:00:00-04:00,LIST-001614
ShopGoodwill,SGW-LST-001619,SGW-ITM-001619,GW-013,2026-08-05T11:00:00-04:00,LIST-001619
ShopGoodwill,SGW-LST-001708,SGW-ITM-001708,GW-017,2026-08-05T11:00:00-04:00,LIST-001708
ShopGoodwill,SGW-LST-001738,SGW-ITM-001738,GW-005,2026-08-05T11:00:00-04:00,LIST-001738
ShopGoodwill,SGW-LST-001740,SGW-ITM-001740,GW-016,2026-08-05T11:00:00-04:00,LIST-001740
ShopGoodwill,SGW-OPEN-000198,SGW-UNSOLD-000198,GW-023,2026-08-05T11:00:00-04:00,LIST-002778
ShopGoodwill,SGW-OPEN-000390,SGW-UNSOLD-000390,GW-022,2026-08-05T11:00:00-04:00,LIST-002859
ShopGoodwill,SGW-OPEN-000622,SGW-UNSOLD-000622,GW-018,2026-08-05T11:00:00-04:00,LIST-002960
ShopGoodwill,SGW-OPEN-000701,SGW-UNSOLD-000701,GW-021,2026-08-05T11:00:00-04:00,LIST-002992
ShopGoodwill,SGW-OPEN-000716,SGW-UNSOLD-000716,GW-006,2026-08-05T11:00:00-04:00,LIST-002996
ShopGoodwill,SGW-OPEN-000959,SGW-UNSOLD-000959,GW-012,2026-08-05T11:00:00-04:00,LIST-003091
ShopGoodwill,SGW-OPEN-000972,SGW-UNSOLD-000972,GW-012,2026-08-05T11:00:00-04:00,LIST-003093
ShopGoodwill,SGW-OPEN-001027,SGW-UNSOLD-001027,GW-024,2026-08-05T11:00:00-04:00,LIST-003112
ShopGoodwill,SGW-OPEN-001038,SGW-UNSOLD-001038,GW-002,2026-08-05T11:00:00-04:00,LIST-003117
ShopGoodwill,SGW-OPEN-001109,SGW-UNSOLD-001109,GW-024,2026-08-05T11:00:00-04:00,LIST-003145
eBay,EB-LST-000005,EB-ITM-000005,GW-015,2026-08-06T11:00:00-04:00,LIST-001805
eBay,EB-LST-000054,EB-ITM-000054,GW-016,2026-08-06T11:00:00-04:00,LIST-001854
eBay,EB-LST-000063,EB-ITM-000063,GW-023,2026-08-06T11:00:00-04:00,LIST-001863
eBay,EB-LST-000111,EB-ITM-000111,GW-021,2026-08-06T11:00:00-04:00,LIST-001911
eBay,EB-LST-000179,EB-ITM-000179,GW-016,2026-08-06T11:00:00-04:00,LIST-001979
eBay,EB-LST-000382,EB-ITM-000382,GW-004,2026-08-06T11:00:00-04:00,LIST-002182
eBay,EB-LST-000432,EB-ITM-000432,GW-024,2026-08-06T11:00:00-04:00,LIST-002232
eBay,EB-LST-000444,EB-ITM-000444,GW-008,2026-08-06T11:00:00-04:00,LIST-002244
eBay,EB-LST-000522,EB-ITM-000522,GW-004,2026-08-06T11:00:00-04:00,LIST-002322
eBay,EB-LST-000527,EB-ITM-000527,GW-008,2026-08-06T11:00:00-04:00,LIST-002327
eBay,EB-LST-000560,EB-ITM-000560,GW-003,2026-08-06T11:00:00-04:00,LIST-002360
eBay,EB-LST-000618,EB-ITM-000618,GW-001,2026-08-06T11:00:00-04:00,LIST-002418
eBay,EB-LST-000628,EB-ITM-000628,GW-004,2026-08-06T11:00:00-04:00,LIST-002428
eBay,EB-LST-000653,EB-ITM-000653,GW-009,2026-08-06T11:00:00-04:00,LIST-002453
eBay,EB-LST-000701,EB-ITM-000701,GW-018,2026-08-06T11:00:00-04:00,LIST-002501
eBay,EB-LST-000726,EB-ITM-000726,GW-012,2026-08-06T11:00:00-04:00,LIST-002526
eBay,EB-LST-000745,EB-ITM-000745,GW-002,2026-08-06T11:00:00-04:00,LIST-002545
eBay,EB-LST-000760,EB-ITM-000760,GW-007,2026-08-06T11:00:00-04:00,LIST-002560
eBay,EB-LST-000761,EB-ITM-000761,GW-013,2026-08-06T11:00:00-04:00,LIST-002561
eBay,EB-LST-000792,EB-ITM-000792,GW-017,2026-08-06T11:00:00-04:00,LIST-002592
eBay,EB-LST-000896,EB-ITM-000896,GW-004,2026-08-06T11:00:00-04:00,LIST-002696
eBay,EB-OPEN-000171,EB-UNSOLD-000171,GW-001,2026-08-06T11:00:00-04:00,LIST-002765
eBay,EB-OPEN-000340,EB-UNSOLD-000340,GW-022,2026-08-06T11:00:00-04:00,LIST-002837
eBay,EB-OPEN-000454,EB-UNSOLD-000454,GW-017,2026-08-06T11:00:00-04:00,LIST-002881
eBay,EB-OPEN-000624,EB-UNSOLD-000624,GW-018,2026-08-06T11:00:00-04:00,LIST-002961
eBay,EB-OPEN-000667,EB-UNSOLD-000667,GW-012,2026-08-06T11:00:00-04:00,LIST-002975
eBay,EB-OPEN-001120,EB-UNSOLD-001120,GW-011,2026-08-06T11:00:00-04:00,LIST-003147
ShopGoodwill,SGW-LST-000022,SGW-ITM-000022,GW-017,2026-08-06T11:00:00-04:00,LIST-000022
ShopGoodwill,SGW-LST-000078,SGW-ITM-000078,GW-016,2026-08-06T11:00:00-04:00,LIST-000078
ShopGoodwill,SGW-LST-000100,SGW-ITM-000100,GW-017,2026-08-06T11:00:00-04:00,LIST-000100
ShopGoodwill,SGW-LST-000134,SGW-ITM-000134,GW-016,2026-08-06T11:00:00-04:00,LIST-000134
ShopGoodwill,SGW-LST-000207,SGW-ITM-000207,GW-010,2026-08-06T11:00:00-04:00,LIST-000207
ShopGoodwill,SGW-LST-000229,SGW-ITM-000229,GW-011,2026-08-06T11:00:00-04:00,LIST-000229
ShopGoodwill,SGW-LST-000238,SGW-ITM-000238,GW-005,2026-08-06T11:00:00-04:00,LIST-000238
ShopGoodwill,SGW-LST-000292,SGW-ITM-000292,GW-012,2026-08-06T11:00:00-04:00,LIST-000292
ShopGoodwill,SGW-LST-000345,SGW-ITM-000345,GW-019,2026-08-06T11:00:00-04:00,LIST-000345
ShopGoodwill,SGW-LST-000422,SGW-ITM-000422,,2026-08-06T11:00:00-04:00,LIST-000422
ShopGoodwill,SGW-LST-000516,SGW-ITM-000516,GW-001,2026-08-06T11:00:00-04:00,LIST-000516
ShopGoodwill,SGW-LST-000549,SGW-ITM-000549,GW-010,2026-08-06T11:00:00-04:00,LIST-000549
ShopGoodwill,SGW-LST-000590,SGW-ITM-000590,GW-020,2026-08-06T11:00:00-04:00,LIST-000590
ShopGoodwill,SGW-LST-000646,SGW-ITM-000646,GW-024,2026-08-06T11:00:00-04:00,LIST-000646
ShopGoodwill,SGW-LST-000649,SGW-ITM-000649,GW-003,2026-08-06T11:00:00-04:00,LIST-000649
ShopGoodwill,SGW-LST-000650,SGW-ITM-000650,GW-021,2026-08-06T11:00:00-04:00,LIST-000650
ShopGoodwill,SGW-LST-000652,SGW-ITM-000652,GW-010,2026-08-06T11:00:00-04:00,LIST-000652
ShopGoodwill,SGW-LST-000656,SGW-ITM-000656,GW-002,2026-08-06T11:00:00-04:00,LIST-000656
ShopGoodwill,SGW-LST-000668,SGW-ITM-000668,GW-020,2026-08-06T11:00:00-04:00,LIST-000668
ShopGoodwill,SGW-LST-000690,SGW-ITM-000690,GW-022,2026-08-06T11:00:00-04:00,LIST-000690
ShopGoodwill,SGW-LST-000720,SGW-ITM-000720,GW-004,2026-08-06T11:00:00-04:00,LIST-000720
ShopGoodwill,SGW-LST-000731,SGW-ITM-000731,GW-001,2026-08-06T11:00:00-04:00,LIST-000731
ShopGoodwill,SGW-LST-000768,SGW-ITM-000768,GW-016,2026-08-06T11:00:00-04:00,LIST-000768
ShopGoodwill,SGW-LST-000775,SGW-ITM-000775,GW-012,2026-08-06T11:00:00-04:00,LIST-000775
ShopGoodwill,SGW-LST-000860,SGW-ITM-000860,GW-008,2026-08-06T11:00:00-04:00,LIST-000860
ShopGoodwill,SGW-LST-000863,SGW-ITM-000863,GW-014,2026-08-06T11:00:00-04:00,LIST-000863
ShopGoodwill,SGW-LST-000889,SGW-ITM-000889,GW-005,2026-08-06T11:00:00-04:00,LIST-000889
ShopGoodwill,SGW-LST-000923,SGW-ITM-000923,GW-008,2026-08-06T11:00:00-04:00,LIST-000923
ShopGoodwill,SGW-LST-000960,SGW-ITM-000960,GW-014,2026-08-06T11:00:00-04:00,LIST-000960
ShopGoodwill,SGW-LST-001006,SGW-ITM-001006,GW-005,2026-08-06T11:00:00-04:00,LIST-001006
ShopGoodwill,SGW-LST-001031,SGW-ITM-001031,GW-009,2026-08-06T11:00:00-04:00,LIST-001031
ShopGoodwill,SGW-LST-001034,SGW-ITM-001034,GW-024,2026-08-06T11:00:00-04:00,LIST-001034
ShopGoodwill,SGW-LST-001099,SGW-ITM-001099,GW-024,2026-08-06T11:00:00-04:00,LIST-001099
ShopGoodwill,SGW-LST-001173,SGW-ITM-001173,GW-007,2026-08-06T11:00:00-04:00,LIST-001173
ShopGoodwill,SGW-LST-001211,SGW-ITM-001211,GW-015,2026-08-06T11:00:00-04:00,LIST-001211
ShopGoodwill,SGW-LST-001356,SGW-ITM-001356,GW-010,2026-08-06T11:00:00-04:00,LIST-001356
ShopGoodwill,SGW-LST-001473,SGW-ITM-001473,GW-004,2026-08-06T11:00:00-04:00,LIST-001473
ShopGoodwill,SGW-LST-001490,SGW-ITM-001490,GW-002,2026-08-06T11:00:00-04:00,LIST-001490
ShopGoodwill,SGW-LST-001499,SGW-ITM-001499,GW-008,2026-08-06T11:00:00-04:00,LIST-001499
ShopGoodwill,SGW-LST-001510,SGW-ITM-001510,GW-009,2026-08-06T11:00:00-04:00,LIST-001510
ShopGoodwill,SGW-LST-001542,SGW-ITM-001542,GW-016,2026-08-06T11:00:00-04:00,LIST-001542
ShopGoodwill,SGW-LST-001557,SGW-ITM-001557,GW-008,2026-08-06T11:00:00-04:00,LIST-001557
ShopGoodwill,SGW-LST-001582,SGW-ITM-001582,GW-001,2026-08-06T11:00:00-04:00,LIST-001582
ShopGoodwill,SGW-LST-001603,SGW-ITM-001603,GW-021,2026-08-06T11:00:00-04:00,LIST-001603
ShopGoodwill,SGW-LST-001634,SGW-ITM-001634,GW-001,2026-08-06T11:00:00-04:00,LIST-001634
ShopGoodwill,SGW-LST-001721,SGW-ITM-001721,GW-023,2026-08-06T11:00:00-04:00,LIST-001721
ShopGoodwill,SGW-LST-001729,SGW-ITM-001729,GW-001,2026-08-06T11:00:00-04:00,LIST-001729
ShopGoodwill,SGW-LST-001770,SGW-ITM-001770,GW-015,2026-08-06T11:00:00-04:00,LIST-001770
ShopGoodwill,SGW-OPEN-000012,SGW-UNSOLD-000012,GW-012,2026-08-06T11:00:00-04:00,LIST-002704
ShopGoodwill,SGW-OPEN-000141,SGW-UNSOLD-000141,GW-015,2026-08-06T11:00:00-04:00,LIST-002753
ShopGoodwill,SGW-OPEN-000237,SGW-UNSOLD-000237,GW-008,2026-08-06T11:00:00-04:00,LIST-002793
ShopGoodwill,SGW-OPEN-000281,SGW-UNSOLD-000281,GW-010,2026-08-06T11:00:00-04:00,LIST-002811
ShopGoodwill,SGW-OPEN-000297,SGW-UNSOLD-000297,GW-015,2026-08-06T11:00:00-04:00,LIST-002820
ShopGoodwill,SGW-OPEN-000335,SGW-UNSOLD-000335,GW-002,2026-08-06T11:00:00-04:00,LIST-002833
ShopGoodwill,SGW-OPEN-000354,SGW-UNSOLD-000354,GW-010,2026-08-06T11:00:00-04:00,LIST-002841
ShopGoodwill,SGW-OPEN-000450,SGW-UNSOLD-000450,GW-012,2026-08-06T11:00:00-04:00,LIST-002879
ShopGoodwill,SGW-OPEN-000468,SGW-UNSOLD-000468,GW-018,2026-08-06T11:00:00-04:00,LIST-002891
ShopGoodwill,SGW-OPEN-000672,SGW-UNSOLD-000672,GW-001,2026-08-06T11:00:00-04:00,LIST-002978
ShopGoodwill,SGW-OPEN-000698,SGW-UNSOLD-000698,GW-016,2026-08-06T11:00:00-04:00,LIST-002990
ShopGoodwill,SGW-OPEN-000826,SGW-UNSOLD-000826,GW-009,2026-08-06T11:00:00-04:00,LIST-003040
ShopGoodwill,SGW-OPEN-001066,SGW-UNSOLD-001066,GW-004,2026-08-06T11:00:00-04:00,LIST-003130
ShopGoodwill,SGW-OPEN-001169,SGW-UNSOLD-001169,GW-012,2026-08-06T11:00:00-04:00,LIST-003169
eBay,EB-LST-000018,EB-ITM-000018,GW-020,2026-08-07T11:00:00-04:00,LIST-001818
eBay,EB-LST-000030,EB-ITM-000030,GW-024,2026-08-07T11:00:00-04:00,LIST-001830
eBay,EB-LST-000071,EB-ITM-000071,GW-012,2026-08-07T11:00:00-04:00,LIST-001871
eBay,EB-LST-000141,EB-ITM-000141,GW-016,2026-08-07T11:00:00-04:00,LIST-001941
eBay,EB-LST-000185,EB-ITM-000185,GW-017,2026-08-07T11:00:00-04:00,LIST-001985
eBay,EB-LST-000210,EB-ITM-000210,GW-007,2026-08-07T11:00:00-04:00,LIST-002010
eBay,EB-LST-000278,EB-ITM-000278,GW-017,2026-08-07T11:00:00-04:00,LIST-002078
eBay,EB-LST-000491,EB-ITM-000491,GW-008,2026-08-07T11:00:00-04:00,LIST-002291
eBay,EB-LST-000493,EB-ITM-000493,GW-017,2026-08-07T11:00:00-04:00,LIST-002293
eBay,EB-LST-000525,EB-ITM-000525,GW-024,2026-08-07T11:00:00-04:00,LIST-002325
eBay,EB-LST-000546,EB-ITM-000546,GW-008,2026-08-07T11:00:00-04:00,LIST-002346
eBay,EB-LST-000566,EB-ITM-000566,GW-018,2026-08-07T11:00:00-04:00,LIST-002366
eBay,EB-LST-000586,EB-ITM-000586,GW-012,2026-08-07T11:00:00-04:00,LIST-002386
eBay,EB-LST-000651,EB-ITM-000651,GW-023,2026-08-07T11:00:00-04:00,LIST-002451
eBay,EB-LST-000827,EB-ITM-000827,GW-016,2026-08-07T11:00:00-04:00,LIST-002627
eBay,EB-LST-000879,EB-ITM-000879,GW-009,2026-08-07T11:00:00-04:00,LIST-002679
eBay,EB-OPEN-000414,EB-UNSOLD-000414,GW-004,2026-08-07T11:00:00-04:00,LIST-002870
eBay,EB-OPEN-000689,EB-UNSOLD-000689,GW-013,2026-08-07T11:00:00-04:00,LIST-002986
eBay,EB-OPEN-000731,EB-UNSOLD-000731,GW-017,2026-08-07T11:00:00-04:00,LIST-003000
ShopGoodwill,SGW-LST-000048,SGW-ITM-000048,GW-008,2026-08-07T11:00:00-04:00,LIST-000048
ShopGoodwill,SGW-LST-000121,SGW-ITM-000121,GW-004,2026-08-07T11:00:00-04:00,LIST-000121
ShopGoodwill,SGW-LST-000145,SGW-ITM-000145,GW-017,2026-08-07T11:00:00-04:00,LIST-000145
ShopGoodwill,SGW-LST-000158,SGW-ITM-000158,GW-016,2026-08-07T11:00:00-04:00,LIST-000158
ShopGoodwill,SGW-LST-000188,SGW-ITM-000188,GW-004,2026-08-07T11:00:00-04:00,LIST-000188
ShopGoodwill,SGW-LST-000208,SGW-ITM-000208,GW-002,2026-08-07T11:00:00-04:00,LIST-000208
ShopGoodwill,SGW-LST-000250,SGW-ITM-000250,GW-001,2026-08-07T11:00:00-04:00,LIST-000250
ShopGoodwill,SGW-LST-000286,SGW-ITM-000286,GW-020,2026-08-07T11:00:00-04:00,LIST-000286
ShopGoodwill,SGW-LST-000355,SGW-ITM-000355,GW-017,2026-08-07T11:00:00-04:00,LIST-000355
ShopGoodwill,SGW-LST-000387,SGW-ITM-000387,GW-018,2026-08-07T11:00:00-04:00,LIST-000387
ShopGoodwill,SGW-LST-000402,SGW-ITM-000402,GW-008,2026-08-07T11:00:00-04:00,LIST-000402
ShopGoodwill,SGW-LST-000470,SGW-ITM-000470,GW-016,2026-08-07T11:00:00-04:00,LIST-000470
ShopGoodwill,SGW-LST-000599,SGW-ITM-000599,GW-014,2026-08-07T11:00:00-04:00,LIST-000599
ShopGoodwill,SGW-LST-000615,SGW-ITM-000615,GW-021,2026-08-07T11:00:00-04:00,LIST-000615
ShopGoodwill,SGW-LST-000648,SGW-ITM-000648,GW-006,2026-08-07T11:00:00-04:00,LIST-000648
ShopGoodwill,SGW-LST-000655,SGW-ITM-000655,GW-021,2026-08-07T11:00:00-04:00,LIST-000655
ShopGoodwill,SGW-LST-000662,SGW-ITM-000662,GW-014,2026-08-07T11:00:00-04:00,LIST-000662
ShopGoodwill,SGW-LST-000689,SGW-ITM-000689,GW-004,2026-08-07T11:00:00-04:00,LIST-000689
ShopGoodwill,SGW-LST-000698,SGW-ITM-000698,GW-003,2026-08-07T11:00:00-04:00,LIST-000698
ShopGoodwill,SGW-LST-000798,SGW-ITM-000798,GW-002,2026-08-07T11:00:00-04:00,LIST-000798
ShopGoodwill,SGW-LST-000831,SGW-ITM-000831,GW-012,2026-08-07T11:00:00-04:00,LIST-000831
ShopGoodwill,SGW-LST-000919,SGW-ITM-000919,GW-019,2026-08-07T11:00:00-04:00,LIST-000919
ShopGoodwill,SGW-LST-000994,SGW-ITM-000994,GW-001,2026-08-07T11:00:00-04:00,LIST-000994
ShopGoodwill,SGW-LST-001010,SGW-ITM-001010,GW-012,2026-08-07T11:00:00-04:00,LIST-001010
ShopGoodwill,SGW-LST-001012,SGW-ITM-001012,GW-002,2026-08-07T11:00:00-04:00,LIST-001012
ShopGoodwill,SGW-LST-001153,SGW-ITM-001153,GW-001,2026-08-07T11:00:00-04:00,LIST-001153
ShopGoodwill,SGW-LST-001159,SGW-ITM-001159,GW-020,2026-08-07T11:00:00-04:00,LIST-001159
ShopGoodwill,SGW-LST-001200,SGW-ITM-001200,GW-024,2026-08-07T11:00:00-04:00,LIST-001200
ShopGoodwill,SGW-LST-001328,SGW-ITM-001328,GW-018,2026-08-07T11:00:00-04:00,LIST-001328
ShopGoodwill,SGW-LST-001329,SGW-ITM-001329,GW-005,2026-08-07T11:00:00-04:00,LIST-001329
ShopGoodwill,SGW-LST-001358,SGW-ITM-001358,GW-002,2026-08-07T11:00:00-04:00,LIST-001358
ShopGoodwill,SGW-LST-001395,SGW-ITM-001395,GW-024,2026-08-07T11:00:00-04:00,LIST-001395
ShopGoodwill,SGW-LST-001415,SGW-ITM-001415,GW-004,2026-08-07T11:00:00-04:00,LIST-001415
ShopGoodwill,SGW-LST-001449,SGW-ITM-001449,GW-004,2026-08-07T11:00:00-04:00,LIST-001449
ShopGoodwill,SGW-LST-001493,SGW-ITM-001493,GW-009,2026-08-07T11:00:00-04:00,LIST-001493
ShopGoodwill,SGW-LST-001550,SGW-ITM-001550,GW-001,2026-08-07T11:00:00-04:00,LIST-001550
ShopGoodwill,SGW-LST-001607,SGW-ITM-001607,GW-012,2026-08-07T11:00:00-04:00,LIST-001607
ShopGoodwill,SGW-LST-001643,SGW-ITM-001643,GW-020,2026-08-07T11:00:00-04:00,LIST-001643
ShopGoodwill,SGW-LST-001655,SGW-ITM-001655,GW-006,2026-08-07T11:00:00-04:00,LIST-001655
ShopGoodwill,SGW-LST-001695,SGW-ITM-001695,GW-024,2026-08-07T11:00:00-04:00,LIST-001695
ShopGoodwill,SGW-LST-001711,SGW-ITM-001711,GW-020,2026-08-07T11:00:00-04:00,LIST-001711
ShopGoodwill,SGW-LST-001739,SGW-ITM-001739,GW-019,2026-08-07T11:00:00-04:00,LIST-001739
ShopGoodwill,SGW-LST-001771,SGW-ITM-001771,GW-022,2026-08-07T11:00:00-04:00,LIST-001771
ShopGoodwill,SGW-LST-001798,SGW-ITM-001798,GW-020,2026-08-07T11:00:00-04:00,LIST-001798
ShopGoodwill,SGW-OPEN-000163,SGW-UNSOLD-000163,GW-018,2026-08-07T11:00:00-04:00,LIST-002762
ShopGoodwill,SGW-OPEN-000379,SGW-UNSOLD-000379,GW-006,2026-08-07T11:00:00-04:00,LIST-002852
ShopGoodwill,SGW-OPEN-000392,SGW-UNSOLD-000392,GW-012,2026-08-07T11:00:00-04:00,LIST-002860
ShopGoodwill,SGW-OPEN-000558,SGW-UNSOLD-000558,GW-004,2026-08-07T11:00:00-04:00,LIST-002932
ShopGoodwill,SGW-OPEN-000700,SGW-UNSOLD-000700,GW-007,2026-08-07T11:00:00-04:00,LIST-002991
ShopGoodwill,SGW-OPEN-001175,SGW-UNSOLD-001175,GW-018,2026-08-07T11:00:00-04:00,LIST-003171
ShopGoodwill,SGW-OPEN-001189,SGW-UNSOLD-001189,GW-016,2026-08-07T11:00:00-04:00,LIST-003176
eBay,EB-LST-000020,EB-ITM-000020,GW-018,2026-08-08T11:00:00-04:00,LIST-001820
eBay,EB-LST-000066,EB-ITM-000066,GW-016,2026-08-08T11:00:00-04:00,LIST-001866
eBay,EB-LST-000073,EB-ITM-000073,GW-016,2026-08-08T11:00:00-04:00,LIST-001873
eBay,EB-LST-000104,EB-ITM-000104,GW-022,2026-08-08T11:00:00-04:00,LIST-001904
eBay,EB-LST-000130,EB-ITM-000130,GW-016,2026-08-08T11:00:00-04:00,LIST-001930
eBay,EB-LST-000207,EB-ITM-000207,GW-012,2026-08-08T11:00:00-04:00,LIST-002007
eBay,EB-LST-000281,EB-ITM-000281,GW-001,2026-08-08T11:00:00-04:00,LIST-002081
eBay,EB-LST-000304,EB-ITM-000304,GW-018,2026-08-08T11:00:00-04:00,LIST-002104
eBay,EB-LST-000317,EB-ITM-000317,GW-006,2026-08-08T11:00:00-04:00,LIST-002117
eBay,EB-LST-000360,EB-ITM-000360,GW-009,2026-08-08T11:00:00-04:00,LIST-002160
eBay,EB-LST-000413,EB-ITM-000413,GW-009,2026-08-08T11:00:00-04:00,LIST-002213
eBay,EB-LST-000524,EB-ITM-000524,GW-018,2026-08-08T11:00:00-04:00,LIST-002324
eBay,EB-LST-000555,EB-ITM-000555,GW-008,2026-08-08T11:00:00-04:00,LIST-002355
eBay,EB-LST-000621,EB-ITM-000621,GW-012,2026-08-08T11:00:00-04:00,LIST-002421
eBay,EB-LST-000657,EB-ITM-000657,GW-009,2026-08-08T11:00:00-04:00,LIST-002457
eBay,EB-LST-000698,EB-ITM-000698,GW-016,2026-08-08T11:00:00-04:00,LIST-002498
eBay,EB-LST-000721,EB-ITM-000721,GW-004,2026-08-08T11:00:00-04:00,LIST-002521
eBay,EB-LST-000753,EB-ITM-000753,GW-017,2026-08-08T11:00:00-04:00,LIST-002553
eBay,EB-LST-000779,EB-ITM-000779,GW-020,2026-08-08T11:00:00-04:00,LIST-002579
eBay,EB-LST-000788,EB-ITM-000788,GW-002,2026-08-08T11:00:00-04:00,LIST-002588
eBay,EB-LST-000840,EB-ITM-000840,GW-024,2026-08-08T11:00:00-04:00,LIST-002640
eBay,EB-OPEN-000120,EB-UNSOLD-000120,GW-006,2026-08-08T11:00:00-04:00,LIST-002746
eBay,EB-OPEN-000224,EB-UNSOLD-000224,GW-020,2026-08-08T11:00:00-04:00,LIST-002787
eBay,EB-OPEN-000339,EB-UNSOLD-000339,GW-024,2026-08-08T11:00:00-04:00,LIST-002836
eBay,EB-OPEN-000803,EB-UNSOLD-000803,GW-020,2026-08-08T11:00:00-04:00,LIST-003032
eBay,EB-OPEN-000924,EB-UNSOLD-000924,GW-016,2026-08-08T11:00:00-04:00,LIST-003083
eBay,EB-OPEN-000984,EB-UNSOLD-000984,GW-008,2026-08-08T11:00:00-04:00,LIST-003097
ShopGoodwill,SGW-LST-000002,SGW-ITM-000002,GW-007,2026-08-08T11:00:00-04:00,LIST-000002
ShopGoodwill,SGW-LST-000106,SGW-ITM-000106,GW-006,2026-08-08T11:00:00-04:00,LIST-000106
ShopGoodwill,SGW-LST-000115,SGW-ITM-000115,GW-012,2026-08-08T11:00:00-04:00,LIST-000115
ShopGoodwill,SGW-LST-000125,SGW-ITM-000125,GW-016,2026-08-08T11:00:00-04:00,LIST-000125
ShopGoodwill,SGW-LST-000196,SGW-ITM-000196,GW-015,2026-08-08T11:00:00-04:00,LIST-000196
ShopGoodwill,SGW-LST-000301,SGW-ITM-000301,GW-014,2026-08-08T11:00:00-04:00,LIST-000301
ShopGoodwill,SGW-LST-000352,SGW-ITM-000352,GW-002,2026-08-08T11:00:00-04:00,LIST-000352
ShopGoodwill,SGW-LST-000389,SGW-ITM-000389,GW-014,2026-08-08T11:00:00-04:00,LIST-000389
ShopGoodwill,SGW-LST-000519,SGW-ITM-000519,GW-020,2026-08-08T11:00:00-04:00,LIST-000519
ShopGoodwill,SGW-LST-000584,SGW-ITM-000584,GW-001,2026-08-08T11:00:00-04:00,LIST-000584
ShopGoodwill,SGW-LST-000588,SGW-ITM-000588,GW-005,2026-08-08T11:00:00-04:00,LIST-000588
ShopGoodwill,SGW-LST-000601,SGW-ITM-000601,GW-007,2026-08-08T11:00:00-04:00,LIST-000601
ShopGoodwill,SGW-LST-000605,SGW-ITM-000605,GW-002,2026-08-08T11:00:00-04:00,LIST-000605
ShopGoodwill,SGW-LST-000677,SGW-ITM-000677,GW-004,2026-08-08T11:00:00-04:00,LIST-000677
ShopGoodwill,SGW-LST-000692,SGW-ITM-000692,GW-024,2026-08-08T11:00:00-04:00,LIST-000692
ShopGoodwill,SGW-LST-000738,SGW-ITM-000738,GW-012,2026-08-08T11:00:00-04:00,LIST-000738
ShopGoodwill,SGW-LST-000746,SGW-ITM-000746,GW-009,2026-08-08T11:00:00-04:00,LIST-000746
ShopGoodwill,SGW-LST-000772,SGW-ITM-000772,GW-011,2026-08-08T11:00:00-04:00,LIST-000772
ShopGoodwill,SGW-LST-000773,SGW-ITM-000773,GW-018,2026-08-08T11:00:00-04:00,LIST-000773
ShopGoodwill,SGW-LST-000882,SGW-ITM-000882,GW-014,2026-08-08T11:00:00-04:00,LIST-000882
ShopGoodwill,SGW-LST-000984,SGW-ITM-000984,GW-014,2026-08-08T11:00:00-04:00,LIST-000984
ShopGoodwill,SGW-LST-001086,SGW-ITM-001086,GW-001,2026-08-08T11:00:00-04:00,LIST-001086
ShopGoodwill,SGW-LST-001130,SGW-ITM-001130,GW-004,2026-08-08T11:00:00-04:00,LIST-001130
ShopGoodwill,SGW-LST-001206,SGW-ITM-001206,GW-001,2026-08-08T11:00:00-04:00,LIST-001206
ShopGoodwill,SGW-LST-001207,SGW-ITM-001207,GW-004,2026-08-08T11:00:00-04:00,LIST-001207
ShopGoodwill,SGW-LST-001235,SGW-ITM-001235,GW-004,2026-08-08T11:00:00-04:00,LIST-001235
ShopGoodwill,SGW-LST-001252,SGW-ITM-001252,GW-016,2026-08-08T11:00:00-04:00,LIST-001252
ShopGoodwill,SGW-LST-001255,SGW-ITM-001255,GW-004,2026-08-08T11:00:00-04:00,LIST-001255
ShopGoodwill,SGW-LST-001375,SGW-ITM-001375,GW-009,2026-08-08T11:00:00-04:00,LIST-001375
ShopGoodwill,SGW-LST-001444,SGW-ITM-001444,GW-010,2026-08-08T11:00:00-04:00,LIST-001444
ShopGoodwill,SGW-LST-001495,SGW-ITM-001495,GW-015,2026-08-08T11:00:00-04:00,LIST-001495
ShopGoodwill,SGW-LST-001569,SGW-ITM-001569,GW-017,2026-08-08T11:00:00-04:00,LIST-001569
ShopGoodwill,SGW-LST-001668,SGW-ITM-001668,GW-005,2026-08-08T11:00:00-04:00,LIST-001668
ShopGoodwill,SGW-LST-001685,SGW-ITM-001685,GW-013,2026-08-08T11:00:00-04:00,LIST-001685
ShopGoodwill,SGW-LST-001697,SGW-ITM-001697,GW-004,2026-08-08T11:00:00-04:00,LIST-001697
ShopGoodwill,SGW-OPEN-000167,SGW-UNSOLD-000167,GW-012,2026-08-08T11:00:00-04:00,LIST-002763
ShopGoodwill,SGW-OPEN-000168,SGW-UNSOLD-000168,GW-022,2026-08-08T11:00:00-04:00,LIST-002764
ShopGoodwill,SGW-OPEN-000401,SGW-UNSOLD-000401,GW-012,2026-08-08T11:00:00-04:00,LIST-002865
ShopGoodwill,SGW-OPEN-000481,SGW-UNSOLD-000481,GW-017,2026-08-08T11:00:00-04:00,LIST-002898
ShopGoodwill,SGW-OPEN-000702,SGW-UNSOLD-000702,GW-004,2026-08-08T11:00:00-04:00,LIST-002993
ShopGoodwill,SGW-OPEN-000884,SGW-UNSOLD-000884,GW-009,2026-08-08T11:00:00-04:00,LIST-003064
ShopGoodwill,SGW-OPEN-000986,SGW-UNSOLD-000986,GW-017,2026-08-08T11:00:00-04:00,LIST-003099
ShopGoodwill,SGW-OPEN-001105,SGW-UNSOLD-001105,GW-001,2026-08-08T11:00:00-04:00,LIST-003143
ShopGoodwill,SGW-OPEN-001123,SGW-UNSOLD-001123,GW-016,2026-08-08T11:00:00-04:00,LIST-003148
ShopGoodwill,SGW-OPEN-001141,SGW-UNSOLD-001141,GW-011,2026-08-08T11:00:00-04:00,LIST-003154
eBay,EB-LST-000251,EB-ITM-000251,GW-008,2026-08-09T11:00:00-04:00,LIST-002051
eBay,EB-LST-000288,EB-ITM-000288,GW-009,2026-08-09T11:00:00-04:00,LIST-002088
eBay,EB-LST-000303,EB-ITM-000303,GW-020,2026-08-09T11:00:00-04:00,LIST-002103
eBay,EB-LST-000377,EB-ITM-000377,GW-021,2026-08-09T11:00:00-04:00,LIST-002177
eBay,EB-LST-000404,EB-ITM-000404,GW-012,2026-08-09T11:00:00-04:00,LIST-002204
eBay,EB-LST-000562,EB-ITM-000562,GW-004,2026-08-09T11:00:00-04:00,LIST-002362
eBay,EB-LST-000599,EB-ITM-000599,GW-015,2026-08-09T11:00:00-04:00,LIST-002399
eBay,EB-LST-000774,EB-ITM-000774,GW-001,2026-08-09T11:00:00-04:00,LIST-002574
eBay,EB-LST-000833,EB-ITM-000833,GW-004,2026-08-09T11:00:00-04:00,LIST-002633
eBay,EB-LST-000874,EB-ITM-000874,GW-002,2026-08-09T11:00:00-04:00,LIST-002674
eBay,EB-OPEN-000343,EB-UNSOLD-000343,GW-016,2026-08-09T11:00:00-04:00,LIST-002838
eBay,EB-OPEN-000685,EB-UNSOLD-000685,GW-004,2026-08-09T11:00:00-04:00,LIST-002984
eBay,EB-OPEN-001067,EB-UNSOLD-001067,GW-006,2026-08-09T11:00:00-04:00,LIST-003131
ShopGoodwill,SGW-LST-000067,SGW-ITM-000067,GW-008,2026-08-09T11:00:00-04:00,LIST-000067
ShopGoodwill,SGW-LST-000113,SGW-ITM-000113,GW-008,2026-08-09T11:00:00-04:00,LIST-000113
ShopGoodwill,SGW-LST-000193,SGW-ITM-000193,GW-019,2026-08-09T11:00:00-04:00,LIST-000193
ShopGoodwill,SGW-LST-000275,SGW-ITM-000275,GW-009,2026-08-09T11:00:00-04:00,LIST-000275
ShopGoodwill,SGW-LST-000302,SGW-ITM-000302,GW-020,2026-08-09T11:00:00-04:00,LIST-000302
ShopGoodwill,SGW-LST-000304,SGW-ITM-000304,GW-005,2026-08-09T11:00:00-04:00,LIST-000304
ShopGoodwill,SGW-LST-000351,SGW-ITM-000351,GW-001,2026-08-09T11:00:00-04:00,LIST-000351
ShopGoodwill,SGW-LST-000537,SGW-ITM-000537,GW-008,2026-08-09T11:00:00-04:00,LIST-000537
ShopGoodwill,SGW-LST-000619,SGW-ITM-000619,GW-004,2026-08-09T11:00:00-04:00,LIST-000619
ShopGoodwill,SGW-LST-000709,SGW-ITM-000709,GW-010,2026-08-09T11:00:00-04:00,LIST-000709
ShopGoodwill,SGW-LST-000711,SGW-ITM-000711,GW-013,2026-08-09T11:00:00-04:00,LIST-000711
ShopGoodwill,SGW-LST-000715,SGW-ITM-000715,GW-001,2026-08-09T11:00:00-04:00,LIST-000715
ShopGoodwill,SGW-LST-000777,SGW-ITM-000777,GW-017,2026-08-09T11:00:00-04:00,LIST-000777
ShopGoodwill,SGW-LST-000818,SGW-ITM-000818,GW-002,2026-08-09T11:00:00-04:00,LIST-000818
ShopGoodwill,SGW-LST-000827,SGW-ITM-000827,GW-022,2026-08-09T11:00:00-04:00,LIST-000827
ShopGoodwill,SGW-LST-001053,SGW-ITM-001053,GW-008,2026-08-09T11:00:00-04:00,LIST-001053
ShopGoodwill,SGW-LST-001083,SGW-ITM-001083,GW-002,2026-08-09T11:00:00-04:00,LIST-001083
ShopGoodwill,SGW-LST-001087,SGW-ITM-001087,GW-012,2026-08-09T11:00:00-04:00,LIST-001087
ShopGoodwill,SGW-LST-001187,SGW-ITM-001187,GW-011,2026-08-09T11:00:00-04:00,LIST-001187
ShopGoodwill,SGW-LST-001225,SGW-ITM-001225,GW-019,2026-08-09T11:00:00-04:00,LIST-001225
ShopGoodwill,SGW-LST-001271,SGW-ITM-001271,GW-009,2026-08-09T11:00:00-04:00,LIST-001271
ShopGoodwill,SGW-LST-001317,SGW-ITM-001317,GW-024,2026-08-09T11:00:00-04:00,LIST-001317
ShopGoodwill,SGW-LST-001359,SGW-ITM-001359,GW-010,2026-08-09T11:00:00-04:00,LIST-001359
ShopGoodwill,SGW-LST-001387,SGW-ITM-001387,GW-018,2026-08-09T11:00:00-04:00,LIST-001387
ShopGoodwill,SGW-LST-001419,SGW-ITM-001419,GW-019,2026-08-09T11:00:00-04:00,LIST-001419
ShopGoodwill,SGW-LST-001425,SGW-ITM-001425,GW-016,2026-08-09T11:00:00-04:00,LIST-001425
ShopGoodwill,SGW-LST-001439,SGW-ITM-001439,GW-003,2026-08-09T11:00:00-04:00,LIST-001439
ShopGoodwill,SGW-LST-001547,SGW-ITM-001547,GW-011,2026-08-09T11:00:00-04:00,LIST-001547
ShopGoodwill,SGW-LST-001598,SGW-ITM-001598,GW-009,2026-08-09T11:00:00-04:00,LIST-001598
ShopGoodwill,SGW-LST-001617,SGW-ITM-001617,GW-018,2026-08-09T11:00:00-04:00,LIST-001617
ShopGoodwill,SGW-LST-001639,SGW-ITM-001639,GW-005,2026-08-09T11:00:00-04:00,LIST-001639
ShopGoodwill,SGW-LST-001680,SGW-ITM-001680,GW-024,2026-08-09T11:00:00-04:00,LIST-001680
ShopGoodwill,SGW-LST-001724,SGW-ITM-001724,GW-023,2026-08-09T11:00:00-04:00,LIST-001724
ShopGoodwill,SGW-OPEN-000041,SGW-UNSOLD-000041,GW-009,2026-08-09T11:00:00-04:00,LIST-002714
ShopGoodwill,SGW-OPEN-000174,SGW-UNSOLD-000174,GW-012,2026-08-09T11:00:00-04:00,LIST-002766
ShopGoodwill,SGW-OPEN-000633,SGW-UNSOLD-000633,GW-014,2026-08-09T11:00:00-04:00,LIST-002965
ShopGoodwill,SGW-OPEN-000677,SGW-UNSOLD-000677,GW-008,2026-08-09T11:00:00-04:00,LIST-002980
ShopGoodwill,SGW-OPEN-000681,SGW-UNSOLD-000681,GW-004,2026-08-09T11:00:00-04:00,LIST-002982
ShopGoodwill,SGW-OPEN-000828,SGW-UNSOLD-000828,GW-022,2026-08-09T11:00:00-04:00,LIST-003042
ShopGoodwill,SGW-OPEN-000989,SGW-UNSOLD-000989,GW-002,2026-08-09T11:00:00-04:00,LIST-003100
ShopGoodwill,SGW-OPEN-001024,SGW-UNSOLD-001024,GW-016,2026-08-09T11:00:00-04:00,LIST-003110
ShopGoodwill,SGW-OPEN-001033,SGW-UNSOLD-001033,GW-017,2026-08-09T11:00:00-04:00,LIST-003114
ShopGoodwill,SGW-OPEN-001146,SGW-UNSOLD-001146,GW-018,2026-08-09T11:00:00-04:00,LIST-003156
ShopGoodwill,SGW-OPEN-001194,SGW-UNSOLD-001194,GW-019,2026-08-09T11:00:00-04:00,LIST-003178
eBay,EB-LST-000004,EB-ITM-000004,GW-001,2026-08-10T11:00:00-04:00,LIST-001804
eBay,EB-LST-000035,EB-ITM-000035,GW-006,2026-08-10T11:00:00-04:00,LIST-001835
eBay,EB-LST-000094,EB-ITM-000094,GW-016,2026-08-10T11:00:00-04:00,LIST-001894
eBay,EB-LST-000120,EB-ITM-000120,GW-015,2026-08-10T11:00:00-04:00,LIST-001920
eBay,EB-LST-000166,EB-ITM-000166,GW-010,2026-08-10T11:00:00-04:00,LIST-001966
eBay,EB-LST-000187,EB-ITM-000187,GW-011,2026-08-10T11:00:00-04:00,LIST-001987
eBay,EB-LST-000214,EB-ITM-000214,GW-016,2026-08-10T11:00:00-04:00,LIST-002014
eBay,EB-LST-000247,EB-ITM-000247,GW-013,2026-08-10T11:00:00-04:00,LIST-002047
eBay,EB-LST-000311,EB-ITM-000311,GW-001,2026-08-10T11:00:00-04:00,LIST-002111
eBay,EB-LST-000370,EB-ITM-000370,GW-017,2026-08-10T11:00:00-04:00,LIST-002170
eBay,EB-LST-000485,EB-ITM-000485,GW-012,2026-08-10T11:00:00-04:00,LIST-002285
eBay,EB-LST-000488,EB-ITM-000488,GW-009,2026-08-10T11:00:00-04:00,LIST-002288
eBay,EB-LST-000492,EB-ITM-000492,GW-001,2026-08-10T11:00:00-04:00,LIST-002292
eBay,EB-LST-000536,EB-ITM-000536,GW-020,2026-08-10T11:00:00-04:00,LIST-002336
eBay,EB-LST-000609,EB-ITM-000609,GW-009,2026-08-10T11:00:00-04:00,LIST-002409
eBay,EB-LST-000786,EB-ITM-000786,GW-010,2026-08-10T11:00:00-04:00,LIST-002586
eBay,EB-LST-000842,EB-ITM-000842,GW-023,2026-08-10T11:00:00-04:00,LIST-002642
eBay,EB-LST-000858,EB-ITM-000858,GW-012,2026-08-10T11:00:00-04:00,LIST-002658
eBay,EB-OPEN-000294,EB-UNSOLD-000294,GW-010,2026-08-10T11:00:00-04:00,LIST-002819
eBay,EB-OPEN-000976,EB-UNSOLD-000976,GW-002,2026-08-10T11:00:00-04:00,LIST-003094
eBay,EB-OPEN-001060,EB-UNSOLD-001060,GW-012,2026-08-10T11:00:00-04:00,LIST-003127
ShopGoodwill,SGW-LST-000043,SGW-ITM-000043,GW-010,2026-08-10T11:00:00-04:00,LIST-000043
ShopGoodwill,SGW-LST-000060,SGW-ITM-000060,GW-009,2026-08-10T11:00:00-04:00,LIST-000060
ShopGoodwill,SGW-LST-000135,SGW-ITM-000135,GW-021,2026-08-10T11:00:00-04:00,LIST-000135
ShopGoodwill,SGW-LST-000143,SGW-ITM-000143,GW-007,2026-08-10T11:00:00-04:00,LIST-000143
ShopGoodwill,SGW-LST-000154,SGW-ITM-000154,GW-004,2026-08-10T11:00:00-04:00,LIST-000154
ShopGoodwill,SGW-LST-000203,SGW-ITM-000203,GW-021,2026-08-10T11:00:00-04:00,LIST-000203
ShopGoodwill,SGW-LST-000224,SGW-ITM-000224,GW-017,2026-08-10T11:00:00-04:00,LIST-000224
ShopGoodwill,SGW-LST-000251,SGW-ITM-000251,GW-010,2026-08-10T11:00:00-04:00,LIST-000251
ShopGoodwill,SGW-LST-000271,SGW-ITM-000271,GW-012,2026-08-10T11:00:00-04:00,LIST-000271
ShopGoodwill,SGW-LST-000308,SGW-ITM-000308,GW-017,2026-08-10T11:00:00-04:00,LIST-000308
ShopGoodwill,SGW-LST-000335,SGW-ITM-000335,GW-014,2026-08-10T11:00:00-04:00,LIST-000335
ShopGoodwill,SGW-LST-000348,SGW-ITM-000348,GW-024,2026-08-10T11:00:00-04:00,LIST-000348
ShopGoodwill,SGW-LST-000431,SGW-ITM-000431,GW-001,2026-08-10T11:00:00-04:00,LIST-000431
ShopGoodwill,SGW-LST-000442,SGW-ITM-000442,GW-008,2026-08-10T11:00:00-04:00,LIST-000442
ShopGoodwill,SGW-LST-000455,SGW-ITM-000455,GW-009,2026-08-10T11:00:00-04:00,LIST-000455
ShopGoodwill,SGW-LST-000556,SGW-ITM-000556,GW-020,2026-08-10T11:00:00-04:00,LIST-000556
ShopGoodwill,SGW-LST-000569,SGW-ITM-000569,GW-020,2026-08-10T11:00:00-04:00,LIST-000569
ShopGoodwill,SGW-LST-000580,SGW-ITM-000580,GW-009,2026-08-10T11:00:00-04:00,LIST-000580
ShopGoodwill,SGW-LST-000616,SGW-ITM-000616,GW-024,2026-08-10T11:00:00-04:00,LIST-000616
ShopGoodwill,SGW-LST-000753,SGW-ITM-000753,GW-004,2026-08-10T11:00:00-04:00,LIST-000753
ShopGoodwill,SGW-LST-000786,SGW-ITM-000786,GW-011,2026-08-10T11:00:00-04:00,LIST-000786
ShopGoodwill,SGW-LST-000921,SGW-ITM-000921,GW-019,2026-08-10T11:00:00-04:00,LIST-000921
ShopGoodwill,SGW-LST-000996,SGW-ITM-000996,GW-009,2026-08-10T11:00:00-04:00,LIST-000996
ShopGoodwill,SGW-LST-001035,SGW-ITM-001035,GW-012,2026-08-10T11:00:00-04:00,LIST-001035
ShopGoodwill,SGW-LST-001063,SGW-ITM-001063,GW-024,2026-08-10T11:00:00-04:00,LIST-001063
ShopGoodwill,SGW-LST-001121,SGW-ITM-001121,GW-020,2026-08-10T11:00:00-04:00,LIST-001121
ShopGoodwill,SGW-LST-001249,SGW-ITM-001249,GW-001,2026-08-10T11:00:00-04:00,LIST-001249
ShopGoodwill,SGW-LST-001353,SGW-ITM-001353,GW-006,2026-08-10T11:00:00-04:00,LIST-001353
ShopGoodwill,SGW-LST-001361,SGW-ITM-001361,GW-020,2026-08-10T11:00:00-04:00,LIST-001361
ShopGoodwill,SGW-LST-001498,SGW-ITM-001498,GW-013,2026-08-10T11:00:00-04:00,LIST-001498
ShopGoodwill,SGW-LST-001516,SGW-ITM-001516,GW-024,2026-08-10T11:00:00-04:00,LIST-001516
ShopGoodwill,SGW-LST-001604,SGW-ITM-001604,GW-016,2026-08-10T11:00:00-04:00,LIST-001604
ShopGoodwill,SGW-LST-001693,SGW-ITM-001693,GW-005,2026-08-10T11:00:00-04:00,LIST-001693
ShopGoodwill,SGW-LST-001699,SGW-ITM-001699,GW-012,2026-08-10T11:00:00-04:00,LIST-001699
ShopGoodwill,SGW-OPEN-000288,SGW-UNSOLD-000288,GW-024,2026-08-10T11:00:00-04:00,LIST-002815
ShopGoodwill,SGW-OPEN-000337,SGW-UNSOLD-000337,GW-024,2026-08-10T11:00:00-04:00,LIST-002834
ShopGoodwill,SGW-OPEN-000396,SGW-UNSOLD-000396,GW-010,2026-08-10T11:00:00-04:00,LIST-002863
ShopGoodwill,SGW-OPEN-000447,SGW-UNSOLD-000447,GW-022,2026-08-10T11:00:00-04:00,LIST-002878
ShopGoodwill,SGW-OPEN-000467,SGW-UNSOLD-000467,GW-007,2026-08-10T11:00:00-04:00,LIST-002890
ShopGoodwill,SGW-OPEN-000517,SGW-UNSOLD-000517,GW-020,2026-08-10T11:00:00-04:00,LIST-002917
ShopGoodwill,SGW-OPEN-000587,SGW-UNSOLD-000587,GW-016,2026-08-10T11:00:00-04:00,LIST-002948
ShopGoodwill,SGW-OPEN-000756,SGW-UNSOLD-000756,GW-005,2026-08-10T11:00:00-04:00,LIST-003012
eBay,EB-LST-000027,EB-ITM-000027,GW-021,2026-08-11T11:00:00-04:00,LIST-001827
eBay,EB-LST-000051,EB-ITM-000051,GW-008,2026-08-11T11:00:00-04:00,LIST-001851
eBay,EB-LST-000096,EB-ITM-000096,GW-024,2026-08-11T11:00:00-04:00,LIST-001896
eBay,EB-LST-000110,EB-ITM-000110,GW-023,2026-08-11T11:00:00-04:00,LIST-001910
eBay,EB-LST-000154,EB-ITM-000154,GW-016,2026-08-11T11:00:00-04:00,LIST-001954
eBay,EB-LST-000178,EB-ITM-000178,GW-020,2026-08-11T11:00:00-04:00,LIST-001978
eBay,EB-LST-000193,EB-ITM-000193,GW-008,2026-08-11T11:00:00-04:00,LIST-001993
eBay,EB-LST-000242,EB-ITM-000242,GW-001,2026-08-11T11:00:00-04:00,LIST-002042
eBay,EB-LST-000284,EB-ITM-000284,GW-002,2026-08-11T11:00:00-04:00,LIST-002084
eBay,EB-LST-000310,EB-ITM-000310,GW-015,2026-08-11T11:00:00-04:00,LIST-002110
eBay,EB-LST-000357,EB-ITM-000357,GW-001,2026-08-11T11:00:00-04:00,LIST-002157
eBay,EB-LST-000427,EB-ITM-000427,GW-017,2026-08-11T11:00:00-04:00,LIST-002227
eBay,EB-LST-000515,EB-ITM-000515,GW-022,2026-08-11T11:00:00-04:00,LIST-002315
eBay,EB-LST-000567,EB-ITM-000567,GW-016,2026-08-11T11:00:00-04:00,LIST-002367
eBay,EB-LST-000595,EB-ITM-000595,GW-002,2026-08-11T11:00:00-04:00,LIST-002395
eBay,EB-LST-000619,EB-ITM-000619,GW-006,2026-08-11T11:00:00-04:00,LIST-002419
eBay,EB-LST-000710,EB-ITM-000710,GW-013,2026-08-11T11:00:00-04:00,LIST-002510
eBay,EB-LST-000780,EB-ITM-000780,GW-007,2026-08-11T11:00:00-04:00,LIST-002580
eBay,EB-LST-000796,EB-ITM-000796,GW-001,2026-08-11T11:00:00-04:00,LIST-002596
eBay,EB-LST-000900,EB-ITM-000900,GW-006,2026-08-11T11:00:00-04:00,LIST-002700
eBay,EB-OPEN-000015,EB-UNSOLD-000015,GW-004,2026-08-11T11:00:00-04:00,LIST-002705
eBay,EB-OPEN-000496,EB-UNSOLD-000496,GW-004,2026-08-11T11:00:00-04:00,LIST-002904
eBay,EB-OPEN-000561,EB-UNSOLD-000561,GW-008,2026-08-11T11:00:00-04:00,LIST-002934
eBay,EB-OPEN-001091,EB-UNSOLD-001091,GW-024,2026-08-11T11:00:00-04:00,LIST-003139
ShopGoodwill,SGW-LST-000016,SGW-ITM-000016,GW-013,2026-08-11T11:00:00-04:00,LIST-000016
ShopGoodwill,SGW-LST-000052,SGW-ITM-000052,GW-014,2026-08-11T11:00:00-04:00,LIST-000052
ShopGoodwill,SGW-LST-000163,SGW-ITM-000163,GW-006,2026-08-11T11:00:00-04:00,LIST-000163
ShopGoodwill,SGW-LST-000197,SGW-ITM-000197,GW-016,2026-08-11T11:00:00-04:00,LIST-000197
ShopGoodwill,SGW-LST-000225,SGW-ITM-000225,GW-004,2026-08-11T11:00:00-04:00,LIST-000225
ShopGoodwill,SGW-LST-000439,SGW-ITM-000439,GW-005,2026-08-11T11:00:00-04:00,LIST-000439
ShopGoodwill,SGW-LST-000450,SGW-ITM-000450,GW-019,2026-08-11T11:00:00-04:00,LIST-000450
ShopGoodwill,SGW-LST-000452,SGW-ITM-000452,GW-006,2026-08-11T11:00:00-04:00,LIST-000452
ShopGoodwill,SGW-LST-000581,SGW-ITM-000581,GW-018,2026-08-11T11:00:00-04:00,LIST-000581
ShopGoodwill,SGW-LST-000634,SGW-ITM-000634,GW-002,2026-08-11T11:00:00-04:00,LIST-000634
ShopGoodwill,SGW-LST-000691,SGW-ITM-000691,GW-004,2026-08-11T11:00:00-04:00,LIST-000691
ShopGoodwill,SGW-LST-000791,SGW-ITM-000791,GW-018,2026-08-11T11:00:00-04:00,LIST-000791
ShopGoodwill,SGW-LST-000826,SGW-ITM-000826,GW-002,2026-08-11T11:00:00-04:00,LIST-000826
ShopGoodwill,SGW-LST-000853,SGW-ITM-000853,GW-008,2026-08-11T11:00:00-04:00,LIST-000853
ShopGoodwill,SGW-LST-000918,SGW-ITM-000918,GW-008,2026-08-11T11:00:00-04:00,LIST-000918
ShopGoodwill,SGW-LST-000940,SGW-ITM-000940,GW-006,2026-08-11T11:00:00-04:00,LIST-000940
ShopGoodwill,SGW-LST-001065,SGW-ITM-001065,GW-018,2026-08-11T11:00:00-04:00,LIST-001065
ShopGoodwill,SGW-LST-001080,SGW-ITM-001080,GW-022,2026-08-11T11:00:00-04:00,LIST-001080
ShopGoodwill,SGW-LST-001149,SGW-ITM-001149,GW-008,2026-08-11T11:00:00-04:00,LIST-001149
ShopGoodwill,SGW-LST-001348,SGW-ITM-001348,GW-022,2026-08-11T11:00:00-04:00,LIST-001348
ShopGoodwill,SGW-LST-001430,SGW-ITM-001430,GW-021,2026-08-11T11:00:00-04:00,LIST-001430
ShopGoodwill,SGW-LST-001635,SGW-ITM-001635,GW-024,2026-08-11T11:00:00-04:00,LIST-001635
ShopGoodwill,SGW-LST-001679,SGW-ITM-001679,GW-008,2026-08-11T11:00:00-04:00,LIST-001679
ShopGoodwill,SGW-LST-001682,SGW-ITM-001682,GW-009,2026-08-11T11:00:00-04:00,LIST-001682
ShopGoodwill,SGW-OPEN-000073,SGW-UNSOLD-000073,GW-022,2026-08-11T11:00:00-04:00,LIST-002729
ShopGoodwill,SGW-OPEN-000187,SGW-UNSOLD-000187,GW-014,2026-08-11T11:00:00-04:00,LIST-002771
ShopGoodwill,SGW-OPEN-000591,SGW-UNSOLD-000591,GW-002,2026-08-11T11:00:00-04:00,LIST-002951
ShopGoodwill,SGW-OPEN-000776,SGW-UNSOLD-000776,GW-022,2026-08-11T11:00:00-04:00,LIST-003021
ShopGoodwill,SGW-OPEN-000836,SGW-UNSOLD-000836,GW-014,2026-08-11T11:00:00-04:00,LIST-003046
ShopGoodwill,SGW-OPEN-000985,SGW-UNSOLD-000985,GW-014,2026-08-11T11:00:00-04:00,LIST-003098
ShopGoodwill,SGW-OPEN-001039,SGW-UNSOLD-001039,GW-001,2026-08-11T11:00:00-04:00,LIST-003118
eBay,EB-LST-000011,EB-ITM-000011,GW-009,2026-08-12T11:00:00-04:00,LIST-001811
eBay,EB-LST-000075,EB-ITM-000075,GW-008,2026-08-12T11:00:00-04:00,LIST-001875
eBay,EB-LST-000090,EB-ITM-000090,GW-019,2026-08-12T11:00:00-04:00,LIST-001890
eBay,EB-LST-000123,EB-ITM-000123,GW-020,2026-08-12T11:00:00-04:00,LIST-001923
eBay,EB-LST-000184,EB-ITM-000184,GW-017,2026-08-12T11:00:00-04:00,LIST-001984
eBay,EB-LST-000211,EB-ITM-000211,GW-007,2026-08-12T11:00:00-04:00,LIST-002011
eBay,EB-LST-000296,EB-ITM-000296,GW-008,2026-08-12T11:00:00-04:00,LIST-002096
eBay,EB-LST-000355,EB-ITM-000355,GW-001,2026-08-12T11:00:00-04:00,LIST-002155
eBay,EB-LST-000426,EB-ITM-000426,GW-020,2026-08-12T11:00:00-04:00,LIST-002226
eBay,EB-LST-000435,EB-ITM-000435,GW-008,2026-08-12T11:00:00-04:00,LIST-002235
eBay,EB-LST-000473,EB-ITM-000473,GW-011,2026-08-12T11:00:00-04:00,LIST-002273
eBay,EB-LST-000798,EB-ITM-000798,GW-010,2026-08-12T11:00:00-04:00,LIST-002598
eBay,EB-LST-000846,EB-ITM-000846,GW-024,2026-08-12T11:00:00-04:00,LIST-002646
eBay,EB-OPEN-001002,EB-UNSOLD-001002,GW-016,2026-08-12T11:00:00-04:00,LIST-003103
eBay,EB-OPEN-001200,EB-UNSOLD-001200,GW-020,2026-08-12T11:00:00-04:00,LIST-003181
ShopGoodwill,SGW-LST-000037,SGW-ITM-000037,GW-014,2026-08-12T11:00:00-04:00,LIST-000037
ShopGoodwill,SGW-LST-000153,SGW-ITM-000153,GW-024,2026-08-12T11:00:00-04:00,LIST-000153
ShopGoodwill,SGW-LST-000235,SGW-ITM-000235,GW-016,2026-08-12T11:00:00-04:00,LIST-000235
ShopGoodwill,SGW-LST-000312,SGW-ITM-000312,GW-009,2026-08-12T11:00:00-04:00,LIST-000312
ShopGoodwill,SGW-LST-000386,SGW-ITM-000386,GW-015,2026-08-12T11:00:00-04:00,LIST-000386
ShopGoodwill,SGW-LST-000411,SGW-ITM-000411,GW-016,2026-08-12T11:00:00-04:00,LIST-000411
ShopGoodwill,SGW-LST-000424,SGW-ITM-000424,GW-001,2026-08-12T11:00:00-04:00,LIST-000424
ShopGoodwill,SGW-LST-000852,SGW-ITM-000852,GW-011,2026-08-12T11:00:00-04:00,LIST-000852
ShopGoodwill,SGW-LST-000892,SGW-ITM-000892,GW-008,2026-08-12T11:00:00-04:00,LIST-000892
ShopGoodwill,SGW-LST-000920,SGW-ITM-000920,GW-003,2026-08-12T11:00:00-04:00,LIST-000920
ShopGoodwill,SGW-LST-000945,SGW-ITM-000945,GW-023,2026-08-12T11:00:00-04:00,LIST-000945
ShopGoodwill,SGW-LST-001071,SGW-ITM-001071,GW-020,2026-08-12T11:00:00-04:00,LIST-001071
ShopGoodwill,SGW-LST-001081,SGW-ITM-001081,GW-006,2026-08-12T11:00:00-04:00,LIST-001081
ShopGoodwill,SGW-LST-001095,SGW-ITM-001095,GW-007,2026-08-12T11:00:00-04:00,LIST-001095
ShopGoodwill,SGW-LST-001141,SGW-ITM-001141,GW-007,2026-08-12T11:00:00-04:00,LIST-001141
ShopGoodwill,SGW-LST-001205,SGW-ITM-001205,GW-022,2026-08-12T11:00:00-04:00,LIST-001205
ShopGoodwill,SGW-LST-001267,SGW-ITM-001267,GW-002,2026-08-12T11:00:00-04:00,LIST-001267
ShopGoodwill,SGW-LST-001313,SGW-ITM-001313,GW-024,2026-08-12T11:00:00-04:00,LIST-001313
ShopGoodwill,SGW-LST-001331,SGW-ITM-001331,GW-009,2026-08-12T11:00:00-04:00,LIST-001331
ShopGoodwill,SGW-LST-001411,SGW-ITM-001411,GW-016,2026-08-12T11:00:00-04:00,LIST-001411
ShopGoodwill,SGW-LST-001448,SGW-ITM-001448,GW-022,2026-08-12T11:00:00-04:00,LIST-001448
ShopGoodwill,SGW-LST-001497,SGW-ITM-001497,GW-004,2026-08-12T11:00:00-04:00,LIST-001497
ShopGoodwill,SGW-LST-001535,SGW-ITM-001535,GW-018,2026-08-12T11:00:00-04:00,LIST-001535
ShopGoodwill,SGW-LST-001566,SGW-ITM-001566,GW-001,2026-08-12T11:00:00-04:00,LIST-001566
ShopGoodwill,SGW-LST-001595,SGW-ITM-001595,GW-023,2026-08-12T11:00:00-04:00,LIST-001595
ShopGoodwill,SGW-LST-001645,SGW-ITM-001645,GW-015,2026-08-12T11:00:00-04:00,LIST-001645
ShopGoodwill,SGW-LST-001651,SGW-ITM-001651,GW-001,2026-08-12T11:00:00-04:00,LIST-001651
ShopGoodwill,SGW-LST-001667,SGW-ITM-001667,GW-002,2026-08-12T11:00:00-04:00,LIST-001667
ShopGoodwill,SGW-LST-001669,SGW-ITM-001669,GW-006,2026-08-12T11:00:00-04:00,LIST-001669
ShopGoodwill,SGW-LST-001733,SGW-ITM-001733,GW-016,2026-08-12T11:00:00-04:00,LIST-001733
ShopGoodwill,SGW-LST-001742,SGW-ITM-001742,GW-007,2026-08-12T11:00:00-04:00,LIST-001742
ShopGoodwill,SGW-LST-001766,SGW-ITM-001766,GW-019,2026-08-12T11:00:00-04:00,LIST-001766
ShopGoodwill,SGW-LST-001767,SGW-ITM-001767,GW-024,2026-08-12T11:00:00-04:00,LIST-001767
ShopGoodwill,SGW-OPEN-000231,SGW-UNSOLD-000231,GW-020,2026-08-12T11:00:00-04:00,LIST-002792
ShopGoodwill,SGW-OPEN-000304,SGW-UNSOLD-000304,GW-008,2026-08-12T11:00:00-04:00,LIST-002822
ShopGoodwill,SGW-OPEN-000371,SGW-UNSOLD-000371,GW-004,2026-08-12T11:00:00-04:00,LIST-002848
ShopGoodwill,SGW-OPEN-000478,SGW-UNSOLD-000478,GW-008,2026-08-12T11:00:00-04:00,LIST-002897
ShopGoodwill,SGW-OPEN-000506,SGW-UNSOLD-000506,GW-012,2026-08-12T11:00:00-04:00,LIST-002910
ShopGoodwill,SGW-OPEN-000735,SGW-UNSOLD-000735,GW-004,2026-08-12T11:00:00-04:00,LIST-003003
ShopGoodwill,SGW-OPEN-000786,SGW-UNSOLD-000786,GW-015,2026-08-12T11:00:00-04:00,LIST-003026
ShopGoodwill,SGW-OPEN-000860,SGW-UNSOLD-000860,GW-008,2026-08-12T11:00:00-04:00,LIST-003056
eBay,EB-LST-000006,EB-ITM-000006,GW-012,2026-08-13T11:00:00-04:00,LIST-001806
eBay,EB-LST-000037,EB-ITM-000037,GW-006,2026-08-13T11:00:00-04:00,LIST-001837
eBay,EB-LST-000044,EB-ITM-000044,GW-012,2026-08-13T11:00:00-04:00,LIST-001844
eBay,EB-LST-000164,EB-ITM-000164,GW-020,2026-08-13T11:00:00-04:00,LIST-001964
eBay,EB-LST-000221,EB-ITM-000221,GW-004,2026-08-13T11:00:00-04:00,LIST-002021
eBay,EB-LST-000225,EB-ITM-000225,GW-011,2026-08-13T11:00:00-04:00,LIST-002025
eBay,EB-LST-000292,EB-ITM-000292,GW-009,2026-08-13T11:00:00-04:00,LIST-002092
eBay,EB-LST-000403,EB-ITM-000403,GW-001,2026-08-13T11:00:00-04:00,LIST-002203
eBay,EB-LST-000474,EB-ITM-000474,GW-008,2026-08-13T11:00:00-04:00,LIST-002274
eBay,EB-LST-000601,EB-ITM-000601,GW-017,2026-08-13T11:00:00-04:00,LIST-002401
eBay,EB-LST-000647,EB-ITM-000647,GW-009,2026-08-13T11:00:00-04:00,LIST-002447
eBay,EB-LST-000681,EB-ITM-000681,GW-011,2026-08-13T11:00:00-04:00,LIST-002481
eBay,EB-LST-000690,EB-ITM-000690,GW-004,2026-08-13T11:00:00-04:00,LIST-002490
eBay,EB-LST-000861,EB-ITM-000861,GW-009,2026-08-13T11:00:00-04:00,LIST-002661
eBay,EB-LST-000884,EB-ITM-000884,GW-004,2026-08-13T11:00:00-04:00,LIST-002684
eBay,EB-OPEN-000118,EB-UNSOLD-000118,GW-004,2026-08-13T11:00:00-04:00,LIST-002745
eBay,EB-OPEN-000327,EB-UNSOLD-000327,GW-004,2026-08-13T11:00:00-04:00,LIST-002830
ShopGoodwill,SGW-LST-000105,SGW-ITM-000105,GW-022,2026-08-13T11:00:00-04:00,LIST-000105
ShopGoodwill,SGW-LST-000124,SGW-ITM-000124,GW-019,2026-08-13T11:00:00-04:00,LIST-000124
ShopGoodwill,SGW-LST-000204,SGW-ITM-000204,GW-022,2026-08-13T11:00:00-04:00,LIST-000204
ShopGoodwill,SGW-LST-000314,SGW-ITM-000314,GW-004,2026-08-13T11:00:00-04:00,LIST-000314
ShopGoodwill,SGW-LST-000427,SGW-ITM-000427,GW-020,2026-08-13T11:00:00-04:00,LIST-000427
ShopGoodwill,SGW-LST-000461,SGW-ITM-000461,GW-002,2026-08-13T11:00:00-04:00,LIST-000461
ShopGoodwill,SGW-LST-000484,SGW-ITM-000484,GW-008,2026-08-13T11:00:00-04:00,LIST-000484
ShopGoodwill,SGW-LST-000509,SGW-ITM-000509,GW-009,2026-08-13T11:00:00-04:00,LIST-000509
ShopGoodwill,SGW-LST-000602,SGW-ITM-000602,GW-008,2026-08-13T11:00:00-04:00,LIST-000602
ShopGoodwill,SGW-LST-000651,SGW-ITM-000651,GW-017,2026-08-13T11:00:00-04:00,LIST-000651
ShopGoodwill,SGW-LST-000661,SGW-ITM-000661,GW-002,2026-08-13T11:00:00-04:00,LIST-000661
ShopGoodwill,SGW-LST-000913,SGW-ITM-000913,GW-012,2026-08-13T11:00:00-04:00,LIST-000913
ShopGoodwill,SGW-LST-001001,SGW-ITM-001001,GW-021,2026-08-13T11:00:00-04:00,LIST-001001
ShopGoodwill,SGW-LST-001050,SGW-ITM-001050,GW-020,2026-08-13T11:00:00-04:00,LIST-001050
ShopGoodwill,SGW-LST-001170,SGW-ITM-001170,GW-016,2026-08-13T11:00:00-04:00,LIST-001170
ShopGoodwill,SGW-LST-001191,SGW-ITM-001191,GW-018,2026-08-13T11:00:00-04:00,LIST-001191
ShopGoodwill,SGW-LST-001198,SGW-ITM-001198,GW-006,2026-08-13T11:00:00-04:00,LIST-001198
ShopGoodwill,SGW-LST-001238,SGW-ITM-001238,GW-008,2026-08-13T11:00:00-04:00,LIST-001238
ShopGoodwill,SGW-LST-001335,SGW-ITM-001335,GW-018,2026-08-13T11:00:00-04:00,LIST-001335
ShopGoodwill,SGW-LST-001368,SGW-ITM-001368,GW-012,2026-08-13T11:00:00-04:00,LIST-001368
ShopGoodwill,SGW-LST-001491,SGW-ITM-001491,GW-007,2026-08-13T11:00:00-04:00,LIST-001491
ShopGoodwill,SGW-LST-001511,SGW-ITM-001511,GW-001,2026-08-13T11:00:00-04:00,LIST-001511
ShopGoodwill,SGW-LST-001710,SGW-ITM-001710,GW-007,2026-08-13T11:00:00-04:00,LIST-001710
ShopGoodwill,SGW-LST-001749,SGW-ITM-001749,GW-010,2026-08-13T11:00:00-04:00,LIST-001749
ShopGoodwill,SGW-OPEN-000036,SGW-UNSOLD-000036,GW-008,2026-08-13T11:00:00-04:00,LIST-002712
ShopGoodwill,SGW-OPEN-000374,SGW-UNSOLD-000374,GW-004,2026-08-13T11:00:00-04:00,LIST-002849
ShopGoodwill,SGW-OPEN-000470,SGW-UNSOLD-000470,GW-012,2026-08-13T11:00:00-04:00,LIST-002893
ShopGoodwill,SGW-OPEN-000567,SGW-UNSOLD-000567,GW-008,2026-08-13T11:00:00-04:00,LIST-002937
ShopGoodwill,SGW-OPEN-000767,SGW-UNSOLD-000767,GW-010,2026-08-13T11:00:00-04:00,LIST-003018
ShopGoodwill,SGW-OPEN-000804,SGW-UNSOLD-000804,GW-004,2026-08-13T11:00:00-04:00,LIST-003033
ShopGoodwill,SGW-OPEN-000945,SGW-UNSOLD-000945,GW-024,2026-08-13T11:00:00-04:00,LIST-003087
eBay,EB-LST-000143,EB-ITM-000143,GW-002,2026-08-14T11:00:00-04:00,LIST-001943
eBay,EB-LST-000156,EB-ITM-000156,GW-014,2026-08-14T11:00:00-04:00,LIST-001956
eBay,EB-LST-000282,EB-ITM-000282,GW-013,2026-08-14T11:00:00-04:00,LIST-002082
eBay,EB-LST-000347,EB-ITM-000347,GW-011,2026-08-14T11:00:00-04:00,LIST-002147
eBay,EB-LST-000526,EB-ITM-000526,GW-015,2026-08-14T11:00:00-04:00,LIST-002326
eBay,EB-LST-000577,EB-ITM-000577,GW-002,2026-08-14T11:00:00-04:00,LIST-002377
eBay,EB-LST-000602,EB-ITM-000602,GW-015,2026-08-14T11:00:00-04:00,LIST-002402
eBay,EB-LST-000738,EB-ITM-000738,GW-006,2026-08-14T11:00:00-04:00,LIST-002538
eBay,EB-LST-000769,EB-ITM-000769,GW-004,2026-08-14T11:00:00-04:00,LIST-002569
eBay,EB-OPEN-000049,EB-UNSOLD-000049,GW-001,2026-08-14T11:00:00-04:00,LIST-002720
eBay,EB-OPEN-000578,EB-UNSOLD-000578,GW-021,2026-08-14T11:00:00-04:00,LIST-002943
eBay,EB-OPEN-000839,EB-UNSOLD-000839,GW-024,2026-08-14T11:00:00-04:00,LIST-003048
ShopGoodwill,SGW-LST-000004,SGW-ITM-000004,GW-004,2026-08-14T11:00:00-04:00,LIST-000004
ShopGoodwill,SGW-LST-000042,SGW-ITM-000042,GW-024,2026-08-14T11:00:00-04:00,LIST-000042
ShopGoodwill,SGW-LST-000131,SGW-ITM-000131,GW-006,2026-08-14T11:00:00-04:00,LIST-000131
ShopGoodwill,SGW-LST-000159,SGW-ITM-000159,GW-008,2026-08-14T11:00:00-04:00,LIST-000159
ShopGoodwill,SGW-LST-000265,SGW-ITM-000265,GW-015,2026-08-14T11:00:00-04:00,LIST-000265
ShopGoodwill,SGW-LST-000307,SGW-ITM-000307,GW-001,2026-08-14T11:00:00-04:00,LIST-000307
ShopGoodwill,SGW-LST-000326,SGW-ITM-000326,GW-018,2026-08-14T11:00:00-04:00,LIST-000326
ShopGoodwill,SGW-LST-000344,SGW-ITM-000344,GW-022,2026-08-14T11:00:00-04:00,LIST-000344
ShopGoodwill,SGW-LST-000449,SGW-ITM-000449,GW-024,2026-08-14T11:00:00-04:00,LIST-000449
ShopGoodwill,SGW-LST-000737,SGW-ITM-000737,GW-020,2026-08-14T11:00:00-04:00,LIST-000737
ShopGoodwill,SGW-LST-000813,SGW-ITM-000813,GW-013,2026-08-14T11:00:00-04:00,LIST-000813
ShopGoodwill,SGW-LST-000898,SGW-ITM-000898,GW-006,2026-08-14T11:00:00-04:00,LIST-000898
ShopGoodwill,SGW-LST-001189,SGW-ITM-001189,GW-009,2026-08-14T11:00:00-04:00,LIST-001189
ShopGoodwill,SGW-LST-001251,SGW-ITM-001251,GW-017,2026-08-14T11:00:00-04:00,LIST-001251
ShopGoodwill,SGW-LST-001254,SGW-ITM-001254,GW-006,2026-08-14T11:00:00-04:00,LIST-001254
ShopGoodwill,SGW-LST-001427,SGW-ITM-001427,GW-009,2026-08-14T11:00:00-04:00,LIST-001427
ShopGoodwill,SGW-LST-001476,SGW-ITM-001476,GW-002,2026-08-14T11:00:00-04:00,LIST-001476
ShopGoodwill,SGW-LST-001486,SGW-ITM-001486,GW-024,2026-08-14T11:00:00-04:00,LIST-001486
ShopGoodwill,SGW-LST-001648,SGW-ITM-001648,GW-001,2026-08-14T11:00:00-04:00,LIST-001648
ShopGoodwill,SGW-LST-001736,SGW-ITM-001736,GW-007,2026-08-14T11:00:00-04:00,LIST-001736
ShopGoodwill,SGW-OPEN-000020,SGW-UNSOLD-000020,GW-009,2026-08-14T11:00:00-04:00,LIST-002708
ShopGoodwill,SGW-OPEN-000048,SGW-UNSOLD-000048,GW-002,2026-08-14T11:00:00-04:00,LIST-002719
ShopGoodwill,SGW-OPEN-000104,SGW-UNSOLD-000104,GW-023,2026-08-14T11:00:00-04:00,LIST-002741
ShopGoodwill,SGW-OPEN-000122,SGW-UNSOLD-000122,GW-016,2026-08-14T11:00:00-04:00,LIST-002748
ShopGoodwill,SGW-OPEN-000319,SGW-UNSOLD-000319,GW-014,2026-08-14T11:00:00-04:00,LIST-002828
ShopGoodwill,SGW-OPEN-000389,SGW-UNSOLD-000389,GW-013,2026-08-14T11:00:00-04:00,LIST-002858
ShopGoodwill,SGW-OPEN-000582,SGW-UNSOLD-000582,GW-020,2026-08-14T11:00:00-04:00,LIST-002946
ShopGoodwill,SGW-OPEN-000757,SGW-UNSOLD-000757,GW-016,2026-08-14T11:00:00-04:00,LIST-003013
ShopGoodwill,SGW-OPEN-000813,SGW-UNSOLD-000813,GW-019,2026-08-14T11:00:00-04:00,LIST-003035
ShopGoodwill,SGW-OPEN-000817,SGW-UNSOLD-000817,GW-011,2026-08-14T11:00:00-04:00,LIST-003036
ShopGoodwill,SGW-OPEN-000842,SGW-UNSOLD-000842,GW-009,2026-08-14T11:00:00-04:00,LIST-003051
ShopGoodwill,SGW-OPEN-000907,SGW-UNSOLD-000907,GW-012,2026-08-14T11:00:00-04:00,LIST-003075
ShopGoodwill,SGW-OPEN-000941,SGW-UNSOLD-000941,GW-023,2026-08-14T11:00:00-04:00,LIST-003085
ShopGoodwill,SGW-OPEN-000952,SGW-UNSOLD-000952,GW-004,2026-08-14T11:00:00-04:00,LIST-003089
eBay,EB-LST-000080,EB-ITM-000080,GW-015,2026-08-15T11:00:00-04:00,LIST-001880
eBay,EB-LST-000113,EB-ITM-000113,GW-009,2026-08-15T11:00:00-04:00,LIST-001913
eBay,EB-LST-000423,EB-ITM-000423,GW-014,2026-08-15T11:00:00-04:00,LIST-002223
eBay,EB-LST-000498,EB-ITM-000498,GW-017,2026-08-15T11:00:00-04:00,LIST-002298
eBay,EB-LST-000501,EB-ITM-000501,GW-010,2026-08-15T11:00:00-04:00,LIST-002301
eBay,EB-LST-000502,EB-ITM-000502,GW-017,2026-08-15T11:00:00-04:00,LIST-002302
eBay,EB-LST-000622,EB-ITM-000622,GW-017,2026-08-15T11:00:00-04:00,LIST-002422
eBay,EB-LST-000742,EB-ITM-000742,GW-007,2026-08-15T11:00:00-04:00,LIST-002542
eBay,EB-LST-000776,EB-ITM-000776,GW-021,2026-08-15T11:00:00-04:00,LIST-002576
eBay,EB-LST-000783,EB-ITM-000783,GW-018,2026-08-15T11:00:00-04:00,LIST-002583
eBay,EB-LST-000835,EB-ITM-000835,GW-024,2026-08-15T11:00:00-04:00,LIST-002635
eBay,EB-LST-000862,EB-ITM-000862,GW-006,2026-08-15T11:00:00-04:00,LIST-002662
eBay,EB-LST-000883,EB-ITM-000883,GW-006,2026-08-15T11:00:00-04:00,LIST-002683
eBay,EB-OPEN-000423,EB-UNSOLD-000423,GW-019,2026-08-15T11:00:00-04:00,LIST-002873
eBay,EB-OPEN-000577,EB-UNSOLD-000577,GW-001,2026-08-15T11:00:00-04:00,LIST-002942
ShopGoodwill,SGW-LST-000069,SGW-ITM-000069,GW-019,2026-08-15T11:00:00-04:00,LIST-000069
ShopGoodwill,SGW-LST-000101,SGW-ITM-000101,GW-020,2026-08-15T11:00:00-04:00,LIST-000101
ShopGoodwill,SGW-LST-000120,SGW-ITM-000120,GW-018,2026-08-15T11:00:00-04:00,LIST-000120
ShopGoodwill,SGW-LST-000191,SGW-ITM-000191,GW-002,2026-08-15T11:00:00-04:00,LIST-000191
ShopGoodwill,SGW-LST-000381,SGW-ITM-000381,GW-008,2026-08-15T11:00:00-04:00,LIST-000381
ShopGoodwill,SGW-LST-000400,SGW-ITM-000400,GW-020,2026-08-15T11:00:00-04:00,LIST-000400
ShopGoodwill,SGW-LST-000410,SGW-ITM-000410,GW-008,2026-08-15T11:00:00-04:00,LIST-000410
ShopGoodwill,SGW-LST-000475,SGW-ITM-000475,GW-017,2026-08-15T11:00:00-04:00,LIST-000475
ShopGoodwill,SGW-LST-000533,SGW-ITM-000533,GW-009,2026-08-15T11:00:00-04:00,LIST-000533
ShopGoodwill,SGW-LST-000539,SGW-ITM-000539,GW-002,2026-08-15T11:00:00-04:00,LIST-000539
ShopGoodwill,SGW-LST-000635,SGW-ITM-000635,GW-020,2026-08-15T11:00:00-04:00,LIST-000635
ShopGoodwill,SGW-LST-000735,SGW-ITM-000735,GW-004,2026-08-15T11:00:00-04:00,LIST-000735
ShopGoodwill,SGW-LST-000926,SGW-ITM-000926,GW-022,2026-08-15T11:00:00-04:00,LIST-000926
ShopGoodwill,SGW-LST-001032,SGW-ITM-001032,GW-013,2026-08-15T11:00:00-04:00,LIST-001032
ShopGoodwill,SGW-LST-001033,SGW-ITM-001033,GW-007,2026-08-15T11:00:00-04:00,LIST-001033
ShopGoodwill,SGW-LST-001428,SGW-ITM-001428,GW-006,2026-08-15T11:00:00-04:00,LIST-001428
ShopGoodwill,SGW-LST-001472,SGW-ITM-001472,GW-016,2026-08-15T11:00:00-04:00,LIST-001472
ShopGoodwill,SGW-LST-001572,SGW-ITM-001572,GW-024,2026-08-15T11:00:00-04:00,LIST-001572
ShopGoodwill,SGW-LST-001778,SGW-ITM-001778,GW-012,2026-08-15T11:00:00-04:00,LIST-001778
ShopGoodwill,SGW-OPEN-000282,SGW-UNSOLD-000282,GW-018,2026-08-15T11:00:00-04:00,LIST-002812
ShopGoodwill,SGW-OPEN-000393,SGW-UNSOLD-000393,GW-002,2026-08-15T11:00:00-04:00,LIST-002861
ShopGoodwill,SGW-OPEN-000420,SGW-UNSOLD-000420,GW-022,2026-08-15T11:00:00-04:00,LIST-002872
ShopGoodwill,SGW-OPEN-000459,SGW-UNSOLD-000459,GW-019,2026-08-15T11:00:00-04:00,LIST-002885
ShopGoodwill,SGW-OPEN-000592,SGW-UNSOLD-000592,GW-005,2026-08-15T11:00:00-04:00,LIST-002952
ShopGoodwill,SGW-OPEN-000808,SGW-UNSOLD-000808,GW-004,2026-08-15T11:00:00-04:00,LIST-003034
ShopGoodwill,SGW-OPEN-000823,SGW-UNSOLD-000823,GW-013,2026-08-15T11:00:00-04:00,LIST-003039
ShopGoodwill,SGW-OPEN-000867,SGW-UNSOLD-000867,GW-012,2026-08-15T11:00:00-04:00,LIST-003058
ShopGoodwill,SGW-OPEN-000965,SGW-UNSOLD-000965,GW-008,2026-08-15T11:00:00-04:00,LIST-003092
eBay,EB-LST-000081,EB-ITM-000081,GW-010,2026-08-16T11:00:00-04:00,LIST-001881
eBay,EB-LST-000238,EB-ITM-000238,GW-008,2026-08-16T11:00:00-04:00,LIST-002038
eBay,EB-LST-000269,EB-ITM-000269,GW-011,2026-08-16T11:00:00-04:00,LIST-002069
eBay,EB-LST-000320,EB-ITM-000320,GW-001,2026-08-16T11:00:00-04:00,LIST-002120
eBay,EB-LST-000336,EB-ITM-000336,GW-017,2026-08-16T11:00:00-04:00,LIST-002136
eBay,EB-LST-000344,EB-ITM-000344,GW-013,2026-08-16T11:00:00-04:00,LIST-002144
eBay,EB-LST-000356,EB-ITM-000356,GW-006,2026-08-16T11:00:00-04:00,LIST-002156
eBay,EB-LST-000549,EB-ITM-000549,GW-008,2026-08-16T11:00:00-04:00,LIST-002349
eBay,EB-LST-000667,EB-ITM-000667,GW-001,2026-08-16T11:00:00-04:00,LIST-002467
eBay,EB-LST-000729,EB-ITM-000729,GW-019,2026-08-16T11:00:00-04:00,LIST-002529
eBay,EB-LST-000734,EB-ITM-000734,GW-020,2026-08-16T11:00:00-04:00,LIST-002534
eBay,EB-OPEN-000338,EB-UNSOLD-000338,GW-024,2026-08-16T11:00:00-04:00,LIST-002835
eBay,EB-OPEN-000604,EB-UNSOLD-000604,GW-005,2026-08-16T11:00:00-04:00,LIST-002954
eBay,EB-OPEN-000621,EB-UNSOLD-000621,GW-008,2026-08-16T11:00:00-04:00,LIST-002959
eBay,EB-OPEN-000996,EB-UNSOLD-000996,GW-001,2026-08-16T11:00:00-04:00,LIST-003101
eBay,EB-OPEN-001063,EB-UNSOLD-001063,GW-016,2026-08-16T11:00:00-04:00,LIST-003128
ShopGoodwill,SGW-LST-000074,SGW-ITM-000074,GW-020,2026-08-16T11:00:00-04:00,LIST-000074
ShopGoodwill,SGW-LST-000126,SGW-ITM-000126,GW-012,2026-08-16T11:00:00-04:00,LIST-000126
ShopGoodwill,SGW-LST-000182,SGW-ITM-000182,GW-012,2026-08-16T11:00:00-04:00,LIST-000182
ShopGoodwill,SGW-LST-000392,SGW-ITM-000392,GW-007,2026-08-16T11:00:00-04:00,LIST-000392
ShopGoodwill,SGW-LST-000404,SGW-ITM-000404,GW-016,2026-08-16T11:00:00-04:00,LIST-000404
ShopGoodwill,SGW-LST-000546,SGW-ITM-000546,GW-004,2026-08-16T11:00:00-04:00,LIST-000546
ShopGoodwill,SGW-LST-000613,SGW-ITM-000613,GW-016,2026-08-16T11:00:00-04:00,LIST-000613
ShopGoodwill,SGW-LST-000653,SGW-ITM-000653,GW-014,2026-08-16T11:00:00-04:00,LIST-000653
ShopGoodwill,SGW-LST-000669,SGW-ITM-000669,GW-015,2026-08-16T11:00:00-04:00,LIST-000669
ShopGoodwill,SGW-LST-000678,SGW-ITM-000678,GW-007,2026-08-16T11:00:00-04:00,LIST-000678
ShopGoodwill,SGW-LST-000776,SGW-ITM-000776,GW-016,2026-08-16T11:00:00-04:00,LIST-000776
ShopGoodwill,SGW-LST-000830,SGW-ITM-000830,GW-023,2026-08-16T11:00:00-04:00,LIST-000830
ShopGoodwill,SGW-LST-000866,SGW-ITM-000866,GW-012,2026-08-16T11:00:00-04:00,LIST-000866
ShopGoodwill,SGW-LST-000877,SGW-ITM-000877,GW-020,2026-08-16T11:00:00-04:00,LIST-000877
ShopGoodwill,SGW-LST-000997,SGW-ITM-000997,GW-017,2026-08-16T11:00:00-04:00,LIST-000997
ShopGoodwill,SGW-LST-001107,SGW-ITM-001107,GW-013,2026-08-16T11:00:00-04:00,LIST-001107
ShopGoodwill,SGW-LST-001443,SGW-ITM-001443,GW-024,2026-08-16T11:00:00-04:00,LIST-001443
ShopGoodwill,SGW-LST-001558,SGW-ITM-001558,GW-003,2026-08-16T11:00:00-04:00,LIST-001558
ShopGoodwill,SGW-LST-001663,SGW-ITM-001663,GW-013,2026-08-16T11:00:00-04:00,LIST-001663
ShopGoodwill,SGW-LST-001750,SGW-ITM-001750,GW-006,2026-08-16T11:00:00-04:00,LIST-001750
ShopGoodwill,SGW-LST-001760,SGW-ITM-001760,GW-009,2026-08-16T11:00:00-04:00,LIST-001760
ShopGoodwill,SGW-LST-001780,SGW-ITM-001780,GW-011,2026-08-16T11:00:00-04:00,LIST-001780
ShopGoodwill,SGW-OPEN-000045,SGW-UNSOLD-000045,GW-004,2026-08-16T11:00:00-04:00,LIST-002716
ShopGoodwill,SGW-OPEN-000218,SGW-UNSOLD-000218,GW-015,2026-08-16T11:00:00-04:00,LIST-002783
ShopGoodwill,SGW-OPEN-000242,SGW-UNSOLD-000242,GW-011,2026-08-16T11:00:00-04:00,LIST-002796
ShopGoodwill,SGW-OPEN-000533,SGW-UNSOLD-000533,GW-004,2026-08-16T11:00:00-04:00,LIST-002925
ShopGoodwill,SGW-OPEN-000554,SGW-UNSOLD-000554,GW-017,2026-08-16T11:00:00-04:00,LIST-002929
ShopGoodwill,SGW-OPEN-000644,SGW-UNSOLD-000644,GW-009,2026-08-16T11:00:00-04:00,LIST-002969
ShopGoodwill,SGW-OPEN-000734,SGW-UNSOLD-000734,GW-024,2026-08-16T11:00:00-04:00,LIST-003002
ShopGoodwill,SGW-OPEN-000844,SGW-UNSOLD-000844,GW-021,2026-08-16T11:00:00-04:00,LIST-003052
ShopGoodwill,SGW-OPEN-001152,SGW-UNSOLD-001152,GW-020,2026-08-16T11:00:00-04:00,LIST-003160
eBay,EB-LST-000024,EB-ITM-000024,GW-024,2026-08-17T11:00:00-04:00,LIST-001824
eBay,EB-LST-000091,EB-ITM-000091,GW-020,2026-08-17T11:00:00-04:00,LIST-001891
eBay,EB-LST-000158,EB-ITM-000158,GW-013,2026-08-17T11:00:00-04:00,LIST-001958
eBay,EB-LST-000201,EB-ITM-000201,GW-004,2026-08-17T11:00:00-04:00,LIST-002001
eBay,EB-LST-000417,EB-ITM-000417,GW-007,2026-08-17T11:00:00-04:00,LIST-002217
eBay,EB-LST-000438,EB-ITM-000438,GW-009,2026-08-17T11:00:00-04:00,LIST-002238
eBay,EB-LST-000459,EB-ITM-000459,GW-005,2026-08-17T11:00:00-04:00,LIST-002259
eBay,EB-LST-000512,EB-ITM-000512,GW-011,2026-08-17T11:00:00-04:00,LIST-002312
eBay,EB-LST-000634,EB-ITM-000634,GW-008,2026-08-17T11:00:00-04:00,LIST-002434
eBay,EB-LST-000728,EB-ITM-000728,GW-018,2026-08-17T11:00:00-04:00,LIST-002528
eBay,EB-LST-000821,EB-ITM-000821,GW-022,2026-08-17T11:00:00-04:00,LIST-002621
eBay,EB-OPEN-000066,EB-UNSOLD-000066,GW-016,2026-08-17T11:00:00-04:00,LIST-002726
eBay,EB-OPEN-000752,EB-UNSOLD-000752,GW-001,2026-08-17T11:00:00-04:00,LIST-003010
ShopGoodwill,SGW-LST-000168,SGW-ITM-000168,GW-006,2026-08-17T11:00:00-04:00,LIST-000168
ShopGoodwill,SGW-LST-000174,SGW-ITM-000174,GW-017,2026-08-17T11:00:00-04:00,LIST-000174
ShopGoodwill,SGW-LST-000226,SGW-ITM-000226,GW-012,2026-08-17T11:00:00-04:00,LIST-000226
ShopGoodwill,SGW-LST-000257,SGW-ITM-000257,GW-011,2026-08-17T11:00:00-04:00,LIST-000257
ShopGoodwill,SGW-LST-000303,SGW-ITM-000303,GW-008,2026-08-17T11:00:00-04:00,LIST-000303
ShopGoodwill,SGW-LST-000491,SGW-ITM-000491,GW-006,2026-08-17T11:00:00-04:00,LIST-000491
ShopGoodwill,SGW-LST-000633,SGW-ITM-000633,,2026-08-17T11:00:00-04:00,LIST-000633
ShopGoodwill,SGW-LST-000685,SGW-ITM-000685,GW-005,2026-08-17T11:00:00-04:00,LIST-000685
ShopGoodwill,SGW-LST-000770,SGW-ITM-000770,GW-008,2026-08-17T11:00:00-04:00,LIST-000770
ShopGoodwill,SGW-LST-000871,SGW-ITM-000871,GW-016,2026-08-17T11:00:00-04:00,LIST-000871
ShopGoodwill,SGW-LST-000874,SGW-ITM-000874,GW-014,2026-08-17T11:00:00-04:00,LIST-000874
ShopGoodwill,SGW-LST-000979,SGW-ITM-000979,GW-010,2026-08-17T11:00:00-04:00,LIST-000979
ShopGoodwill,SGW-LST-000993,SGW-ITM-000993,GW-012,2026-08-17T11:00:00-04:00,LIST-000993
ShopGoodwill,SGW-LST-001055,SGW-ITM-001055,,2026-08-17T11:00:00-04:00,LIST-001055
ShopGoodwill,SGW-LST-001105,SGW-ITM-001105,GW-010,2026-08-17T11:00:00-04:00,LIST-001105
ShopGoodwill,SGW-LST-001109,SGW-ITM-001109,GW-005,2026-08-17T11:00:00-04:00,LIST-001109
ShopGoodwill,SGW-LST-001155,SGW-ITM-001155,GW-024,2026-08-17T11:00:00-04:00,LIST-001155
ShopGoodwill,SGW-LST-001165,SGW-ITM-001165,GW-006,2026-08-17T11:00:00-04:00,LIST-001165
ShopGoodwill,SGW-LST-001172,SGW-ITM-001172,GW-012,2026-08-17T11:00:00-04:00,LIST-001172
ShopGoodwill,SGW-LST-001216,SGW-ITM-001216,GW-006,2026-08-17T11:00:00-04:00,LIST-001216
ShopGoodwill,SGW-LST-001277,SGW-ITM-001277,GW-010,2026-08-17T11:00:00-04:00,LIST-001277
ShopGoodwill,SGW-LST-001343,SGW-ITM-001343,GW-001,2026-08-17T11:00:00-04:00,LIST-001343
ShopGoodwill,SGW-LST-001477,SGW-ITM-001477,,2026-08-17T11:00:00-04:00,LIST-001477
ShopGoodwill,SGW-LST-001500,SGW-ITM-001500,GW-005,2026-08-17T11:00:00-04:00,LIST-001500
ShopGoodwill,SGW-LST-001678,SGW-ITM-001678,GW-008,2026-08-17T11:00:00-04:00,LIST-001678
ShopGoodwill,SGW-OPEN-000227,SGW-UNSOLD-000227,GW-001,2026-08-17T11:00:00-04:00,LIST-002790
ShopGoodwill,SGW-OPEN-000514,SGW-UNSOLD-000514,GW-015,2026-08-17T11:00:00-04:00,LIST-002915
ShopGoodwill,SGW-OPEN-000570,SGW-UNSOLD-000570,GW-003,2026-08-17T11:00:00-04:00,LIST-002938
ShopGoodwill,SGW-OPEN-000670,SGW-UNSOLD-000670,GW-016,2026-08-17T11:00:00-04:00,LIST-002977
ShopGoodwill,SGW-OPEN-000957,SGW-UNSOLD-000957,GW-008,2026-08-17T11:00:00-04:00,LIST-003090
ShopGoodwill,SGW-OPEN-001021,SGW-UNSOLD-001021,GW-003,2026-08-17T11:00:00-04:00,LIST-003108
ShopGoodwill,SGW-OPEN-001047,SGW-UNSOLD-001047,GW-017,2026-08-17T11:00:00-04:00,LIST-003122
ShopGoodwill,SGW-OPEN-001070,SGW-UNSOLD-001070,GW-020,2026-08-17T11:00:00-04:00,LIST-003132
ShopGoodwill,SGW-OPEN-001163,SGW-UNSOLD-001163,GW-017,2026-08-17T11:00:00-04:00,LIST-003165
ShopGoodwill,SGW-OPEN-001195,SGW-UNSOLD-001195,GW-009,2026-08-17T11:00:00-04:00,LIST-003179
eBay,EB-LST-000058,EB-ITM-000058,GW-018,2026-08-18T11:00:00-04:00,LIST-001858
eBay,EB-LST-000093,EB-ITM-000093,GW-004,2026-08-18T11:00:00-04:00,LIST-001893
eBay,EB-LST-000144,EB-ITM-000144,GW-017,2026-08-18T11:00:00-04:00,LIST-001944
eBay,EB-LST-000168,EB-ITM-000168,GW-017,2026-08-18T11:00:00-04:00,LIST-001968
eBay,EB-LST-000248,EB-ITM-000248,GW-002,2026-08-18T11:00:00-04:00,LIST-002048
eBay,EB-LST-000321,EB-ITM-000321,GW-007,2026-08-18T11:00:00-04:00,LIST-002121
eBay,EB-LST-000510,EB-ITM-000510,GW-001,2026-08-18T11:00:00-04:00,LIST-002310
eBay,EB-LST-000655,EB-ITM-000655,GW-011,2026-08-18T11:00:00-04:00,LIST-002455
eBay,EB-LST-000752,EB-ITM-000752,GW-024,2026-08-18T11:00:00-04:00,LIST-002552
eBay,EB-LST-000762,EB-ITM-000762,GW-008,2026-08-18T11:00:00-04:00,LIST-002562
eBay,EB-OPEN-000203,EB-UNSOLD-000203,GW-009,2026-08-18T11:00:00-04:00,LIST-002780
eBay,EB-OPEN-000789,EB-UNSOLD-000789,GW-014,2026-08-18T11:00:00-04:00,LIST-003027
ShopGoodwill,SGW-LST-000017,SGW-ITM-000017,GW-001,2026-08-18T11:00:00-04:00,LIST-000017
ShopGoodwill,SGW-LST-000130,SGW-ITM-000130,GW-019,2026-08-18T11:00:00-04:00,LIST-000130
ShopGoodwill,SGW-LST-000157,SGW-ITM-000157,GW-004,2026-08-18T11:00:00-04:00,LIST-000157
ShopGoodwill,SGW-LST-000372,SGW-ITM-000372,GW-001,2026-08-18T11:00:00-04:00,LIST-000372
ShopGoodwill,SGW-LST-000409,SGW-ITM-000409,GW-017,2026-08-18T11:00:00-04:00,LIST-000409
ShopGoodwill,SGW-LST-000498,SGW-ITM-000498,GW-019,2026-08-18T11:00:00-04:00,LIST-000498
ShopGoodwill,SGW-LST-000699,SGW-ITM-000699,GW-008,2026-08-18T11:00:00-04:00,LIST-000699
ShopGoodwill,SGW-LST-000790,SGW-ITM-000790,GW-024,2026-08-18T11:00:00-04:00,LIST-000790
ShopGoodwill,SGW-LST-000846,SGW-ITM-000846,GW-008,2026-08-18T11:00:00-04:00,LIST-000846
ShopGoodwill,SGW-LST-000980,SGW-ITM-000980,GW-014,2026-08-18T11:00:00-04:00,LIST-000980
ShopGoodwill,SGW-LST-001306,SGW-ITM-001306,GW-001,2026-08-18T11:00:00-04:00,LIST-001306
ShopGoodwill,SGW-LST-001315,SGW-ITM-001315,GW-019,2026-08-18T11:00:00-04:00,LIST-001315
ShopGoodwill,SGW-LST-001318,SGW-ITM-001318,GW-011,2026-08-18T11:00:00-04:00,LIST-001318
ShopGoodwill,SGW-OPEN-000112,SGW-UNSOLD-000112,GW-009,2026-08-18T11:00:00-04:00,LIST-002742
ShopGoodwill,SGW-OPEN-000152,SGW-UNSOLD-000152,GW-018,2026-08-18T11:00:00-04:00,LIST-002758
ShopGoodwill,SGW-OPEN-000188,SGW-UNSOLD-000188,GW-007,2026-08-18T11:00:00-04:00,LIST-002772
ShopGoodwill,SGW-OPEN-000268,SGW-UNSOLD-000268,GW-022,2026-08-18T11:00:00-04:00,LIST-002806
ShopGoodwill,SGW-OPEN-000293,SGW-UNSOLD-000293,GW-009,2026-08-18T11:00:00-04:00,LIST-002818
ShopGoodwill,SGW-OPEN-000307,SGW-UNSOLD-000307,GW-001,2026-08-18T11:00:00-04:00,LIST-002824
ShopGoodwill,SGW-OPEN-000315,SGW-UNSOLD-000315,GW-010,2026-08-18T11:00:00-04:00,LIST-002826
ShopGoodwill,SGW-OPEN-000488,SGW-UNSOLD-000488,GW-012,2026-08-18T11:00:00-04:00,LIST-002901
ShopGoodwill,SGW-OPEN-000499,SGW-UNSOLD-000499,GW-012,2026-08-18T11:00:00-04:00,LIST-002907
ShopGoodwill,SGW-OPEN-000771,SGW-UNSOLD-000771,GW-012,2026-08-18T11:00:00-04:00,LIST-003019
ShopGoodwill,SGW-OPEN-000911,SGW-UNSOLD-000911,GW-022,2026-08-18T11:00:00-04:00,LIST-003078
ShopGoodwill,SGW-OPEN-000921,SGW-UNSOLD-000921,GW-012,2026-08-18T11:00:00-04:00,LIST-003082
ShopGoodwill,SGW-OPEN-000943,SGW-UNSOLD-000943,GW-009,2026-08-18T11:00:00-04:00,LIST-003086
ShopGoodwill,SGW-OPEN-001037,SGW-UNSOLD-001037,GW-018,2026-08-18T11:00:00-04:00,LIST-003116
ShopGoodwill,SGW-OPEN-001052,SGW-UNSOLD-001052,GW-002,2026-08-18T11:00:00-04:00,LIST-003124
ShopGoodwill,SGW-OPEN-001125,SGW-UNSOLD-001125,GW-012,2026-08-18T11:00:00-04:00,LIST-003150
ShopGoodwill,SGW-OPEN-001181,SGW-UNSOLD-001181,GW-009,2026-08-18T11:00:00-04:00,LIST-003174
eBay,EB-LST-000016,EB-ITM-000016,GW-017,2026-08-19T11:00:00-04:00,LIST-001816
eBay,EB-LST-000025,EB-ITM-000025,GW-012,2026-08-19T11:00:00-04:00,LIST-001825
eBay,EB-LST-000069,EB-ITM-000069,GW-014,2026-08-19T11:00:00-04:00,LIST-001869
eBay,EB-LST-000188,EB-ITM-000188,GW-017,2026-08-19T11:00:00-04:00,LIST-001988
eBay,EB-LST-000229,EB-ITM-000229,GW-015,2026-08-19T11:00:00-04:00,LIST-002029
eBay,EB-LST-000286,EB-ITM-000286,GW-009,2026-08-19T11:00:00-04:00,LIST-002086
eBay,EB-LST-000380,EB-ITM-000380,GW-015,2026-08-19T11:00:00-04:00,LIST-002180
eBay,EB-LST-000751,EB-ITM-000751,GW-006,2026-08-19T11:00:00-04:00,LIST-002551
eBay,EB-LST-000852,EB-ITM-000852,GW-009,2026-08-19T11:00:00-04:00,LIST-002652
eBay,EB-LST-000855,EB-ITM-000855,GW-012,2026-08-19T11:00:00-04:00,LIST-002655
eBay,EB-LST-000897,EB-ITM-000897,GW-003,2026-08-19T11:00:00-04:00,LIST-002697
eBay,EB-OPEN-000466,EB-UNSOLD-000466,GW-001,2026-08-19T11:00:00-04:00,LIST-002889
eBay,EB-OPEN-000500,EB-UNSOLD-000500,GW-012,2026-08-19T11:00:00-04:00,LIST-002908
eBay,EB-OPEN-001043,EB-UNSOLD-001043,GW-024,2026-08-19T11:00:00-04:00,LIST-003120
ShopGoodwill,SGW-LST-000038,SGW-ITM-000038,GW-013,2026-08-19T11:00:00-04:00,LIST-000038
ShopGoodwill,SGW-LST-000051,SGW-ITM-000051,GW-017,2026-08-19T11:00:00-04:00,LIST-000051
ShopGoodwill,SGW-LST-000231,SGW-ITM-000231,GW-018,2026-08-19T11:00:00-04:00,LIST-000231
ShopGoodwill,SGW-LST-000283,SGW-ITM-000283,GW-018,2026-08-19T11:00:00-04:00,LIST-000283
ShopGoodwill,SGW-LST-000382,SGW-ITM-000382,GW-006,2026-08-19T11:00:00-04:00,LIST-000382
ShopGoodwill,SGW-LST-000503,SGW-ITM-000503,GW-012,2026-08-19T11:00:00-04:00,LIST-000503
ShopGoodwill,SGW-LST-000552,SGW-ITM-000552,GW-008,2026-08-19T11:00:00-04:00,LIST-000552
ShopGoodwill,SGW-LST-000564,SGW-ITM-000564,GW-001,2026-08-19T11:00:00-04:00,LIST-000564
ShopGoodwill,SGW-LST-000751,SGW-ITM-000751,GW-020,2026-08-19T11:00:00-04:00,LIST-000751
ShopGoodwill,SGW-LST-000769,SGW-ITM-000769,GW-010,2026-08-19T11:00:00-04:00,LIST-000769
ShopGoodwill,SGW-LST-000780,SGW-ITM-000780,GW-002,2026-08-19T11:00:00-04:00,LIST-000780
ShopGoodwill,SGW-LST-000801,SGW-ITM-000801,GW-002,2026-08-19T11:00:00-04:00,LIST-000801
ShopGoodwill,SGW-LST-000812,SGW-ITM-000812,GW-004,2026-08-19T11:00:00-04:00,LIST-000812
ShopGoodwill,SGW-LST-000888,SGW-ITM-000888,GW-006,2026-08-19T11:00:00-04:00,LIST-000888
ShopGoodwill,SGW-LST-000899,SGW-ITM-000899,GW-018,2026-08-19T11:00:00-04:00,LIST-000899
ShopGoodwill,SGW-LST-000930,SGW-ITM-000930,GW-009,2026-08-19T11:00:00-04:00,LIST-000930
ShopGoodwill,SGW-LST-001131,SGW-ITM-001131,GW-008,2026-08-19T11:00:00-04:00,LIST-001131
ShopGoodwill,SGW-LST-001307,SGW-ITM-001307,GW-018,2026-08-19T11:00:00-04:00,LIST-001307
ShopGoodwill,SGW-LST-001314,SGW-ITM-001314,GW-018,2026-08-19T11:00:00-04:00,LIST-001314
ShopGoodwill,SGW-LST-001464,SGW-ITM-001464,GW-024,2026-08-19T11:00:00-04:00,LIST-001464
ShopGoodwill,SGW-LST-001545,SGW-ITM-001545,GW-002,2026-08-19T11:00:00-04:00,LIST-001545
ShopGoodwill,SGW-LST-001578,SGW-ITM-001578,GW-020,2026-08-19T11:00:00-04:00,LIST-001578
ShopGoodwill,SGW-OPEN-000054,SGW-UNSOLD-000054,GW-005,2026-08-19T11:00:00-04:00,LIST-002721
ShopGoodwill,SGW-OPEN-000080,SGW-UNSOLD-000080,GW-008,2026-08-19T11:00:00-04:00,LIST-002732
ShopGoodwill,SGW-OPEN-000527,SGW-UNSOLD-000527,GW-016,2026-08-19T11:00:00-04:00,LIST-002923
ShopGoodwill,SGW-OPEN-000662,SGW-UNSOLD-000662,GW-010,2026-08-19T11:00:00-04:00,LIST-002974
ShopGoodwill,SGW-OPEN-000888,SGW-UNSOLD-000888,GW-011,2026-08-19T11:00:00-04:00,LIST-003066
eBay,EB-LST-000119,EB-ITM-000119,GW-012,2026-08-20T11:00:00-04:00,LIST-001919
eBay,EB-LST-000264,EB-ITM-000264,GW-011,2026-08-20T11:00:00-04:00,LIST-002064
eBay,EB-LST-000323,EB-ITM-000323,GW-010,2026-08-20T11:00:00-04:00,LIST-002123
eBay,EB-LST-000447,EB-ITM-000447,GW-013,2026-08-20T11:00:00-04:00,LIST-002247
eBay,EB-LST-000476,EB-ITM-000476,GW-016,2026-08-20T11:00:00-04:00,LIST-002276
eBay,EB-LST-000552,EB-ITM-000552,GW-024,2026-08-20T11:00:00-04:00,LIST-002352
eBay,EB-LST-000662,EB-ITM-000662,GW-003,2026-08-20T11:00:00-04:00,LIST-002462
eBay,EB-OPEN-000102,EB-UNSOLD-000102,GW-010,2026-08-20T11:00:00-04:00,LIST-002740
eBay,EB-OPEN-000249,EB-UNSOLD-000249,GW-024,2026-08-20T11:00:00-04:00,LIST-002800
eBay,EB-OPEN-000430,EB-UNSOLD-000430,GW-019,2026-08-20T11:00:00-04:00,LIST-002875
eBay,EB-OPEN-001001,EB-UNSOLD-001001,GW-001,2026-08-20T11:00:00-04:00,LIST-003102
eBay,EB-OPEN-001032,EB-UNSOLD-001032,GW-004,2026-08-20T11:00:00-04:00,LIST-003113
ShopGoodwill,SGW-LST-000024,SGW-ITM-000024,GW-011,2026-08-20T11:00:00-04:00,LIST-000024
ShopGoodwill,SGW-LST-000114,SGW-ITM-000114,GW-006,2026-08-20T11:00:00-04:00,LIST-000114
ShopGoodwill,SGW-LST-000141,SGW-ITM-000141,GW-010,2026-08-20T11:00:00-04:00,LIST-000141
ShopGoodwill,SGW-LST-000178,SGW-ITM-000178,GW-010,2026-08-20T11:00:00-04:00,LIST-000178
ShopGoodwill,SGW-LST-000493,SGW-ITM-000493,GW-004,2026-08-20T11:00:00-04:00,LIST-000493
ShopGoodwill,SGW-LST-000595,SGW-ITM-000595,GW-017,2026-08-20T11:00:00-04:00,LIST-000595
ShopGoodwill,SGW-LST-000702,SGW-ITM-000702,GW-020,2026-08-20T11:00:00-04:00,LIST-000702
ShopGoodwill,SGW-LST-000797,SGW-ITM-000797,GW-022,2026-08-20T11:00:00-04:00,LIST-000797
ShopGoodwill,SGW-LST-000843,SGW-ITM-000843,GW-020,2026-08-20T11:00:00-04:00,LIST-000843
ShopGoodwill,SGW-LST-000873,SGW-ITM-000873,GW-008,2026-08-20T11:00:00-04:00,LIST-000873
ShopGoodwill,SGW-LST-000988,SGW-ITM-000988,GW-003,2026-08-20T11:00:00-04:00,LIST-000988
ShopGoodwill,SGW-LST-001281,SGW-ITM-001281,GW-006,2026-08-20T11:00:00-04:00,LIST-001281
ShopGoodwill,SGW-LST-001371,SGW-ITM-001371,GW-001,2026-08-20T11:00:00-04:00,LIST-001371
ShopGoodwill,SGW-LST-001396,SGW-ITM-001396,GW-003,2026-08-20T11:00:00-04:00,LIST-001396
ShopGoodwill,SGW-LST-001647,SGW-ITM-001647,GW-012,2026-08-20T11:00:00-04:00,LIST-001647
ShopGoodwill,SGW-LST-001687,SGW-ITM-001687,GW-020,2026-08-20T11:00:00-04:00,LIST-001687
ShopGoodwill,SGW-OPEN-000079,SGW-UNSOLD-000079,GW-007,2026-08-20T11:00:00-04:00,LIST-002731
ShopGoodwill,SGW-OPEN-000146,SGW-UNSOLD-000146,GW-013,2026-08-20T11:00:00-04:00,LIST-002755
ShopGoodwill,SGW-OPEN-000229,SGW-UNSOLD-000229,GW-011,2026-08-20T11:00:00-04:00,LIST-002791
ShopGoodwill,SGW-OPEN-000465,SGW-UNSOLD-000465,GW-020,2026-08-20T11:00:00-04:00,LIST-002888
ShopGoodwill,SGW-OPEN-000492,SGW-UNSOLD-000492,GW-011,2026-08-20T11:00:00-04:00,LIST-002902
ShopGoodwill,SGW-OPEN-000564,SGW-UNSOLD-000564,GW-001,2026-08-20T11:00:00-04:00,LIST-002935
ShopGoodwill,SGW-OPEN-000733,SGW-UNSOLD-000733,GW-006,2026-08-20T11:00:00-04:00,LIST-003001
ShopGoodwill,SGW-OPEN-000840,SGW-UNSOLD-000840,GW-014,2026-08-20T11:00:00-04:00,LIST-003049
ShopGoodwill,SGW-OPEN-000868,SGW-UNSOLD-000868,GW-001,2026-08-20T11:00:00-04:00,LIST-003059
ShopGoodwill,SGW-OPEN-001165,SGW-UNSOLD-001165,GW-007,2026-08-20T11:00:00-04:00,LIST-003167
eBay,EB-LST-000174,EB-ITM-000174,GW-020,2026-08-21T11:00:00-04:00,LIST-001974
eBay,EB-LST-000206,EB-ITM-000206,GW-002,2026-08-21T11:00:00-04:00,LIST-002006
eBay,EB-LST-000279,EB-ITM-000279,GW-012,2026-08-21T11:00:00-04:00,LIST-002079
eBay,EB-LST-000325,EB-ITM-000325,GW-020,2026-08-21T11:00:00-04:00,LIST-002125
eBay,EB-LST-000386,EB-ITM-000386,GW-004,2026-08-21T11:00:00-04:00,LIST-002186
eBay,EB-LST-000600,EB-ITM-000600,GW-014,2026-08-21T11:00:00-04:00,LIST-002400
ShopGoodwill,SGW-LST-000111,SGW-ITM-000111,GW-001,2026-08-21T11:00:00-04:00,LIST-000111
ShopGoodwill,SGW-LST-000170,SGW-ITM-000170,GW-005,2026-08-21T11:00:00-04:00,LIST-000170
ShopGoodwill,SGW-LST-000239,SGW-ITM-000239,GW-004,2026-08-21T11:00:00-04:00,LIST-000239
ShopGoodwill,SGW-LST-000256,SGW-ITM-000256,GW-002,2026-08-21T11:00:00-04:00,LIST-000256
ShopGoodwill,SGW-LST-000608,SGW-ITM-000608,GW-004,2026-08-21T11:00:00-04:00,LIST-000608
ShopGoodwill,SGW-LST-000700,SGW-ITM-000700,GW-015,2026-08-21T11:00:00-04:00,LIST-000700
ShopGoodwill,SGW-LST-000722,SGW-ITM-000722,GW-008,2026-08-21T11:00:00-04:00,LIST-000722
ShopGoodwill,SGW-LST-000922,SGW-ITM-000922,GW-008,2026-08-21T11:00:00-04:00,LIST-000922
ShopGoodwill,SGW-LST-001103,SGW-ITM-001103,GW-015,2026-08-21T11:00:00-04:00,LIST-001103
ShopGoodwill,SGW-LST-001541,SGW-ITM-001541,GW-004,2026-08-21T11:00:00-04:00,LIST-001541
ShopGoodwill,SGW-OPEN-000193,SGW-UNSOLD-000193,GW-018,2026-08-21T11:00:00-04:00,LIST-002774
ShopGoodwill,SGW-OPEN-000252,SGW-UNSOLD-000252,GW-023,2026-08-21T11:00:00-04:00,LIST-002802
ShopGoodwill,SGW-OPEN-000415,SGW-UNSOLD-000415,GW-024,2026-08-21T11:00:00-04:00,LIST-002871
ShopGoodwill,SGW-OPEN-000461,SGW-UNSOLD-000461,GW-007,2026-08-21T11:00:00-04:00,LIST-002886
ShopGoodwill,SGW-OPEN-000473,SGW-UNSOLD-000473,GW-024,2026-08-21T11:00:00-04:00,LIST-002894
ShopGoodwill,SGW-OPEN-000507,SGW-UNSOLD-000507,GW-006,2026-08-21T11:00:00-04:00,LIST-002911
ShopGoodwill,SGW-OPEN-000629,SGW-UNSOLD-000629,GW-024,2026-08-21T11:00:00-04:00,LIST-002963
ShopGoodwill,SGW-OPEN-000758,SGW-UNSOLD-000758,GW-004,2026-08-21T11:00:00-04:00,LIST-003014
ShopGoodwill,SGW-OPEN-000875,SGW-UNSOLD-000875,GW-017,2026-08-21T11:00:00-04:00,LIST-003061
ShopGoodwill,SGW-OPEN-001046,SGW-UNSOLD-001046,GW-011,2026-08-21T11:00:00-04:00,LIST-003121
ShopGoodwill,SGW-OPEN-001098,SGW-UNSOLD-001098,GW-016,2026-08-21T11:00:00-04:00,LIST-003140
eBay,EB-LST-000341,EB-ITM-000341,GW-002,2026-08-22T11:00:00-04:00,LIST-002141
eBay,EB-LST-000385,EB-ITM-000385,GW-022,2026-08-22T11:00:00-04:00,LIST-002185
eBay,EB-LST-000475,EB-ITM-000475,GW-019,2026-08-22T11:00:00-04:00,LIST-002275
eBay,EB-LST-000509,EB-ITM-000509,GW-017,2026-08-22T11:00:00-04:00,LIST-002309
eBay,EB-LST-000617,EB-ITM-000617,GW-015,2026-08-22T11:00:00-04:00,LIST-002417
eBay,EB-LST-000650,EB-ITM-000650,GW-005,2026-08-22T11:00:00-04:00,LIST-002450
eBay,EB-LST-000705,EB-ITM-000705,GW-004,2026-08-22T11:00:00-04:00,LIST-002505
eBay,EB-LST-000870,EB-ITM-000870,GW-014,2026-08-22T11:00:00-04:00,LIST-002670
eBay,EB-OPEN-000078,EB-UNSOLD-000078,GW-012,2026-08-22T11:00:00-04:00,LIST-002730
eBay,EB-OPEN-000317,EB-UNSOLD-000317,GW-007,2026-08-22T11:00:00-04:00,LIST-002827
eBay,EB-OPEN-000388,EB-UNSOLD-000388,GW-011,2026-08-22T11:00:00-04:00,LIST-002857
eBay,EB-OPEN-000556,EB-UNSOLD-000556,GW-018,2026-08-22T11:00:00-04:00,LIST-002931
eBay,EB-OPEN-000763,EB-UNSOLD-000763,GW-012,2026-08-22T11:00:00-04:00,LIST-003016
eBay,EB-OPEN-001150,EB-UNSOLD-001150,GW-017,2026-08-22T11:00:00-04:00,LIST-003158
ShopGoodwill,SGW-LST-000041,SGW-ITM-000041,GW-005,2026-08-22T11:00:00-04:00,LIST-000041
ShopGoodwill,SGW-LST-000066,SGW-ITM-000066,GW-011,2026-08-22T11:00:00-04:00,LIST-000066
ShopGoodwill,SGW-LST-000184,SGW-ITM-000184,GW-002,2026-08-22T11:00:00-04:00,LIST-000184
ShopGoodwill,SGW-LST-000540,SGW-ITM-000540,GW-022,2026-08-22T11:00:00-04:00,LIST-000540
ShopGoodwill,SGW-LST-000541,SGW-ITM-000541,GW-006,2026-08-22T11:00:00-04:00,LIST-000541
ShopGoodwill,SGW-LST-000734,SGW-ITM-000734,GW-015,2026-08-22T11:00:00-04:00,LIST-000734
ShopGoodwill,SGW-LST-000794,SGW-ITM-000794,GW-002,2026-08-22T11:00:00-04:00,LIST-000794
ShopGoodwill,SGW-LST-000949,SGW-ITM-000949,GW-014,2026-08-22T11:00:00-04:00,LIST-000949
ShopGoodwill,SGW-LST-001007,SGW-ITM-001007,GW-019,2026-08-22T11:00:00-04:00,LIST-001007
ShopGoodwill,SGW-LST-001174,SGW-ITM-001174,GW-015,2026-08-22T11:00:00-04:00,LIST-001174
ShopGoodwill,SGW-LST-001188,SGW-ITM-001188,GW-024,2026-08-22T11:00:00-04:00,LIST-001188
ShopGoodwill,SGW-LST-001222,SGW-ITM-001222,GW-001,2026-08-22T11:00:00-04:00,LIST-001222
ShopGoodwill,SGW-LST-001544,SGW-ITM-001544,GW-012,2026-08-22T11:00:00-04:00,LIST-001544
ShopGoodwill,SGW-LST-001600,SGW-ITM-001600,GW-018,2026-08-22T11:00:00-04:00,LIST-001600
ShopGoodwill,SGW-LST-001673,SGW-ITM-001673,GW-020,2026-08-22T11:00:00-04:00,LIST-001673
ShopGoodwill,SGW-LST-001737,SGW-ITM-001737,GW-021,2026-08-22T11:00:00-04:00,LIST-001737
ShopGoodwill,SGW-OPEN-000116,SGW-UNSOLD-000116,GW-017,2026-08-22T11:00:00-04:00,LIST-002743
ShopGoodwill,SGW-OPEN-000140,SGW-UNSOLD-000140,GW-022,2026-08-22T11:00:00-04:00,LIST-002752
ShopGoodwill,SGW-OPEN-000154,SGW-UNSOLD-000154,GW-017,2026-08-22T11:00:00-04:00,LIST-002759
ShopGoodwill,SGW-OPEN-000369,SGW-UNSOLD-000369,GW-023,2026-08-22T11:00:00-04:00,LIST-002847
ShopGoodwill,SGW-OPEN-000445,SGW-UNSOLD-000445,GW-011,2026-08-22T11:00:00-04:00,LIST-002877
ShopGoodwill,SGW-OPEN-000579,SGW-UNSOLD-000579,GW-004,2026-08-22T11:00:00-04:00,LIST-002944
ShopGoodwill,SGW-OPEN-000583,SGW-UNSOLD-000583,GW-002,2026-08-22T11:00:00-04:00,LIST-002947
ShopGoodwill,SGW-OPEN-000617,SGW-UNSOLD-000617,GW-013,2026-08-22T11:00:00-04:00,LIST-002956
ShopGoodwill,SGW-OPEN-000687,SGW-UNSOLD-000687,GW-018,2026-08-22T11:00:00-04:00,LIST-002985
ShopGoodwill,SGW-OPEN-000782,SGW-UNSOLD-000782,GW-008,2026-08-22T11:00:00-04:00,LIST-003024
ShopGoodwill,SGW-OPEN-000890,SGW-UNSOLD-000890,GW-007,2026-08-22T11:00:00-04:00,LIST-003067
ShopGoodwill,SGW-OPEN-001058,SGW-UNSOLD-001058,GW-012,2026-08-22T11:00:00-04:00,LIST-003126
eBay,EB-LST-000118,EB-ITM-000118,GW-003,2026-08-23T11:00:00-04:00,LIST-001918
eBay,EB-LST-000198,EB-ITM-000198,GW-011,2026-08-23T11:00:00-04:00,LIST-001998
eBay,EB-LST-000695,EB-ITM-000695,GW-003,2026-08-23T11:00:00-04:00,LIST-002495
eBay,EB-LST-000885,EB-ITM-000885,GW-006,2026-08-23T11:00:00-04:00,LIST-002685
eBay,EB-OPEN-000255,EB-UNSOLD-000255,GW-024,2026-08-23T11:00:00-04:00,LIST-002804
eBay,EB-OPEN-000275,EB-UNSOLD-000275,GW-001,2026-08-23T11:00:00-04:00,LIST-002807
eBay,EB-OPEN-000559,EB-UNSOLD-000559,GW-011,2026-08-23T11:00:00-04:00,LIST-002933
eBay,EB-OPEN-000870,EB-UNSOLD-000870,GW-008,2026-08-23T11:00:00-04:00,LIST-003060
ShopGoodwill,SGW-LST-000161,SGW-ITM-000161,GW-013,2026-08-23T11:00:00-04:00,LIST-000161
ShopGoodwill,SGW-LST-000194,SGW-ITM-000194,GW-010,2026-08-23T11:00:00-04:00,LIST-000194
ShopGoodwill,SGW-LST-000563,SGW-ITM-000563,GW-004,2026-08-23T11:00:00-04:00,LIST-000563
ShopGoodwill,SGW-LST-000807,SGW-ITM-000807,GW-021,2026-08-23T11:00:00-04:00,LIST-000807
ShopGoodwill,SGW-LST-000971,SGW-ITM-000971,GW-001,2026-08-23T11:00:00-04:00,LIST-000971
ShopGoodwill,SGW-LST-000992,SGW-ITM-000992,GW-024,2026-08-23T11:00:00-04:00,LIST-000992
ShopGoodwill,SGW-LST-001234,SGW-ITM-001234,GW-010,2026-08-23T11:00:00-04:00,LIST-001234
ShopGoodwill,SGW-LST-001280,SGW-ITM-001280,GW-008,2026-08-23T11:00:00-04:00,LIST-001280
ShopGoodwill,SGW-LST-001316,SGW-ITM-001316,GW-008,2026-08-23T11:00:00-04:00,LIST-001316
ShopGoodwill,SGW-LST-001383,SGW-ITM-001383,GW-012,2026-08-23T11:00:00-04:00,LIST-001383
ShopGoodwill,SGW-LST-001513,SGW-ITM-001513,GW-001,2026-08-23T11:00:00-04:00,LIST-001513
ShopGoodwill,SGW-LST-001787,SGW-ITM-001787,GW-008,2026-08-23T11:00:00-04:00,LIST-001787
ShopGoodwill,SGW-OPEN-000185,SGW-UNSOLD-000185,GW-006,2026-08-23T11:00:00-04:00,LIST-002770
ShopGoodwill,SGW-OPEN-000428,SGW-UNSOLD-000428,GW-008,2026-08-23T11:00:00-04:00,LIST-002874
ShopGoodwill,SGW-OPEN-000523,SGW-UNSOLD-000523,GW-007,2026-08-23T11:00:00-04:00,LIST-002921
ShopGoodwill,SGW-OPEN-000661,SGW-UNSOLD-000661,GW-015,2026-08-23T11:00:00-04:00,LIST-002973
ShopGoodwill,SGW-OPEN-000827,SGW-UNSOLD-000827,GW-017,2026-08-23T11:00:00-04:00,LIST-003041
ShopGoodwill,SGW-OPEN-001025,SGW-UNSOLD-001025,GW-009,2026-08-23T11:00:00-04:00,LIST-003111
ShopGoodwill,SGW-OPEN-001073,SGW-UNSOLD-001073,GW-020,2026-08-23T11:00:00-04:00,LIST-003135
ShopGoodwill,SGW-OPEN-001138,SGW-UNSOLD-001138,GW-023,2026-08-23T11:00:00-04:00,LIST-003153
eBay,EB-LST-000108,EB-ITM-000108,GW-004,2026-08-24T11:00:00-04:00,LIST-001908
eBay,EB-LST-000183,EB-ITM-000183,GW-004,2026-08-24T11:00:00-04:00,LIST-001983
eBay,EB-LST-000233,EB-ITM-000233,GW-002,2026-08-24T11:00:00-04:00,LIST-002033
eBay,EB-LST-000275,EB-ITM-000275,GW-016,2026-08-24T11:00:00-04:00,LIST-002075
eBay,EB-LST-000352,EB-ITM-000352,GW-017,2026-08-24T11:00:00-04:00,LIST-002152
eBay,EB-LST-000768,EB-ITM-000768,GW-013,2026-08-24T11:00:00-04:00,LIST-002568
eBay,EB-LST-000773,EB-ITM-000773,GW-012,2026-08-24T11:00:00-04:00,LIST-002573
eBay,EB-LST-000823,EB-ITM-000823,GW-011,2026-08-24T11:00:00-04:00,LIST-002623
eBay,EB-OPEN-000070,EB-UNSOLD-000070,GW-013,2026-08-24T11:00:00-04:00,LIST-002728
eBay,EB-OPEN-000238,EB-UNSOLD-000238,GW-018,2026-08-24T11:00:00-04:00,LIST-002794
eBay,EB-OPEN-000381,EB-UNSOLD-000381,GW-023,2026-08-24T11:00:00-04:00,LIST-002853
eBay,EB-OPEN-001153,EB-UNSOLD-001153,GW-011,2026-08-24T11:00:00-04:00,LIST-003161
ShopGoodwill,SGW-LST-000032,SGW-ITM-000032,GW-011,2026-08-24T11:00:00-04:00,LIST-000032
ShopGoodwill,SGW-LST-000098,SGW-ITM-000098,GW-020,2026-08-24T11:00:00-04:00,LIST-000098
ShopGoodwill,SGW-LST-000180,SGW-ITM-000180,GW-002,2026-08-24T11:00:00-04:00,LIST-000180
ShopGoodwill,SGW-LST-000496,SGW-ITM-000496,GW-018,2026-08-24T11:00:00-04:00,LIST-000496
ShopGoodwill,SGW-LST-000905,SGW-ITM-000905,GW-004,2026-08-24T11:00:00-04:00,LIST-000905
ShopGoodwill,SGW-LST-000907,SGW-ITM-000907,GW-002,2026-08-24T11:00:00-04:00,LIST-000907
ShopGoodwill,SGW-LST-001163,SGW-ITM-001163,GW-015,2026-08-24T11:00:00-04:00,LIST-001163
ShopGoodwill,SGW-LST-001269,SGW-ITM-001269,GW-017,2026-08-24T11:00:00-04:00,LIST-001269
ShopGoodwill,SGW-LST-001452,SGW-ITM-001452,GW-004,2026-08-24T11:00:00-04:00,LIST-001452
ShopGoodwill,SGW-LST-001790,SGW-ITM-001790,GW-017,2026-08-24T11:00:00-04:00,LIST-001790
ShopGoodwill,SGW-OPEN-000508,SGW-UNSOLD-000508,GW-018,2026-08-24T11:00:00-04:00,LIST-002912
ShopGoodwill,SGW-OPEN-000548,SGW-UNSOLD-000548,GW-010,2026-08-24T11:00:00-04:00,LIST-002926
ShopGoodwill,SGW-OPEN-000595,SGW-UNSOLD-000595,GW-001,2026-08-24T11:00:00-04:00,LIST-002953
ShopGoodwill,SGW-OPEN-000641,SGW-UNSOLD-000641,GW-024,2026-08-24T11:00:00-04:00,LIST-002967
ShopGoodwill,SGW-OPEN-000693,SGW-UNSOLD-000693,GW-020,2026-08-24T11:00:00-04:00,LIST-002988
ShopGoodwill,SGW-OPEN-000855,SGW-UNSOLD-000855,GW-001,2026-08-24T11:00:00-04:00,LIST-003055
ShopGoodwill,SGW-OPEN-000887,SGW-UNSOLD-000887,GW-008,2026-08-24T11:00:00-04:00,LIST-003065
eBay,EB-LST-000008,EB-ITM-000008,GW-013,2026-08-25T11:00:00-04:00,LIST-001808
eBay,EB-LST-000272,EB-ITM-000272,GW-016,2026-08-25T11:00:00-04:00,LIST-002072
eBay,EB-LST-000276,EB-ITM-000276,GW-015,2026-08-25T11:00:00-04:00,LIST-002076
eBay,EB-LST-000305,EB-ITM-000305,GW-012,2026-08-25T11:00:00-04:00,LIST-002105
eBay,EB-LST-000361,EB-ITM-000361,GW-010,2026-08-25T11:00:00-04:00,LIST-002161
eBay,EB-LST-000578,EB-ITM-000578,GW-005,2026-08-25T11:00:00-04:00,LIST-002378
eBay,EB-LST-000688,EB-ITM-000688,GW-011,2026-08-25T11:00:00-04:00,LIST-002488
eBay,EB-LST-000847,EB-ITM-000847,GW-023,2026-08-25T11:00:00-04:00,LIST-002647
eBay,EB-LST-000889,EB-ITM-000889,GW-017,2026-08-25T11:00:00-04:00,LIST-002689
eBay,EB-OPEN-000156,EB-UNSOLD-000156,GW-006,2026-08-25T11:00:00-04:00,LIST-002760
eBay,EB-OPEN-000289,EB-UNSOLD-000289,GW-002,2026-08-25T11:00:00-04:00,LIST-002816
ShopGoodwill,SGW-LST-000026,SGW-ITM-000026,GW-010,2026-08-25T11:00:00-04:00,LIST-000026
ShopGoodwill,SGW-LST-000185,SGW-ITM-000185,GW-015,2026-08-25T11:00:00-04:00,LIST-000185
ShopGoodwill,SGW-LST-000323,SGW-ITM-000323,GW-013,2026-08-25T11:00:00-04:00,LIST-000323
ShopGoodwill,SGW-LST-000490,SGW-ITM-000490,GW-012,2026-08-25T11:00:00-04:00,LIST-000490
ShopGoodwill,SGW-LST-000548,SGW-ITM-000548,GW-020,2026-08-25T11:00:00-04:00,LIST-000548
ShopGoodwill,SGW-LST-000589,SGW-ITM-000589,GW-018,2026-08-25T11:00:00-04:00,LIST-000589
ShopGoodwill,SGW-LST-000779,SGW-ITM-000779,GW-018,2026-08-25T11:00:00-04:00,LIST-000779
ShopGoodwill,SGW-LST-000917,SGW-ITM-000917,GW-022,2026-08-25T11:00:00-04:00,LIST-000917
ShopGoodwill,SGW-LST-000982,SGW-ITM-000982,GW-021,2026-08-25T11:00:00-04:00,LIST-000982
ShopGoodwill,SGW-LST-001689,SGW-ITM-001689,GW-012,2026-08-25T11:00:00-04:00,LIST-001689
ShopGoodwill,SGW-OPEN-000008,SGW-UNSOLD-000008,GW-022,2026-08-25T11:00:00-04:00,LIST-002702
ShopGoodwill,SGW-OPEN-000087,SGW-UNSOLD-000087,GW-024,2026-08-25T11:00:00-04:00,LIST-002735
ShopGoodwill,SGW-OPEN-000143,SGW-UNSOLD-000143,GW-003,2026-08-25T11:00:00-04:00,LIST-002754
ShopGoodwill,SGW-OPEN-000219,SGW-UNSOLD-000219,GW-006,2026-08-25T11:00:00-04:00,LIST-002784
ShopGoodwill,SGW-OPEN-000243,SGW-UNSOLD-000243,GW-020,2026-08-25T11:00:00-04:00,LIST-002797
ShopGoodwill,SGW-OPEN-000264,SGW-UNSOLD-000264,GW-017,2026-08-25T11:00:00-04:00,LIST-002805
ShopGoodwill,SGW-OPEN-000455,SGW-UNSOLD-000455,GW-017,2026-08-25T11:00:00-04:00,LIST-002882
ShopGoodwill,SGW-OPEN-000498,SGW-UNSOLD-000498,GW-011,2026-08-25T11:00:00-04:00,LIST-002906
ShopGoodwill,SGW-OPEN-000551,SGW-UNSOLD-000551,GW-014,2026-08-25T11:00:00-04:00,LIST-002927
ShopGoodwill,SGW-OPEN-000575,SGW-UNSOLD-000575,GW-017,2026-08-25T11:00:00-04:00,LIST-002940
ShopGoodwill,SGW-OPEN-000618,SGW-UNSOLD-000618,GW-006,2026-08-25T11:00:00-04:00,LIST-002957
ShopGoodwill,SGW-OPEN-000753,SGW-UNSOLD-000753,GW-006,2026-08-25T11:00:00-04:00,LIST-003011
ShopGoodwill,SGW-OPEN-000898,SGW-UNSOLD-000898,GW-009,2026-08-25T11:00:00-04:00,LIST-003072
ShopGoodwill,SGW-OPEN-000908,SGW-UNSOLD-000908,GW-024,2026-08-25T11:00:00-04:00,LIST-003076
ShopGoodwill,SGW-OPEN-000920,SGW-UNSOLD-000920,GW-004,2026-08-25T11:00:00-04:00,LIST-003081
ShopGoodwill,SGW-OPEN-000946,SGW-UNSOLD-000946,GW-006,2026-08-25T11:00:00-04:00,LIST-003088
ShopGoodwill,SGW-OPEN-001022,SGW-UNSOLD-001022,GW-012,2026-08-25T11:00:00-04:00,LIST-003109
eBay,EB-LST-000136,EB-ITM-000136,GW-012,2026-08-26T11:00:00-04:00,LIST-001936
eBay,EB-LST-000191,EB-ITM-000191,GW-010,2026-08-26T11:00:00-04:00,LIST-001991
eBay,EB-LST-000212,EB-ITM-000212,GW-001,2026-08-26T11:00:00-04:00,LIST-002012
eBay,EB-LST-000270,EB-ITM-000270,GW-016,2026-08-26T11:00:00-04:00,LIST-002070
ShopGoodwill,SGW-LST-000020,SGW-ITM-000020,GW-016,2026-08-26T11:00:00-04:00,LIST-000020
ShopGoodwill,SGW-LST-000181,SGW-ITM-000181,GW-012,2026-08-26T11:00:00-04:00,LIST-000181
ShopGoodwill,SGW-LST-000253,SGW-ITM-000253,GW-004,2026-08-26T11:00:00-04:00,LIST-000253
ShopGoodwill,SGW-LST-000325,SGW-ITM-000325,GW-020,2026-08-26T11:00:00-04:00,LIST-000325
ShopGoodwill,SGW-LST-000983,SGW-ITM-000983,GW-017,2026-08-26T11:00:00-04:00,LIST-000983
ShopGoodwill,SGW-LST-001248,SGW-ITM-001248,GW-008,2026-08-26T11:00:00-04:00,LIST-001248
ShopGoodwill,SGW-LST-001261,SGW-ITM-001261,GW-004,2026-08-26T11:00:00-04:00,LIST-001261
ShopGoodwill,SGW-LST-001642,SGW-ITM-001642,GW-020,2026-08-26T11:00:00-04:00,LIST-001642
ShopGoodwill,SGW-LST-001706,SGW-ITM-001706,GW-001,2026-08-26T11:00:00-04:00,LIST-001706
ShopGoodwill,SGW-OPEN-000067,SGW-UNSOLD-000067,GW-022,2026-08-26T11:00:00-04:00,LIST-002727
ShopGoodwill,SGW-OPEN-000286,SGW-UNSOLD-000286,GW-006,2026-08-26T11:00:00-04:00,LIST-002814
ShopGoodwill,SGW-OPEN-000464,SGW-UNSOLD-000464,GW-014,2026-08-26T11:00:00-04:00,LIST-002887
ShopGoodwill,SGW-OPEN-000682,SGW-UNSOLD-000682,GW-020,2026-08-26T11:00:00-04:00,LIST-002983
ShopGoodwill,SGW-OPEN-001013,SGW-UNSOLD-001013,GW-006,2026-08-26T11:00:00-04:00,LIST-003106
eBay,EB-LST-000290,EB-ITM-000290,GW-024,2026-08-27T11:00:00-04:00,LIST-002090
eBay,EB-LST-000421,EB-ITM-000421,GW-005,2026-08-27T11:00:00-04:00,LIST-002221
eBay,EB-LST-000532,EB-ITM-000532,GW-014,2026-08-27T11:00:00-04:00,LIST-002332
eBay,EB-LST-000534,EB-ITM-000534,GW-006,2026-08-27T11:00:00-04:00,LIST-002334
eBay,EB-LST-000720,EB-ITM-000720,GW-006,2026-08-27T11:00:00-04:00,LIST-002520
eBay,EB-LST-000725,EB-ITM-000725,GW-020,2026-08-27T11:00:00-04:00,LIST-002525
eBay,EB-OPEN-000290,EB-UNSOLD-000290,GW-023,2026-08-27T11:00:00-04:00,LIST-002817
eBay,EB-OPEN-000822,EB-UNSOLD-000822,GW-008,2026-08-27T11:00:00-04:00,LIST-003038
ShopGoodwill,SGW-LST-000360,SGW-ITM-000360,GW-017,2026-08-27T11:00:00-04:00,LIST-000360
ShopGoodwill,SGW-LST-000417,SGW-ITM-000417,GW-017,2026-08-27T11:00:00-04:00,LIST-000417
ShopGoodwill,SGW-LST-000568,SGW-ITM-000568,GW-017,2026-08-27T11:00:00-04:00,LIST-000568
ShopGoodwill,SGW-LST-000626,SGW-ITM-000626,GW-014,2026-08-27T11:00:00-04:00,LIST-000626
ShopGoodwill,SGW-LST-000915,SGW-ITM-000915,GW-007,2026-08-27T11:00:00-04:00,LIST-000915
ShopGoodwill,SGW-LST-001018,SGW-ITM-001018,GW-001,2026-08-27T11:00:00-04:00,LIST-001018
ShopGoodwill,SGW-LST-001041,SGW-ITM-001041,GW-004,2026-08-27T11:00:00-04:00,LIST-001041
ShopGoodwill,SGW-LST-001114,SGW-ITM-001114,GW-002,2026-08-27T11:00:00-04:00,LIST-001114
ShopGoodwill,SGW-LST-001202,SGW-ITM-001202,GW-020,2026-08-27T11:00:00-04:00,LIST-001202
ShopGoodwill,SGW-LST-001716,SGW-ITM-001716,GW-002,2026-08-27T11:00:00-04:00,LIST-001716
ShopGoodwill,SGW-OPEN-000030,SGW-UNSOLD-000030,GW-009,2026-08-27T11:00:00-04:00,LIST-002710
ShopGoodwill,SGW-OPEN-000161,SGW-UNSOLD-000161,GW-012,2026-08-27T11:00:00-04:00,LIST-002761
ShopGoodwill,SGW-OPEN-000250,SGW-UNSOLD-000250,GW-008,2026-08-27T11:00:00-04:00,LIST-002801
ShopGoodwill,SGW-OPEN-000284,SGW-UNSOLD-000284,GW-017,2026-08-27T11:00:00-04:00,LIST-002813
ShopGoodwill,SGW-OPEN-000385,SGW-UNSOLD-000385,GW-009,2026-08-27T11:00:00-04:00,LIST-002855
ShopGoodwill,SGW-OPEN-000432,SGW-UNSOLD-000432,GW-024,2026-08-27T11:00:00-04:00,LIST-002876
ShopGoodwill,SGW-OPEN-000625,SGW-UNSOLD-000625,GW-005,2026-08-27T11:00:00-04:00,LIST-002962
ShopGoodwill,SGW-OPEN-000694,SGW-UNSOLD-000694,GW-017,2026-08-27T11:00:00-04:00,LIST-002989
ShopGoodwill,SGW-OPEN-000739,SGW-UNSOLD-000739,GW-019,2026-08-27T11:00:00-04:00,LIST-003005
ShopGoodwill,SGW-OPEN-000845,SGW-UNSOLD-000845,GW-007,2026-08-27T11:00:00-04:00,LIST-003053
ShopGoodwill,SGW-OPEN-000896,SGW-UNSOLD-000896,GW-004,2026-08-27T11:00:00-04:00,LIST-003071
ShopGoodwill,SGW-OPEN-001167,SGW-UNSOLD-001167,GW-024,2026-08-27T11:00:00-04:00,LIST-003168
eBay,EB-LST-000353,EB-ITM-000353,GW-016,2026-08-28T11:00:00-04:00,LIST-002153
eBay,EB-OPEN-000022,EB-UNSOLD-000022,GW-015,2026-08-28T11:00:00-04:00,LIST-002709
eBay,EB-OPEN-000040,EB-UNSOLD-000040,GW-017,2026-08-28T11:00:00-04:00,LIST-002713
eBay,EB-OPEN-000497,EB-UNSOLD-000497,GW-011,2026-08-28T11:00:00-04:00,LIST-002905
eBay,EB-OPEN-000979,EB-UNSOLD-000979,GW-018,2026-08-28T11:00:00-04:00,LIST-003095
eBay,EB-OPEN-001065,EB-UNSOLD-001065,GW-016,2026-08-28T11:00:00-04:00,LIST-003129
ShopGoodwill,SGW-LST-000530,SGW-ITM-000530,GW-003,2026-08-28T11:00:00-04:00,LIST-000530
ShopGoodwill,SGW-LST-001111,SGW-ITM-001111,GW-024,2026-08-28T11:00:00-04:00,LIST-001111
ShopGoodwill,SGW-LST-001537,SGW-ITM-001537,GW-021,2026-08-28T11:00:00-04:00,LIST-001537
ShopGoodwill,SGW-OPEN-000099,SGW-UNSOLD-000099,GW-012,2026-08-28T11:00:00-04:00,LIST-002738
ShopGoodwill,SGW-OPEN-000760,SGW-UNSOLD-000760,GW-008,2026-08-28T11:00:00-04:00,LIST-003015
ShopGoodwill,SGW-OPEN-000841,SGW-UNSOLD-000841,GW-024,2026-08-28T11:00:00-04:00,LIST-003050
ShopGoodwill,SGW-OPEN-000880,SGW-UNSOLD-000880,GW-014,2026-08-28T11:00:00-04:00,LIST-003063
ShopGoodwill,SGW-OPEN-001017,SGW-UNSOLD-001017,GW-006,2026-08-28T11:00:00-04:00,LIST-003107
ShopGoodwill,SGW-OPEN-001135,SGW-UNSOLD-001135,GW-021,2026-08-28T11:00:00-04:00,LIST-003151
ShopGoodwill,SGW-OPEN-001144,SGW-UNSOLD-001144,GW-002,2026-08-28T11:00:00-04:00,LIST-003155
ShopGoodwill,SGW-OPEN-001155,SGW-UNSOLD-001155,GW-016,2026-08-28T11:00:00-04:00,LIST-003163
eBay,EB-OPEN-000043,EB-UNSOLD-000043,GW-017,2026-08-29T11:00:00-04:00,LIST-002715
eBay,EB-OPEN-000184,EB-UNSOLD-000184,GW-001,2026-08-29T11:00:00-04:00,LIST-002769
eBay,EB-OPEN-000555,EB-UNSOLD-000555,GW-005,2026-08-29T11:00:00-04:00,LIST-002930
eBay,EB-OPEN-000792,EB-UNSOLD-000792,GW-010,2026-08-29T11:00:00-04:00,LIST-003028
ShopGoodwill,SGW-LST-001302,SGW-ITM-001302,GW-008,2026-08-29T11:00:00-04:00,LIST-001302
ShopGoodwill,SGW-LST-001346,SGW-ITM-001346,GW-018,2026-08-29T11:00:00-04:00,LIST-001346
ShopGoodwill,SGW-OPEN-000017,SGW-UNSOLD-000017,GW-007,2026-08-29T11:00:00-04:00,LIST-002707
ShopGoodwill,SGW-OPEN-000197,SGW-UNSOLD-000197,GW-008,2026-08-29T11:00:00-04:00,LIST-002777
ShopGoodwill,SGW-OPEN-000208,SGW-UNSOLD-000208,GW-001,2026-08-29T11:00:00-04:00,LIST-002781
ShopGoodwill,SGW-OPEN-000220,SGW-UNSOLD-000220,GW-001,2026-08-29T11:00:00-04:00,LIST-002785
ShopGoodwill,SGW-OPEN-000300,SGW-UNSOLD-000300,GW-012,2026-08-29T11:00:00-04:00,LIST-002821
ShopGoodwill,SGW-OPEN-000353,SGW-UNSOLD-000353,GW-010,2026-08-29T11:00:00-04:00,LIST-002840
ShopGoodwill,SGW-OPEN-000376,SGW-UNSOLD-000376,GW-002,2026-08-29T11:00:00-04:00,LIST-002850
ShopGoodwill,SGW-OPEN-000377,SGW-UNSOLD-000377,GW-011,2026-08-29T11:00:00-04:00,LIST-002851
ShopGoodwill,SGW-OPEN-000912,SGW-UNSOLD-000912,GW-018,2026-08-29T11:00:00-04:00,LIST-003079
ShopGoodwill,SGW-OPEN-001164,SGW-UNSOLD-001164,GW-004,2026-08-29T11:00:00-04:00,LIST-003166
eBay,EB-OPEN-000005,EB-UNSOLD-000005,GW-001,2026-08-30T11:00:00-04:00,LIST-002701
eBay,EB-OPEN-000031,EB-UNSOLD-000031,GW-018,2026-08-30T11:00:00-04:00,LIST-002711
eBay,EB-OPEN-000386,EB-UNSOLD-000386,GW-007,2026-08-30T11:00:00-04:00,LIST-002856
eBay,EB-OPEN-000892,EB-UNSOLD-000892,GW-004,2026-08-30T11:00:00-04:00,LIST-003069
eBay,EB-OPEN-000910,EB-UNSOLD-000910,GW-017,2026-08-30T11:00:00-04:00,LIST-003077
ShopGoodwill,SGW-OPEN-000059,SGW-UNSOLD-000059,GW-012,2026-08-30T11:00:00-04:00,LIST-002723
ShopGoodwill,SGW-OPEN-000082,SGW-UNSOLD-000082,GW-001,2026-08-30T11:00:00-04:00,LIST-002733
ShopGoodwill,SGW-OPEN-000148,SGW-UNSOLD-000148,GW-010,2026-08-30T11:00:00-04:00,LIST-002756
ShopGoodwill,SGW-OPEN-000194,SGW-UNSOLD-000194,GW-007,2026-08-30T11:00:00-04:00,LIST-002775
ShopGoodwill,SGW-OPEN-000239,SGW-UNSOLD-000239,GW-016,2026-08-30T11:00:00-04:00,LIST-002795
ShopGoodwill,SGW-OPEN-000328,SGW-UNSOLD-000328,GW-024,2026-08-30T11:00:00-04:00,LIST-002831
ShopGoodwill,SGW-OPEN-000399,SGW-UNSOLD-000399,GW-011,2026-08-30T11:00:00-04:00,LIST-002864
ShopGoodwill,SGW-OPEN-000781,SGW-UNSOLD-000781,GW-005,2026-08-30T11:00:00-04:00,LIST-003023
ShopGoodwill,SGW-OPEN-000834,SGW-UNSOLD-000834,GW-024,2026-08-30T11:00:00-04:00,LIST-003045
ShopGoodwill,SGW-OPEN-001087,SGW-UNSOLD-001087,GW-009,2026-08-30T11:00:00-04:00,LIST-003138
eBay,EB-OPEN-000357,EB-UNSOLD-000357,GW-024,2026-08-31T11:00:00-04:00,LIST-002842
ShopGoodwill,SGW-OPEN-000047,SGW-UNSOLD-000047,GW-004,2026-08-31T11:00:00-04:00,LIST-002718
ShopGoodwill,SGW-OPEN-000063,SGW-UNSOLD-000063,GW-020,2026-08-31T11:00:00-04:00,LIST-002724
ShopGoodwill,SGW-OPEN-000065,SGW-UNSOLD-000065,GW-012,2026-08-31T11:00:00-04:00,LIST-002725
ShopGoodwill,SGW-OPEN-000199,SGW-UNSOLD-000199,GW-005,2026-08-31T11:00:00-04:00,LIST-002779
