snapshot_at,item_id,store_id,workflow_state,source_row_id
2026-08-01T23:59:59-04:00,EB-ITM-000001,GW-012,listed,INV-000001
2026-08-01T23:59:59-04:00,EB-ITM-000002,GW-004,listed,INV-000002
2026-08-01T23:59:59-04:00,EB-ITM-000003,GW-022,listed,INV-000003
2026-08-01T23:59:59-04:00,EB-ITM-000005,GW-015,awaiting_photography,INV-000004
2026-08-01T23:59:59-04:00,EB-ITM-000007,GW-001,listed,INV-000005
2026-08-01T23:59:59-04:00,EB-ITM-000009,GW-014,listed,INV-000006
2026-08-01T23:59:59-04:00,EB-ITM-000010,GW-002,listed,INV-000007
2026-08-01T23:59:59-04:00,EB-ITM-000011,GW-009,received,INV-000008
2026-08-01T23:59:59-04:00,EB-ITM-000012,GW-005,listed,INV-000009
2026-08-01T23:59:59-04:00,EB-ITM-000013,GW-022,listed,INV-000010
2026-08-01T23:59:59-04:00,EB-ITM-000014,GW-018,listed,INV-000011
2026-08-01T23:59:59-04:00,EB-ITM-000015,GW-004,listed,INV-000012
2026-08-01T23:59:59-04:00,EB-ITM-000017,GW-009,listed,INV-000013
2026-08-01T23:59:59-04:00,EB-ITM-000018,GW-020,awaiting_inspection,INV-000014
2026-08-01T23:59:59-04:00,EB-ITM-000019,GW-003,awaiting_photography,INV-000015
2026-08-01T23:59:59-04:00,EB-ITM-000020,GW-018,awaiting_photography,INV-000016
2026-08-01T23:59:59-04:00,EB-ITM-000021,GW-014,listed,INV-000017
2026-08-01T23:59:59-04:00,EB-ITM-000022,GW-009,listed,INV-000018
2026-08-01T23:59:59-04:00,EB-ITM-000023,GW-020,listed,INV-000019
2026-08-01T23:59:59-04:00,EB-ITM-000026,GW-024,listed,INV-000020
2026-08-01T23:59:59-04:00,EB-ITM-000027,GW-021,awaiting_inspection,INV-000021
2026-08-01T23:59:59-04:00,EB-ITM-000028,GW-020,listed,INV-000022
2026-08-01T23:59:59-04:00,EB-ITM-000029,GW-024,awaiting_inspection,INV-000023
2026-08-01T23:59:59-04:00,EB-ITM-000030,GW-024,received,INV-000024
2026-08-01T23:59:59-04:00,EB-ITM-000031,GW-008,listed,INV-000025
2026-08-01T23:59:59-04:00,EB-ITM-000032,GW-009,listed,INV-000026
2026-08-01T23:59:59-04:00,EB-ITM-000033,GW-012,listed,INV-000027
2026-08-01T23:59:59-04:00,EB-ITM-000034,GW-015,listed,INV-000028
2026-08-01T23:59:59-04:00,EB-ITM-000035,GW-006,awaiting_inspection,INV-000029
2026-08-01T23:59:59-04:00,EB-ITM-000036,GW-006,listed,INV-000030
2026-08-01T23:59:59-04:00,EB-ITM-000038,GW-021,listed,INV-000031
2026-08-01T23:59:59-04:00,EB-ITM-000039,GW-003,listed,INV-000032
2026-08-01T23:59:59-04:00,EB-ITM-000040,GW-009,ready_to_list,INV-000033
2026-08-01T23:59:59-04:00,EB-ITM-000041,GW-012,awaiting_inspection,INV-000034
2026-08-01T23:59:59-04:00,EB-ITM-000042,GW-020,listed,INV-000035
2026-08-01T23:59:59-04:00,EB-ITM-000043,GW-016,listed,INV-000036
2026-08-01T23:59:59-04:00,EB-ITM-000045,GW-010,listed,INV-000037
2026-08-01T23:59:59-04:00,EB-ITM-000046,GW-007,listed,INV-000038
2026-08-01T23:59:59-04:00,EB-ITM-000047,GW-024,listed,INV-000039
2026-08-01T23:59:59-04:00,EB-ITM-000048,GW-024,ready_to_list,INV-000040
2026-08-01T23:59:59-04:00,EB-ITM-000049,GW-015,ready_to_list,INV-000041
2026-08-01T23:59:59-04:00,EB-ITM-000050,GW-008,awaiting_inspection,INV-000042
2026-08-01T23:59:59-04:00,EB-ITM-000051,GW-008,received,INV-000043
2026-08-01T23:59:59-04:00,EB-ITM-000052,GW-020,listed,INV-000044
2026-08-01T23:59:59-04:00,EB-ITM-000053,GW-024,listed,INV-000045
2026-08-01T23:59:59-04:00,EB-ITM-000055,GW-009,listed,INV-000046
2026-08-01T23:59:59-04:00,EB-ITM-000056,GW-002,listed,INV-000047
2026-08-01T23:59:59-04:00,EB-ITM-000057,GW-009,listed,INV-000048
2026-08-01T23:59:59-04:00,EB-ITM-000060,GW-016,listed,INV-000049
2026-08-01T23:59:59-04:00,EB-ITM-000062,GW-002,awaiting_photography,INV-000050
2026-08-01T23:59:59-04:00,EB-ITM-000063,GW-023,awaiting_photography,INV-000051
2026-08-01T23:59:59-04:00,EB-ITM-000064,GW-023,listed,INV-000052
2026-08-01T23:59:59-04:00,EB-ITM-000065,GW-022,listed,INV-000053
2026-08-01T23:59:59-04:00,EB-ITM-000067,GW-020,listed,INV-000054
2026-08-01T23:59:59-04:00,EB-ITM-000068,GW-005,awaiting_inspection,INV-000055
2026-08-01T23:59:59-04:00,EB-ITM-000070,GW-020,received,INV-000056
2026-08-01T23:59:59-04:00,EB-ITM-000072,GW-004,awaiting_inspection,INV-000057
2026-08-01T23:59:59-04:00,EB-ITM-000073,GW-016,awaiting_inspection,INV-000058
2026-08-01T23:59:59-04:00,EB-ITM-000074,GW-020,listed,INV-000059
2026-08-01T23:59:59-04:00,EB-ITM-000076,GW-012,listed,INV-000060
2026-08-01T23:59:59-04:00,EB-ITM-000077,GW-001,awaiting_photography,INV-000061
2026-08-01T23:59:59-04:00,EB-ITM-000078,GW-016,awaiting_inspection,INV-000062
2026-08-01T23:59:59-04:00,EB-ITM-000079,GW-001,listed,INV-000063
2026-08-01T23:59:59-04:00,EB-ITM-000082,GW-004,listed,INV-000064
2026-08-01T23:59:59-04:00,EB-ITM-000084,GW-009,listed,INV-000065
2026-08-01T23:59:59-04:00,EB-ITM-000085,GW-007,listed,INV-000066
2026-08-01T23:59:59-04:00,EB-ITM-000086,GW-017,listed,INV-000067
2026-08-01T23:59:59-04:00,EB-ITM-000087,GW-007,listed,INV-000068
2026-08-01T23:59:59-04:00,EB-ITM-000088,GW-012,listed,INV-000069
2026-08-01T23:59:59-04:00,EB-ITM-000089,GW-014,listed,INV-000070
2026-08-01T23:59:59-04:00,EB-ITM-000090,GW-019,received,INV-000071
2026-08-01T23:59:59-04:00,EB-ITM-000092,GW-020,listed,INV-000072
2026-08-01T23:59:59-04:00,EB-ITM-000094,GW-016,received,INV-000073
2026-08-01T23:59:59-04:00,EB-ITM-000095,GW-006,listed,INV-000074
2026-08-01T23:59:59-04:00,EB-ITM-000097,GW-003,listed,INV-000075
2026-08-01T23:59:59-04:00,EB-ITM-000098,GW-007,listed,INV-000076
2026-08-01T23:59:59-04:00,EB-ITM-000099,GW-009,listed,INV-000077
2026-08-01T23:59:59-04:00,EB-ITM-000100,GW-018,listed,INV-000078
2026-08-01T23:59:59-04:00,EB-ITM-000101,GW-001,listed,INV-000079
2026-08-01T23:59:59-04:00,EB-ITM-000102,GW-003,listed,INV-000080
2026-08-01T23:59:59-04:00,EB-ITM-000103,GW-001,listed,INV-000081
2026-08-01T23:59:59-04:00,EB-ITM-000104,GW-022,received,INV-000082
2026-08-01T23:59:59-04:00,EB-ITM-000105,GW-007,listed,INV-000083
2026-08-01T23:59:59-04:00,EB-ITM-000106,GW-014,listed,INV-000084
2026-08-01T23:59:59-04:00,EB-ITM-000107,GW-016,listed,INV-000085
2026-08-01T23:59:59-04:00,EB-ITM-000109,GW-024,listed,INV-000086
2026-08-01T23:59:59-04:00,EB-ITM-000112,GW-001,listed,INV-000087
2026-08-01T23:59:59-04:00,EB-ITM-000114,GW-001,listed,INV-000088
2026-08-01T23:59:59-04:00,EB-ITM-000115,GW-002,awaiting_inspection,INV-000089
2026-08-01T23:59:59-04:00,EB-ITM-000116,GW-014,listed,INV-000090
2026-08-01T23:59:59-04:00,EB-ITM-000117,GW-008,listed,INV-000091
2026-08-01T23:59:59-04:00,EB-ITM-000120,GW-015,awaiting_inspection,INV-000092
2026-08-01T23:59:59-04:00,EB-ITM-000121,GW-002,listed,INV-000093
2026-08-01T23:59:59-04:00,EB-ITM-000122,GW-001,listed,INV-000094
2026-08-01T23:59:59-04:00,EB-ITM-000124,GW-016,awaiting_photography,INV-000095
2026-08-01T23:59:59-04:00,EB-ITM-000125,GW-023,awaiting_photography,INV-000096
2026-08-01T23:59:59-04:00,EB-ITM-000126,GW-018,listed,INV-000097
2026-08-01T23:59:59-04:00,EB-ITM-000127,GW-001,listed,INV-000098
2026-08-01T23:59:59-04:00,EB-ITM-000128,GW-001,listed,INV-000099
2026-08-01T23:59:59-04:00,EB-ITM-000129,GW-022,listed,INV-000100
2026-08-01T23:59:59-04:00,EB-ITM-000130,GW-016,awaiting_inspection,INV-000101
2026-08-01T23:59:59-04:00,EB-ITM-000131,GW-022,listed,INV-000102
2026-08-01T23:59:59-04:00,EB-ITM-000132,GW-014,ready_to_list,INV-000103
2026-08-01T23:59:59-04:00,EB-ITM-000134,GW-022,awaiting_photography,INV-000104
2026-08-01T23:59:59-04:00,EB-ITM-000135,GW-015,listed,INV-000105
2026-08-01T23:59:59-04:00,EB-ITM-000137,GW-004,listed,INV-000106
2026-08-01T23:59:59-04:00,EB-ITM-000138,GW-012,awaiting_photography,INV-000107
2026-08-01T23:59:59-04:00,EB-ITM-000139,GW-008,listed,INV-000108
2026-08-01T23:59:59-04:00,EB-ITM-000140,GW-008,listed,INV-000109
2026-08-01T23:59:59-04:00,EB-ITM-000142,GW-001,listed,INV-000110
2026-08-01T23:59:59-04:00,EB-ITM-000145,GW-002,listed,INV-000111
2026-08-01T23:59:59-04:00,EB-ITM-000146,GW-004,listed,INV-000112
2026-08-01T23:59:59-04:00,EB-ITM-000147,GW-006,listed,INV-000113
2026-08-01T23:59:59-04:00,EB-ITM-000148,GW-010,listed,INV-000114
2026-08-01T23:59:59-04:00,EB-ITM-000149,GW-008,listed,INV-000115
2026-08-01T23:59:59-04:00,EB-ITM-000150,GW-017,listed,INV-000116
2026-08-01T23:59:59-04:00,EB-ITM-000151,GW-023,listed,INV-000117
2026-08-01T23:59:59-04:00,EB-ITM-000152,GW-001,listed,INV-000118
2026-08-01T23:59:59-04:00,EB-ITM-000153,GW-024,listed,INV-000119
2026-08-01T23:59:59-04:00,EB-ITM-000154,GW-016,awaiting_inspection,INV-000120
2026-08-01T23:59:59-04:00,EB-ITM-000155,GW-018,listed,INV-000121
2026-08-01T23:59:59-04:00,EB-ITM-000157,GW-009,listed,INV-000122
2026-08-01T23:59:59-04:00,EB-ITM-000159,GW-008,listed,INV-000123
2026-08-01T23:59:59-04:00,EB-ITM-000160,GW-013,listed,INV-000124
2026-08-01T23:59:59-04:00,EB-ITM-000161,GW-009,listed,INV-000125
2026-08-01T23:59:59-04:00,EB-ITM-000162,GW-020,listed,INV-000126
2026-08-01T23:59:59-04:00,EB-ITM-000163,GW-002,listed,INV-000127
2026-08-01T23:59:59-04:00,EB-ITM-000165,GW-006,listed,INV-000128
2026-08-01T23:59:59-04:00,EB-ITM-000169,GW-015,listed,INV-000129
2026-08-01T23:59:59-04:00,EB-ITM-000170,GW-001,listed,INV-000130
2026-08-01T23:59:59-04:00,EB-ITM-000171,GW-020,listed,INV-000131
2026-08-01T23:59:59-04:00,EB-ITM-000172,GW-007,listed,INV-000132
2026-08-01T23:59:59-04:00,EB-ITM-000173,GW-024,listed,INV-000133
2026-08-01T23:59:59-04:00,EB-ITM-000175,GW-021,listed,INV-000134
2026-08-01T23:59:59-04:00,EB-ITM-000176,GW-008,listed,INV-000135
2026-08-01T23:59:59-04:00,EB-ITM-000177,GW-019,listed,INV-000136
2026-08-01T23:59:59-04:00,EB-ITM-000179,GW-016,awaiting_photography,INV-000137
2026-08-01T23:59:59-04:00,EB-ITM-000180,GW-017,listed,INV-000138
2026-08-01T23:59:59-04:00,EB-ITM-000181,GW-004,listed,INV-000139
2026-08-01T23:59:59-04:00,EB-ITM-000182,GW-007,listed,INV-000140
2026-08-01T23:59:59-04:00,EB-ITM-000185,GW-017,received,INV-000141
2026-08-01T23:59:59-04:00,EB-ITM-000186,GW-013,listed,INV-000142
2026-08-01T23:59:59-04:00,EB-ITM-000187,GW-011,received,INV-000143
2026-08-01T23:59:59-04:00,EB-ITM-000189,GW-024,listed,INV-000144
2026-08-01T23:59:59-04:00,EB-ITM-000190,GW-016,listed,INV-000145
2026-08-01T23:59:59-04:00,EB-ITM-000192,GW-001,listed,INV-000146
2026-08-01T23:59:59-04:00,EB-ITM-000194,GW-004,listed,INV-000147
2026-08-01T23:59:59-04:00,EB-ITM-000195,GW-001,awaiting_inspection,INV-000148
2026-08-01T23:59:59-04:00,EB-ITM-000196,GW-022,listed,INV-000149
2026-08-01T23:59:59-04:00,EB-ITM-000197,GW-012,listed,INV-000150
2026-08-01T23:59:59-04:00,EB-ITM-000199,GW-012,listed,INV-000151
2026-08-01T23:59:59-04:00,EB-ITM-000200,GW-008,listed,INV-000152
2026-08-01T23:59:59-04:00,EB-ITM-000202,GW-005,listed,INV-000153
2026-08-01T23:59:59-04:00,EB-ITM-000204,GW-010,listed,INV-000154
2026-08-01T23:59:59-04:00,EB-ITM-000205,GW-012,listed,INV-000155
2026-08-01T23:59:59-04:00,EB-ITM-000208,GW-004,listed,INV-000156
2026-08-01T23:59:59-04:00,EB-ITM-000209,GW-009,awaiting_photography,INV-000157
2026-08-01T23:59:59-04:00,EB-ITM-000210,GW-007,awaiting_photography,INV-000158
2026-08-01T23:59:59-04:00,EB-ITM-000213,GW-006,listed,INV-000159
2026-08-01T23:59:59-04:00,EB-ITM-000214,GW-016,awaiting_photography,INV-000160
2026-08-01T23:59:59-04:00,EB-ITM-000215,GW-012,listed,INV-000161
2026-08-01T23:59:59-04:00,EB-ITM-000216,GW-005,listed,INV-000162
2026-08-01T23:59:59-04:00,EB-ITM-000217,GW-010,listed,INV-000163
2026-08-01T23:59:59-04:00,EB-ITM-000218,GW-004,listed,INV-000164
2026-08-01T23:59:59-04:00,EB-ITM-000219,GW-009,listed,INV-000165
2026-08-01T23:59:59-04:00,EB-ITM-000220,GW-001,listed,INV-000166
2026-08-01T23:59:59-04:00,EB-ITM-000222,GW-012,listed,INV-000167
2026-08-01T23:59:59-04:00,EB-ITM-000223,GW-004,listed,INV-000168
2026-08-01T23:59:59-04:00,EB-ITM-000224,GW-016,listed,INV-000169
2026-08-01T23:59:59-04:00,EB-ITM-000226,GW-004,listed,INV-000170
2026-08-01T23:59:59-04:00,EB-ITM-000227,GW-021,listed,INV-000171
2026-08-01T23:59:59-04:00,EB-ITM-000228,GW-010,received,INV-000172
2026-08-01T23:59:59-04:00,EB-ITM-000230,GW-024,listed,INV-000173
2026-08-01T23:59:59-04:00,EB-ITM-000231,GW-011,listed,INV-000174
2026-08-01T23:59:59-04:00,EB-ITM-000232,GW-009,listed,INV-000175
2026-08-01T23:59:59-04:00,EB-ITM-000234,GW-009,awaiting_photography,INV-000176
2026-08-01T23:59:59-04:00,EB-ITM-000235,GW-017,listed,INV-000177
2026-08-01T23:59:59-04:00,EB-ITM-000236,GW-009,listed,INV-000178
2026-08-01T23:59:59-04:00,EB-ITM-000237,GW-008,listed,INV-000179
2026-08-01T23:59:59-04:00,EB-ITM-000239,GW-001,listed,INV-000180
2026-08-01T23:59:59-04:00,EB-ITM-000240,GW-017,listed,INV-000181
2026-08-01T23:59:59-04:00,EB-ITM-000241,GW-012,listed,INV-000182
2026-08-01T23:59:59-04:00,EB-ITM-000243,GW-008,listed,INV-000183
2026-08-01T23:59:59-04:00,EB-ITM-000244,GW-008,awaiting_photography,INV-000184
2026-08-01T23:59:59-04:00,EB-ITM-000245,GW-001,listed,INV-000185
2026-08-01T23:59:59-04:00,EB-ITM-000246,GW-016,listed,INV-000186
2026-08-01T23:59:59-04:00,EB-ITM-000247,GW-013,awaiting_inspection,INV-000187
2026-08-01T23:59:59-04:00,EB-ITM-000249,GW-015,listed,INV-000188
2026-08-01T23:59:59-04:00,EB-ITM-000250,GW-011,listed,INV-000189
2026-08-01T23:59:59-04:00,EB-ITM-000252,GW-004,listed,INV-000190
2026-08-01T23:59:59-04:00,EB-ITM-000253,GW-005,listed,INV-000191
2026-08-01T23:59:59-04:00,EB-ITM-000254,GW-008,listed,INV-000192
2026-08-01T23:59:59-04:00,EB-ITM-000255,GW-022,awaiting_inspection,INV-000193
2026-08-01T23:59:59-04:00,EB-ITM-000256,GW-012,listed,INV-000194
2026-08-01T23:59:59-04:00,EB-ITM-000258,GW-002,listed,INV-000195
2026-08-01T23:59:59-04:00,EB-ITM-000259,GW-013,listed,INV-000196
2026-08-01T23:59:59-04:00,EB-ITM-000260,GW-012,listed,INV-000197
2026-08-01T23:59:59-04:00,EB-ITM-000262,GW-004,listed,INV-000198
2026-08-01T23:59:59-04:00,EB-ITM-000263,GW-002,listed,INV-000199
2026-08-01T23:59:59-04:00,EB-ITM-000265,GW-011,listed,INV-000200
2026-08-01T23:59:59-04:00,EB-ITM-000266,GW-015,awaiting_photography,INV-000201
2026-08-01T23:59:59-04:00,EB-ITM-000267,GW-021,awaiting_inspection,INV-000202
2026-08-01T23:59:59-04:00,EB-ITM-000268,GW-004,listed,INV-000203
2026-08-01T23:59:59-04:00,EB-ITM-000271,GW-008,listed,INV-000204
2026-08-01T23:59:59-04:00,EB-ITM-000273,GW-006,listed,INV-000205
2026-08-01T23:59:59-04:00,EB-ITM-000274,GW-019,listed,INV-000206
2026-08-01T23:59:59-04:00,EB-ITM-000277,GW-003,awaiting_photography,INV-000207
2026-08-01T23:59:59-04:00,EB-ITM-000278,GW-017,awaiting_inspection,INV-000208
2026-08-01T23:59:59-04:00,EB-ITM-000280,GW-009,awaiting_inspection,INV-000209
2026-08-01T23:59:59-04:00,EB-ITM-000281,GW-001,received,INV-000210
2026-08-01T23:59:59-04:00,EB-ITM-000283,GW-024,listed,INV-000211
2026-08-01T23:59:59-04:00,EB-ITM-000284,GW-002,awaiting_inspection,INV-000212
2026-08-01T23:59:59-04:00,EB-ITM-000285,GW-007,listed,INV-000213
2026-08-01T23:59:59-04:00,EB-ITM-000287,GW-021,listed,INV-000214
2026-08-01T23:59:59-04:00,EB-ITM-000291,GW-008,listed,INV-000215
2026-08-01T23:59:59-04:00,EB-ITM-000293,GW-007,listed,INV-000216
2026-08-01T23:59:59-04:00,EB-ITM-000294,GW-004,listed,INV-000217
2026-08-01T23:59:59-04:00,EB-ITM-000295,GW-018,listed,INV-000218
2026-08-01T23:59:59-04:00,EB-ITM-000297,GW-012,awaiting_photography,INV-000219
2026-08-01T23:59:59-04:00,EB-ITM-000298,GW-005,awaiting_inspection,INV-000220
2026-08-01T23:59:59-04:00,EB-ITM-000299,GW-002,listed,INV-000221
2026-08-01T23:59:59-04:00,EB-ITM-000300,GW-017,listed,INV-000222
2026-08-01T23:59:59-04:00,EB-ITM-000301,GW-016,listed,INV-000223
2026-08-01T23:59:59-04:00,EB-ITM-000302,GW-014,listed,INV-000224
2026-08-01T23:59:59-04:00,EB-ITM-000303,GW-020,awaiting_photography,INV-000225
2026-08-01T23:59:59-04:00,EB-ITM-000306,GW-008,listed,INV-000226
2026-08-01T23:59:59-04:00,EB-ITM-000307,GW-017,listed,INV-000227
2026-08-01T23:59:59-04:00,EB-ITM-000308,GW-012,listed,INV-000228
2026-08-01T23:59:59-04:00,EB-ITM-000309,GW-003,ready_to_list,INV-000229
2026-08-01T23:59:59-04:00,EB-ITM-000310,GW-015,awaiting_inspection,INV-000230
2026-08-01T23:59:59-04:00,EB-ITM-000311,GW-001,awaiting_photography,INV-000231
2026-08-01T23:59:59-04:00,EB-ITM-000312,GW-014,listed,INV-000232
2026-08-01T23:59:59-04:00,EB-ITM-000313,GW-011,listed,INV-000233
2026-08-01T23:59:59-04:00,EB-ITM-000314,GW-011,awaiting_inspection,INV-000234
2026-08-01T23:59:59-04:00,EB-ITM-000315,GW-007,listed,INV-000235
2026-08-01T23:59:59-04:00,EB-ITM-000316,GW-006,listed,INV-000236
2026-08-01T23:59:59-04:00,EB-ITM-000317,GW-006,awaiting_photography,INV-000237
2026-08-01T23:59:59-04:00,EB-ITM-000318,GW-024,listed,INV-000238
2026-08-01T23:59:59-04:00,EB-ITM-000319,GW-022,awaiting_photography,INV-000239
2026-08-01T23:59:59-04:00,EB-ITM-000322,GW-002,listed,INV-000240
2026-08-01T23:59:59-04:00,EB-ITM-000324,GW-018,listed,INV-000241
2026-08-01T23:59:59-04:00,EB-ITM-000326,GW-012,listed,INV-000242
2026-08-01T23:59:59-04:00,EB-ITM-000327,GW-016,listed,INV-000243
2026-08-01T23:59:59-04:00,EB-ITM-000328,GW-020,ready_to_list,INV-000244
2026-08-01T23:59:59-04:00,EB-ITM-000329,GW-012,listed,INV-000245
2026-08-01T23:59:59-04:00,EB-ITM-000330,GW-022,listed,INV-000246
2026-08-01T23:59:59-04:00,EB-ITM-000331,GW-022,listed,INV-000247
2026-08-01T23:59:59-04:00,EB-ITM-000332,GW-003,listed,INV-000248
2026-08-01T23:59:59-04:00,EB-ITM-000333,GW-012,listed,INV-000249
2026-08-01T23:59:59-04:00,EB-ITM-000334,GW-008,listed,INV-000250
2026-08-01T23:59:59-04:00,EB-ITM-000335,GW-014,listed,INV-000251
2026-08-01T23:59:59-04:00,EB-ITM-000337,GW-022,listed,INV-000252
2026-08-01T23:59:59-04:00,EB-ITM-000338,GW-011,listed,INV-000253
2026-08-01T23:59:59-04:00,EB-ITM-000339,GW-014,listed,INV-000254
2026-08-01T23:59:59-04:00,EB-ITM-000340,GW-010,listed,INV-000255
2026-08-01T23:59:59-04:00,EB-ITM-000342,GW-017,listed,INV-000256
2026-08-01T23:59:59-04:00,EB-ITM-000343,GW-024,listed,INV-000257
2026-08-01T23:59:59-04:00,EB-ITM-000345,GW-001,listed,INV-000258
2026-08-01T23:59:59-04:00,EB-ITM-000346,GW-019,listed,INV-000259
2026-08-01T23:59:59-04:00,EB-ITM-000348,GW-017,listed,INV-000260
2026-08-01T23:59:59-04:00,EB-ITM-000349,GW-008,listed,INV-000261
2026-08-01T23:59:59-04:00,EB-ITM-000350,GW-009,awaiting_photography,INV-000262
2026-08-01T23:59:59-04:00,EB-ITM-000351,GW-020,listed,INV-000263
2026-08-01T23:59:59-04:00,EB-ITM-000354,GW-012,ready_to_list,INV-000264
2026-08-01T23:59:59-04:00,EB-ITM-000359,GW-017,listed,INV-000265
2026-08-01T23:59:59-04:00,EB-ITM-000360,GW-009,awaiting_inspection,INV-000266
2026-08-01T23:59:59-04:00,EB-ITM-000363,GW-008,listed,INV-000267
2026-08-01T23:59:59-04:00,EB-ITM-000364,GW-015,listed,INV-000268
2026-08-01T23:59:59-04:00,EB-ITM-000365,GW-004,received,INV-000269
2026-08-01T23:59:59-04:00,EB-ITM-000366,GW-004,awaiting_photography,INV-000270
2026-08-01T23:59:59-04:00,EB-ITM-000367,GW-004,listed,INV-000271
2026-08-01T23:59:59-04:00,EB-ITM-000368,GW-001,listed,INV-000272
2026-08-01T23:59:59-04:00,EB-ITM-000369,GW-011,listed,INV-000273
2026-08-01T23:59:59-04:00,EB-ITM-000371,GW-012,listed,INV-000274
2026-08-01T23:59:59-04:00,EB-ITM-000373,GW-024,listed,INV-000275
2026-08-01T23:59:59-04:00,EB-ITM-000374,GW-015,listed,INV-000276
2026-08-01T23:59:59-04:00,EB-ITM-000375,GW-012,listed,INV-000277
2026-08-01T23:59:59-04:00,EB-ITM-000376,GW-009,listed,INV-000278
2026-08-01T23:59:59-04:00,EB-ITM-000377,GW-021,awaiting_photography,INV-000279
2026-08-01T23:59:59-04:00,EB-ITM-000378,GW-015,listed,INV-000280
2026-08-01T23:59:59-04:00,EB-ITM-000379,GW-009,listed,INV-000281
2026-08-01T23:59:59-04:00,EB-ITM-000382,GW-004,awaiting_inspection,INV-000282
2026-08-01T23:59:59-04:00,EB-ITM-000383,GW-004,listed,INV-000283
2026-08-01T23:59:59-04:00,EB-ITM-000384,GW-010,listed,INV-000284
2026-08-01T23:59:59-04:00,EB-ITM-000387,GW-020,listed,INV-000285
2026-08-01T23:59:59-04:00,EB-ITM-000388,GW-008,listed,INV-000286
2026-08-01T23:59:59-04:00,EB-ITM-000389,GW-001,listed,INV-000287
2026-08-01T23:59:59-04:00,EB-ITM-000390,GW-004,listed,INV-000288
2026-08-01T23:59:59-04:00,EB-ITM-000391,GW-018,listed,INV-000289
2026-08-01T23:59:59-04:00,EB-ITM-000392,GW-004,listed,INV-000290
2026-08-01T23:59:59-04:00,EB-ITM-000393,GW-023,listed,INV-000291
2026-08-01T23:59:59-04:00,EB-ITM-000394,GW-018,listed,INV-000292
2026-08-01T23:59:59-04:00,EB-ITM-000395,GW-014,listed,INV-000293
2026-08-01T23:59:59-04:00,EB-ITM-000396,GW-006,awaiting_inspection,INV-000294
2026-08-01T23:59:59-04:00,EB-ITM-000397,GW-009,listed,INV-000295
2026-08-01T23:59:59-04:00,EB-ITM-000398,GW-002,listed,INV-000296
2026-08-01T23:59:59-04:00,EB-ITM-000399,GW-018,listed,INV-000297
2026-08-01T23:59:59-04:00,EB-ITM-000400,GW-016,listed,INV-000298
2026-08-01T23:59:59-04:00,EB-ITM-000401,GW-006,listed,INV-000299
2026-08-01T23:59:59-04:00,EB-ITM-000402,GW-015,listed,INV-000300
2026-08-01T23:59:59-04:00,EB-ITM-000404,GW-012,awaiting_photography,INV-000301
2026-08-01T23:59:59-04:00,EB-ITM-000406,GW-021,listed,INV-000302
2026-08-01T23:59:59-04:00,EB-ITM-000407,GW-018,listed,INV-000303
2026-08-01T23:59:59-04:00,EB-ITM-000408,GW-005,listed,INV-000304
2026-08-01T23:59:59-04:00,EB-ITM-000409,GW-024,listed,INV-000305
2026-08-01T23:59:59-04:00,EB-ITM-000410,GW-017,awaiting_photography,INV-000306
2026-08-01T23:59:59-04:00,EB-ITM-000411,GW-017,listed,INV-000307
2026-08-01T23:59:59-04:00,EB-ITM-000412,GW-006,listed,INV-000308
2026-08-01T23:59:59-04:00,EB-ITM-000413,GW-009,received,INV-000309
2026-08-01T23:59:59-04:00,EB-ITM-000414,GW-015,listed,INV-000310
2026-08-01T23:59:59-04:00,EB-ITM-000415,GW-022,listed,INV-000311
2026-08-01T23:59:59-04:00,EB-ITM-000416,GW-006,listed,INV-000312
2026-08-01T23:59:59-04:00,EB-ITM-000418,GW-004,listed,INV-000313
2026-08-01T23:59:59-04:00,EB-ITM-000419,GW-007,listed,INV-000314
2026-08-01T23:59:59-04:00,EB-ITM-000420,GW-005,listed,INV-000315
2026-08-01T23:59:59-04:00,EB-ITM-000422,GW-012,listed,INV-000316
2026-08-01T23:59:59-04:00,EB-ITM-000424,GW-016,listed,INV-000317
2026-08-01T23:59:59-04:00,EB-ITM-000425,GW-013,listed,INV-000318
2026-08-01T23:59:59-04:00,EB-ITM-000428,GW-017,listed,INV-000319
2026-08-01T23:59:59-04:00,EB-ITM-000429,GW-002,listed,INV-000320
2026-08-01T23:59:59-04:00,EB-ITM-000431,GW-002,listed,INV-000321
2026-08-01T23:59:59-04:00,EB-ITM-000432,GW-024,awaiting_photography,INV-000322
2026-08-01T23:59:59-04:00,EB-ITM-000433,GW-004,awaiting_inspection,INV-000323
2026-08-01T23:59:59-04:00,EB-ITM-000434,GW-012,listed,INV-000324
2026-08-01T23:59:59-04:00,EB-ITM-000436,GW-008,listed,INV-000325
2026-08-01T23:59:59-04:00,EB-ITM-000437,GW-007,listed,INV-000326
2026-08-01T23:59:59-04:00,EB-ITM-000439,GW-009,listed,INV-000327
2026-08-01T23:59:59-04:00,EB-ITM-000440,GW-008,listed,INV-000328
2026-08-01T23:59:59-04:00,EB-ITM-000441,GW-022,listed,INV-000329
2026-08-01T23:59:59-04:00,EB-ITM-000442,GW-004,listed,INV-000330
2026-08-01T23:59:59-04:00,EB-ITM-000443,GW-001,listed,INV-000331
2026-08-01T23:59:59-04:00,EB-ITM-000445,GW-019,listed,INV-000332
2026-08-01T23:59:59-04:00,EB-ITM-000446,GW-018,listed,INV-000333
2026-08-01T23:59:59-04:00,EB-ITM-000448,GW-002,listed,INV-000334
2026-08-01T23:59:59-04:00,EB-ITM-000449,GW-023,awaiting_photography,INV-000335
2026-08-01T23:59:59-04:00,EB-ITM-000450,GW-014,listed,INV-000336
2026-08-01T23:59:59-04:00,EB-ITM-000451,GW-018,listed,INV-000337
2026-08-01T23:59:59-04:00,EB-ITM-000452,GW-009,listed,INV-000338
2026-08-01T23:59:59-04:00,EB-ITM-000453,GW-017,listed,INV-000339
2026-08-01T23:59:59-04:00,EB-ITM-000454,GW-020,listed,INV-000340
2026-08-01T23:59:59-04:00,EB-ITM-000455,GW-005,listed,INV-000341
2026-08-01T23:59:59-04:00,EB-ITM-000456,GW-019,listed,INV-000342
2026-08-01T23:59:59-04:00,EB-ITM-000457,GW-024,listed,INV-000343
2026-08-01T23:59:59-04:00,EB-ITM-000458,GW-022,listed,INV-000344
2026-08-01T23:59:59-04:00,EB-ITM-000460,GW-011,listed,INV-000345
2026-08-01T23:59:59-04:00,EB-ITM-000461,GW-011,listed,INV-000346
2026-08-01T23:59:59-04:00,EB-ITM-000462,GW-013,listed,INV-000347
2026-08-01T23:59:59-04:00,EB-ITM-000463,GW-001,awaiting_inspection,INV-000348
2026-08-01T23:59:59-04:00,EB-ITM-000464,GW-005,listed,INV-000349
2026-08-01T23:59:59-04:00,EB-ITM-000465,GW-004,ready_to_list,INV-000350
2026-08-01T23:59:59-04:00,EB-ITM-000467,GW-024,listed,INV-000351
2026-08-01T23:59:59-04:00,EB-ITM-000468,GW-016,listed,INV-000352
2026-08-01T23:59:59-04:00,EB-ITM-000469,GW-024,awaiting_inspection,INV-000353
2026-08-01T23:59:59-04:00,EB-ITM-000470,GW-018,listed,INV-000354
2026-08-01T23:59:59-04:00,EB-ITM-000471,GW-008,listed,INV-000355
2026-08-01T23:59:59-04:00,EB-ITM-000472,GW-023,awaiting_inspection,INV-000356
2026-08-01T23:59:59-04:00,EB-ITM-000477,GW-009,listed,INV-000357
2026-08-01T23:59:59-04:00,EB-ITM-000478,GW-008,listed,INV-000358
2026-08-01T23:59:59-04:00,EB-ITM-000479,GW-022,listed,INV-000359
2026-08-01T23:59:59-04:00,EB-ITM-000480,GW-013,listed,INV-000360
2026-08-01T23:59:59-04:00,EB-ITM-000481,GW-002,listed,INV-000361
2026-08-01T23:59:59-04:00,EB-ITM-000482,GW-001,listed,INV-000362
2026-08-01T23:59:59-04:00,EB-ITM-000483,GW-012,listed,INV-000363
2026-08-01T23:59:59-04:00,EB-ITM-000486,GW-013,listed,INV-000364
2026-08-01T23:59:59-04:00,EB-ITM-000487,GW-012,listed,INV-000365
2026-08-01T23:59:59-04:00,EB-ITM-000489,GW-021,listed,INV-000366
2026-08-01T23:59:59-04:00,EB-ITM-000490,GW-024,listed,INV-000367
2026-08-01T23:59:59-04:00,EB-ITM-000491,GW-008,awaiting_photography,INV-000368
2026-08-01T23:59:59-04:00,EB-ITM-000494,GW-003,listed,INV-000369
2026-08-01T23:59:59-04:00,EB-ITM-000495,GW-008,listed,INV-000370
2026-08-01T23:59:59-04:00,EB-ITM-000496,GW-010,listed,INV-000371
2026-08-01T23:59:59-04:00,EB-ITM-000497,GW-004,listed,INV-000372
2026-08-01T23:59:59-04:00,EB-ITM-000499,GW-006,listed,INV-000373
2026-08-01T23:59:59-04:00,EB-ITM-000500,GW-018,listed,INV-000374
2026-08-01T23:59:59-04:00,EB-ITM-000503,GW-006,listed,INV-000375
2026-08-01T23:59:59-04:00,EB-ITM-000504,GW-017,listed,INV-000376
2026-08-01T23:59:59-04:00,EB-ITM-000505,GW-015,listed,INV-000377
2026-08-01T23:59:59-04:00,EB-ITM-000506,GW-004,listed,INV-000378
2026-08-01T23:59:59-04:00,EB-ITM-000507,GW-003,listed,INV-000379
2026-08-01T23:59:59-04:00,EB-ITM-000508,GW-001,listed,INV-000380
2026-08-01T23:59:59-04:00,EB-ITM-000511,GW-001,listed,INV-000381
2026-08-01T23:59:59-04:00,EB-ITM-000513,GW-021,ready_to_list,INV-000382
2026-08-01T23:59:59-04:00,EB-ITM-000514,GW-008,listed,INV-000383
2026-08-01T23:59:59-04:00,EB-ITM-000515,GW-022,awaiting_inspection,INV-000384
2026-08-01T23:59:59-04:00,EB-ITM-000516,GW-016,listed,INV-000385
2026-08-01T23:59:59-04:00,EB-ITM-000517,GW-013,listed,INV-000386
2026-08-01T23:59:59-04:00,EB-ITM-000518,GW-012,listed,INV-000387
2026-08-01T23:59:59-04:00,EB-ITM-000519,GW-005,listed,INV-000388
2026-08-01T23:59:59-04:00,EB-ITM-000520,GW-005,listed,INV-000389
2026-08-01T23:59:59-04:00,EB-ITM-000521,GW-017,listed,INV-000390
2026-08-01T23:59:59-04:00,EB-ITM-000523,GW-022,listed,INV-000391
2026-08-01T23:59:59-04:00,EB-ITM-000524,GW-018,awaiting_inspection,INV-000392
2026-08-01T23:59:59-04:00,EB-ITM-000527,GW-008,received,INV-000393
2026-08-01T23:59:59-04:00,EB-ITM-000528,GW-020,listed,INV-000394
2026-08-01T23:59:59-04:00,EB-ITM-000529,GW-004,listed,INV-000395
2026-08-01T23:59:59-04:00,EB-ITM-000530,GW-017,listed,INV-000396
2026-08-01T23:59:59-04:00,EB-ITM-000531,GW-023,listed,INV-000397
2026-08-01T23:59:59-04:00,EB-ITM-000533,GW-001,awaiting_inspection,INV-000398
2026-08-01T23:59:59-04:00,EB-ITM-000535,GW-023,ready_to_list,INV-000399
2026-08-01T23:59:59-04:00,EB-ITM-000537,GW-009,awaiting_photography,INV-000400
2026-08-01T23:59:59-04:00,EB-ITM-000538,GW-009,listed,INV-000401
2026-08-01T23:59:59-04:00,EB-ITM-000539,GW-009,listed,INV-000402
2026-08-01T23:59:59-04:00,EB-ITM-000540,GW-007,listed,INV-000403
2026-08-01T23:59:59-04:00,EB-ITM-000542,GW-016,listed,INV-000404
2026-08-01T23:59:59-04:00,EB-ITM-000543,GW-001,listed,INV-000405
2026-08-01T23:59:59-04:00,EB-ITM-000544,GW-017,awaiting_inspection,INV-000406
2026-08-01T23:59:59-04:00,EB-ITM-000545,GW-009,listed,INV-000407
2026-08-01T23:59:59-04:00,EB-ITM-000546,GW-008,awaiting_inspection,INV-000408
2026-08-01T23:59:59-04:00,EB-ITM-000547,GW-017,awaiting_photography,INV-000409
2026-08-01T23:59:59-04:00,EB-ITM-000548,GW-020,listed,INV-000410
2026-08-01T23:59:59-04:00,EB-ITM-000550,GW-015,listed,INV-000411
2026-08-01T23:59:59-04:00,EB-ITM-000551,GW-001,listed,INV-000412
2026-08-01T23:59:59-04:00,EB-ITM-000553,GW-017,listed,INV-000413
2026-08-01T23:59:59-04:00,EB-ITM-000554,GW-009,listed,INV-000414
2026-08-01T23:59:59-04:00,EB-ITM-000556,GW-004,listed,INV-000415
2026-08-01T23:59:59-04:00,EB-ITM-000557,GW-008,listed,INV-000416
2026-08-01T23:59:59-04:00,EB-ITM-000558,GW-005,listed,INV-000417
2026-08-01T23:59:59-04:00,EB-ITM-000559,GW-021,listed,INV-000418
2026-08-01T23:59:59-04:00,EB-ITM-000560,GW-003,received,INV-000419
2026-08-01T23:59:59-04:00,EB-ITM-000562,GW-004,awaiting_inspection,INV-000420
2026-08-01T23:59:59-04:00,EB-ITM-000563,GW-010,listed,INV-000421
2026-08-01T23:59:59-04:00,EB-ITM-000564,GW-018,listed,INV-000422
2026-08-01T23:59:59-04:00,EB-ITM-000565,GW-002,listed,INV-000423
2026-08-01T23:59:59-04:00,EB-ITM-000567,GW-016,awaiting_inspection,INV-000424
2026-08-01T23:59:59-04:00,EB-ITM-000568,GW-006,listed,INV-000425
2026-08-01T23:59:59-04:00,EB-ITM-000569,GW-011,listed,INV-000426
2026-08-01T23:59:59-04:00,EB-ITM-000570,GW-014,listed,INV-000427
2026-08-01T23:59:59-04:00,EB-ITM-000571,GW-018,listed,INV-000428
2026-08-01T23:59:59-04:00,EB-ITM-000572,GW-006,listed,INV-000429
2026-08-01T23:59:59-04:00,EB-ITM-000573,GW-009,listed,INV-000430
2026-08-01T23:59:59-04:00,EB-ITM-000574,GW-016,listed,INV-000431
2026-08-01T23:59:59-04:00,EB-ITM-000575,GW-019,listed,INV-000432
2026-08-01T23:59:59-04:00,EB-ITM-000576,GW-021,listed,INV-000433
2026-08-01T23:59:59-04:00,EB-ITM-000579,GW-011,listed,INV-000434
2026-08-01T23:59:59-04:00,EB-ITM-000580,GW-008,listed,INV-000435
2026-08-01T23:59:59-04:00,EB-ITM-000581,GW-016,listed,INV-000436
2026-08-01T23:59:59-04:00,EB-ITM-000582,GW-016,listed,INV-000437
2026-08-01T23:59:59-04:00,EB-ITM-000583,GW-009,listed,INV-000438
2026-08-01T23:59:59-04:00,EB-ITM-000584,GW-021,awaiting_photography,INV-000439
2026-08-01T23:59:59-04:00,EB-ITM-000585,GW-018,listed,INV-000440
2026-08-01T23:59:59-04:00,EB-ITM-000587,GW-004,listed,INV-000441
2026-08-01T23:59:59-04:00,EB-ITM-000588,GW-001,listed,INV-000442
2026-08-01T23:59:59-04:00,EB-ITM-000589,GW-022,listed,INV-000443
2026-08-01T23:59:59-04:00,EB-ITM-000590,GW-008,listed,INV-000444
2026-08-01T23:59:59-04:00,EB-ITM-000592,GW-012,listed,INV-000445
2026-08-01T23:59:59-04:00,EB-ITM-000593,GW-016,listed,INV-000446
2026-08-01T23:59:59-04:00,EB-ITM-000594,GW-015,listed,INV-000447
2026-08-01T23:59:59-04:00,EB-ITM-000596,GW-016,awaiting_photography,INV-000448
2026-08-01T23:59:59-04:00,EB-ITM-000597,GW-024,listed,INV-000449
2026-08-01T23:59:59-04:00,EB-ITM-000598,GW-021,listed,INV-000450
2026-08-01T23:59:59-04:00,EB-ITM-000599,GW-015,awaiting_inspection,INV-000451
2026-08-01T23:59:59-04:00,EB-ITM-000604,GW-004,listed,INV-000452
2026-08-01T23:59:59-04:00,EB-ITM-000605,GW-001,listed,INV-000453
2026-08-01T23:59:59-04:00,EB-ITM-000606,GW-003,listed,INV-000454
2026-08-01T23:59:59-04:00,EB-ITM-000607,GW-024,listed,INV-000455
2026-08-01T23:59:59-04:00,EB-ITM-000608,GW-004,listed,INV-000456
2026-08-01T23:59:59-04:00,EB-ITM-000610,GW-002,listed,INV-000457
2026-08-01T23:59:59-04:00,EB-ITM-000611,GW-016,listed,INV-000458
2026-08-01T23:59:59-04:00,EB-ITM-000612,GW-007,listed,INV-000459
2026-08-01T23:59:59-04:00,EB-ITM-000613,GW-009,awaiting_photography,INV-000460
2026-08-01T23:59:59-04:00,EB-ITM-000615,GW-024,listed,INV-000461
2026-08-01T23:59:59-04:00,EB-ITM-000616,GW-005,listed,INV-000462
2026-08-01T23:59:59-04:00,EB-ITM-000620,GW-012,listed,INV-000463
2026-08-01T23:59:59-04:00,EB-ITM-000621,GW-012,awaiting_photography,INV-000464
2026-08-01T23:59:59-04:00,EB-ITM-000622,GW-017,received,INV-000465
2026-08-01T23:59:59-04:00,EB-ITM-000623,GW-016,ready_to_list,INV-000466
2026-08-01T23:59:59-04:00,EB-ITM-000624,GW-004,listed,INV-000467
2026-08-01T23:59:59-04:00,EB-ITM-000625,GW-014,listed,INV-000468
2026-08-01T23:59:59-04:00,EB-ITM-000627,GW-008,listed,INV-000469
2026-08-01T23:59:59-04:00,EB-ITM-000628,GW-004,awaiting_inspection,INV-000470
2026-08-01T23:59:59-04:00,EB-ITM-000629,GW-017,listed,INV-000471
2026-08-01T23:59:59-04:00,EB-ITM-000630,GW-010,listed,INV-000472
2026-08-01T23:59:59-04:00,EB-ITM-000631,GW-013,listed,INV-000473
2026-08-01T23:59:59-04:00,EB-ITM-000632,GW-024,listed,INV-000474
2026-08-01T23:59:59-04:00,EB-ITM-000633,GW-004,listed,INV-000475
2026-08-01T23:59:59-04:00,EB-ITM-000635,GW-010,listed,INV-000476
2026-08-01T23:59:59-04:00,EB-ITM-000636,GW-005,listed,INV-000477
2026-08-01T23:59:59-04:00,EB-ITM-000637,GW-017,listed,INV-000478
2026-08-01T23:59:59-04:00,EB-ITM-000638,GW-018,listed,INV-000479
2026-08-01T23:59:59-04:00,EB-ITM-000639,GW-004,listed,INV-000480
2026-08-01T23:59:59-04:00,EB-ITM-000640,GW-021,listed,INV-000481
2026-08-01T23:59:59-04:00,EB-ITM-000641,GW-016,listed,INV-000482
2026-08-01T23:59:59-04:00,EB-ITM-000642,GW-018,listed,INV-000483
2026-08-01T23:59:59-04:00,EB-ITM-000643,GW-021,listed,INV-000484
2026-08-01T23:59:59-04:00,EB-ITM-000644,GW-008,listed,INV-000485
2026-08-01T23:59:59-04:00,EB-ITM-000645,GW-016,listed,INV-000486
2026-08-01T23:59:59-04:00,EB-ITM-000646,GW-004,listed,INV-000487
2026-08-01T23:59:59-04:00,EB-ITM-000648,GW-015,listed,INV-000488
2026-08-01T23:59:59-04:00,EB-ITM-000649,GW-016,listed,INV-000489
2026-08-01T23:59:59-04:00,EB-ITM-000652,GW-018,listed,INV-000490
2026-08-01T23:59:59-04:00,EB-ITM-000653,GW-009,awaiting_photography,INV-000491
2026-08-01T23:59:59-04:00,EB-ITM-000654,GW-017,listed,INV-000492
2026-08-01T23:59:59-04:00,EB-ITM-000656,GW-021,listed,INV-000493
2026-08-01T23:59:59-04:00,EB-ITM-000658,GW-006,listed,INV-000494
2026-08-01T23:59:59-04:00,EB-ITM-000659,GW-006,awaiting_photography,INV-000495
2026-08-01T23:59:59-04:00,EB-ITM-000660,GW-001,listed,INV-000496
2026-08-01T23:59:59-04:00,EB-ITM-000661,GW-009,listed,INV-000497
2026-08-01T23:59:59-04:00,EB-ITM-000663,GW-004,listed,INV-000498
2026-08-01T23:59:59-04:00,EB-ITM-000664,GW-017,awaiting_photography,INV-000499
2026-08-01T23:59:59-04:00,EB-ITM-000665,GW-001,listed,INV-000500
2026-08-01T23:59:59-04:00,EB-ITM-000666,GW-016,listed,INV-000501
2026-08-01T23:59:59-04:00,EB-ITM-000668,GW-017,listed,INV-000502
2026-08-01T23:59:59-04:00,EB-ITM-000671,GW-024,listed,INV-000503
2026-08-01T23:59:59-04:00,EB-ITM-000672,GW-004,listed,INV-000504
2026-08-01T23:59:59-04:00,EB-ITM-000673,GW-016,listed,INV-000505
2026-08-01T23:59:59-04:00,EB-ITM-000674,GW-024,listed,INV-000506
2026-08-01T23:59:59-04:00,EB-ITM-000675,GW-011,listed,INV-000507
2026-08-01T23:59:59-04:00,EB-ITM-000676,GW-011,listed,INV-000508
2026-08-01T23:59:59-04:00,EB-ITM-000677,GW-015,listed,INV-000509
2026-08-01T23:59:59-04:00,EB-ITM-000678,GW-008,listed,INV-000510
2026-08-01T23:59:59-04:00,EB-ITM-000679,GW-001,listed,INV-000511
2026-08-01T23:59:59-04:00,EB-ITM-000680,GW-018,listed,INV-000512
2026-08-01T23:59:59-04:00,EB-ITM-000682,GW-021,listed,INV-000513
2026-08-01T23:59:59-04:00,EB-ITM-000684,GW-016,listed,INV-000514
2026-08-01T23:59:59-04:00,EB-ITM-000685,GW-001,listed,INV-000515
2026-08-01T23:59:59-04:00,EB-ITM-000686,GW-003,listed,INV-000516
2026-08-01T23:59:59-04:00,EB-ITM-000687,GW-007,listed,INV-000517
2026-08-01T23:59:59-04:00,EB-ITM-000689,GW-011,listed,INV-000518
2026-08-01T23:59:59-04:00,EB-ITM-000691,GW-010,listed,INV-000519
2026-08-01T23:59:59-04:00,EB-ITM-000692,GW-017,listed,INV-000520
2026-08-01T23:59:59-04:00,EB-ITM-000693,GW-001,listed,INV-000521
2026-08-01T23:59:59-04:00,EB-ITM-000696,GW-006,listed,INV-000522
2026-08-01T23:59:59-04:00,EB-ITM-000697,GW-005,listed,INV-000523
2026-08-01T23:59:59-04:00,EB-ITM-000699,GW-010,listed,INV-000524
2026-08-01T23:59:59-04:00,EB-ITM-000700,GW-017,listed,INV-000525
2026-08-01T23:59:59-04:00,EB-ITM-000702,GW-011,listed,INV-000526
2026-08-01T23:59:59-04:00,EB-ITM-000703,GW-013,listed,INV-000527
2026-08-01T23:59:59-04:00,EB-ITM-000704,GW-022,awaiting_photography,INV-000528
2026-08-01T23:59:59-04:00,EB-ITM-000706,GW-020,listed,INV-000529
2026-08-01T23:59:59-04:00,EB-ITM-000707,GW-004,listed,INV-000530
2026-08-01T23:59:59-04:00,EB-ITM-000708,GW-002,listed,INV-000531
2026-08-01T23:59:59-04:00,EB-ITM-000709,GW-024,listed,INV-000532
2026-08-01T23:59:59-04:00,EB-ITM-000711,GW-001,awaiting_inspection,INV-000533
2026-08-01T23:59:59-04:00,EB-ITM-000712,GW-006,listed,INV-000534
2026-08-01T23:59:59-04:00,EB-ITM-000713,GW-017,listed,INV-000535
2026-08-01T23:59:59-04:00,EB-ITM-000714,GW-006,listed,INV-000536
2026-08-01T23:59:59-04:00,EB-ITM-000715,GW-004,listed,INV-000537
2026-08-01T23:59:59-04:00,EB-ITM-000716,GW-015,received,INV-000538
2026-08-01T23:59:59-04:00,EB-ITM-000717,GW-018,listed,INV-000539
2026-08-01T23:59:59-04:00,EB-ITM-000718,GW-004,listed,INV-000540
2026-08-01T23:59:59-04:00,EB-ITM-000719,GW-002,listed,INV-000541
2026-08-01T23:59:59-04:00,EB-ITM-000721,GW-004,awaiting_photography,INV-000542
2026-08-01T23:59:59-04:00,EB-ITM-000722,GW-012,listed,INV-000543
2026-08-01T23:59:59-04:00,EB-ITM-000724,GW-014,listed,INV-000544
2026-08-01T23:59:59-04:00,EB-ITM-000727,GW-020,listed,INV-000545
2026-08-01T23:59:59-04:00,EB-ITM-000730,GW-024,listed,INV-000546
2026-08-01T23:59:59-04:00,EB-ITM-000731,GW-016,listed,INV-000547
2026-08-01T23:59:59-04:00,EB-ITM-000732,GW-016,listed,INV-000548
2026-08-01T23:59:59-04:00,EB-ITM-000733,GW-008,listed,INV-000549
2026-08-01T23:59:59-04:00,EB-ITM-000735,GW-006,listed,INV-000550
2026-08-01T23:59:59-04:00,EB-ITM-000736,GW-021,listed,INV-000551
2026-08-01T23:59:59-04:00,EB-ITM-000737,GW-006,listed,INV-000552
2026-08-01T23:59:59-04:00,EB-ITM-000739,GW-014,listed,INV-000553
2026-08-01T23:59:59-04:00,EB-ITM-000740,GW-024,listed,INV-000554
2026-08-01T23:59:59-04:00,EB-ITM-000741,GW-004,received,INV-000555
2026-08-01T23:59:59-04:00,EB-ITM-000743,GW-015,listed,INV-000556
2026-08-01T23:59:59-04:00,EB-ITM-000744,GW-022,ready_to_list,INV-000557
2026-08-01T23:59:59-04:00,EB-ITM-000745,GW-002,awaiting_inspection,INV-000558
2026-08-01T23:59:59-04:00,EB-ITM-000746,GW-004,listed,INV-000559
2026-08-01T23:59:59-04:00,EB-ITM-000747,GW-006,listed,INV-000560
2026-08-01T23:59:59-04:00,EB-ITM-000748,GW-009,listed,INV-000561
2026-08-01T23:59:59-04:00,EB-ITM-000749,GW-017,listed,INV-000562
2026-08-01T23:59:59-04:00,EB-ITM-000750,GW-012,listed,INV-000563
2026-08-01T23:59:59-04:00,EB-ITM-000754,GW-001,awaiting_inspection,INV-000564
2026-08-01T23:59:59-04:00,EB-ITM-000755,GW-010,listed,INV-000565
2026-08-01T23:59:59-04:00,EB-ITM-000757,GW-006,listed,INV-000566
2026-08-01T23:59:59-04:00,EB-ITM-000758,GW-004,listed,INV-000567
2026-08-01T23:59:59-04:00,EB-ITM-000759,GW-022,ready_to_list,INV-000568
2026-08-01T23:59:59-04:00,EB-ITM-000760,GW-007,awaiting_photography,INV-000569
2026-08-01T23:59:59-04:00,EB-ITM-000763,GW-010,listed,INV-000570
2026-08-01T23:59:59-04:00,EB-ITM-000764,GW-002,listed,INV-000571
2026-08-01T23:59:59-04:00,EB-ITM-000765,GW-018,listed,INV-000572
2026-08-01T23:59:59-04:00,EB-ITM-000766,GW-006,listed,INV-000573
2026-08-01T23:59:59-04:00,EB-ITM-000767,GW-024,awaiting_inspection,INV-000574
2026-08-01T23:59:59-04:00,EB-ITM-000770,GW-008,listed,INV-000575
2026-08-01T23:59:59-04:00,EB-ITM-000771,GW-008,listed,INV-000576
2026-08-01T23:59:59-04:00,EB-ITM-000772,GW-006,ready_to_list,INV-000577
2026-08-01T23:59:59-04:00,EB-ITM-000774,GW-001,awaiting_photography,INV-000578
2026-08-01T23:59:59-04:00,EB-ITM-000775,GW-003,listed,INV-000579
2026-08-01T23:59:59-04:00,EB-ITM-000777,GW-012,received,INV-000580
2026-08-01T23:59:59-04:00,EB-ITM-000778,GW-002,received,INV-000581
2026-08-01T23:59:59-04:00,EB-ITM-000782,GW-010,listed,INV-000582
2026-08-01T23:59:59-04:00,EB-ITM-000784,GW-001,listed,INV-000583
2026-08-01T23:59:59-04:00,EB-ITM-000785,GW-017,listed,INV-000584
2026-08-01T23:59:59-04:00,EB-ITM-000787,GW-009,listed,INV-000585
2026-08-01T23:59:59-04:00,EB-ITM-000788,GW-002,received,INV-000586
2026-08-01T23:59:59-04:00,EB-ITM-000790,GW-004,listed,INV-000587
2026-08-01T23:59:59-04:00,EB-ITM-000791,GW-002,listed,INV-000588
2026-08-01T23:59:59-04:00,EB-ITM-000792,GW-017,awaiting_photography,INV-000589
2026-08-01T23:59:59-04:00,EB-ITM-000793,GW-015,listed,INV-000590
2026-08-01T23:59:59-04:00,EB-ITM-000794,GW-002,listed,INV-000591
2026-08-01T23:59:59-04:00,EB-ITM-000795,GW-017,listed,INV-000592
2026-08-01T23:59:59-04:00,EB-ITM-000797,GW-020,listed,INV-000593
2026-08-01T23:59:59-04:00,EB-ITM-000799,GW-008,listed,INV-000594
2026-08-01T23:59:59-04:00,EB-ITM-000800,GW-016,listed,INV-000595
2026-08-01T23:59:59-04:00,EB-ITM-000801,GW-006,listed,INV-000596
2026-08-01T23:59:59-04:00,EB-ITM-000802,GW-017,listed,INV-000597
2026-08-01T23:59:59-04:00,EB-ITM-000803,GW-017,listed,INV-000598
2026-08-01T23:59:59-04:00,EB-ITM-000804,GW-018,listed,INV-000599
2026-08-01T23:59:59-04:00,EB-ITM-000805,GW-007,listed,INV-000600
2026-08-01T23:59:59-04:00,EB-ITM-000806,GW-021,ready_to_list,INV-000601
2026-08-01T23:59:59-04:00,EB-ITM-000807,GW-015,awaiting_photography,INV-000602
2026-08-01T23:59:59-04:00,EB-ITM-000808,GW-004,listed,INV-000603
2026-08-01T23:59:59-04:00,EB-ITM-000809,GW-024,listed,INV-000604
2026-08-01T23:59:59-04:00,EB-ITM-000810,GW-010,listed,INV-000605
2026-08-01T23:59:59-04:00,EB-ITM-000812,GW-009,listed,INV-000606
2026-08-01T23:59:59-04:00,EB-ITM-000813,GW-016,listed,INV-000607
2026-08-01T23:59:59-04:00,EB-ITM-000815,GW-004,listed,INV-000608
2026-08-01T23:59:59-04:00,EB-ITM-000816,GW-012,listed,INV-000609
2026-08-01T23:59:59-04:00,EB-ITM-000817,GW-017,listed,INV-000610
2026-08-01T23:59:59-04:00,EB-ITM-000818,GW-023,listed,INV-000611
2026-08-01T23:59:59-04:00,EB-ITM-000819,GW-017,listed,INV-000612
2026-08-01T23:59:59-04:00,EB-ITM-000820,GW-001,listed,INV-000613
2026-08-01T23:59:59-04:00,EB-ITM-000822,GW-018,awaiting_photography,INV-000614
2026-08-01T23:59:59-04:00,EB-ITM-000824,GW-001,listed,INV-000615
2026-08-01T23:59:59-04:00,EB-ITM-000825,GW-007,listed,INV-000616
2026-08-01T23:59:59-04:00,EB-ITM-000826,GW-020,awaiting_photography,INV-000617
2026-08-01T23:59:59-04:00,EB-ITM-000827,GW-016,awaiting_inspection,INV-000618
2026-08-01T23:59:59-04:00,EB-ITM-000828,GW-009,listed,INV-000619
2026-08-01T23:59:59-04:00,EB-ITM-000829,GW-014,listed,INV-000620
2026-08-01T23:59:59-04:00,EB-ITM-000830,GW-017,listed,INV-000621
2026-08-01T23:59:59-04:00,EB-ITM-000831,GW-022,listed,INV-000622
2026-08-01T23:59:59-04:00,EB-ITM-000832,GW-012,listed,INV-000623
2026-08-01T23:59:59-04:00,EB-ITM-000834,GW-008,awaiting_photography,INV-000624
2026-08-01T23:59:59-04:00,EB-ITM-000836,GW-024,listed,INV-000625
2026-08-01T23:59:59-04:00,EB-ITM-000837,GW-024,listed,INV-000626
2026-08-01T23:59:59-04:00,EB-ITM-000838,GW-012,listed,INV-000627
2026-08-01T23:59:59-04:00,EB-ITM-000839,GW-013,listed,INV-000628
2026-08-01T23:59:59-04:00,EB-ITM-000840,GW-024,awaiting_photography,INV-000629
2026-08-01T23:59:59-04:00,EB-ITM-000841,GW-007,listed,INV-000630
2026-08-01T23:59:59-04:00,EB-ITM-000843,GW-009,listed,INV-000631
2026-08-01T23:59:59-04:00,EB-ITM-000844,GW-008,listed,INV-000632
2026-08-01T23:59:59-04:00,EB-ITM-000845,GW-017,listed,INV-000633
2026-08-01T23:59:59-04:00,EB-ITM-000848,GW-024,listed,INV-000634
2026-08-01T23:59:59-04:00,EB-ITM-000849,GW-002,listed,INV-000635
2026-08-01T23:59:59-04:00,EB-ITM-000850,GW-009,listed,INV-000636
2026-08-01T23:59:59-04:00,EB-ITM-000851,GW-005,listed,INV-000637
2026-08-01T23:59:59-04:00,EB-ITM-000853,GW-024,listed,INV-000638
2026-08-01T23:59:59-04:00,EB-ITM-000854,GW-017,listed,INV-000639
2026-08-01T23:59:59-04:00,EB-ITM-000856,GW-004,listed,INV-000640
2026-08-01T23:59:59-04:00,EB-ITM-000857,GW-024,listed,INV-000641
2026-08-01T23:59:59-04:00,EB-ITM-000859,GW-002,listed,INV-000642
2026-08-01T23:59:59-04:00,EB-ITM-000860,GW-001,listed,INV-000643
2026-08-01T23:59:59-04:00,EB-ITM-000863,GW-003,listed,INV-000644
2026-08-01T23:59:59-04:00,EB-ITM-000864,GW-020,listed,INV-000645
2026-08-01T23:59:59-04:00,EB-ITM-000865,GW-023,listed,INV-000646
2026-08-01T23:59:59-04:00,EB-ITM-000866,GW-020,listed,INV-000647
2026-08-01T23:59:59-04:00,EB-ITM-000867,GW-016,listed,INV-000648
2026-08-01T23:59:59-04:00,EB-ITM-000868,GW-013,listed,INV-000649
2026-08-01T23:59:59-04:00,EB-ITM-000869,GW-004,listed,INV-000650
2026-08-01T23:59:59-04:00,EB-ITM-000871,GW-008,listed,INV-000651
2026-08-01T23:59:59-04:00,EB-ITM-000873,GW-002,listed,INV-000652
2026-08-01T23:59:59-04:00,EB-ITM-000875,GW-011,listed,INV-000653
2026-08-01T23:59:59-04:00,EB-ITM-000876,GW-023,listed,INV-000654
2026-08-01T23:59:59-04:00,EB-ITM-000877,GW-022,listed,INV-000655
2026-08-01T23:59:59-04:00,EB-ITM-000878,GW-004,listed,INV-000656
2026-08-01T23:59:59-04:00,EB-ITM-000879,GW-009,awaiting_photography,INV-000657
2026-08-01T23:59:59-04:00,EB-ITM-000880,GW-005,listed,INV-000658
2026-08-01T23:59:59-04:00,EB-ITM-000881,GW-020,listed,INV-000659
2026-08-01T23:59:59-04:00,EB-ITM-000882,GW-024,listed,INV-000660
2026-08-01T23:59:59-04:00,EB-ITM-000886,GW-013,listed,INV-000661
2026-08-01T23:59:59-04:00,EB-ITM-000887,GW-003,listed,INV-000662
2026-08-01T23:59:59-04:00,EB-ITM-000888,GW-016,awaiting_photography,INV-000663
2026-08-01T23:59:59-04:00,EB-ITM-000890,GW-020,listed,INV-000664
2026-08-01T23:59:59-04:00,EB-ITM-000891,GW-007,listed,INV-000665
2026-08-01T23:59:59-04:00,EB-ITM-000892,GW-006,listed,INV-000666
2026-08-01T23:59:59-04:00,EB-ITM-000893,GW-004,listed,INV-000667
2026-08-01T23:59:59-04:00,EB-ITM-000894,GW-024,awaiting_inspection,INV-000668
2026-08-01T23:59:59-04:00,EB-ITM-000895,GW-008,listed,INV-000669
2026-08-01T23:59:59-04:00,EB-ITM-000896,GW-004,awaiting_photography,INV-000670
2026-08-01T23:59:59-04:00,EB-ITM-000898,GW-016,listed,INV-000671
2026-08-01T23:59:59-04:00,EB-ITM-000899,GW-024,listed,INV-000672
2026-08-01T23:59:59-04:00,EB-UNSOLD-000015,GW-004,awaiting_photography,INV-000673
2026-08-01T23:59:59-04:00,EB-UNSOLD-000046,GW-013,awaiting_photography,INV-000674
2026-08-01T23:59:59-04:00,EB-UNSOLD-000078,GW-012,received,INV-000675
2026-08-01T23:59:59-04:00,EB-UNSOLD-000103,GW-016,ready_to_list,INV-000676
2026-08-01T23:59:59-04:00,EB-UNSOLD-000117,GW-020,listed,INV-000677
2026-08-01T23:59:59-04:00,EB-UNSOLD-000118,GW-004,awaiting_photography,INV-000678
2026-08-01T23:59:59-04:00,EB-UNSOLD-000120,GW-006,awaiting_photography,INV-000679
2026-08-01T23:59:59-04:00,EB-UNSOLD-000121,GW-022,awaiting_inspection,INV-000680
2026-08-01T23:59:59-04:00,EB-UNSOLD-000123,GW-021,ready_to_list,INV-000681
2026-08-01T23:59:59-04:00,EB-UNSOLD-000127,GW-014,received,INV-000682
2026-08-01T23:59:59-04:00,EB-UNSOLD-000134,GW-022,awaiting_inspection,INV-000683
2026-08-01T23:59:59-04:00,EB-UNSOLD-000171,GW-001,awaiting_photography,INV-000684
2026-08-01T23:59:59-04:00,EB-UNSOLD-000173,GW-008,ready_to_list,INV-000685
2026-08-01T23:59:59-04:00,EB-UNSOLD-000177,GW-016,ready_to_list,INV-000686
2026-08-01T23:59:59-04:00,EB-UNSOLD-000178,GW-017,listed,INV-000687
2026-08-01T23:59:59-04:00,EB-UNSOLD-000186,GW-002,ready_to_list,INV-000688
2026-08-01T23:59:59-04:00,EB-UNSOLD-000190,GW-008,ready_to_list,INV-000689
2026-08-01T23:59:59-04:00,EB-UNSOLD-000196,GW-013,awaiting_photography,INV-000690
2026-08-01T23:59:59-04:00,EB-UNSOLD-000203,GW-009,received,INV-000691
2026-08-01T23:59:59-04:00,EB-UNSOLD-000205,GW-021,received,INV-000692
2026-08-01T23:59:59-04:00,EB-UNSOLD-000217,GW-023,received,INV-000693
2026-08-01T23:59:59-04:00,EB-UNSOLD-000222,GW-012,awaiting_photography,INV-000694
2026-08-01T23:59:59-04:00,EB-UNSOLD-000224,GW-020,ready_to_list,INV-000695
2026-08-01T23:59:59-04:00,EB-UNSOLD-000226,GW-007,listed,INV-000696
2026-08-01T23:59:59-04:00,EB-UNSOLD-000240,GW-020,received,INV-000697
2026-08-01T23:59:59-04:00,EB-UNSOLD-000245,GW-005,ready_to_list,INV-000698
2026-08-01T23:59:59-04:00,EB-UNSOLD-000253,GW-012,ready_to_list,INV-000699
2026-08-01T23:59:59-04:00,EB-UNSOLD-000271,GW-008,awaiting_photography,INV-000700
2026-08-01T23:59:59-04:00,EB-UNSOLD-000294,GW-010,ready_to_list,INV-000701
2026-08-01T23:59:59-04:00,EB-UNSOLD-000310,GW-024,ready_to_list,INV-000702
2026-08-01T23:59:59-04:00,EB-UNSOLD-000317,GW-007,received,INV-000703
2026-08-01T23:59:59-04:00,EB-UNSOLD-000318,GW-004,ready_to_list,INV-000704
2026-08-01T23:59:59-04:00,EB-UNSOLD-000320,GW-006,listed,INV-000705
2026-08-01T23:59:59-04:00,EB-UNSOLD-000327,GW-004,ready_to_list,INV-000706
2026-08-01T23:59:59-04:00,EB-UNSOLD-000332,GW-020,awaiting_photography,INV-000707
2026-08-01T23:59:59-04:00,EB-UNSOLD-000333,GW-004,listed,INV-000708
2026-08-01T23:59:59-04:00,EB-UNSOLD-000334,GW-002,received,INV-000709
2026-08-01T23:59:59-04:00,EB-UNSOLD-000338,GW-024,awaiting_photography,INV-000710
2026-08-01T23:59:59-04:00,EB-UNSOLD-000339,GW-024,ready_to_list,INV-000711
2026-08-01T23:59:59-04:00,EB-UNSOLD-000343,GW-016,awaiting_photography,INV-000712
2026-08-01T23:59:59-04:00,EB-UNSOLD-000361,GW-006,listed,INV-000713
2026-08-01T23:59:59-04:00,EB-UNSOLD-000363,GW-014,listed,INV-000714
2026-08-01T23:59:59-04:00,EB-UNSOLD-000365,GW-018,awaiting_photography,INV-000715
2026-08-01T23:59:59-04:00,EB-UNSOLD-000380,GW-018,awaiting_inspection,INV-000716
2026-08-01T23:59:59-04:00,EB-UNSOLD-000397,GW-020,awaiting_photography,INV-000717
2026-08-01T23:59:59-04:00,EB-UNSOLD-000404,GW-010,received,INV-000718
2026-08-01T23:59:59-04:00,EB-UNSOLD-000405,GW-013,listed,INV-000719
2026-08-01T23:59:59-04:00,EB-UNSOLD-000414,GW-004,awaiting_photography,INV-000720
2026-08-01T23:59:59-04:00,EB-UNSOLD-000435,GW-024,awaiting_inspection,INV-000721
2026-08-01T23:59:59-04:00,EB-UNSOLD-000439,GW-020,ready_to_list,INV-000722
2026-08-01T23:59:59-04:00,EB-UNSOLD-000449,GW-014,ready_to_list,INV-000723
2026-08-01T23:59:59-04:00,EB-UNSOLD-000451,GW-020,received,INV-000724
2026-08-01T23:59:59-04:00,EB-UNSOLD-000460,GW-016,ready_to_list,INV-000725
2026-08-01T23:59:59-04:00,EB-UNSOLD-000466,GW-001,received,INV-000726
2026-08-01T23:59:59-04:00,EB-UNSOLD-000471,GW-013,awaiting_photography,INV-000727
2026-08-01T23:59:59-04:00,EB-UNSOLD-000476,GW-018,listed,INV-000728
2026-08-01T23:59:59-04:00,EB-UNSOLD-000479,GW-010,awaiting_photography,INV-000729
2026-08-01T23:59:59-04:00,EB-UNSOLD-000493,GW-018,listed,INV-000730
2026-08-01T23:59:59-04:00,EB-UNSOLD-000496,GW-004,awaiting_photography,INV-000731
2026-08-01T23:59:59-04:00,EB-UNSOLD-000521,GW-002,awaiting_photography,INV-000732
2026-08-01T23:59:59-04:00,EB-UNSOLD-000525,GW-014,ready_to_list,INV-000733
2026-08-01T23:59:59-04:00,EB-UNSOLD-000535,GW-017,ready_to_list,INV-000734
2026-08-01T23:59:59-04:00,EB-UNSOLD-000540,GW-017,awaiting_inspection,INV-000735
2026-08-01T23:59:59-04:00,EB-UNSOLD-000547,GW-017,received,INV-000736
2026-08-01T23:59:59-04:00,EB-UNSOLD-000561,GW-008,awaiting_photography,INV-000737
2026-08-01T23:59:59-04:00,EB-UNSOLD-000572,GW-009,ready_to_list,INV-000738
2026-08-01T23:59:59-04:00,EB-UNSOLD-000577,GW-001,awaiting_inspection,INV-000739
2026-08-01T23:59:59-04:00,EB-UNSOLD-000578,GW-021,ready_to_list,INV-000740
2026-08-01T23:59:59-04:00,EB-UNSOLD-000581,GW-012,listed,INV-000741
2026-08-01T23:59:59-04:00,EB-UNSOLD-000584,GW-023,awaiting_inspection,INV-000742
2026-08-01T23:59:59-04:00,EB-UNSOLD-000594,GW-023,awaiting_photography,INV-000743
2026-08-01T23:59:59-04:00,EB-UNSOLD-000600,GW-016,awaiting_inspection,INV-000744
2026-08-01T23:59:59-04:00,EB-UNSOLD-000603,GW-002,ready_to_list,INV-000745
2026-08-01T23:59:59-04:00,EB-UNSOLD-000604,GW-005,awaiting_inspection,INV-000746
2026-08-01T23:59:59-04:00,EB-UNSOLD-000612,GW-013,ready_to_list,INV-000747
2026-08-01T23:59:59-04:00,EB-UNSOLD-000614,GW-001,awaiting_photography,INV-000748
2026-08-01T23:59:59-04:00,EB-UNSOLD-000616,GW-022,ready_to_list,INV-000749
2026-08-01T23:59:59-04:00,EB-UNSOLD-000620,GW-002,listed,INV-000750
2026-08-01T23:59:59-04:00,EB-UNSOLD-000621,GW-008,received,INV-000751
2026-08-01T23:59:59-04:00,EB-UNSOLD-000624,GW-018,awaiting_photography,INV-000752
2026-08-01T23:59:59-04:00,EB-UNSOLD-000667,GW-012,ready_to_list,INV-000753
2026-08-01T23:59:59-04:00,EB-UNSOLD-000668,GW-009,awaiting_inspection,INV-000754
2026-08-01T23:59:59-04:00,EB-UNSOLD-000680,GW-005,listed,INV-000755
2026-08-01T23:59:59-04:00,EB-UNSOLD-000683,GW-004,received,INV-000756
2026-08-01T23:59:59-04:00,EB-UNSOLD-000685,GW-004,awaiting_inspection,INV-000757
2026-08-01T23:59:59-04:00,EB-UNSOLD-000689,GW-013,received,INV-000758
2026-08-01T23:59:59-04:00,EB-UNSOLD-000692,GW-018,received,INV-000759
2026-08-01T23:59:59-04:00,EB-UNSOLD-000707,GW-009,awaiting_photography,INV-000760
2026-08-01T23:59:59-04:00,EB-UNSOLD-000718,GW-016,listed,INV-000761
2026-08-01T23:59:59-04:00,EB-UNSOLD-000731,GW-017,ready_to_list,INV-000762
2026-08-01T23:59:59-04:00,EB-UNSOLD-000732,GW-005,awaiting_photography,INV-000763
2026-08-01T23:59:59-04:00,EB-UNSOLD-000737,GW-005,listed,INV-000764
2026-08-01T23:59:59-04:00,EB-UNSOLD-000740,GW-002,awaiting_inspection,INV-000765
2026-08-01T23:59:59-04:00,EB-UNSOLD-000762,GW-009,awaiting_photography,INV-000766
2026-08-01T23:59:59-04:00,EB-UNSOLD-000763,GW-012,awaiting_inspection,INV-000767
2026-08-01T23:59:59-04:00,EB-UNSOLD-000766,GW-002,ready_to_list,INV-000768
2026-08-01T23:59:59-04:00,EB-UNSOLD-000770,GW-011,received,INV-000769
2026-08-01T23:59:59-04:00,EB-UNSOLD-000787,GW-018,awaiting_photography,INV-000770
2026-08-01T23:59:59-04:00,EB-UNSOLD-000794,GW-005,listed,INV-000771
2026-08-01T23:59:59-04:00,EB-UNSOLD-000803,GW-020,ready_to_list,INV-000772
2026-08-01T23:59:59-04:00,EB-UNSOLD-000805,GW-007,ready_to_list,INV-000773
2026-08-01T23:59:59-04:00,EB-UNSOLD-000809,GW-006,ready_to_list,INV-000774
2026-08-01T23:59:59-04:00,EB-UNSOLD-000821,GW-020,ready_to_list,INV-000775
2026-08-01T23:59:59-04:00,EB-UNSOLD-000832,GW-024,listed,INV-000776
2026-08-01T23:59:59-04:00,EB-UNSOLD-000837,GW-005,listed,INV-000777
2026-08-01T23:59:59-04:00,EB-UNSOLD-000838,GW-003,awaiting_inspection,INV-000778
2026-08-01T23:59:59-04:00,EB-UNSOLD-000849,GW-008,ready_to_list,INV-000779
2026-08-01T23:59:59-04:00,EB-UNSOLD-000879,GW-019,awaiting_inspection,INV-000780
2026-08-01T23:59:59-04:00,EB-UNSOLD-000894,GW-008,awaiting_photography,INV-000781
2026-08-01T23:59:59-04:00,EB-UNSOLD-000902,GW-012,awaiting_photography,INV-000782
2026-08-01T23:59:59-04:00,EB-UNSOLD-000917,GW-020,ready_to_list,INV-000783
2026-08-01T23:59:59-04:00,EB-UNSOLD-000924,GW-016,ready_to_list,INV-000784
2026-08-01T23:59:59-04:00,EB-UNSOLD-000926,GW-008,ready_to_list,INV-000785
2026-08-01T23:59:59-04:00,EB-UNSOLD-000929,GW-002,ready_to_list,INV-000786
2026-08-01T23:59:59-04:00,EB-UNSOLD-000931,GW-008,ready_to_list,INV-000787
2026-08-01T23:59:59-04:00,EB-UNSOLD-000936,GW-001,ready_to_list,INV-000788
2026-08-01T23:59:59-04:00,EB-UNSOLD-000938,GW-020,ready_to_list,INV-000789
2026-08-01T23:59:59-04:00,EB-UNSOLD-000942,GW-024,ready_to_list,INV-000790
2026-08-01T23:59:59-04:00,EB-UNSOLD-000956,GW-001,received,INV-000791
2026-08-01T23:59:59-04:00,EB-UNSOLD-000964,GW-011,awaiting_photography,INV-000792
2026-08-01T23:59:59-04:00,EB-UNSOLD-000976,GW-002,ready_to_list,INV-000793
2026-08-01T23:59:59-04:00,EB-UNSOLD-000980,GW-014,ready_to_list,INV-000794
2026-08-01T23:59:59-04:00,EB-UNSOLD-000984,GW-008,ready_to_list,INV-000795
2026-08-01T23:59:59-04:00,EB-UNSOLD-001004,GW-009,awaiting_photography,INV-000796
2026-08-01T23:59:59-04:00,EB-UNSOLD-001005,GW-005,ready_to_list,INV-000797
2026-08-01T23:59:59-04:00,EB-UNSOLD-001006,GW-018,awaiting_photography,INV-000798
2026-08-01T23:59:59-04:00,EB-UNSOLD-001007,GW-021,listed,INV-000799
2026-08-01T23:59:59-04:00,EB-UNSOLD-001016,GW-024,awaiting_photography,INV-000800
2026-08-01T23:59:59-04:00,EB-UNSOLD-001031,GW-011,ready_to_list,INV-000801
2026-08-01T23:59:59-04:00,EB-UNSOLD-001034,GW-023,listed,INV-000802
2026-08-01T23:59:59-04:00,EB-UNSOLD-001057,GW-016,listed,INV-000803
2026-08-01T23:59:59-04:00,EB-UNSOLD-001060,GW-012,awaiting_photography,INV-000804
2026-08-01T23:59:59-04:00,EB-UNSOLD-001067,GW-006,awaiting_photography,INV-000805
2026-08-01T23:59:59-04:00,EB-UNSOLD-001091,GW-024,awaiting_photography,INV-000806
2026-08-01T23:59:59-04:00,EB-UNSOLD-001099,GW-004,listed,INV-000807
2026-08-01T23:59:59-04:00,EB-UNSOLD-001115,GW-008,listed,INV-000808
2026-08-01T23:59:59-04:00,EB-UNSOLD-001120,GW-011,received,INV-000809
2026-08-01T23:59:59-04:00,EB-UNSOLD-001128,GW-017,awaiting_photography,INV-000810
2026-08-01T23:59:59-04:00,EB-UNSOLD-001148,GW-022,ready_to_list,INV-000811
2026-08-01T23:59:59-04:00,EB-UNSOLD-001160,GW-017,ready_to_list,INV-000812
2026-08-01T23:59:59-04:00,EB-UNSOLD-001161,GW-024,listed,INV-000813
2026-08-01T23:59:59-04:00,EB-UNSOLD-001162,GW-008,ready_to_list,INV-000814
2026-08-01T23:59:59-04:00,EB-UNSOLD-001172,GW-012,listed,INV-000815
2026-08-01T23:59:59-04:00,EB-UNSOLD-001177,GW-020,awaiting_photography,INV-000816
2026-08-01T23:59:59-04:00,EB-UNSOLD-001190,GW-017,awaiting_photography,INV-000817
2026-08-01T23:59:59-04:00,SGW-ITM-000001,GW-024,listed,INV-000818
2026-08-01T23:59:59-04:00,SGW-ITM-000003,GW-009,listed,INV-000819
2026-08-01T23:59:59-04:00,SGW-ITM-000005,GW-003,listed,INV-000820
2026-08-01T23:59:59-04:00,SGW-ITM-000006,GW-006,listed,INV-000821
2026-08-01T23:59:59-04:00,SGW-ITM-000007,GW-006,listed,INV-000822
2026-08-01T23:59:59-04:00,SGW-ITM-000008,GW-004,listed,INV-000823
2026-08-01T23:59:59-04:00,SGW-ITM-000009,GW-012,listed,INV-000824
2026-08-01T23:59:59-04:00,SGW-ITM-000010,GW-014,listed,INV-000825
2026-08-01T23:59:59-04:00,SGW-ITM-000011,GW-002,listed,INV-000826
2026-08-01T23:59:59-04:00,SGW-ITM-000012,GW-012,listed,INV-000827
2026-08-01T23:59:59-04:00,SGW-ITM-000013,GW-008,listed,INV-000828
2026-08-01T23:59:59-04:00,SGW-ITM-000014,GW-005,listed,INV-000829
2026-08-01T23:59:59-04:00,SGW-ITM-000015,GW-014,listed,INV-000830
2026-08-01T23:59:59-04:00,SGW-ITM-000019,GW-007,listed,INV-000831
2026-08-01T23:59:59-04:00,SGW-ITM-000021,GW-008,listed,INV-000832
2026-08-01T23:59:59-04:00,SGW-ITM-000022,GW-017,awaiting_inspection,INV-000833
2026-08-01T23:59:59-04:00,SGW-ITM-000023,GW-002,listed,INV-000834
2026-08-01T23:59:59-04:00,SGW-ITM-000025,GW-016,listed,INV-000835
2026-08-01T23:59:59-04:00,SGW-ITM-000027,GW-018,listed,INV-000836
2026-08-01T23:59:59-04:00,SGW-ITM-000028,GW-007,listed,INV-000837
2026-08-01T23:59:59-04:00,SGW-ITM-000029,GW-021,ready_to_list,INV-000838
2026-08-01T23:59:59-04:00,SGW-ITM-000030,GW-005,listed,INV-000839
2026-08-01T23:59:59-04:00,SGW-ITM-000031,GW-002,listed,INV-000840
2026-08-01T23:59:59-04:00,SGW-ITM-000033,GW-012,listed,INV-000841
2026-08-01T23:59:59-04:00,SGW-ITM-000034,GW-002,listed,INV-000842
2026-08-01T23:59:59-04:00,SGW-ITM-000035,GW-009,listed,INV-000843
2026-08-01T23:59:59-04:00,SGW-ITM-000036,GW-017,awaiting_inspection,INV-000844
2026-08-01T23:59:59-04:00,SGW-ITM-000039,GW-013,listed,INV-000845
2026-08-01T23:59:59-04:00,SGW-ITM-000040,GW-001,listed,INV-000846
2026-08-01T23:59:59-04:00,SGW-ITM-000044,GW-009,listed,INV-000847
2026-08-01T23:59:59-04:00,SGW-ITM-000045,GW-017,listed,INV-000848
2026-08-01T23:59:59-04:00,SGW-ITM-000046,GW-004,listed,INV-000849
2026-08-01T23:59:59-04:00,SGW-ITM-000047,GW-008,ready_to_list,INV-000850
2026-08-01T23:59:59-04:00,SGW-ITM-000049,GW-004,listed,INV-000851
2026-08-01T23:59:59-04:00,SGW-ITM-000050,GW-015,listed,INV-000852
2026-08-01T23:59:59-04:00,SGW-ITM-000052,GW-014,awaiting_inspection,INV-000853
2026-08-01T23:59:59-04:00,SGW-ITM-000053,GW-005,listed,INV-000854
2026-08-01T23:59:59-04:00,SGW-ITM-000054,GW-005,listed,INV-000855
2026-08-01T23:59:59-04:00,SGW-ITM-000055,GW-007,listed,INV-000856
2026-08-01T23:59:59-04:00,SGW-ITM-000056,GW-017,listed,INV-000857
2026-08-01T23:59:59-04:00,SGW-ITM-000057,GW-017,listed,INV-000858
2026-08-01T23:59:59-04:00,SGW-ITM-000058,GW-010,listed,INV-000859
2026-08-01T23:59:59-04:00,SGW-ITM-000059,GW-020,listed,INV-000860
2026-08-01T23:59:59-04:00,SGW-ITM-000060,GW-009,received,INV-000861
2026-08-01T23:59:59-04:00,SGW-ITM-000061,GW-005,listed,INV-000862
2026-08-01T23:59:59-04:00,SGW-ITM-000062,GW-015,listed,INV-000863
2026-08-01T23:59:59-04:00,SGW-ITM-000063,GW-014,listed,INV-000864
2026-08-01T23:59:59-04:00,SGW-ITM-000065,GW-020,awaiting_photography,INV-000865
2026-08-01T23:59:59-04:00,SGW-ITM-000068,GW-009,awaiting_photography,INV-000866
2026-08-01T23:59:59-04:00,SGW-ITM-000070,GW-017,listed,INV-000867
2026-08-01T23:59:59-04:00,SGW-ITM-000071,GW-003,listed,INV-000868
2026-08-01T23:59:59-04:00,SGW-ITM-000072,GW-017,awaiting_photography,INV-000869
2026-08-01T23:59:59-04:00,SGW-ITM-000073,GW-008,listed,INV-000870
2026-08-01T23:59:59-04:00,SGW-ITM-000075,GW-020,listed,INV-000871
2026-08-01T23:59:59-04:00,SGW-ITM-000076,GW-005,listed,INV-000872
2026-08-01T23:59:59-04:00,SGW-ITM-000077,GW-002,listed,INV-000873
2026-08-01T23:59:59-04:00,SGW-ITM-000078,GW-016,awaiting_inspection,INV-000874
2026-08-01T23:59:59-04:00,SGW-ITM-000079,GW-024,listed,INV-000875
2026-08-01T23:59:59-04:00,SGW-ITM-000080,GW-024,listed,INV-000876
2026-08-01T23:59:59-04:00,SGW-ITM-000081,GW-019,listed,INV-000877
2026-08-01T23:59:59-04:00,SGW-ITM-000082,GW-009,listed,INV-000878
2026-08-01T23:59:59-04:00,SGW-ITM-000083,GW-004,listed,INV-000879
2026-08-01T23:59:59-04:00,SGW-ITM-000084,GW-010,listed,INV-000880
2026-08-01T23:59:59-04:00,SGW-ITM-000085,GW-009,listed,INV-000881
2026-08-01T23:59:59-04:00,SGW-ITM-000086,GW-012,listed,INV-000882
2026-08-01T23:59:59-04:00,SGW-ITM-000087,GW-018,listed,INV-000883
2026-08-01T23:59:59-04:00,SGW-ITM-000088,GW-017,listed,INV-000884
2026-08-01T23:59:59-04:00,SGW-ITM-000089,GW-009,listed,INV-000885
2026-08-01T23:59:59-04:00,SGW-ITM-000090,GW-011,listed,INV-000886
2026-08-01T23:59:59-04:00,SGW-ITM-000091,GW-010,listed,INV-000887
2026-08-01T23:59:59-04:00,SGW-ITM-000092,GW-015,listed,INV-000888
2026-08-01T23:59:59-04:00,SGW-ITM-000093,GW-001,listed,INV-000889
2026-08-01T23:59:59-04:00,SGW-ITM-000094,GW-015,awaiting_inspection,INV-000890
2026-08-01T23:59:59-04:00,SGW-ITM-000095,GW-008,listed,INV-000891
2026-08-01T23:59:59-04:00,SGW-ITM-000096,GW-004,listed,INV-000892
2026-08-01T23:59:59-04:00,SGW-ITM-000097,GW-001,listed,INV-000893
2026-08-01T23:59:59-04:00,SGW-ITM-000099,GW-012,listed,INV-000894
2026-08-01T23:59:59-04:00,SGW-ITM-000102,GW-016,listed,INV-000895
2026-08-01T23:59:59-04:00,SGW-ITM-000103,GW-021,listed,INV-000896
2026-08-01T23:59:59-04:00,SGW-ITM-000104,GW-013,listed,INV-000897
2026-08-01T23:59:59-04:00,SGW-ITM-000107,GW-012,awaiting_inspection,INV-000898
2026-08-01T23:59:59-04:00,SGW-ITM-000108,GW-002,ready_to_list,INV-000899
2026-08-01T23:59:59-04:00,SGW-ITM-000109,GW-023,listed,INV-000900
2026-08-01T23:59:59-04:00,SGW-ITM-000110,GW-009,listed,INV-000901
2026-08-01T23:59:59-04:00,SGW-ITM-000112,GW-009,ready_to_list,INV-000902
2026-08-01T23:59:59-04:00,SGW-ITM-000113,GW-008,received,INV-000903
2026-08-01T23:59:59-04:00,SGW-ITM-000115,GW-012,awaiting_inspection,INV-000904
2026-08-01T23:59:59-04:00,SGW-ITM-000116,GW-018,listed,INV-000905
2026-08-01T23:59:59-04:00,SGW-ITM-000117,GW-014,awaiting_photography,INV-000906
2026-08-01T23:59:59-04:00,SGW-ITM-000118,GW-005,listed,INV-000907
2026-08-01T23:59:59-04:00,SGW-ITM-000119,GW-004,listed,INV-000908
2026-08-01T23:59:59-04:00,SGW-ITM-000122,GW-022,listed,INV-000909
2026-08-01T23:59:59-04:00,SGW-ITM-000123,GW-018,listed,INV-000910
2026-08-01T23:59:59-04:00,SGW-ITM-000127,GW-018,listed,INV-000911
2026-08-01T23:59:59-04:00,SGW-ITM-000128,GW-003,listed,INV-000912
2026-08-01T23:59:59-04:00,SGW-ITM-000129,GW-024,listed,INV-000913
2026-08-01T23:59:59-04:00,SGW-ITM-000132,GW-016,ready_to_list,INV-000914
2026-08-01T23:59:59-04:00,SGW-ITM-000133,GW-011,listed,INV-000915
2026-08-01T23:59:59-04:00,SGW-ITM-000134,GW-016,received,INV-000916
2026-08-01T23:59:59-04:00,SGW-ITM-000136,GW-022,listed,INV-000917
2026-08-01T23:59:59-04:00,SGW-ITM-000137,GW-012,listed,INV-000918
2026-08-01T23:59:59-04:00,SGW-ITM-000138,GW-024,listed,INV-000919
2026-08-01T23:59:59-04:00,SGW-ITM-000140,GW-009,listed,INV-000920
2026-08-01T23:59:59-04:00,SGW-ITM-000142,GW-001,listed,INV-000921
2026-08-01T23:59:59-04:00,SGW-ITM-000143,GW-007,awaiting_inspection,INV-000922
2026-08-01T23:59:59-04:00,SGW-ITM-000144,GW-020,awaiting_inspection,INV-000923
2026-08-01T23:59:59-04:00,SGW-ITM-000147,GW-015,listed,INV-000924
2026-08-01T23:59:59-04:00,SGW-ITM-000148,GW-020,ready_to_list,INV-000925
2026-08-01T23:59:59-04:00,SGW-ITM-000149,GW-012,listed,INV-000926
2026-08-01T23:59:59-04:00,SGW-ITM-000150,GW-001,listed,INV-000927
2026-08-01T23:59:59-04:00,SGW-ITM-000151,GW-017,listed,INV-000928
2026-08-01T23:59:59-04:00,SGW-ITM-000152,GW-005,listed,INV-000929
2026-08-01T23:59:59-04:00,SGW-ITM-000153,GW-024,received,INV-000930
2026-08-01T23:59:59-04:00,SGW-ITM-000155,GW-004,listed,INV-000931
2026-08-01T23:59:59-04:00,SGW-ITM-000156,GW-019,listed,INV-000932
2026-08-01T23:59:59-04:00,SGW-ITM-000158,GW-016,awaiting_photography,INV-000933
2026-08-01T23:59:59-04:00,SGW-ITM-000160,GW-008,listed,INV-000934
2026-08-01T23:59:59-04:00,SGW-ITM-000164,GW-003,listed,INV-000935
2026-08-01T23:59:59-04:00,SGW-ITM-000165,GW-012,listed,INV-000936
2026-08-01T23:59:59-04:00,SGW-ITM-000166,GW-012,listed,INV-000937
2026-08-01T23:59:59-04:00,SGW-ITM-000169,GW-001,listed,INV-000938
2026-08-01T23:59:59-04:00,SGW-ITM-000171,GW-002,listed,INV-000939
2026-08-01T23:59:59-04:00,SGW-ITM-000172,GW-009,listed,INV-000940
2026-08-01T23:59:59-04:00,SGW-ITM-000173,GW-001,listed,INV-000941
2026-08-01T23:59:59-04:00,SGW-ITM-000175,GW-011,listed,INV-000942
2026-08-01T23:59:59-04:00,SGW-ITM-000176,GW-009,ready_to_list,INV-000943
2026-08-01T23:59:59-04:00,SGW-ITM-000177,GW-017,listed,INV-000944
2026-08-01T23:59:59-04:00,SGW-ITM-000179,GW-018,listed,INV-000945
2026-08-01T23:59:59-04:00,SGW-ITM-000186,GW-016,listed,INV-000946
2026-08-01T23:59:59-04:00,SGW-ITM-000189,GW-018,listed,INV-000947
2026-08-01T23:59:59-04:00,SGW-ITM-000190,GW-011,listed,INV-000948
2026-08-01T23:59:59-04:00,SGW-ITM-000192,GW-020,listed,INV-000949
2026-08-01T23:59:59-04:00,SGW-ITM-000193,GW-019,awaiting_photography,INV-000950
2026-08-01T23:59:59-04:00,SGW-ITM-000195,GW-008,listed,INV-000951
2026-08-01T23:59:59-04:00,SGW-ITM-000196,GW-015,awaiting_inspection,INV-000952
2026-08-01T23:59:59-04:00,SGW-ITM-000198,GW-016,listed,INV-000953
2026-08-01T23:59:59-04:00,SGW-ITM-000199,GW-010,listed,INV-000954
2026-08-01T23:59:59-04:00,SGW-ITM-000200,GW-021,listed,INV-000955
2026-08-01T23:59:59-04:00,SGW-ITM-000201,GW-001,listed,INV-000956
2026-08-01T23:59:59-04:00,SGW-ITM-000202,GW-021,listed,INV-000957
2026-08-01T23:59:59-04:00,SGW-ITM-000205,GW-008,listed,INV-000958
2026-08-01T23:59:59-04:00,SGW-ITM-000207,GW-010,awaiting_inspection,INV-000959
2026-08-01T23:59:59-04:00,SGW-ITM-000208,GW-002,awaiting_inspection,INV-000960
2026-08-01T23:59:59-04:00,SGW-ITM-000209,GW-007,listed,INV-000961
2026-08-01T23:59:59-04:00,SGW-ITM-000210,GW-018,listed,INV-000962
2026-08-01T23:59:59-04:00,SGW-ITM-000211,,listed,INV-000963
2026-08-01T23:59:59-04:00,SGW-ITM-000212,GW-007,listed,INV-000964
2026-08-01T23:59:59-04:00,SGW-ITM-000213,GW-018,listed,INV-000965
2026-08-01T23:59:59-04:00,SGW-ITM-000215,GW-015,listed,INV-000966
2026-08-01T23:59:59-04:00,SGW-ITM-000216,GW-009,listed,INV-000967
2026-08-01T23:59:59-04:00,SGW-ITM-000217,GW-016,awaiting_photography,INV-000968
2026-08-01T23:59:59-04:00,SGW-ITM-000218,GW-007,listed,INV-000969
2026-08-01T23:59:59-04:00,SGW-ITM-000219,GW-006,listed,INV-000970
2026-08-01T23:59:59-04:00,SGW-ITM-000220,GW-014,listed,INV-000971
2026-08-01T23:59:59-04:00,SGW-ITM-000221,GW-015,listed,INV-000972
2026-08-01T23:59:59-04:00,SGW-ITM-000222,GW-004,listed,INV-000973
2026-08-01T23:59:59-04:00,SGW-ITM-000223,GW-022,listed,INV-000974
2026-08-01T23:59:59-04:00,SGW-ITM-000224,GW-017,awaiting_photography,INV-000975
2026-08-01T23:59:59-04:00,SGW-ITM-000227,GW-012,listed,INV-000976
2026-08-01T23:59:59-04:00,SGW-ITM-000228,GW-014,listed,INV-000977
2026-08-01T23:59:59-04:00,SGW-ITM-000229,GW-011,received,INV-000978
2026-08-01T23:59:59-04:00,SGW-ITM-000230,GW-020,listed,INV-000979
2026-08-01T23:59:59-04:00,SGW-ITM-000232,GW-024,listed,INV-000980
2026-08-01T23:59:59-04:00,SGW-ITM-000233,GW-015,listed,INV-000981
2026-08-01T23:59:59-04:00,SGW-ITM-000234,GW-021,listed,INV-000982
2026-08-01T23:59:59-04:00,SGW-ITM-000236,GW-007,listed,INV-000983
2026-08-01T23:59:59-04:00,SGW-ITM-000237,GW-015,listed,INV-000984
2026-08-01T23:59:59-04:00,SGW-ITM-000238,GW-005,received,INV-000985
2026-08-01T23:59:59-04:00,SGW-ITM-000240,GW-002,received,INV-000986
2026-08-01T23:59:59-04:00,SGW-ITM-000241,GW-020,listed,INV-000987
2026-08-01T23:59:59-04:00,SGW-ITM-000242,GW-018,listed,INV-000988
2026-08-01T23:59:59-04:00,SGW-ITM-000243,GW-014,listed,INV-000989
2026-08-01T23:59:59-04:00,SGW-ITM-000244,GW-012,listed,INV-000990
2026-08-01T23:59:59-04:00,SGW-ITM-000245,GW-012,listed,INV-000991
2026-08-01T23:59:59-04:00,SGW-ITM-000246,GW-019,listed,INV-000992
2026-08-01T23:59:59-04:00,SGW-ITM-000247,GW-008,listed,INV-000993
2026-08-01T23:59:59-04:00,SGW-ITM-000248,GW-001,listed,INV-000994
2026-08-01T23:59:59-04:00,SGW-ITM-000249,GW-002,listed,INV-000995
2026-08-01T23:59:59-04:00,SGW-ITM-000250,GW-001,awaiting_photography,INV-000996
2026-08-01T23:59:59-04:00,SGW-ITM-000251,GW-010,awaiting_inspection,INV-000997
2026-08-01T23:59:59-04:00,SGW-ITM-000252,GW-016,listed,INV-000998
2026-08-01T23:59:59-04:00,SGW-ITM-000254,GW-022,listed,INV-000999
2026-08-01T23:59:59-04:00,SGW-ITM-000255,GW-007,listed,INV-001000
2026-08-01T23:59:59-04:00,SGW-ITM-000258,GW-006,listed,INV-001001
2026-08-01T23:59:59-04:00,SGW-ITM-000259,GW-005,listed,INV-001002
2026-08-01T23:59:59-04:00,SGW-ITM-000260,GW-004,listed,INV-001003
2026-08-01T23:59:59-04:00,SGW-ITM-000261,GW-018,awaiting_inspection,INV-001004
2026-08-01T23:59:59-04:00,SGW-ITM-000262,GW-003,listed,INV-001005
2026-08-01T23:59:59-04:00,SGW-ITM-000263,GW-012,awaiting_inspection,INV-001006
2026-08-01T23:59:59-04:00,SGW-ITM-000264,GW-014,listed,INV-001007
2026-08-01T23:59:59-04:00,SGW-ITM-000266,GW-017,listed,INV-001008
2026-08-01T23:59:59-04:00,SGW-ITM-000267,GW-012,listed,INV-001009
2026-08-01T23:59:59-04:00,SGW-ITM-000268,GW-004,listed,INV-001010
2026-08-01T23:59:59-04:00,SGW-ITM-000269,GW-014,listed,INV-001011
2026-08-01T23:59:59-04:00,SGW-ITM-000270,GW-020,listed,INV-001012
2026-08-01T23:59:59-04:00,SGW-ITM-000271,GW-012,awaiting_inspection,INV-001013
2026-08-01T23:59:59-04:00,SGW-ITM-000272,GW-024,listed,INV-001014
2026-08-01T23:59:59-04:00,SGW-ITM-000273,GW-023,listed,INV-001015
2026-08-01T23:59:59-04:00,SGW-ITM-000274,GW-004,listed,INV-001016
2026-08-01T23:59:59-04:00,SGW-ITM-000275,GW-009,awaiting_inspection,INV-001017
2026-08-01T23:59:59-04:00,SGW-ITM-000276,GW-022,listed,INV-001018
2026-08-01T23:59:59-04:00,SGW-ITM-000277,GW-020,listed,INV-001019
2026-08-01T23:59:59-04:00,SGW-ITM-000278,GW-004,listed,INV-001020
2026-08-01T23:59:59-04:00,SGW-ITM-000279,GW-007,listed,INV-001021
2026-08-01T23:59:59-04:00,SGW-ITM-000280,GW-011,listed,INV-001022
2026-08-01T23:59:59-04:00,SGW-ITM-000281,GW-006,listed,INV-001023
2026-08-01T23:59:59-04:00,SGW-ITM-000282,GW-005,awaiting_photography,INV-001024
2026-08-01T23:59:59-04:00,SGW-ITM-000284,GW-008,listed,INV-001025
2026-08-01T23:59:59-04:00,SGW-ITM-000285,GW-006,awaiting_photography,INV-001026
2026-08-01T23:59:59-04:00,SGW-ITM-000286,GW-020,awaiting_photography,INV-001027
2026-08-01T23:59:59-04:00,SGW-ITM-000287,GW-012,listed,INV-001028
2026-08-01T23:59:59-04:00,SGW-ITM-000288,GW-004,listed,INV-001029
2026-08-01T23:59:59-04:00,SGW-ITM-000289,GW-012,listed,INV-001030
2026-08-01T23:59:59-04:00,SGW-ITM-000290,GW-006,listed,INV-001031
2026-08-01T23:59:59-04:00,SGW-ITM-000291,GW-016,listed,INV-001032
2026-08-01T23:59:59-04:00,SGW-ITM-000292,GW-012,received,INV-001033
2026-08-01T23:59:59-04:00,SGW-ITM-000293,GW-015,listed,INV-001034
2026-08-01T23:59:59-04:00,SGW-ITM-000294,GW-017,awaiting_inspection,INV-001035
2026-08-01T23:59:59-04:00,SGW-ITM-000295,GW-016,listed,INV-001036
2026-08-01T23:59:59-04:00,SGW-ITM-000296,GW-017,listed,INV-001037
2026-08-01T23:59:59-04:00,SGW-ITM-000297,GW-008,listed,INV-001038
2026-08-01T23:59:59-04:00,SGW-ITM-000298,GW-020,listed,INV-001039
2026-08-01T23:59:59-04:00,SGW-ITM-000299,GW-012,listed,INV-001040
2026-08-01T23:59:59-04:00,SGW-ITM-000300,GW-014,listed,INV-001041
2026-08-01T23:59:59-04:00,SGW-ITM-000302,GW-020,received,INV-001042
2026-08-01T23:59:59-04:00,SGW-ITM-000304,GW-005,awaiting_inspection,INV-001043
2026-08-01T23:59:59-04:00,SGW-ITM-000305,GW-007,listed,INV-001044
2026-08-01T23:59:59-04:00,SGW-ITM-000306,GW-012,awaiting_photography,INV-001045
2026-08-01T23:59:59-04:00,SGW-ITM-000309,GW-011,ready_to_list,INV-001046
2026-08-01T23:59:59-04:00,SGW-ITM-000310,GW-012,listed,INV-001047
2026-08-01T23:59:59-04:00,SGW-ITM-000311,GW-008,listed,INV-001048
2026-08-01T23:59:59-04:00,SGW-ITM-000313,GW-008,listed,INV-001049
2026-08-01T23:59:59-04:00,SGW-ITM-000315,GW-024,listed,INV-001050
2026-08-01T23:59:59-04:00,SGW-ITM-000316,GW-015,awaiting_inspection,INV-001051
2026-08-01T23:59:59-04:00,SGW-ITM-000317,GW-002,listed,INV-001052
2026-08-01T23:59:59-04:00,SGW-ITM-000318,GW-009,listed,INV-001053
2026-08-01T23:59:59-04:00,SGW-ITM-000319,GW-024,listed,INV-001054
2026-08-01T23:59:59-04:00,SGW-ITM-000320,GW-023,listed,INV-001055
2026-08-01T23:59:59-04:00,SGW-ITM-000321,GW-001,listed,INV-001056
2026-08-01T23:59:59-04:00,SGW-ITM-000322,GW-022,listed,INV-001057
2026-08-01T23:59:59-04:00,SGW-ITM-000327,GW-002,listed,INV-001058
2026-08-01T23:59:59-04:00,SGW-ITM-000328,GW-014,listed,INV-001059
2026-08-01T23:59:59-04:00,SGW-ITM-000329,GW-014,listed,INV-001060
2026-08-01T23:59:59-04:00,SGW-ITM-000330,GW-011,listed,INV-001061
2026-08-01T23:59:59-04:00,SGW-ITM-000331,GW-022,listed,INV-001062
2026-08-01T23:59:59-04:00,SGW-ITM-000332,GW-019,listed,INV-001063
2026-08-01T23:59:59-04:00,SGW-ITM-000334,GW-014,listed,INV-001064
2026-08-01T23:59:59-04:00,SGW-ITM-000335,GW-014,awaiting_inspection,INV-001065
2026-08-01T23:59:59-04:00,SGW-ITM-000336,GW-009,listed,INV-001066
2026-08-01T23:59:59-04:00,SGW-ITM-000337,GW-022,listed,INV-001067
2026-08-01T23:59:59-04:00,SGW-ITM-000338,GW-009,listed,INV-001068
2026-08-01T23:59:59-04:00,SGW-ITM-000339,GW-015,listed,INV-001069
2026-08-01T23:59:59-04:00,SGW-ITM-000340,GW-011,listed,INV-001070
2026-08-01T23:59:59-04:00,SGW-ITM-000341,GW-014,listed,INV-001071
2026-08-01T23:59:59-04:00,SGW-ITM-000342,GW-008,listed,INV-001072
2026-08-01T23:59:59-04:00,SGW-ITM-000343,GW-010,listed,INV-001073
2026-08-01T23:59:59-04:00,SGW-ITM-000345,GW-019,received,INV-001074
2026-08-01T23:59:59-04:00,SGW-ITM-000347,GW-004,ready_to_list,INV-001075
2026-08-01T23:59:59-04:00,SGW-ITM-000349,GW-022,listed,INV-001076
2026-08-01T23:59:59-04:00,SGW-ITM-000350,GW-009,listed,INV-001077
2026-08-01T23:59:59-04:00,SGW-ITM-000352,GW-002,awaiting_photography,INV-001078
2026-08-01T23:59:59-04:00,SGW-ITM-000353,GW-014,listed,INV-001079
2026-08-01T23:59:59-04:00,SGW-ITM-000354,GW-008,awaiting_photography,INV-001080
2026-08-01T23:59:59-04:00,SGW-ITM-000356,GW-012,listed,INV-001081
2026-08-01T23:59:59-04:00,SGW-ITM-000357,GW-006,listed,INV-001082
2026-08-01T23:59:59-04:00,SGW-ITM-000358,GW-018,listed,INV-001083
2026-08-01T23:59:59-04:00,SGW-ITM-000359,GW-004,listed,INV-001084
2026-08-01T23:59:59-04:00,SGW-ITM-000361,GW-008,listed,INV-001085
2026-08-01T23:59:59-04:00,SGW-ITM-000363,GW-016,listed,INV-001086
2026-08-01T23:59:59-04:00,SGW-ITM-000364,GW-008,listed,INV-001087
2026-08-01T23:59:59-04:00,SGW-ITM-000365,GW-002,listed,INV-001088
2026-08-01T23:59:59-04:00,SGW-ITM-000366,GW-005,listed,INV-001089
2026-08-01T23:59:59-04:00,SGW-ITM-000367,GW-001,listed,INV-001090
2026-08-01T23:59:59-04:00,SGW-ITM-000368,GW-013,awaiting_inspection,INV-001091
2026-08-01T23:59:59-04:00,SGW-ITM-000369,GW-012,awaiting_photography,INV-001092
2026-08-01T23:59:59-04:00,SGW-ITM-000370,GW-012,listed,INV-001093
2026-08-01T23:59:59-04:00,SGW-ITM-000371,GW-001,listed,INV-001094
2026-08-01T23:59:59-04:00,SGW-ITM-000373,GW-014,listed,INV-001095
2026-08-01T23:59:59-04:00,SGW-ITM-000374,GW-005,listed,INV-001096
2026-08-01T23:59:59-04:00,SGW-ITM-000375,GW-023,listed,INV-001097
2026-08-01T23:59:59-04:00,SGW-ITM-000376,GW-011,listed,INV-001098
2026-08-01T23:59:59-04:00,SGW-ITM-000377,GW-021,listed,INV-001099
2026-08-01T23:59:59-04:00,SGW-ITM-000378,GW-022,listed,INV-001100
2026-08-01T23:59:59-04:00,SGW-ITM-000379,GW-001,listed,INV-001101
2026-08-01T23:59:59-04:00,SGW-ITM-000380,GW-021,listed,INV-001102
2026-08-01T23:59:59-04:00,SGW-ITM-000383,GW-009,listed,INV-001103
2026-08-01T23:59:59-04:00,SGW-ITM-000384,GW-012,listed,INV-001104
2026-08-01T23:59:59-04:00,SGW-ITM-000385,GW-004,awaiting_inspection,INV-001105
2026-08-01T23:59:59-04:00,SGW-ITM-000387,GW-018,received,INV-001106
2026-08-01T23:59:59-04:00,SGW-ITM-000388,GW-020,listed,INV-001107
2026-08-01T23:59:59-04:00,SGW-ITM-000390,GW-018,listed,INV-001108
2026-08-01T23:59:59-04:00,SGW-ITM-000391,GW-022,listed,INV-001109
2026-08-01T23:59:59-04:00,SGW-ITM-000393,GW-012,listed,INV-001110
2026-08-01T23:59:59-04:00,SGW-ITM-000394,GW-009,listed,INV-001111
2026-08-01T23:59:59-04:00,SGW-ITM-000395,GW-016,listed,INV-001112
2026-08-01T23:59:59-04:00,SGW-ITM-000396,GW-012,listed,INV-001113
2026-08-01T23:59:59-04:00,SGW-ITM-000397,GW-004,awaiting_inspection,INV-001114
2026-08-01T23:59:59-04:00,SGW-ITM-000398,GW-016,listed,INV-001115
2026-08-01T23:59:59-04:00,SGW-ITM-000399,GW-016,listed,INV-001116
2026-08-01T23:59:59-04:00,SGW-ITM-000401,GW-012,listed,INV-001117
2026-08-01T23:59:59-04:00,SGW-ITM-000402,GW-008,awaiting_photography,INV-001118
2026-08-01T23:59:59-04:00,SGW-ITM-000403,GW-016,awaiting_inspection,INV-001119
2026-08-01T23:59:59-04:00,SGW-ITM-000405,GW-011,listed,INV-001120
2026-08-01T23:59:59-04:00,SGW-ITM-000406,GW-016,listed,INV-001121
2026-08-01T23:59:59-04:00,SGW-ITM-000407,GW-020,listed,INV-001122
2026-08-01T23:59:59-04:00,SGW-ITM-000408,GW-004,awaiting_inspection,INV-001123
2026-08-01T23:59:59-04:00,SGW-ITM-000412,GW-011,listed,INV-001124
2026-08-01T23:59:59-04:00,SGW-ITM-000413,GW-021,listed,INV-001125
2026-08-01T23:59:59-04:00,SGW-ITM-000414,GW-017,listed,INV-001126
2026-08-01T23:59:59-04:00,SGW-ITM-000415,GW-018,listed,INV-001127
2026-08-01T23:59:59-04:00,SGW-ITM-000416,GW-015,listed,INV-001128
2026-08-01T23:59:59-04:00,SGW-ITM-000418,GW-008,listed,INV-001129
2026-08-01T23:59:59-04:00,SGW-ITM-000419,GW-001,listed,INV-001130
2026-08-01T23:59:59-04:00,SGW-ITM-000420,GW-009,listed,INV-001131
2026-08-01T23:59:59-04:00,SGW-ITM-000421,GW-009,listed,INV-001132
2026-08-01T23:59:59-04:00,SGW-ITM-000424,GW-001,received,INV-001133
2026-08-01T23:59:59-04:00,SGW-ITM-000425,GW-006,listed,INV-001134
2026-08-01T23:59:59-04:00,SGW-ITM-000426,GW-004,listed,INV-001135
2026-08-01T23:59:59-04:00,SGW-ITM-000428,GW-020,listed,INV-001136
2026-08-01T23:59:59-04:00,SGW-ITM-000429,GW-008,listed,INV-001137
2026-08-01T23:59:59-04:00,SGW-ITM-000430,GW-024,listed,INV-001138
2026-08-01T23:59:59-04:00,SGW-ITM-000431,GW-001,received,INV-001139
2026-08-01T23:59:59-04:00,SGW-ITM-000432,GW-017,listed,INV-001140
2026-08-01T23:59:59-04:00,SGW-ITM-000433,GW-014,listed,INV-001141
2026-08-01T23:59:59-04:00,SGW-ITM-000434,GW-003,listed,INV-001142
2026-08-01T23:59:59-04:00,SGW-ITM-000435,GW-012,awaiting_photography,INV-001143
2026-08-01T23:59:59-04:00,SGW-ITM-000436,GW-018,received,INV-001144
2026-08-01T23:59:59-04:00,SGW-ITM-000437,GW-019,listed,INV-001145
2026-08-01T23:59:59-04:00,SGW-ITM-000438,GW-011,listed,INV-001146
2026-08-01T23:59:59-04:00,SGW-ITM-000440,GW-008,listed,INV-001147
2026-08-01T23:59:59-04:00,SGW-ITM-000441,GW-017,listed,INV-001148
2026-08-01T23:59:59-04:00,SGW-ITM-000443,GW-008,listed,INV-001149
2026-08-01T23:59:59-04:00,SGW-ITM-000444,GW-017,listed,INV-001150
2026-08-01T23:59:59-04:00,SGW-ITM-000445,GW-002,listed,INV-001151
2026-08-01T23:59:59-04:00,SGW-ITM-000446,GW-002,listed,INV-001152
2026-08-01T23:59:59-04:00,SGW-ITM-000447,GW-016,listed,INV-001153
2026-08-01T23:59:59-04:00,SGW-ITM-000448,GW-011,listed,INV-001154
2026-08-01T23:59:59-04:00,SGW-ITM-000450,GW-019,awaiting_inspection,INV-001155
2026-08-01T23:59:59-04:00,SGW-ITM-000451,GW-006,listed,INV-001156
2026-08-01T23:59:59-04:00,SGW-ITM-000453,GW-007,listed,INV-001157
2026-08-01T23:59:59-04:00,SGW-ITM-000454,GW-002,listed,INV-001158
2026-08-01T23:59:59-04:00,SGW-ITM-000455,GW-009,received,INV-001159
2026-08-01T23:59:59-04:00,SGW-ITM-000456,GW-008,listed,INV-001160
2026-08-01T23:59:59-04:00,SGW-ITM-000457,GW-017,listed,INV-001161
2026-08-01T23:59:59-04:00,SGW-ITM-000458,GW-017,listed,INV-001162
2026-08-01T23:59:59-04:00,SGW-ITM-000459,GW-014,listed,INV-001163
2026-08-01T23:59:59-04:00,SGW-ITM-000460,GW-009,listed,INV-001164
2026-08-01T23:59:59-04:00,SGW-ITM-000462,GW-017,listed,INV-001165
2026-08-01T23:59:59-04:00,SGW-ITM-000463,GW-011,ready_to_list,INV-001166
2026-08-01T23:59:59-04:00,SGW-ITM-000464,GW-012,listed,INV-001167
2026-08-01T23:59:59-04:00,SGW-ITM-000465,GW-016,awaiting_inspection,INV-001168
2026-08-01T23:59:59-04:00,SGW-ITM-000466,GW-006,listed,INV-001169
2026-08-01T23:59:59-04:00,SGW-ITM-000467,GW-024,awaiting_photography,INV-001170
2026-08-01T23:59:59-04:00,SGW-ITM-000468,GW-002,listed,INV-001171
2026-08-01T23:59:59-04:00,SGW-ITM-000469,GW-004,listed,INV-001172
2026-08-01T23:59:59-04:00,SGW-ITM-000470,GW-016,awaiting_photography,INV-001173
2026-08-01T23:59:59-04:00,SGW-ITM-000471,GW-001,ready_to_list,INV-001174
2026-08-01T23:59:59-04:00,SGW-ITM-000472,GW-002,listed,INV-001175
2026-08-01T23:59:59-04:00,SGW-ITM-000473,GW-009,listed,INV-001176
2026-08-01T23:59:59-04:00,SGW-ITM-000474,GW-018,listed,INV-001177
2026-08-01T23:59:59-04:00,SGW-ITM-000476,GW-002,listed,INV-001178
2026-08-01T23:59:59-04:00,SGW-ITM-000477,GW-005,listed,INV-001179
2026-08-01T23:59:59-04:00,SGW-ITM-000478,GW-007,listed,INV-001180
2026-08-01T23:59:59-04:00,SGW-ITM-000479,GW-006,awaiting_photography,INV-001181
2026-08-01T23:59:59-04:00,SGW-ITM-000480,GW-021,listed,INV-001182
2026-08-01T23:59:59-04:00,SGW-ITM-000481,GW-001,listed,INV-001183
2026-08-01T23:59:59-04:00,SGW-ITM-000483,GW-012,listed,INV-001184
2026-08-01T23:59:59-04:00,SGW-ITM-000484,GW-008,received,INV-001185
2026-08-01T23:59:59-04:00,SGW-ITM-000485,GW-024,listed,INV-001186
2026-08-01T23:59:59-04:00,SGW-ITM-000486,GW-007,listed,INV-001187
2026-08-01T23:59:59-04:00,SGW-ITM-000487,GW-004,listed,INV-001188
2026-08-01T23:59:59-04:00,SGW-ITM-000488,GW-001,listed,INV-001189
2026-08-01T23:59:59-04:00,SGW-ITM-000489,GW-004,listed,INV-001190
2026-08-01T23:59:59-04:00,SGW-ITM-000492,GW-012,listed,INV-001191
2026-08-01T23:59:59-04:00,SGW-ITM-000494,GW-010,listed,INV-001192
2026-08-01T23:59:59-04:00,SGW-ITM-000497,GW-012,listed,INV-001193
2026-08-01T23:59:59-04:00,SGW-ITM-000499,GW-011,awaiting_inspection,INV-001194
2026-08-01T23:59:59-04:00,SGW-ITM-000500,GW-016,listed,INV-001195
2026-08-01T23:59:59-04:00,SGW-ITM-000501,GW-013,listed,INV-001196
2026-08-01T23:59:59-04:00,SGW-ITM-000502,GW-024,listed,INV-001197
2026-08-01T23:59:59-04:00,SGW-ITM-000504,GW-004,listed,INV-001198
2026-08-01T23:59:59-04:00,SGW-ITM-000505,GW-012,awaiting_photography,INV-001199
2026-08-01T23:59:59-04:00,SGW-ITM-000506,GW-008,listed,INV-001200
2026-08-01T23:59:59-04:00,SGW-ITM-000507,GW-021,listed,INV-001201
2026-08-01T23:59:59-04:00,SGW-ITM-000508,GW-001,listed,INV-001202
2026-08-01T23:59:59-04:00,SGW-ITM-000510,GW-007,listed,INV-001203
2026-08-01T23:59:59-04:00,SGW-ITM-000511,GW-002,listed,INV-001204
2026-08-01T23:59:59-04:00,SGW-ITM-000512,GW-003,listed,INV-001205
2026-08-01T23:59:59-04:00,SGW-ITM-000513,GW-011,listed,INV-001206
2026-08-01T23:59:59-04:00,SGW-ITM-000514,GW-022,listed,INV-001207
2026-08-01T23:59:59-04:00,SGW-ITM-000515,GW-009,awaiting_photography,INV-001208
2026-08-01T23:59:59-04:00,SGW-ITM-000516,GW-001,awaiting_photography,INV-001209
2026-08-01T23:59:59-04:00,SGW-ITM-000517,GW-022,listed,INV-001210
2026-08-01T23:59:59-04:00,SGW-ITM-000518,GW-009,awaiting_photography,INV-001211
2026-08-01T23:59:59-04:00,SGW-ITM-000519,GW-020,awaiting_photography,INV-001212
2026-08-01T23:59:59-04:00,SGW-ITM-000520,GW-001,received,INV-001213
2026-08-01T23:59:59-04:00,SGW-ITM-000521,GW-018,listed,INV-001214
2026-08-01T23:59:59-04:00,SGW-ITM-000523,GW-009,listed,INV-001215
2026-08-01T23:59:59-04:00,SGW-ITM-000524,GW-012,awaiting_photography,INV-001216
2026-08-01T23:59:59-04:00,SGW-ITM-000525,GW-009,listed,INV-001217
2026-08-01T23:59:59-04:00,SGW-ITM-000527,GW-001,ready_to_list,INV-001218
2026-08-01T23:59:59-04:00,SGW-ITM-000529,GW-020,listed,INV-001219
2026-08-01T23:59:59-04:00,SGW-ITM-000531,GW-005,listed,INV-001220
2026-08-01T23:59:59-04:00,SGW-ITM-000534,GW-024,listed,INV-001221
2026-08-01T23:59:59-04:00,SGW-ITM-000535,GW-006,listed,INV-001222
2026-08-01T23:59:59-04:00,SGW-ITM-000536,GW-015,awaiting_photography,INV-001223
2026-08-01T23:59:59-04:00,SGW-ITM-000538,GW-020,listed,INV-001224
2026-08-01T23:59:59-04:00,SGW-ITM-000542,GW-023,listed,INV-001225
2026-08-01T23:59:59-04:00,SGW-ITM-000543,GW-024,listed,INV-001226
2026-08-01T23:59:59-04:00,SGW-ITM-000544,GW-011,listed,INV-001227
2026-08-01T23:59:59-04:00,SGW-ITM-000545,GW-012,listed,INV-001228
2026-08-01T23:59:59-04:00,SGW-ITM-000547,GW-012,listed,INV-001229
2026-08-01T23:59:59-04:00,SGW-ITM-000549,GW-010,awaiting_photography,INV-001230
2026-08-01T23:59:59-04:00,SGW-ITM-000550,GW-024,listed,INV-001231
2026-08-01T23:59:59-04:00,SGW-ITM-000551,GW-001,ready_to_list,INV-001232
2026-08-01T23:59:59-04:00,SGW-ITM-000553,GW-019,listed,INV-001233
2026-08-01T23:59:59-04:00,SGW-ITM-000554,GW-020,listed,INV-001234
2026-08-01T23:59:59-04:00,SGW-ITM-000555,GW-008,listed,INV-001235
2026-08-01T23:59:59-04:00,SGW-ITM-000556,GW-020,received,INV-001236
2026-08-01T23:59:59-04:00,SGW-ITM-000557,GW-021,listed,INV-001237
2026-08-01T23:59:59-04:00,SGW-ITM-000558,GW-002,awaiting_photography,INV-001238
2026-08-01T23:59:59-04:00,SGW-ITM-000559,GW-017,listed,INV-001239
2026-08-01T23:59:59-04:00,SGW-ITM-000560,GW-016,listed,INV-001240
2026-08-01T23:59:59-04:00,SGW-ITM-000561,GW-005,listed,INV-001241
2026-08-01T23:59:59-04:00,SGW-ITM-000562,GW-016,listed,INV-001242
2026-08-01T23:59:59-04:00,SGW-ITM-000565,GW-016,listed,INV-001243
2026-08-01T23:59:59-04:00,SGW-ITM-000566,GW-006,listed,INV-001244
2026-08-01T23:59:59-04:00,SGW-ITM-000567,GW-005,listed,INV-001245
2026-08-01T23:59:59-04:00,SGW-ITM-000569,GW-020,awaiting_inspection,INV-001246
2026-08-01T23:59:59-04:00,SGW-ITM-000570,GW-015,listed,INV-001247
2026-08-01T23:59:59-04:00,SGW-ITM-000571,GW-008,listed,INV-001248
2026-08-01T23:59:59-04:00,SGW-ITM-000572,GW-014,listed,INV-001249
2026-08-01T23:59:59-04:00,SGW-ITM-000573,GW-010,listed,INV-001250
2026-08-01T23:59:59-04:00,SGW-ITM-000574,GW-022,listed,INV-001251
2026-08-01T23:59:59-04:00,SGW-ITM-000575,GW-001,listed,INV-001252
2026-08-01T23:59:59-04:00,SGW-ITM-000576,GW-006,listed,INV-001253
2026-08-01T23:59:59-04:00,SGW-ITM-000577,GW-024,listed,INV-001254
2026-08-01T23:59:59-04:00,SGW-ITM-000578,GW-002,listed,INV-001255
2026-08-01T23:59:59-04:00,SGW-ITM-000579,GW-021,listed,INV-001256
2026-08-01T23:59:59-04:00,SGW-ITM-000582,GW-009,listed,INV-001257
2026-08-01T23:59:59-04:00,SGW-ITM-000583,GW-006,listed,INV-001258
2026-08-01T23:59:59-04:00,SGW-ITM-000584,GW-001,received,INV-001259
2026-08-01T23:59:59-04:00,SGW-ITM-000585,GW-012,listed,INV-001260
2026-08-01T23:59:59-04:00,SGW-ITM-000586,GW-013,listed,INV-001261
2026-08-01T23:59:59-04:00,SGW-ITM-000587,GW-012,listed,INV-001262
2026-08-01T23:59:59-04:00,SGW-ITM-000588,GW-005,received,INV-001263
2026-08-01T23:59:59-04:00,SGW-ITM-000590,GW-020,received,INV-001264
2026-08-01T23:59:59-04:00,SGW-ITM-000591,GW-018,listed,INV-001265
2026-08-01T23:59:59-04:00,SGW-ITM-000592,GW-009,listed,INV-001266
2026-08-01T23:59:59-04:00,SGW-ITM-000593,GW-023,listed,INV-001267
2026-08-01T23:59:59-04:00,SGW-ITM-000594,GW-008,listed,INV-001268
2026-08-01T23:59:59-04:00,SGW-ITM-000596,GW-008,listed,INV-001269
2026-08-01T23:59:59-04:00,SGW-ITM-000597,GW-015,listed,INV-001270
2026-08-01T23:59:59-04:00,SGW-ITM-000598,GW-006,listed,INV-001271
2026-08-01T23:59:59-04:00,SGW-ITM-000599,GW-014,awaiting_inspection,INV-001272
2026-08-01T23:59:59-04:00,SGW-ITM-000600,GW-001,listed,INV-001273
2026-08-01T23:59:59-04:00,SGW-ITM-000601,GW-007,awaiting_photography,INV-001274
2026-08-01T23:59:59-04:00,SGW-ITM-000603,GW-008,listed,INV-001275
2026-08-01T23:59:59-04:00,SGW-ITM-000604,GW-011,listed,INV-001276
2026-08-01T23:59:59-04:00,SGW-ITM-000605,GW-002,awaiting_inspection,INV-001277
2026-08-01T23:59:59-04:00,SGW-ITM-000606,GW-021,ready_to_list,INV-001278
2026-08-01T23:59:59-04:00,SGW-ITM-000607,GW-015,listed,INV-001279
2026-08-01T23:59:59-04:00,SGW-ITM-000609,GW-009,listed,INV-001280
2026-08-01T23:59:59-04:00,SGW-ITM-000610,GW-003,listed,INV-001281
2026-08-01T23:59:59-04:00,SGW-ITM-000611,GW-005,listed,INV-001282
2026-08-01T23:59:59-04:00,SGW-ITM-000612,GW-012,awaiting_photography,INV-001283
2026-08-01T23:59:59-04:00,SGW-ITM-000614,GW-006,listed,INV-001284
2026-08-01T23:59:59-04:00,SGW-ITM-000615,GW-021,received,INV-001285
2026-08-01T23:59:59-04:00,SGW-ITM-000617,GW-022,listed,INV-001286
2026-08-01T23:59:59-04:00,SGW-ITM-000618,GW-024,listed,INV-001287
2026-08-01T23:59:59-04:00,SGW-ITM-000620,GW-023,listed,INV-001288
2026-08-01T23:59:59-04:00,SGW-ITM-000621,GW-006,listed,INV-001289
2026-08-01T23:59:59-04:00,SGW-ITM-000622,GW-010,listed,INV-001290
2026-08-01T23:59:59-04:00,SGW-ITM-000623,GW-009,listed,INV-001291
2026-08-01T23:59:59-04:00,SGW-ITM-000624,GW-024,listed,INV-001292
2026-08-01T23:59:59-04:00,SGW-ITM-000625,GW-002,listed,INV-001293
2026-08-01T23:59:59-04:00,SGW-ITM-000627,GW-008,listed,INV-001294
2026-08-01T23:59:59-04:00,SGW-ITM-000629,GW-011,listed,INV-001295
2026-08-01T23:59:59-04:00,SGW-ITM-000630,GW-018,listed,INV-001296
2026-08-01T23:59:59-04:00,SGW-ITM-000631,GW-019,listed,INV-001297
2026-08-01T23:59:59-04:00,SGW-ITM-000632,GW-011,listed,INV-001298
2026-08-01T23:59:59-04:00,SGW-ITM-000636,GW-012,listed,INV-001299
2026-08-01T23:59:59-04:00,SGW-ITM-000637,GW-017,listed,INV-001300
2026-08-01T23:59:59-04:00,SGW-ITM-000638,GW-018,listed,INV-001301
2026-08-01T23:59:59-04:00,SGW-ITM-000639,GW-023,listed,INV-001302
2026-08-01T23:59:59-04:00,SGW-ITM-000640,GW-015,listed,INV-001303
2026-08-01T23:59:59-04:00,SGW-ITM-000641,GW-022,listed,INV-001304
2026-08-01T23:59:59-04:00,SGW-ITM-000642,GW-024,listed,INV-001305
2026-08-01T23:59:59-04:00,SGW-ITM-000643,GW-004,listed,INV-001306
2026-08-01T23:59:59-04:00,SGW-ITM-000644,GW-005,received,INV-001307
2026-08-01T23:59:59-04:00,SGW-ITM-000645,GW-011,listed,INV-001308
2026-08-01T23:59:59-04:00,SGW-ITM-000646,GW-024,awaiting_inspection,INV-001309
2026-08-01T23:59:59-04:00,SGW-ITM-000648,GW-006,awaiting_photography,INV-001310
2026-08-01T23:59:59-04:00,SGW-ITM-000649,GW-003,awaiting_photography,INV-001311
2026-08-01T23:59:59-04:00,SGW-ITM-000650,GW-021,awaiting_photography,INV-001312
2026-08-01T23:59:59-04:00,SGW-ITM-000655,GW-021,awaiting_inspection,INV-001313
2026-08-01T23:59:59-04:00,SGW-ITM-000657,GW-012,listed,INV-001314
2026-08-01T23:59:59-04:00,SGW-ITM-000658,GW-012,received,INV-001315
2026-08-01T23:59:59-04:00,SGW-ITM-000659,GW-017,listed,INV-001316
2026-08-01T23:59:59-04:00,SGW-ITM-000660,GW-011,listed,INV-001317
2026-08-01T23:59:59-04:00,SGW-ITM-000662,GW-014,awaiting_photography,INV-001318
2026-08-01T23:59:59-04:00,SGW-ITM-000663,GW-012,listed,INV-001319
2026-08-01T23:59:59-04:00,SGW-ITM-000664,GW-004,listed,INV-001320
2026-08-01T23:59:59-04:00,SGW-ITM-000665,GW-009,listed,INV-001321
2026-08-01T23:59:59-04:00,SGW-ITM-000667,GW-013,listed,INV-001322
2026-08-01T23:59:59-04:00,SGW-ITM-000668,GW-020,awaiting_photography,INV-001323
2026-08-01T23:59:59-04:00,SGW-ITM-000670,GW-017,listed,INV-001324
2026-08-01T23:59:59-04:00,SGW-ITM-000671,GW-017,listed,INV-001325
2026-08-01T23:59:59-04:00,SGW-ITM-000672,GW-015,listed,INV-001326
2026-08-01T23:59:59-04:00,SGW-ITM-000673,GW-012,listed,INV-001327
2026-08-01T23:59:59-04:00,SGW-ITM-000674,GW-019,listed,INV-001328
2026-08-01T23:59:59-04:00,SGW-ITM-000675,GW-012,listed,INV-001329
2026-08-01T23:59:59-04:00,SGW-ITM-000676,GW-023,listed,INV-001330
2026-08-01T23:59:59-04:00,SGW-ITM-000677,GW-004,awaiting_inspection,INV-001331
2026-08-01T23:59:59-04:00,SGW-ITM-000679,GW-003,listed,INV-001332
2026-08-01T23:59:59-04:00,SGW-ITM-000680,GW-006,awaiting_photography,INV-001333
2026-08-01T23:59:59-04:00,SGW-ITM-000681,GW-014,listed,INV-001334
2026-08-01T23:59:59-04:00,SGW-ITM-000682,GW-012,listed,INV-001335
2026-08-01T23:59:59-04:00,SGW-ITM-000683,GW-016,listed,INV-001336
2026-08-01T23:59:59-04:00,SGW-ITM-000684,GW-004,listed,INV-001337
2026-08-01T23:59:59-04:00,SGW-ITM-000686,GW-017,listed,INV-001338
2026-08-01T23:59:59-04:00,SGW-ITM-000687,GW-001,listed,INV-001339
2026-08-01T23:59:59-04:00,SGW-ITM-000688,GW-002,listed,INV-001340
2026-08-01T23:59:59-04:00,SGW-ITM-000690,GW-022,awaiting_inspection,INV-001341
2026-08-01T23:59:59-04:00,SGW-ITM-000693,GW-019,awaiting_photography,INV-001342
2026-08-01T23:59:59-04:00,SGW-ITM-000694,GW-022,listed,INV-001343
2026-08-01T23:59:59-04:00,SGW-ITM-000695,GW-009,listed,INV-001344
2026-08-01T23:59:59-04:00,SGW-ITM-000696,GW-019,listed,INV-001345
2026-08-01T23:59:59-04:00,SGW-ITM-000697,GW-009,listed,INV-001346
2026-08-01T23:59:59-04:00,SGW-ITM-000701,GW-004,listed,INV-001347
2026-08-01T23:59:59-04:00,SGW-ITM-000703,GW-003,listed,INV-001348
2026-08-01T23:59:59-04:00,SGW-ITM-000705,GW-006,listed,INV-001349
2026-08-01T23:59:59-04:00,SGW-ITM-000706,GW-014,ready_to_list,INV-001350
2026-08-01T23:59:59-04:00,SGW-ITM-000707,GW-012,listed,INV-001351
2026-08-01T23:59:59-04:00,SGW-ITM-000708,GW-024,listed,INV-001352
2026-08-01T23:59:59-04:00,SGW-ITM-000709,GW-010,received,INV-001353
2026-08-01T23:59:59-04:00,SGW-ITM-000710,GW-021,listed,INV-001354
2026-08-01T23:59:59-04:00,SGW-ITM-000712,GW-008,listed,INV-001355
2026-08-01T23:59:59-04:00,SGW-ITM-000713,GW-008,awaiting_photography,INV-001356
2026-08-01T23:59:59-04:00,SGW-ITM-000714,GW-022,listed,INV-001357
2026-08-01T23:59:59-04:00,SGW-ITM-000715,GW-001,awaiting_photography,INV-001358
2026-08-01T23:59:59-04:00,SGW-ITM-000716,GW-011,listed,INV-001359
2026-08-01T23:59:59-04:00,SGW-ITM-000717,GW-017,listed,INV-001360
2026-08-01T23:59:59-04:00,SGW-ITM-000718,GW-004,listed,INV-001361
2026-08-01T23:59:59-04:00,SGW-ITM-000720,GW-004,awaiting_photography,INV-001362
2026-08-01T23:59:59-04:00,SGW-ITM-000721,GW-021,listed,INV-001363
2026-08-01T23:59:59-04:00,SGW-ITM-000723,GW-011,listed,INV-001364
2026-08-01T23:59:59-04:00,SGW-ITM-000724,GW-004,listed,INV-001365
2026-08-01T23:59:59-04:00,SGW-ITM-000725,GW-002,awaiting_inspection,INV-001366
2026-08-01T23:59:59-04:00,SGW-ITM-000726,GW-006,listed,INV-001367
2026-08-01T23:59:59-04:00,SGW-ITM-000727,GW-024,listed,INV-001368
2026-08-01T23:59:59-04:00,SGW-ITM-000728,GW-004,listed,INV-001369
2026-08-01T23:59:59-04:00,SGW-ITM-000729,GW-005,listed,INV-001370
2026-08-01T23:59:59-04:00,SGW-ITM-000731,GW-001,awaiting_inspection,INV-001371
2026-08-01T23:59:59-04:00,SGW-ITM-000732,GW-023,listed,INV-001372
2026-08-01T23:59:59-04:00,SGW-ITM-000733,GW-024,listed,INV-001373
2026-08-01T23:59:59-04:00,SGW-ITM-000736,GW-024,ready_to_list,INV-001374
2026-08-01T23:59:59-04:00,SGW-ITM-000739,GW-004,awaiting_photography,INV-001375
2026-08-01T23:59:59-04:00,SGW-ITM-000740,GW-020,listed,INV-001376
2026-08-01T23:59:59-04:00,SGW-ITM-000741,GW-004,listed,INV-001377
2026-08-01T23:59:59-04:00,SGW-ITM-000742,GW-012,listed,INV-001378
2026-08-01T23:59:59-04:00,SGW-ITM-000743,GW-020,listed,INV-001379
2026-08-01T23:59:59-04:00,SGW-ITM-000744,GW-024,listed,INV-001380
2026-08-01T23:59:59-04:00,SGW-ITM-000745,GW-017,ready_to_list,INV-001381
2026-08-01T23:59:59-04:00,SGW-ITM-000746,GW-009,awaiting_photography,INV-001382
2026-08-01T23:59:59-04:00,SGW-ITM-000747,GW-009,listed,INV-001383
2026-08-01T23:59:59-04:00,SGW-ITM-000748,GW-010,listed,INV-001384
2026-08-01T23:59:59-04:00,SGW-ITM-000749,GW-007,listed,INV-001385
2026-08-01T23:59:59-04:00,SGW-ITM-000750,GW-023,listed,INV-001386
2026-08-01T23:59:59-04:00,SGW-ITM-000752,GW-003,ready_to_list,INV-001387
2026-08-01T23:59:59-04:00,SGW-ITM-000753,GW-004,received,INV-001388
2026-08-01T23:59:59-04:00,SGW-ITM-000754,GW-016,listed,INV-001389
2026-08-01T23:59:59-04:00,SGW-ITM-000755,GW-012,listed,INV-001390
2026-08-01T23:59:59-04:00,SGW-ITM-000756,GW-002,listed,INV-001391
2026-08-01T23:59:59-04:00,SGW-ITM-000757,GW-011,listed,INV-001392
2026-08-01T23:59:59-04:00,SGW-ITM-000758,GW-012,listed,INV-001393
2026-08-01T23:59:59-04:00,SGW-ITM-000759,GW-002,listed,INV-001394
2026-08-01T23:59:59-04:00,SGW-ITM-000760,GW-008,listed,INV-001395
2026-08-01T23:59:59-04:00,SGW-ITM-000761,GW-021,listed,INV-001396
2026-08-01T23:59:59-04:00,SGW-ITM-000762,GW-010,listed,INV-001397
2026-08-01T23:59:59-04:00,SGW-ITM-000763,GW-005,listed,INV-001398
2026-08-01T23:59:59-04:00,SGW-ITM-000764,GW-019,listed,INV-001399
2026-08-01T23:59:59-04:00,SGW-ITM-000765,GW-017,listed,INV-001400
2026-08-01T23:59:59-04:00,SGW-ITM-000766,GW-020,listed,INV-001401
2026-08-01T23:59:59-04:00,SGW-ITM-000767,GW-020,listed,INV-001402
2026-08-01T23:59:59-04:00,SGW-ITM-000768,GW-016,awaiting_photography,INV-001403
2026-08-01T23:59:59-04:00,SGW-ITM-000771,GW-009,awaiting_photography,INV-001404
2026-08-01T23:59:59-04:00,SGW-ITM-000772,GW-011,received,INV-001405
2026-08-01T23:59:59-04:00,SGW-ITM-000774,GW-005,listed,INV-001406
2026-08-01T23:59:59-04:00,SGW-ITM-000775,GW-012,awaiting_photography,INV-001407
2026-08-01T23:59:59-04:00,SGW-ITM-000777,GW-017,awaiting_inspection,INV-001408
2026-08-01T23:59:59-04:00,SGW-ITM-000778,GW-022,awaiting_photography,INV-001409
2026-08-01T23:59:59-04:00,SGW-ITM-000782,GW-004,listed,INV-001410
2026-08-01T23:59:59-04:00,SGW-ITM-000783,GW-001,listed,INV-001411
2026-08-01T23:59:59-04:00,SGW-ITM-000784,GW-015,listed,INV-001412
2026-08-01T23:59:59-04:00,SGW-ITM-000785,GW-014,listed,INV-001413
2026-08-01T23:59:59-04:00,SGW-ITM-000786,GW-011,received,INV-001414
2026-08-01T23:59:59-04:00,SGW-ITM-000787,GW-008,listed,INV-001415
2026-08-01T23:59:59-04:00,SGW-ITM-000788,GW-012,listed,INV-001416
2026-08-01T23:59:59-04:00,SGW-ITM-000789,GW-008,listed,INV-001417
2026-08-01T23:59:59-04:00,SGW-ITM-000792,GW-001,listed,INV-001418
2026-08-01T23:59:59-04:00,SGW-ITM-000793,GW-005,listed,INV-001419
2026-08-01T23:59:59-04:00,SGW-ITM-000795,GW-008,listed,INV-001420
2026-08-01T23:59:59-04:00,SGW-ITM-000796,GW-016,listed,INV-001421
2026-08-01T23:59:59-04:00,SGW-ITM-000799,GW-001,awaiting_inspection,INV-001422
2026-08-01T23:59:59-04:00,SGW-ITM-000800,GW-018,awaiting_photography,INV-001423
2026-08-01T23:59:59-04:00,SGW-ITM-000802,GW-015,listed,INV-001424
2026-08-01T23:59:59-04:00,SGW-ITM-000803,GW-020,listed,INV-001425
2026-08-01T23:59:59-04:00,SGW-ITM-000804,GW-021,listed,INV-001426
2026-08-01T23:59:59-04:00,SGW-ITM-000805,GW-022,listed,INV-001427
2026-08-01T23:59:59-04:00,SGW-ITM-000806,GW-017,listed,INV-001428
2026-08-01T23:59:59-04:00,SGW-ITM-000808,GW-018,listed,INV-001429
2026-08-01T23:59:59-04:00,SGW-ITM-000809,GW-020,listed,INV-001430
2026-08-01T23:59:59-04:00,SGW-ITM-000810,GW-018,listed,INV-001431
2026-08-01T23:59:59-04:00,SGW-ITM-000811,GW-012,listed,INV-001432
2026-08-01T23:59:59-04:00,SGW-ITM-000814,GW-004,listed,INV-001433
2026-08-01T23:59:59-04:00,SGW-ITM-000815,GW-009,listed,INV-001434
2026-08-01T23:59:59-04:00,SGW-ITM-000816,GW-004,listed,INV-001435
2026-08-01T23:59:59-04:00,SGW-ITM-000817,GW-017,awaiting_inspection,INV-001436
2026-08-01T23:59:59-04:00,SGW-ITM-000819,GW-001,listed,INV-001437
2026-08-01T23:59:59-04:00,SGW-ITM-000820,GW-008,awaiting_inspection,INV-001438
2026-08-01T23:59:59-04:00,SGW-ITM-000821,GW-024,listed,INV-001439
2026-08-01T23:59:59-04:00,SGW-ITM-000822,GW-007,listed,INV-001440
2026-08-01T23:59:59-04:00,SGW-ITM-000823,GW-012,listed,INV-001441
2026-08-01T23:59:59-04:00,SGW-ITM-000824,GW-001,listed,INV-001442
2026-08-01T23:59:59-04:00,SGW-ITM-000825,GW-009,listed,INV-001443
2026-08-01T23:59:59-04:00,SGW-ITM-000827,GW-022,awaiting_photography,INV-001444
2026-08-01T23:59:59-04:00,SGW-ITM-000828,GW-008,received,INV-001445
2026-08-01T23:59:59-04:00,SGW-ITM-000829,GW-019,listed,INV-001446
2026-08-01T23:59:59-04:00,SGW-ITM-000831,GW-012,awaiting_photography,INV-001447
2026-08-01T23:59:59-04:00,SGW-ITM-000832,GW-008,listed,INV-001448
2026-08-01T23:59:59-04:00,SGW-ITM-000833,GW-011,listed,INV-001449
2026-08-01T23:59:59-04:00,SGW-ITM-000834,GW-019,listed,INV-001450
2026-08-01T23:59:59-04:00,SGW-ITM-000835,GW-003,listed,INV-001451
2026-08-01T23:59:59-04:00,SGW-ITM-000836,GW-002,listed,INV-001452
2026-08-01T23:59:59-04:00,SGW-ITM-000837,GW-002,listed,INV-001453
2026-08-01T23:59:59-04:00,SGW-ITM-000838,GW-012,listed,INV-001454
2026-08-01T23:59:59-04:00,SGW-ITM-000839,GW-017,listed,INV-001455
2026-08-01T23:59:59-04:00,SGW-ITM-000840,GW-020,listed,INV-001456
2026-08-01T23:59:59-04:00,SGW-ITM-000841,GW-001,listed,INV-001457
2026-08-01T23:59:59-04:00,SGW-ITM-000842,GW-002,listed,INV-001458
2026-08-01T23:59:59-04:00,SGW-ITM-000844,,listed,INV-001459
2026-08-01T23:59:59-04:00,SGW-ITM-000845,GW-012,awaiting_photography,INV-001460
2026-08-01T23:59:59-04:00,SGW-ITM-000847,GW-007,listed,INV-001461
2026-08-01T23:59:59-04:00,SGW-ITM-000848,GW-008,listed,INV-001462
2026-08-01T23:59:59-04:00,SGW-ITM-000849,GW-019,listed,INV-001463
2026-08-01T23:59:59-04:00,SGW-ITM-000850,GW-002,listed,INV-001464
2026-08-01T23:59:59-04:00,SGW-ITM-000851,GW-004,listed,INV-001465
2026-08-01T23:59:59-04:00,SGW-ITM-000854,GW-010,listed,INV-001466
2026-08-01T23:59:59-04:00,SGW-ITM-000855,GW-016,listed,INV-001467
2026-08-01T23:59:59-04:00,SGW-ITM-000856,GW-018,listed,INV-001468
2026-08-01T23:59:59-04:00,SGW-ITM-000857,GW-012,listed,INV-001469
2026-08-01T23:59:59-04:00,SGW-ITM-000858,GW-018,listed,INV-001470
2026-08-01T23:59:59-04:00,SGW-ITM-000859,GW-004,listed,INV-001471
2026-08-01T23:59:59-04:00,SGW-ITM-000860,GW-008,awaiting_photography,INV-001472
2026-08-01T23:59:59-04:00,SGW-ITM-000861,GW-016,listed,INV-001473
2026-08-01T23:59:59-04:00,SGW-ITM-000863,GW-014,received,INV-001474
2026-08-01T23:59:59-04:00,SGW-ITM-000864,GW-008,listed,INV-001475
2026-08-01T23:59:59-04:00,SGW-ITM-000865,GW-006,listed,INV-001476
2026-08-01T23:59:59-04:00,SGW-ITM-000867,GW-004,listed,INV-001477
2026-08-01T23:59:59-04:00,SGW-ITM-000868,GW-010,listed,INV-001478
2026-08-01T23:59:59-04:00,SGW-ITM-000869,GW-005,listed,INV-001479
2026-08-01T23:59:59-04:00,SGW-ITM-000870,GW-016,listed,INV-001480
2026-08-01T23:59:59-04:00,SGW-ITM-000872,GW-024,listed,INV-001481
2026-08-01T23:59:59-04:00,SGW-ITM-000875,GW-022,listed,INV-001482
2026-08-01T23:59:59-04:00,SGW-ITM-000876,GW-015,listed,INV-001483
2026-08-01T23:59:59-04:00,SGW-ITM-000878,GW-015,listed,INV-001484
2026-08-01T23:59:59-04:00,SGW-ITM-000879,GW-012,awaiting_photography,INV-001485
2026-08-01T23:59:59-04:00,SGW-ITM-000880,GW-012,listed,INV-001486
2026-08-01T23:59:59-04:00,SGW-ITM-000881,GW-004,awaiting_inspection,INV-001487
2026-08-01T23:59:59-04:00,SGW-ITM-000882,GW-014,awaiting_photography,INV-001488
2026-08-01T23:59:59-04:00,SGW-ITM-000883,GW-018,received,INV-001489
2026-08-01T23:59:59-04:00,SGW-ITM-000884,GW-020,listed,INV-001490
2026-08-01T23:59:59-04:00,SGW-ITM-000886,GW-008,listed,INV-001491
2026-08-01T23:59:59-04:00,SGW-ITM-000889,GW-005,received,INV-001492
2026-08-01T23:59:59-04:00,SGW-ITM-000890,GW-016,listed,INV-001493
2026-08-01T23:59:59-04:00,SGW-ITM-000891,GW-005,listed,INV-001494
2026-08-01T23:59:59-04:00,SGW-ITM-000892,GW-008,received,INV-001495
2026-08-01T23:59:59-04:00,SGW-ITM-000893,GW-004,listed,INV-001496
2026-08-01T23:59:59-04:00,SGW-ITM-000894,GW-024,listed,INV-001497
2026-08-01T23:59:59-04:00,SGW-ITM-000895,GW-024,listed,INV-001498
2026-08-01T23:59:59-04:00,SGW-ITM-000896,GW-001,listed,INV-001499
2026-08-01T23:59:59-04:00,SGW-ITM-000897,GW-012,ready_to_list,INV-001500
2026-08-01T23:59:59-04:00,SGW-ITM-000898,GW-006,received,INV-001501
2026-08-01T23:59:59-04:00,SGW-ITM-000900,GW-001,listed,INV-001502
2026-08-01T23:59:59-04:00,SGW-ITM-000901,GW-011,listed,INV-001503
2026-08-01T23:59:59-04:00,SGW-ITM-000902,GW-020,listed,INV-001504
2026-08-01T23:59:59-04:00,SGW-ITM-000904,GW-012,listed,INV-001505
2026-08-01T23:59:59-04:00,SGW-ITM-000906,GW-001,listed,INV-001506
2026-08-01T23:59:59-04:00,SGW-ITM-000908,GW-004,listed,INV-001507
2026-08-01T23:59:59-04:00,SGW-ITM-000909,GW-004,listed,INV-001508
2026-08-01T23:59:59-04:00,SGW-ITM-000910,GW-012,listed,INV-001509
2026-08-01T23:59:59-04:00,SGW-ITM-000911,GW-020,listed,INV-001510
2026-08-01T23:59:59-04:00,SGW-ITM-000912,GW-017,listed,INV-001511
2026-08-01T23:59:59-04:00,SGW-ITM-000914,GW-018,listed,INV-001512
2026-08-01T23:59:59-04:00,SGW-ITM-000919,GW-019,awaiting_inspection,INV-001513
2026-08-01T23:59:59-04:00,SGW-ITM-000923,GW-008,awaiting_photography,INV-001514
2026-08-01T23:59:59-04:00,SGW-ITM-000924,GW-011,listed,INV-001515
2026-08-01T23:59:59-04:00,SGW-ITM-000925,GW-018,listed,INV-001516
2026-08-01T23:59:59-04:00,SGW-ITM-000927,GW-020,listed,INV-001517
2026-08-01T23:59:59-04:00,SGW-ITM-000928,GW-024,listed,INV-001518
2026-08-01T23:59:59-04:00,SGW-ITM-000929,GW-020,listed,INV-001519
2026-08-01T23:59:59-04:00,SGW-ITM-000931,GW-001,listed,INV-001520
2026-08-01T23:59:59-04:00,SGW-ITM-000932,GW-021,listed,INV-001521
2026-08-01T23:59:59-04:00,SGW-ITM-000933,GW-002,listed,INV-001522
2026-08-01T23:59:59-04:00,SGW-ITM-000934,GW-022,listed,INV-001523
2026-08-01T23:59:59-04:00,SGW-ITM-000935,GW-009,listed,INV-001524
2026-08-01T23:59:59-04:00,SGW-ITM-000936,GW-017,listed,INV-001525
2026-08-01T23:59:59-04:00,SGW-ITM-000937,GW-002,listed,INV-001526
2026-08-01T23:59:59-04:00,SGW-ITM-000938,GW-013,listed,INV-001527
2026-08-01T23:59:59-04:00,SGW-ITM-000939,GW-016,listed,INV-001528
2026-08-01T23:59:59-04:00,SGW-ITM-000940,GW-006,received,INV-001529
2026-08-01T23:59:59-04:00,SGW-ITM-000941,GW-022,listed,INV-001530
2026-08-01T23:59:59-04:00,SGW-ITM-000942,GW-019,listed,INV-001531
2026-08-01T23:59:59-04:00,SGW-ITM-000943,GW-021,listed,INV-001532
2026-08-01T23:59:59-04:00,SGW-ITM-000944,GW-012,listed,INV-001533
2026-08-01T23:59:59-04:00,SGW-ITM-000946,GW-002,listed,INV-001534
2026-08-01T23:59:59-04:00,SGW-ITM-000947,GW-008,listed,INV-001535
2026-08-01T23:59:59-04:00,SGW-ITM-000948,GW-008,listed,INV-001536
2026-08-01T23:59:59-04:00,SGW-ITM-000950,GW-010,listed,INV-001537
2026-08-01T23:59:59-04:00,SGW-ITM-000951,GW-006,listed,INV-001538
2026-08-01T23:59:59-04:00,SGW-ITM-000952,GW-012,listed,INV-001539
2026-08-01T23:59:59-04:00,SGW-ITM-000953,GW-024,listed,INV-001540
2026-08-01T23:59:59-04:00,SGW-ITM-000954,GW-009,listed,INV-001541
2026-08-01T23:59:59-04:00,SGW-ITM-000955,GW-018,listed,INV-001542
2026-08-01T23:59:59-04:00,SGW-ITM-000956,GW-009,listed,INV-001543
2026-08-01T23:59:59-04:00,SGW-ITM-000957,GW-002,listed,INV-001544
2026-08-01T23:59:59-04:00,SGW-ITM-000958,GW-023,ready_to_list,INV-001545
2026-08-01T23:59:59-04:00,SGW-ITM-000960,GW-014,awaiting_photography,INV-001546
2026-08-01T23:59:59-04:00,SGW-ITM-000961,GW-011,listed,INV-001547
2026-08-01T23:59:59-04:00,SGW-ITM-000962,GW-023,listed,INV-001548
2026-08-01T23:59:59-04:00,SGW-ITM-000963,GW-024,listed,INV-001549
2026-08-01T23:59:59-04:00,SGW-ITM-000964,GW-004,awaiting_inspection,INV-001550
2026-08-01T23:59:59-04:00,SGW-ITM-000965,GW-018,listed,INV-001551
2026-08-01T23:59:59-04:00,SGW-ITM-000966,GW-009,listed,INV-001552
2026-08-01T23:59:59-04:00,SGW-ITM-000967,GW-007,listed,INV-001553
2026-08-01T23:59:59-04:00,SGW-ITM-000968,GW-023,listed,INV-001554
2026-08-01T23:59:59-04:00,SGW-ITM-000969,GW-021,listed,INV-001555
2026-08-01T23:59:59-04:00,SGW-ITM-000970,GW-001,listed,INV-001556
2026-08-01T23:59:59-04:00,SGW-ITM-000972,GW-003,listed,INV-001557
2026-08-01T23:59:59-04:00,SGW-ITM-000973,GW-022,listed,INV-001558
2026-08-01T23:59:59-04:00,SGW-ITM-000974,GW-001,awaiting_photography,INV-001559
2026-08-01T23:59:59-04:00,SGW-ITM-000975,GW-012,listed,INV-001560
2026-08-01T23:59:59-04:00,SGW-ITM-000976,GW-008,listed,INV-001561
2026-08-01T23:59:59-04:00,SGW-ITM-000977,GW-024,listed,INV-001562
2026-08-01T23:59:59-04:00,SGW-ITM-000981,GW-021,awaiting_photography,INV-001563
2026-08-01T23:59:59-04:00,SGW-ITM-000985,GW-021,listed,INV-001564
2026-08-01T23:59:59-04:00,SGW-ITM-000986,GW-022,listed,INV-001565
2026-08-01T23:59:59-04:00,SGW-ITM-000987,GW-019,listed,INV-001566
2026-08-01T23:59:59-04:00,SGW-ITM-000989,GW-023,listed,INV-001567
2026-08-01T23:59:59-04:00,SGW-ITM-000990,GW-012,listed,INV-001568
2026-08-01T23:59:59-04:00,SGW-ITM-000991,GW-015,listed,INV-001569
2026-08-01T23:59:59-04:00,SGW-ITM-000995,GW-009,listed,INV-001570
2026-08-01T23:59:59-04:00,SGW-ITM-000996,GW-009,awaiting_inspection,INV-001571
2026-08-01T23:59:59-04:00,SGW-ITM-000998,GW-012,listed,INV-001572
2026-08-01T23:59:59-04:00,SGW-ITM-000999,GW-008,awaiting_inspection,INV-001573
2026-08-01T23:59:59-04:00,SGW-ITM-001000,GW-003,awaiting_inspection,INV-001574
2026-08-01T23:59:59-04:00,SGW-ITM-001002,GW-022,listed,INV-001575
2026-08-01T23:59:59-04:00,SGW-ITM-001003,GW-021,listed,INV-001576
2026-08-01T23:59:59-04:00,SGW-ITM-001004,GW-014,awaiting_photography,INV-001577
2026-08-01T23:59:59-04:00,SGW-ITM-001006,GW-005,received,INV-001578
2026-08-01T23:59:59-04:00,SGW-ITM-001008,GW-004,listed,INV-001579
2026-08-01T23:59:59-04:00,SGW-ITM-001009,GW-002,listed,INV-001580
2026-08-01T23:59:59-04:00,SGW-ITM-001010,GW-012,received,INV-001581
2026-08-01T23:59:59-04:00,SGW-ITM-001011,GW-003,listed,INV-001582
2026-08-01T23:59:59-04:00,SGW-ITM-001013,GW-002,listed,INV-001583
2026-08-01T23:59:59-04:00,SGW-ITM-001014,GW-022,listed,INV-001584
2026-08-01T23:59:59-04:00,SGW-ITM-001015,GW-023,listed,INV-001585
2026-08-01T23:59:59-04:00,SGW-ITM-001016,GW-022,listed,INV-001586
2026-08-01T23:59:59-04:00,SGW-ITM-001017,GW-004,listed,INV-001587
2026-08-01T23:59:59-04:00,SGW-ITM-001019,GW-012,listed,INV-001588
2026-08-01T23:59:59-04:00,SGW-ITM-001020,GW-012,listed,INV-001589
2026-08-01T23:59:59-04:00,SGW-ITM-001021,GW-005,listed,INV-001590
2026-08-01T23:59:59-04:00,SGW-ITM-001022,GW-014,listed,INV-001591
2026-08-01T23:59:59-04:00,SGW-ITM-001023,GW-008,awaiting_photography,INV-001592
2026-08-01T23:59:59-04:00,SGW-ITM-001024,GW-024,listed,INV-001593
2026-08-01T23:59:59-04:00,SGW-ITM-001025,GW-012,listed,INV-001594
2026-08-01T23:59:59-04:00,SGW-ITM-001026,GW-019,listed,INV-001595
2026-08-01T23:59:59-04:00,SGW-ITM-001027,GW-015,listed,INV-001596
2026-08-01T23:59:59-04:00,SGW-ITM-001028,GW-015,listed,INV-001597
2026-08-01T23:59:59-04:00,SGW-ITM-001029,GW-021,listed,INV-001598
2026-08-01T23:59:59-04:00,SGW-ITM-001030,GW-009,received,INV-001599
2026-08-01T23:59:59-04:00,SGW-ITM-001034,GW-024,received,INV-001600
2026-08-01T23:59:59-04:00,SGW-ITM-001036,GW-020,listed,INV-001601
2026-08-01T23:59:59-04:00,SGW-ITM-001037,GW-020,listed,INV-001602
2026-08-01T23:59:59-04:00,SGW-ITM-001038,GW-014,listed,INV-001603
2026-08-01T23:59:59-04:00,SGW-ITM-001039,GW-013,listed,INV-001604
2026-08-01T23:59:59-04:00,SGW-ITM-001040,GW-002,listed,INV-001605
2026-08-01T23:59:59-04:00,SGW-ITM-001042,GW-004,listed,INV-001606
2026-08-01T23:59:59-04:00,SGW-ITM-001044,GW-004,listed,INV-001607
2026-08-01T23:59:59-04:00,SGW-ITM-001045,GW-019,listed,INV-001608
2026-08-01T23:59:59-04:00,SGW-ITM-001046,GW-015,listed,INV-001609
2026-08-01T23:59:59-04:00,SGW-ITM-001047,GW-016,listed,INV-001610
2026-08-01T23:59:59-04:00,SGW-ITM-001048,GW-010,listed,INV-001611
2026-08-01T23:59:59-04:00,SGW-ITM-001049,GW-015,listed,INV-001612
2026-08-01T23:59:59-04:00,SGW-ITM-001051,GW-021,listed,INV-001613
2026-08-01T23:59:59-04:00,SGW-ITM-001052,GW-013,awaiting_inspection,INV-001614
2026-08-01T23:59:59-04:00,SGW-ITM-001053,GW-008,awaiting_inspection,INV-001615
2026-08-01T23:59:59-04:00,SGW-ITM-001054,GW-001,listed,INV-001616
2026-08-01T23:59:59-04:00,SGW-ITM-001056,GW-018,listed,INV-001617
2026-08-01T23:59:59-04:00,SGW-ITM-001057,GW-020,listed,INV-001618
2026-08-01T23:59:59-04:00,SGW-ITM-001058,GW-018,listed,INV-001619
2026-08-01T23:59:59-04:00,SGW-ITM-001059,GW-002,listed,INV-001620
2026-08-01T23:59:59-04:00,SGW-ITM-001060,GW-023,awaiting_inspection,INV-001621
2026-08-01T23:59:59-04:00,SGW-ITM-001061,GW-002,listed,INV-001622
2026-08-01T23:59:59-04:00,SGW-ITM-001062,GW-024,listed,INV-001623
2026-08-01T23:59:59-04:00,SGW-ITM-001064,GW-020,listed,INV-001624
2026-08-01T23:59:59-04:00,SGW-ITM-001066,GW-009,listed,INV-001625
2026-08-01T23:59:59-04:00,SGW-ITM-001067,GW-009,listed,INV-001626
2026-08-01T23:59:59-04:00,SGW-ITM-001068,GW-007,listed,INV-001627
2026-08-01T23:59:59-04:00,SGW-ITM-001069,GW-017,listed,INV-001628
2026-08-01T23:59:59-04:00,SGW-ITM-001070,GW-020,listed,INV-001629
2026-08-01T23:59:59-04:00,SGW-ITM-001072,GW-009,awaiting_photography,INV-001630
2026-08-01T23:59:59-04:00,SGW-ITM-001073,GW-018,listed,INV-001631
2026-08-01T23:59:59-04:00,SGW-ITM-001074,GW-001,listed,INV-001632
2026-08-01T23:59:59-04:00,SGW-ITM-001075,GW-012,listed,INV-001633
2026-08-01T23:59:59-04:00,SGW-ITM-001076,GW-008,awaiting_photography,INV-001634
2026-08-01T23:59:59-04:00,SGW-ITM-001077,GW-024,listed,INV-001635
2026-08-01T23:59:59-04:00,SGW-ITM-001078,GW-012,listed,INV-001636
2026-08-01T23:59:59-04:00,SGW-ITM-001079,GW-020,listed,INV-001637
2026-08-01T23:59:59-04:00,SGW-ITM-001082,GW-020,listed,INV-001638
2026-08-01T23:59:59-04:00,SGW-ITM-001084,GW-001,listed,INV-001639
2026-08-01T23:59:59-04:00,SGW-ITM-001085,GW-022,listed,INV-001640
2026-08-01T23:59:59-04:00,SGW-ITM-001086,GW-001,received,INV-001641
2026-08-01T23:59:59-04:00,SGW-ITM-001087,GW-012,awaiting_photography,INV-001642
2026-08-01T23:59:59-04:00,SGW-ITM-001088,GW-006,listed,INV-001643
2026-08-01T23:59:59-04:00,SGW-ITM-001089,GW-001,listed,INV-001644
2026-08-01T23:59:59-04:00,SGW-ITM-001090,GW-001,listed,INV-001645
2026-08-01T23:59:59-04:00,SGW-ITM-001091,GW-001,ready_to_list,INV-001646
2026-08-01T23:59:59-04:00,SGW-ITM-001092,GW-009,listed,INV-001647
2026-08-01T23:59:59-04:00,SGW-ITM-001093,GW-001,listed,INV-001648
2026-08-01T23:59:59-04:00,SGW-ITM-001094,GW-011,listed,INV-001649
2026-08-01T23:59:59-04:00,SGW-ITM-001096,GW-012,listed,INV-001650
2026-08-01T23:59:59-04:00,SGW-ITM-001097,GW-017,listed,INV-001651
2026-08-01T23:59:59-04:00,SGW-ITM-001098,GW-009,listed,INV-001652
2026-08-01T23:59:59-04:00,SGW-ITM-001099,GW-024,awaiting_photography,INV-001653
2026-08-01T23:59:59-04:00,SGW-ITM-001100,GW-014,listed,INV-001654
2026-08-01T23:59:59-04:00,SGW-ITM-001101,GW-023,listed,INV-001655
2026-08-01T23:59:59-04:00,SGW-ITM-001102,GW-001,listed,INV-001656
2026-08-01T23:59:59-04:00,SGW-ITM-001104,GW-002,ready_to_list,INV-001657
2026-08-01T23:59:59-04:00,SGW-ITM-001106,GW-005,listed,INV-001658
2026-08-01T23:59:59-04:00,SGW-ITM-001108,GW-004,listed,INV-001659
2026-08-01T23:59:59-04:00,SGW-ITM-001110,GW-001,listed,INV-001660
2026-08-01T23:59:59-04:00,SGW-ITM-001112,GW-009,listed,INV-001661
2026-08-01T23:59:59-04:00,SGW-ITM-001113,GW-005,listed,INV-001662
2026-08-01T23:59:59-04:00,SGW-ITM-001115,GW-004,listed,INV-001663
2026-08-01T23:59:59-04:00,SGW-ITM-001116,GW-005,listed,INV-001664
2026-08-01T23:59:59-04:00,SGW-ITM-001117,GW-015,listed,INV-001665
2026-08-01T23:59:59-04:00,SGW-ITM-001118,GW-004,listed,INV-001666
2026-08-01T23:59:59-04:00,SGW-ITM-001119,GW-016,listed,INV-001667
2026-08-01T23:59:59-04:00,SGW-ITM-001120,GW-015,listed,INV-001668
2026-08-01T23:59:59-04:00,SGW-ITM-001122,GW-018,listed,INV-001669
2026-08-01T23:59:59-04:00,SGW-ITM-001123,GW-012,listed,INV-001670
2026-08-01T23:59:59-04:00,SGW-ITM-001124,GW-024,listed,INV-001671
2026-08-01T23:59:59-04:00,SGW-ITM-001125,GW-012,listed,INV-001672
2026-08-01T23:59:59-04:00,SGW-ITM-001126,GW-004,listed,INV-001673
2026-08-01T23:59:59-04:00,SGW-ITM-001128,GW-008,listed,INV-001674
2026-08-01T23:59:59-04:00,SGW-ITM-001129,GW-001,listed,INV-001675
2026-08-01T23:59:59-04:00,SGW-ITM-001130,GW-004,received,INV-001676
2026-08-01T23:59:59-04:00,SGW-ITM-001132,GW-023,listed,INV-001677
2026-08-01T23:59:59-04:00,SGW-ITM-001134,GW-021,listed,INV-001678
2026-08-01T23:59:59-04:00,SGW-ITM-001135,GW-005,listed,INV-001679
2026-08-01T23:59:59-04:00,SGW-ITM-001136,GW-024,listed,INV-001680
2026-08-01T23:59:59-04:00,SGW-ITM-001137,GW-011,listed,INV-001681
2026-08-01T23:59:59-04:00,SGW-ITM-001138,GW-022,listed,INV-001682
2026-08-01T23:59:59-04:00,SGW-ITM-001139,GW-009,received,INV-001683
2026-08-01T23:59:59-04:00,SGW-ITM-001140,GW-017,listed,INV-001684
2026-08-01T23:59:59-04:00,SGW-ITM-001143,GW-014,listed,INV-001685
2026-08-01T23:59:59-04:00,SGW-ITM-001144,GW-017,listed,INV-001686
2026-08-01T23:59:59-04:00,SGW-ITM-001145,GW-024,listed,INV-001687
2026-08-01T23:59:59-04:00,SGW-ITM-001146,GW-021,listed,INV-001688
2026-08-01T23:59:59-04:00,SGW-ITM-001147,GW-020,listed,INV-001689
2026-08-01T23:59:59-04:00,SGW-ITM-001149,GW-008,awaiting_inspection,INV-001690
2026-08-01T23:59:59-04:00,SGW-ITM-001150,GW-013,listed,INV-001691
2026-08-01T23:59:59-04:00,SGW-ITM-001151,GW-011,listed,INV-001692
2026-08-01T23:59:59-04:00,SGW-ITM-001152,GW-017,listed,INV-001693
2026-08-01T23:59:59-04:00,SGW-ITM-001153,GW-001,awaiting_photography,INV-001694
2026-08-01T23:59:59-04:00,SGW-ITM-001154,GW-015,listed,INV-001695
2026-08-01T23:59:59-04:00,SGW-ITM-001156,GW-016,listed,INV-001696
2026-08-01T23:59:59-04:00,SGW-ITM-001157,GW-011,listed,INV-001697
2026-08-01T23:59:59-04:00,SGW-ITM-001159,GW-020,awaiting_photography,INV-001698
2026-08-01T23:59:59-04:00,SGW-ITM-001160,GW-013,awaiting_photography,INV-001699
2026-08-01T23:59:59-04:00,SGW-ITM-001162,GW-018,listed,INV-001700
2026-08-01T23:59:59-04:00,SGW-ITM-001164,GW-015,listed,INV-001701
2026-08-01T23:59:59-04:00,SGW-ITM-001166,GW-001,listed,INV-001702
2026-08-01T23:59:59-04:00,SGW-ITM-001167,GW-001,listed,INV-001703
2026-08-01T23:59:59-04:00,SGW-ITM-001168,GW-013,listed,INV-001704
2026-08-01T23:59:59-04:00,SGW-ITM-001169,GW-012,listed,INV-001705
2026-08-01T23:59:59-04:00,SGW-ITM-001170,GW-016,received,INV-001706
2026-08-01T23:59:59-04:00,SGW-ITM-001171,GW-016,listed,INV-001707
2026-08-01T23:59:59-04:00,SGW-ITM-001175,GW-012,listed,INV-001708
2026-08-01T23:59:59-04:00,SGW-ITM-001176,GW-016,awaiting_photography,INV-001709
2026-08-01T23:59:59-04:00,SGW-ITM-001177,GW-005,listed,INV-001710
2026-08-01T23:59:59-04:00,SGW-ITM-001178,GW-004,listed,INV-001711
2026-08-01T23:59:59-04:00,SGW-ITM-001179,GW-015,listed,INV-001712
2026-08-01T23:59:59-04:00,SGW-ITM-001180,GW-020,listed,INV-001713
2026-08-01T23:59:59-04:00,SGW-ITM-001181,GW-008,listed,INV-001714
2026-08-01T23:59:59-04:00,SGW-ITM-001182,GW-006,listed,INV-001715
2026-08-01T23:59:59-04:00,SGW-ITM-001183,GW-017,listed,INV-001716
2026-08-01T23:59:59-04:00,SGW-ITM-001184,GW-004,listed,INV-001717
2026-08-01T23:59:59-04:00,SGW-ITM-001185,GW-012,listed,INV-001718
2026-08-01T23:59:59-04:00,SGW-ITM-001186,GW-015,listed,INV-001719
2026-08-01T23:59:59-04:00,SGW-ITM-001187,GW-011,awaiting_inspection,INV-001720
2026-08-01T23:59:59-04:00,SGW-ITM-001190,GW-007,listed,INV-001721
2026-08-01T23:59:59-04:00,SGW-ITM-001192,GW-001,listed,INV-001722
2026-08-01T23:59:59-04:00,SGW-ITM-001193,GW-003,listed,INV-001723
2026-08-01T23:59:59-04:00,SGW-ITM-001195,GW-023,listed,INV-001724
2026-08-01T23:59:59-04:00,SGW-ITM-001196,GW-024,listed,INV-001725
2026-08-01T23:59:59-04:00,SGW-ITM-001197,GW-015,listed,INV-001726
2026-08-01T23:59:59-04:00,SGW-ITM-001198,GW-006,received,INV-001727
2026-08-01T23:59:59-04:00,SGW-ITM-001199,GW-020,listed,INV-001728
2026-08-01T23:59:59-04:00,SGW-ITM-001200,GW-024,received,INV-001729
2026-08-01T23:59:59-04:00,SGW-ITM-001201,GW-017,listed,INV-001730
2026-08-01T23:59:59-04:00,SGW-ITM-001203,GW-024,listed,INV-001731
2026-08-01T23:59:59-04:00,SGW-ITM-001204,GW-019,received,INV-001732
2026-08-01T23:59:59-04:00,SGW-ITM-001206,GW-001,awaiting_inspection,INV-001733
2026-08-01T23:59:59-04:00,SGW-ITM-001207,GW-004,awaiting_inspection,INV-001734
2026-08-01T23:59:59-04:00,SGW-ITM-001208,GW-013,listed,INV-001735
2026-08-01T23:59:59-04:00,SGW-ITM-001209,GW-012,listed,INV-001736
2026-08-01T23:59:59-04:00,SGW-ITM-001211,GW-015,awaiting_photography,INV-001737
2026-08-01T23:59:59-04:00,SGW-ITM-001212,GW-016,listed,INV-001738
2026-08-01T23:59:59-04:00,SGW-ITM-001213,GW-004,listed,INV-001739
2026-08-01T23:59:59-04:00,SGW-ITM-001214,GW-018,listed,INV-001740
2026-08-01T23:59:59-04:00,SGW-ITM-001215,GW-015,awaiting_photography,INV-001741
2026-08-01T23:59:59-04:00,SGW-ITM-001217,GW-021,listed,INV-001742
2026-08-01T23:59:59-04:00,SGW-ITM-001218,GW-007,listed,INV-001743
2026-08-01T23:59:59-04:00,SGW-ITM-001219,GW-012,listed,INV-001744
2026-08-01T23:59:59-04:00,SGW-ITM-001220,GW-022,listed,INV-001745
2026-08-01T23:59:59-04:00,SGW-ITM-001221,GW-015,listed,INV-001746
2026-08-01T23:59:59-04:00,SGW-ITM-001223,GW-006,listed,INV-001747
2026-08-01T23:59:59-04:00,SGW-ITM-001224,GW-004,listed,INV-001748
2026-08-01T23:59:59-04:00,SGW-ITM-001225,GW-019,received,INV-001749
2026-08-01T23:59:59-04:00,SGW-ITM-001226,GW-024,listed,INV-001750
2026-08-01T23:59:59-04:00,SGW-ITM-001227,GW-015,listed,INV-001751
2026-08-01T23:59:59-04:00,SGW-ITM-001228,GW-008,listed,INV-001752
2026-08-01T23:59:59-04:00,SGW-ITM-001229,GW-006,listed,INV-001753
2026-08-01T23:59:59-04:00,SGW-ITM-001230,GW-010,listed,INV-001754
2026-08-01T23:59:59-04:00,SGW-ITM-001231,GW-009,listed,INV-001755
2026-08-01T23:59:59-04:00,SGW-ITM-001232,GW-016,listed,INV-001756
2026-08-01T23:59:59-04:00,SGW-ITM-001233,GW-020,listed,INV-001757
2026-08-01T23:59:59-04:00,SGW-ITM-001235,GW-004,awaiting_photography,INV-001758
2026-08-01T23:59:59-04:00,SGW-ITM-001236,GW-021,ready_to_list,INV-001759
2026-08-01T23:59:59-04:00,SGW-ITM-001237,GW-016,listed,INV-001760
2026-08-01T23:59:59-04:00,SGW-ITM-001239,GW-003,listed,INV-001761
2026-08-01T23:59:59-04:00,SGW-ITM-001240,GW-016,listed,INV-001762
2026-08-01T23:59:59-04:00,SGW-ITM-001241,GW-021,listed,INV-001763
2026-08-01T23:59:59-04:00,SGW-ITM-001242,GW-001,listed,INV-001764
2026-08-01T23:59:59-04:00,SGW-ITM-001243,GW-005,listed,INV-001765
2026-08-01T23:59:59-04:00,SGW-ITM-001244,GW-001,listed,INV-001766
2026-08-01T23:59:59-04:00,SGW-ITM-001245,GW-008,listed,INV-001767
2026-08-01T23:59:59-04:00,SGW-ITM-001246,GW-004,listed,INV-001768
2026-08-01T23:59:59-04:00,SGW-ITM-001247,GW-024,listed,INV-001769
2026-08-01T23:59:59-04:00,SGW-ITM-001250,GW-011,listed,INV-001770
2026-08-01T23:59:59-04:00,SGW-ITM-001253,GW-021,listed,INV-001771
2026-08-01T23:59:59-04:00,SGW-ITM-001255,GW-004,awaiting_photography,INV-001772
2026-08-01T23:59:59-04:00,SGW-ITM-001256,GW-009,listed,INV-001773
2026-08-01T23:59:59-04:00,SGW-ITM-001257,GW-014,listed,INV-001774
2026-08-01T23:59:59-04:00,SGW-ITM-001258,GW-024,listed,INV-001775
2026-08-01T23:59:59-04:00,SGW-ITM-001259,GW-007,ready_to_list,INV-001776
2026-08-01T23:59:59-04:00,SGW-ITM-001260,GW-005,awaiting_inspection,INV-001777
2026-08-01T23:59:59-04:00,SGW-ITM-001262,GW-002,listed,INV-001778
2026-08-01T23:59:59-04:00,SGW-ITM-001263,GW-014,listed,INV-001779
2026-08-01T23:59:59-04:00,SGW-ITM-001264,GW-016,awaiting_photography,INV-001780
2026-08-01T23:59:59-04:00,SGW-ITM-001266,,awaiting_photography,INV-001781
2026-08-01T23:59:59-04:00,SGW-ITM-001268,GW-009,listed,INV-001782
2026-08-01T23:59:59-04:00,SGW-ITM-001270,GW-001,listed,INV-001783
2026-08-01T23:59:59-04:00,SGW-ITM-001272,GW-021,listed,INV-001784
2026-08-01T23:59:59-04:00,SGW-ITM-001273,GW-010,listed,INV-001785
2026-08-01T23:59:59-04:00,SGW-ITM-001274,GW-023,listed,INV-001786
2026-08-01T23:59:59-04:00,SGW-ITM-001275,GW-016,listed,INV-001787
2026-08-01T23:59:59-04:00,SGW-ITM-001276,GW-012,listed,INV-001788
2026-08-01T23:59:59-04:00,SGW-ITM-001278,GW-004,listed,INV-001789
2026-08-01T23:59:59-04:00,SGW-ITM-001279,GW-016,listed,INV-001790
2026-08-01T23:59:59-04:00,SGW-ITM-001282,GW-009,listed,INV-001791
2026-08-01T23:59:59-04:00,SGW-ITM-001283,GW-017,listed,INV-001792
2026-08-01T23:59:59-04:00,SGW-ITM-001284,GW-002,listed,INV-001793
2026-08-01T23:59:59-04:00,SGW-ITM-001285,GW-022,listed,INV-001794
2026-08-01T23:59:59-04:00,SGW-ITM-001286,GW-001,listed,INV-001795
2026-08-01T23:59:59-04:00,SGW-ITM-001287,GW-003,listed,INV-001796
2026-08-01T23:59:59-04:00,SGW-ITM-001288,GW-019,listed,INV-001797
2026-08-01T23:59:59-04:00,SGW-ITM-001290,GW-005,listed,INV-001798
2026-08-01T23:59:59-04:00,SGW-ITM-001291,GW-020,listed,INV-001799
2026-08-01T23:59:59-04:00,SGW-ITM-001292,GW-016,listed,INV-001800
2026-08-01T23:59:59-04:00,SGW-ITM-001293,GW-002,listed,INV-001801
2026-08-01T23:59:59-04:00,SGW-ITM-001294,GW-004,listed,INV-001802
2026-08-01T23:59:59-04:00,SGW-ITM-001295,GW-004,awaiting_inspection,INV-001803
2026-08-01T23:59:59-04:00,SGW-ITM-001296,GW-012,listed,INV-001804
2026-08-01T23:59:59-04:00,SGW-ITM-001297,GW-008,received,INV-001805
2026-08-01T23:59:59-04:00,SGW-ITM-001298,GW-008,awaiting_photography,INV-001806
2026-08-01T23:59:59-04:00,SGW-ITM-001299,GW-002,listed,INV-001807
2026-08-01T23:59:59-04:00,SGW-ITM-001300,GW-012,listed,INV-001808
2026-08-01T23:59:59-04:00,SGW-ITM-001301,GW-007,listed,INV-001809
2026-08-01T23:59:59-04:00,SGW-ITM-001304,GW-008,awaiting_photography,INV-001810
2026-08-01T23:59:59-04:00,SGW-ITM-001305,GW-020,listed,INV-001811
2026-08-01T23:59:59-04:00,SGW-ITM-001308,GW-008,listed,INV-001812
2026-08-01T23:59:59-04:00,SGW-ITM-001309,GW-001,listed,INV-001813
2026-08-01T23:59:59-04:00,SGW-ITM-001310,GW-020,listed,INV-001814
2026-08-01T23:59:59-04:00,SGW-ITM-001311,GW-006,listed,INV-001815
2026-08-01T23:59:59-04:00,SGW-ITM-001312,GW-004,listed,INV-001816
2026-08-01T23:59:59-04:00,SGW-ITM-001313,GW-024,received,INV-001817
2026-08-01T23:59:59-04:00,SGW-ITM-001319,GW-002,listed,INV-001818
2026-08-01T23:59:59-04:00,SGW-ITM-001320,GW-020,listed,INV-001819
2026-08-01T23:59:59-04:00,SGW-ITM-001321,GW-019,listed,INV-001820
2026-08-01T23:59:59-04:00,SGW-ITM-001322,GW-008,listed,INV-001821
2026-08-01T23:59:59-04:00,SGW-ITM-001323,GW-024,ready_to_list,INV-001822
2026-08-01T23:59:59-04:00,SGW-ITM-001324,GW-010,listed,INV-001823
2026-08-01T23:59:59-04:00,SGW-ITM-001325,GW-016,listed,INV-001824
2026-08-01T23:59:59-04:00,SGW-ITM-001326,GW-001,listed,INV-001825
2026-08-01T23:59:59-04:00,SGW-ITM-001327,GW-012,listed,INV-001826
2026-08-01T23:59:59-04:00,SGW-ITM-001328,GW-018,awaiting_photography,INV-001827
2026-08-01T23:59:59-04:00,SGW-ITM-001329,GW-005,received,INV-001828
2026-08-01T23:59:59-04:00,SGW-ITM-001330,GW-015,listed,INV-001829
2026-08-01T23:59:59-04:00,SGW-ITM-001332,GW-012,listed,INV-001830
2026-08-01T23:59:59-04:00,SGW-ITM-001333,GW-017,listed,INV-001831
2026-08-01T23:59:59-04:00,SGW-ITM-001334,GW-001,listed,INV-001832
2026-08-01T23:59:59-04:00,SGW-ITM-001336,GW-006,listed,INV-001833
2026-08-01T23:59:59-04:00,SGW-ITM-001337,GW-024,listed,INV-001834
2026-08-01T23:59:59-04:00,SGW-ITM-001338,GW-015,listed,INV-001835
2026-08-01T23:59:59-04:00,SGW-ITM-001339,GW-020,listed,INV-001836
2026-08-01T23:59:59-04:00,SGW-ITM-001340,GW-018,listed,INV-001837
2026-08-01T23:59:59-04:00,SGW-ITM-001341,GW-009,listed,INV-001838
2026-08-01T23:59:59-04:00,SGW-ITM-001342,GW-004,listed,INV-001839
2026-08-01T23:59:59-04:00,SGW-ITM-001344,GW-006,awaiting_inspection,INV-001840
2026-08-01T23:59:59-04:00,SGW-ITM-001345,GW-011,listed,INV-001841
2026-08-01T23:59:59-04:00,SGW-ITM-001347,GW-005,listed,INV-001842
2026-08-01T23:59:59-04:00,SGW-ITM-001349,GW-010,listed,INV-001843
2026-08-01T23:59:59-04:00,SGW-ITM-001350,GW-004,listed,INV-001844
2026-08-01T23:59:59-04:00,SGW-ITM-001351,GW-007,listed,INV-001845
2026-08-01T23:59:59-04:00,SGW-ITM-001352,GW-018,listed,INV-001846
2026-08-01T23:59:59-04:00,SGW-ITM-001354,GW-023,awaiting_photography,INV-001847
2026-08-01T23:59:59-04:00,SGW-ITM-001355,GW-001,listed,INV-001848
2026-08-01T23:59:59-04:00,SGW-ITM-001357,GW-011,listed,INV-001849
2026-08-01T23:59:59-04:00,SGW-ITM-001358,GW-002,awaiting_photography,INV-001850
2026-08-01T23:59:59-04:00,SGW-ITM-001360,GW-004,listed,INV-001851
2026-08-01T23:59:59-04:00,SGW-ITM-001362,GW-011,listed,INV-001852
2026-08-01T23:59:59-04:00,SGW-ITM-001363,GW-018,listed,INV-001853
2026-08-01T23:59:59-04:00,SGW-ITM-001364,GW-011,listed,INV-001854
2026-08-01T23:59:59-04:00,SGW-ITM-001365,GW-013,listed,INV-001855
2026-08-01T23:59:59-04:00,SGW-ITM-001366,GW-007,awaiting_photography,INV-001856
2026-08-01T23:59:59-04:00,SGW-ITM-001367,GW-004,listed,INV-001857
2026-08-01T23:59:59-04:00,SGW-ITM-001369,GW-011,listed,INV-001858
2026-08-01T23:59:59-04:00,SGW-ITM-001370,GW-004,listed,INV-001859
2026-08-01T23:59:59-04:00,SGW-ITM-001372,GW-012,listed,INV-001860
2026-08-01T23:59:59-04:00,SGW-ITM-001373,GW-024,listed,INV-001861
2026-08-01T23:59:59-04:00,SGW-ITM-001374,GW-022,listed,INV-001862
2026-08-01T23:59:59-04:00,SGW-ITM-001375,GW-009,awaiting_inspection,INV-001863
2026-08-01T23:59:59-04:00,SGW-ITM-001376,GW-005,awaiting_photography,INV-001864
2026-08-01T23:59:59-04:00,SGW-ITM-001377,GW-017,listed,INV-001865
2026-08-01T23:59:59-04:00,SGW-ITM-001378,GW-017,listed,INV-001866
2026-08-01T23:59:59-04:00,SGW-ITM-001379,GW-021,listed,INV-001867
2026-08-01T23:59:59-04:00,SGW-ITM-001380,GW-016,listed,INV-001868
2026-08-01T23:59:59-04:00,SGW-ITM-001381,GW-004,listed,INV-001869
2026-08-01T23:59:59-04:00,SGW-ITM-001382,GW-004,listed,INV-001870
2026-08-01T23:59:59-04:00,SGW-ITM-001384,GW-002,listed,INV-001871
2026-08-01T23:59:59-04:00,SGW-ITM-001385,GW-008,listed,INV-001872
2026-08-01T23:59:59-04:00,SGW-ITM-001386,GW-009,listed,INV-001873
2026-08-01T23:59:59-04:00,SGW-ITM-001389,GW-020,listed,INV-001874
2026-08-01T23:59:59-04:00,SGW-ITM-001391,GW-016,listed,INV-001875
2026-08-01T23:59:59-04:00,SGW-ITM-001392,GW-002,listed,INV-001876
2026-08-01T23:59:59-04:00,SGW-ITM-001393,GW-004,listed,INV-001877
2026-08-01T23:59:59-04:00,SGW-ITM-001394,GW-010,listed,INV-001878
2026-08-01T23:59:59-04:00,SGW-ITM-001397,GW-020,listed,INV-001879
2026-08-01T23:59:59-04:00,SGW-ITM-001398,GW-007,listed,INV-001880
2026-08-01T23:59:59-04:00,SGW-ITM-001399,GW-017,listed,INV-001881
2026-08-01T23:59:59-04:00,SGW-ITM-001400,GW-009,listed,INV-001882
2026-08-01T23:59:59-04:00,SGW-ITM-001401,GW-001,listed,INV-001883
2026-08-01T23:59:59-04:00,SGW-ITM-001402,GW-004,listed,INV-001884
2026-08-01T23:59:59-04:00,SGW-ITM-001404,GW-020,listed,INV-001885
2026-08-01T23:59:59-04:00,SGW-ITM-001405,GW-005,listed,INV-001886
2026-08-01T23:59:59-04:00,SGW-ITM-001406,GW-024,listed,INV-001887
2026-08-01T23:59:59-04:00,SGW-ITM-001407,GW-001,listed,INV-001888
2026-08-01T23:59:59-04:00,SGW-ITM-001408,GW-021,listed,INV-001889
2026-08-01T23:59:59-04:00,SGW-ITM-001409,GW-023,received,INV-001890
2026-08-01T23:59:59-04:00,SGW-ITM-001410,GW-008,received,INV-001891
2026-08-01T23:59:59-04:00,SGW-ITM-001412,GW-017,listed,INV-001892
2026-08-01T23:59:59-04:00,SGW-ITM-001413,GW-020,listed,INV-001893
2026-08-01T23:59:59-04:00,SGW-ITM-001414,GW-016,listed,INV-001894
2026-08-01T23:59:59-04:00,SGW-ITM-001415,GW-004,awaiting_photography,INV-001895
2026-08-01T23:59:59-04:00,SGW-ITM-001416,GW-006,listed,INV-001896
2026-08-01T23:59:59-04:00,SGW-ITM-001417,GW-003,listed,INV-001897
2026-08-01T23:59:59-04:00,SGW-ITM-001418,GW-014,listed,INV-001898
2026-08-01T23:59:59-04:00,SGW-ITM-001420,GW-024,listed,INV-001899
2026-08-01T23:59:59-04:00,SGW-ITM-001421,GW-018,awaiting_photography,INV-001900
2026-08-01T23:59:59-04:00,SGW-ITM-001422,GW-004,listed,INV-001901
2026-08-01T23:59:59-04:00,SGW-ITM-001423,GW-009,listed,INV-001902
2026-08-01T23:59:59-04:00,SGW-ITM-001425,GW-016,awaiting_inspection,INV-001903
2026-08-01T23:59:59-04:00,SGW-ITM-001426,GW-014,listed,INV-001904
2026-08-01T23:59:59-04:00,SGW-ITM-001429,GW-011,listed,INV-001905
2026-08-01T23:59:59-04:00,SGW-ITM-001431,GW-008,listed,INV-001906
2026-08-01T23:59:59-04:00,SGW-ITM-001432,GW-018,listed,INV-001907
2026-08-01T23:59:59-04:00,SGW-ITM-001433,GW-018,listed,INV-001908
2026-08-01T23:59:59-04:00,SGW-ITM-001434,GW-017,listed,INV-001909
2026-08-01T23:59:59-04:00,SGW-ITM-001435,GW-009,listed,INV-001910
2026-08-01T23:59:59-04:00,SGW-ITM-001436,GW-011,listed,INV-001911
2026-08-01T23:59:59-04:00,SGW-ITM-001437,GW-011,listed,INV-001912
2026-08-01T23:59:59-04:00,SGW-ITM-001438,GW-014,listed,INV-001913
2026-08-01T23:59:59-04:00,SGW-ITM-001440,GW-018,listed,INV-001914
2026-08-01T23:59:59-04:00,SGW-ITM-001441,GW-011,listed,INV-001915
2026-08-01T23:59:59-04:00,SGW-ITM-001442,GW-014,listed,INV-001916
2026-08-01T23:59:59-04:00,SGW-ITM-001444,GW-010,awaiting_inspection,INV-001917
2026-08-01T23:59:59-04:00,SGW-ITM-001445,GW-005,listed,INV-001918
2026-08-01T23:59:59-04:00,SGW-ITM-001446,GW-024,listed,INV-001919
2026-08-01T23:59:59-04:00,SGW-ITM-001447,GW-020,listed,INV-001920
2026-08-01T23:59:59-04:00,SGW-ITM-001449,GW-004,awaiting_inspection,INV-001921
2026-08-01T23:59:59-04:00,SGW-ITM-001450,GW-016,listed,INV-001922
2026-08-01T23:59:59-04:00,SGW-ITM-001451,GW-006,listed,INV-001923
2026-08-01T23:59:59-04:00,SGW-ITM-001453,GW-010,listed,INV-001924
2026-08-01T23:59:59-04:00,SGW-ITM-001454,GW-010,listed,INV-001925
2026-08-01T23:59:59-04:00,SGW-ITM-001455,GW-012,received,INV-001926
2026-08-01T23:59:59-04:00,SGW-ITM-001456,GW-020,listed,INV-001927
2026-08-01T23:59:59-04:00,SGW-ITM-001457,GW-004,listed,INV-001928
2026-08-01T23:59:59-04:00,SGW-ITM-001458,GW-016,listed,INV-001929
2026-08-01T23:59:59-04:00,SGW-ITM-001459,GW-008,listed,INV-001930
2026-08-01T23:59:59-04:00,SGW-ITM-001460,GW-014,listed,INV-001931
2026-08-01T23:59:59-04:00,SGW-ITM-001461,GW-002,listed,INV-001932
2026-08-01T23:59:59-04:00,SGW-ITM-001463,GW-008,listed,INV-001933
2026-08-01T23:59:59-04:00,SGW-ITM-001465,GW-005,listed,INV-001934
2026-08-01T23:59:59-04:00,SGW-ITM-001466,GW-004,listed,INV-001935
2026-08-01T23:59:59-04:00,SGW-ITM-001467,GW-008,listed,INV-001936
2026-08-01T23:59:59-04:00,SGW-ITM-001469,GW-002,listed,INV-001937
2026-08-01T23:59:59-04:00,SGW-ITM-001470,GW-010,listed,INV-001938
2026-08-01T23:59:59-04:00,SGW-ITM-001471,GW-008,listed,INV-001939
2026-08-01T23:59:59-04:00,SGW-ITM-001473,GW-004,awaiting_photography,INV-001940
2026-08-01T23:59:59-04:00,SGW-ITM-001474,GW-015,listed,INV-001941
2026-08-01T23:59:59-04:00,SGW-ITM-001475,GW-018,awaiting_photography,INV-001942
2026-08-01T23:59:59-04:00,SGW-ITM-001478,GW-006,listed,INV-001943
2026-08-01T23:59:59-04:00,SGW-ITM-001479,GW-014,listed,INV-001944
2026-08-01T23:59:59-04:00,SGW-ITM-001480,GW-001,listed,INV-001945
2026-08-01T23:59:59-04:00,SGW-ITM-001481,GW-024,listed,INV-001946
2026-08-01T23:59:59-04:00,SGW-ITM-001482,GW-024,listed,INV-001947
2026-08-01T23:59:59-04:00,SGW-ITM-001483,GW-004,listed,INV-001948
2026-08-01T23:59:59-04:00,SGW-ITM-001484,GW-003,listed,INV-001949
2026-08-01T23:59:59-04:00,SGW-ITM-001485,GW-004,listed,INV-001950
2026-08-01T23:59:59-04:00,SGW-ITM-001487,GW-018,listed,INV-001951
2026-08-01T23:59:59-04:00,SGW-ITM-001488,GW-023,listed,INV-001952
2026-08-01T23:59:59-04:00,SGW-ITM-001489,GW-009,listed,INV-001953
2026-08-01T23:59:59-04:00,SGW-ITM-001490,GW-002,awaiting_photography,INV-001954
2026-08-01T23:59:59-04:00,SGW-ITM-001491,GW-007,awaiting_inspection,INV-001955
2026-08-01T23:59:59-04:00,SGW-ITM-001492,GW-009,listed,INV-001956
2026-08-01T23:59:59-04:00,SGW-ITM-001493,GW-009,received,INV-001957
2026-08-01T23:59:59-04:00,SGW-ITM-001494,GW-017,listed,INV-001958
2026-08-01T23:59:59-04:00,SGW-ITM-001495,GW-015,received,INV-001959
2026-08-01T23:59:59-04:00,SGW-ITM-001496,GW-019,listed,INV-001960
2026-08-01T23:59:59-04:00,SGW-ITM-001497,GW-004,received,INV-001961
2026-08-01T23:59:59-04:00,SGW-ITM-001498,GW-013,awaiting_photography,INV-001962
2026-08-01T23:59:59-04:00,SGW-ITM-001499,GW-008,awaiting_inspection,INV-001963
2026-08-01T23:59:59-04:00,SGW-ITM-001501,GW-022,listed,INV-001964
2026-08-01T23:59:59-04:00,SGW-ITM-001502,GW-024,listed,INV-001965
2026-08-01T23:59:59-04:00,SGW-ITM-001503,GW-020,awaiting_photography,INV-001966
2026-08-01T23:59:59-04:00,SGW-ITM-001504,GW-001,listed,INV-001967
2026-08-01T23:59:59-04:00,SGW-ITM-001505,GW-015,listed,INV-001968
2026-08-01T23:59:59-04:00,SGW-ITM-001506,GW-012,listed,INV-001969
2026-08-01T23:59:59-04:00,SGW-ITM-001507,GW-012,listed,INV-001970
2026-08-01T23:59:59-04:00,SGW-ITM-001508,GW-024,listed,INV-001971
2026-08-01T23:59:59-04:00,SGW-ITM-001509,GW-002,listed,INV-001972
2026-08-01T23:59:59-04:00,SGW-ITM-001510,GW-009,awaiting_photography,INV-001973
2026-08-01T23:59:59-04:00,SGW-ITM-001512,GW-022,awaiting_photography,INV-001974
2026-08-01T23:59:59-04:00,SGW-ITM-001514,GW-014,ready_to_list,INV-001975
2026-08-01T23:59:59-04:00,SGW-ITM-001515,GW-001,listed,INV-001976
2026-08-01T23:59:59-04:00,SGW-ITM-001516,GW-024,awaiting_inspection,INV-001977
2026-08-01T23:59:59-04:00,SGW-ITM-001517,GW-004,listed,INV-001978
2026-08-01T23:59:59-04:00,SGW-ITM-001518,GW-002,awaiting_inspection,INV-001979
2026-08-01T23:59:59-04:00,SGW-ITM-001519,GW-012,listed,INV-001980
2026-08-01T23:59:59-04:00,SGW-ITM-001520,GW-001,listed,INV-001981
2026-08-01T23:59:59-04:00,SGW-ITM-001521,GW-001,listed,INV-001982
2026-08-01T23:59:59-04:00,SGW-ITM-001522,GW-010,received,INV-001983
2026-08-01T23:59:59-04:00,SGW-ITM-001523,GW-001,listed,INV-001984
2026-08-01T23:59:59-04:00,SGW-ITM-001524,GW-023,listed,INV-001985
2026-08-01T23:59:59-04:00,SGW-ITM-001525,GW-012,listed,INV-001986
2026-08-01T23:59:59-04:00,SGW-ITM-001526,GW-008,listed,INV-001987
2026-08-01T23:59:59-04:00,SGW-ITM-001527,GW-005,listed,INV-001988
2026-08-01T23:59:59-04:00,SGW-ITM-001528,GW-005,listed,INV-001989
2026-08-01T23:59:59-04:00,SGW-ITM-001529,GW-016,listed,INV-001990
2026-08-01T23:59:59-04:00,SGW-ITM-001530,GW-006,listed,INV-001991
2026-08-01T23:59:59-04:00,SGW-ITM-001531,GW-010,listed,INV-001992
2026-08-01T23:59:59-04:00,SGW-ITM-001532,GW-022,listed,INV-001993
2026-08-01T23:59:59-04:00,SGW-ITM-001533,GW-023,listed,INV-001994
2026-08-01T23:59:59-04:00,SGW-ITM-001534,GW-016,listed,INV-001995
2026-08-01T23:59:59-04:00,SGW-ITM-001536,GW-008,listed,INV-001996
2026-08-01T23:59:59-04:00,SGW-ITM-001538,GW-016,listed,INV-001997
2026-08-01T23:59:59-04:00,SGW-ITM-001539,GW-023,listed,INV-001998
2026-08-01T23:59:59-04:00,SGW-ITM-001540,GW-006,listed,INV-001999
2026-08-01T23:59:59-04:00,SGW-ITM-001542,GW-016,awaiting_photography,INV-002000
2026-08-01T23:59:59-04:00,SGW-ITM-001543,GW-014,listed,INV-002001
2026-08-01T23:59:59-04:00,SGW-ITM-001546,GW-015,listed,INV-002002
2026-08-01T23:59:59-04:00,SGW-ITM-001547,GW-011,awaiting_photography,INV-002003
2026-08-01T23:59:59-04:00,SGW-ITM-001548,GW-014,awaiting_photography,INV-002004
2026-08-01T23:59:59-04:00,SGW-ITM-001549,GW-023,listed,INV-002005
2026-08-01T23:59:59-04:00,SGW-ITM-001550,GW-001,awaiting_photography,INV-002006
2026-08-01T23:59:59-04:00,SGW-ITM-001551,GW-008,listed,INV-002007
2026-08-01T23:59:59-04:00,SGW-ITM-001552,GW-017,listed,INV-002008
2026-08-01T23:59:59-04:00,SGW-ITM-001553,GW-018,listed,INV-002009
2026-08-01T23:59:59-04:00,SGW-ITM-001554,GW-004,listed,INV-002010
2026-08-01T23:59:59-04:00,SGW-ITM-001555,GW-002,listed,INV-002011
2026-08-01T23:59:59-04:00,SGW-ITM-001556,GW-015,listed,INV-002012
2026-08-01T23:59:59-04:00,SGW-ITM-001557,GW-008,awaiting_inspection,INV-002013
2026-08-01T23:59:59-04:00,SGW-ITM-001559,GW-005,listed,INV-002014
2026-08-01T23:59:59-04:00,SGW-ITM-001560,GW-016,awaiting_photography,INV-002015
2026-08-01T23:59:59-04:00,SGW-ITM-001561,GW-017,listed,INV-002016
2026-08-01T23:59:59-04:00,SGW-ITM-001562,GW-004,listed,INV-002017
2026-08-01T23:59:59-04:00,SGW-ITM-001563,GW-009,listed,INV-002018
2026-08-01T23:59:59-04:00,SGW-ITM-001564,GW-012,listed,INV-002019
2026-08-01T23:59:59-04:00,SGW-ITM-001565,GW-002,listed,INV-002020
2026-08-01T23:59:59-04:00,SGW-ITM-001566,GW-001,awaiting_inspection,INV-002021
2026-08-01T23:59:59-04:00,SGW-ITM-001567,GW-023,ready_to_list,INV-002022
2026-08-01T23:59:59-04:00,SGW-ITM-001568,GW-012,listed,INV-002023
2026-08-01T23:59:59-04:00,SGW-ITM-001570,GW-011,listed,INV-002024
2026-08-01T23:59:59-04:00,SGW-ITM-001571,GW-011,listed,INV-002025
2026-08-01T23:59:59-04:00,SGW-ITM-001573,GW-008,listed,INV-002026
2026-08-01T23:59:59-04:00,SGW-ITM-001574,GW-011,listed,INV-002027
2026-08-01T23:59:59-04:00,SGW-ITM-001575,GW-019,listed,INV-002028
2026-08-01T23:59:59-04:00,SGW-ITM-001576,GW-015,listed,INV-002029
2026-08-01T23:59:59-04:00,SGW-ITM-001577,GW-004,awaiting_photography,INV-002030
2026-08-01T23:59:59-04:00,SGW-ITM-001579,GW-004,listed,INV-002031
2026-08-01T23:59:59-04:00,SGW-ITM-001580,GW-012,listed,INV-002032
2026-08-01T23:59:59-04:00,SGW-ITM-001581,GW-020,listed,INV-002033
2026-08-01T23:59:59-04:00,SGW-ITM-001583,GW-002,listed,INV-002034
2026-08-01T23:59:59-04:00,SGW-ITM-001584,GW-010,listed,INV-002035
2026-08-01T23:59:59-04:00,SGW-ITM-001585,GW-017,listed,INV-002036
2026-08-01T23:59:59-04:00,SGW-ITM-001586,GW-022,listed,INV-002037
2026-08-01T23:59:59-04:00,SGW-ITM-001587,GW-021,listed,INV-002038
2026-08-01T23:59:59-04:00,SGW-ITM-001588,GW-009,listed,INV-002039
2026-08-01T23:59:59-04:00,SGW-ITM-001589,GW-021,listed,INV-002040
2026-08-01T23:59:59-04:00,SGW-ITM-001590,GW-024,awaiting_inspection,INV-002041
2026-08-01T23:59:59-04:00,SGW-ITM-001591,GW-004,awaiting_photography,INV-002042
2026-08-01T23:59:59-04:00,SGW-ITM-001592,GW-007,listed,INV-002043
2026-08-01T23:59:59-04:00,SGW-ITM-001593,GW-002,listed,INV-002044
2026-08-01T23:59:59-04:00,SGW-ITM-001594,GW-013,listed,INV-002045
2026-08-01T23:59:59-04:00,SGW-ITM-001596,GW-024,listed,INV-002046
2026-08-01T23:59:59-04:00,SGW-ITM-001597,GW-011,listed,INV-002047
2026-08-01T23:59:59-04:00,SGW-ITM-001599,GW-005,listed,INV-002048
2026-08-01T23:59:59-04:00,SGW-ITM-001601,GW-020,listed,INV-002049
2026-08-01T23:59:59-04:00,SGW-ITM-001602,GW-019,listed,INV-002050
2026-08-01T23:59:59-04:00,SGW-ITM-001603,GW-021,received,INV-002051
2026-08-01T23:59:59-04:00,SGW-ITM-001604,GW-016,awaiting_photography,INV-002052
2026-08-01T23:59:59-04:00,SGW-ITM-001605,GW-002,listed,INV-002053
2026-08-01T23:59:59-04:00,SGW-ITM-001606,GW-020,listed,INV-002054
2026-08-01T23:59:59-04:00,SGW-ITM-001607,GW-012,awaiting_photography,INV-002055
2026-08-01T23:59:59-04:00,SGW-ITM-001608,GW-002,listed,INV-002056
2026-08-01T23:59:59-04:00,SGW-ITM-001609,GW-012,listed,INV-002057
2026-08-01T23:59:59-04:00,SGW-ITM-001610,GW-020,listed,INV-002058
2026-08-01T23:59:59-04:00,SGW-ITM-001611,GW-002,listed,INV-002059
2026-08-01T23:59:59-04:00,SGW-ITM-001612,GW-002,listed,INV-002060
2026-08-01T23:59:59-04:00,SGW-ITM-001613,GW-017,listed,INV-002061
2026-08-01T23:59:59-04:00,SGW-ITM-001614,GW-002,awaiting_inspection,INV-002062
2026-08-01T23:59:59-04:00,SGW-ITM-001615,GW-004,listed,INV-002063
2026-08-01T23:59:59-04:00,SGW-ITM-001616,GW-004,listed,INV-002064
2026-08-01T23:59:59-04:00,SGW-ITM-001617,GW-018,awaiting_photography,INV-002065
2026-08-01T23:59:59-04:00,SGW-ITM-001618,GW-013,awaiting_photography,INV-002066
2026-08-01T23:59:59-04:00,SGW-ITM-001620,GW-010,listed,INV-002067
2026-08-01T23:59:59-04:00,SGW-ITM-001621,GW-012,listed,INV-002068
2026-08-01T23:59:59-04:00,SGW-ITM-001622,GW-017,listed,INV-002069
2026-08-01T23:59:59-04:00,SGW-ITM-001623,GW-004,listed,INV-002070
2026-08-01T23:59:59-04:00,SGW-ITM-001624,GW-018,listed,INV-002071
2026-08-01T23:59:59-04:00,SGW-ITM-001625,GW-021,listed,INV-002072
2026-08-01T23:59:59-04:00,SGW-ITM-001626,GW-015,listed,INV-002073
2026-08-01T23:59:59-04:00,SGW-ITM-001627,GW-022,listed,INV-002074
2026-08-01T23:59:59-04:00,SGW-ITM-001628,GW-011,listed,INV-002075
2026-08-01T23:59:59-04:00,SGW-ITM-001629,GW-004,listed,INV-002076
2026-08-01T23:59:59-04:00,SGW-ITM-001630,GW-006,listed,INV-002077
2026-08-01T23:59:59-04:00,SGW-ITM-001631,GW-019,listed,INV-002078
2026-08-01T23:59:59-04:00,SGW-ITM-001632,GW-014,listed,INV-002079
2026-08-01T23:59:59-04:00,SGW-ITM-001633,GW-005,received,INV-002080
2026-08-01T23:59:59-04:00,SGW-ITM-001634,GW-001,awaiting_photography,INV-002081
2026-08-01T23:59:59-04:00,SGW-ITM-001637,GW-001,listed,INV-002082
2026-08-01T23:59:59-04:00,SGW-ITM-001638,GW-006,listed,INV-002083
2026-08-01T23:59:59-04:00,SGW-ITM-001639,GW-005,awaiting_photography,INV-002084
2026-08-01T23:59:59-04:00,SGW-ITM-001640,GW-008,awaiting_inspection,INV-002085
2026-08-01T23:59:59-04:00,SGW-ITM-001641,GW-009,listed,INV-002086
2026-08-01T23:59:59-04:00,SGW-ITM-001643,GW-020,awaiting_photography,INV-002087
2026-08-01T23:59:59-04:00,SGW-ITM-001644,GW-002,listed,INV-002088
2026-08-01T23:59:59-04:00,SGW-ITM-001645,GW-015,awaiting_inspection,INV-002089
2026-08-01T23:59:59-04:00,SGW-ITM-001646,GW-008,awaiting_photography,INV-002090
2026-08-01T23:59:59-04:00,SGW-ITM-001649,GW-004,awaiting_photography,INV-002091
2026-08-01T23:59:59-04:00,SGW-ITM-001650,GW-024,listed,INV-002092
2026-08-01T23:59:59-04:00,SGW-ITM-001652,GW-018,listed,INV-002093
2026-08-01T23:59:59-04:00,SGW-ITM-001653,GW-009,listed,INV-002094
2026-08-01T23:59:59-04:00,SGW-ITM-001654,GW-022,listed,INV-002095
2026-08-01T23:59:59-04:00,SGW-ITM-001655,GW-006,awaiting_photography,INV-002096
2026-08-01T23:59:59-04:00,SGW-ITM-001656,GW-022,listed,INV-002097
2026-08-01T23:59:59-04:00,SGW-ITM-001657,GW-006,listed,INV-002098
2026-08-01T23:59:59-04:00,SGW-ITM-001658,GW-009,listed,INV-002099
2026-08-01T23:59:59-04:00,SGW-ITM-001660,GW-018,listed,INV-002100
2026-08-01T23:59:59-04:00,SGW-ITM-001661,GW-017,listed,INV-002101
2026-08-01T23:59:59-04:00,SGW-ITM-001662,GW-004,listed,INV-002102
2026-08-01T23:59:59-04:00,SGW-ITM-001664,GW-022,listed,INV-002103
2026-08-01T23:59:59-04:00,SGW-ITM-001665,GW-008,listed,INV-002104
2026-08-01T23:59:59-04:00,SGW-ITM-001670,GW-005,listed,INV-002105
2026-08-01T23:59:59-04:00,SGW-ITM-001671,GW-020,listed,INV-002106
2026-08-01T23:59:59-04:00,SGW-ITM-001672,GW-009,listed,INV-002107
2026-08-01T23:59:59-04:00,SGW-ITM-001674,GW-009,listed,INV-002108
2026-08-01T23:59:59-04:00,SGW-ITM-001675,GW-020,listed,INV-002109
2026-08-01T23:59:59-04:00,SGW-ITM-001676,GW-022,listed,INV-002110
2026-08-01T23:59:59-04:00,SGW-ITM-001677,GW-004,awaiting_photography,INV-002111
2026-08-01T23:59:59-04:00,SGW-ITM-001681,GW-006,listed,INV-002112
2026-08-01T23:59:59-04:00,SGW-ITM-001682,GW-009,received,INV-002113
2026-08-01T23:59:59-04:00,SGW-ITM-001683,GW-004,listed,INV-002114
2026-08-01T23:59:59-04:00,SGW-ITM-001684,GW-008,listed,INV-002115
2026-08-01T23:59:59-04:00,SGW-ITM-001686,GW-017,listed,INV-002116
2026-08-01T23:59:59-04:00,SGW-ITM-001688,,awaiting_inspection,INV-002117
2026-08-01T23:59:59-04:00,SGW-ITM-001690,GW-011,listed,INV-002118
2026-08-01T23:59:59-04:00,SGW-ITM-001691,GW-005,listed,INV-002119
2026-08-01T23:59:59-04:00,SGW-ITM-001692,GW-011,listed,INV-002120
2026-08-01T23:59:59-04:00,SGW-ITM-001693,GW-005,received,INV-002121
2026-08-01T23:59:59-04:00,SGW-ITM-001694,GW-007,listed,INV-002122
2026-08-01T23:59:59-04:00,SGW-ITM-001695,GW-024,received,INV-002123
2026-08-01T23:59:59-04:00,SGW-ITM-001696,GW-008,listed,INV-002124
2026-08-01T23:59:59-04:00,SGW-ITM-001697,GW-004,received,INV-002125
2026-08-01T23:59:59-04:00,SGW-ITM-001698,GW-001,listed,INV-002126
2026-08-01T23:59:59-04:00,SGW-ITM-001699,GW-012,received,INV-002127
2026-08-01T23:59:59-04:00,SGW-ITM-001700,GW-008,listed,INV-002128
2026-08-01T23:59:59-04:00,SGW-ITM-001701,GW-014,listed,INV-002129
2026-08-01T23:59:59-04:00,SGW-ITM-001702,GW-020,listed,INV-002130
2026-08-01T23:59:59-04:00,SGW-ITM-001703,GW-017,listed,INV-002131
2026-08-01T23:59:59-04:00,SGW-ITM-001704,GW-009,listed,INV-002132
2026-08-01T23:59:59-04:00,SGW-ITM-001705,GW-010,listed,INV-002133
2026-08-01T23:59:59-04:00,SGW-ITM-001707,GW-014,listed,INV-002134
2026-08-01T23:59:59-04:00,SGW-ITM-001708,GW-017,ready_to_list,INV-002135
2026-08-01T23:59:59-04:00,SGW-ITM-001709,GW-006,listed,INV-002136
2026-08-01T23:59:59-04:00,SGW-ITM-001710,GW-007,received,INV-002137
2026-08-01T23:59:59-04:00,SGW-ITM-001712,GW-022,listed,INV-002138
2026-08-01T23:59:59-04:00,SGW-ITM-001713,GW-009,listed,INV-002139
2026-08-01T23:59:59-04:00,SGW-ITM-001714,GW-012,listed,INV-002140
2026-08-01T23:59:59-04:00,SGW-ITM-001715,GW-001,listed,INV-002141
2026-08-01T23:59:59-04:00,SGW-ITM-001717,GW-004,listed,INV-002142
2026-08-01T23:59:59-04:00,SGW-ITM-001718,GW-019,listed,INV-002143
2026-08-01T23:59:59-04:00,SGW-ITM-001719,GW-024,listed,INV-002144
2026-08-01T23:59:59-04:00,SGW-ITM-001720,GW-001,listed,INV-002145
2026-08-01T23:59:59-04:00,SGW-ITM-001721,GW-023,awaiting_inspection,INV-002146
2026-08-01T23:59:59-04:00,SGW-ITM-001722,GW-012,listed,INV-002147
2026-08-01T23:59:59-04:00,SGW-ITM-001723,GW-017,listed,INV-002148
2026-08-01T23:59:59-04:00,SGW-ITM-001725,GW-017,listed,INV-002149
2026-08-01T23:59:59-04:00,SGW-ITM-001726,GW-004,ready_to_list,INV-002150
2026-08-01T23:59:59-04:00,SGW-ITM-001727,GW-016,listed,INV-002151
2026-08-01T23:59:59-04:00,SGW-ITM-001728,GW-002,listed,INV-002152
2026-08-01T23:59:59-04:00,SGW-ITM-001729,GW-001,received,INV-002153
2026-08-01T23:59:59-04:00,SGW-ITM-001730,GW-024,listed,INV-002154
2026-08-01T23:59:59-04:00,SGW-ITM-001731,GW-016,listed,INV-002155
2026-08-01T23:59:59-04:00,SGW-ITM-001732,GW-011,listed,INV-002156
2026-08-01T23:59:59-04:00,SGW-ITM-001733,GW-016,received,INV-002157
2026-08-01T23:59:59-04:00,SGW-ITM-001734,GW-004,listed,INV-002158
2026-08-01T23:59:59-04:00,SGW-ITM-001735,GW-016,listed,INV-002159
2026-08-01T23:59:59-04:00,SGW-ITM-001738,GW-005,ready_to_list,INV-002160
2026-08-01T23:59:59-04:00,SGW-ITM-001739,GW-019,awaiting_inspection,INV-002161
2026-08-01T23:59:59-04:00,SGW-ITM-001741,GW-016,listed,INV-002162
2026-08-01T23:59:59-04:00,SGW-ITM-001743,GW-004,listed,INV-002163
2026-08-01T23:59:59-04:00,SGW-ITM-001744,GW-018,listed,INV-002164
2026-08-01T23:59:59-04:00,SGW-ITM-001745,GW-008,listed,INV-002165
2026-08-01T23:59:59-04:00,SGW-ITM-001746,GW-008,listed,INV-002166
2026-08-01T23:59:59-04:00,SGW-ITM-001747,GW-012,listed,INV-002167
2026-08-01T23:59:59-04:00,SGW-ITM-001748,GW-024,listed,INV-002168
2026-08-01T23:59:59-04:00,SGW-ITM-001749,GW-010,received,INV-002169
2026-08-01T23:59:59-04:00,SGW-ITM-001752,GW-002,listed,INV-002170
2026-08-01T23:59:59-04:00,SGW-ITM-001753,GW-010,listed,INV-002171
2026-08-01T23:59:59-04:00,SGW-ITM-001754,GW-014,listed,INV-002172
2026-08-01T23:59:59-04:00,SGW-ITM-001755,GW-009,listed,INV-002173
2026-08-01T23:59:59-04:00,SGW-ITM-001756,GW-021,listed,INV-002174
2026-08-01T23:59:59-04:00,SGW-ITM-001757,GW-011,listed,INV-002175
2026-08-01T23:59:59-04:00,SGW-ITM-001758,GW-007,listed,INV-002176
2026-08-01T23:59:59-04:00,SGW-ITM-001759,GW-005,listed,INV-002177
2026-08-01T23:59:59-04:00,SGW-ITM-001761,GW-016,listed,INV-002178
2026-08-01T23:59:59-04:00,SGW-ITM-001763,GW-008,listed,INV-002179
2026-08-01T23:59:59-04:00,SGW-ITM-001764,GW-009,listed,INV-002180
2026-08-01T23:59:59-04:00,SGW-ITM-001765,GW-001,listed,INV-002181
2026-08-01T23:59:59-04:00,SGW-ITM-001767,GW-024,awaiting_inspection,INV-002182
2026-08-01T23:59:59-04:00,SGW-ITM-001768,GW-002,listed,INV-002183
2026-08-01T23:59:59-04:00,SGW-ITM-001769,GW-001,listed,INV-002184
2026-08-01T23:59:59-04:00,SGW-ITM-001770,GW-015,awaiting_inspection,INV-002185
2026-08-01T23:59:59-04:00,SGW-ITM-001772,GW-005,listed,INV-002186
2026-08-01T23:59:59-04:00,SGW-ITM-001774,GW-009,listed,INV-002187
2026-08-01T23:59:59-04:00,SGW-ITM-001775,GW-023,listed,INV-002188
2026-08-01T23:59:59-04:00,SGW-ITM-001776,GW-012,listed,INV-002189
2026-08-01T23:59:59-04:00,SGW-ITM-001777,GW-006,listed,INV-002190
2026-08-01T23:59:59-04:00,SGW-ITM-001779,GW-006,listed,INV-002191
2026-08-01T23:59:59-04:00,SGW-ITM-001781,GW-006,listed,INV-002192
2026-08-01T23:59:59-04:00,SGW-ITM-001782,GW-005,awaiting_inspection,INV-002193
2026-08-01T23:59:59-04:00,SGW-ITM-001783,GW-024,listed,INV-002194
2026-08-01T23:59:59-04:00,SGW-ITM-001784,GW-004,received,INV-002195
2026-08-01T23:59:59-04:00,SGW-ITM-001785,GW-011,listed,INV-002196
2026-08-01T23:59:59-04:00,SGW-ITM-001786,GW-010,listed,INV-002197
2026-08-01T23:59:59-04:00,SGW-ITM-001788,GW-018,listed,INV-002198
2026-08-01T23:59:59-04:00,SGW-ITM-001789,GW-009,received,INV-002199
2026-08-01T23:59:59-04:00,SGW-ITM-001791,GW-014,listed,INV-002200
2026-08-01T23:59:59-04:00,SGW-ITM-001792,GW-004,listed,INV-002201
2026-08-01T23:59:59-04:00,SGW-ITM-001793,GW-020,listed,INV-002202
2026-08-01T23:59:59-04:00,SGW-ITM-001794,GW-008,listed,INV-002203
2026-08-01T23:59:59-04:00,SGW-ITM-001795,GW-023,listed,INV-002204
2026-08-01T23:59:59-04:00,SGW-ITM-001797,GW-001,listed,INV-002205
2026-08-01T23:59:59-04:00,SGW-ITM-001798,GW-020,awaiting_photography,INV-002206
2026-08-01T23:59:59-04:00,SGW-ITM-001799,GW-001,listed,INV-002207
2026-08-01T23:59:59-04:00,SGW-ITM-001800,GW-002,listed,INV-002208
2026-08-01T23:59:59-04:00,SGW-UNSOLD-000004,GW-004,ready_to_list,INV-002209
2026-08-01T23:59:59-04:00,SGW-UNSOLD-000007,GW-001,ready_to_list,INV-002210
2026-08-01T23:59:59-04:00,SGW-UNSOLD-000009,GW-021,listed,INV-002211
2026-08-01T23:59:59-04:00,SGW-UNSOLD-000012,GW-012,awaiting_inspection,INV-002212
2026-08-01T23:59:59-04:00,SGW-UNSOLD-000016,GW-022,listed,INV-002213
2026-08-01T23:59:59-04:00,SGW-UNSOLD-000020,GW-009,ready_to_list,INV-002214
2026-08-01T23:59:59-04:00,SGW-UNSOLD-000035,GW-015,ready_to_list,INV-002215
2026-08-01T23:59:59-04:00,SGW-UNSOLD-000037,GW-008,awaiting_photography,INV-002216
2026-08-01T23:59:59-04:00,SGW-UNSOLD-000038,GW-010,ready_to_list,INV-002217
2026-08-01T23:59:59-04:00,SGW-UNSOLD-000039,GW-001,received,INV-002218
2026-08-01T23:59:59-04:00,SGW-UNSOLD-000042,GW-005,ready_to_list,INV-002219
2026-08-01T23:59:59-04:00,SGW-UNSOLD-000045,GW-004,awaiting_photography,INV-002220
2026-08-01T23:59:59-04:00,SGW-UNSOLD-000048,GW-002,awaiting_inspection,INV-002221
2026-08-01T23:59:59-04:00,SGW-UNSOLD-000054,GW-005,awaiting_photography,INV-002222
2026-08-01T23:59:59-04:00,SGW-UNSOLD-000055,GW-024,ready_to_list,INV-002223
2026-08-01T23:59:59-04:00,SGW-UNSOLD-000058,GW-016,listed,INV-002224
2026-08-01T23:59:59-04:00,SGW-UNSOLD-000062,GW-014,ready_to_list,INV-002225
2026-08-01T23:59:59-04:00,SGW-UNSOLD-000068,GW-011,ready_to_list,INV-002226
2026-08-01T23:59:59-04:00,SGW-UNSOLD-000069,GW-004,awaiting_inspection,INV-002227
2026-08-01T23:59:59-04:00,SGW-UNSOLD-000073,GW-022,awaiting_inspection,INV-002228
2026-08-01T23:59:59-04:00,SGW-UNSOLD-000074,GW-005,ready_to_list,INV-002229
2026-08-01T23:59:59-04:00,SGW-UNSOLD-000083,GW-023,ready_to_list,INV-002230
2026-08-01T23:59:59-04:00,SGW-UNSOLD-000084,GW-018,listed,INV-002231
2026-08-01T23:59:59-04:00,SGW-UNSOLD-000086,GW-018,ready_to_list,INV-002232
2026-08-01T23:59:59-04:00,SGW-UNSOLD-000089,GW-016,awaiting_photography,INV-002233
2026-08-01T23:59:59-04:00,SGW-UNSOLD-000092,GW-024,awaiting_photography,INV-002234
2026-08-01T23:59:59-04:00,SGW-UNSOLD-000094,GW-021,listed,INV-002235
2026-08-01T23:59:59-04:00,SGW-UNSOLD-000098,GW-010,listed,INV-002236
2026-08-01T23:59:59-04:00,SGW-UNSOLD-000101,GW-002,listed,INV-002237
2026-08-01T23:59:59-04:00,SGW-UNSOLD-000113,GW-002,awaiting_photography,INV-002238
2026-08-01T23:59:59-04:00,SGW-UNSOLD-000115,GW-008,ready_to_list,INV-002239
2026-08-01T23:59:59-04:00,SGW-UNSOLD-000119,GW-004,ready_to_list,INV-002240
2026-08-01T23:59:59-04:00,SGW-UNSOLD-000122,GW-016,awaiting_photography,INV-002241
2026-08-01T23:59:59-04:00,SGW-UNSOLD-000124,GW-019,awaiting_photography,INV-002242
2026-08-01T23:59:59-04:00,SGW-UNSOLD-000125,GW-023,ready_to_list,INV-002243
2026-08-01T23:59:59-04:00,SGW-UNSOLD-000130,GW-005,ready_to_list,INV-002244
2026-08-01T23:59:59-04:00,SGW-UNSOLD-000136,GW-001,awaiting_inspection,INV-002245
2026-08-01T23:59:59-04:00,SGW-UNSOLD-000141,GW-015,ready_to_list,INV-002246
2026-08-01T23:59:59-04:00,SGW-UNSOLD-000146,GW-013,awaiting_inspection,INV-002247
2026-08-01T23:59:59-04:00,SGW-UNSOLD-000147,GW-005,awaiting_inspection,INV-002248
2026-08-01T23:59:59-04:00,SGW-UNSOLD-000149,GW-001,ready_to_list,INV-002249
2026-08-01T23:59:59-04:00,SGW-UNSOLD-000152,GW-018,awaiting_photography,INV-002250
2026-08-01T23:59:59-04:00,SGW-UNSOLD-000155,GW-024,awaiting_photography,INV-002251
2026-08-01T23:59:59-04:00,SGW-UNSOLD-000162,GW-008,awaiting_inspection,INV-002252
2026-08-01T23:59:59-04:00,SGW-UNSOLD-000163,GW-018,ready_to_list,INV-002253
2026-08-01T23:59:59-04:00,SGW-UNSOLD-000166,GW-022,awaiting_photography,INV-002254
2026-08-01T23:59:59-04:00,SGW-UNSOLD-000167,GW-012,awaiting_inspection,INV-002255
2026-08-01T23:59:59-04:00,SGW-UNSOLD-000168,GW-022,ready_to_list,INV-002256
2026-08-01T23:59:59-04:00,SGW-UNSOLD-000170,GW-007,ready_to_list,INV-002257
2026-08-01T23:59:59-04:00,SGW-UNSOLD-000172,GW-013,ready_to_list,INV-002258
2026-08-01T23:59:59-04:00,SGW-UNSOLD-000181,GW-004,ready_to_list,INV-002259
2026-08-01T23:59:59-04:00,SGW-UNSOLD-000185,GW-006,awaiting_inspection,INV-002260
2026-08-01T23:59:59-04:00,SGW-UNSOLD-000187,GW-014,ready_to_list,INV-002261
2026-08-01T23:59:59-04:00,SGW-UNSOLD-000189,GW-012,awaiting_photography,INV-002262
2026-08-01T23:59:59-04:00,SGW-UNSOLD-000191,GW-001,received,INV-002263
2026-08-01T23:59:59-04:00,SGW-UNSOLD-000192,GW-017,awaiting_inspection,INV-002264
2026-08-01T23:59:59-04:00,SGW-UNSOLD-000195,GW-018,ready_to_list,INV-002265
2026-08-01T23:59:59-04:00,SGW-UNSOLD-000204,GW-024,ready_to_list,INV-002266
2026-08-01T23:59:59-04:00,SGW-UNSOLD-000209,GW-014,ready_to_list,INV-002267
2026-08-01T23:59:59-04:00,SGW-UNSOLD-000216,GW-002,awaiting_photography,INV-002268
2026-08-01T23:59:59-04:00,SGW-UNSOLD-000218,GW-015,awaiting_photography,INV-002269
2026-08-01T23:59:59-04:00,SGW-UNSOLD-000221,GW-022,listed,INV-002270
2026-08-01T23:59:59-04:00,SGW-UNSOLD-000223,GW-009,awaiting_photography,INV-002271
2026-08-01T23:59:59-04:00,SGW-UNSOLD-000225,GW-018,listed,INV-002272
2026-08-01T23:59:59-04:00,SGW-UNSOLD-000231,GW-020,awaiting_photography,INV-002273
2026-08-01T23:59:59-04:00,SGW-UNSOLD-000235,GW-013,ready_to_list,INV-002274
2026-08-01T23:59:59-04:00,SGW-UNSOLD-000237,GW-008,ready_to_list,INV-002275
2026-08-01T23:59:59-04:00,SGW-UNSOLD-000241,GW-001,ready_to_list,INV-002276
2026-08-01T23:59:59-04:00,SGW-UNSOLD-000247,GW-011,ready_to_list,INV-002277
2026-08-01T23:59:59-04:00,SGW-UNSOLD-000248,GW-008,listed,INV-002278
2026-08-01T23:59:59-04:00,SGW-UNSOLD-000256,GW-024,awaiting_inspection,INV-002279
2026-08-01T23:59:59-04:00,SGW-UNSOLD-000259,GW-015,ready_to_list,INV-002280
2026-08-01T23:59:59-04:00,SGW-UNSOLD-000260,GW-020,ready_to_list,INV-002281
2026-08-01T23:59:59-04:00,SGW-UNSOLD-000266,GW-013,ready_to_list,INV-002282
2026-08-01T23:59:59-04:00,SGW-UNSOLD-000267,GW-012,ready_to_list,INV-002283
2026-08-01T23:59:59-04:00,SGW-UNSOLD-000268,GW-022,awaiting_inspection,INV-002284
2026-08-01T23:59:59-04:00,SGW-UNSOLD-000269,GW-005,ready_to_list,INV-002285
2026-08-01T23:59:59-04:00,SGW-UNSOLD-000270,GW-011,ready_to_list,INV-002286
2026-08-01T23:59:59-04:00,SGW-UNSOLD-000274,GW-008,ready_to_list,INV-002287
2026-08-01T23:59:59-04:00,SGW-UNSOLD-000276,GW-024,listed,INV-002288
2026-08-01T23:59:59-04:00,SGW-UNSOLD-000277,GW-002,listed,INV-002289
2026-08-01T23:59:59-04:00,SGW-UNSOLD-000279,GW-021,listed,INV-002290
2026-08-01T23:59:59-04:00,SGW-UNSOLD-000281,GW-010,awaiting_photography,INV-002291
2026-08-01T23:59:59-04:00,SGW-UNSOLD-000282,GW-018,awaiting_photography,INV-002292
2026-08-01T23:59:59-04:00,SGW-UNSOLD-000288,GW-024,received,INV-002293
2026-08-01T23:59:59-04:00,SGW-UNSOLD-000292,GW-017,received,INV-002294
2026-08-01T23:59:59-04:00,SGW-UNSOLD-000297,GW-015,received,INV-002295
2026-08-01T23:59:59-04:00,SGW-UNSOLD-000298,GW-020,received,INV-002296
2026-08-01T23:59:59-04:00,SGW-UNSOLD-000304,GW-008,awaiting_photography,INV-002297
2026-08-01T23:59:59-04:00,SGW-UNSOLD-000305,GW-016,listed,INV-002298
2026-08-01T23:59:59-04:00,SGW-UNSOLD-000306,GW-004,awaiting_inspection,INV-002299
2026-08-01T23:59:59-04:00,SGW-UNSOLD-000311,GW-012,awaiting_photography,INV-002300
2026-08-01T23:59:59-04:00,SGW-UNSOLD-000314,GW-004,listed,INV-002301
2026-08-01T23:59:59-04:00,SGW-UNSOLD-000319,GW-014,awaiting_photography,INV-002302
2026-08-01T23:59:59-04:00,SGW-UNSOLD-000325,GW-018,received,INV-002303
2026-08-01T23:59:59-04:00,SGW-UNSOLD-000330,GW-016,awaiting_photography,INV-002304
2026-08-01T23:59:59-04:00,SGW-UNSOLD-000335,GW-002,ready_to_list,INV-002305
2026-08-01T23:59:59-04:00,SGW-UNSOLD-000337,GW-024,ready_to_list,INV-002306
2026-08-01T23:59:59-04:00,SGW-UNSOLD-000341,GW-003,ready_to_list,INV-002307
2026-08-01T23:59:59-04:00,SGW-UNSOLD-000348,GW-018,ready_to_list,INV-002308
2026-08-01T23:59:59-04:00,SGW-UNSOLD-000351,GW-007,listed,INV-002309
2026-08-01T23:59:59-04:00,SGW-UNSOLD-000354,GW-010,ready_to_list,INV-002310
2026-08-01T23:59:59-04:00,SGW-UNSOLD-000358,GW-001,awaiting_inspection,INV-002311
2026-08-01T23:59:59-04:00,SGW-UNSOLD-000359,GW-017,ready_to_list,INV-002312
2026-08-01T23:59:59-04:00,SGW-UNSOLD-000362,GW-016,received,INV-002313
2026-08-01T23:59:59-04:00,SGW-UNSOLD-000371,GW-004,awaiting_photography,INV-002314
2026-08-01T23:59:59-04:00,SGW-UNSOLD-000374,GW-004,received,INV-002315
2026-08-01T23:59:59-04:00,SGW-UNSOLD-000379,GW-006,ready_to_list,INV-002316
2026-08-01T23:59:59-04:00,SGW-UNSOLD-000383,GW-010,listed,INV-002317
2026-08-01T23:59:59-04:00,SGW-UNSOLD-000387,GW-014,ready_to_list,INV-002318
2026-08-01T23:59:59-04:00,SGW-UNSOLD-000390,GW-022,ready_to_list,INV-002319
2026-08-01T23:59:59-04:00,SGW-UNSOLD-000392,GW-012,ready_to_list,INV-002320
2026-08-01T23:59:59-04:00,SGW-UNSOLD-000393,GW-002,awaiting_inspection,INV-002321
2026-08-01T23:59:59-04:00,SGW-UNSOLD-000395,GW-004,listed,INV-002322
2026-08-01T23:59:59-04:00,SGW-UNSOLD-000410,GW-017,listed,INV-002323
2026-08-01T23:59:59-04:00,SGW-UNSOLD-000411,GW-018,awaiting_photography,INV-002324
2026-08-01T23:59:59-04:00,SGW-UNSOLD-000412,GW-004,listed,INV-002325
2026-08-01T23:59:59-04:00,SGW-UNSOLD-000420,GW-022,awaiting_photography,INV-002326
2026-08-01T23:59:59-04:00,SGW-UNSOLD-000424,GW-023,ready_to_list,INV-002327
2026-08-01T23:59:59-04:00,SGW-UNSOLD-000431,GW-001,awaiting_photography,INV-002328
2026-08-01T23:59:59-04:00,SGW-UNSOLD-000433,GW-022,awaiting_photography,INV-002329
2026-08-01T23:59:59-04:00,SGW-UNSOLD-000434,GW-012,awaiting_photography,INV-002330
2026-08-01T23:59:59-04:00,SGW-UNSOLD-000437,GW-006,awaiting_photography,INV-002331
2026-08-01T23:59:59-04:00,SGW-UNSOLD-000442,GW-023,ready_to_list,INV-002332
2026-08-01T23:59:59-04:00,SGW-UNSOLD-000447,GW-022,awaiting_inspection,INV-002333
2026-08-01T23:59:59-04:00,SGW-UNSOLD-000450,GW-012,awaiting_photography,INV-002334
2026-08-01T23:59:59-04:00,SGW-UNSOLD-000453,GW-022,awaiting_photography,INV-002335
2026-08-01T23:59:59-04:00,SGW-UNSOLD-000457,GW-001,listed,INV-002336
2026-08-01T23:59:59-04:00,SGW-UNSOLD-000458,GW-023,ready_to_list,INV-002337
2026-08-01T23:59:59-04:00,SGW-UNSOLD-000459,GW-019,awaiting_photography,INV-002338
2026-08-01T23:59:59-04:00,SGW-UNSOLD-000463,GW-017,ready_to_list,INV-002339
2026-08-01T23:59:59-04:00,SGW-UNSOLD-000465,GW-020,awaiting_inspection,INV-002340
2026-08-01T23:59:59-04:00,SGW-UNSOLD-000467,GW-007,ready_to_list,INV-002341
2026-08-01T23:59:59-04:00,SGW-UNSOLD-000468,GW-018,ready_to_list,INV-002342
2026-08-01T23:59:59-04:00,SGW-UNSOLD-000469,GW-023,listed,INV-002343
2026-08-01T23:59:59-04:00,SGW-UNSOLD-000475,GW-016,listed,INV-002344
2026-08-01T23:59:59-04:00,SGW-UNSOLD-000478,GW-008,awaiting_photography,INV-002345
2026-08-01T23:59:59-04:00,SGW-UNSOLD-000480,GW-024,awaiting_inspection,INV-002346
2026-08-01T23:59:59-04:00,SGW-UNSOLD-000481,GW-017,received,INV-002347
2026-08-01T23:59:59-04:00,SGW-UNSOLD-000483,GW-009,ready_to_list,INV-002348
2026-08-01T23:59:59-04:00,SGW-UNSOLD-000484,GW-024,ready_to_list,INV-002349
2026-08-01T23:59:59-04:00,SGW-UNSOLD-000485,GW-007,listed,INV-002350
2026-08-01T23:59:59-04:00,SGW-UNSOLD-000486,GW-016,ready_to_list,INV-002351
2026-08-01T23:59:59-04:00,SGW-UNSOLD-000487,GW-022,listed,INV-002352
2026-08-01T23:59:59-04:00,SGW-UNSOLD-000490,GW-010,ready_to_list,INV-002353
2026-08-01T23:59:59-04:00,SGW-UNSOLD-000491,GW-002,awaiting_inspection,INV-002354
2026-08-01T23:59:59-04:00,SGW-UNSOLD-000495,GW-005,received,INV-002355
2026-08-01T23:59:59-04:00,SGW-UNSOLD-000499,GW-012,awaiting_photography,INV-002356
2026-08-01T23:59:59-04:00,SGW-UNSOLD-000502,GW-017,awaiting_inspection,INV-002357
2026-08-01T23:59:59-04:00,SGW-UNSOLD-000503,GW-009,listed,INV-002358
2026-08-01T23:59:59-04:00,SGW-UNSOLD-000504,GW-011,awaiting_inspection,INV-002359
2026-08-01T23:59:59-04:00,SGW-UNSOLD-000505,GW-010,ready_to_list,INV-002360
2026-08-01T23:59:59-04:00,SGW-UNSOLD-000506,GW-012,ready_to_list,INV-002361
2026-08-01T23:59:59-04:00,SGW-UNSOLD-000511,GW-011,listed,INV-002362
2026-08-01T23:59:59-04:00,SGW-UNSOLD-000512,GW-004,ready_to_list,INV-002363
2026-08-01T23:59:59-04:00,SGW-UNSOLD-000513,GW-002,listed,INV-002364
2026-08-01T23:59:59-04:00,SGW-UNSOLD-000515,GW-002,received,INV-002365
2026-08-01T23:59:59-04:00,SGW-UNSOLD-000517,GW-020,ready_to_list,INV-002366
2026-08-01T23:59:59-04:00,SGW-UNSOLD-000518,GW-001,listed,INV-002367
2026-08-01T23:59:59-04:00,SGW-UNSOLD-000519,GW-009,listed,INV-002368
2026-08-01T23:59:59-04:00,SGW-UNSOLD-000520,GW-016,awaiting_photography,INV-002369
2026-08-01T23:59:59-04:00,SGW-UNSOLD-000526,GW-017,listed,INV-002370
2026-08-01T23:59:59-04:00,SGW-UNSOLD-000530,GW-016,listed,INV-002371
2026-08-01T23:59:59-04:00,SGW-UNSOLD-000542,GW-022,ready_to_list,INV-002372
2026-08-01T23:59:59-04:00,SGW-UNSOLD-000544,GW-003,ready_to_list,INV-002373
2026-08-01T23:59:59-04:00,SGW-UNSOLD-000546,GW-018,ready_to_list,INV-002374
2026-08-01T23:59:59-04:00,SGW-UNSOLD-000553,GW-004,listed,INV-002375
2026-08-01T23:59:59-04:00,SGW-UNSOLD-000554,GW-017,awaiting_photography,INV-002376
2026-08-01T23:59:59-04:00,SGW-UNSOLD-000557,GW-023,ready_to_list,INV-002377
2026-08-01T23:59:59-04:00,SGW-UNSOLD-000558,GW-004,ready_to_list,INV-002378
2026-08-01T23:59:59-04:00,SGW-UNSOLD-000566,GW-004,ready_to_list,INV-002379
2026-08-01T23:59:59-04:00,SGW-UNSOLD-000574,GW-020,ready_to_list,INV-002380
2026-08-01T23:59:59-04:00,SGW-UNSOLD-000576,GW-001,listed,INV-002381
2026-08-01T23:59:59-04:00,SGW-UNSOLD-000582,GW-020,awaiting_inspection,INV-002382
2026-08-01T23:59:59-04:00,SGW-UNSOLD-000586,GW-004,ready_to_list,INV-002383
2026-08-01T23:59:59-04:00,SGW-UNSOLD-000587,GW-016,received,INV-002384
2026-08-01T23:59:59-04:00,SGW-UNSOLD-000588,GW-022,listed,INV-002385
2026-08-01T23:59:59-04:00,SGW-UNSOLD-000589,GW-003,listed,INV-002386
2026-08-01T23:59:59-04:00,SGW-UNSOLD-000619,GW-004,awaiting_inspection,INV-002387
2026-08-01T23:59:59-04:00,SGW-UNSOLD-000622,GW-018,awaiting_photography,INV-002388
2026-08-01T23:59:59-04:00,SGW-UNSOLD-000627,GW-001,ready_to_list,INV-002389
2026-08-01T23:59:59-04:00,SGW-UNSOLD-000630,GW-021,listed,INV-002390
2026-08-01T23:59:59-04:00,SGW-UNSOLD-000631,GW-018,awaiting_inspection,INV-002391
2026-08-01T23:59:59-04:00,SGW-UNSOLD-000633,GW-014,ready_to_list,INV-002392
2026-08-01T23:59:59-04:00,SGW-UNSOLD-000634,GW-021,listed,INV-002393
2026-08-01T23:59:59-04:00,SGW-UNSOLD-000635,GW-024,ready_to_list,INV-002394
2026-08-01T23:59:59-04:00,SGW-UNSOLD-000640,GW-004,ready_to_list,INV-002395
2026-08-01T23:59:59-04:00,SGW-UNSOLD-000642,GW-018,ready_to_list,INV-002396
2026-08-01T23:59:59-04:00,SGW-UNSOLD-000643,GW-006,awaiting_photography,INV-002397
2026-08-01T23:59:59-04:00,SGW-UNSOLD-000644,GW-009,awaiting_photography,INV-002398
2026-08-01T23:59:59-04:00,SGW-UNSOLD-000645,GW-001,awaiting_inspection,INV-002399
2026-08-01T23:59:59-04:00,SGW-UNSOLD-000649,GW-011,listed,INV-002400
2026-08-01T23:59:59-04:00,SGW-UNSOLD-000652,GW-018,listed,INV-002401
2026-08-01T23:59:59-04:00,SGW-UNSOLD-000655,GW-024,awaiting_photography,INV-002402
2026-08-01T23:59:59-04:00,SGW-UNSOLD-000657,GW-012,listed,INV-002403
2026-08-01T23:59:59-04:00,SGW-UNSOLD-000659,GW-014,awaiting_inspection,INV-002404
2026-08-01T23:59:59-04:00,SGW-UNSOLD-000662,GW-010,received,INV-002405
2026-08-01T23:59:59-04:00,SGW-UNSOLD-000665,GW-010,ready_to_list,INV-002406
2026-08-01T23:59:59-04:00,SGW-UNSOLD-000669,GW-022,listed,INV-002407
2026-08-01T23:59:59-04:00,SGW-UNSOLD-000670,GW-016,awaiting_photography,INV-002408
2026-08-01T23:59:59-04:00,SGW-UNSOLD-000673,GW-015,listed,INV-002409
2026-08-01T23:59:59-04:00,SGW-UNSOLD-000679,GW-009,awaiting_inspection,INV-002410
2026-08-01T23:59:59-04:00,SGW-UNSOLD-000688,GW-011,received,INV-002411
2026-08-01T23:59:59-04:00,SGW-UNSOLD-000690,GW-024,listed,INV-002412
2026-08-01T23:59:59-04:00,SGW-UNSOLD-000698,GW-016,awaiting_photography,INV-002413
2026-08-01T23:59:59-04:00,SGW-UNSOLD-000700,GW-007,ready_to_list,INV-002414
2026-08-01T23:59:59-04:00,SGW-UNSOLD-000701,GW-021,awaiting_inspection,INV-002415
2026-08-01T23:59:59-04:00,SGW-UNSOLD-000702,GW-004,ready_to_list,INV-002416
2026-08-01T23:59:59-04:00,SGW-UNSOLD-000704,GW-015,ready_to_list,INV-002417
2026-08-01T23:59:59-04:00,SGW-UNSOLD-000709,GW-017,awaiting_inspection,INV-002418
2026-08-01T23:59:59-04:00,SGW-UNSOLD-000712,GW-015,ready_to_list,INV-002419
2026-08-01T23:59:59-04:00,SGW-UNSOLD-000713,GW-009,listed,INV-002420
2026-08-01T23:59:59-04:00,SGW-UNSOLD-000714,GW-008,listed,INV-002421
2026-08-01T23:59:59-04:00,SGW-UNSOLD-000715,GW-022,ready_to_list,INV-002422
2026-08-01T23:59:59-04:00,SGW-UNSOLD-000729,GW-024,listed,INV-002423
2026-08-01T23:59:59-04:00,SGW-UNSOLD-000730,GW-012,ready_to_list,INV-002424
2026-08-01T23:59:59-04:00,SGW-UNSOLD-000734,GW-024,awaiting_photography,INV-002425
2026-08-01T23:59:59-04:00,SGW-UNSOLD-000735,GW-004,awaiting_inspection,INV-002426
2026-08-01T23:59:59-04:00,SGW-UNSOLD-000741,GW-005,listed,INV-002427
2026-08-01T23:59:59-04:00,SGW-UNSOLD-000743,GW-022,ready_to_list,INV-002428
2026-08-01T23:59:59-04:00,SGW-UNSOLD-000747,GW-001,listed,INV-002429
2026-08-01T23:59:59-04:00,SGW-UNSOLD-000748,GW-020,listed,INV-002430
2026-08-01T23:59:59-04:00,SGW-UNSOLD-000749,GW-012,awaiting_photography,INV-002431
2026-08-01T23:59:59-04:00,SGW-UNSOLD-000756,GW-005,ready_to_list,INV-002432
2026-08-01T23:59:59-04:00,SGW-UNSOLD-000757,GW-016,awaiting_inspection,INV-002433
2026-08-01T23:59:59-04:00,SGW-UNSOLD-000758,GW-004,awaiting_inspection,INV-002434
2026-08-01T23:59:59-04:00,SGW-UNSOLD-000765,GW-018,listed,INV-002435
2026-08-01T23:59:59-04:00,SGW-UNSOLD-000771,GW-012,awaiting_photography,INV-002436
2026-08-01T23:59:59-04:00,SGW-UNSOLD-000772,GW-006,listed,INV-002437
2026-08-01T23:59:59-04:00,SGW-UNSOLD-000776,GW-022,awaiting_inspection,INV-002438
2026-08-01T23:59:59-04:00,SGW-UNSOLD-000779,GW-018,listed,INV-002439
2026-08-01T23:59:59-04:00,SGW-UNSOLD-000785,GW-023,listed,INV-002440
2026-08-01T23:59:59-04:00,SGW-UNSOLD-000788,GW-023,ready_to_list,INV-002441
2026-08-01T23:59:59-04:00,SGW-UNSOLD-000793,GW-004,awaiting_photography,INV-002442
2026-08-01T23:59:59-04:00,SGW-UNSOLD-000797,GW-004,ready_to_list,INV-002443
2026-08-01T23:59:59-04:00,SGW-UNSOLD-000798,GW-004,ready_to_list,INV-002444
2026-08-01T23:59:59-04:00,SGW-UNSOLD-000799,GW-004,listed,INV-002445
2026-08-01T23:59:59-04:00,SGW-UNSOLD-000800,GW-013,awaiting_inspection,INV-002446
2026-08-01T23:59:59-04:00,SGW-UNSOLD-000801,GW-006,ready_to_list,INV-002447
2026-08-01T23:59:59-04:00,SGW-UNSOLD-000812,GW-005,ready_to_list,INV-002448
2026-08-01T23:59:59-04:00,SGW-UNSOLD-000817,GW-011,ready_to_list,INV-002449
2026-08-01T23:59:59-04:00,SGW-UNSOLD-000819,GW-022,received,INV-002450
2026-08-01T23:59:59-04:00,SGW-UNSOLD-000820,GW-010,listed,INV-002451
2026-08-01T23:59:59-04:00,SGW-UNSOLD-000825,GW-011,awaiting_photography,INV-002452
2026-08-01T23:59:59-04:00,SGW-UNSOLD-000826,GW-009,awaiting_photography,INV-002453
2026-08-01T23:59:59-04:00,SGW-UNSOLD-000828,GW-022,ready_to_list,INV-002454
2026-08-01T23:59:59-04:00,SGW-UNSOLD-000830,GW-014,listed,INV-002455
2026-08-01T23:59:59-04:00,SGW-UNSOLD-000833,GW-018,awaiting_inspection,INV-002456
2026-08-01T23:59:59-04:00,SGW-UNSOLD-000836,GW-014,awaiting_photography,INV-002457
2026-08-01T23:59:59-04:00,SGW-UNSOLD-000842,GW-009,awaiting_inspection,INV-002458
2026-08-01T23:59:59-04:00,SGW-UNSOLD-000848,GW-011,ready_to_list,INV-002459
2026-08-01T23:59:59-04:00,SGW-UNSOLD-000851,GW-013,listed,INV-002460
2026-08-01T23:59:59-04:00,SGW-UNSOLD-000852,GW-017,ready_to_list,INV-002461
2026-08-01T23:59:59-04:00,SGW-UNSOLD-000853,GW-014,awaiting_inspection,INV-002462
2026-08-01T23:59:59-04:00,SGW-UNSOLD-000854,GW-006,ready_to_list,INV-002463
2026-08-01T23:59:59-04:00,SGW-UNSOLD-000860,GW-008,ready_to_list,INV-002464
2026-08-01T23:59:59-04:00,SGW-UNSOLD-000861,GW-016,listed,INV-002465
2026-08-01T23:59:59-04:00,SGW-UNSOLD-000862,GW-024,awaiting_photography,INV-002466
2026-08-01T23:59:59-04:00,SGW-UNSOLD-000865,GW-001,ready_to_list,INV-002467
2026-08-01T23:59:59-04:00,SGW-UNSOLD-000867,GW-012,ready_to_list,INV-002468
2026-08-01T23:59:59-04:00,SGW-UNSOLD-000871,GW-002,awaiting_inspection,INV-002469
2026-08-01T23:59:59-04:00,SGW-UNSOLD-000872,GW-015,awaiting_inspection,INV-002470
2026-08-01T23:59:59-04:00,SGW-UNSOLD-000873,GW-023,awaiting_inspection,INV-002471
2026-08-01T23:59:59-04:00,SGW-UNSOLD-000874,GW-014,ready_to_list,INV-002472
2026-08-01T23:59:59-04:00,SGW-UNSOLD-000877,GW-015,listed,INV-002473
2026-08-01T23:59:59-04:00,SGW-UNSOLD-000881,GW-018,awaiting_photography,INV-002474
2026-08-01T23:59:59-04:00,SGW-UNSOLD-000884,GW-009,awaiting_photography,INV-002475
2026-08-01T23:59:59-04:00,SGW-UNSOLD-000885,GW-016,ready_to_list,INV-002476
2026-08-01T23:59:59-04:00,SGW-UNSOLD-000886,GW-009,ready_to_list,INV-002477
2026-08-01T23:59:59-04:00,SGW-UNSOLD-000889,GW-006,ready_to_list,INV-002478
2026-08-01T23:59:59-04:00,SGW-UNSOLD-000891,GW-001,received,INV-002479
2026-08-01T23:59:59-04:00,SGW-UNSOLD-000893,GW-005,ready_to_list,INV-002480
2026-08-01T23:59:59-04:00,SGW-UNSOLD-000895,GW-019,ready_to_list,INV-002481
2026-08-01T23:59:59-04:00,SGW-UNSOLD-000899,GW-018,ready_to_list,INV-002482
2026-08-01T23:59:59-04:00,SGW-UNSOLD-000900,GW-008,listed,INV-002483
2026-08-01T23:59:59-04:00,SGW-UNSOLD-000901,GW-009,awaiting_photography,INV-002484
2026-08-01T23:59:59-04:00,SGW-UNSOLD-000905,GW-008,listed,INV-002485
2026-08-01T23:59:59-04:00,SGW-UNSOLD-000908,GW-024,received,INV-002486
2026-08-01T23:59:59-04:00,SGW-UNSOLD-000916,GW-002,ready_to_list,INV-002487
2026-08-01T23:59:59-04:00,SGW-UNSOLD-000918,GW-003,awaiting_inspection,INV-002488
2026-08-01T23:59:59-04:00,SGW-UNSOLD-000925,GW-024,awaiting_inspection,INV-002489
2026-08-01T23:59:59-04:00,SGW-UNSOLD-000930,GW-020,awaiting_inspection,INV-002490
2026-08-01T23:59:59-04:00,SGW-UNSOLD-000933,GW-001,ready_to_list,INV-002491
2026-08-01T23:59:59-04:00,SGW-UNSOLD-000935,GW-012,received,INV-002492
2026-08-01T23:59:59-04:00,SGW-UNSOLD-000937,GW-004,ready_to_list,INV-002493
2026-08-01T23:59:59-04:00,SGW-UNSOLD-000939,GW-011,listed,INV-002494
2026-08-01T23:59:59-04:00,SGW-UNSOLD-000941,GW-023,awaiting_photography,INV-002495
2026-08-01T23:59:59-04:00,SGW-UNSOLD-000943,GW-009,awaiting_inspection,INV-002496
2026-08-01T23:59:59-04:00,SGW-UNSOLD-000945,GW-024,awaiting_inspection,INV-002497
2026-08-01T23:59:59-04:00,SGW-UNSOLD-000949,GW-024,received,INV-002498
2026-08-01T23:59:59-04:00,SGW-UNSOLD-000950,GW-008,ready_to_list,INV-002499
2026-08-01T23:59:59-04:00,SGW-UNSOLD-000953,GW-010,ready_to_list,INV-002500
2026-08-01T23:59:59-04:00,SGW-UNSOLD-000954,GW-024,awaiting_inspection,INV-002501
2026-08-01T23:59:59-04:00,SGW-UNSOLD-000959,GW-012,ready_to_list,INV-002502
2026-08-01T23:59:59-04:00,SGW-UNSOLD-000967,GW-001,awaiting_photography,INV-002503
2026-08-01T23:59:59-04:00,SGW-UNSOLD-000969,GW-017,ready_to_list,INV-002504
2026-08-01T23:59:59-04:00,SGW-UNSOLD-000970,GW-024,awaiting_photography,INV-002505
2026-08-01T23:59:59-04:00,SGW-UNSOLD-000972,GW-012,ready_to_list,INV-002506
2026-08-01T23:59:59-04:00,SGW-UNSOLD-000975,GW-006,ready_to_list,INV-002507
2026-08-01T23:59:59-04:00,SGW-UNSOLD-000983,GW-004,listed,INV-002508
2026-08-01T23:59:59-04:00,SGW-UNSOLD-000986,GW-017,awaiting_photography,INV-002509
2026-08-01T23:59:59-04:00,SGW-UNSOLD-000988,GW-018,ready_to_list,INV-002510
2026-08-01T23:59:59-04:00,SGW-UNSOLD-000992,GW-016,ready_to_list,INV-002511
2026-08-01T23:59:59-04:00,SGW-UNSOLD-000993,GW-017,ready_to_list,INV-002512
2026-08-01T23:59:59-04:00,SGW-UNSOLD-000994,GW-021,awaiting_inspection,INV-002513
2026-08-01T23:59:59-04:00,SGW-UNSOLD-000997,GW-004,ready_to_list,INV-002514
2026-08-01T23:59:59-04:00,SGW-UNSOLD-000999,GW-020,awaiting_photography,INV-002515
2026-08-01T23:59:59-04:00,SGW-UNSOLD-001008,GW-009,awaiting_photography,INV-002516
2026-08-01T23:59:59-04:00,SGW-UNSOLD-001012,GW-007,listed,INV-002517
2026-08-01T23:59:59-04:00,SGW-UNSOLD-001015,GW-019,awaiting_inspection,INV-002518
2026-08-01T23:59:59-04:00,SGW-UNSOLD-001021,GW-003,awaiting_inspection,INV-002519
2026-08-01T23:59:59-04:00,SGW-UNSOLD-001024,GW-016,received,INV-002520
2026-08-01T23:59:59-04:00,SGW-UNSOLD-001027,GW-024,awaiting_photography,INV-002521
2026-08-01T23:59:59-04:00,SGW-UNSOLD-001030,GW-006,awaiting_photography,INV-002522
2026-08-01T23:59:59-04:00,SGW-UNSOLD-001038,GW-002,ready_to_list,INV-002523
2026-08-01T23:59:59-04:00,SGW-UNSOLD-001039,GW-001,ready_to_list,INV-002524
2026-08-01T23:59:59-04:00,SGW-UNSOLD-001041,GW-001,listed,INV-002525
2026-08-01T23:59:59-04:00,SGW-UNSOLD-001049,GW-002,awaiting_photography,INV-002526
2026-08-01T23:59:59-04:00,SGW-UNSOLD-001051,GW-005,listed,INV-002527
2026-08-01T23:59:59-04:00,SGW-UNSOLD-001052,GW-002,received,INV-002528
2026-08-01T23:59:59-04:00,SGW-UNSOLD-001056,GW-020,awaiting_inspection,INV-002529
2026-08-01T23:59:59-04:00,SGW-UNSOLD-001061,GW-008,awaiting_inspection,INV-002530
2026-08-01T23:59:59-04:00,SGW-UNSOLD-001062,GW-012,ready_to_list,INV-002531
2026-08-01T23:59:59-04:00,SGW-UNSOLD-001066,GW-004,awaiting_inspection,INV-002532
2026-08-01T23:59:59-04:00,SGW-UNSOLD-001070,GW-020,awaiting_photography,INV-002533
2026-08-01T23:59:59-04:00,SGW-UNSOLD-001071,GW-011,listed,INV-002534
2026-08-01T23:59:59-04:00,SGW-UNSOLD-001072,GW-010,listed,INV-002535
2026-08-01T23:59:59-04:00,SGW-UNSOLD-001074,GW-009,listed,INV-002536
2026-08-01T23:59:59-04:00,SGW-UNSOLD-001077,GW-017,awaiting_photography,INV-002537
2026-08-01T23:59:59-04:00,SGW-UNSOLD-001078,GW-002,ready_to_list,INV-002538
2026-08-01T23:59:59-04:00,SGW-UNSOLD-001079,GW-002,received,INV-002539
2026-08-01T23:59:59-04:00,SGW-UNSOLD-001081,GW-001,ready_to_list,INV-002540
2026-08-01T23:59:59-04:00,SGW-UNSOLD-001082,GW-002,awaiting_inspection,INV-002541
2026-08-01T23:59:59-04:00,SGW-UNSOLD-001084,GW-018,ready_to_list,INV-002542
2026-08-01T23:59:59-04:00,SGW-UNSOLD-001085,GW-004,ready_to_list,INV-002543
2026-08-01T23:59:59-04:00,SGW-UNSOLD-001090,GW-022,ready_to_list,INV-002544
2026-08-01T23:59:59-04:00,SGW-UNSOLD-001093,GW-018,ready_to_list,INV-002545
2026-08-01T23:59:59-04:00,SGW-UNSOLD-001096,GW-011,ready_to_list,INV-002546
2026-08-01T23:59:59-04:00,SGW-UNSOLD-001098,GW-016,received,INV-002547
2026-08-01T23:59:59-04:00,SGW-UNSOLD-001101,GW-004,listed,INV-002548
2026-08-01T23:59:59-04:00,SGW-UNSOLD-001103,GW-013,ready_to_list,INV-002549
2026-08-01T23:59:59-04:00,SGW-UNSOLD-001105,GW-001,awaiting_photography,INV-002550
2026-08-01T23:59:59-04:00,SGW-UNSOLD-001106,GW-005,listed,INV-002551
2026-08-01T23:59:59-04:00,SGW-UNSOLD-001109,GW-024,awaiting_photography,INV-002552
2026-08-01T23:59:59-04:00,SGW-UNSOLD-001110,GW-011,ready_to_list,INV-002553
2026-08-01T23:59:59-04:00,SGW-UNSOLD-001111,GW-010,ready_to_list,INV-002554
2026-08-01T23:59:59-04:00,SGW-UNSOLD-001118,GW-014,ready_to_list,INV-002555
2026-08-01T23:59:59-04:00,SGW-UNSOLD-001119,GW-009,ready_to_list,INV-002556
2026-08-01T23:59:59-04:00,SGW-UNSOLD-001121,GW-007,ready_to_list,INV-002557
2026-08-01T23:59:59-04:00,SGW-UNSOLD-001123,GW-016,ready_to_list,INV-002558
2026-08-01T23:59:59-04:00,SGW-UNSOLD-001124,GW-024,listed,INV-002559
2026-08-01T23:59:59-04:00,SGW-UNSOLD-001137,GW-001,listed,INV-002560
2026-08-01T23:59:59-04:00,SGW-UNSOLD-001142,GW-008,ready_to_list,INV-002561
2026-08-01T23:59:59-04:00,SGW-UNSOLD-001149,GW-001,ready_to_list,INV-002562
2026-08-01T23:59:59-04:00,SGW-UNSOLD-001151,GW-008,listed,INV-002563
2026-08-01T23:59:59-04:00,SGW-UNSOLD-001154,GW-017,ready_to_list,INV-002564
2026-08-01T23:59:59-04:00,SGW-UNSOLD-001165,GW-007,received,INV-002565
2026-08-01T23:59:59-04:00,SGW-UNSOLD-001169,GW-012,received,INV-002566
2026-08-01T23:59:59-04:00,SGW-UNSOLD-001175,GW-018,ready_to_list,INV-002567
2026-08-01T23:59:59-04:00,SGW-UNSOLD-001178,GW-022,listed,INV-002568
2026-08-01T23:59:59-04:00,SGW-UNSOLD-001179,GW-021,received,INV-002569
2026-08-01T23:59:59-04:00,SGW-UNSOLD-001180,GW-015,listed,INV-002570
2026-08-01T23:59:59-04:00,SGW-UNSOLD-001183,GW-016,awaiting_photography,INV-002571
2026-08-01T23:59:59-04:00,SGW-UNSOLD-001187,GW-024,listed,INV-002572
2026-08-01T23:59:59-04:00,SGW-UNSOLD-001189,GW-016,awaiting_inspection,INV-002573
2026-08-01T23:59:59-04:00,SGW-UNSOLD-001192,GW-017,listed,INV-002574
2026-08-01T23:59:59-04:00,SGW-UNSOLD-001194,GW-019,ready_to_list,INV-002575
2026-08-01T23:59:59-04:00,SGW-UNSOLD-001195,GW-009,received,INV-002576
2026-08-01T23:59:59-04:00,SGW-UNSOLD-001199,GW-016,listed,INV-002577
2026-08-15T23:59:59-04:00,EB-ITM-000001,GW-012,listed,INV-002578
2026-08-15T23:59:59-04:00,EB-ITM-000003,GW-022,listed,INV-002579
2026-08-15T23:59:59-04:00,EB-ITM-000004,GW-001,listed,INV-002580
2026-08-15T23:59:59-04:00,EB-ITM-000005,GW-015,listed,INV-002581
2026-08-15T23:59:59-04:00,EB-ITM-000006,GW-012,listed,INV-002582
2026-08-15T23:59:59-04:00,EB-ITM-000007,GW-001,listed,INV-002583
2026-08-15T23:59:59-04:00,EB-ITM-000008,GW-013,received,INV-002584
2026-08-15T23:59:59-04:00,EB-ITM-000010,GW-002,listed,INV-002585
2026-08-15T23:59:59-04:00,EB-ITM-000011,GW-009,listed,INV-002586
2026-08-15T23:59:59-04:00,EB-ITM-000012,GW-005,listed,INV-002587
2026-08-15T23:59:59-04:00,EB-ITM-000013,GW-022,listed,INV-002588
2026-08-15T23:59:59-04:00,EB-ITM-000016,GW-017,awaiting_photography,INV-002589
2026-08-15T23:59:59-04:00,EB-ITM-000017,GW-009,listed,INV-002590
2026-08-15T23:59:59-04:00,EB-ITM-000018,GW-020,listed,INV-002591
2026-08-15T23:59:59-04:00,EB-ITM-000023,GW-020,listed,INV-002592
2026-08-15T23:59:59-04:00,EB-ITM-000024,GW-024,awaiting_inspection,INV-002593
2026-08-15T23:59:59-04:00,EB-ITM-000026,GW-024,listed,INV-002594
2026-08-15T23:59:59-04:00,EB-ITM-000029,GW-024,listed,INV-002595
2026-08-15T23:59:59-04:00,EB-ITM-000030,GW-024,listed,INV-002596
2026-08-15T23:59:59-04:00,EB-ITM-000032,GW-009,listed,INV-002597
2026-08-15T23:59:59-04:00,EB-ITM-000033,GW-012,listed,INV-002598
2026-08-15T23:59:59-04:00,EB-ITM-000035,GW-006,listed,INV-002599
2026-08-15T23:59:59-04:00,EB-ITM-000037,GW-006,listed,INV-002600
2026-08-15T23:59:59-04:00,EB-ITM-000038,GW-021,listed,INV-002601
2026-08-15T23:59:59-04:00,EB-ITM-000039,GW-003,listed,INV-002602
2026-08-15T23:59:59-04:00,EB-ITM-000040,GW-009,listed,INV-002603
2026-08-15T23:59:59-04:00,EB-ITM-000041,GW-012,listed,INV-002604
2026-08-15T23:59:59-04:00,EB-ITM-000043,GW-016,listed,INV-002605
2026-08-15T23:59:59-04:00,EB-ITM-000044,GW-012,listed,INV-002606
2026-08-15T23:59:59-04:00,EB-ITM-000045,GW-010,listed,INV-002607
2026-08-15T23:59:59-04:00,EB-ITM-000050,GW-008,listed,INV-002608
2026-08-15T23:59:59-04:00,EB-ITM-000051,GW-008,listed,INV-002609
2026-08-15T23:59:59-04:00,EB-ITM-000053,GW-024,listed,INV-002610
2026-08-15T23:59:59-04:00,EB-ITM-000054,GW-016,listed,INV-002611
2026-08-15T23:59:59-04:00,EB-ITM-000058,GW-018,ready_to_list,INV-002612
2026-08-15T23:59:59-04:00,EB-ITM-000062,GW-002,listed,INV-002613
2026-08-15T23:59:59-04:00,EB-ITM-000066,GW-016,listed,INV-002614
2026-08-15T23:59:59-04:00,EB-ITM-000068,GW-005,listed,INV-002615
2026-08-15T23:59:59-04:00,EB-ITM-000069,GW-014,awaiting_photography,INV-002616
2026-08-15T23:59:59-04:00,EB-ITM-000070,GW-020,listed,INV-002617
2026-08-15T23:59:59-04:00,EB-ITM-000071,GW-012,listed,INV-002618
2026-08-15T23:59:59-04:00,EB-ITM-000072,GW-004,listed,INV-002619
2026-08-15T23:59:59-04:00,EB-ITM-000074,GW-020,listed,INV-002620
2026-08-15T23:59:59-04:00,EB-ITM-000075,GW-008,listed,INV-002621
2026-08-15T23:59:59-04:00,EB-ITM-000077,GW-001,listed,INV-002622
2026-08-15T23:59:59-04:00,EB-ITM-000078,GW-016,listed,INV-002623
2026-08-15T23:59:59-04:00,EB-ITM-000079,GW-001,listed,INV-002624
2026-08-15T23:59:59-04:00,EB-ITM-000080,GW-015,listed,INV-002625
2026-08-15T23:59:59-04:00,EB-ITM-000081,GW-010,awaiting_inspection,INV-002626
2026-08-15T23:59:59-04:00,EB-ITM-000086,GW-017,listed,INV-002627
2026-08-15T23:59:59-04:00,EB-ITM-000090,GW-019,listed,INV-002628
2026-08-15T23:59:59-04:00,EB-ITM-000091,GW-020,ready_to_list,INV-002629
2026-08-15T23:59:59-04:00,EB-ITM-000094,GW-016,listed,INV-002630
2026-08-15T23:59:59-04:00,EB-ITM-000095,GW-006,listed,INV-002631
2026-08-15T23:59:59-04:00,EB-ITM-000096,GW-024,listed,INV-002632
2026-08-15T23:59:59-04:00,EB-ITM-000097,GW-003,listed,INV-002633
2026-08-15T23:59:59-04:00,EB-ITM-000101,GW-001,listed,INV-002634
2026-08-15T23:59:59-04:00,EB-ITM-000103,GW-001,listed,INV-002635
2026-08-15T23:59:59-04:00,EB-ITM-000104,GW-022,listed,INV-002636
2026-08-15T23:59:59-04:00,EB-ITM-000106,GW-014,listed,INV-002637
2026-08-15T23:59:59-04:00,EB-ITM-000107,GW-016,listed,INV-002638
2026-08-15T23:59:59-04:00,EB-ITM-000110,GW-023,listed,INV-002639
2026-08-15T23:59:59-04:00,EB-ITM-000113,GW-009,listed,INV-002640
2026-08-15T23:59:59-04:00,EB-ITM-000116,GW-014,listed,INV-002641
2026-08-15T23:59:59-04:00,EB-ITM-000119,GW-012,awaiting_photography,INV-002642
2026-08-15T23:59:59-04:00,EB-ITM-000120,GW-015,listed,INV-002643
2026-08-15T23:59:59-04:00,EB-ITM-000121,GW-002,listed,INV-002644
2026-08-15T23:59:59-04:00,EB-ITM-000122,GW-001,listed,INV-002645
2026-08-15T23:59:59-04:00,EB-ITM-000123,GW-020,listed,INV-002646
2026-08-15T23:59:59-04:00,EB-ITM-000126,GW-018,listed,INV-002647
2026-08-15T23:59:59-04:00,EB-ITM-000128,GW-001,listed,INV-002648
2026-08-15T23:59:59-04:00,EB-ITM-000130,GW-016,listed,INV-002649
2026-08-15T23:59:59-04:00,EB-ITM-000131,GW-022,listed,INV-002650
2026-08-15T23:59:59-04:00,EB-ITM-000134,GW-022,listed,INV-002651
2026-08-15T23:59:59-04:00,EB-ITM-000137,GW-004,listed,INV-002652
2026-08-15T23:59:59-04:00,EB-ITM-000139,GW-008,listed,INV-002653
2026-08-15T23:59:59-04:00,EB-ITM-000141,GW-016,listed,INV-002654
2026-08-15T23:59:59-04:00,EB-ITM-000142,GW-001,ready_to_list,INV-002655
2026-08-15T23:59:59-04:00,EB-ITM-000143,GW-002,listed,INV-002656
2026-08-15T23:59:59-04:00,EB-ITM-000144,GW-017,awaiting_photography,INV-002657
2026-08-15T23:59:59-04:00,EB-ITM-000146,GW-004,listed,INV-002658
2026-08-15T23:59:59-04:00,EB-ITM-000152,GW-001,listed,INV-002659
2026-08-15T23:59:59-04:00,EB-ITM-000154,GW-016,listed,INV-002660
2026-08-15T23:59:59-04:00,EB-ITM-000155,GW-018,listed,INV-002661
2026-08-15T23:59:59-04:00,EB-ITM-000156,GW-014,listed,INV-002662
2026-08-15T23:59:59-04:00,EB-ITM-000157,GW-009,listed,INV-002663
2026-08-15T23:59:59-04:00,EB-ITM-000158,GW-013,awaiting_photography,INV-002664
2026-08-15T23:59:59-04:00,EB-ITM-000160,GW-013,listed,INV-002665
2026-08-15T23:59:59-04:00,EB-ITM-000161,GW-009,listed,INV-002666
2026-08-15T23:59:59-04:00,EB-ITM-000164,GW-020,listed,INV-002667
2026-08-15T23:59:59-04:00,EB-ITM-000165,GW-006,listed,INV-002668
2026-08-15T23:59:59-04:00,EB-ITM-000166,GW-010,listed,INV-002669
2026-08-15T23:59:59-04:00,EB-ITM-000168,GW-017,awaiting_photography,INV-002670
2026-08-15T23:59:59-04:00,EB-ITM-000169,GW-015,listed,INV-002671
2026-08-15T23:59:59-04:00,EB-ITM-000170,GW-001,listed,INV-002672
2026-08-15T23:59:59-04:00,EB-ITM-000174,GW-020,awaiting_photography,INV-002673
2026-08-15T23:59:59-04:00,EB-ITM-000177,GW-019,listed,INV-002674
2026-08-15T23:59:59-04:00,EB-ITM-000179,GW-016,listed,INV-002675
2026-08-15T23:59:59-04:00,EB-ITM-000183,GW-004,awaiting_inspection,INV-002676
2026-08-15T23:59:59-04:00,EB-ITM-000184,GW-017,listed,INV-002677
2026-08-15T23:59:59-04:00,EB-ITM-000185,GW-017,listed,INV-002678
2026-08-15T23:59:59-04:00,EB-ITM-000186,GW-013,listed,INV-002679
2026-08-15T23:59:59-04:00,EB-ITM-000187,GW-011,listed,INV-002680
2026-08-15T23:59:59-04:00,EB-ITM-000188,GW-017,awaiting_photography,INV-002681
2026-08-15T23:59:59-04:00,EB-ITM-000192,GW-001,listed,INV-002682
2026-08-15T23:59:59-04:00,EB-ITM-000195,GW-001,listed,INV-002683
2026-08-15T23:59:59-04:00,EB-ITM-000196,GW-022,listed,INV-002684
2026-08-15T23:59:59-04:00,EB-ITM-000199,GW-012,listed,INV-002685
2026-08-15T23:59:59-04:00,EB-ITM-000201,GW-004,ready_to_list,INV-002686
2026-08-15T23:59:59-04:00,EB-ITM-000203,GW-020,listed,INV-002687
2026-08-15T23:59:59-04:00,EB-ITM-000204,GW-010,listed,INV-002688
2026-08-15T23:59:59-04:00,EB-ITM-000206,GW-002,awaiting_photography,INV-002689
2026-08-15T23:59:59-04:00,EB-ITM-000207,GW-012,listed,INV-002690
2026-08-15T23:59:59-04:00,EB-ITM-000209,GW-009,listed,INV-002691
2026-08-15T23:59:59-04:00,EB-ITM-000210,GW-007,listed,INV-002692
2026-08-15T23:59:59-04:00,EB-ITM-000212,GW-001,awaiting_inspection,INV-002693
2026-08-15T23:59:59-04:00,EB-ITM-000213,GW-006,listed,INV-002694
2026-08-15T23:59:59-04:00,EB-ITM-000218,GW-004,listed,INV-002695
2026-08-15T23:59:59-04:00,EB-ITM-000219,GW-009,listed,INV-002696
2026-08-15T23:59:59-04:00,EB-ITM-000221,GW-004,listed,INV-002697
2026-08-15T23:59:59-04:00,EB-ITM-000222,GW-012,listed,INV-002698
2026-08-15T23:59:59-04:00,EB-ITM-000223,GW-004,listed,INV-002699
2026-08-15T23:59:59-04:00,EB-ITM-000224,GW-016,listed,INV-002700
2026-08-15T23:59:59-04:00,EB-ITM-000225,GW-011,listed,INV-002701
2026-08-15T23:59:59-04:00,EB-ITM-000227,GW-021,listed,INV-002702
2026-08-15T23:59:59-04:00,EB-ITM-000228,GW-010,listed,INV-002703
2026-08-15T23:59:59-04:00,EB-ITM-000229,GW-015,awaiting_photography,INV-002704
2026-08-15T23:59:59-04:00,EB-ITM-000231,GW-011,listed,INV-002705
2026-08-15T23:59:59-04:00,EB-ITM-000233,GW-002,received,INV-002706
2026-08-15T23:59:59-04:00,EB-ITM-000238,GW-008,ready_to_list,INV-002707
2026-08-15T23:59:59-04:00,EB-ITM-000239,GW-001,listed,INV-002708
2026-08-15T23:59:59-04:00,EB-ITM-000240,GW-017,listed,INV-002709
2026-08-15T23:59:59-04:00,EB-ITM-000242,GW-001,listed,INV-002710
2026-08-15T23:59:59-04:00,EB-ITM-000244,GW-008,listed,INV-002711
2026-08-15T23:59:59-04:00,EB-ITM-000246,GW-016,listed,INV-002712
2026-08-15T23:59:59-04:00,EB-ITM-000247,GW-013,listed,INV-002713
2026-08-15T23:59:59-04:00,EB-ITM-000248,GW-002,awaiting_inspection,INV-002714
2026-08-15T23:59:59-04:00,EB-ITM-000250,GW-011,listed,INV-002715
2026-08-15T23:59:59-04:00,EB-ITM-000251,GW-008,listed,INV-002716
2026-08-15T23:59:59-04:00,EB-ITM-000252,GW-004,listed,INV-002717
2026-08-15T23:59:59-04:00,EB-ITM-000256,GW-012,listed,INV-002718
2026-08-15T23:59:59-04:00,EB-ITM-000261,GW-021,listed,INV-002719
2026-08-15T23:59:59-04:00,EB-ITM-000263,GW-002,listed,INV-002720
2026-08-15T23:59:59-04:00,EB-ITM-000265,GW-011,listed,INV-002721
2026-08-15T23:59:59-04:00,EB-ITM-000267,GW-021,listed,INV-002722
2026-08-15T23:59:59-04:00,EB-ITM-000268,GW-004,ready_to_list,INV-002723
2026-08-15T23:59:59-04:00,EB-ITM-000269,GW-011,awaiting_inspection,INV-002724
2026-08-15T23:59:59-04:00,EB-ITM-000271,GW-008,listed,INV-002725
2026-08-15T23:59:59-04:00,EB-ITM-000273,GW-006,listed,INV-002726
2026-08-15T23:59:59-04:00,EB-ITM-000275,GW-016,awaiting_inspection,INV-002727
2026-08-15T23:59:59-04:00,EB-ITM-000276,GW-015,awaiting_inspection,INV-002728
2026-08-15T23:59:59-04:00,EB-ITM-000278,GW-017,listed,INV-002729
2026-08-15T23:59:59-04:00,EB-ITM-000279,GW-012,received,INV-002730
2026-08-15T23:59:59-04:00,EB-ITM-000280,GW-009,listed,INV-002731
2026-08-15T23:59:59-04:00,EB-ITM-000281,GW-001,listed,INV-002732
2026-08-15T23:59:59-04:00,EB-ITM-000282,GW-013,listed,INV-002733
2026-08-15T23:59:59-04:00,EB-ITM-000283,GW-024,listed,INV-002734
2026-08-15T23:59:59-04:00,EB-ITM-000284,GW-002,listed,INV-002735
2026-08-15T23:59:59-04:00,EB-ITM-000285,GW-007,listed,INV-002736
2026-08-15T23:59:59-04:00,EB-ITM-000286,GW-009,received,INV-002737
2026-08-15T23:59:59-04:00,EB-ITM-000288,GW-009,listed,INV-002738
2026-08-15T23:59:59-04:00,EB-ITM-000292,GW-009,listed,INV-002739
2026-08-15T23:59:59-04:00,EB-ITM-000293,GW-007,listed,INV-002740
2026-08-15T23:59:59-04:00,EB-ITM-000295,GW-018,awaiting_inspection,INV-002741
2026-08-15T23:59:59-04:00,EB-ITM-000296,GW-008,listed,INV-002742
2026-08-15T23:59:59-04:00,EB-ITM-000298,GW-005,listed,INV-002743
2026-08-15T23:59:59-04:00,EB-ITM-000301,GW-016,listed,INV-002744
2026-08-15T23:59:59-04:00,EB-ITM-000302,GW-014,listed,INV-002745
2026-08-15T23:59:59-04:00,EB-ITM-000303,GW-020,listed,INV-002746
2026-08-15T23:59:59-04:00,EB-ITM-000305,GW-012,awaiting_inspection,INV-002747
2026-08-15T23:59:59-04:00,EB-ITM-000307,GW-017,listed,INV-002748
2026-08-15T23:59:59-04:00,EB-ITM-000308,GW-012,listed,INV-002749
2026-08-15T23:59:59-04:00,EB-ITM-000309,GW-003,listed,INV-002750
2026-08-15T23:59:59-04:00,EB-ITM-000310,GW-015,listed,INV-002751
2026-08-15T23:59:59-04:00,EB-ITM-000311,GW-001,listed,INV-002752
2026-08-15T23:59:59-04:00,EB-ITM-000313,GW-011,listed,INV-002753
2026-08-15T23:59:59-04:00,EB-ITM-000315,GW-007,listed,INV-002754
2026-08-15T23:59:59-04:00,EB-ITM-000317,GW-006,listed,INV-002755
2026-08-15T23:59:59-04:00,EB-ITM-000318,GW-024,listed,INV-002756
2026-08-15T23:59:59-04:00,EB-ITM-000319,GW-022,listed,INV-002757
2026-08-15T23:59:59-04:00,EB-ITM-000320,GW-001,received,INV-002758
2026-08-15T23:59:59-04:00,EB-ITM-000321,GW-007,awaiting_inspection,INV-002759
2026-08-15T23:59:59-04:00,EB-ITM-000323,GW-010,awaiting_photography,INV-002760
2026-08-15T23:59:59-04:00,EB-ITM-000326,GW-012,listed,INV-002761
2026-08-15T23:59:59-04:00,EB-ITM-000327,GW-016,listed,INV-002762
2026-08-15T23:59:59-04:00,EB-ITM-000329,GW-012,listed,INV-002763
2026-08-15T23:59:59-04:00,EB-ITM-000332,GW-003,listed,INV-002764
2026-08-15T23:59:59-04:00,EB-ITM-000336,GW-017,awaiting_photography,INV-002765
2026-08-15T23:59:59-04:00,EB-ITM-000339,GW-014,listed,INV-002766
2026-08-15T23:59:59-04:00,EB-ITM-000340,GW-010,listed,INV-002767
2026-08-15T23:59:59-04:00,EB-ITM-000342,GW-017,listed,INV-002768
2026-08-15T23:59:59-04:00,EB-ITM-000343,GW-024,listed,INV-002769
2026-08-15T23:59:59-04:00,EB-ITM-000344,GW-013,ready_to_list,INV-002770
2026-08-15T23:59:59-04:00,EB-ITM-000345,GW-001,listed,INV-002771
2026-08-15T23:59:59-04:00,EB-ITM-000347,GW-011,listed,INV-002772
2026-08-15T23:59:59-04:00,EB-ITM-000352,GW-017,received,INV-002773
2026-08-15T23:59:59-04:00,EB-ITM-000355,GW-001,listed,INV-002774
2026-08-15T23:59:59-04:00,EB-ITM-000356,GW-006,received,INV-002775
2026-08-15T23:59:59-04:00,EB-ITM-000357,GW-001,listed,INV-002776
2026-08-15T23:59:59-04:00,EB-ITM-000360,GW-009,listed,INV-002777
2026-08-15T23:59:59-04:00,EB-ITM-000361,GW-010,awaiting_inspection,INV-002778
2026-08-15T23:59:59-04:00,EB-ITM-000366,GW-004,listed,INV-002779
2026-08-15T23:59:59-04:00,EB-ITM-000368,GW-001,listed,INV-002780
2026-08-15T23:59:59-04:00,EB-ITM-000372,GW-008,listed,INV-002781
2026-08-15T23:59:59-04:00,EB-ITM-000377,GW-021,listed,INV-002782
2026-08-15T23:59:59-04:00,EB-ITM-000379,GW-009,listed,INV-002783
2026-08-15T23:59:59-04:00,EB-ITM-000380,GW-015,awaiting_inspection,INV-002784
2026-08-15T23:59:59-04:00,EB-ITM-000382,GW-004,listed,INV-002785
2026-08-15T23:59:59-04:00,EB-ITM-000385,GW-022,awaiting_inspection,INV-002786
2026-08-15T23:59:59-04:00,EB-ITM-000386,GW-004,awaiting_photography,INV-002787
2026-08-15T23:59:59-04:00,EB-ITM-000389,GW-001,listed,INV-002788
2026-08-15T23:59:59-04:00,EB-ITM-000395,GW-014,listed,INV-002789
2026-08-15T23:59:59-04:00,EB-ITM-000396,GW-006,listed,INV-002790
2026-08-15T23:59:59-04:00,EB-ITM-000400,GW-016,listed,INV-002791
2026-08-15T23:59:59-04:00,EB-ITM-000403,GW-001,listed,INV-002792
2026-08-15T23:59:59-04:00,EB-ITM-000407,GW-018,listed,INV-002793
2026-08-15T23:59:59-04:00,EB-ITM-000408,GW-005,listed,INV-002794
2026-08-15T23:59:59-04:00,EB-ITM-000411,GW-017,listed,INV-002795
2026-08-15T23:59:59-04:00,EB-ITM-000413,GW-009,listed,INV-002796
2026-08-15T23:59:59-04:00,EB-ITM-000416,GW-006,listed,INV-002797
2026-08-15T23:59:59-04:00,EB-ITM-000417,GW-007,awaiting_photography,INV-002798
2026-08-15T23:59:59-04:00,EB-ITM-000421,GW-005,received,INV-002799
2026-08-15T23:59:59-04:00,EB-ITM-000422,GW-012,listed,INV-002800
2026-08-15T23:59:59-04:00,EB-ITM-000423,GW-014,listed,INV-002801
2026-08-15T23:59:59-04:00,EB-ITM-000424,GW-016,listed,INV-002802
2026-08-15T23:59:59-04:00,EB-ITM-000426,GW-020,listed,INV-002803
2026-08-15T23:59:59-04:00,EB-ITM-000428,GW-017,listed,INV-002804
2026-08-15T23:59:59-04:00,EB-ITM-000429,GW-002,listed,INV-002805
2026-08-15T23:59:59-04:00,EB-ITM-000431,GW-002,listed,INV-002806
2026-08-15T23:59:59-04:00,EB-ITM-000432,GW-024,listed,INV-002807
2026-08-15T23:59:59-04:00,EB-ITM-000433,GW-004,listed,INV-002808
2026-08-15T23:59:59-04:00,EB-ITM-000435,GW-008,listed,INV-002809
2026-08-15T23:59:59-04:00,EB-ITM-000437,GW-007,listed,INV-002810
2026-08-15T23:59:59-04:00,EB-ITM-000439,GW-009,listed,INV-002811
2026-08-15T23:59:59-04:00,EB-ITM-000443,GW-001,listed,INV-002812
2026-08-15T23:59:59-04:00,EB-ITM-000446,GW-018,listed,INV-002813
2026-08-15T23:59:59-04:00,EB-ITM-000447,GW-013,awaiting_inspection,INV-002814
2026-08-15T23:59:59-04:00,EB-ITM-000448,GW-002,listed,INV-002815
2026-08-15T23:59:59-04:00,EB-ITM-000449,GW-023,listed,INV-002816
2026-08-15T23:59:59-04:00,EB-ITM-000453,GW-017,listed,INV-002817
2026-08-15T23:59:59-04:00,EB-ITM-000454,GW-020,listed,INV-002818
2026-08-15T23:59:59-04:00,EB-ITM-000455,GW-005,listed,INV-002819
2026-08-15T23:59:59-04:00,EB-ITM-000459,GW-005,ready_to_list,INV-002820
2026-08-15T23:59:59-04:00,EB-ITM-000460,GW-011,listed,INV-002821
2026-08-15T23:59:59-04:00,EB-ITM-000461,GW-011,listed,INV-002822
2026-08-15T23:59:59-04:00,EB-ITM-000462,GW-013,ready_to_list,INV-002823
2026-08-15T23:59:59-04:00,EB-ITM-000465,GW-004,listed,INV-002824
2026-08-15T23:59:59-04:00,EB-ITM-000466,GW-009,listed,INV-002825
2026-08-15T23:59:59-04:00,EB-ITM-000468,GW-016,listed,INV-002826
2026-08-15T23:59:59-04:00,EB-ITM-000469,GW-024,listed,INV-002827
2026-08-15T23:59:59-04:00,EB-ITM-000472,GW-023,listed,INV-002828
2026-08-15T23:59:59-04:00,EB-ITM-000473,GW-011,listed,INV-002829
2026-08-15T23:59:59-04:00,EB-ITM-000474,GW-008,listed,INV-002830
2026-08-15T23:59:59-04:00,EB-ITM-000476,GW-016,awaiting_inspection,INV-002831
2026-08-15T23:59:59-04:00,EB-ITM-000477,GW-009,listed,INV-002832
2026-08-15T23:59:59-04:00,EB-ITM-000479,GW-022,listed,INV-002833
2026-08-15T23:59:59-04:00,EB-ITM-000480,GW-013,listed,INV-002834
2026-08-15T23:59:59-04:00,EB-ITM-000481,GW-002,listed,INV-002835
2026-08-15T23:59:59-04:00,EB-ITM-000482,GW-001,listed,INV-002836
2026-08-15T23:59:59-04:00,EB-ITM-000485,GW-012,listed,INV-002837
2026-08-15T23:59:59-04:00,EB-ITM-000488,GW-009,listed,INV-002838
2026-08-15T23:59:59-04:00,EB-ITM-000489,GW-021,listed,INV-002839
2026-08-15T23:59:59-04:00,EB-ITM-000490,GW-024,listed,INV-002840
2026-08-15T23:59:59-04:00,EB-ITM-000491,GW-008,listed,INV-002841
2026-08-15T23:59:59-04:00,EB-ITM-000492,GW-001,listed,INV-002842
2026-08-15T23:59:59-04:00,EB-ITM-000493,GW-017,listed,INV-002843
2026-08-15T23:59:59-04:00,EB-ITM-000495,GW-008,listed,INV-002844
2026-08-15T23:59:59-04:00,EB-ITM-000496,GW-010,listed,INV-002845
2026-08-15T23:59:59-04:00,EB-ITM-000498,GW-017,listed,INV-002846
2026-08-15T23:59:59-04:00,EB-ITM-000499,GW-006,listed,INV-002847
2026-08-15T23:59:59-04:00,EB-ITM-000500,GW-018,listed,INV-002848
2026-08-15T23:59:59-04:00,EB-ITM-000501,GW-010,listed,INV-002849
2026-08-15T23:59:59-04:00,EB-ITM-000502,GW-017,listed,INV-002850
2026-08-15T23:59:59-04:00,EB-ITM-000510,GW-001,awaiting_photography,INV-002851
2026-08-15T23:59:59-04:00,EB-ITM-000512,GW-011,awaiting_photography,INV-002852
2026-08-15T23:59:59-04:00,EB-ITM-000513,GW-021,listed,INV-002853
2026-08-15T23:59:59-04:00,EB-ITM-000514,GW-008,listed,INV-002854
2026-08-15T23:59:59-04:00,EB-ITM-000515,GW-022,listed,INV-002855
2026-08-15T23:59:59-04:00,EB-ITM-000516,GW-016,listed,INV-002856
2026-08-15T23:59:59-04:00,EB-ITM-000517,GW-013,listed,INV-002857
2026-08-15T23:59:59-04:00,EB-ITM-000518,GW-012,listed,INV-002858
2026-08-15T23:59:59-04:00,EB-ITM-000522,GW-004,listed,INV-002859
2026-08-15T23:59:59-04:00,EB-ITM-000523,GW-022,listed,INV-002860
2026-08-15T23:59:59-04:00,EB-ITM-000524,GW-018,listed,INV-002861
2026-08-15T23:59:59-04:00,EB-ITM-000526,GW-015,listed,INV-002862
2026-08-15T23:59:59-04:00,EB-ITM-000527,GW-008,listed,INV-002863
2026-08-15T23:59:59-04:00,EB-ITM-000528,GW-020,listed,INV-002864
2026-08-15T23:59:59-04:00,EB-ITM-000530,GW-017,listed,INV-002865
2026-08-15T23:59:59-04:00,EB-ITM-000533,GW-001,listed,INV-002866
2026-08-15T23:59:59-04:00,EB-ITM-000534,GW-006,awaiting_inspection,INV-002867
2026-08-15T23:59:59-04:00,EB-ITM-000535,GW-023,listed,INV-002868
2026-08-15T23:59:59-04:00,EB-ITM-000537,GW-009,listed,INV-002869
2026-08-15T23:59:59-04:00,EB-ITM-000540,GW-007,listed,INV-002870
2026-08-15T23:59:59-04:00,EB-ITM-000542,GW-016,listed,INV-002871
2026-08-15T23:59:59-04:00,EB-ITM-000543,GW-001,listed,INV-002872
2026-08-15T23:59:59-04:00,EB-ITM-000544,GW-017,listed,INV-002873
2026-08-15T23:59:59-04:00,EB-ITM-000546,GW-008,listed,INV-002874
2026-08-15T23:59:59-04:00,EB-ITM-000547,GW-017,listed,INV-002875
2026-08-15T23:59:59-04:00,EB-ITM-000549,GW-008,ready_to_list,INV-002876
2026-08-15T23:59:59-04:00,EB-ITM-000551,GW-001,listed,INV-002877
2026-08-15T23:59:59-04:00,EB-ITM-000555,GW-008,listed,INV-002878
2026-08-15T23:59:59-04:00,EB-ITM-000560,GW-003,listed,INV-002879
2026-08-15T23:59:59-04:00,EB-ITM-000562,GW-004,listed,INV-002880
2026-08-15T23:59:59-04:00,EB-ITM-000564,GW-018,listed,INV-002881
2026-08-15T23:59:59-04:00,EB-ITM-000565,GW-002,listed,INV-002882
2026-08-15T23:59:59-04:00,EB-ITM-000567,GW-016,listed,INV-002883
2026-08-15T23:59:59-04:00,EB-ITM-000568,GW-006,listed,INV-002884
2026-08-15T23:59:59-04:00,EB-ITM-000572,GW-006,listed,INV-002885
2026-08-15T23:59:59-04:00,EB-ITM-000573,GW-009,listed,INV-002886
2026-08-15T23:59:59-04:00,EB-ITM-000574,GW-016,listed,INV-002887
2026-08-15T23:59:59-04:00,EB-ITM-000575,GW-019,listed,INV-002888
2026-08-15T23:59:59-04:00,EB-ITM-000577,GW-002,listed,INV-002889
2026-08-15T23:59:59-04:00,EB-ITM-000582,GW-016,listed,INV-002890
2026-08-15T23:59:59-04:00,EB-ITM-000584,GW-021,listed,INV-002891
2026-08-15T23:59:59-04:00,EB-ITM-000585,GW-018,listed,INV-002892
2026-08-15T23:59:59-04:00,EB-ITM-000586,GW-012,listed,INV-002893
2026-08-15T23:59:59-04:00,EB-ITM-000587,GW-004,listed,INV-002894
2026-08-15T23:59:59-04:00,EB-ITM-000588,GW-001,listed,INV-002895
2026-08-15T23:59:59-04:00,EB-ITM-000589,GW-022,listed,INV-002896
2026-08-15T23:59:59-04:00,EB-ITM-000594,GW-015,listed,INV-002897
2026-08-15T23:59:59-04:00,EB-ITM-000595,GW-002,listed,INV-002898
2026-08-15T23:59:59-04:00,EB-ITM-000596,GW-016,listed,INV-002899
2026-08-15T23:59:59-04:00,EB-ITM-000597,GW-024,listed,INV-002900
2026-08-15T23:59:59-04:00,EB-ITM-000598,GW-021,listed,INV-002901
2026-08-15T23:59:59-04:00,EB-ITM-000599,GW-015,listed,INV-002902
2026-08-15T23:59:59-04:00,EB-ITM-000600,GW-014,received,INV-002903
2026-08-15T23:59:59-04:00,EB-ITM-000601,GW-017,listed,INV-002904
2026-08-15T23:59:59-04:00,EB-ITM-000602,GW-015,listed,INV-002905
2026-08-15T23:59:59-04:00,EB-ITM-000604,GW-004,listed,INV-002906
2026-08-15T23:59:59-04:00,EB-ITM-000605,GW-001,listed,INV-002907
2026-08-15T23:59:59-04:00,EB-ITM-000606,GW-003,listed,INV-002908
2026-08-15T23:59:59-04:00,EB-ITM-000610,GW-002,listed,INV-002909
2026-08-15T23:59:59-04:00,EB-ITM-000612,GW-007,listed,INV-002910
2026-08-15T23:59:59-04:00,EB-ITM-000613,GW-009,listed,INV-002911
2026-08-15T23:59:59-04:00,EB-ITM-000615,GW-024,listed,INV-002912
2026-08-15T23:59:59-04:00,EB-ITM-000618,GW-001,listed,INV-002913
2026-08-15T23:59:59-04:00,EB-ITM-000619,GW-006,listed,INV-002914
2026-08-15T23:59:59-04:00,EB-ITM-000620,GW-012,listed,INV-002915
2026-08-15T23:59:59-04:00,EB-ITM-000621,GW-012,listed,INV-002916
2026-08-15T23:59:59-04:00,EB-ITM-000622,GW-017,listed,INV-002917
2026-08-15T23:59:59-04:00,EB-ITM-000627,GW-008,listed,INV-002918
2026-08-15T23:59:59-04:00,EB-ITM-000628,GW-004,listed,INV-002919
2026-08-15T23:59:59-04:00,EB-ITM-000629,GW-017,listed,INV-002920
2026-08-15T23:59:59-04:00,EB-ITM-000630,GW-010,listed,INV-002921
2026-08-15T23:59:59-04:00,EB-ITM-000631,GW-013,ready_to_list,INV-002922
2026-08-15T23:59:59-04:00,EB-ITM-000633,GW-004,listed,INV-002923
2026-08-15T23:59:59-04:00,EB-ITM-000634,GW-008,received,INV-002924
2026-08-15T23:59:59-04:00,EB-ITM-000637,GW-017,listed,INV-002925
2026-08-15T23:59:59-04:00,EB-ITM-000638,GW-018,listed,INV-002926
2026-08-15T23:59:59-04:00,EB-ITM-000643,GW-021,listed,INV-002927
2026-08-15T23:59:59-04:00,EB-ITM-000645,GW-016,listed,INV-002928
2026-08-15T23:59:59-04:00,EB-ITM-000646,GW-004,listed,INV-002929
2026-08-15T23:59:59-04:00,EB-ITM-000647,GW-009,listed,INV-002930
2026-08-15T23:59:59-04:00,EB-ITM-000650,GW-005,received,INV-002931
2026-08-15T23:59:59-04:00,EB-ITM-000651,GW-023,listed,INV-002932
2026-08-15T23:59:59-04:00,EB-ITM-000653,GW-009,listed,INV-002933
2026-08-15T23:59:59-04:00,EB-ITM-000655,GW-011,received,INV-002934
2026-08-15T23:59:59-04:00,EB-ITM-000657,GW-009,listed,INV-002935
2026-08-15T23:59:59-04:00,EB-ITM-000659,GW-006,listed,INV-002936
2026-08-15T23:59:59-04:00,EB-ITM-000662,GW-003,received,INV-002937
2026-08-15T23:59:59-04:00,EB-ITM-000664,GW-017,listed,INV-002938
2026-08-15T23:59:59-04:00,EB-ITM-000665,GW-001,listed,INV-002939
2026-08-15T23:59:59-04:00,EB-ITM-000666,GW-016,listed,INV-002940
2026-08-15T23:59:59-04:00,EB-ITM-000667,GW-001,received,INV-002941
2026-08-15T23:59:59-04:00,EB-ITM-000672,GW-004,listed,INV-002942
2026-08-15T23:59:59-04:00,EB-ITM-000676,GW-011,listed,INV-002943
2026-08-15T23:59:59-04:00,EB-ITM-000677,GW-015,listed,INV-002944
2026-08-15T23:59:59-04:00,EB-ITM-000681,GW-011,listed,INV-002945
2026-08-15T23:59:59-04:00,EB-ITM-000687,GW-007,listed,INV-002946
2026-08-15T23:59:59-04:00,EB-ITM-000688,GW-011,awaiting_inspection,INV-002947
2026-08-15T23:59:59-04:00,EB-ITM-000690,GW-004,listed,INV-002948
2026-08-15T23:59:59-04:00,EB-ITM-000692,GW-017,listed,INV-002949
2026-08-15T23:59:59-04:00,EB-ITM-000696,GW-006,listed,INV-002950
2026-08-15T23:59:59-04:00,EB-ITM-000697,GW-005,listed,INV-002951
2026-08-15T23:59:59-04:00,EB-ITM-000698,GW-016,listed,INV-002952
2026-08-15T23:59:59-04:00,EB-ITM-000699,GW-010,listed,INV-002953
2026-08-15T23:59:59-04:00,EB-ITM-000701,GW-018,listed,INV-002954
2026-08-15T23:59:59-04:00,EB-ITM-000702,GW-011,listed,INV-002955
2026-08-15T23:59:59-04:00,EB-ITM-000703,GW-013,listed,INV-002956
2026-08-15T23:59:59-04:00,EB-ITM-000707,GW-004,listed,INV-002957
2026-08-15T23:59:59-04:00,EB-ITM-000709,GW-024,listed,INV-002958
2026-08-15T23:59:59-04:00,EB-ITM-000710,GW-013,listed,INV-002959
2026-08-15T23:59:59-04:00,EB-ITM-000715,GW-004,listed,INV-002960
2026-08-15T23:59:59-04:00,EB-ITM-000716,GW-015,listed,INV-002961
2026-08-15T23:59:59-04:00,EB-ITM-000718,GW-004,listed,INV-002962
2026-08-15T23:59:59-04:00,EB-ITM-000721,GW-004,listed,INV-002963
2026-08-15T23:59:59-04:00,EB-ITM-000728,GW-018,awaiting_inspection,INV-002964
2026-08-15T23:59:59-04:00,EB-ITM-000729,GW-019,ready_to_list,INV-002965
2026-08-15T23:59:59-04:00,EB-ITM-000731,GW-016,listed,INV-002966
2026-08-15T23:59:59-04:00,EB-ITM-000733,GW-008,listed,INV-002967
2026-08-15T23:59:59-04:00,EB-ITM-000734,GW-020,awaiting_inspection,INV-002968
2026-08-15T23:59:59-04:00,EB-ITM-000738,GW-006,listed,INV-002969
2026-08-15T23:59:59-04:00,EB-ITM-000739,GW-014,listed,INV-002970
2026-08-15T23:59:59-04:00,EB-ITM-000742,GW-007,listed,INV-002971
2026-08-15T23:59:59-04:00,EB-ITM-000745,GW-002,listed,INV-002972
2026-08-15T23:59:59-04:00,EB-ITM-000749,GW-017,listed,INV-002973
2026-08-15T23:59:59-04:00,EB-ITM-000750,GW-012,listed,INV-002974
2026-08-15T23:59:59-04:00,EB-ITM-000757,GW-006,listed,INV-002975
2026-08-15T23:59:59-04:00,EB-ITM-000759,GW-022,listed,INV-002976
2026-08-15T23:59:59-04:00,EB-ITM-000761,GW-013,listed,INV-002977
2026-08-15T23:59:59-04:00,EB-ITM-000762,GW-008,awaiting_inspection,INV-002978
2026-08-15T23:59:59-04:00,EB-ITM-000763,GW-010,listed,INV-002979
2026-08-15T23:59:59-04:00,EB-ITM-000767,GW-024,listed,INV-002980
2026-08-15T23:59:59-04:00,EB-ITM-000769,GW-004,listed,INV-002981
2026-08-15T23:59:59-04:00,EB-ITM-000772,GW-006,listed,INV-002982
2026-08-15T23:59:59-04:00,EB-ITM-000774,GW-001,listed,INV-002983
2026-08-15T23:59:59-04:00,EB-ITM-000776,GW-021,listed,INV-002984
2026-08-15T23:59:59-04:00,EB-ITM-000777,GW-012,listed,INV-002985
2026-08-15T23:59:59-04:00,EB-ITM-000778,GW-002,listed,INV-002986
2026-08-15T23:59:59-04:00,EB-ITM-000780,GW-007,listed,INV-002987
2026-08-15T23:59:59-04:00,EB-ITM-000783,GW-018,listed,INV-002988
2026-08-15T23:59:59-04:00,EB-ITM-000784,GW-001,listed,INV-002989
2026-08-15T23:59:59-04:00,EB-ITM-000786,GW-010,listed,INV-002990
2026-08-15T23:59:59-04:00,EB-ITM-000787,GW-009,listed,INV-002991
2026-08-15T23:59:59-04:00,EB-ITM-000788,GW-002,listed,INV-002992
2026-08-15T23:59:59-04:00,EB-ITM-000790,GW-004,listed,INV-002993
2026-08-15T23:59:59-04:00,EB-ITM-000791,GW-002,listed,INV-002994
2026-08-15T23:59:59-04:00,EB-ITM-000792,GW-017,listed,INV-002995
2026-08-15T23:59:59-04:00,EB-ITM-000795,GW-017,listed,INV-002996
2026-08-15T23:59:59-04:00,EB-ITM-000797,GW-020,listed,INV-002997
2026-08-15T23:59:59-04:00,EB-ITM-000798,GW-010,listed,INV-002998
2026-08-15T23:59:59-04:00,EB-ITM-000799,GW-008,listed,INV-002999
2026-08-15T23:59:59-04:00,EB-ITM-000800,GW-016,listed,INV-003000
2026-08-15T23:59:59-04:00,EB-ITM-000801,GW-006,listed,INV-003001
2026-08-15T23:59:59-04:00,EB-ITM-000803,GW-017,listed,INV-003002
2026-08-15T23:59:59-04:00,EB-ITM-000806,GW-021,listed,INV-003003
2026-08-15T23:59:59-04:00,EB-ITM-000807,GW-015,listed,INV-003004
2026-08-15T23:59:59-04:00,EB-ITM-000808,GW-004,listed,INV-003005
2026-08-15T23:59:59-04:00,EB-ITM-000815,GW-004,listed,INV-003006
2026-08-15T23:59:59-04:00,EB-ITM-000818,GW-023,listed,INV-003007
2026-08-15T23:59:59-04:00,EB-ITM-000821,GW-022,awaiting_photography,INV-003008
2026-08-15T23:59:59-04:00,EB-ITM-000822,GW-018,listed,INV-003009
2026-08-15T23:59:59-04:00,EB-ITM-000829,GW-014,listed,INV-003010
2026-08-15T23:59:59-04:00,EB-ITM-000831,GW-022,listed,INV-003011
2026-08-15T23:59:59-04:00,EB-ITM-000832,GW-012,listed,INV-003012
2026-08-15T23:59:59-04:00,EB-ITM-000833,GW-004,listed,INV-003013
2026-08-15T23:59:59-04:00,EB-ITM-000835,GW-024,listed,INV-003014
2026-08-15T23:59:59-04:00,EB-ITM-000837,GW-024,listed,INV-003015
2026-08-15T23:59:59-04:00,EB-ITM-000840,GW-024,listed,INV-003016
2026-08-15T23:59:59-04:00,EB-ITM-000842,GW-023,listed,INV-003017
2026-08-15T23:59:59-04:00,EB-ITM-000843,GW-009,listed,INV-003018
2026-08-15T23:59:59-04:00,EB-ITM-000844,GW-008,listed,INV-003019
2026-08-15T23:59:59-04:00,EB-ITM-000846,GW-024,listed,INV-003020
2026-08-15T23:59:59-04:00,EB-ITM-000852,GW-009,awaiting_inspection,INV-003021
2026-08-15T23:59:59-04:00,EB-ITM-000856,GW-004,listed,INV-003022
2026-08-15T23:59:59-04:00,EB-ITM-000858,GW-012,listed,INV-003023
2026-08-15T23:59:59-04:00,EB-ITM-000860,GW-001,listed,INV-003024
2026-08-15T23:59:59-04:00,EB-ITM-000861,GW-009,listed,INV-003025
2026-08-15T23:59:59-04:00,EB-ITM-000862,GW-006,listed,INV-003026
2026-08-15T23:59:59-04:00,EB-ITM-000864,GW-020,listed,INV-003027
2026-08-15T23:59:59-04:00,EB-ITM-000865,GW-023,listed,INV-003028
2026-08-15T23:59:59-04:00,EB-ITM-000870,GW-014,received,INV-003029
2026-08-15T23:59:59-04:00,EB-ITM-000874,GW-002,listed,INV-003030
2026-08-15T23:59:59-04:00,EB-ITM-000879,GW-009,listed,INV-003031
2026-08-15T23:59:59-04:00,EB-ITM-000881,GW-020,listed,INV-003032
2026-08-15T23:59:59-04:00,EB-ITM-000883,GW-006,listed,INV-003033
2026-08-15T23:59:59-04:00,EB-ITM-000884,GW-004,listed,INV-003034
2026-08-15T23:59:59-04:00,EB-ITM-000888,GW-016,listed,INV-003035
2026-08-15T23:59:59-04:00,EB-ITM-000889,GW-017,received,INV-003036
2026-08-15T23:59:59-04:00,EB-ITM-000894,GW-024,listed,INV-003037
2026-08-15T23:59:59-04:00,EB-ITM-000897,GW-003,awaiting_inspection,INV-003038
2026-08-15T23:59:59-04:00,EB-ITM-000898,GW-016,listed,INV-003039
2026-08-15T23:59:59-04:00,EB-ITM-000900,GW-006,listed,INV-003040
2026-08-15T23:59:59-04:00,EB-UNSOLD-000005,GW-001,received,INV-003041
2026-08-15T23:59:59-04:00,EB-UNSOLD-000015,GW-004,listed,INV-003042
2026-08-15T23:59:59-04:00,EB-UNSOLD-000021,GW-020,ready_to_list,INV-003043
2026-08-15T23:59:59-04:00,EB-UNSOLD-000022,GW-015,awaiting_photography,INV-003044
2026-08-15T23:59:59-04:00,EB-UNSOLD-000031,GW-018,awaiting_photography,INV-003045
2026-08-15T23:59:59-04:00,EB-UNSOLD-000040,GW-017,awaiting_photography,INV-003046
2026-08-15T23:59:59-04:00,EB-UNSOLD-000046,GW-013,listed,INV-003047
2026-08-15T23:59:59-04:00,EB-UNSOLD-000049,GW-001,listed,INV-003048
2026-08-15T23:59:59-04:00,EB-UNSOLD-000066,GW-016,awaiting_inspection,INV-003049
2026-08-15T23:59:59-04:00,EB-UNSOLD-000078,GW-012,ready_to_list,INV-003050
2026-08-15T23:59:59-04:00,EB-UNSOLD-000090,GW-002,ready_to_list,INV-003051
2026-08-15T23:59:59-04:00,EB-UNSOLD-000093,GW-017,awaiting_inspection,INV-003052
2026-08-15T23:59:59-04:00,EB-UNSOLD-000103,GW-016,ready_to_list,INV-003053
2026-08-15T23:59:59-04:00,EB-UNSOLD-000107,GW-003,awaiting_photography,INV-003054
2026-08-15T23:59:59-04:00,EB-UNSOLD-000117,GW-020,listed,INV-003055
2026-08-15T23:59:59-04:00,EB-UNSOLD-000118,GW-004,listed,INV-003056
2026-08-15T23:59:59-04:00,EB-UNSOLD-000120,GW-006,listed,INV-003057
2026-08-15T23:59:59-04:00,EB-UNSOLD-000121,GW-022,listed,INV-003058
2026-08-15T23:59:59-04:00,EB-UNSOLD-000123,GW-021,ready_to_list,INV-003059
2026-08-15T23:59:59-04:00,EB-UNSOLD-000127,GW-014,ready_to_list,INV-003060
2026-08-15T23:59:59-04:00,EB-UNSOLD-000134,GW-022,listed,INV-003061
2026-08-15T23:59:59-04:00,EB-UNSOLD-000144,GW-024,awaiting_inspection,INV-003062
2026-08-15T23:59:59-04:00,EB-UNSOLD-000156,GW-006,ready_to_list,INV-003063
2026-08-15T23:59:59-04:00,EB-UNSOLD-000164,GW-008,received,INV-003064
2026-08-15T23:59:59-04:00,EB-UNSOLD-000171,GW-001,listed,INV-003065
2026-08-15T23:59:59-04:00,EB-UNSOLD-000173,GW-008,ready_to_list,INV-003066
2026-08-15T23:59:59-04:00,EB-UNSOLD-000177,GW-016,listed,INV-003067
2026-08-15T23:59:59-04:00,EB-UNSOLD-000178,GW-017,listed,INV-003068
2026-08-15T23:59:59-04:00,EB-UNSOLD-000179,GW-001,awaiting_photography,INV-003069
2026-08-15T23:59:59-04:00,EB-UNSOLD-000184,GW-001,awaiting_photography,INV-003070
2026-08-15T23:59:59-04:00,EB-UNSOLD-000186,GW-002,ready_to_list,INV-003071
2026-08-15T23:59:59-04:00,EB-UNSOLD-000190,GW-008,listed,INV-003072
2026-08-15T23:59:59-04:00,EB-UNSOLD-000196,GW-013,listed,INV-003073
2026-08-15T23:59:59-04:00,EB-UNSOLD-000200,GW-011,received,INV-003074
2026-08-15T23:59:59-04:00,EB-UNSOLD-000202,GW-001,received,INV-003075
2026-08-15T23:59:59-04:00,EB-UNSOLD-000203,GW-009,ready_to_list,INV-003076
2026-08-15T23:59:59-04:00,EB-UNSOLD-000205,GW-021,ready_to_list,INV-003077
2026-08-15T23:59:59-04:00,EB-UNSOLD-000217,GW-023,ready_to_list,INV-003078
2026-08-15T23:59:59-04:00,EB-UNSOLD-000222,GW-012,ready_to_list,INV-003079
2026-08-15T23:59:59-04:00,EB-UNSOLD-000224,GW-020,listed,INV-003080
2026-08-15T23:59:59-04:00,EB-UNSOLD-000226,GW-007,listed,INV-003081
2026-08-15T23:59:59-04:00,EB-UNSOLD-000228,GW-008,ready_to_list,INV-003082
2026-08-15T23:59:59-04:00,EB-UNSOLD-000230,GW-003,awaiting_photography,INV-003083
2026-08-15T23:59:59-04:00,EB-UNSOLD-000238,GW-018,awaiting_photography,INV-003084
2026-08-15T23:59:59-04:00,EB-UNSOLD-000240,GW-020,ready_to_list,INV-003085
2026-08-15T23:59:59-04:00,EB-UNSOLD-000245,GW-005,ready_to_list,INV-003086
2026-08-15T23:59:59-04:00,EB-UNSOLD-000249,GW-024,awaiting_inspection,INV-003087
2026-08-15T23:59:59-04:00,EB-UNSOLD-000253,GW-012,listed,INV-003088
2026-08-15T23:59:59-04:00,EB-UNSOLD-000255,GW-024,ready_to_list,INV-003089
2026-08-15T23:59:59-04:00,EB-UNSOLD-000263,GW-015,awaiting_photography,INV-003090
2026-08-15T23:59:59-04:00,EB-UNSOLD-000271,GW-008,ready_to_list,INV-003091
2026-08-15T23:59:59-04:00,EB-UNSOLD-000272,GW-002,awaiting_inspection,INV-003092
2026-08-15T23:59:59-04:00,EB-UNSOLD-000275,GW-001,awaiting_inspection,INV-003093
2026-08-15T23:59:59-04:00,EB-UNSOLD-000290,GW-023,received,INV-003094
2026-08-15T23:59:59-04:00,EB-UNSOLD-000294,GW-010,listed,INV-003095
2026-08-15T23:59:59-04:00,EB-UNSOLD-000303,GW-007,awaiting_inspection,INV-003096
2026-08-15T23:59:59-04:00,EB-UNSOLD-000308,GW-008,received,INV-003097
2026-08-15T23:59:59-04:00,EB-UNSOLD-000310,GW-024,ready_to_list,INV-003098
2026-08-15T23:59:59-04:00,EB-UNSOLD-000317,GW-007,ready_to_list,INV-003099
2026-08-15T23:59:59-04:00,EB-UNSOLD-000318,GW-004,ready_to_list,INV-003100
2026-08-15T23:59:59-04:00,EB-UNSOLD-000320,GW-006,listed,INV-003101
2026-08-15T23:59:59-04:00,EB-UNSOLD-000327,GW-004,listed,INV-003102
2026-08-15T23:59:59-04:00,EB-UNSOLD-000332,GW-020,ready_to_list,INV-003103
2026-08-15T23:59:59-04:00,EB-UNSOLD-000333,GW-004,listed,INV-003104
2026-08-15T23:59:59-04:00,EB-UNSOLD-000334,GW-002,ready_to_list,INV-003105
2026-08-15T23:59:59-04:00,EB-UNSOLD-000338,GW-024,ready_to_list,INV-003106
2026-08-15T23:59:59-04:00,EB-UNSOLD-000339,GW-024,listed,INV-003107
2026-08-15T23:59:59-04:00,EB-UNSOLD-000340,GW-022,listed,INV-003108
2026-08-15T23:59:59-04:00,EB-UNSOLD-000343,GW-016,listed,INV-003109
2026-08-15T23:59:59-04:00,EB-UNSOLD-000352,GW-005,awaiting_photography,INV-003110
2026-08-15T23:59:59-04:00,EB-UNSOLD-000361,GW-006,listed,INV-003111
2026-08-15T23:59:59-04:00,EB-UNSOLD-000363,GW-014,listed,INV-003112
2026-08-15T23:59:59-04:00,EB-UNSOLD-000365,GW-018,listed,INV-003113
2026-08-15T23:59:59-04:00,EB-UNSOLD-000370,GW-001,awaiting_inspection,INV-003114
2026-08-15T23:59:59-04:00,EB-UNSOLD-000380,GW-018,ready_to_list,INV-003115
2026-08-15T23:59:59-04:00,EB-UNSOLD-000381,GW-023,awaiting_photography,INV-003116
2026-08-15T23:59:59-04:00,EB-UNSOLD-000397,GW-020,ready_to_list,INV-003117
2026-08-15T23:59:59-04:00,EB-UNSOLD-000402,GW-003,awaiting_photography,INV-003118
2026-08-15T23:59:59-04:00,EB-UNSOLD-000404,GW-010,ready_to_list,INV-003119
2026-08-15T23:59:59-04:00,EB-UNSOLD-000405,GW-013,listed,INV-003120
2026-08-15T23:59:59-04:00,EB-UNSOLD-000407,GW-008,awaiting_photography,INV-003121
2026-08-15T23:59:59-04:00,EB-UNSOLD-000414,GW-004,listed,INV-003122
2026-08-15T23:59:59-04:00,EB-UNSOLD-000423,GW-019,listed,INV-003123
2026-08-15T23:59:59-04:00,EB-UNSOLD-000430,GW-019,ready_to_list,INV-003124
2026-08-15T23:59:59-04:00,EB-UNSOLD-000435,GW-024,ready_to_list,INV-003125
2026-08-15T23:59:59-04:00,EB-UNSOLD-000439,GW-020,ready_to_list,INV-003126
2026-08-15T23:59:59-04:00,EB-UNSOLD-000449,GW-014,ready_to_list,INV-003127
2026-08-15T23:59:59-04:00,EB-UNSOLD-000451,GW-020,listed,INV-003128
2026-08-15T23:59:59-04:00,EB-UNSOLD-000454,GW-017,listed,INV-003129
2026-08-15T23:59:59-04:00,EB-UNSOLD-000460,GW-016,ready_to_list,INV-003130
2026-08-15T23:59:59-04:00,EB-UNSOLD-000466,GW-001,ready_to_list,INV-003131
2026-08-15T23:59:59-04:00,EB-UNSOLD-000471,GW-013,ready_to_list,INV-003132
2026-08-15T23:59:59-04:00,EB-UNSOLD-000476,GW-018,listed,INV-003133
2026-08-15T23:59:59-04:00,EB-UNSOLD-000479,GW-010,ready_to_list,INV-003134
2026-08-15T23:59:59-04:00,EB-UNSOLD-000482,GW-010,received,INV-003135
2026-08-15T23:59:59-04:00,EB-UNSOLD-000493,GW-018,listed,INV-003136
2026-08-15T23:59:59-04:00,EB-UNSOLD-000496,GW-004,listed,INV-003137
2026-08-15T23:59:59-04:00,EB-UNSOLD-000497,GW-011,awaiting_photography,INV-003138
2026-08-15T23:59:59-04:00,EB-UNSOLD-000500,GW-012,awaiting_photography,INV-003139
2026-08-15T23:59:59-04:00,EB-UNSOLD-000521,GW-002,ready_to_list,INV-003140
2026-08-15T23:59:59-04:00,EB-UNSOLD-000525,GW-014,ready_to_list,INV-003141
2026-08-15T23:59:59-04:00,EB-UNSOLD-000535,GW-017,ready_to_list,INV-003142
2026-08-15T23:59:59-04:00,EB-UNSOLD-000540,GW-017,ready_to_list,INV-003143
2026-08-15T23:59:59-04:00,EB-UNSOLD-000547,GW-017,ready_to_list,INV-003144
2026-08-15T23:59:59-04:00,EB-UNSOLD-000550,GW-017,awaiting_photography,INV-003145
2026-08-15T23:59:59-04:00,EB-UNSOLD-000555,GW-005,awaiting_inspection,INV-003146
2026-08-15T23:59:59-04:00,EB-UNSOLD-000559,GW-011,awaiting_photography,INV-003147
2026-08-15T23:59:59-04:00,EB-UNSOLD-000561,GW-008,listed,INV-003148
2026-08-15T23:59:59-04:00,EB-UNSOLD-000568,GW-007,awaiting_photography,INV-003149
2026-08-15T23:59:59-04:00,EB-UNSOLD-000572,GW-009,ready_to_list,INV-003150
2026-08-15T23:59:59-04:00,EB-UNSOLD-000577,GW-001,listed,INV-003151
2026-08-15T23:59:59-04:00,EB-UNSOLD-000578,GW-021,listed,INV-003152
2026-08-15T23:59:59-04:00,EB-UNSOLD-000581,GW-012,listed,INV-003153
2026-08-15T23:59:59-04:00,EB-UNSOLD-000584,GW-023,ready_to_list,INV-003154
2026-08-15T23:59:59-04:00,EB-UNSOLD-000594,GW-023,ready_to_list,INV-003155
2026-08-15T23:59:59-04:00,EB-UNSOLD-000600,GW-016,ready_to_list,INV-003156
2026-08-15T23:59:59-04:00,EB-UNSOLD-000603,GW-002,ready_to_list,INV-003157
2026-08-15T23:59:59-04:00,EB-UNSOLD-000604,GW-005,ready_to_list,INV-003158
2026-08-15T23:59:59-04:00,EB-UNSOLD-000609,GW-019,ready_to_list,INV-003159
2026-08-15T23:59:59-04:00,EB-UNSOLD-000612,GW-013,ready_to_list,INV-003160
2026-08-15T23:59:59-04:00,EB-UNSOLD-000614,GW-001,ready_to_list,INV-003161
2026-08-15T23:59:59-04:00,EB-UNSOLD-000616,GW-022,listed,INV-003162
2026-08-15T23:59:59-04:00,EB-UNSOLD-000620,GW-002,listed,INV-003163
2026-08-15T23:59:59-04:00,EB-UNSOLD-000621,GW-008,ready_to_list,INV-003164
2026-08-15T23:59:59-04:00,EB-UNSOLD-000623,GW-017,received,INV-003165
2026-08-15T23:59:59-04:00,EB-UNSOLD-000624,GW-018,listed,INV-003166
2026-08-15T23:59:59-04:00,EB-UNSOLD-000636,GW-023,awaiting_photography,INV-003167
2026-08-15T23:59:59-04:00,EB-UNSOLD-000654,GW-001,ready_to_list,INV-003168
2026-08-15T23:59:59-04:00,EB-UNSOLD-000656,GW-006,awaiting_photography,INV-003169
2026-08-15T23:59:59-04:00,EB-UNSOLD-000666,GW-019,awaiting_inspection,INV-003170
2026-08-15T23:59:59-04:00,EB-UNSOLD-000667,GW-012,listed,INV-003171
2026-08-15T23:59:59-04:00,EB-UNSOLD-000668,GW-009,ready_to_list,INV-003172
2026-08-15T23:59:59-04:00,EB-UNSOLD-000680,GW-005,listed,INV-003173
2026-08-15T23:59:59-04:00,EB-UNSOLD-000683,GW-004,ready_to_list,INV-003174
2026-08-15T23:59:59-04:00,EB-UNSOLD-000685,GW-004,listed,INV-003175
2026-08-15T23:59:59-04:00,EB-UNSOLD-000689,GW-013,listed,INV-003176
2026-08-15T23:59:59-04:00,EB-UNSOLD-000692,GW-018,ready_to_list,INV-003177
2026-08-15T23:59:59-04:00,EB-UNSOLD-000705,GW-004,awaiting_inspection,INV-003178
2026-08-15T23:59:59-04:00,EB-UNSOLD-000707,GW-009,ready_to_list,INV-003179
2026-08-15T23:59:59-04:00,EB-UNSOLD-000718,GW-016,listed,INV-003180
2026-08-15T23:59:59-04:00,EB-UNSOLD-000724,GW-001,awaiting_inspection,INV-003181
2026-08-15T23:59:59-04:00,EB-UNSOLD-000725,GW-008,received,INV-003182
2026-08-15T23:59:59-04:00,EB-UNSOLD-000731,GW-017,listed,INV-003183
2026-08-15T23:59:59-04:00,EB-UNSOLD-000732,GW-005,ready_to_list,INV-003184
2026-08-15T23:59:59-04:00,EB-UNSOLD-000737,GW-005,listed,INV-003185
2026-08-15T23:59:59-04:00,EB-UNSOLD-000740,GW-002,listed,INV-003186
2026-08-15T23:59:59-04:00,EB-UNSOLD-000752,GW-001,ready_to_list,INV-003187
2026-08-15T23:59:59-04:00,EB-UNSOLD-000762,GW-009,ready_to_list,INV-003188
2026-08-15T23:59:59-04:00,EB-UNSOLD-000763,GW-012,ready_to_list,INV-003189
2026-08-15T23:59:59-04:00,EB-UNSOLD-000766,GW-002,ready_to_list,INV-003190
2026-08-15T23:59:59-04:00,EB-UNSOLD-000770,GW-011,ready_to_list,INV-003191
2026-08-15T23:59:59-04:00,EB-UNSOLD-000773,GW-020,ready_to_list,INV-003192
2026-08-15T23:59:59-04:00,EB-UNSOLD-000787,GW-018,ready_to_list,INV-003193
2026-08-15T23:59:59-04:00,EB-UNSOLD-000789,GW-014,ready_to_list,INV-003194
2026-08-15T23:59:59-04:00,EB-UNSOLD-000790,GW-023,ready_to_list,INV-003195
2026-08-15T23:59:59-04:00,EB-UNSOLD-000791,GW-001,awaiting_photography,INV-003196
2026-08-15T23:59:59-04:00,EB-UNSOLD-000794,GW-005,listed,INV-003197
2026-08-15T23:59:59-04:00,EB-UNSOLD-000796,GW-005,awaiting_inspection,INV-003198
2026-08-15T23:59:59-04:00,EB-UNSOLD-000803,GW-020,listed,INV-003199
2026-08-15T23:59:59-04:00,EB-UNSOLD-000805,GW-007,ready_to_list,INV-003200
2026-08-15T23:59:59-04:00,EB-UNSOLD-000809,GW-006,ready_to_list,INV-003201
2026-08-15T23:59:59-04:00,EB-UNSOLD-000821,GW-020,ready_to_list,INV-003202
2026-08-15T23:59:59-04:00,EB-UNSOLD-000822,GW-008,awaiting_photography,INV-003203
2026-08-15T23:59:59-04:00,EB-UNSOLD-000831,GW-006,awaiting_inspection,INV-003204
2026-08-15T23:59:59-04:00,EB-UNSOLD-000832,GW-024,listed,INV-003205
2026-08-15T23:59:59-04:00,EB-UNSOLD-000837,GW-005,listed,INV-003206
2026-08-15T23:59:59-04:00,EB-UNSOLD-000838,GW-003,ready_to_list,INV-003207
2026-08-15T23:59:59-04:00,EB-UNSOLD-000839,GW-024,listed,INV-003208
2026-08-15T23:59:59-04:00,EB-UNSOLD-000849,GW-008,ready_to_list,INV-003209
2026-08-15T23:59:59-04:00,EB-UNSOLD-000866,GW-004,ready_to_list,INV-003210
2026-08-15T23:59:59-04:00,EB-UNSOLD-000870,GW-008,awaiting_inspection,INV-003211
2026-08-15T23:59:59-04:00,EB-UNSOLD-000879,GW-019,ready_to_list,INV-003212
2026-08-15T23:59:59-04:00,EB-UNSOLD-000894,GW-008,listed,INV-003213
2026-08-15T23:59:59-04:00,EB-UNSOLD-000902,GW-012,ready_to_list,INV-003214
2026-08-15T23:59:59-04:00,EB-UNSOLD-000917,GW-020,ready_to_list,INV-003215
2026-08-15T23:59:59-04:00,EB-UNSOLD-000924,GW-016,listed,INV-003216
2026-08-15T23:59:59-04:00,EB-UNSOLD-000926,GW-008,ready_to_list,INV-003217
2026-08-15T23:59:59-04:00,EB-UNSOLD-000927,GW-004,ready_to_list,INV-003218
2026-08-15T23:59:59-04:00,EB-UNSOLD-000929,GW-002,ready_to_list,INV-003219
2026-08-15T23:59:59-04:00,EB-UNSOLD-000931,GW-008,ready_to_list,INV-003220
2026-08-15T23:59:59-04:00,EB-UNSOLD-000936,GW-001,ready_to_list,INV-003221
2026-08-15T23:59:59-04:00,EB-UNSOLD-000938,GW-020,ready_to_list,INV-003222
2026-08-15T23:59:59-04:00,EB-UNSOLD-000942,GW-024,ready_to_list,INV-003223
2026-08-15T23:59:59-04:00,EB-UNSOLD-000948,GW-005,awaiting_photography,INV-003224
2026-08-15T23:59:59-04:00,EB-UNSOLD-000956,GW-001,ready_to_list,INV-003225
2026-08-15T23:59:59-04:00,EB-UNSOLD-000964,GW-011,ready_to_list,INV-003226
2026-08-15T23:59:59-04:00,EB-UNSOLD-000968,GW-017,awaiting_inspection,INV-003227
2026-08-15T23:59:59-04:00,EB-UNSOLD-000976,GW-002,listed,INV-003228
2026-08-15T23:59:59-04:00,EB-UNSOLD-000977,GW-004,awaiting_inspection,INV-003229
2026-08-15T23:59:59-04:00,EB-UNSOLD-000980,GW-014,ready_to_list,INV-003230
2026-08-15T23:59:59-04:00,EB-UNSOLD-000984,GW-008,listed,INV-003231
2026-08-15T23:59:59-04:00,EB-UNSOLD-000996,GW-001,ready_to_list,INV-003232
2026-08-15T23:59:59-04:00,EB-UNSOLD-001001,GW-001,awaiting_photography,INV-003233
2026-08-15T23:59:59-04:00,EB-UNSOLD-001002,GW-016,listed,INV-003234
2026-08-15T23:59:59-04:00,EB-UNSOLD-001004,GW-009,ready_to_list,INV-003235
2026-08-15T23:59:59-04:00,EB-UNSOLD-001005,GW-005,ready_to_list,INV-003236
2026-08-15T23:59:59-04:00,EB-UNSOLD-001006,GW-018,ready_to_list,INV-003237
2026-08-15T23:59:59-04:00,EB-UNSOLD-001007,GW-021,listed,INV-003238
2026-08-15T23:59:59-04:00,EB-UNSOLD-001016,GW-024,ready_to_list,INV-003239
2026-08-15T23:59:59-04:00,EB-UNSOLD-001020,GW-013,awaiting_photography,INV-003240
2026-08-15T23:59:59-04:00,EB-UNSOLD-001023,GW-006,awaiting_photography,INV-003241
2026-08-15T23:59:59-04:00,EB-UNSOLD-001026,GW-004,received,INV-003242
2026-08-15T23:59:59-04:00,EB-UNSOLD-001031,GW-011,ready_to_list,INV-003243
2026-08-15T23:59:59-04:00,EB-UNSOLD-001034,GW-023,listed,INV-003244
2026-08-15T23:59:59-04:00,EB-UNSOLD-001043,GW-024,awaiting_inspection,INV-003245
2026-08-15T23:59:59-04:00,EB-UNSOLD-001048,GW-020,awaiting_photography,INV-003246
2026-08-15T23:59:59-04:00,EB-UNSOLD-001057,GW-016,listed,INV-003247
2026-08-15T23:59:59-04:00,EB-UNSOLD-001060,GW-012,listed,INV-003248
2026-08-15T23:59:59-04:00,EB-UNSOLD-001063,GW-016,ready_to_list,INV-003249
2026-08-15T23:59:59-04:00,EB-UNSOLD-001064,GW-012,awaiting_inspection,INV-003250
2026-08-15T23:59:59-04:00,EB-UNSOLD-001065,GW-016,awaiting_inspection,INV-003251
2026-08-15T23:59:59-04:00,EB-UNSOLD-001067,GW-006,listed,INV-003252
2026-08-15T23:59:59-04:00,EB-UNSOLD-001088,GW-004,ready_to_list,INV-003253
2026-08-15T23:59:59-04:00,EB-UNSOLD-001091,GW-024,listed,INV-003254
2026-08-15T23:59:59-04:00,EB-UNSOLD-001099,GW-004,listed,INV-003255
2026-08-15T23:59:59-04:00,EB-UNSOLD-001115,GW-008,listed,INV-003256
2026-08-15T23:59:59-04:00,EB-UNSOLD-001120,GW-011,listed,INV-003257
2026-08-15T23:59:59-04:00,EB-UNSOLD-001122,GW-004,awaiting_photography,INV-003258
2026-08-15T23:59:59-04:00,EB-UNSOLD-001128,GW-017,ready_to_list,INV-003259
2026-08-15T23:59:59-04:00,EB-UNSOLD-001129,GW-002,awaiting_photography,INV-003260
2026-08-15T23:59:59-04:00,EB-UNSOLD-001148,GW-022,listed,INV-003261
2026-08-15T23:59:59-04:00,EB-UNSOLD-001150,GW-017,awaiting_photography,INV-003262
2026-08-15T23:59:59-04:00,EB-UNSOLD-001160,GW-017,ready_to_list,INV-003263
2026-08-15T23:59:59-04:00,EB-UNSOLD-001161,GW-024,listed,INV-003264
2026-08-15T23:59:59-04:00,EB-UNSOLD-001162,GW-008,ready_to_list,INV-003265
2026-08-15T23:59:59-04:00,EB-UNSOLD-001172,GW-012,listed,INV-003266
2026-08-15T23:59:59-04:00,EB-UNSOLD-001174,GW-011,received,INV-003267
2026-08-15T23:59:59-04:00,EB-UNSOLD-001177,GW-020,ready_to_list,INV-003268
2026-08-15T23:59:59-04:00,EB-UNSOLD-001190,GW-017,ready_to_list,INV-003269
2026-08-15T23:59:59-04:00,EB-UNSOLD-001200,GW-020,listed,INV-003270
2026-08-15T23:59:59-04:00,SGW-ITM-000001,GW-024,listed,INV-003271
2026-08-15T23:59:59-04:00,SGW-ITM-000003,GW-009,listed,INV-003272
2026-08-15T23:59:59-04:00,SGW-ITM-000004,GW-004,listed,INV-003273
2026-08-15T23:59:59-04:00,SGW-ITM-000005,GW-003,listed,INV-003274
2026-08-15T23:59:59-04:00,SGW-ITM-000007,GW-006,listed,INV-003275
2026-08-15T23:59:59-04:00,SGW-ITM-000008,GW-004,listed,INV-003276
2026-08-15T23:59:59-04:00,SGW-ITM-000009,GW-012,listed,INV-003277
2026-08-15T23:59:59-04:00,SGW-ITM-000012,GW-012,listed,INV-003278
2026-08-15T23:59:59-04:00,SGW-ITM-000014,GW-005,listed,INV-003279
2026-08-15T23:59:59-04:00,SGW-ITM-000017,GW-001,awaiting_inspection,INV-003280
2026-08-15T23:59:59-04:00,SGW-ITM-000021,GW-008,listed,INV-003281
2026-08-15T23:59:59-04:00,SGW-ITM-000022,GW-017,listed,INV-003282
2026-08-15T23:59:59-04:00,SGW-ITM-000024,GW-011,awaiting_photography,INV-003283
2026-08-15T23:59:59-04:00,SGW-ITM-000026,GW-010,received,INV-003284
2026-08-15T23:59:59-04:00,SGW-ITM-000029,GW-021,listed,INV-003285
2026-08-15T23:59:59-04:00,SGW-ITM-000032,GW-011,awaiting_inspection,INV-003286
2026-08-15T23:59:59-04:00,SGW-ITM-000034,GW-002,listed,INV-003287
2026-08-15T23:59:59-04:00,SGW-ITM-000036,GW-017,listed,INV-003288
2026-08-15T23:59:59-04:00,SGW-ITM-000037,GW-014,listed,INV-003289
2026-08-15T23:59:59-04:00,SGW-ITM-000039,GW-013,listed,INV-003290
2026-08-15T23:59:59-04:00,SGW-ITM-000040,GW-001,listed,INV-003291
2026-08-15T23:59:59-04:00,SGW-ITM-000041,GW-005,received,INV-003292
2026-08-15T23:59:59-04:00,SGW-ITM-000042,GW-024,listed,INV-003293
2026-08-15T23:59:59-04:00,SGW-ITM-000043,GW-010,listed,INV-003294
2026-08-15T23:59:59-04:00,SGW-ITM-000048,GW-008,listed,INV-003295
2026-08-15T23:59:59-04:00,SGW-ITM-000051,GW-017,awaiting_inspection,INV-003296
2026-08-15T23:59:59-04:00,SGW-ITM-000057,GW-017,listed,INV-003297
2026-08-15T23:59:59-04:00,SGW-ITM-000060,GW-009,listed,INV-003298
2026-08-15T23:59:59-04:00,SGW-ITM-000063,GW-014,listed,INV-003299
2026-08-15T23:59:59-04:00,SGW-ITM-000065,GW-020,listed,INV-003300
2026-08-15T23:59:59-04:00,SGW-ITM-000068,GW-009,listed,INV-003301
2026-08-15T23:59:59-04:00,SGW-ITM-000069,GW-019,listed,INV-003302
2026-08-15T23:59:59-04:00,SGW-ITM-000074,GW-020,awaiting_photography,INV-003303
2026-08-15T23:59:59-04:00,SGW-ITM-000078,GW-016,listed,INV-003304
2026-08-15T23:59:59-04:00,SGW-ITM-000080,GW-024,listed,INV-003305
2026-08-15T23:59:59-04:00,SGW-ITM-000081,GW-019,listed,INV-003306
2026-08-15T23:59:59-04:00,SGW-ITM-000089,GW-009,listed,INV-003307
2026-08-15T23:59:59-04:00,SGW-ITM-000091,GW-010,listed,INV-003308
2026-08-15T23:59:59-04:00,SGW-ITM-000092,GW-015,listed,INV-003309
2026-08-15T23:59:59-04:00,SGW-ITM-000093,GW-001,listed,INV-003310
2026-08-15T23:59:59-04:00,SGW-ITM-000094,GW-015,listed,INV-003311
2026-08-15T23:59:59-04:00,SGW-ITM-000098,GW-020,awaiting_inspection,INV-003312
2026-08-15T23:59:59-04:00,SGW-ITM-000100,GW-017,listed,INV-003313
2026-08-15T23:59:59-04:00,SGW-ITM-000101,GW-020,listed,INV-003314
2026-08-15T23:59:59-04:00,SGW-ITM-000102,GW-016,listed,INV-003315
2026-08-15T23:59:59-04:00,SGW-ITM-000104,GW-013,listed,INV-003316
2026-08-15T23:59:59-04:00,SGW-ITM-000105,GW-022,listed,INV-003317
2026-08-15T23:59:59-04:00,SGW-ITM-000106,GW-006,listed,INV-003318
2026-08-15T23:59:59-04:00,SGW-ITM-000107,GW-012,listed,INV-003319
2026-08-15T23:59:59-04:00,SGW-ITM-000108,GW-002,listed,INV-003320
2026-08-15T23:59:59-04:00,SGW-ITM-000110,GW-009,listed,INV-003321
2026-08-15T23:59:59-04:00,SGW-ITM-000112,GW-009,listed,INV-003322
2026-08-15T23:59:59-04:00,SGW-ITM-000113,GW-008,listed,INV-003323
2026-08-15T23:59:59-04:00,SGW-ITM-000115,GW-012,listed,INV-003324
2026-08-15T23:59:59-04:00,SGW-ITM-000119,GW-004,listed,INV-003325
2026-08-15T23:59:59-04:00,SGW-ITM-000120,GW-018,listed,INV-003326
2026-08-15T23:59:59-04:00,SGW-ITM-000122,GW-022,listed,INV-003327
2026-08-15T23:59:59-04:00,SGW-ITM-000124,GW-019,listed,INV-003328
2026-08-15T23:59:59-04:00,SGW-ITM-000125,GW-016,listed,INV-003329
2026-08-15T23:59:59-04:00,SGW-ITM-000126,GW-012,awaiting_inspection,INV-003330
2026-08-15T23:59:59-04:00,SGW-ITM-000128,GW-003,listed,INV-003331
2026-08-15T23:59:59-04:00,SGW-ITM-000130,GW-019,awaiting_photography,INV-003332
2026-08-15T23:59:59-04:00,SGW-ITM-000131,GW-006,listed,INV-003333
2026-08-15T23:59:59-04:00,SGW-ITM-000132,GW-016,listed,INV-003334
2026-08-15T23:59:59-04:00,SGW-ITM-000133,GW-011,listed,INV-003335
2026-08-15T23:59:59-04:00,SGW-ITM-000134,GW-016,listed,INV-003336
2026-08-15T23:59:59-04:00,SGW-ITM-000135,GW-021,listed,INV-003337
2026-08-15T23:59:59-04:00,SGW-ITM-000136,GW-022,listed,INV-003338
2026-08-15T23:59:59-04:00,SGW-ITM-000137,GW-012,listed,INV-003339
2026-08-15T23:59:59-04:00,SGW-ITM-000142,GW-001,listed,INV-003340
2026-08-15T23:59:59-04:00,SGW-ITM-000143,GW-007,listed,INV-003341
2026-08-15T23:59:59-04:00,SGW-ITM-000144,GW-020,listed,INV-003342
2026-08-15T23:59:59-04:00,SGW-ITM-000148,GW-020,listed,INV-003343
2026-08-15T23:59:59-04:00,SGW-ITM-000149,GW-012,listed,INV-003344
2026-08-15T23:59:59-04:00,SGW-ITM-000153,GW-024,listed,INV-003345
2026-08-15T23:59:59-04:00,SGW-ITM-000154,GW-004,listed,INV-003346
2026-08-15T23:59:59-04:00,SGW-ITM-000155,GW-004,listed,INV-003347
2026-08-15T23:59:59-04:00,SGW-ITM-000157,GW-004,awaiting_inspection,INV-003348
2026-08-15T23:59:59-04:00,SGW-ITM-000158,GW-016,listed,INV-003349
2026-08-15T23:59:59-04:00,SGW-ITM-000159,GW-008,listed,INV-003350
2026-08-15T23:59:59-04:00,SGW-ITM-000161,GW-013,awaiting_photography,INV-003351
2026-08-15T23:59:59-04:00,SGW-ITM-000163,GW-006,listed,INV-003352
2026-08-15T23:59:59-04:00,SGW-ITM-000166,GW-012,listed,INV-003353
2026-08-15T23:59:59-04:00,SGW-ITM-000168,GW-006,awaiting_photography,INV-003354
2026-08-15T23:59:59-04:00,SGW-ITM-000169,GW-001,listed,INV-003355
2026-08-15T23:59:59-04:00,SGW-ITM-000170,GW-005,received,INV-003356
2026-08-15T23:59:59-04:00,SGW-ITM-000172,GW-009,listed,INV-003357
2026-08-15T23:59:59-04:00,SGW-ITM-000173,GW-001,listed,INV-003358
2026-08-15T23:59:59-04:00,SGW-ITM-000174,GW-017,awaiting_photography,INV-003359
2026-08-15T23:59:59-04:00,SGW-ITM-000176,GW-009,listed,INV-003360
2026-08-15T23:59:59-04:00,SGW-ITM-000180,GW-002,awaiting_inspection,INV-003361
2026-08-15T23:59:59-04:00,SGW-ITM-000182,GW-012,received,INV-003362
2026-08-15T23:59:59-04:00,SGW-ITM-000184,GW-002,awaiting_photography,INV-003363
2026-08-15T23:59:59-04:00,SGW-ITM-000185,GW-015,awaiting_inspection,INV-003364
2026-08-15T23:59:59-04:00,SGW-ITM-000186,GW-016,listed,INV-003365
2026-08-15T23:59:59-04:00,SGW-ITM-000191,GW-002,listed,INV-003366
2026-08-15T23:59:59-04:00,SGW-ITM-000193,GW-019,listed,INV-003367
2026-08-15T23:59:59-04:00,SGW-ITM-000197,GW-016,listed,INV-003368
2026-08-15T23:59:59-04:00,SGW-ITM-000200,GW-021,listed,INV-003369
2026-08-15T23:59:59-04:00,SGW-ITM-000201,GW-001,listed,INV-003370
2026-08-15T23:59:59-04:00,SGW-ITM-000203,GW-021,listed,INV-003371
2026-08-15T23:59:59-04:00,SGW-ITM-000204,GW-022,listed,INV-003372
2026-08-15T23:59:59-04:00,SGW-ITM-000206,GW-001,listed,INV-003373
2026-08-15T23:59:59-04:00,SGW-ITM-000207,GW-010,listed,INV-003374
2026-08-15T23:59:59-04:00,SGW-ITM-000209,GW-007,listed,INV-003375
2026-08-15T23:59:59-04:00,SGW-ITM-000211,,listed,INV-003376
2026-08-15T23:59:59-04:00,SGW-ITM-000213,GW-018,listed,INV-003377
2026-08-15T23:59:59-04:00,SGW-ITM-000215,GW-015,listed,INV-003378
2026-08-15T23:59:59-04:00,SGW-ITM-000219,GW-006,listed,INV-003379
2026-08-15T23:59:59-04:00,SGW-ITM-000223,GW-022,listed,INV-003380
2026-08-15T23:59:59-04:00,SGW-ITM-000224,GW-017,listed,INV-003381
2026-08-15T23:59:59-04:00,SGW-ITM-000225,GW-004,listed,INV-003382
2026-08-15T23:59:59-04:00,SGW-ITM-000226,GW-012,awaiting_inspection,INV-003383
2026-08-15T23:59:59-04:00,SGW-ITM-000227,GW-012,listed,INV-003384
2026-08-15T23:59:59-04:00,SGW-ITM-000228,GW-014,listed,INV-003385
2026-08-15T23:59:59-04:00,SGW-ITM-000229,GW-011,listed,INV-003386
2026-08-15T23:59:59-04:00,SGW-ITM-000230,GW-020,listed,INV-003387
2026-08-15T23:59:59-04:00,SGW-ITM-000231,GW-018,awaiting_inspection,INV-003388
2026-08-15T23:59:59-04:00,SGW-ITM-000232,GW-024,listed,INV-003389
2026-08-15T23:59:59-04:00,SGW-ITM-000234,GW-021,listed,INV-003390
2026-08-15T23:59:59-04:00,SGW-ITM-000235,GW-016,listed,INV-003391
2026-08-15T23:59:59-04:00,SGW-ITM-000237,GW-015,listed,INV-003392
2026-08-15T23:59:59-04:00,SGW-ITM-000245,GW-012,listed,INV-003393
2026-08-15T23:59:59-04:00,SGW-ITM-000246,GW-019,listed,INV-003394
2026-08-15T23:59:59-04:00,SGW-ITM-000247,GW-008,listed,INV-003395
2026-08-15T23:59:59-04:00,SGW-ITM-000249,GW-002,listed,INV-003396
2026-08-15T23:59:59-04:00,SGW-ITM-000251,GW-010,listed,INV-003397
2026-08-15T23:59:59-04:00,SGW-ITM-000252,GW-016,listed,INV-003398
2026-08-15T23:59:59-04:00,SGW-ITM-000254,GW-022,listed,INV-003399
2026-08-15T23:59:59-04:00,SGW-ITM-000256,GW-002,awaiting_inspection,INV-003400
2026-08-15T23:59:59-04:00,SGW-ITM-000257,GW-011,received,INV-003401
2026-08-15T23:59:59-04:00,SGW-ITM-000258,GW-006,listed,INV-003402
2026-08-15T23:59:59-04:00,SGW-ITM-000259,GW-005,listed,INV-003403
2026-08-15T23:59:59-04:00,SGW-ITM-000261,GW-018,listed,INV-003404
2026-08-15T23:59:59-04:00,SGW-ITM-000263,GW-012,listed,INV-003405
2026-08-15T23:59:59-04:00,SGW-ITM-000264,GW-014,listed,INV-003406
2026-08-15T23:59:59-04:00,SGW-ITM-000265,GW-015,listed,INV-003407
2026-08-15T23:59:59-04:00,SGW-ITM-000269,GW-014,listed,INV-003408
2026-08-15T23:59:59-04:00,SGW-ITM-000271,GW-012,listed,INV-003409
2026-08-15T23:59:59-04:00,SGW-ITM-000272,GW-024,listed,INV-003410
2026-08-15T23:59:59-04:00,SGW-ITM-000274,GW-004,listed,INV-003411
2026-08-15T23:59:59-04:00,SGW-ITM-000275,GW-009,listed,INV-003412
2026-08-15T23:59:59-04:00,SGW-ITM-000276,GW-022,listed,INV-003413
2026-08-15T23:59:59-04:00,SGW-ITM-000277,GW-020,listed,INV-003414
2026-08-15T23:59:59-04:00,SGW-ITM-000278,GW-004,listed,INV-003415
2026-08-15T23:59:59-04:00,SGW-ITM-000279,GW-007,listed,INV-003416
2026-08-15T23:59:59-04:00,SGW-ITM-000280,GW-011,listed,INV-003417
2026-08-15T23:59:59-04:00,SGW-ITM-000283,GW-018,awaiting_photography,INV-003418
2026-08-15T23:59:59-04:00,SGW-ITM-000285,GW-006,listed,INV-003419
2026-08-15T23:59:59-04:00,SGW-ITM-000286,GW-020,listed,INV-003420
2026-08-15T23:59:59-04:00,SGW-ITM-000288,GW-004,listed,INV-003421
2026-08-15T23:59:59-04:00,SGW-ITM-000293,GW-015,listed,INV-003422
2026-08-15T23:59:59-04:00,SGW-ITM-000294,GW-017,listed,INV-003423
2026-08-15T23:59:59-04:00,SGW-ITM-000296,GW-017,listed,INV-003424
2026-08-15T23:59:59-04:00,SGW-ITM-000302,GW-020,listed,INV-003425
2026-08-15T23:59:59-04:00,SGW-ITM-000304,GW-005,listed,INV-003426
2026-08-15T23:59:59-04:00,SGW-ITM-000307,GW-001,listed,INV-003427
2026-08-15T23:59:59-04:00,SGW-ITM-000309,GW-011,listed,INV-003428
2026-08-15T23:59:59-04:00,SGW-ITM-000312,GW-009,listed,INV-003429
2026-08-15T23:59:59-04:00,SGW-ITM-000313,GW-008,listed,INV-003430
2026-08-15T23:59:59-04:00,SGW-ITM-000314,GW-004,listed,INV-003431
2026-08-15T23:59:59-04:00,SGW-ITM-000316,GW-015,listed,INV-003432
2026-08-15T23:59:59-04:00,SGW-ITM-000319,GW-024,listed,INV-003433
2026-08-15T23:59:59-04:00,SGW-ITM-000321,GW-001,listed,INV-003434
2026-08-15T23:59:59-04:00,SGW-ITM-000322,GW-022,listed,INV-003435
2026-08-15T23:59:59-04:00,SGW-ITM-000326,GW-018,listed,INV-003436
2026-08-15T23:59:59-04:00,SGW-ITM-000327,GW-002,listed,INV-003437
2026-08-15T23:59:59-04:00,SGW-ITM-000332,GW-019,listed,INV-003438
2026-08-15T23:59:59-04:00,SGW-ITM-000334,GW-014,listed,INV-003439
2026-08-15T23:59:59-04:00,SGW-ITM-000335,GW-014,listed,INV-003440
2026-08-15T23:59:59-04:00,SGW-ITM-000338,GW-009,listed,INV-003441
2026-08-15T23:59:59-04:00,SGW-ITM-000342,GW-008,listed,INV-003442
2026-08-15T23:59:59-04:00,SGW-ITM-000344,GW-022,listed,INV-003443
2026-08-15T23:59:59-04:00,SGW-ITM-000346,GW-015,listed,INV-003444
2026-08-15T23:59:59-04:00,SGW-ITM-000347,GW-004,listed,INV-003445
2026-08-15T23:59:59-04:00,SGW-ITM-000348,GW-024,listed,INV-003446
2026-08-15T23:59:59-04:00,SGW-ITM-000350,GW-009,listed,INV-003447
2026-08-15T23:59:59-04:00,SGW-ITM-000351,GW-001,listed,INV-003448
2026-08-15T23:59:59-04:00,SGW-ITM-000353,GW-014,listed,INV-003449
2026-08-15T23:59:59-04:00,SGW-ITM-000355,GW-017,listed,INV-003450
2026-08-15T23:59:59-04:00,SGW-ITM-000357,GW-006,listed,INV-003451
2026-08-15T23:59:59-04:00,SGW-ITM-000358,GW-018,listed,INV-003452
2026-08-15T23:59:59-04:00,SGW-ITM-000361,GW-008,listed,INV-003453
2026-08-15T23:59:59-04:00,SGW-ITM-000362,GW-002,listed,INV-003454
2026-08-15T23:59:59-04:00,SGW-ITM-000364,GW-008,listed,INV-003455
2026-08-15T23:59:59-04:00,SGW-ITM-000369,GW-012,listed,INV-003456
2026-08-15T23:59:59-04:00,SGW-ITM-000371,GW-001,listed,INV-003457
2026-08-15T23:59:59-04:00,SGW-ITM-000372,GW-001,awaiting_inspection,INV-003458
2026-08-15T23:59:59-04:00,SGW-ITM-000375,GW-023,listed,INV-003459
2026-08-15T23:59:59-04:00,SGW-ITM-000376,GW-011,ready_to_list,INV-003460
2026-08-15T23:59:59-04:00,SGW-ITM-000379,GW-001,listed,INV-003461
2026-08-15T23:59:59-04:00,SGW-ITM-000381,GW-008,listed,INV-003462
2026-08-15T23:59:59-04:00,SGW-ITM-000384,GW-012,listed,INV-003463
2026-08-15T23:59:59-04:00,SGW-ITM-000385,GW-004,listed,INV-003464
2026-08-15T23:59:59-04:00,SGW-ITM-000386,GW-015,listed,INV-003465
2026-08-15T23:59:59-04:00,SGW-ITM-000389,GW-014,listed,INV-003466
2026-08-15T23:59:59-04:00,SGW-ITM-000390,GW-018,listed,INV-003467
2026-08-15T23:59:59-04:00,SGW-ITM-000391,GW-022,listed,INV-003468
2026-08-15T23:59:59-04:00,SGW-ITM-000392,GW-007,awaiting_inspection,INV-003469
2026-08-15T23:59:59-04:00,SGW-ITM-000393,GW-012,listed,INV-003470
2026-08-15T23:59:59-04:00,SGW-ITM-000395,GW-016,listed,INV-003471
2026-08-15T23:59:59-04:00,SGW-ITM-000397,GW-004,listed,INV-003472
2026-08-15T23:59:59-04:00,SGW-ITM-000399,GW-016,listed,INV-003473
2026-08-15T23:59:59-04:00,SGW-ITM-000400,GW-020,listed,INV-003474
2026-08-15T23:59:59-04:00,SGW-ITM-000404,GW-016,awaiting_photography,INV-003475
2026-08-15T23:59:59-04:00,SGW-ITM-000406,GW-016,listed,INV-003476
2026-08-15T23:59:59-04:00,SGW-ITM-000408,GW-004,listed,INV-003477
2026-08-15T23:59:59-04:00,SGW-ITM-000409,GW-017,awaiting_inspection,INV-003478
2026-08-15T23:59:59-04:00,SGW-ITM-000410,GW-008,listed,INV-003479
2026-08-15T23:59:59-04:00,SGW-ITM-000411,GW-016,listed,INV-003480
2026-08-15T23:59:59-04:00,SGW-ITM-000414,GW-017,listed,INV-003481
2026-08-15T23:59:59-04:00,SGW-ITM-000416,GW-015,listed,INV-003482
2026-08-15T23:59:59-04:00,SGW-ITM-000417,GW-017,awaiting_inspection,INV-003483
2026-08-15T23:59:59-04:00,SGW-ITM-000419,GW-001,listed,INV-003484
2026-08-15T23:59:59-04:00,SGW-ITM-000422,,listed,INV-003485
2026-08-15T23:59:59-04:00,SGW-ITM-000424,GW-001,listed,INV-003486
2026-08-15T23:59:59-04:00,SGW-ITM-000426,GW-004,listed,INV-003487
2026-08-15T23:59:59-04:00,SGW-ITM-000427,GW-020,listed,INV-003488
2026-08-15T23:59:59-04:00,SGW-ITM-000430,GW-024,listed,INV-003489
2026-08-15T23:59:59-04:00,SGW-ITM-000431,GW-001,listed,INV-003490
2026-08-15T23:59:59-04:00,SGW-ITM-000434,GW-003,listed,INV-003491
2026-08-15T23:59:59-04:00,SGW-ITM-000435,GW-012,listed,INV-003492
2026-08-15T23:59:59-04:00,SGW-ITM-000436,GW-018,listed,INV-003493
2026-08-15T23:59:59-04:00,SGW-ITM-000439,GW-005,listed,INV-003494
2026-08-15T23:59:59-04:00,SGW-ITM-000441,GW-017,listed,INV-003495
2026-08-15T23:59:59-04:00,SGW-ITM-000442,GW-008,listed,INV-003496
2026-08-15T23:59:59-04:00,SGW-ITM-000444,GW-017,listed,INV-003497
2026-08-15T23:59:59-04:00,SGW-ITM-000445,GW-002,listed,INV-003498
2026-08-15T23:59:59-04:00,SGW-ITM-000447,GW-016,listed,INV-003499
2026-08-15T23:59:59-04:00,SGW-ITM-000449,GW-024,listed,INV-003500
2026-08-15T23:59:59-04:00,SGW-ITM-000450,GW-019,listed,INV-003501
2026-08-15T23:59:59-04:00,SGW-ITM-000451,GW-006,listed,INV-003502
2026-08-15T23:59:59-04:00,SGW-ITM-000452,GW-006,listed,INV-003503
2026-08-15T23:59:59-04:00,SGW-ITM-000453,GW-007,listed,INV-003504
2026-08-15T23:59:59-04:00,SGW-ITM-000455,GW-009,listed,INV-003505
2026-08-15T23:59:59-04:00,SGW-ITM-000460,GW-009,listed,INV-003506
2026-08-15T23:59:59-04:00,SGW-ITM-000461,GW-002,listed,INV-003507
2026-08-15T23:59:59-04:00,SGW-ITM-000465,GW-016,listed,INV-003508
2026-08-15T23:59:59-04:00,SGW-ITM-000468,GW-002,listed,INV-003509
2026-08-15T23:59:59-04:00,SGW-ITM-000470,GW-016,listed,INV-003510
2026-08-15T23:59:59-04:00,SGW-ITM-000471,GW-001,listed,INV-003511
2026-08-15T23:59:59-04:00,SGW-ITM-000472,GW-002,listed,INV-003512
2026-08-15T23:59:59-04:00,SGW-ITM-000475,GW-017,listed,INV-003513
2026-08-15T23:59:59-04:00,SGW-ITM-000477,GW-005,listed,INV-003514
2026-08-15T23:59:59-04:00,SGW-ITM-000484,GW-008,listed,INV-003515
2026-08-15T23:59:59-04:00,SGW-ITM-000489,GW-004,listed,INV-003516
2026-08-15T23:59:59-04:00,SGW-ITM-000490,GW-012,received,INV-003517
2026-08-15T23:59:59-04:00,SGW-ITM-000491,GW-006,awaiting_inspection,INV-003518
2026-08-15T23:59:59-04:00,SGW-ITM-000493,GW-004,awaiting_photography,INV-003519
2026-08-15T23:59:59-04:00,SGW-ITM-000494,GW-010,listed,INV-003520
2026-08-15T23:59:59-04:00,SGW-ITM-000498,GW-019,awaiting_inspection,INV-003521
2026-08-15T23:59:59-04:00,SGW-ITM-000505,GW-012,listed,INV-003522
2026-08-15T23:59:59-04:00,SGW-ITM-000510,GW-007,listed,INV-003523
2026-08-15T23:59:59-04:00,SGW-ITM-000512,GW-003,listed,INV-003524
2026-08-15T23:59:59-04:00,SGW-ITM-000515,GW-009,listed,INV-003525
2026-08-15T23:59:59-04:00,SGW-ITM-000518,GW-009,listed,INV-003526
2026-08-15T23:59:59-04:00,SGW-ITM-000519,GW-020,listed,INV-003527
2026-08-15T23:59:59-04:00,SGW-ITM-000524,GW-012,listed,INV-003528
2026-08-15T23:59:59-04:00,SGW-ITM-000525,GW-009,listed,INV-003529
2026-08-15T23:59:59-04:00,SGW-ITM-000527,GW-001,listed,INV-003530
2026-08-15T23:59:59-04:00,SGW-ITM-000529,GW-020,listed,INV-003531
2026-08-15T23:59:59-04:00,SGW-ITM-000533,GW-009,listed,INV-003532
2026-08-15T23:59:59-04:00,SGW-ITM-000534,GW-024,listed,INV-003533
2026-08-15T23:59:59-04:00,SGW-ITM-000539,GW-002,listed,INV-003534
2026-08-15T23:59:59-04:00,SGW-ITM-000540,GW-022,received,INV-003535
2026-08-15T23:59:59-04:00,SGW-ITM-000541,GW-006,awaiting_photography,INV-003536
2026-08-15T23:59:59-04:00,SGW-ITM-000545,GW-012,listed,INV-003537
2026-08-15T23:59:59-04:00,SGW-ITM-000546,GW-004,awaiting_photography,INV-003538
2026-08-15T23:59:59-04:00,SGW-ITM-000547,GW-012,listed,INV-003539
2026-08-15T23:59:59-04:00,SGW-ITM-000549,GW-010,listed,INV-003540
2026-08-15T23:59:59-04:00,SGW-ITM-000550,GW-024,listed,INV-003541
2026-08-15T23:59:59-04:00,SGW-ITM-000555,GW-008,listed,INV-003542
2026-08-15T23:59:59-04:00,SGW-ITM-000556,GW-020,listed,INV-003543
2026-08-15T23:59:59-04:00,SGW-ITM-000557,GW-021,listed,INV-003544
2026-08-15T23:59:59-04:00,SGW-ITM-000560,GW-016,listed,INV-003545
2026-08-15T23:59:59-04:00,SGW-ITM-000562,GW-016,listed,INV-003546
2026-08-15T23:59:59-04:00,SGW-ITM-000563,GW-004,awaiting_inspection,INV-003547
2026-08-15T23:59:59-04:00,SGW-ITM-000564,GW-001,awaiting_photography,INV-003548
2026-08-15T23:59:59-04:00,SGW-ITM-000566,GW-006,listed,INV-003549
2026-08-15T23:59:59-04:00,SGW-ITM-000567,GW-005,listed,INV-003550
2026-08-15T23:59:59-04:00,SGW-ITM-000569,GW-020,listed,INV-003551
2026-08-15T23:59:59-04:00,SGW-ITM-000570,GW-015,listed,INV-003552
2026-08-15T23:59:59-04:00,SGW-ITM-000573,GW-010,listed,INV-003553
2026-08-15T23:59:59-04:00,SGW-ITM-000574,GW-022,listed,INV-003554
2026-08-15T23:59:59-04:00,SGW-ITM-000576,GW-006,listed,INV-003555
2026-08-15T23:59:59-04:00,SGW-ITM-000577,GW-024,listed,INV-003556
2026-08-15T23:59:59-04:00,SGW-ITM-000580,GW-009,listed,INV-003557
2026-08-15T23:59:59-04:00,SGW-ITM-000581,GW-018,listed,INV-003558
2026-08-15T23:59:59-04:00,SGW-ITM-000582,GW-009,listed,INV-003559
2026-08-15T23:59:59-04:00,SGW-ITM-000583,GW-006,listed,INV-003560
2026-08-15T23:59:59-04:00,SGW-ITM-000584,GW-001,listed,INV-003561
2026-08-15T23:59:59-04:00,SGW-ITM-000585,GW-012,listed,INV-003562
2026-08-15T23:59:59-04:00,SGW-ITM-000589,GW-018,awaiting_inspection,INV-003563
2026-08-15T23:59:59-04:00,SGW-ITM-000592,GW-009,listed,INV-003564
2026-08-15T23:59:59-04:00,SGW-ITM-000596,GW-008,listed,INV-003565
2026-08-15T23:59:59-04:00,SGW-ITM-000601,GW-007,listed,INV-003566
2026-08-15T23:59:59-04:00,SGW-ITM-000602,GW-008,listed,INV-003567
2026-08-15T23:59:59-04:00,SGW-ITM-000605,GW-002,listed,INV-003568
2026-08-15T23:59:59-04:00,SGW-ITM-000608,GW-004,received,INV-003569
2026-08-15T23:59:59-04:00,SGW-ITM-000610,GW-003,listed,INV-003570
2026-08-15T23:59:59-04:00,SGW-ITM-000611,GW-005,listed,INV-003571
2026-08-15T23:59:59-04:00,SGW-ITM-000612,GW-012,listed,INV-003572
2026-08-15T23:59:59-04:00,SGW-ITM-000613,GW-016,awaiting_photography,INV-003573
2026-08-15T23:59:59-04:00,SGW-ITM-000614,GW-006,listed,INV-003574
2026-08-15T23:59:59-04:00,SGW-ITM-000615,GW-021,listed,INV-003575
2026-08-15T23:59:59-04:00,SGW-ITM-000616,GW-024,listed,INV-003576
2026-08-15T23:59:59-04:00,SGW-ITM-000626,GW-014,received,INV-003577
2026-08-15T23:59:59-04:00,SGW-ITM-000629,GW-011,listed,INV-003578
2026-08-15T23:59:59-04:00,SGW-ITM-000631,GW-019,listed,INV-003579
2026-08-15T23:59:59-04:00,SGW-ITM-000633,,ready_to_list,INV-003580
2026-08-15T23:59:59-04:00,SGW-ITM-000634,GW-002,listed,INV-003581
2026-08-15T23:59:59-04:00,SGW-ITM-000635,GW-020,listed,INV-003582
2026-08-15T23:59:59-04:00,SGW-ITM-000636,GW-012,listed,INV-003583
2026-08-15T23:59:59-04:00,SGW-ITM-000637,GW-017,listed,INV-003584
2026-08-15T23:59:59-04:00,SGW-ITM-000638,GW-018,listed,INV-003585
2026-08-15T23:59:59-04:00,SGW-ITM-000639,GW-023,listed,INV-003586
2026-08-15T23:59:59-04:00,SGW-ITM-000640,GW-015,listed,INV-003587
2026-08-15T23:59:59-04:00,SGW-ITM-000642,GW-024,ready_to_list,INV-003588
2026-08-15T23:59:59-04:00,SGW-ITM-000646,GW-024,listed,INV-003589
2026-08-15T23:59:59-04:00,SGW-ITM-000649,GW-003,listed,INV-003590
2026-08-15T23:59:59-04:00,SGW-ITM-000651,GW-017,listed,INV-003591
2026-08-15T23:59:59-04:00,SGW-ITM-000652,GW-010,listed,INV-003592
2026-08-15T23:59:59-04:00,SGW-ITM-000653,GW-014,received,INV-003593
2026-08-15T23:59:59-04:00,SGW-ITM-000655,GW-021,listed,INV-003594
2026-08-15T23:59:59-04:00,SGW-ITM-000657,GW-012,listed,INV-003595
2026-08-15T23:59:59-04:00,SGW-ITM-000658,GW-012,listed,INV-003596
2026-08-15T23:59:59-04:00,SGW-ITM-000659,GW-017,listed,INV-003597
2026-08-15T23:59:59-04:00,SGW-ITM-000661,GW-002,listed,INV-003598
2026-08-15T23:59:59-04:00,SGW-ITM-000662,GW-014,listed,INV-003599
2026-08-15T23:59:59-04:00,SGW-ITM-000665,GW-009,listed,INV-003600
2026-08-15T23:59:59-04:00,SGW-ITM-000667,GW-013,listed,INV-003601
2026-08-15T23:59:59-04:00,SGW-ITM-000668,GW-020,listed,INV-003602
2026-08-15T23:59:59-04:00,SGW-ITM-000669,GW-015,awaiting_inspection,INV-003603
2026-08-15T23:59:59-04:00,SGW-ITM-000670,GW-017,listed,INV-003604
2026-08-15T23:59:59-04:00,SGW-ITM-000672,GW-015,listed,INV-003605
2026-08-15T23:59:59-04:00,SGW-ITM-000677,GW-004,listed,INV-003606
2026-08-15T23:59:59-04:00,SGW-ITM-000678,GW-007,ready_to_list,INV-003607
2026-08-15T23:59:59-04:00,SGW-ITM-000679,GW-003,listed,INV-003608
2026-08-15T23:59:59-04:00,SGW-ITM-000680,GW-006,listed,INV-003609
2026-08-15T23:59:59-04:00,SGW-ITM-000681,GW-014,listed,INV-003610
2026-08-15T23:59:59-04:00,SGW-ITM-000685,GW-005,received,INV-003611
2026-08-15T23:59:59-04:00,SGW-ITM-000686,GW-017,listed,INV-003612
2026-08-15T23:59:59-04:00,SGW-ITM-000687,GW-001,listed,INV-003613
2026-08-15T23:59:59-04:00,SGW-ITM-000690,GW-022,listed,INV-003614
2026-08-15T23:59:59-04:00,SGW-ITM-000691,GW-004,listed,INV-003615
2026-08-15T23:59:59-04:00,SGW-ITM-000692,GW-024,listed,INV-003616
2026-08-15T23:59:59-04:00,SGW-ITM-000693,GW-019,listed,INV-003617
2026-08-15T23:59:59-04:00,SGW-ITM-000694,GW-022,listed,INV-003618
2026-08-15T23:59:59-04:00,SGW-ITM-000695,GW-009,listed,INV-003619
2026-08-15T23:59:59-04:00,SGW-ITM-000698,GW-003,listed,INV-003620
2026-08-15T23:59:59-04:00,SGW-ITM-000699,GW-008,received,INV-003621
2026-08-15T23:59:59-04:00,SGW-ITM-000700,GW-015,awaiting_inspection,INV-003622
2026-08-15T23:59:59-04:00,SGW-ITM-000702,GW-020,received,INV-003623
2026-08-15T23:59:59-04:00,SGW-ITM-000706,GW-014,listed,INV-003624
2026-08-15T23:59:59-04:00,SGW-ITM-000707,GW-012,listed,INV-003625
2026-08-15T23:59:59-04:00,SGW-ITM-000708,GW-024,listed,INV-003626
2026-08-15T23:59:59-04:00,SGW-ITM-000709,GW-010,listed,INV-003627
2026-08-15T23:59:59-04:00,SGW-ITM-000717,GW-017,listed,INV-003628
2026-08-15T23:59:59-04:00,SGW-ITM-000720,GW-004,listed,INV-003629
2026-08-15T23:59:59-04:00,SGW-ITM-000722,GW-008,awaiting_photography,INV-003630
2026-08-15T23:59:59-04:00,SGW-ITM-000724,GW-004,listed,INV-003631
2026-08-15T23:59:59-04:00,SGW-ITM-000727,GW-024,listed,INV-003632
2026-08-15T23:59:59-04:00,SGW-ITM-000729,GW-005,listed,INV-003633
2026-08-15T23:59:59-04:00,SGW-ITM-000731,GW-001,listed,INV-003634
2026-08-15T23:59:59-04:00,SGW-ITM-000734,GW-015,awaiting_photography,INV-003635
2026-08-15T23:59:59-04:00,SGW-ITM-000735,GW-004,listed,INV-003636
2026-08-15T23:59:59-04:00,SGW-ITM-000736,GW-024,listed,INV-003637
2026-08-15T23:59:59-04:00,SGW-ITM-000737,GW-020,listed,INV-003638
2026-08-15T23:59:59-04:00,SGW-ITM-000738,GW-012,listed,INV-003639
2026-08-15T23:59:59-04:00,SGW-ITM-000740,GW-020,listed,INV-003640
2026-08-15T23:59:59-04:00,SGW-ITM-000741,GW-004,listed,INV-003641
2026-08-15T23:59:59-04:00,SGW-ITM-000742,GW-012,listed,INV-003642
2026-08-15T23:59:59-04:00,SGW-ITM-000748,GW-010,listed,INV-003643
2026-08-15T23:59:59-04:00,SGW-ITM-000750,GW-023,listed,INV-003644
2026-08-15T23:59:59-04:00,SGW-ITM-000752,GW-003,listed,INV-003645
2026-08-15T23:59:59-04:00,SGW-ITM-000753,GW-004,listed,INV-003646
2026-08-15T23:59:59-04:00,SGW-ITM-000754,GW-016,listed,INV-003647
2026-08-15T23:59:59-04:00,SGW-ITM-000756,GW-002,listed,INV-003648
2026-08-15T23:59:59-04:00,SGW-ITM-000766,GW-020,listed,INV-003649
2026-08-15T23:59:59-04:00,SGW-ITM-000768,GW-016,listed,INV-003650
2026-08-15T23:59:59-04:00,SGW-ITM-000769,GW-010,awaiting_inspection,INV-003651
2026-08-15T23:59:59-04:00,SGW-ITM-000770,GW-008,awaiting_photography,INV-003652
2026-08-15T23:59:59-04:00,SGW-ITM-000771,GW-009,listed,INV-003653
2026-08-15T23:59:59-04:00,SGW-ITM-000772,GW-011,listed,INV-003654
2026-08-15T23:59:59-04:00,SGW-ITM-000773,GW-018,listed,INV-003655
2026-08-15T23:59:59-04:00,SGW-ITM-000774,GW-005,listed,INV-003656
2026-08-15T23:59:59-04:00,SGW-ITM-000775,GW-012,listed,INV-003657
2026-08-15T23:59:59-04:00,SGW-ITM-000776,GW-016,awaiting_inspection,INV-003658
2026-08-15T23:59:59-04:00,SGW-ITM-000777,GW-017,listed,INV-003659
2026-08-15T23:59:59-04:00,SGW-ITM-000778,GW-022,listed,INV-003660
2026-08-15T23:59:59-04:00,SGW-ITM-000781,GW-020,listed,INV-003661
2026-08-15T23:59:59-04:00,SGW-ITM-000786,GW-011,listed,INV-003662
2026-08-15T23:59:59-04:00,SGW-ITM-000787,GW-008,listed,INV-003663
2026-08-15T23:59:59-04:00,SGW-ITM-000788,GW-012,listed,INV-003664
2026-08-15T23:59:59-04:00,SGW-ITM-000790,GW-024,received,INV-003665
2026-08-15T23:59:59-04:00,SGW-ITM-000791,GW-018,listed,INV-003666
2026-08-15T23:59:59-04:00,SGW-ITM-000792,GW-001,listed,INV-003667
2026-08-15T23:59:59-04:00,SGW-ITM-000794,GW-002,received,INV-003668
2026-08-15T23:59:59-04:00,SGW-ITM-000795,GW-008,listed,INV-003669
2026-08-15T23:59:59-04:00,SGW-ITM-000796,GW-016,listed,INV-003670
2026-08-15T23:59:59-04:00,SGW-ITM-000797,GW-022,awaiting_inspection,INV-003671
2026-08-15T23:59:59-04:00,SGW-ITM-000800,GW-018,listed,INV-003672
2026-08-15T23:59:59-04:00,SGW-ITM-000801,GW-002,awaiting_photography,INV-003673
2026-08-15T23:59:59-04:00,SGW-ITM-000802,GW-015,listed,INV-003674
2026-08-15T23:59:59-04:00,SGW-ITM-000804,GW-021,listed,INV-003675
2026-08-15T23:59:59-04:00,SGW-ITM-000805,GW-022,listed,INV-003676
2026-08-15T23:59:59-04:00,SGW-ITM-000808,GW-018,listed,INV-003677
2026-08-15T23:59:59-04:00,SGW-ITM-000809,GW-020,listed,INV-003678
2026-08-15T23:59:59-04:00,SGW-ITM-000810,GW-018,listed,INV-003679
2026-08-15T23:59:59-04:00,SGW-ITM-000812,GW-004,ready_to_list,INV-003680
2026-08-15T23:59:59-04:00,SGW-ITM-000813,GW-013,listed,INV-003681
2026-08-15T23:59:59-04:00,SGW-ITM-000814,GW-004,listed,INV-003682
2026-08-15T23:59:59-04:00,SGW-ITM-000816,GW-004,listed,INV-003683
2026-08-15T23:59:59-04:00,SGW-ITM-000817,GW-017,listed,INV-003684
2026-08-15T23:59:59-04:00,SGW-ITM-000818,GW-002,listed,INV-003685
2026-08-15T23:59:59-04:00,SGW-ITM-000819,GW-001,listed,INV-003686
2026-08-15T23:59:59-04:00,SGW-ITM-000820,GW-008,listed,INV-003687
2026-08-15T23:59:59-04:00,SGW-ITM-000822,GW-007,listed,INV-003688
2026-08-15T23:59:59-04:00,SGW-ITM-000824,GW-001,listed,INV-003689
2026-08-15T23:59:59-04:00,SGW-ITM-000826,GW-002,listed,INV-003690
2026-08-15T23:59:59-04:00,SGW-ITM-000827,GW-022,listed,INV-003691
2026-08-15T23:59:59-04:00,SGW-ITM-000828,GW-008,listed,INV-003692
2026-08-15T23:59:59-04:00,SGW-ITM-000829,GW-019,listed,INV-003693
2026-08-15T23:59:59-04:00,SGW-ITM-000830,GW-023,awaiting_photography,INV-003694
2026-08-15T23:59:59-04:00,SGW-ITM-000831,GW-012,listed,INV-003695
2026-08-15T23:59:59-04:00,SGW-ITM-000832,GW-008,listed,INV-003696
2026-08-15T23:59:59-04:00,SGW-ITM-000834,GW-019,listed,INV-003697
2026-08-15T23:59:59-04:00,SGW-ITM-000835,GW-003,listed,INV-003698
2026-08-15T23:59:59-04:00,SGW-ITM-000839,GW-017,listed,INV-003699
2026-08-15T23:59:59-04:00,SGW-ITM-000844,,listed,INV-003700
2026-08-15T23:59:59-04:00,SGW-ITM-000846,GW-008,received,INV-003701
2026-08-15T23:59:59-04:00,SGW-ITM-000848,GW-008,listed,INV-003702
2026-08-15T23:59:59-04:00,SGW-ITM-000849,GW-019,listed,INV-003703
2026-08-15T23:59:59-04:00,SGW-ITM-000852,GW-011,listed,INV-003704
2026-08-15T23:59:59-04:00,SGW-ITM-000853,GW-008,listed,INV-003705
2026-08-15T23:59:59-04:00,SGW-ITM-000855,GW-016,listed,INV-003706
2026-08-15T23:59:59-04:00,SGW-ITM-000856,GW-018,listed,INV-003707
2026-08-15T23:59:59-04:00,SGW-ITM-000858,GW-018,listed,INV-003708
2026-08-15T23:59:59-04:00,SGW-ITM-000860,GW-008,listed,INV-003709
2026-08-15T23:59:59-04:00,SGW-ITM-000863,GW-014,listed,INV-003710
2026-08-15T23:59:59-04:00,SGW-ITM-000866,GW-012,received,INV-003711
2026-08-15T23:59:59-04:00,SGW-ITM-000869,GW-005,listed,INV-003712
2026-08-15T23:59:59-04:00,SGW-ITM-000870,GW-016,listed,INV-003713
2026-08-15T23:59:59-04:00,SGW-ITM-000871,GW-016,awaiting_inspection,INV-003714
2026-08-15T23:59:59-04:00,SGW-ITM-000874,GW-014,ready_to_list,INV-003715
2026-08-15T23:59:59-04:00,SGW-ITM-000877,GW-020,received,INV-003716
2026-08-15T23:59:59-04:00,SGW-ITM-000879,GW-012,listed,INV-003717
2026-08-15T23:59:59-04:00,SGW-ITM-000881,GW-004,listed,INV-003718
2026-08-15T23:59:59-04:00,SGW-ITM-000882,GW-014,listed,INV-003719
2026-08-15T23:59:59-04:00,SGW-ITM-000883,GW-018,listed,INV-003720
2026-08-15T23:59:59-04:00,SGW-ITM-000888,GW-006,received,INV-003721
2026-08-15T23:59:59-04:00,SGW-ITM-000889,GW-005,listed,INV-003722
2026-08-15T23:59:59-04:00,SGW-ITM-000892,GW-008,listed,INV-003723
2026-08-15T23:59:59-04:00,SGW-ITM-000893,GW-004,listed,INV-003724
2026-08-15T23:59:59-04:00,SGW-ITM-000896,GW-001,listed,INV-003725
2026-08-15T23:59:59-04:00,SGW-ITM-000897,GW-012,listed,INV-003726
2026-08-15T23:59:59-04:00,SGW-ITM-000898,GW-006,listed,INV-003727
2026-08-15T23:59:59-04:00,SGW-ITM-000899,GW-018,awaiting_photography,INV-003728
2026-08-15T23:59:59-04:00,SGW-ITM-000901,GW-011,listed,INV-003729
2026-08-15T23:59:59-04:00,SGW-ITM-000905,GW-004,received,INV-003730
2026-08-15T23:59:59-04:00,SGW-ITM-000907,GW-002,awaiting_inspection,INV-003731
2026-08-15T23:59:59-04:00,SGW-ITM-000908,GW-004,listed,INV-003732
2026-08-15T23:59:59-04:00,SGW-ITM-000909,GW-004,listed,INV-003733
2026-08-15T23:59:59-04:00,SGW-ITM-000911,GW-020,listed,INV-003734
2026-08-15T23:59:59-04:00,SGW-ITM-000913,GW-012,listed,INV-003735
2026-08-15T23:59:59-04:00,SGW-ITM-000918,GW-008,listed,INV-003736
2026-08-15T23:59:59-04:00,SGW-ITM-000919,GW-019,listed,INV-003737
2026-08-15T23:59:59-04:00,SGW-ITM-000920,GW-003,listed,INV-003738
2026-08-15T23:59:59-04:00,SGW-ITM-000921,GW-019,listed,INV-003739
2026-08-15T23:59:59-04:00,SGW-ITM-000922,GW-008,awaiting_photography,INV-003740
2026-08-15T23:59:59-04:00,SGW-ITM-000926,GW-022,listed,INV-003741
2026-08-15T23:59:59-04:00,SGW-ITM-000928,GW-024,listed,INV-003742
2026-08-15T23:59:59-04:00,SGW-ITM-000930,GW-009,awaiting_inspection,INV-003743
2026-08-15T23:59:59-04:00,SGW-ITM-000931,GW-001,listed,INV-003744
2026-08-15T23:59:59-04:00,SGW-ITM-000933,GW-002,listed,INV-003745
2026-08-15T23:59:59-04:00,SGW-ITM-000935,GW-009,listed,INV-003746
2026-08-15T23:59:59-04:00,SGW-ITM-000939,GW-016,listed,INV-003747
2026-08-15T23:59:59-04:00,SGW-ITM-000940,GW-006,listed,INV-003748
2026-08-15T23:59:59-04:00,SGW-ITM-000943,GW-021,listed,INV-003749
2026-08-15T23:59:59-04:00,SGW-ITM-000944,GW-012,listed,INV-003750
2026-08-15T23:59:59-04:00,SGW-ITM-000945,GW-023,listed,INV-003751
2026-08-15T23:59:59-04:00,SGW-ITM-000949,GW-014,received,INV-003752
2026-08-15T23:59:59-04:00,SGW-ITM-000950,GW-010,listed,INV-003753
2026-08-15T23:59:59-04:00,SGW-ITM-000954,GW-009,listed,INV-003754
2026-08-15T23:59:59-04:00,SGW-ITM-000955,GW-018,listed,INV-003755
2026-08-15T23:59:59-04:00,SGW-ITM-000957,GW-002,listed,INV-003756
2026-08-15T23:59:59-04:00,SGW-ITM-000958,GW-023,listed,INV-003757
2026-08-15T23:59:59-04:00,SGW-ITM-000960,GW-014,listed,INV-003758
2026-08-15T23:59:59-04:00,SGW-ITM-000961,GW-011,listed,INV-003759
2026-08-15T23:59:59-04:00,SGW-ITM-000962,GW-023,listed,INV-003760
2026-08-15T23:59:59-04:00,SGW-ITM-000964,GW-004,listed,INV-003761
2026-08-15T23:59:59-04:00,SGW-ITM-000965,GW-018,listed,INV-003762
2026-08-15T23:59:59-04:00,SGW-ITM-000969,GW-021,listed,INV-003763
2026-08-15T23:59:59-04:00,SGW-ITM-000970,GW-001,listed,INV-003764
2026-08-15T23:59:59-04:00,SGW-ITM-000971,GW-001,awaiting_inspection,INV-003765
2026-08-15T23:59:59-04:00,SGW-ITM-000975,GW-012,listed,INV-003766
2026-08-15T23:59:59-04:00,SGW-ITM-000976,GW-008,listed,INV-003767
2026-08-15T23:59:59-04:00,SGW-ITM-000977,GW-024,ready_to_list,INV-003768
2026-08-15T23:59:59-04:00,SGW-ITM-000979,GW-010,awaiting_photography,INV-003769
2026-08-15T23:59:59-04:00,SGW-ITM-000980,GW-014,received,INV-003770
2026-08-15T23:59:59-04:00,SGW-ITM-000982,GW-021,awaiting_inspection,INV-003771
2026-08-15T23:59:59-04:00,SGW-ITM-000984,GW-014,listed,INV-003772
2026-08-15T23:59:59-04:00,SGW-ITM-000986,GW-022,listed,INV-003773
2026-08-15T23:59:59-04:00,SGW-ITM-000988,GW-003,awaiting_inspection,INV-003774
2026-08-15T23:59:59-04:00,SGW-ITM-000992,GW-024,awaiting_photography,INV-003775
2026-08-15T23:59:59-04:00,SGW-ITM-000993,GW-012,ready_to_list,INV-003776
2026-08-15T23:59:59-04:00,SGW-ITM-000994,GW-001,listed,INV-003777
2026-08-15T23:59:59-04:00,SGW-ITM-000996,GW-009,listed,INV-003778
2026-08-15T23:59:59-04:00,SGW-ITM-000997,GW-017,awaiting_photography,INV-003779
2026-08-15T23:59:59-04:00,SGW-ITM-000998,GW-012,listed,INV-003780
2026-08-15T23:59:59-04:00,SGW-ITM-001000,GW-003,listed,INV-003781
2026-08-15T23:59:59-04:00,SGW-ITM-001001,GW-021,listed,INV-003782
2026-08-15T23:59:59-04:00,SGW-ITM-001003,GW-021,listed,INV-003783
2026-08-15T23:59:59-04:00,SGW-ITM-001004,GW-014,listed,INV-003784
2026-08-15T23:59:59-04:00,SGW-ITM-001007,GW-019,received,INV-003785
2026-08-15T23:59:59-04:00,SGW-ITM-001009,GW-002,listed,INV-003786
2026-08-15T23:59:59-04:00,SGW-ITM-001011,GW-003,listed,INV-003787
2026-08-15T23:59:59-04:00,SGW-ITM-001013,GW-002,listed,INV-003788
2026-08-15T23:59:59-04:00,SGW-ITM-001015,GW-023,listed,INV-003789
2026-08-15T23:59:59-04:00,SGW-ITM-001018,GW-001,received,INV-003790
2026-08-15T23:59:59-04:00,SGW-ITM-001019,GW-012,listed,INV-003791
2026-08-15T23:59:59-04:00,SGW-ITM-001020,GW-012,listed,INV-003792
2026-08-15T23:59:59-04:00,SGW-ITM-001021,GW-005,listed,INV-003793
2026-08-15T23:59:59-04:00,SGW-ITM-001023,GW-008,listed,INV-003794
2026-08-15T23:59:59-04:00,SGW-ITM-001024,GW-024,listed,INV-003795
2026-08-15T23:59:59-04:00,SGW-ITM-001025,GW-012,listed,INV-003796
2026-08-15T23:59:59-04:00,SGW-ITM-001030,GW-009,listed,INV-003797
2026-08-15T23:59:59-04:00,SGW-ITM-001031,GW-009,listed,INV-003798
2026-08-15T23:59:59-04:00,SGW-ITM-001032,GW-013,listed,INV-003799
2026-08-15T23:59:59-04:00,SGW-ITM-001033,GW-007,listed,INV-003800
2026-08-15T23:59:59-04:00,SGW-ITM-001034,GW-024,listed,INV-003801
2026-08-15T23:59:59-04:00,SGW-ITM-001035,GW-012,listed,INV-003802
2026-08-15T23:59:59-04:00,SGW-ITM-001037,GW-020,listed,INV-003803
2026-08-15T23:59:59-04:00,SGW-ITM-001044,GW-004,ready_to_list,INV-003804
2026-08-15T23:59:59-04:00,SGW-ITM-001045,GW-019,listed,INV-003805
2026-08-15T23:59:59-04:00,SGW-ITM-001046,GW-015,listed,INV-003806
2026-08-15T23:59:59-04:00,SGW-ITM-001047,GW-016,listed,INV-003807
2026-08-15T23:59:59-04:00,SGW-ITM-001049,GW-015,listed,INV-003808
2026-08-15T23:59:59-04:00,SGW-ITM-001050,GW-020,listed,INV-003809
2026-08-15T23:59:59-04:00,SGW-ITM-001051,GW-021,listed,INV-003810
2026-08-15T23:59:59-04:00,SGW-ITM-001052,GW-013,listed,INV-003811
2026-08-15T23:59:59-04:00,SGW-ITM-001053,GW-008,listed,INV-003812
2026-08-15T23:59:59-04:00,SGW-ITM-001055,,awaiting_photography,INV-003813
2026-08-15T23:59:59-04:00,SGW-ITM-001056,GW-018,listed,INV-003814
2026-08-15T23:59:59-04:00,SGW-ITM-001061,GW-002,listed,INV-003815
2026-08-15T23:59:59-04:00,SGW-ITM-001063,GW-024,listed,INV-003816
2026-08-15T23:59:59-04:00,SGW-ITM-001065,GW-018,listed,INV-003817
2026-08-15T23:59:59-04:00,SGW-ITM-001066,GW-009,listed,INV-003818
2026-08-15T23:59:59-04:00,SGW-ITM-001068,GW-007,listed,INV-003819
2026-08-15T23:59:59-04:00,SGW-ITM-001069,GW-017,listed,INV-003820
2026-08-15T23:59:59-04:00,SGW-ITM-001070,GW-020,listed,INV-003821
2026-08-15T23:59:59-04:00,SGW-ITM-001071,GW-020,listed,INV-003822
2026-08-15T23:59:59-04:00,SGW-ITM-001073,GW-018,listed,INV-003823
2026-08-15T23:59:59-04:00,SGW-ITM-001076,GW-008,listed,INV-003824
2026-08-15T23:59:59-04:00,SGW-ITM-001080,GW-022,listed,INV-003825
2026-08-15T23:59:59-04:00,SGW-ITM-001081,GW-006,listed,INV-003826
2026-08-15T23:59:59-04:00,SGW-ITM-001083,GW-002,listed,INV-003827
2026-08-15T23:59:59-04:00,SGW-ITM-001085,GW-022,listed,INV-003828
2026-08-15T23:59:59-04:00,SGW-ITM-001086,GW-001,listed,INV-003829
2026-08-15T23:59:59-04:00,SGW-ITM-001087,GW-012,listed,INV-003830
2026-08-15T23:59:59-04:00,SGW-ITM-001091,GW-001,listed,INV-003831
2026-08-15T23:59:59-04:00,SGW-ITM-001094,GW-011,listed,INV-003832
2026-08-15T23:59:59-04:00,SGW-ITM-001095,GW-007,listed,INV-003833
2026-08-15T23:59:59-04:00,SGW-ITM-001101,GW-023,awaiting_inspection,INV-003834
2026-08-15T23:59:59-04:00,SGW-ITM-001102,GW-001,listed,INV-003835
2026-08-15T23:59:59-04:00,SGW-ITM-001103,GW-015,awaiting_photography,INV-003836
2026-08-15T23:59:59-04:00,SGW-ITM-001104,GW-002,listed,INV-003837
2026-08-15T23:59:59-04:00,SGW-ITM-001105,GW-010,awaiting_photography,INV-003838
2026-08-15T23:59:59-04:00,SGW-ITM-001106,GW-005,listed,INV-003839
2026-08-15T23:59:59-04:00,SGW-ITM-001107,GW-013,ready_to_list,INV-003840
2026-08-15T23:59:59-04:00,SGW-ITM-001109,GW-005,awaiting_inspection,INV-003841
2026-08-15T23:59:59-04:00,SGW-ITM-001110,GW-001,listed,INV-003842
2026-08-15T23:59:59-04:00,SGW-ITM-001113,GW-005,listed,INV-003843
2026-08-15T23:59:59-04:00,SGW-ITM-001117,GW-015,listed,INV-003844
2026-08-15T23:59:59-04:00,SGW-ITM-001118,GW-004,listed,INV-003845
2026-08-15T23:59:59-04:00,SGW-ITM-001119,GW-016,listed,INV-003846
2026-08-15T23:59:59-04:00,SGW-ITM-001121,GW-020,listed,INV-003847
2026-08-15T23:59:59-04:00,SGW-ITM-001122,GW-018,listed,INV-003848
2026-08-15T23:59:59-04:00,SGW-ITM-001128,GW-008,listed,INV-003849
2026-08-15T23:59:59-04:00,SGW-ITM-001131,GW-008,awaiting_inspection,INV-003850
2026-08-15T23:59:59-04:00,SGW-ITM-001139,GW-009,listed,INV-003851
2026-08-15T23:59:59-04:00,SGW-ITM-001141,GW-007,listed,INV-003852
2026-08-15T23:59:59-04:00,SGW-ITM-001142,GW-022,listed,INV-003853
2026-08-15T23:59:59-04:00,SGW-ITM-001145,GW-024,listed,INV-003854
2026-08-15T23:59:59-04:00,SGW-ITM-001147,GW-020,listed,INV-003855
2026-08-15T23:59:59-04:00,SGW-ITM-001149,GW-008,listed,INV-003856
2026-08-15T23:59:59-04:00,SGW-ITM-001150,GW-013,listed,INV-003857
2026-08-15T23:59:59-04:00,SGW-ITM-001154,GW-015,listed,INV-003858
2026-08-15T23:59:59-04:00,SGW-ITM-001155,GW-024,ready_to_list,INV-003859
2026-08-15T23:59:59-04:00,SGW-ITM-001156,GW-016,listed,INV-003860
2026-08-15T23:59:59-04:00,SGW-ITM-001160,GW-013,listed,INV-003861
2026-08-15T23:59:59-04:00,SGW-ITM-001164,GW-015,listed,INV-003862
2026-08-15T23:59:59-04:00,SGW-ITM-001165,GW-006,awaiting_photography,INV-003863
2026-08-15T23:59:59-04:00,SGW-ITM-001166,GW-001,listed,INV-003864
2026-08-15T23:59:59-04:00,SGW-ITM-001167,GW-001,listed,INV-003865
2026-08-15T23:59:59-04:00,SGW-ITM-001170,GW-016,listed,INV-003866
2026-08-15T23:59:59-04:00,SGW-ITM-001172,GW-012,received,INV-003867
2026-08-15T23:59:59-04:00,SGW-ITM-001174,GW-015,awaiting_inspection,INV-003868
2026-08-15T23:59:59-04:00,SGW-ITM-001176,GW-016,listed,INV-003869
2026-08-15T23:59:59-04:00,SGW-ITM-001180,GW-020,listed,INV-003870
2026-08-15T23:59:59-04:00,SGW-ITM-001185,GW-012,listed,INV-003871
2026-08-15T23:59:59-04:00,SGW-ITM-001187,GW-011,listed,INV-003872
2026-08-15T23:59:59-04:00,SGW-ITM-001188,GW-024,awaiting_inspection,INV-003873
2026-08-15T23:59:59-04:00,SGW-ITM-001189,GW-009,listed,INV-003874
2026-08-15T23:59:59-04:00,SGW-ITM-001191,GW-018,listed,INV-003875
2026-08-15T23:59:59-04:00,SGW-ITM-001192,GW-001,listed,INV-003876
2026-08-15T23:59:59-04:00,SGW-ITM-001197,GW-015,listed,INV-003877
2026-08-15T23:59:59-04:00,SGW-ITM-001198,GW-006,listed,INV-003878
2026-08-15T23:59:59-04:00,SGW-ITM-001199,GW-020,listed,INV-003879
2026-08-15T23:59:59-04:00,SGW-ITM-001200,GW-024,listed,INV-003880
2026-08-15T23:59:59-04:00,SGW-ITM-001201,GW-017,listed,INV-003881
2026-08-15T23:59:59-04:00,SGW-ITM-001204,GW-019,listed,INV-003882
2026-08-15T23:59:59-04:00,SGW-ITM-001205,GW-022,listed,INV-003883
2026-08-15T23:59:59-04:00,SGW-ITM-001206,GW-001,listed,INV-003884
2026-08-15T23:59:59-04:00,SGW-ITM-001207,GW-004,listed,INV-003885
2026-08-15T23:59:59-04:00,SGW-ITM-001208,GW-013,listed,INV-003886
2026-08-15T23:59:59-04:00,SGW-ITM-001211,GW-015,listed,INV-003887
2026-08-15T23:59:59-04:00,SGW-ITM-001212,GW-016,listed,INV-003888
2026-08-15T23:59:59-04:00,SGW-ITM-001214,GW-018,listed,INV-003889
2026-08-15T23:59:59-04:00,SGW-ITM-001215,GW-015,listed,INV-003890
2026-08-15T23:59:59-04:00,SGW-ITM-001216,GW-006,received,INV-003891
2026-08-15T23:59:59-04:00,SGW-ITM-001219,GW-012,listed,INV-003892
2026-08-15T23:59:59-04:00,SGW-ITM-001221,GW-015,listed,INV-003893
2026-08-15T23:59:59-04:00,SGW-ITM-001229,GW-006,listed,INV-003894
2026-08-15T23:59:59-04:00,SGW-ITM-001230,GW-010,listed,INV-003895
2026-08-15T23:59:59-04:00,SGW-ITM-001233,GW-020,listed,INV-003896
2026-08-15T23:59:59-04:00,SGW-ITM-001234,GW-010,awaiting_inspection,INV-003897
2026-08-15T23:59:59-04:00,SGW-ITM-001235,GW-004,listed,INV-003898
2026-08-15T23:59:59-04:00,SGW-ITM-001236,GW-021,listed,INV-003899
2026-08-15T23:59:59-04:00,SGW-ITM-001237,GW-016,listed,INV-003900
2026-08-15T23:59:59-04:00,SGW-ITM-001239,GW-003,listed,INV-003901
2026-08-15T23:59:59-04:00,SGW-ITM-001245,GW-008,listed,INV-003902
2026-08-15T23:59:59-04:00,SGW-ITM-001248,GW-008,awaiting_inspection,INV-003903
2026-08-15T23:59:59-04:00,SGW-ITM-001249,GW-001,listed,INV-003904
2026-08-15T23:59:59-04:00,SGW-ITM-001251,GW-017,listed,INV-003905
2026-08-15T23:59:59-04:00,SGW-ITM-001252,GW-016,listed,INV-003906
2026-08-15T23:59:59-04:00,SGW-ITM-001253,GW-021,listed,INV-003907
2026-08-15T23:59:59-04:00,SGW-ITM-001254,GW-006,listed,INV-003908
2026-08-15T23:59:59-04:00,SGW-ITM-001259,GW-007,listed,INV-003909
2026-08-15T23:59:59-04:00,SGW-ITM-001262,GW-002,listed,INV-003910
2026-08-15T23:59:59-04:00,SGW-ITM-001264,GW-016,listed,INV-003911
2026-08-15T23:59:59-04:00,SGW-ITM-001266,,listed,INV-003912
2026-08-15T23:59:59-04:00,SGW-ITM-001267,GW-002,listed,INV-003913
2026-08-15T23:59:59-04:00,SGW-ITM-001271,GW-009,listed,INV-003914
2026-08-15T23:59:59-04:00,SGW-ITM-001272,GW-021,listed,INV-003915
2026-08-15T23:59:59-04:00,SGW-ITM-001273,GW-010,listed,INV-003916
2026-08-15T23:59:59-04:00,SGW-ITM-001275,GW-016,listed,INV-003917
2026-08-15T23:59:59-04:00,SGW-ITM-001277,GW-010,awaiting_photography,INV-003918
2026-08-15T23:59:59-04:00,SGW-ITM-001278,GW-004,listed,INV-003919
2026-08-15T23:59:59-04:00,SGW-ITM-001279,GW-016,listed,INV-003920
2026-08-15T23:59:59-04:00,SGW-ITM-001281,GW-006,awaiting_inspection,INV-003921
2026-08-15T23:59:59-04:00,SGW-ITM-001282,GW-009,listed,INV-003922
2026-08-15T23:59:59-04:00,SGW-ITM-001283,GW-017,listed,INV-003923
2026-08-15T23:59:59-04:00,SGW-ITM-001285,GW-022,listed,INV-003924
2026-08-15T23:59:59-04:00,SGW-ITM-001288,GW-019,listed,INV-003925
2026-08-15T23:59:59-04:00,SGW-ITM-001290,GW-005,listed,INV-003926
2026-08-15T23:59:59-04:00,SGW-ITM-001291,GW-020,listed,INV-003927
2026-08-15T23:59:59-04:00,SGW-ITM-001294,GW-004,listed,INV-003928
2026-08-15T23:59:59-04:00,SGW-ITM-001297,GW-008,listed,INV-003929
2026-08-15T23:59:59-04:00,SGW-ITM-001301,GW-007,listed,INV-003930
2026-08-15T23:59:59-04:00,SGW-ITM-001302,GW-008,received,INV-003931
2026-08-15T23:59:59-04:00,SGW-ITM-001305,GW-020,listed,INV-003932
2026-08-15T23:59:59-04:00,SGW-ITM-001306,GW-001,ready_to_list,INV-003933
2026-08-15T23:59:59-04:00,SGW-ITM-001307,GW-018,ready_to_list,INV-003934
2026-08-15T23:59:59-04:00,SGW-ITM-001308,GW-008,listed,INV-003935
2026-08-15T23:59:59-04:00,SGW-ITM-001310,GW-020,listed,INV-003936
2026-08-15T23:59:59-04:00,SGW-ITM-001311,GW-006,listed,INV-003937
2026-08-15T23:59:59-04:00,SGW-ITM-001313,GW-024,listed,INV-003938
2026-08-15T23:59:59-04:00,SGW-ITM-001314,GW-018,awaiting_inspection,INV-003939
2026-08-15T23:59:59-04:00,SGW-ITM-001315,GW-019,awaiting_inspection,INV-003940
2026-08-15T23:59:59-04:00,SGW-ITM-001316,GW-008,awaiting_inspection,INV-003941
2026-08-15T23:59:59-04:00,SGW-ITM-001317,GW-024,listed,INV-003942
2026-08-15T23:59:59-04:00,SGW-ITM-001323,GW-024,listed,INV-003943
2026-08-15T23:59:59-04:00,SGW-ITM-001331,GW-009,listed,INV-003944
2026-08-15T23:59:59-04:00,SGW-ITM-001335,GW-018,listed,INV-003945
2026-08-15T23:59:59-04:00,SGW-ITM-001338,GW-015,listed,INV-003946
2026-08-15T23:59:59-04:00,SGW-ITM-001341,GW-009,listed,INV-003947
2026-08-15T23:59:59-04:00,SGW-ITM-001348,GW-022,listed,INV-003948
2026-08-15T23:59:59-04:00,SGW-ITM-001351,GW-007,listed,INV-003949
2026-08-15T23:59:59-04:00,SGW-ITM-001352,GW-018,listed,INV-003950
2026-08-15T23:59:59-04:00,SGW-ITM-001354,GW-023,listed,INV-003951
2026-08-15T23:59:59-04:00,SGW-ITM-001355,GW-001,listed,INV-003952
2026-08-15T23:59:59-04:00,SGW-ITM-001356,GW-010,listed,INV-003953
2026-08-15T23:59:59-04:00,SGW-ITM-001357,GW-011,listed,INV-003954
2026-08-15T23:59:59-04:00,SGW-ITM-001359,GW-010,listed,INV-003955
2026-08-15T23:59:59-04:00,SGW-ITM-001361,GW-020,listed,INV-003956
2026-08-15T23:59:59-04:00,SGW-ITM-001362,GW-011,listed,INV-003957
2026-08-15T23:59:59-04:00,SGW-ITM-001366,GW-007,listed,INV-003958
2026-08-15T23:59:59-04:00,SGW-ITM-001368,GW-012,listed,INV-003959
2026-08-15T23:59:59-04:00,SGW-ITM-001371,GW-001,awaiting_photography,INV-003960
2026-08-15T23:59:59-04:00,SGW-ITM-001372,GW-012,listed,INV-003961
2026-08-15T23:59:59-04:00,SGW-ITM-001375,GW-009,listed,INV-003962
2026-08-15T23:59:59-04:00,SGW-ITM-001379,GW-021,listed,INV-003963
2026-08-15T23:59:59-04:00,SGW-ITM-001380,GW-016,listed,INV-003964
2026-08-15T23:59:59-04:00,SGW-ITM-001382,GW-004,listed,INV-003965
2026-08-15T23:59:59-04:00,SGW-ITM-001385,GW-008,listed,INV-003966
2026-08-15T23:59:59-04:00,SGW-ITM-001387,GW-018,listed,INV-003967
2026-08-15T23:59:59-04:00,SGW-ITM-001390,GW-001,listed,INV-003968
2026-08-15T23:59:59-04:00,SGW-ITM-001392,GW-002,listed,INV-003969
2026-08-15T23:59:59-04:00,SGW-ITM-001396,GW-003,awaiting_inspection,INV-003970
2026-08-15T23:59:59-04:00,SGW-ITM-001397,GW-020,listed,INV-003971
2026-08-15T23:59:59-04:00,SGW-ITM-001399,GW-017,listed,INV-003972
2026-08-15T23:59:59-04:00,SGW-ITM-001402,GW-004,listed,INV-003973
2026-08-15T23:59:59-04:00,SGW-ITM-001408,GW-021,listed,INV-003974
2026-08-15T23:59:59-04:00,SGW-ITM-001409,GW-023,listed,INV-003975
2026-08-15T23:59:59-04:00,SGW-ITM-001415,GW-004,listed,INV-003976
2026-08-15T23:59:59-04:00,SGW-ITM-001417,GW-003,listed,INV-003977
2026-08-15T23:59:59-04:00,SGW-ITM-001419,GW-019,listed,INV-003978
2026-08-15T23:59:59-04:00,SGW-ITM-001421,GW-018,listed,INV-003979
2026-08-15T23:59:59-04:00,SGW-ITM-001422,GW-004,listed,INV-003980
2026-08-15T23:59:59-04:00,SGW-ITM-001427,GW-009,listed,INV-003981
2026-08-15T23:59:59-04:00,SGW-ITM-001428,GW-006,listed,INV-003982
2026-08-15T23:59:59-04:00,SGW-ITM-001429,GW-011,listed,INV-003983
2026-08-15T23:59:59-04:00,SGW-ITM-001431,GW-008,listed,INV-003984
2026-08-15T23:59:59-04:00,SGW-ITM-001436,GW-011,listed,INV-003985
2026-08-15T23:59:59-04:00,SGW-ITM-001437,GW-011,listed,INV-003986
2026-08-15T23:59:59-04:00,SGW-ITM-001441,GW-011,listed,INV-003987
2026-08-15T23:59:59-04:00,SGW-ITM-001443,GW-024,awaiting_inspection,INV-003988
2026-08-15T23:59:59-04:00,SGW-ITM-001444,GW-010,listed,INV-003989
2026-08-15T23:59:59-04:00,SGW-ITM-001446,GW-024,listed,INV-003990
2026-08-15T23:59:59-04:00,SGW-ITM-001449,GW-004,listed,INV-003991
2026-08-15T23:59:59-04:00,SGW-ITM-001450,GW-016,listed,INV-003992
2026-08-15T23:59:59-04:00,SGW-ITM-001453,GW-010,listed,INV-003993
2026-08-15T23:59:59-04:00,SGW-ITM-001454,GW-010,listed,INV-003994
2026-08-15T23:59:59-04:00,SGW-ITM-001455,GW-012,listed,INV-003995
2026-08-15T23:59:59-04:00,SGW-ITM-001457,GW-004,listed,INV-003996
2026-08-15T23:59:59-04:00,SGW-ITM-001458,GW-016,listed,INV-003997
2026-08-15T23:59:59-04:00,SGW-ITM-001460,GW-014,listed,INV-003998
2026-08-15T23:59:59-04:00,SGW-ITM-001464,GW-024,awaiting_photography,INV-003999
2026-08-15T23:59:59-04:00,SGW-ITM-001465,GW-005,listed,INV-004000
2026-08-15T23:59:59-04:00,SGW-ITM-001466,GW-004,listed,INV-004001
2026-08-15T23:59:59-04:00,SGW-ITM-001471,GW-008,listed,INV-004002
2026-08-15T23:59:59-04:00,SGW-ITM-001472,GW-016,listed,INV-004003
2026-08-15T23:59:59-04:00,SGW-ITM-001473,GW-004,listed,INV-004004
2026-08-15T23:59:59-04:00,SGW-ITM-001475,GW-018,listed,INV-004005
2026-08-15T23:59:59-04:00,SGW-ITM-001476,GW-002,listed,INV-004006
2026-08-15T23:59:59-04:00,SGW-ITM-001477,,awaiting_inspection,INV-004007
2026-08-15T23:59:59-04:00,SGW-ITM-001480,GW-001,ready_to_list,INV-004008
2026-08-15T23:59:59-04:00,SGW-ITM-001486,GW-024,listed,INV-004009
2026-08-15T23:59:59-04:00,SGW-ITM-001487,GW-018,listed,INV-004010
2026-08-15T23:59:59-04:00,SGW-ITM-001488,GW-023,listed,INV-004011
2026-08-15T23:59:59-04:00,SGW-ITM-001491,GW-007,listed,INV-004012
2026-08-15T23:59:59-04:00,SGW-ITM-001493,GW-009,listed,INV-004013
2026-08-15T23:59:59-04:00,SGW-ITM-001495,GW-015,listed,INV-004014
2026-08-15T23:59:59-04:00,SGW-ITM-001497,GW-004,listed,INV-004015
2026-08-15T23:59:59-04:00,SGW-ITM-001498,GW-013,listed,INV-004016
2026-08-15T23:59:59-04:00,SGW-ITM-001499,GW-008,listed,INV-004017
2026-08-15T23:59:59-04:00,SGW-ITM-001500,GW-005,received,INV-004018
2026-08-15T23:59:59-04:00,SGW-ITM-001502,GW-024,listed,INV-004019
2026-08-15T23:59:59-04:00,SGW-ITM-001504,GW-001,listed,INV-004020
2026-08-15T23:59:59-04:00,SGW-ITM-001505,GW-015,listed,INV-004021
2026-08-15T23:59:59-04:00,SGW-ITM-001506,GW-012,listed,INV-004022
2026-08-15T23:59:59-04:00,SGW-ITM-001507,GW-012,listed,INV-004023
2026-08-15T23:59:59-04:00,SGW-ITM-001508,GW-024,listed,INV-004024
2026-08-15T23:59:59-04:00,SGW-ITM-001510,GW-009,listed,INV-004025
2026-08-15T23:59:59-04:00,SGW-ITM-001511,GW-001,listed,INV-004026
2026-08-15T23:59:59-04:00,SGW-ITM-001512,GW-022,listed,INV-004027
2026-08-15T23:59:59-04:00,SGW-ITM-001516,GW-024,listed,INV-004028
2026-08-15T23:59:59-04:00,SGW-ITM-001521,GW-001,listed,INV-004029
2026-08-15T23:59:59-04:00,SGW-ITM-001522,GW-010,listed,INV-004030
2026-08-15T23:59:59-04:00,SGW-ITM-001524,GW-023,listed,INV-004031
2026-08-15T23:59:59-04:00,SGW-ITM-001526,GW-008,listed,INV-004032
2026-08-15T23:59:59-04:00,SGW-ITM-001527,GW-005,listed,INV-004033
2026-08-15T23:59:59-04:00,SGW-ITM-001528,GW-005,listed,INV-004034
2026-08-15T23:59:59-04:00,SGW-ITM-001532,GW-022,listed,INV-004035
2026-08-15T23:59:59-04:00,SGW-ITM-001533,GW-023,listed,INV-004036
2026-08-15T23:59:59-04:00,SGW-ITM-001534,GW-016,listed,INV-004037
2026-08-15T23:59:59-04:00,SGW-ITM-001536,GW-008,listed,INV-004038
2026-08-15T23:59:59-04:00,SGW-ITM-001538,GW-016,listed,INV-004039
2026-08-15T23:59:59-04:00,SGW-ITM-001541,GW-004,awaiting_photography,INV-004040
2026-08-15T23:59:59-04:00,SGW-ITM-001545,GW-002,awaiting_photography,INV-004041
2026-08-15T23:59:59-04:00,SGW-ITM-001546,GW-015,listed,INV-004042
2026-08-15T23:59:59-04:00,SGW-ITM-001548,GW-014,listed,INV-004043
2026-08-15T23:59:59-04:00,SGW-ITM-001549,GW-023,listed,INV-004044
2026-08-15T23:59:59-04:00,SGW-ITM-001550,GW-001,listed,INV-004045
2026-08-15T23:59:59-04:00,SGW-ITM-001554,GW-004,listed,INV-004046
2026-08-15T23:59:59-04:00,SGW-ITM-001556,GW-015,listed,INV-004047
2026-08-15T23:59:59-04:00,SGW-ITM-001557,GW-008,listed,INV-004048
2026-08-15T23:59:59-04:00,SGW-ITM-001558,GW-003,awaiting_inspection,INV-004049
2026-08-15T23:59:59-04:00,SGW-ITM-001559,GW-005,listed,INV-004050
2026-08-15T23:59:59-04:00,SGW-ITM-001560,GW-016,listed,INV-004051
2026-08-15T23:59:59-04:00,SGW-ITM-001564,GW-012,listed,INV-004052
2026-08-15T23:59:59-04:00,SGW-ITM-001566,GW-001,listed,INV-004053
2026-08-15T23:59:59-04:00,SGW-ITM-001567,GW-023,listed,INV-004054
2026-08-15T23:59:59-04:00,SGW-ITM-001569,GW-017,listed,INV-004055
2026-08-15T23:59:59-04:00,SGW-ITM-001570,GW-011,listed,INV-004056
2026-08-15T23:59:59-04:00,SGW-ITM-001572,GW-024,listed,INV-004057
2026-08-15T23:59:59-04:00,SGW-ITM-001573,GW-008,listed,INV-004058
2026-08-15T23:59:59-04:00,SGW-ITM-001574,GW-011,listed,INV-004059
2026-08-15T23:59:59-04:00,SGW-ITM-001575,GW-019,listed,INV-004060
2026-08-15T23:59:59-04:00,SGW-ITM-001578,GW-020,awaiting_inspection,INV-004061
2026-08-15T23:59:59-04:00,SGW-ITM-001580,GW-012,listed,INV-004062
2026-08-15T23:59:59-04:00,SGW-ITM-001583,GW-002,listed,INV-004063
2026-08-15T23:59:59-04:00,SGW-ITM-001585,GW-017,listed,INV-004064
2026-08-15T23:59:59-04:00,SGW-ITM-001586,GW-022,listed,INV-004065
2026-08-15T23:59:59-04:00,SGW-ITM-001587,GW-021,listed,INV-004066
2026-08-15T23:59:59-04:00,SGW-ITM-001588,GW-009,listed,INV-004067
2026-08-15T23:59:59-04:00,SGW-ITM-001590,GW-024,listed,INV-004068
2026-08-15T23:59:59-04:00,SGW-ITM-001591,GW-004,listed,INV-004069
2026-08-15T23:59:59-04:00,SGW-ITM-001594,GW-013,listed,INV-004070
2026-08-15T23:59:59-04:00,SGW-ITM-001595,GW-023,listed,INV-004071
2026-08-15T23:59:59-04:00,SGW-ITM-001598,GW-009,listed,INV-004072
2026-08-15T23:59:59-04:00,SGW-ITM-001602,GW-019,listed,INV-004073
2026-08-15T23:59:59-04:00,SGW-ITM-001603,GW-021,listed,INV-004074
2026-08-15T23:59:59-04:00,SGW-ITM-001605,GW-002,listed,INV-004075
2026-08-15T23:59:59-04:00,SGW-ITM-001607,GW-012,listed,INV-004076
2026-08-15T23:59:59-04:00,SGW-ITM-001609,GW-012,listed,INV-004077
2026-08-15T23:59:59-04:00,SGW-ITM-001610,GW-020,listed,INV-004078
2026-08-15T23:59:59-04:00,SGW-ITM-001612,GW-002,listed,INV-004079
2026-08-15T23:59:59-04:00,SGW-ITM-001613,GW-017,listed,INV-004080
2026-08-15T23:59:59-04:00,SGW-ITM-001616,GW-004,listed,INV-004081
2026-08-15T23:59:59-04:00,SGW-ITM-001617,GW-018,listed,INV-004082
2026-08-15T23:59:59-04:00,SGW-ITM-001618,GW-013,listed,INV-004083
2026-08-15T23:59:59-04:00,SGW-ITM-001619,GW-013,listed,INV-004084
2026-08-15T23:59:59-04:00,SGW-ITM-001620,GW-010,listed,INV-004085
2026-08-15T23:59:59-04:00,SGW-ITM-001622,GW-017,listed,INV-004086
2026-08-15T23:59:59-04:00,SGW-ITM-001624,GW-018,listed,INV-004087
2026-08-15T23:59:59-04:00,SGW-ITM-001628,GW-011,listed,INV-004088
2026-08-15T23:59:59-04:00,SGW-ITM-001631,GW-019,listed,INV-004089
2026-08-15T23:59:59-04:00,SGW-ITM-001632,GW-014,listed,INV-004090
2026-08-15T23:59:59-04:00,SGW-ITM-001635,GW-024,listed,INV-004091
2026-08-15T23:59:59-04:00,SGW-ITM-001639,GW-005,listed,INV-004092
2026-08-15T23:59:59-04:00,SGW-ITM-001640,GW-008,listed,INV-004093
2026-08-15T23:59:59-04:00,SGW-ITM-001642,GW-020,awaiting_inspection,INV-004094
2026-08-15T23:59:59-04:00,SGW-ITM-001643,GW-020,listed,INV-004095
2026-08-15T23:59:59-04:00,SGW-ITM-001644,GW-002,listed,INV-004096
2026-08-15T23:59:59-04:00,SGW-ITM-001645,GW-015,listed,INV-004097
2026-08-15T23:59:59-04:00,SGW-ITM-001646,GW-008,listed,INV-004098
2026-08-15T23:59:59-04:00,SGW-ITM-001648,GW-001,listed,INV-004099
2026-08-15T23:59:59-04:00,SGW-ITM-001650,GW-024,listed,INV-004100
2026-08-15T23:59:59-04:00,SGW-ITM-001651,GW-001,listed,INV-004101
2026-08-15T23:59:59-04:00,SGW-ITM-001654,GW-022,listed,INV-004102
2026-08-15T23:59:59-04:00,SGW-ITM-001655,GW-006,listed,INV-004103
2026-08-15T23:59:59-04:00,SGW-ITM-001656,GW-022,listed,INV-004104
2026-08-15T23:59:59-04:00,SGW-ITM-001658,GW-009,listed,INV-004105
2026-08-15T23:59:59-04:00,SGW-ITM-001660,GW-018,listed,INV-004106
2026-08-15T23:59:59-04:00,SGW-ITM-001662,GW-004,listed,INV-004107
2026-08-15T23:59:59-04:00,SGW-ITM-001663,GW-013,awaiting_photography,INV-004108
2026-08-15T23:59:59-04:00,SGW-ITM-001667,GW-002,listed,INV-004109
2026-08-15T23:59:59-04:00,SGW-ITM-001668,GW-005,listed,INV-004110
2026-08-15T23:59:59-04:00,SGW-ITM-001669,GW-006,listed,INV-004111
2026-08-15T23:59:59-04:00,SGW-ITM-001673,GW-020,awaiting_photography,INV-004112
2026-08-15T23:59:59-04:00,SGW-ITM-001678,GW-008,awaiting_photography,INV-004113
2026-08-15T23:59:59-04:00,SGW-ITM-001679,GW-008,listed,INV-004114
2026-08-15T23:59:59-04:00,SGW-ITM-001680,GW-024,listed,INV-004115
2026-08-15T23:59:59-04:00,SGW-ITM-001681,GW-006,listed,INV-004116
2026-08-15T23:59:59-04:00,SGW-ITM-001682,GW-009,listed,INV-004117
2026-08-15T23:59:59-04:00,SGW-ITM-001685,GW-013,listed,INV-004118
2026-08-15T23:59:59-04:00,SGW-ITM-001686,GW-017,listed,INV-004119
2026-08-15T23:59:59-04:00,SGW-ITM-001687,GW-020,awaiting_photography,INV-004120
2026-08-15T23:59:59-04:00,SGW-ITM-001688,,listed,INV-004121
2026-08-15T23:59:59-04:00,SGW-ITM-001693,GW-005,listed,INV-004122
2026-08-15T23:59:59-04:00,SGW-ITM-001694,GW-007,listed,INV-004123
2026-08-15T23:59:59-04:00,SGW-ITM-001695,GW-024,listed,INV-004124
2026-08-15T23:59:59-04:00,SGW-ITM-001697,GW-004,listed,INV-004125
2026-08-15T23:59:59-04:00,SGW-ITM-001699,GW-012,listed,INV-004126
2026-08-15T23:59:59-04:00,SGW-ITM-001701,GW-014,listed,INV-004127
2026-08-15T23:59:59-04:00,SGW-ITM-001705,GW-010,listed,INV-004128
2026-08-15T23:59:59-04:00,SGW-ITM-001706,GW-001,received,INV-004129
2026-08-15T23:59:59-04:00,SGW-ITM-001708,GW-017,listed,INV-004130
2026-08-15T23:59:59-04:00,SGW-ITM-001709,GW-006,listed,INV-004131
2026-08-15T23:59:59-04:00,SGW-ITM-001710,GW-007,listed,INV-004132
2026-08-15T23:59:59-04:00,SGW-ITM-001715,GW-001,listed,INV-004133
2026-08-15T23:59:59-04:00,SGW-ITM-001717,GW-004,listed,INV-004134
2026-08-15T23:59:59-04:00,SGW-ITM-001719,GW-024,listed,INV-004135
2026-08-15T23:59:59-04:00,SGW-ITM-001721,GW-023,listed,INV-004136
2026-08-15T23:59:59-04:00,SGW-ITM-001722,GW-012,listed,INV-004137
2026-08-15T23:59:59-04:00,SGW-ITM-001724,GW-023,listed,INV-004138
2026-08-15T23:59:59-04:00,SGW-ITM-001725,GW-017,listed,INV-004139
2026-08-15T23:59:59-04:00,SGW-ITM-001729,GW-001,listed,INV-004140
2026-08-15T23:59:59-04:00,SGW-ITM-001730,GW-024,listed,INV-004141
2026-08-15T23:59:59-04:00,SGW-ITM-001733,GW-016,listed,INV-004142
2026-08-15T23:59:59-04:00,SGW-ITM-001736,GW-007,listed,INV-004143
2026-08-15T23:59:59-04:00,SGW-ITM-001739,GW-019,listed,INV-004144
2026-08-15T23:59:59-04:00,SGW-ITM-001741,GW-016,listed,INV-004145
2026-08-15T23:59:59-04:00,SGW-ITM-001742,GW-007,listed,INV-004146
2026-08-15T23:59:59-04:00,SGW-ITM-001745,GW-008,listed,INV-004147
2026-08-15T23:59:59-04:00,SGW-ITM-001746,GW-008,listed,INV-004148
2026-08-15T23:59:59-04:00,SGW-ITM-001750,GW-006,awaiting_photography,INV-004149
2026-08-15T23:59:59-04:00,SGW-ITM-001752,GW-002,listed,INV-004150
2026-08-15T23:59:59-04:00,SGW-ITM-001756,GW-021,listed,INV-004151
2026-08-15T23:59:59-04:00,SGW-ITM-001758,GW-007,listed,INV-004152
2026-08-15T23:59:59-04:00,SGW-ITM-001760,GW-009,received,INV-004153
2026-08-15T23:59:59-04:00,SGW-ITM-001763,GW-008,listed,INV-004154
2026-08-15T23:59:59-04:00,SGW-ITM-001764,GW-009,listed,INV-004155
2026-08-15T23:59:59-04:00,SGW-ITM-001766,GW-019,listed,INV-004156
2026-08-15T23:59:59-04:00,SGW-ITM-001767,GW-024,listed,INV-004157
2026-08-15T23:59:59-04:00,SGW-ITM-001771,GW-022,listed,INV-004158
2026-08-15T23:59:59-04:00,SGW-ITM-001772,GW-005,listed,INV-004159
2026-08-15T23:59:59-04:00,SGW-ITM-001775,GW-023,listed,INV-004160
2026-08-15T23:59:59-04:00,SGW-ITM-001778,GW-012,listed,INV-004161
2026-08-15T23:59:59-04:00,SGW-ITM-001780,GW-011,awaiting_photography,INV-004162
2026-08-15T23:59:59-04:00,SGW-ITM-001782,GW-005,listed,INV-004163
2026-08-15T23:59:59-04:00,SGW-ITM-001787,GW-008,awaiting_inspection,INV-004164
2026-08-15T23:59:59-04:00,SGW-ITM-001788,GW-018,listed,INV-004165
2026-08-15T23:59:59-04:00,SGW-ITM-001790,GW-017,awaiting_inspection,INV-004166
2026-08-15T23:59:59-04:00,SGW-ITM-001791,GW-014,listed,INV-004167
2026-08-15T23:59:59-04:00,SGW-ITM-001795,GW-023,listed,INV-004168
2026-08-15T23:59:59-04:00,SGW-ITM-001797,GW-001,listed,INV-004169
2026-08-15T23:59:59-04:00,SGW-ITM-001798,GW-020,listed,INV-004170
2026-08-15T23:59:59-04:00,SGW-UNSOLD-000001,GW-002,awaiting_inspection,INV-004171
2026-08-15T23:59:59-04:00,SGW-UNSOLD-000002,GW-016,awaiting_photography,INV-004172
2026-08-15T23:59:59-04:00,SGW-UNSOLD-000004,GW-004,ready_to_list,INV-004173
2026-08-15T23:59:59-04:00,SGW-UNSOLD-000007,GW-001,ready_to_list,INV-004174
2026-08-15T23:59:59-04:00,SGW-UNSOLD-000008,GW-022,ready_to_list,INV-004175
2026-08-15T23:59:59-04:00,SGW-UNSOLD-000009,GW-021,listed,INV-004176
2026-08-15T23:59:59-04:00,SGW-UNSOLD-000010,GW-020,ready_to_list,INV-004177
2026-08-15T23:59:59-04:00,SGW-UNSOLD-000012,GW-012,listed,INV-004178
2026-08-15T23:59:59-04:00,SGW-UNSOLD-000013,GW-017,awaiting_photography,INV-004179
2026-08-15T23:59:59-04:00,SGW-UNSOLD-000016,GW-022,listed,INV-004180
2026-08-15T23:59:59-04:00,SGW-UNSOLD-000020,GW-009,listed,INV-004181
2026-08-15T23:59:59-04:00,SGW-UNSOLD-000029,GW-012,awaiting_photography,INV-004182
2026-08-15T23:59:59-04:00,SGW-UNSOLD-000030,GW-009,awaiting_inspection,INV-004183
2026-08-15T23:59:59-04:00,SGW-UNSOLD-000032,GW-016,awaiting_inspection,INV-004184
2026-08-15T23:59:59-04:00,SGW-UNSOLD-000034,GW-006,awaiting_photography,INV-004185
2026-08-15T23:59:59-04:00,SGW-UNSOLD-000035,GW-015,ready_to_list,INV-004186
2026-08-15T23:59:59-04:00,SGW-UNSOLD-000036,GW-008,listed,INV-004187
2026-08-15T23:59:59-04:00,SGW-UNSOLD-000037,GW-008,ready_to_list,INV-004188
2026-08-15T23:59:59-04:00,SGW-UNSOLD-000038,GW-010,ready_to_list,INV-004189
2026-08-15T23:59:59-04:00,SGW-UNSOLD-000039,GW-001,ready_to_list,INV-004190
2026-08-15T23:59:59-04:00,SGW-UNSOLD-000041,GW-009,listed,INV-004191
2026-08-15T23:59:59-04:00,SGW-UNSOLD-000042,GW-005,ready_to_list,INV-004192
2026-08-15T23:59:59-04:00,SGW-UNSOLD-000044,GW-001,awaiting_photography,INV-004193
2026-08-15T23:59:59-04:00,SGW-UNSOLD-000045,GW-004,ready_to_list,INV-004194
2026-08-15T23:59:59-04:00,SGW-UNSOLD-000047,GW-004,awaiting_photography,INV-004195
2026-08-15T23:59:59-04:00,SGW-UNSOLD-000048,GW-002,listed,INV-004196
2026-08-15T23:59:59-04:00,SGW-UNSOLD-000054,GW-005,ready_to_list,INV-004197
2026-08-15T23:59:59-04:00,SGW-UNSOLD-000055,GW-024,ready_to_list,INV-004198
2026-08-15T23:59:59-04:00,SGW-UNSOLD-000057,GW-018,ready_to_list,INV-004199
2026-08-15T23:59:59-04:00,SGW-UNSOLD-000058,GW-016,listed,INV-004200
2026-08-15T23:59:59-04:00,SGW-UNSOLD-000059,GW-012,awaiting_inspection,INV-004201
2026-08-15T23:59:59-04:00,SGW-UNSOLD-000060,GW-016,ready_to_list,INV-004202
2026-08-15T23:59:59-04:00,SGW-UNSOLD-000062,GW-014,ready_to_list,INV-004203
2026-08-15T23:59:59-04:00,SGW-UNSOLD-000068,GW-011,ready_to_list,INV-004204
2026-08-15T23:59:59-04:00,SGW-UNSOLD-000069,GW-004,ready_to_list,INV-004205
2026-08-15T23:59:59-04:00,SGW-UNSOLD-000071,GW-017,ready_to_list,INV-004206
2026-08-15T23:59:59-04:00,SGW-UNSOLD-000073,GW-022,listed,INV-004207
2026-08-15T23:59:59-04:00,SGW-UNSOLD-000074,GW-005,ready_to_list,INV-004208
2026-08-15T23:59:59-04:00,SGW-UNSOLD-000075,GW-011,ready_to_list,INV-004209
2026-08-15T23:59:59-04:00,SGW-UNSOLD-000079,GW-007,ready_to_list,INV-004210
2026-08-15T23:59:59-04:00,SGW-UNSOLD-000080,GW-008,awaiting_photography,INV-004211
2026-08-15T23:59:59-04:00,SGW-UNSOLD-000083,GW-023,ready_to_list,INV-004212
2026-08-15T23:59:59-04:00,SGW-UNSOLD-000084,GW-018,listed,INV-004213
2026-08-15T23:59:59-04:00,SGW-UNSOLD-000086,GW-018,ready_to_list,INV-004214
2026-08-15T23:59:59-04:00,SGW-UNSOLD-000087,GW-024,awaiting_inspection,INV-004215
2026-08-15T23:59:59-04:00,SGW-UNSOLD-000089,GW-016,ready_to_list,INV-004216
2026-08-15T23:59:59-04:00,SGW-UNSOLD-000091,GW-008,ready_to_list,INV-004217
2026-08-15T23:59:59-04:00,SGW-UNSOLD-000092,GW-024,ready_to_list,INV-004218
2026-08-15T23:59:59-04:00,SGW-UNSOLD-000094,GW-021,listed,INV-004219
2026-08-15T23:59:59-04:00,SGW-UNSOLD-000096,GW-021,awaiting_inspection,INV-004220
2026-08-15T23:59:59-04:00,SGW-UNSOLD-000097,GW-017,received,INV-004221
2026-08-15T23:59:59-04:00,SGW-UNSOLD-000098,GW-010,listed,INV-004222
2026-08-15T23:59:59-04:00,SGW-UNSOLD-000101,GW-002,listed,INV-004223
2026-08-15T23:59:59-04:00,SGW-UNSOLD-000104,GW-023,listed,INV-004224
2026-08-15T23:59:59-04:00,SGW-UNSOLD-000108,GW-020,ready_to_list,INV-004225
2026-08-15T23:59:59-04:00,SGW-UNSOLD-000109,GW-024,ready_to_list,INV-004226
2026-08-15T23:59:59-04:00,SGW-UNSOLD-000112,GW-009,awaiting_photography,INV-004227
2026-08-15T23:59:59-04:00,SGW-UNSOLD-000113,GW-002,ready_to_list,INV-004228
2026-08-15T23:59:59-04:00,SGW-UNSOLD-000115,GW-008,ready_to_list,INV-004229
2026-08-15T23:59:59-04:00,SGW-UNSOLD-000116,GW-017,received,INV-004230
2026-08-15T23:59:59-04:00,SGW-UNSOLD-000119,GW-004,ready_to_list,INV-004231
2026-08-15T23:59:59-04:00,SGW-UNSOLD-000122,GW-016,listed,INV-004232
2026-08-15T23:59:59-04:00,SGW-UNSOLD-000124,GW-019,ready_to_list,INV-004233
2026-08-15T23:59:59-04:00,SGW-UNSOLD-000125,GW-023,ready_to_list,INV-004234
2026-08-15T23:59:59-04:00,SGW-UNSOLD-000130,GW-005,listed,INV-004235
2026-08-15T23:59:59-04:00,SGW-UNSOLD-000136,GW-001,listed,INV-004236
2026-08-15T23:59:59-04:00,SGW-UNSOLD-000137,GW-009,awaiting_photography,INV-004237
2026-08-15T23:59:59-04:00,SGW-UNSOLD-000138,GW-004,awaiting_inspection,INV-004238
2026-08-15T23:59:59-04:00,SGW-UNSOLD-000140,GW-022,ready_to_list,INV-004239
2026-08-15T23:59:59-04:00,SGW-UNSOLD-000141,GW-015,listed,INV-004240
2026-08-15T23:59:59-04:00,SGW-UNSOLD-000142,GW-023,awaiting_photography,INV-004241
2026-08-15T23:59:59-04:00,SGW-UNSOLD-000143,GW-003,awaiting_inspection,INV-004242
2026-08-15T23:59:59-04:00,SGW-UNSOLD-000145,GW-006,ready_to_list,INV-004243
2026-08-15T23:59:59-04:00,SGW-UNSOLD-000146,GW-013,ready_to_list,INV-004244
2026-08-15T23:59:59-04:00,SGW-UNSOLD-000147,GW-005,ready_to_list,INV-004245
2026-08-15T23:59:59-04:00,SGW-UNSOLD-000148,GW-010,awaiting_inspection,INV-004246
2026-08-15T23:59:59-04:00,SGW-UNSOLD-000149,GW-001,listed,INV-004247
2026-08-15T23:59:59-04:00,SGW-UNSOLD-000150,GW-009,received,INV-004248
2026-08-15T23:59:59-04:00,SGW-UNSOLD-000151,GW-004,received,INV-004249
2026-08-15T23:59:59-04:00,SGW-UNSOLD-000152,GW-018,ready_to_list,INV-004250
2026-08-15T23:59:59-04:00,SGW-UNSOLD-000154,GW-017,awaiting_photography,INV-004251
2026-08-15T23:59:59-04:00,SGW-UNSOLD-000155,GW-024,ready_to_list,INV-004252
2026-08-15T23:59:59-04:00,SGW-UNSOLD-000162,GW-008,ready_to_list,INV-004253
2026-08-15T23:59:59-04:00,SGW-UNSOLD-000163,GW-018,listed,INV-004254
2026-08-15T23:59:59-04:00,SGW-UNSOLD-000166,GW-022,ready_to_list,INV-004255
2026-08-15T23:59:59-04:00,SGW-UNSOLD-000167,GW-012,listed,INV-004256
2026-08-15T23:59:59-04:00,SGW-UNSOLD-000168,GW-022,listed,INV-004257
2026-08-15T23:59:59-04:00,SGW-UNSOLD-000169,GW-004,received,INV-004258
2026-08-15T23:59:59-04:00,SGW-UNSOLD-000170,GW-007,ready_to_list,INV-004259
2026-08-15T23:59:59-04:00,SGW-UNSOLD-000172,GW-013,ready_to_list,INV-004260
2026-08-15T23:59:59-04:00,SGW-UNSOLD-000174,GW-012,listed,INV-004261
2026-08-15T23:59:59-04:00,SGW-UNSOLD-000176,GW-021,awaiting_inspection,INV-004262
2026-08-15T23:59:59-04:00,SGW-UNSOLD-000181,GW-004,ready_to_list,INV-004263
2026-08-15T23:59:59-04:00,SGW-UNSOLD-000185,GW-006,ready_to_list,INV-004264
2026-08-15T23:59:59-04:00,SGW-UNSOLD-000187,GW-014,listed,INV-004265
2026-08-15T23:59:59-04:00,SGW-UNSOLD-000188,GW-007,ready_to_list,INV-004266
2026-08-15T23:59:59-04:00,SGW-UNSOLD-000189,GW-012,ready_to_list,INV-004267
2026-08-15T23:59:59-04:00,SGW-UNSOLD-000191,GW-001,ready_to_list,INV-004268
2026-08-15T23:59:59-04:00,SGW-UNSOLD-000192,GW-017,ready_to_list,INV-004269
2026-08-15T23:59:59-04:00,SGW-UNSOLD-000193,GW-018,awaiting_photography,INV-004270
2026-08-15T23:59:59-04:00,SGW-UNSOLD-000194,GW-007,awaiting_photography,INV-004271
2026-08-15T23:59:59-04:00,SGW-UNSOLD-000195,GW-018,ready_to_list,INV-004272
2026-08-15T23:59:59-04:00,SGW-UNSOLD-000198,GW-023,listed,INV-004273
2026-08-15T23:59:59-04:00,SGW-UNSOLD-000199,GW-005,awaiting_inspection,INV-004274
2026-08-15T23:59:59-04:00,SGW-UNSOLD-000201,GW-005,awaiting_inspection,INV-004275
2026-08-15T23:59:59-04:00,SGW-UNSOLD-000204,GW-024,ready_to_list,INV-004276
2026-08-15T23:59:59-04:00,SGW-UNSOLD-000207,GW-008,awaiting_photography,INV-004277
2026-08-15T23:59:59-04:00,SGW-UNSOLD-000209,GW-014,ready_to_list,INV-004278
2026-08-15T23:59:59-04:00,SGW-UNSOLD-000212,GW-017,awaiting_photography,INV-004279
2026-08-15T23:59:59-04:00,SGW-UNSOLD-000215,GW-020,ready_to_list,INV-004280
2026-08-15T23:59:59-04:00,SGW-UNSOLD-000216,GW-002,listed,INV-004281
2026-08-15T23:59:59-04:00,SGW-UNSOLD-000218,GW-015,ready_to_list,INV-004282
2026-08-15T23:59:59-04:00,SGW-UNSOLD-000221,GW-022,listed,INV-004283
2026-08-15T23:59:59-04:00,SGW-UNSOLD-000223,GW-009,ready_to_list,INV-004284
2026-08-15T23:59:59-04:00,SGW-UNSOLD-000225,GW-018,listed,INV-004285
2026-08-15T23:59:59-04:00,SGW-UNSOLD-000227,GW-001,received,INV-004286
2026-08-15T23:59:59-04:00,SGW-UNSOLD-000229,GW-011,awaiting_photography,INV-004287
2026-08-15T23:59:59-04:00,SGW-UNSOLD-000231,GW-020,listed,INV-004288
2026-08-15T23:59:59-04:00,SGW-UNSOLD-000232,GW-024,ready_to_list,INV-004289
2026-08-15T23:59:59-04:00,SGW-UNSOLD-000235,GW-013,ready_to_list,INV-004290
2026-08-15T23:59:59-04:00,SGW-UNSOLD-000237,GW-008,listed,INV-004291
2026-08-15T23:59:59-04:00,SGW-UNSOLD-000241,GW-001,ready_to_list,INV-004292
2026-08-15T23:59:59-04:00,SGW-UNSOLD-000242,GW-011,awaiting_inspection,INV-004293
2026-08-15T23:59:59-04:00,SGW-UNSOLD-000247,GW-011,listed,INV-004294
2026-08-15T23:59:59-04:00,SGW-UNSOLD-000248,GW-008,listed,INV-004295
2026-08-15T23:59:59-04:00,SGW-UNSOLD-000252,GW-023,awaiting_photography,INV-004296
2026-08-15T23:59:59-04:00,SGW-UNSOLD-000254,GW-008,ready_to_list,INV-004297
2026-08-15T23:59:59-04:00,SGW-UNSOLD-000256,GW-024,ready_to_list,INV-004298
2026-08-15T23:59:59-04:00,SGW-UNSOLD-000258,GW-018,received,INV-004299
2026-08-15T23:59:59-04:00,SGW-UNSOLD-000259,GW-015,ready_to_list,INV-004300
2026-08-15T23:59:59-04:00,SGW-UNSOLD-000260,GW-020,ready_to_list,INV-004301
2026-08-15T23:59:59-04:00,SGW-UNSOLD-000261,GW-001,awaiting_inspection,INV-004302
2026-08-15T23:59:59-04:00,SGW-UNSOLD-000265,GW-011,awaiting_photography,INV-004303
2026-08-15T23:59:59-04:00,SGW-UNSOLD-000266,GW-013,ready_to_list,INV-004304
2026-08-15T23:59:59-04:00,SGW-UNSOLD-000267,GW-012,ready_to_list,INV-004305
2026-08-15T23:59:59-04:00,SGW-UNSOLD-000268,GW-022,ready_to_list,INV-004306
2026-08-15T23:59:59-04:00,SGW-UNSOLD-000269,GW-005,ready_to_list,INV-004307
2026-08-15T23:59:59-04:00,SGW-UNSOLD-000270,GW-011,ready_to_list,INV-004308
2026-08-15T23:59:59-04:00,SGW-UNSOLD-000274,GW-008,ready_to_list,INV-004309
2026-08-15T23:59:59-04:00,SGW-UNSOLD-000276,GW-024,listed,INV-004310
2026-08-15T23:59:59-04:00,SGW-UNSOLD-000277,GW-002,listed,INV-004311
2026-08-15T23:59:59-04:00,SGW-UNSOLD-000279,GW-021,listed,INV-004312
2026-08-15T23:59:59-04:00,SGW-UNSOLD-000281,GW-010,listed,INV-004313
2026-08-15T23:59:59-04:00,SGW-UNSOLD-000282,GW-018,listed,INV-004314
2026-08-15T23:59:59-04:00,SGW-UNSOLD-000283,GW-002,awaiting_inspection,INV-004315
2026-08-15T23:59:59-04:00,SGW-UNSOLD-000288,GW-024,listed,INV-004316
2026-08-15T23:59:59-04:00,SGW-UNSOLD-000292,GW-017,ready_to_list,INV-004317
2026-08-15T23:59:59-04:00,SGW-UNSOLD-000295,GW-009,received,INV-004318
2026-08-15T23:59:59-04:00,SGW-UNSOLD-000296,GW-015,awaiting_photography,INV-004319
2026-08-15T23:59:59-04:00,SGW-UNSOLD-000297,GW-015,listed,INV-004320
2026-08-15T23:59:59-04:00,SGW-UNSOLD-000298,GW-020,ready_to_list,INV-004321
2026-08-15T23:59:59-04:00,SGW-UNSOLD-000304,GW-008,listed,INV-004322
2026-08-15T23:59:59-04:00,SGW-UNSOLD-000305,GW-016,listed,INV-004323
2026-08-15T23:59:59-04:00,SGW-UNSOLD-000306,GW-004,ready_to_list,INV-004324
2026-08-15T23:59:59-04:00,SGW-UNSOLD-000307,GW-001,received,INV-004325
2026-08-15T23:59:59-04:00,SGW-UNSOLD-000311,GW-012,ready_to_list,INV-004326
2026-08-15T23:59:59-04:00,SGW-UNSOLD-000312,GW-003,awaiting_inspection,INV-004327
2026-08-15T23:59:59-04:00,SGW-UNSOLD-000314,GW-004,listed,INV-004328
2026-08-15T23:59:59-04:00,SGW-UNSOLD-000319,GW-014,listed,INV-004329
2026-08-15T23:59:59-04:00,SGW-UNSOLD-000323,GW-018,awaiting_photography,INV-004330
2026-08-15T23:59:59-04:00,SGW-UNSOLD-000324,GW-018,ready_to_list,INV-004331
2026-08-15T23:59:59-04:00,SGW-UNSOLD-000325,GW-018,ready_to_list,INV-004332
2026-08-15T23:59:59-04:00,SGW-UNSOLD-000328,GW-024,awaiting_photography,INV-004333
2026-08-15T23:59:59-04:00,SGW-UNSOLD-000330,GW-016,ready_to_list,INV-004334
2026-08-15T23:59:59-04:00,SGW-UNSOLD-000335,GW-002,listed,INV-004335
2026-08-15T23:59:59-04:00,SGW-UNSOLD-000337,GW-024,listed,INV-004336
2026-08-15T23:59:59-04:00,SGW-UNSOLD-000341,GW-003,ready_to_list,INV-004337
2026-08-15T23:59:59-04:00,SGW-UNSOLD-000344,GW-016,ready_to_list,INV-004338
2026-08-15T23:59:59-04:00,SGW-UNSOLD-000348,GW-018,ready_to_list,INV-004339
2026-08-15T23:59:59-04:00,SGW-UNSOLD-000351,GW-007,listed,INV-004340
2026-08-15T23:59:59-04:00,SGW-UNSOLD-000353,GW-010,awaiting_photography,INV-004341
2026-08-15T23:59:59-04:00,SGW-UNSOLD-000354,GW-010,listed,INV-004342
2026-08-15T23:59:59-04:00,SGW-UNSOLD-000358,GW-001,listed,INV-004343
2026-08-15T23:59:59-04:00,SGW-UNSOLD-000359,GW-017,ready_to_list,INV-004344
2026-08-15T23:59:59-04:00,SGW-UNSOLD-000362,GW-016,ready_to_list,INV-004345
2026-08-15T23:59:59-04:00,SGW-UNSOLD-000364,GW-015,ready_to_list,INV-004346
2026-08-15T23:59:59-04:00,SGW-UNSOLD-000369,GW-023,awaiting_inspection,INV-004347
2026-08-15T23:59:59-04:00,SGW-UNSOLD-000371,GW-004,listed,INV-004348
2026-08-15T23:59:59-04:00,SGW-UNSOLD-000373,GW-018,received,INV-004349
2026-08-15T23:59:59-04:00,SGW-UNSOLD-000374,GW-004,listed,INV-004350
2026-08-15T23:59:59-04:00,SGW-UNSOLD-000378,GW-009,ready_to_list,INV-004351
2026-08-15T23:59:59-04:00,SGW-UNSOLD-000379,GW-006,listed,INV-004352
2026-08-15T23:59:59-04:00,SGW-UNSOLD-000383,GW-010,listed,INV-004353
2026-08-15T23:59:59-04:00,SGW-UNSOLD-000385,GW-009,awaiting_inspection,INV-004354
2026-08-15T23:59:59-04:00,SGW-UNSOLD-000387,GW-014,ready_to_list,INV-004355
2026-08-15T23:59:59-04:00,SGW-UNSOLD-000389,GW-013,listed,INV-004356
2026-08-15T23:59:59-04:00,SGW-UNSOLD-000390,GW-022,listed,INV-004357
2026-08-15T23:59:59-04:00,SGW-UNSOLD-000392,GW-012,listed,INV-004358
2026-08-15T23:59:59-04:00,SGW-UNSOLD-000393,GW-002,listed,INV-004359
2026-08-15T23:59:59-04:00,SGW-UNSOLD-000395,GW-004,listed,INV-004360
2026-08-15T23:59:59-04:00,SGW-UNSOLD-000396,GW-010,listed,INV-004361
2026-08-15T23:59:59-04:00,SGW-UNSOLD-000400,GW-014,awaiting_inspection,INV-004362
2026-08-15T23:59:59-04:00,SGW-UNSOLD-000401,GW-012,listed,INV-004363
2026-08-15T23:59:59-04:00,SGW-UNSOLD-000406,GW-014,ready_to_list,INV-004364
2026-08-15T23:59:59-04:00,SGW-UNSOLD-000408,GW-012,awaiting_photography,INV-004365
2026-08-15T23:59:59-04:00,SGW-UNSOLD-000410,GW-017,listed,INV-004366
2026-08-15T23:59:59-04:00,SGW-UNSOLD-000411,GW-018,listed,INV-004367
2026-08-15T23:59:59-04:00,SGW-UNSOLD-000412,GW-004,listed,INV-004368
2026-08-15T23:59:59-04:00,SGW-UNSOLD-000415,GW-024,awaiting_photography,INV-004369
2026-08-15T23:59:59-04:00,SGW-UNSOLD-000416,GW-009,awaiting_photography,INV-004370
2026-08-15T23:59:59-04:00,SGW-UNSOLD-000417,GW-014,awaiting_photography,INV-004371
2026-08-15T23:59:59-04:00,SGW-UNSOLD-000418,GW-001,awaiting_inspection,INV-004372
2026-08-15T23:59:59-04:00,SGW-UNSOLD-000420,GW-022,listed,INV-004373
2026-08-15T23:59:59-04:00,SGW-UNSOLD-000422,GW-012,awaiting_inspection,INV-004374
2026-08-15T23:59:59-04:00,SGW-UNSOLD-000424,GW-023,ready_to_list,INV-004375
2026-08-15T23:59:59-04:00,SGW-UNSOLD-000428,GW-008,received,INV-004376
2026-08-15T23:59:59-04:00,SGW-UNSOLD-000431,GW-001,ready_to_list,INV-004377
2026-08-15T23:59:59-04:00,SGW-UNSOLD-000433,GW-022,ready_to_list,INV-004378
2026-08-15T23:59:59-04:00,SGW-UNSOLD-000434,GW-012,ready_to_list,INV-004379
2026-08-15T23:59:59-04:00,SGW-UNSOLD-000437,GW-006,ready_to_list,INV-004380
2026-08-15T23:59:59-04:00,SGW-UNSOLD-000442,GW-023,ready_to_list,INV-004381
2026-08-15T23:59:59-04:00,SGW-UNSOLD-000443,GW-024,received,INV-004382
2026-08-15T23:59:59-04:00,SGW-UNSOLD-000445,GW-011,awaiting_inspection,INV-004383
2026-08-15T23:59:59-04:00,SGW-UNSOLD-000446,GW-021,ready_to_list,INV-004384
2026-08-15T23:59:59-04:00,SGW-UNSOLD-000447,GW-022,listed,INV-004385
2026-08-15T23:59:59-04:00,SGW-UNSOLD-000450,GW-012,listed,INV-004386
2026-08-15T23:59:59-04:00,SGW-UNSOLD-000453,GW-022,ready_to_list,INV-004387
2026-08-15T23:59:59-04:00,SGW-UNSOLD-000455,GW-017,ready_to_list,INV-004388
2026-08-15T23:59:59-04:00,SGW-UNSOLD-000457,GW-001,listed,INV-004389
2026-08-15T23:59:59-04:00,SGW-UNSOLD-000458,GW-023,listed,INV-004390
2026-08-15T23:59:59-04:00,SGW-UNSOLD-000459,GW-019,listed,INV-004391
2026-08-15T23:59:59-04:00,SGW-UNSOLD-000463,GW-017,ready_to_list,INV-004392
2026-08-15T23:59:59-04:00,SGW-UNSOLD-000465,GW-020,ready_to_list,INV-004393
2026-08-15T23:59:59-04:00,SGW-UNSOLD-000467,GW-007,listed,INV-004394
2026-08-15T23:59:59-04:00,SGW-UNSOLD-000468,GW-018,listed,INV-004395
2026-08-15T23:59:59-04:00,SGW-UNSOLD-000469,GW-023,listed,INV-004396
2026-08-15T23:59:59-04:00,SGW-UNSOLD-000470,GW-012,listed,INV-004397
2026-08-15T23:59:59-04:00,SGW-UNSOLD-000473,GW-024,awaiting_photography,INV-004398
2026-08-15T23:59:59-04:00,SGW-UNSOLD-000475,GW-016,listed,INV-004399
2026-08-15T23:59:59-04:00,SGW-UNSOLD-000478,GW-008,listed,INV-004400
2026-08-15T23:59:59-04:00,SGW-UNSOLD-000480,GW-024,ready_to_list,INV-004401
2026-08-15T23:59:59-04:00,SGW-UNSOLD-000481,GW-017,listed,INV-004402
2026-08-15T23:59:59-04:00,SGW-UNSOLD-000483,GW-009,ready_to_list,INV-004403
2026-08-15T23:59:59-04:00,SGW-UNSOLD-000484,GW-024,ready_to_list,INV-004404
2026-08-15T23:59:59-04:00,SGW-UNSOLD-000485,GW-007,listed,INV-004405
2026-08-15T23:59:59-04:00,SGW-UNSOLD-000486,GW-016,ready_to_list,INV-004406
2026-08-15T23:59:59-04:00,SGW-UNSOLD-000487,GW-022,listed,INV-004407
2026-08-15T23:59:59-04:00,SGW-UNSOLD-000488,GW-012,ready_to_list,INV-004408
2026-08-15T23:59:59-04:00,SGW-UNSOLD-000489,GW-020,received,INV-004409
2026-08-15T23:59:59-04:00,SGW-UNSOLD-000490,GW-010,ready_to_list,INV-004410
2026-08-15T23:59:59-04:00,SGW-UNSOLD-000491,GW-002,ready_to_list,INV-004411
2026-08-15T23:59:59-04:00,SGW-UNSOLD-000492,GW-011,received,INV-004412
2026-08-15T23:59:59-04:00,SGW-UNSOLD-000495,GW-005,ready_to_list,INV-004413
2026-08-15T23:59:59-04:00,SGW-UNSOLD-000499,GW-012,ready_to_list,INV-004414
2026-08-15T23:59:59-04:00,SGW-UNSOLD-000502,GW-017,ready_to_list,INV-004415
2026-08-15T23:59:59-04:00,SGW-UNSOLD-000503,GW-009,listed,INV-004416
2026-08-15T23:59:59-04:00,SGW-UNSOLD-000504,GW-011,ready_to_list,INV-004417
2026-08-15T23:59:59-04:00,SGW-UNSOLD-000505,GW-010,ready_to_list,INV-004418
2026-08-15T23:59:59-04:00,SGW-UNSOLD-000506,GW-012,listed,INV-004419
2026-08-15T23:59:59-04:00,SGW-UNSOLD-000507,GW-006,received,INV-004420
2026-08-15T23:59:59-04:00,SGW-UNSOLD-000511,GW-011,listed,INV-004421
2026-08-15T23:59:59-04:00,SGW-UNSOLD-000512,GW-004,ready_to_list,INV-004422
2026-08-15T23:59:59-04:00,SGW-UNSOLD-000513,GW-002,listed,INV-004423
2026-08-15T23:59:59-04:00,SGW-UNSOLD-000514,GW-015,awaiting_inspection,INV-004424
2026-08-15T23:59:59-04:00,SGW-UNSOLD-000515,GW-002,listed,INV-004425
2026-08-15T23:59:59-04:00,SGW-UNSOLD-000516,GW-012,awaiting_photography,INV-004426
2026-08-15T23:59:59-04:00,SGW-UNSOLD-000517,GW-020,listed,INV-004427
2026-08-15T23:59:59-04:00,SGW-UNSOLD-000518,GW-001,listed,INV-004428
2026-08-15T23:59:59-04:00,SGW-UNSOLD-000519,GW-009,listed,INV-004429
2026-08-15T23:59:59-04:00,SGW-UNSOLD-000520,GW-016,listed,INV-004430
2026-08-15T23:59:59-04:00,SGW-UNSOLD-000523,GW-007,awaiting_inspection,INV-004431
2026-08-15T23:59:59-04:00,SGW-UNSOLD-000526,GW-017,listed,INV-004432
2026-08-15T23:59:59-04:00,SGW-UNSOLD-000527,GW-016,received,INV-004433
2026-08-15T23:59:59-04:00,SGW-UNSOLD-000528,GW-022,awaiting_photography,INV-004434
2026-08-15T23:59:59-04:00,SGW-UNSOLD-000530,GW-016,listed,INV-004435
2026-08-15T23:59:59-04:00,SGW-UNSOLD-000531,GW-016,ready_to_list,INV-004436
2026-08-15T23:59:59-04:00,SGW-UNSOLD-000533,GW-004,ready_to_list,INV-004437
2026-08-15T23:59:59-04:00,SGW-UNSOLD-000537,GW-009,awaiting_inspection,INV-004438
2026-08-15T23:59:59-04:00,SGW-UNSOLD-000542,GW-022,ready_to_list,INV-004439
2026-08-15T23:59:59-04:00,SGW-UNSOLD-000544,GW-003,ready_to_list,INV-004440
2026-08-15T23:59:59-04:00,SGW-UNSOLD-000546,GW-018,ready_to_list,INV-004441
2026-08-15T23:59:59-04:00,SGW-UNSOLD-000551,GW-014,awaiting_photography,INV-004442
2026-08-15T23:59:59-04:00,SGW-UNSOLD-000553,GW-004,listed,INV-004443
2026-08-15T23:59:59-04:00,SGW-UNSOLD-000554,GW-017,ready_to_list,INV-004444
2026-08-15T23:59:59-04:00,SGW-UNSOLD-000557,GW-023,ready_to_list,INV-004445
2026-08-15T23:59:59-04:00,SGW-UNSOLD-000558,GW-004,listed,INV-004446
2026-08-15T23:59:59-04:00,SGW-UNSOLD-000560,GW-012,awaiting_inspection,INV-004447
2026-08-15T23:59:59-04:00,SGW-UNSOLD-000563,GW-017,received,INV-004448
2026-08-15T23:59:59-04:00,SGW-UNSOLD-000564,GW-001,received,INV-004449
2026-08-15T23:59:59-04:00,SGW-UNSOLD-000566,GW-004,listed,INV-004450
2026-08-15T23:59:59-04:00,SGW-UNSOLD-000567,GW-008,listed,INV-004451
2026-08-15T23:59:59-04:00,SGW-UNSOLD-000570,GW-003,awaiting_photography,INV-004452
2026-08-15T23:59:59-04:00,SGW-UNSOLD-000574,GW-020,listed,INV-004453
2026-08-15T23:59:59-04:00,SGW-UNSOLD-000576,GW-001,listed,INV-004454
2026-08-15T23:59:59-04:00,SGW-UNSOLD-000582,GW-020,listed,INV-004455
2026-08-15T23:59:59-04:00,SGW-UNSOLD-000583,GW-002,awaiting_photography,INV-004456
2026-08-15T23:59:59-04:00,SGW-UNSOLD-000586,GW-004,ready_to_list,INV-004457
2026-08-15T23:59:59-04:00,SGW-UNSOLD-000587,GW-016,listed,INV-004458
2026-08-15T23:59:59-04:00,SGW-UNSOLD-000588,GW-022,listed,INV-004459
2026-08-15T23:59:59-04:00,SGW-UNSOLD-000589,GW-003,listed,INV-004460
2026-08-15T23:59:59-04:00,SGW-UNSOLD-000591,GW-002,listed,INV-004461
2026-08-15T23:59:59-04:00,SGW-UNSOLD-000592,GW-005,listed,INV-004462
2026-08-15T23:59:59-04:00,SGW-UNSOLD-000598,GW-012,awaiting_photography,INV-004463
2026-08-15T23:59:59-04:00,SGW-UNSOLD-000601,GW-021,awaiting_photography,INV-004464
2026-08-15T23:59:59-04:00,SGW-UNSOLD-000602,GW-008,ready_to_list,INV-004465
2026-08-15T23:59:59-04:00,SGW-UNSOLD-000605,GW-001,awaiting_photography,INV-004466
2026-08-15T23:59:59-04:00,SGW-UNSOLD-000615,GW-020,awaiting_inspection,INV-004467
2026-08-15T23:59:59-04:00,SGW-UNSOLD-000617,GW-013,awaiting_photography,INV-004468
2026-08-15T23:59:59-04:00,SGW-UNSOLD-000618,GW-006,ready_to_list,INV-004469
2026-08-15T23:59:59-04:00,SGW-UNSOLD-000619,GW-004,ready_to_list,INV-004470
2026-08-15T23:59:59-04:00,SGW-UNSOLD-000622,GW-018,listed,INV-004471
2026-08-15T23:59:59-04:00,SGW-UNSOLD-000625,GW-005,awaiting_photography,INV-004472
2026-08-15T23:59:59-04:00,SGW-UNSOLD-000626,GW-022,awaiting_inspection,INV-004473
2026-08-15T23:59:59-04:00,SGW-UNSOLD-000627,GW-001,ready_to_list,INV-004474
2026-08-15T23:59:59-04:00,SGW-UNSOLD-000628,GW-003,received,INV-004475
2026-08-15T23:59:59-04:00,SGW-UNSOLD-000629,GW-024,ready_to_list,INV-004476
2026-08-15T23:59:59-04:00,SGW-UNSOLD-000630,GW-021,listed,INV-004477
2026-08-15T23:59:59-04:00,SGW-UNSOLD-000631,GW-018,ready_to_list,INV-004478
2026-08-15T23:59:59-04:00,SGW-UNSOLD-000632,GW-024,awaiting_photography,INV-004479
2026-08-15T23:59:59-04:00,SGW-UNSOLD-000633,GW-014,listed,INV-004480
2026-08-15T23:59:59-04:00,SGW-UNSOLD-000634,GW-021,listed,INV-004481
2026-08-15T23:59:59-04:00,SGW-UNSOLD-000635,GW-024,ready_to_list,INV-004482
2026-08-15T23:59:59-04:00,SGW-UNSOLD-000638,GW-014,awaiting_photography,INV-004483
2026-08-15T23:59:59-04:00,SGW-UNSOLD-000640,GW-004,ready_to_list,INV-004484
2026-08-15T23:59:59-04:00,SGW-UNSOLD-000641,GW-024,awaiting_photography,INV-004485
2026-08-15T23:59:59-04:00,SGW-UNSOLD-000642,GW-018,ready_to_list,INV-004486
2026-08-15T23:59:59-04:00,SGW-UNSOLD-000643,GW-006,listed,INV-004487
2026-08-15T23:59:59-04:00,SGW-UNSOLD-000644,GW-009,ready_to_list,INV-004488
2026-08-15T23:59:59-04:00,SGW-UNSOLD-000645,GW-001,ready_to_list,INV-004489
2026-08-15T23:59:59-04:00,SGW-UNSOLD-000646,GW-006,awaiting_inspection,INV-004490
2026-08-15T23:59:59-04:00,SGW-UNSOLD-000647,GW-016,awaiting_photography,INV-004491
2026-08-15T23:59:59-04:00,SGW-UNSOLD-000649,GW-011,listed,INV-004492
2026-08-15T23:59:59-04:00,SGW-UNSOLD-000652,GW-018,listed,INV-004493
2026-08-15T23:59:59-04:00,SGW-UNSOLD-000653,GW-001,ready_to_list,INV-004494
2026-08-15T23:59:59-04:00,SGW-UNSOLD-000655,GW-024,ready_to_list,INV-004495
2026-08-15T23:59:59-04:00,SGW-UNSOLD-000657,GW-012,listed,INV-004496
2026-08-15T23:59:59-04:00,SGW-UNSOLD-000658,GW-024,awaiting_photography,INV-004497
2026-08-15T23:59:59-04:00,SGW-UNSOLD-000659,GW-014,ready_to_list,INV-004498
2026-08-15T23:59:59-04:00,SGW-UNSOLD-000661,GW-015,received,INV-004499
2026-08-15T23:59:59-04:00,SGW-UNSOLD-000662,GW-010,ready_to_list,INV-004500
2026-08-15T23:59:59-04:00,SGW-UNSOLD-000665,GW-010,ready_to_list,INV-004501
2026-08-15T23:59:59-04:00,SGW-UNSOLD-000669,GW-022,listed,INV-004502
2026-08-15T23:59:59-04:00,SGW-UNSOLD-000670,GW-016,ready_to_list,INV-004503
2026-08-15T23:59:59-04:00,SGW-UNSOLD-000672,GW-001,listed,INV-004504
2026-08-15T23:59:59-04:00,SGW-UNSOLD-000673,GW-015,listed,INV-004505
2026-08-15T23:59:59-04:00,SGW-UNSOLD-000674,GW-008,awaiting_photography,INV-004506
2026-08-15T23:59:59-04:00,SGW-UNSOLD-000677,GW-008,listed,INV-004507
2026-08-15T23:59:59-04:00,SGW-UNSOLD-000679,GW-009,ready_to_list,INV-004508
2026-08-15T23:59:59-04:00,SGW-UNSOLD-000681,GW-004,listed,INV-004509
2026-08-15T23:59:59-04:00,SGW-UNSOLD-000682,GW-020,awaiting_photography,INV-004510
2026-08-15T23:59:59-04:00,SGW-UNSOLD-000688,GW-011,ready_to_list,INV-004511
2026-08-15T23:59:59-04:00,SGW-UNSOLD-000690,GW-024,listed,INV-004512
2026-08-15T23:59:59-04:00,SGW-UNSOLD-000693,GW-020,awaiting_inspection,INV-004513
2026-08-15T23:59:59-04:00,SGW-UNSOLD-000694,GW-017,ready_to_list,INV-004514
2026-08-15T23:59:59-04:00,SGW-UNSOLD-000695,GW-024,awaiting_photography,INV-004515
2026-08-15T23:59:59-04:00,SGW-UNSOLD-000698,GW-016,listed,INV-004516
2026-08-15T23:59:59-04:00,SGW-UNSOLD-000699,GW-008,received,INV-004517
2026-08-15T23:59:59-04:00,SGW-UNSOLD-000700,GW-007,listed,INV-004518
2026-08-15T23:59:59-04:00,SGW-UNSOLD-000701,GW-021,listed,INV-004519
2026-08-15T23:59:59-04:00,SGW-UNSOLD-000702,GW-004,listed,INV-004520
2026-08-15T23:59:59-04:00,SGW-UNSOLD-000704,GW-015,ready_to_list,INV-004521
2026-08-15T23:59:59-04:00,SGW-UNSOLD-000708,GW-001,awaiting_photography,INV-004522
2026-08-15T23:59:59-04:00,SGW-UNSOLD-000709,GW-017,ready_to_list,INV-004523
2026-08-15T23:59:59-04:00,SGW-UNSOLD-000712,GW-015,ready_to_list,INV-004524
2026-08-15T23:59:59-04:00,SGW-UNSOLD-000713,GW-009,listed,INV-004525
2026-08-15T23:59:59-04:00,SGW-UNSOLD-000714,GW-008,listed,INV-004526
2026-08-15T23:59:59-04:00,SGW-UNSOLD-000715,GW-022,ready_to_list,INV-004527
2026-08-15T23:59:59-04:00,SGW-UNSOLD-000716,GW-006,listed,INV-004528
2026-08-15T23:59:59-04:00,SGW-UNSOLD-000717,GW-016,awaiting_inspection,INV-004529
2026-08-15T23:59:59-04:00,SGW-UNSOLD-000719,GW-002,ready_to_list,INV-004530
2026-08-15T23:59:59-04:00,SGW-UNSOLD-000720,GW-015,received,INV-004531
2026-08-15T23:59:59-04:00,SGW-UNSOLD-000727,GW-014,ready_to_list,INV-004532
2026-08-15T23:59:59-04:00,SGW-UNSOLD-000728,GW-007,awaiting_photography,INV-004533
2026-08-15T23:59:59-04:00,SGW-UNSOLD-000729,GW-024,listed,INV-004534
2026-08-15T23:59:59-04:00,SGW-UNSOLD-000730,GW-012,listed,INV-004535
2026-08-15T23:59:59-04:00,SGW-UNSOLD-000733,GW-006,awaiting_photography,INV-004536
2026-08-15T23:59:59-04:00,SGW-UNSOLD-000734,GW-024,ready_to_list,INV-004537
2026-08-15T23:59:59-04:00,SGW-UNSOLD-000735,GW-004,listed,INV-004538
2026-08-15T23:59:59-04:00,SGW-UNSOLD-000739,GW-019,ready_to_list,INV-004539
2026-08-15T23:59:59-04:00,SGW-UNSOLD-000741,GW-005,listed,INV-004540
2026-08-15T23:59:59-04:00,SGW-UNSOLD-000743,GW-022,ready_to_list,INV-004541
2026-08-15T23:59:59-04:00,SGW-UNSOLD-000744,GW-008,awaiting_inspection,INV-004542
2026-08-15T23:59:59-04:00,SGW-UNSOLD-000745,GW-024,ready_to_list,INV-004543
2026-08-15T23:59:59-04:00,SGW-UNSOLD-000746,GW-018,received,INV-004544
2026-08-15T23:59:59-04:00,SGW-UNSOLD-000747,GW-001,listed,INV-004545
2026-08-15T23:59:59-04:00,SGW-UNSOLD-000748,GW-020,listed,INV-004546
2026-08-15T23:59:59-04:00,SGW-UNSOLD-000749,GW-012,ready_to_list,INV-004547
2026-08-15T23:59:59-04:00,SGW-UNSOLD-000753,GW-006,awaiting_inspection,INV-004548
2026-08-15T23:59:59-04:00,SGW-UNSOLD-000756,GW-005,listed,INV-004549
2026-08-15T23:59:59-04:00,SGW-UNSOLD-000757,GW-016,listed,INV-004550
2026-08-15T23:59:59-04:00,SGW-UNSOLD-000758,GW-004,ready_to_list,INV-004551
2026-08-15T23:59:59-04:00,SGW-UNSOLD-000764,GW-012,awaiting_inspection,INV-004552
2026-08-15T23:59:59-04:00,SGW-UNSOLD-000765,GW-018,listed,INV-004553
2026-08-15T23:59:59-04:00,SGW-UNSOLD-000767,GW-010,listed,INV-004554
2026-08-15T23:59:59-04:00,SGW-UNSOLD-000771,GW-012,ready_to_list,INV-004555
2026-08-15T23:59:59-04:00,SGW-UNSOLD-000772,GW-006,listed,INV-004556
2026-08-15T23:59:59-04:00,SGW-UNSOLD-000776,GW-022,listed,INV-004557
2026-08-15T23:59:59-04:00,SGW-UNSOLD-000779,GW-018,listed,INV-004558
2026-08-15T23:59:59-04:00,SGW-UNSOLD-000780,GW-004,awaiting_photography,INV-004559
2026-08-15T23:59:59-04:00,SGW-UNSOLD-000782,GW-008,received,INV-004560
2026-08-15T23:59:59-04:00,SGW-UNSOLD-000784,GW-022,awaiting_photography,INV-004561
2026-08-15T23:59:59-04:00,SGW-UNSOLD-000785,GW-023,listed,INV-004562
2026-08-15T23:59:59-04:00,SGW-UNSOLD-000786,GW-015,listed,INV-004563
2026-08-15T23:59:59-04:00,SGW-UNSOLD-000788,GW-023,ready_to_list,INV-004564
2026-08-15T23:59:59-04:00,SGW-UNSOLD-000793,GW-004,ready_to_list,INV-004565
2026-08-15T23:59:59-04:00,SGW-UNSOLD-000797,GW-004,ready_to_list,INV-004566
2026-08-15T23:59:59-04:00,SGW-UNSOLD-000798,GW-004,ready_to_list,INV-004567
2026-08-15T23:59:59-04:00,SGW-UNSOLD-000799,GW-004,listed,INV-004568
2026-08-15T23:59:59-04:00,SGW-UNSOLD-000800,GW-013,listed,INV-004569
2026-08-15T23:59:59-04:00,SGW-UNSOLD-000801,GW-006,ready_to_list,INV-004570
2026-08-15T23:59:59-04:00,SGW-UNSOLD-000804,GW-004,listed,INV-004571
2026-08-15T23:59:59-04:00,SGW-UNSOLD-000808,GW-004,listed,INV-004572
2026-08-15T23:59:59-04:00,SGW-UNSOLD-000810,GW-013,awaiting_photography,INV-004573
2026-08-15T23:59:59-04:00,SGW-UNSOLD-000811,GW-004,ready_to_list,INV-004574
2026-08-15T23:59:59-04:00,SGW-UNSOLD-000812,GW-005,ready_to_list,INV-004575
2026-08-15T23:59:59-04:00,SGW-UNSOLD-000813,GW-019,listed,INV-004576
2026-08-15T23:59:59-04:00,SGW-UNSOLD-000816,GW-008,awaiting_inspection,INV-004577
2026-08-15T23:59:59-04:00,SGW-UNSOLD-000817,GW-011,listed,INV-004578
2026-08-15T23:59:59-04:00,SGW-UNSOLD-000818,GW-016,ready_to_list,INV-004579
2026-08-15T23:59:59-04:00,SGW-UNSOLD-000819,GW-022,ready_to_list,INV-004580
2026-08-15T23:59:59-04:00,SGW-UNSOLD-000820,GW-010,listed,INV-004581
2026-08-15T23:59:59-04:00,SGW-UNSOLD-000823,GW-013,listed,INV-004582
2026-08-15T23:59:59-04:00,SGW-UNSOLD-000825,GW-011,ready_to_list,INV-004583
2026-08-15T23:59:59-04:00,SGW-UNSOLD-000826,GW-009,listed,INV-004584
2026-08-15T23:59:59-04:00,SGW-UNSOLD-000827,GW-017,ready_to_list,INV-004585
2026-08-15T23:59:59-04:00,SGW-UNSOLD-000828,GW-022,listed,INV-004586
2026-08-15T23:59:59-04:00,SGW-UNSOLD-000830,GW-014,listed,INV-004587
2026-08-15T23:59:59-04:00,SGW-UNSOLD-000833,GW-018,ready_to_list,INV-004588
2026-08-15T23:59:59-04:00,SGW-UNSOLD-000834,GW-024,awaiting_inspection,INV-004589
2026-08-15T23:59:59-04:00,SGW-UNSOLD-000835,GW-016,awaiting_photography,INV-004590
2026-08-15T23:59:59-04:00,SGW-UNSOLD-000836,GW-014,listed,INV-004591
2026-08-15T23:59:59-04:00,SGW-UNSOLD-000840,GW-014,awaiting_inspection,INV-004592
2026-08-15T23:59:59-04:00,SGW-UNSOLD-000842,GW-009,listed,INV-004593
2026-08-15T23:59:59-04:00,SGW-UNSOLD-000844,GW-021,awaiting_photography,INV-004594
2026-08-15T23:59:59-04:00,SGW-UNSOLD-000845,GW-007,awaiting_inspection,INV-004595
2026-08-15T23:59:59-04:00,SGW-UNSOLD-000848,GW-011,ready_to_list,INV-004596
2026-08-15T23:59:59-04:00,SGW-UNSOLD-000851,GW-013,listed,INV-004597
2026-08-15T23:59:59-04:00,SGW-UNSOLD-000852,GW-017,ready_to_list,INV-004598
2026-08-15T23:59:59-04:00,SGW-UNSOLD-000853,GW-014,ready_to_list,INV-004599
2026-08-15T23:59:59-04:00,SGW-UNSOLD-000854,GW-006,ready_to_list,INV-004600
2026-08-15T23:59:59-04:00,SGW-UNSOLD-000857,GW-023,ready_to_list,INV-004601
2026-08-15T23:59:59-04:00,SGW-UNSOLD-000860,GW-008,listed,INV-004602
2026-08-15T23:59:59-04:00,SGW-UNSOLD-000861,GW-016,listed,INV-004603
2026-08-15T23:59:59-04:00,SGW-UNSOLD-000862,GW-024,ready_to_list,INV-004604
2026-08-15T23:59:59-04:00,SGW-UNSOLD-000865,GW-001,ready_to_list,INV-004605
2026-08-15T23:59:59-04:00,SGW-UNSOLD-000867,GW-012,listed,INV-004606
2026-08-15T23:59:59-04:00,SGW-UNSOLD-000868,GW-001,awaiting_photography,INV-004607
2026-08-15T23:59:59-04:00,SGW-UNSOLD-000871,GW-002,ready_to_list,INV-004608
2026-08-15T23:59:59-04:00,SGW-UNSOLD-000872,GW-015,ready_to_list,INV-004609
2026-08-15T23:59:59-04:00,SGW-UNSOLD-000873,GW-023,ready_to_list,INV-004610
2026-08-15T23:59:59-04:00,SGW-UNSOLD-000874,GW-014,ready_to_list,INV-004611
2026-08-15T23:59:59-04:00,SGW-UNSOLD-000877,GW-015,listed,INV-004612
2026-08-15T23:59:59-04:00,SGW-UNSOLD-000881,GW-018,ready_to_list,INV-004613
2026-08-15T23:59:59-04:00,SGW-UNSOLD-000883,GW-008,awaiting_inspection,INV-004614
2026-08-15T23:59:59-04:00,SGW-UNSOLD-000884,GW-009,listed,INV-004615
2026-08-15T23:59:59-04:00,SGW-UNSOLD-000885,GW-016,ready_to_list,INV-004616
2026-08-15T23:59:59-04:00,SGW-UNSOLD-000886,GW-009,ready_to_list,INV-004617
2026-08-15T23:59:59-04:00,SGW-UNSOLD-000887,GW-008,ready_to_list,INV-004618
2026-08-15T23:59:59-04:00,SGW-UNSOLD-000888,GW-011,awaiting_inspection,INV-004619
2026-08-15T23:59:59-04:00,SGW-UNSOLD-000889,GW-006,ready_to_list,INV-004620
2026-08-15T23:59:59-04:00,SGW-UNSOLD-000890,GW-007,awaiting_inspection,INV-004621
2026-08-15T23:59:59-04:00,SGW-UNSOLD-000891,GW-001,listed,INV-004622
2026-08-15T23:59:59-04:00,SGW-UNSOLD-000893,GW-005,ready_to_list,INV-004623
2026-08-15T23:59:59-04:00,SGW-UNSOLD-000895,GW-019,ready_to_list,INV-004624
2026-08-15T23:59:59-04:00,SGW-UNSOLD-000898,GW-009,ready_to_list,INV-004625
2026-08-15T23:59:59-04:00,SGW-UNSOLD-000899,GW-018,ready_to_list,INV-004626
2026-08-15T23:59:59-04:00,SGW-UNSOLD-000900,GW-008,listed,INV-004627
2026-08-15T23:59:59-04:00,SGW-UNSOLD-000901,GW-009,ready_to_list,INV-004628
2026-08-15T23:59:59-04:00,SGW-UNSOLD-000905,GW-008,listed,INV-004629
2026-08-15T23:59:59-04:00,SGW-UNSOLD-000906,GW-024,awaiting_photography,INV-004630
2026-08-15T23:59:59-04:00,SGW-UNSOLD-000907,GW-012,listed,INV-004631
2026-08-15T23:59:59-04:00,SGW-UNSOLD-000908,GW-024,ready_to_list,INV-004632
2026-08-15T23:59:59-04:00,SGW-UNSOLD-000912,GW-018,ready_to_list,INV-004633
2026-08-15T23:59:59-04:00,SGW-UNSOLD-000913,GW-001,awaiting_inspection,INV-004634
2026-08-15T23:59:59-04:00,SGW-UNSOLD-000916,GW-002,listed,INV-004635
2026-08-15T23:59:59-04:00,SGW-UNSOLD-000918,GW-003,ready_to_list,INV-004636
2026-08-15T23:59:59-04:00,SGW-UNSOLD-000920,GW-004,awaiting_inspection,INV-004637
2026-08-15T23:59:59-04:00,SGW-UNSOLD-000925,GW-024,ready_to_list,INV-004638
2026-08-15T23:59:59-04:00,SGW-UNSOLD-000930,GW-020,ready_to_list,INV-004639
2026-08-15T23:59:59-04:00,SGW-UNSOLD-000933,GW-001,ready_to_list,INV-004640
2026-08-15T23:59:59-04:00,SGW-UNSOLD-000935,GW-012,ready_to_list,INV-004641
2026-08-15T23:59:59-04:00,SGW-UNSOLD-000937,GW-004,ready_to_list,INV-004642
2026-08-15T23:59:59-04:00,SGW-UNSOLD-000939,GW-011,listed,INV-004643
2026-08-15T23:59:59-04:00,SGW-UNSOLD-000941,GW-023,listed,INV-004644
2026-08-15T23:59:59-04:00,SGW-UNSOLD-000943,GW-009,ready_to_list,INV-004645
2026-08-15T23:59:59-04:00,SGW-UNSOLD-000945,GW-024,listed,INV-004646
2026-08-15T23:59:59-04:00,SGW-UNSOLD-000946,GW-006,awaiting_photography,INV-004647
2026-08-15T23:59:59-04:00,SGW-UNSOLD-000947,GW-011,awaiting_inspection,INV-004648
2026-08-15T23:59:59-04:00,SGW-UNSOLD-000949,GW-024,ready_to_list,INV-004649
2026-08-15T23:59:59-04:00,SGW-UNSOLD-000950,GW-008,ready_to_list,INV-004650
2026-08-15T23:59:59-04:00,SGW-UNSOLD-000952,GW-004,listed,INV-004651
2026-08-15T23:59:59-04:00,SGW-UNSOLD-000953,GW-010,ready_to_list,INV-004652
2026-08-15T23:59:59-04:00,SGW-UNSOLD-000954,GW-024,ready_to_list,INV-004653
2026-08-15T23:59:59-04:00,SGW-UNSOLD-000957,GW-008,ready_to_list,INV-004654
2026-08-15T23:59:59-04:00,SGW-UNSOLD-000959,GW-012,listed,INV-004655
2026-08-15T23:59:59-04:00,SGW-UNSOLD-000961,GW-018,ready_to_list,INV-004656
2026-08-15T23:59:59-04:00,SGW-UNSOLD-000962,GW-016,awaiting_photography,INV-004657
2026-08-15T23:59:59-04:00,SGW-UNSOLD-000965,GW-008,listed,INV-004658
2026-08-15T23:59:59-04:00,SGW-UNSOLD-000967,GW-001,ready_to_list,INV-004659
2026-08-15T23:59:59-04:00,SGW-UNSOLD-000969,GW-017,ready_to_list,INV-004660
2026-08-15T23:59:59-04:00,SGW-UNSOLD-000970,GW-024,ready_to_list,INV-004661
2026-08-15T23:59:59-04:00,SGW-UNSOLD-000972,GW-012,listed,INV-004662
2026-08-15T23:59:59-04:00,SGW-UNSOLD-000975,GW-006,ready_to_list,INV-004663
2026-08-15T23:59:59-04:00,SGW-UNSOLD-000983,GW-004,listed,INV-004664
2026-08-15T23:59:59-04:00,SGW-UNSOLD-000985,GW-014,listed,INV-004665
2026-08-15T23:59:59-04:00,SGW-UNSOLD-000986,GW-017,listed,INV-004666
2026-08-15T23:59:59-04:00,SGW-UNSOLD-000988,GW-018,ready_to_list,INV-004667
2026-08-15T23:59:59-04:00,SGW-UNSOLD-000989,GW-002,listed,INV-004668
2026-08-15T23:59:59-04:00,SGW-UNSOLD-000990,GW-024,received,INV-004669
2026-08-15T23:59:59-04:00,SGW-UNSOLD-000992,GW-016,ready_to_list,INV-004670
2026-08-15T23:59:59-04:00,SGW-UNSOLD-000993,GW-017,ready_to_list,INV-004671
2026-08-15T23:59:59-04:00,SGW-UNSOLD-000994,GW-021,ready_to_list,INV-004672
2026-08-15T23:59:59-04:00,SGW-UNSOLD-000997,GW-004,ready_to_list,INV-004673
2026-08-15T23:59:59-04:00,SGW-UNSOLD-000999,GW-020,ready_to_list,INV-004674
2026-08-15T23:59:59-04:00,SGW-UNSOLD-001000,GW-020,ready_to_list,INV-004675
2026-08-15T23:59:59-04:00,SGW-UNSOLD-001008,GW-009,ready_to_list,INV-004676
2026-08-15T23:59:59-04:00,SGW-UNSOLD-001009,GW-015,awaiting_photography,INV-004677
2026-08-15T23:59:59-04:00,SGW-UNSOLD-001012,GW-007,listed,INV-004678
2026-08-15T23:59:59-04:00,SGW-UNSOLD-001013,GW-006,awaiting_inspection,INV-004679
2026-08-15T23:59:59-04:00,SGW-UNSOLD-001015,GW-019,ready_to_list,INV-004680
2026-08-15T23:59:59-04:00,SGW-UNSOLD-001017,GW-006,awaiting_inspection,INV-004681
2026-08-15T23:59:59-04:00,SGW-UNSOLD-001018,GW-006,awaiting_photography,INV-004682
2026-08-15T23:59:59-04:00,SGW-UNSOLD-001021,GW-003,ready_to_list,INV-004683
2026-08-15T23:59:59-04:00,SGW-UNSOLD-001024,GW-016,listed,INV-004684
2026-08-15T23:59:59-04:00,SGW-UNSOLD-001027,GW-024,listed,INV-004685
2026-08-15T23:59:59-04:00,SGW-UNSOLD-001030,GW-006,ready_to_list,INV-004686
2026-08-15T23:59:59-04:00,SGW-UNSOLD-001033,GW-017,listed,INV-004687
2026-08-15T23:59:59-04:00,SGW-UNSOLD-001037,GW-018,ready_to_list,INV-004688
2026-08-15T23:59:59-04:00,SGW-UNSOLD-001038,GW-002,listed,INV-004689
2026-08-15T23:59:59-04:00,SGW-UNSOLD-001039,GW-001,listed,INV-004690
2026-08-15T23:59:59-04:00,SGW-UNSOLD-001041,GW-001,listed,INV-004691
2026-08-15T23:59:59-04:00,SGW-UNSOLD-001042,GW-018,ready_to_list,INV-004692
2026-08-15T23:59:59-04:00,SGW-UNSOLD-001045,GW-004,awaiting_photography,INV-004693
2026-08-15T23:59:59-04:00,SGW-UNSOLD-001046,GW-011,ready_to_list,INV-004694
2026-08-15T23:59:59-04:00,SGW-UNSOLD-001047,GW-017,ready_to_list,INV-004695
2026-08-15T23:59:59-04:00,SGW-UNSOLD-001049,GW-002,ready_to_list,INV-004696
2026-08-15T23:59:59-04:00,SGW-UNSOLD-001051,GW-005,listed,INV-004697
2026-08-15T23:59:59-04:00,SGW-UNSOLD-001052,GW-002,ready_to_list,INV-004698
2026-08-15T23:59:59-04:00,SGW-UNSOLD-001056,GW-020,ready_to_list,INV-004699
2026-08-15T23:59:59-04:00,SGW-UNSOLD-001058,GW-012,awaiting_photography,INV-004700
2026-08-15T23:59:59-04:00,SGW-UNSOLD-001061,GW-008,ready_to_list,INV-004701
2026-08-15T23:59:59-04:00,SGW-UNSOLD-001062,GW-012,ready_to_list,INV-004702
2026-08-15T23:59:59-04:00,SGW-UNSOLD-001066,GW-004,listed,INV-004703
2026-08-15T23:59:59-04:00,SGW-UNSOLD-001070,GW-020,ready_to_list,INV-004704
2026-08-15T23:59:59-04:00,SGW-UNSOLD-001071,GW-011,listed,INV-004705
2026-08-15T23:59:59-04:00,SGW-UNSOLD-001072,GW-010,listed,INV-004706
2026-08-15T23:59:59-04:00,SGW-UNSOLD-001073,GW-020,awaiting_photography,INV-004707
2026-08-15T23:59:59-04:00,SGW-UNSOLD-001074,GW-009,listed,INV-004708
2026-08-15T23:59:59-04:00,SGW-UNSOLD-001075,GW-007,awaiting_photography,INV-004709
2026-08-15T23:59:59-04:00,SGW-UNSOLD-001077,GW-017,ready_to_list,INV-004710
2026-08-15T23:59:59-04:00,SGW-UNSOLD-001078,GW-002,ready_to_list,INV-004711
2026-08-15T23:59:59-04:00,SGW-UNSOLD-001079,GW-002,ready_to_list,INV-004712
2026-08-15T23:59:59-04:00,SGW-UNSOLD-001080,GW-024,awaiting_inspection,INV-004713
2026-08-15T23:59:59-04:00,SGW-UNSOLD-001081,GW-001,ready_to_list,INV-004714
2026-08-15T23:59:59-04:00,SGW-UNSOLD-001082,GW-002,ready_to_list,INV-004715
2026-08-15T23:59:59-04:00,SGW-UNSOLD-001083,GW-004,ready_to_list,INV-004716
2026-08-15T23:59:59-04:00,SGW-UNSOLD-001084,GW-018,ready_to_list,INV-004717
2026-08-15T23:59:59-04:00,SGW-UNSOLD-001085,GW-004,listed,INV-004718
2026-08-15T23:59:59-04:00,SGW-UNSOLD-001089,GW-009,received,INV-004719
2026-08-15T23:59:59-04:00,SGW-UNSOLD-001090,GW-022,ready_to_list,INV-004720
2026-08-15T23:59:59-04:00,SGW-UNSOLD-001092,GW-001,awaiting_inspection,INV-004721
2026-08-15T23:59:59-04:00,SGW-UNSOLD-001093,GW-018,ready_to_list,INV-004722
2026-08-15T23:59:59-04:00,SGW-UNSOLD-001095,GW-008,awaiting_inspection,INV-004723
2026-08-15T23:59:59-04:00,SGW-UNSOLD-001096,GW-011,ready_to_list,INV-004724
2026-08-15T23:59:59-04:00,SGW-UNSOLD-001098,GW-016,ready_to_list,INV-004725
2026-08-15T23:59:59-04:00,SGW-UNSOLD-001100,GW-008,awaiting_photography,INV-004726
2026-08-15T23:59:59-04:00,SGW-UNSOLD-001101,GW-004,listed,INV-004727
2026-08-15T23:59:59-04:00,SGW-UNSOLD-001103,GW-013,ready_to_list,INV-004728
2026-08-15T23:59:59-04:00,SGW-UNSOLD-001105,GW-001,listed,INV-004729
2026-08-15T23:59:59-04:00,SGW-UNSOLD-001106,GW-005,listed,INV-004730
2026-08-15T23:59:59-04:00,SGW-UNSOLD-001109,GW-024,listed,INV-004731
2026-08-15T23:59:59-04:00,SGW-UNSOLD-001110,GW-011,ready_to_list,INV-004732
2026-08-15T23:59:59-04:00,SGW-UNSOLD-001111,GW-010,ready_to_list,INV-004733
2026-08-15T23:59:59-04:00,SGW-UNSOLD-001118,GW-014,ready_to_list,INV-004734
2026-08-15T23:59:59-04:00,SGW-UNSOLD-001119,GW-009,ready_to_list,INV-004735
2026-08-15T23:59:59-04:00,SGW-UNSOLD-001121,GW-007,ready_to_list,INV-004736
2026-08-15T23:59:59-04:00,SGW-UNSOLD-001123,GW-016,listed,INV-004737
2026-08-15T23:59:59-04:00,SGW-UNSOLD-001124,GW-024,listed,INV-004738
2026-08-15T23:59:59-04:00,SGW-UNSOLD-001134,GW-009,awaiting_inspection,INV-004739
2026-08-15T23:59:59-04:00,SGW-UNSOLD-001135,GW-021,ready_to_list,INV-004740
2026-08-15T23:59:59-04:00,SGW-UNSOLD-001137,GW-001,listed,INV-004741
2026-08-15T23:59:59-04:00,SGW-UNSOLD-001138,GW-023,awaiting_photography,INV-004742
2026-08-15T23:59:59-04:00,SGW-UNSOLD-001140,GW-007,received,INV-004743
2026-08-15T23:59:59-04:00,SGW-UNSOLD-001141,GW-011,listed,INV-004744
2026-08-15T23:59:59-04:00,SGW-UNSOLD-001142,GW-008,ready_to_list,INV-004745
2026-08-15T23:59:59-04:00,SGW-UNSOLD-001144,GW-002,awaiting_inspection,INV-004746
2026-08-15T23:59:59-04:00,SGW-UNSOLD-001146,GW-018,listed,INV-004747
2026-08-15T23:59:59-04:00,SGW-UNSOLD-001149,GW-001,ready_to_list,INV-004748
2026-08-15T23:59:59-04:00,SGW-UNSOLD-001151,GW-008,listed,INV-004749
2026-08-15T23:59:59-04:00,SGW-UNSOLD-001152,GW-020,awaiting_photography,INV-004750
2026-08-15T23:59:59-04:00,SGW-UNSOLD-001154,GW-017,listed,INV-004751
2026-08-15T23:59:59-04:00,SGW-UNSOLD-001163,GW-017,awaiting_inspection,INV-004752
2026-08-15T23:59:59-04:00,SGW-UNSOLD-001165,GW-007,ready_to_list,INV-004753
2026-08-15T23:59:59-04:00,SGW-UNSOLD-001166,GW-009,awaiting_inspection,INV-004754
2026-08-15T23:59:59-04:00,SGW-UNSOLD-001167,GW-024,ready_to_list,INV-004755
2026-08-15T23:59:59-04:00,SGW-UNSOLD-001169,GW-012,listed,INV-004756
2026-08-15T23:59:59-04:00,SGW-UNSOLD-001170,GW-004,awaiting_photography,INV-004757
2026-08-15T23:59:59-04:00,SGW-UNSOLD-001175,GW-018,listed,INV-004758
2026-08-15T23:59:59-04:00,SGW-UNSOLD-001178,GW-022,listed,INV-004759
2026-08-15T23:59:59-04:00,SGW-UNSOLD-001179,GW-021,ready_to_list,INV-004760
2026-08-15T23:59:59-04:00,SGW-UNSOLD-001180,GW-015,listed,INV-004761
2026-08-15T23:59:59-04:00,SGW-UNSOLD-001181,GW-009,received,INV-004762
2026-08-15T23:59:59-04:00,SGW-UNSOLD-001183,GW-016,ready_to_list,INV-004763
2026-08-15T23:59:59-04:00,SGW-UNSOLD-001184,GW-011,received,INV-004764
2026-08-15T23:59:59-04:00,SGW-UNSOLD-001185,GW-012,ready_to_list,INV-004765
2026-08-15T23:59:59-04:00,SGW-UNSOLD-001187,GW-024,listed,INV-004766
2026-08-15T23:59:59-04:00,SGW-UNSOLD-001189,GW-016,listed,INV-004767
2026-08-15T23:59:59-04:00,SGW-UNSOLD-001192,GW-017,listed,INV-004768
2026-08-15T23:59:59-04:00,SGW-UNSOLD-001193,GW-011,awaiting_inspection,INV-004769
2026-08-15T23:59:59-04:00,SGW-UNSOLD-001194,GW-019,listed,INV-004770
2026-08-15T23:59:59-04:00,SGW-UNSOLD-001195,GW-009,ready_to_list,INV-004771
2026-08-15T23:59:59-04:00,SGW-UNSOLD-001196,GW-011,received,INV-004772
2026-08-15T23:59:59-04:00,SGW-UNSOLD-001199,GW-016,listed,INV-004773
2026-08-31T23:59:59-04:00,EB-ITM-000016,GW-017,awaiting_inspection,INV-004774
2026-08-31T23:59:59-04:00,EB-ITM-000134,GW-022,awaiting_inspection,INV-004775
2026-08-31T23:59:59-04:00,EB-ITM-000142,GW-001,ready_to_list,INV-004776
2026-08-31T23:59:59-04:00,EB-ITM-000268,GW-004,ready_to_list,INV-004777
2026-08-31T23:59:59-04:00,EB-ITM-000295,GW-018,ready_to_list,INV-004778
2026-08-31T23:59:59-04:00,EB-ITM-000357,GW-001,ready_to_list,INV-004779
2026-08-31T23:59:59-04:00,EB-ITM-000438,GW-009,awaiting_inspection,INV-004780
2026-08-31T23:59:59-04:00,EB-ITM-000460,GW-011,ready_to_list,INV-004781
2026-08-31T23:59:59-04:00,EB-ITM-000462,GW-013,ready_to_list,INV-004782
2026-08-31T23:59:59-04:00,EB-ITM-000534,GW-006,awaiting_inspection,INV-004783
2026-08-31T23:59:59-04:00,EB-ITM-000536,GW-020,ready_to_list,INV-004784
2026-08-31T23:59:59-04:00,EB-ITM-000564,GW-018,awaiting_inspection,INV-004785
2026-08-31T23:59:59-04:00,EB-ITM-000631,GW-013,ready_to_list,INV-004786
2026-08-31T23:59:59-04:00,EB-ITM-000646,GW-004,ready_to_list,INV-004787
2026-08-31T23:59:59-04:00,EB-ITM-000711,GW-001,ready_to_list,INV-004788
2026-08-31T23:59:59-04:00,EB-ITM-000780,GW-007,ready_to_list,INV-004789
2026-08-31T23:59:59-04:00,EB-ITM-000813,GW-016,ready_to_list,INV-004790
2026-08-31T23:59:59-04:00,EB-ITM-000856,GW-004,ready_to_list,INV-004791
2026-08-31T23:59:59-04:00,EB-UNSOLD-000005,GW-001,listed,INV-004792
2026-08-31T23:59:59-04:00,EB-UNSOLD-000006,GW-012,awaiting_photography,INV-004793
2026-08-31T23:59:59-04:00,EB-UNSOLD-000015,GW-004,listed,INV-004794
2026-08-31T23:59:59-04:00,EB-UNSOLD-000018,GW-017,awaiting_photography,INV-004795
2026-08-31T23:59:59-04:00,EB-UNSOLD-000019,GW-004,received,INV-004796
2026-08-31T23:59:59-04:00,EB-UNSOLD-000021,GW-020,ready_to_list,INV-004797
2026-08-31T23:59:59-04:00,EB-UNSOLD-000022,GW-015,listed,INV-004798
2026-08-31T23:59:59-04:00,EB-UNSOLD-000023,GW-008,ready_to_list,INV-004799
2026-08-31T23:59:59-04:00,EB-UNSOLD-000031,GW-018,listed,INV-004800
2026-08-31T23:59:59-04:00,EB-UNSOLD-000040,GW-017,listed,INV-004801
2026-08-31T23:59:59-04:00,EB-UNSOLD-000043,GW-017,listed,INV-004802
2026-08-31T23:59:59-04:00,EB-UNSOLD-000046,GW-013,listed,INV-004803
2026-08-31T23:59:59-04:00,EB-UNSOLD-000049,GW-001,listed,INV-004804
2026-08-31T23:59:59-04:00,EB-UNSOLD-000050,GW-022,awaiting_photography,INV-004805
2026-08-31T23:59:59-04:00,EB-UNSOLD-000051,GW-007,ready_to_list,INV-004806
2026-08-31T23:59:59-04:00,EB-UNSOLD-000053,GW-012,awaiting_photography,INV-004807
2026-08-31T23:59:59-04:00,EB-UNSOLD-000066,GW-016,listed,INV-004808
2026-08-31T23:59:59-04:00,EB-UNSOLD-000070,GW-013,listed,INV-004809
2026-08-31T23:59:59-04:00,EB-UNSOLD-000072,GW-008,awaiting_inspection,INV-004810
2026-08-31T23:59:59-04:00,EB-UNSOLD-000076,GW-006,received,INV-004811
2026-08-31T23:59:59-04:00,EB-UNSOLD-000077,GW-003,ready_to_list,INV-004812
2026-08-31T23:59:59-04:00,EB-UNSOLD-000078,GW-012,listed,INV-004813
2026-08-31T23:59:59-04:00,EB-UNSOLD-000081,GW-004,awaiting_photography,INV-004814
2026-08-31T23:59:59-04:00,EB-UNSOLD-000090,GW-002,ready_to_list,INV-004815
2026-08-31T23:59:59-04:00,EB-UNSOLD-000093,GW-017,ready_to_list,INV-004816
2026-08-31T23:59:59-04:00,EB-UNSOLD-000102,GW-010,listed,INV-004817
2026-08-31T23:59:59-04:00,EB-UNSOLD-000103,GW-016,ready_to_list,INV-004818
2026-08-31T23:59:59-04:00,EB-UNSOLD-000107,GW-003,ready_to_list,INV-004819
2026-08-31T23:59:59-04:00,EB-UNSOLD-000114,GW-006,received,INV-004820
2026-08-31T23:59:59-04:00,EB-UNSOLD-000117,GW-020,listed,INV-004821
2026-08-31T23:59:59-04:00,EB-UNSOLD-000118,GW-004,listed,INV-004822
2026-08-31T23:59:59-04:00,EB-UNSOLD-000120,GW-006,listed,INV-004823
2026-08-31T23:59:59-04:00,EB-UNSOLD-000121,GW-022,listed,INV-004824
2026-08-31T23:59:59-04:00,EB-UNSOLD-000123,GW-021,ready_to_list,INV-004825
2026-08-31T23:59:59-04:00,EB-UNSOLD-000126,GW-009,received,INV-004826
2026-08-31T23:59:59-04:00,EB-UNSOLD-000127,GW-014,ready_to_list,INV-004827
2026-08-31T23:59:59-04:00,EB-UNSOLD-000128,GW-004,ready_to_list,INV-004828
2026-08-31T23:59:59-04:00,EB-UNSOLD-000134,GW-022,listed,INV-004829
2026-08-31T23:59:59-04:00,EB-UNSOLD-000139,GW-010,received,INV-004830
2026-08-31T23:59:59-04:00,EB-UNSOLD-000144,GW-024,ready_to_list,INV-004831
2026-08-31T23:59:59-04:00,EB-UNSOLD-000156,GW-006,listed,INV-004832
2026-08-31T23:59:59-04:00,EB-UNSOLD-000157,GW-009,ready_to_list,INV-004833
2026-08-31T23:59:59-04:00,EB-UNSOLD-000164,GW-008,ready_to_list,INV-004834
2026-08-31T23:59:59-04:00,EB-UNSOLD-000171,GW-001,listed,INV-004835
2026-08-31T23:59:59-04:00,EB-UNSOLD-000173,GW-008,ready_to_list,INV-004836
2026-08-31T23:59:59-04:00,EB-UNSOLD-000177,GW-016,listed,INV-004837
2026-08-31T23:59:59-04:00,EB-UNSOLD-000178,GW-017,listed,INV-004838
2026-08-31T23:59:59-04:00,EB-UNSOLD-000179,GW-001,ready_to_list,INV-004839
2026-08-31T23:59:59-04:00,EB-UNSOLD-000182,GW-006,awaiting_inspection,INV-004840
2026-08-31T23:59:59-04:00,EB-UNSOLD-000184,GW-001,listed,INV-004841
2026-08-31T23:59:59-04:00,EB-UNSOLD-000186,GW-002,ready_to_list,INV-004842
2026-08-31T23:59:59-04:00,EB-UNSOLD-000190,GW-008,listed,INV-004843
2026-08-31T23:59:59-04:00,EB-UNSOLD-000196,GW-013,listed,INV-004844
2026-08-31T23:59:59-04:00,EB-UNSOLD-000200,GW-011,ready_to_list,INV-004845
2026-08-31T23:59:59-04:00,EB-UNSOLD-000202,GW-001,ready_to_list,INV-004846
2026-08-31T23:59:59-04:00,EB-UNSOLD-000203,GW-009,listed,INV-004847
2026-08-31T23:59:59-04:00,EB-UNSOLD-000205,GW-021,ready_to_list,INV-004848
2026-08-31T23:59:59-04:00,EB-UNSOLD-000206,GW-001,received,INV-004849
2026-08-31T23:59:59-04:00,EB-UNSOLD-000213,GW-016,awaiting_photography,INV-004850
2026-08-31T23:59:59-04:00,EB-UNSOLD-000214,GW-009,received,INV-004851
2026-08-31T23:59:59-04:00,EB-UNSOLD-000217,GW-023,ready_to_list,INV-004852
2026-08-31T23:59:59-04:00,EB-UNSOLD-000222,GW-012,ready_to_list,INV-004853
2026-08-31T23:59:59-04:00,EB-UNSOLD-000224,GW-020,listed,INV-004854
2026-08-31T23:59:59-04:00,EB-UNSOLD-000226,GW-007,listed,INV-004855
2026-08-31T23:59:59-04:00,EB-UNSOLD-000228,GW-008,ready_to_list,INV-004856
2026-08-31T23:59:59-04:00,EB-UNSOLD-000230,GW-003,ready_to_list,INV-004857
2026-08-31T23:59:59-04:00,EB-UNSOLD-000233,GW-011,awaiting_photography,INV-004858
2026-08-31T23:59:59-04:00,EB-UNSOLD-000238,GW-018,listed,INV-004859
2026-08-31T23:59:59-04:00,EB-UNSOLD-000240,GW-020,ready_to_list,INV-004860
2026-08-31T23:59:59-04:00,EB-UNSOLD-000245,GW-005,ready_to_list,INV-004861
2026-08-31T23:59:59-04:00,EB-UNSOLD-000249,GW-024,listed,INV-004862
2026-08-31T23:59:59-04:00,EB-UNSOLD-000253,GW-012,listed,INV-004863
2026-08-31T23:59:59-04:00,EB-UNSOLD-000255,GW-024,listed,INV-004864
2026-08-31T23:59:59-04:00,EB-UNSOLD-000263,GW-015,ready_to_list,INV-004865
2026-08-31T23:59:59-04:00,EB-UNSOLD-000271,GW-008,ready_to_list,INV-004866
2026-08-31T23:59:59-04:00,EB-UNSOLD-000272,GW-002,ready_to_list,INV-004867
2026-08-31T23:59:59-04:00,EB-UNSOLD-000275,GW-001,listed,INV-004868
2026-08-31T23:59:59-04:00,EB-UNSOLD-000289,GW-002,listed,INV-004869
2026-08-31T23:59:59-04:00,EB-UNSOLD-000290,GW-023,listed,INV-004870
2026-08-31T23:59:59-04:00,EB-UNSOLD-000294,GW-010,listed,INV-004871
2026-08-31T23:59:59-04:00,EB-UNSOLD-000301,GW-001,awaiting_photography,INV-004872
2026-08-31T23:59:59-04:00,EB-UNSOLD-000302,GW-023,ready_to_list,INV-004873
2026-08-31T23:59:59-04:00,EB-UNSOLD-000303,GW-007,ready_to_list,INV-004874
2026-08-31T23:59:59-04:00,EB-UNSOLD-000308,GW-008,ready_to_list,INV-004875
2026-08-31T23:59:59-04:00,EB-UNSOLD-000309,GW-016,awaiting_inspection,INV-004876
2026-08-31T23:59:59-04:00,EB-UNSOLD-000310,GW-024,ready_to_list,INV-004877
2026-08-31T23:59:59-04:00,EB-UNSOLD-000313,GW-016,awaiting_inspection,INV-004878
2026-08-31T23:59:59-04:00,EB-UNSOLD-000317,GW-007,listed,INV-004879
2026-08-31T23:59:59-04:00,EB-UNSOLD-000318,GW-004,ready_to_list,INV-004880
2026-08-31T23:59:59-04:00,EB-UNSOLD-000320,GW-006,listed,INV-004881
2026-08-31T23:59:59-04:00,EB-UNSOLD-000327,GW-004,listed,INV-004882
2026-08-31T23:59:59-04:00,EB-UNSOLD-000332,GW-020,ready_to_list,INV-004883
2026-08-31T23:59:59-04:00,EB-UNSOLD-000333,GW-004,listed,INV-004884
2026-08-31T23:59:59-04:00,EB-UNSOLD-000334,GW-002,ready_to_list,INV-004885
2026-08-31T23:59:59-04:00,EB-UNSOLD-000336,GW-022,awaiting_photography,INV-004886
2026-08-31T23:59:59-04:00,EB-UNSOLD-000338,GW-024,listed,INV-004887
2026-08-31T23:59:59-04:00,EB-UNSOLD-000339,GW-024,listed,INV-004888
2026-08-31T23:59:59-04:00,EB-UNSOLD-000340,GW-022,listed,INV-004889
2026-08-31T23:59:59-04:00,EB-UNSOLD-000343,GW-016,listed,INV-004890
2026-08-31T23:59:59-04:00,EB-UNSOLD-000349,GW-011,awaiting_photography,INV-004891
2026-08-31T23:59:59-04:00,EB-UNSOLD-000352,GW-005,ready_to_list,INV-004892
2026-08-31T23:59:59-04:00,EB-UNSOLD-000357,GW-024,listed,INV-004893
2026-08-31T23:59:59-04:00,EB-UNSOLD-000361,GW-006,listed,INV-004894
2026-08-31T23:59:59-04:00,EB-UNSOLD-000363,GW-014,listed,INV-004895
2026-08-31T23:59:59-04:00,EB-UNSOLD-000365,GW-018,listed,INV-004896
2026-08-31T23:59:59-04:00,EB-UNSOLD-000370,GW-001,ready_to_list,INV-004897
2026-08-31T23:59:59-04:00,EB-UNSOLD-000380,GW-018,ready_to_list,INV-004898
2026-08-31T23:59:59-04:00,EB-UNSOLD-000381,GW-023,listed,INV-004899
2026-08-31T23:59:59-04:00,EB-UNSOLD-000386,GW-007,listed,INV-004900
2026-08-31T23:59:59-04:00,EB-UNSOLD-000388,GW-011,listed,INV-004901
2026-08-31T23:59:59-04:00,EB-UNSOLD-000394,GW-024,received,INV-004902
2026-08-31T23:59:59-04:00,EB-UNSOLD-000397,GW-020,ready_to_list,INV-004903
2026-08-31T23:59:59-04:00,EB-UNSOLD-000398,GW-022,awaiting_photography,INV-004904
2026-08-31T23:59:59-04:00,EB-UNSOLD-000402,GW-003,ready_to_list,INV-004905
2026-08-31T23:59:59-04:00,EB-UNSOLD-000404,GW-010,ready_to_list,INV-004906
2026-08-31T23:59:59-04:00,EB-UNSOLD-000405,GW-013,listed,INV-004907
2026-08-31T23:59:59-04:00,EB-UNSOLD-000407,GW-008,ready_to_list,INV-004908
2026-08-31T23:59:59-04:00,EB-UNSOLD-000414,GW-004,listed,INV-004909
2026-08-31T23:59:59-04:00,EB-UNSOLD-000423,GW-019,listed,INV-004910
2026-08-31T23:59:59-04:00,EB-UNSOLD-000426,GW-021,ready_to_list,INV-004911
2026-08-31T23:59:59-04:00,EB-UNSOLD-000430,GW-019,listed,INV-004912
2026-08-31T23:59:59-04:00,EB-UNSOLD-000435,GW-024,ready_to_list,INV-004913
2026-08-31T23:59:59-04:00,EB-UNSOLD-000436,GW-023,ready_to_list,INV-004914
2026-08-31T23:59:59-04:00,EB-UNSOLD-000439,GW-020,ready_to_list,INV-004915
2026-08-31T23:59:59-04:00,EB-UNSOLD-000440,GW-008,ready_to_list,INV-004916
2026-08-31T23:59:59-04:00,EB-UNSOLD-000449,GW-014,ready_to_list,INV-004917
2026-08-31T23:59:59-04:00,EB-UNSOLD-000451,GW-020,listed,INV-004918
2026-08-31T23:59:59-04:00,EB-UNSOLD-000454,GW-017,listed,INV-004919
2026-08-31T23:59:59-04:00,EB-UNSOLD-000460,GW-016,ready_to_list,INV-004920
2026-08-31T23:59:59-04:00,EB-UNSOLD-000462,GW-004,received,INV-004921
2026-08-31T23:59:59-04:00,EB-UNSOLD-000466,GW-001,listed,INV-004922
2026-08-31T23:59:59-04:00,EB-UNSOLD-000471,GW-013,ready_to_list,INV-004923
2026-08-31T23:59:59-04:00,EB-UNSOLD-000472,GW-004,awaiting_photography,INV-004924
2026-08-31T23:59:59-04:00,EB-UNSOLD-000474,GW-017,awaiting_photography,INV-004925
2026-08-31T23:59:59-04:00,EB-UNSOLD-000476,GW-018,listed,INV-004926
2026-08-31T23:59:59-04:00,EB-UNSOLD-000479,GW-010,ready_to_list,INV-004927
2026-08-31T23:59:59-04:00,EB-UNSOLD-000482,GW-010,ready_to_list,INV-004928
2026-08-31T23:59:59-04:00,EB-UNSOLD-000493,GW-018,listed,INV-004929
2026-08-31T23:59:59-04:00,EB-UNSOLD-000494,GW-020,awaiting_photography,INV-004930
2026-08-31T23:59:59-04:00,EB-UNSOLD-000496,GW-004,listed,INV-004931
2026-08-31T23:59:59-04:00,EB-UNSOLD-000497,GW-011,listed,INV-004932
2026-08-31T23:59:59-04:00,EB-UNSOLD-000500,GW-012,listed,INV-004933
2026-08-31T23:59:59-04:00,EB-UNSOLD-000501,GW-016,ready_to_list,INV-004934
2026-08-31T23:59:59-04:00,EB-UNSOLD-000521,GW-002,ready_to_list,INV-004935
2026-08-31T23:59:59-04:00,EB-UNSOLD-000524,GW-012,ready_to_list,INV-004936
2026-08-31T23:59:59-04:00,EB-UNSOLD-000525,GW-014,ready_to_list,INV-004937
2026-08-31T23:59:59-04:00,EB-UNSOLD-000529,GW-015,awaiting_photography,INV-004938
2026-08-31T23:59:59-04:00,EB-UNSOLD-000534,GW-003,ready_to_list,INV-004939
2026-08-31T23:59:59-04:00,EB-UNSOLD-000535,GW-017,ready_to_list,INV-004940
2026-08-31T23:59:59-04:00,EB-UNSOLD-000538,GW-016,awaiting_photography,INV-004941
2026-08-31T23:59:59-04:00,EB-UNSOLD-000540,GW-017,ready_to_list,INV-004942
2026-08-31T23:59:59-04:00,EB-UNSOLD-000547,GW-017,ready_to_list,INV-004943
2026-08-31T23:59:59-04:00,EB-UNSOLD-000549,GW-004,ready_to_list,INV-004944
2026-08-31T23:59:59-04:00,EB-UNSOLD-000550,GW-017,ready_to_list,INV-004945
2026-08-31T23:59:59-04:00,EB-UNSOLD-000555,GW-005,listed,INV-004946
2026-08-31T23:59:59-04:00,EB-UNSOLD-000556,GW-018,listed,INV-004947
2026-08-31T23:59:59-04:00,EB-UNSOLD-000559,GW-011,listed,INV-004948
2026-08-31T23:59:59-04:00,EB-UNSOLD-000561,GW-008,listed,INV-004949
2026-08-31T23:59:59-04:00,EB-UNSOLD-000568,GW-007,ready_to_list,INV-004950
2026-08-31T23:59:59-04:00,EB-UNSOLD-000572,GW-009,ready_to_list,INV-004951
2026-08-31T23:59:59-04:00,EB-UNSOLD-000577,GW-001,listed,INV-004952
2026-08-31T23:59:59-04:00,EB-UNSOLD-000578,GW-021,listed,INV-004953
2026-08-31T23:59:59-04:00,EB-UNSOLD-000580,GW-021,ready_to_list,INV-004954
2026-08-31T23:59:59-04:00,EB-UNSOLD-000581,GW-012,listed,INV-004955
2026-08-31T23:59:59-04:00,EB-UNSOLD-000584,GW-023,ready_to_list,INV-004956
2026-08-31T23:59:59-04:00,EB-UNSOLD-000594,GW-023,ready_to_list,INV-004957
2026-08-31T23:59:59-04:00,EB-UNSOLD-000597,GW-021,awaiting_photography,INV-004958
2026-08-31T23:59:59-04:00,EB-UNSOLD-000600,GW-016,ready_to_list,INV-004959
2026-08-31T23:59:59-04:00,EB-UNSOLD-000603,GW-002,ready_to_list,INV-004960
2026-08-31T23:59:59-04:00,EB-UNSOLD-000604,GW-005,listed,INV-004961
2026-08-31T23:59:59-04:00,EB-UNSOLD-000609,GW-019,ready_to_list,INV-004962
2026-08-31T23:59:59-04:00,EB-UNSOLD-000610,GW-001,awaiting_photography,INV-004963
2026-08-31T23:59:59-04:00,EB-UNSOLD-000612,GW-013,ready_to_list,INV-004964
2026-08-31T23:59:59-04:00,EB-UNSOLD-000614,GW-001,ready_to_list,INV-004965
2026-08-31T23:59:59-04:00,EB-UNSOLD-000616,GW-022,listed,INV-004966
2026-08-31T23:59:59-04:00,EB-UNSOLD-000620,GW-002,listed,INV-004967
2026-08-31T23:59:59-04:00,EB-UNSOLD-000621,GW-008,listed,INV-004968
2026-08-31T23:59:59-04:00,EB-UNSOLD-000623,GW-017,ready_to_list,INV-004969
2026-08-31T23:59:59-04:00,EB-UNSOLD-000624,GW-018,listed,INV-004970
2026-08-31T23:59:59-04:00,EB-UNSOLD-000636,GW-023,ready_to_list,INV-004971
2026-08-31T23:59:59-04:00,EB-UNSOLD-000654,GW-001,ready_to_list,INV-004972
2026-08-31T23:59:59-04:00,EB-UNSOLD-000656,GW-006,ready_to_list,INV-004973
2026-08-31T23:59:59-04:00,EB-UNSOLD-000666,GW-019,ready_to_list,INV-004974
2026-08-31T23:59:59-04:00,EB-UNSOLD-000667,GW-012,listed,INV-004975
2026-08-31T23:59:59-04:00,EB-UNSOLD-000668,GW-009,ready_to_list,INV-004976
2026-08-31T23:59:59-04:00,EB-UNSOLD-000675,GW-008,awaiting_photography,INV-004977
2026-08-31T23:59:59-04:00,EB-UNSOLD-000676,GW-012,ready_to_list,INV-004978
2026-08-31T23:59:59-04:00,EB-UNSOLD-000680,GW-005,listed,INV-004979
2026-08-31T23:59:59-04:00,EB-UNSOLD-000683,GW-004,ready_to_list,INV-004980
2026-08-31T23:59:59-04:00,EB-UNSOLD-000684,GW-021,ready_to_list,INV-004981
2026-08-31T23:59:59-04:00,EB-UNSOLD-000685,GW-004,listed,INV-004982
2026-08-31T23:59:59-04:00,EB-UNSOLD-000689,GW-013,listed,INV-004983
2026-08-31T23:59:59-04:00,EB-UNSOLD-000692,GW-018,ready_to_list,INV-004984
2026-08-31T23:59:59-04:00,EB-UNSOLD-000703,GW-003,awaiting_inspection,INV-004985
2026-08-31T23:59:59-04:00,EB-UNSOLD-000705,GW-004,ready_to_list,INV-004986
2026-08-31T23:59:59-04:00,EB-UNSOLD-000707,GW-009,ready_to_list,INV-004987
2026-08-31T23:59:59-04:00,EB-UNSOLD-000711,GW-015,ready_to_list,INV-004988
2026-08-31T23:59:59-04:00,EB-UNSOLD-000718,GW-016,listed,INV-004989
2026-08-31T23:59:59-04:00,EB-UNSOLD-000721,GW-004,ready_to_list,INV-004990
2026-08-31T23:59:59-04:00,EB-UNSOLD-000723,GW-011,awaiting_photography,INV-004991
2026-08-31T23:59:59-04:00,EB-UNSOLD-000724,GW-001,ready_to_list,INV-004992
2026-08-31T23:59:59-04:00,EB-UNSOLD-000725,GW-008,ready_to_list,INV-004993
2026-08-31T23:59:59-04:00,EB-UNSOLD-000731,GW-017,listed,INV-004994
2026-08-31T23:59:59-04:00,EB-UNSOLD-000732,GW-005,ready_to_list,INV-004995
2026-08-31T23:59:59-04:00,EB-UNSOLD-000737,GW-005,listed,INV-004996
2026-08-31T23:59:59-04:00,EB-UNSOLD-000740,GW-002,listed,INV-004997
2026-08-31T23:59:59-04:00,EB-UNSOLD-000752,GW-001,listed,INV-004998
2026-08-31T23:59:59-04:00,EB-UNSOLD-000754,GW-008,ready_to_list,INV-004999
2026-08-31T23:59:59-04:00,EB-UNSOLD-000755,GW-001,awaiting_photography,INV-005000
2026-08-31T23:59:59-04:00,EB-UNSOLD-000762,GW-009,ready_to_list,INV-005001
2026-08-31T23:59:59-04:00,EB-UNSOLD-000763,GW-012,listed,INV-005002
2026-08-31T23:59:59-04:00,EB-UNSOLD-000766,GW-002,ready_to_list,INV-005003
2026-08-31T23:59:59-04:00,EB-UNSOLD-000770,GW-011,ready_to_list,INV-005004
2026-08-31T23:59:59-04:00,EB-UNSOLD-000773,GW-020,ready_to_list,INV-005005
2026-08-31T23:59:59-04:00,EB-UNSOLD-000774,GW-017,awaiting_photography,INV-005006
2026-08-31T23:59:59-04:00,EB-UNSOLD-000787,GW-018,ready_to_list,INV-005007
2026-08-31T23:59:59-04:00,EB-UNSOLD-000789,GW-014,listed,INV-005008
2026-08-31T23:59:59-04:00,EB-UNSOLD-000790,GW-023,ready_to_list,INV-005009
2026-08-31T23:59:59-04:00,EB-UNSOLD-000791,GW-001,ready_to_list,INV-005010
2026-08-31T23:59:59-04:00,EB-UNSOLD-000792,GW-010,listed,INV-005011
2026-08-31T23:59:59-04:00,EB-UNSOLD-000794,GW-005,listed,INV-005012
2026-08-31T23:59:59-04:00,EB-UNSOLD-000795,GW-020,received,INV-005013
2026-08-31T23:59:59-04:00,EB-UNSOLD-000796,GW-005,ready_to_list,INV-005014
2026-08-31T23:59:59-04:00,EB-UNSOLD-000803,GW-020,listed,INV-005015
2026-08-31T23:59:59-04:00,EB-UNSOLD-000805,GW-007,ready_to_list,INV-005016
2026-08-31T23:59:59-04:00,EB-UNSOLD-000809,GW-006,ready_to_list,INV-005017
2026-08-31T23:59:59-04:00,EB-UNSOLD-000814,GW-017,ready_to_list,INV-005018
2026-08-31T23:59:59-04:00,EB-UNSOLD-000821,GW-020,ready_to_list,INV-005019
2026-08-31T23:59:59-04:00,EB-UNSOLD-000822,GW-008,listed,INV-005020
2026-08-31T23:59:59-04:00,EB-UNSOLD-000824,GW-015,awaiting_photography,INV-005021
2026-08-31T23:59:59-04:00,EB-UNSOLD-000831,GW-006,ready_to_list,INV-005022
2026-08-31T23:59:59-04:00,EB-UNSOLD-000832,GW-024,listed,INV-005023
2026-08-31T23:59:59-04:00,EB-UNSOLD-000837,GW-005,listed,INV-005024
2026-08-31T23:59:59-04:00,EB-UNSOLD-000838,GW-003,ready_to_list,INV-005025
2026-08-31T23:59:59-04:00,EB-UNSOLD-000839,GW-024,listed,INV-005026
2026-08-31T23:59:59-04:00,EB-UNSOLD-000847,GW-004,ready_to_list,INV-005027
2026-08-31T23:59:59-04:00,EB-UNSOLD-000849,GW-008,ready_to_list,INV-005028
2026-08-31T23:59:59-04:00,EB-UNSOLD-000866,GW-004,ready_to_list,INV-005029
2026-08-31T23:59:59-04:00,EB-UNSOLD-000870,GW-008,listed,INV-005030
2026-08-31T23:59:59-04:00,EB-UNSOLD-000878,GW-018,awaiting_inspection,INV-005031
2026-08-31T23:59:59-04:00,EB-UNSOLD-000879,GW-019,ready_to_list,INV-005032
2026-08-31T23:59:59-04:00,EB-UNSOLD-000882,GW-003,ready_to_list,INV-005033
2026-08-31T23:59:59-04:00,EB-UNSOLD-000892,GW-004,listed,INV-005034
2026-08-31T23:59:59-04:00,EB-UNSOLD-000894,GW-008,listed,INV-005035
2026-08-31T23:59:59-04:00,EB-UNSOLD-000902,GW-012,ready_to_list,INV-005036
2026-08-31T23:59:59-04:00,EB-UNSOLD-000904,GW-002,received,INV-005037
2026-08-31T23:59:59-04:00,EB-UNSOLD-000910,GW-017,listed,INV-005038
2026-08-31T23:59:59-04:00,EB-UNSOLD-000915,GW-019,awaiting_photography,INV-005039
2026-08-31T23:59:59-04:00,EB-UNSOLD-000917,GW-020,ready_to_list,INV-005040
2026-08-31T23:59:59-04:00,EB-UNSOLD-000924,GW-016,listed,INV-005041
2026-08-31T23:59:59-04:00,EB-UNSOLD-000926,GW-008,ready_to_list,INV-005042
2026-08-31T23:59:59-04:00,EB-UNSOLD-000927,GW-004,ready_to_list,INV-005043
2026-08-31T23:59:59-04:00,EB-UNSOLD-000928,GW-021,awaiting_photography,INV-005044
2026-08-31T23:59:59-04:00,EB-UNSOLD-000929,GW-002,ready_to_list,INV-005045
2026-08-31T23:59:59-04:00,EB-UNSOLD-000931,GW-008,ready_to_list,INV-005046
2026-08-31T23:59:59-04:00,EB-UNSOLD-000932,GW-018,ready_to_list,INV-005047
2026-08-31T23:59:59-04:00,EB-UNSOLD-000936,GW-001,ready_to_list,INV-005048
2026-08-31T23:59:59-04:00,EB-UNSOLD-000938,GW-020,ready_to_list,INV-005049
2026-08-31T23:59:59-04:00,EB-UNSOLD-000942,GW-024,ready_to_list,INV-005050
2026-08-31T23:59:59-04:00,EB-UNSOLD-000944,GW-008,awaiting_inspection,INV-005051
2026-08-31T23:59:59-04:00,EB-UNSOLD-000948,GW-005,ready_to_list,INV-005052
2026-08-31T23:59:59-04:00,EB-UNSOLD-000956,GW-001,ready_to_list,INV-005053
2026-08-31T23:59:59-04:00,EB-UNSOLD-000960,GW-012,received,INV-005054
2026-08-31T23:59:59-04:00,EB-UNSOLD-000964,GW-011,ready_to_list,INV-005055
2026-08-31T23:59:59-04:00,EB-UNSOLD-000968,GW-017,ready_to_list,INV-005056
2026-08-31T23:59:59-04:00,EB-UNSOLD-000971,GW-016,received,INV-005057
2026-08-31T23:59:59-04:00,EB-UNSOLD-000976,GW-002,listed,INV-005058
2026-08-31T23:59:59-04:00,EB-UNSOLD-000977,GW-004,ready_to_list,INV-005059
2026-08-31T23:59:59-04:00,EB-UNSOLD-000979,GW-018,listed,INV-005060
2026-08-31T23:59:59-04:00,EB-UNSOLD-000980,GW-014,ready_to_list,INV-005061
2026-08-31T23:59:59-04:00,EB-UNSOLD-000981,GW-009,awaiting_photography,INV-005062
2026-08-31T23:59:59-04:00,EB-UNSOLD-000984,GW-008,listed,INV-005063
2026-08-31T23:59:59-04:00,EB-UNSOLD-000987,GW-015,awaiting_photography,INV-005064
2026-08-31T23:59:59-04:00,EB-UNSOLD-000995,GW-024,awaiting_inspection,INV-005065
2026-08-31T23:59:59-04:00,EB-UNSOLD-000996,GW-001,listed,INV-005066
2026-08-31T23:59:59-04:00,EB-UNSOLD-001001,GW-001,listed,INV-005067
2026-08-31T23:59:59-04:00,EB-UNSOLD-001002,GW-016,listed,INV-005068
2026-08-31T23:59:59-04:00,EB-UNSOLD-001004,GW-009,ready_to_list,INV-005069
2026-08-31T23:59:59-04:00,EB-UNSOLD-001005,GW-005,ready_to_list,INV-005070
2026-08-31T23:59:59-04:00,EB-UNSOLD-001006,GW-018,ready_to_list,INV-005071
2026-08-31T23:59:59-04:00,EB-UNSOLD-001007,GW-021,listed,INV-005072
2026-08-31T23:59:59-04:00,EB-UNSOLD-001014,GW-006,awaiting_inspection,INV-005073
2026-08-31T23:59:59-04:00,EB-UNSOLD-001016,GW-024,ready_to_list,INV-005074
2026-08-31T23:59:59-04:00,EB-UNSOLD-001020,GW-013,ready_to_list,INV-005075
2026-08-31T23:59:59-04:00,EB-UNSOLD-001023,GW-006,ready_to_list,INV-005076
2026-08-31T23:59:59-04:00,EB-UNSOLD-001026,GW-004,ready_to_list,INV-005077
2026-08-31T23:59:59-04:00,EB-UNSOLD-001031,GW-011,ready_to_list,INV-005078
2026-08-31T23:59:59-04:00,EB-UNSOLD-001032,GW-004,listed,INV-005079
2026-08-31T23:59:59-04:00,EB-UNSOLD-001034,GW-023,listed,INV-005080
2026-08-31T23:59:59-04:00,EB-UNSOLD-001035,GW-018,awaiting_photography,INV-005081
2026-08-31T23:59:59-04:00,EB-UNSOLD-001036,GW-006,awaiting_photography,INV-005082
2026-08-31T23:59:59-04:00,EB-UNSOLD-001043,GW-024,listed,INV-005083
2026-08-31T23:59:59-04:00,EB-UNSOLD-001048,GW-020,ready_to_list,INV-005084
2026-08-31T23:59:59-04:00,EB-UNSOLD-001050,GW-021,ready_to_list,INV-005085
2026-08-31T23:59:59-04:00,EB-UNSOLD-001055,GW-004,awaiting_inspection,INV-005086
2026-08-31T23:59:59-04:00,EB-UNSOLD-001057,GW-016,listed,INV-005087
2026-08-31T23:59:59-04:00,EB-UNSOLD-001060,GW-012,listed,INV-005088
2026-08-31T23:59:59-04:00,EB-UNSOLD-001063,GW-016,listed,INV-005089
2026-08-31T23:59:59-04:00,EB-UNSOLD-001064,GW-012,ready_to_list,INV-005090
2026-08-31T23:59:59-04:00,EB-UNSOLD-001065,GW-016,listed,INV-005091
2026-08-31T23:59:59-04:00,EB-UNSOLD-001067,GW-006,listed,INV-005092
2026-08-31T23:59:59-04:00,EB-UNSOLD-001068,GW-004,awaiting_inspection,INV-005093
2026-08-31T23:59:59-04:00,EB-UNSOLD-001069,GW-001,ready_to_list,INV-005094
2026-08-31T23:59:59-04:00,EB-UNSOLD-001076,GW-024,awaiting_photography,INV-005095
2026-08-31T23:59:59-04:00,EB-UNSOLD-001088,GW-004,ready_to_list,INV-005096
2026-08-31T23:59:59-04:00,EB-UNSOLD-001091,GW-024,listed,INV-005097
2026-08-31T23:59:59-04:00,EB-UNSOLD-001094,GW-011,awaiting_photography,INV-005098
2026-08-31T23:59:59-04:00,EB-UNSOLD-001099,GW-004,listed,INV-005099
2026-08-31T23:59:59-04:00,EB-UNSOLD-001102,GW-016,awaiting_inspection,INV-005100
2026-08-31T23:59:59-04:00,EB-UNSOLD-001107,GW-023,ready_to_list,INV-005101
2026-08-31T23:59:59-04:00,EB-UNSOLD-001113,GW-012,ready_to_list,INV-005102
2026-08-31T23:59:59-04:00,EB-UNSOLD-001115,GW-008,listed,INV-005103
2026-08-31T23:59:59-04:00,EB-UNSOLD-001116,GW-017,awaiting_inspection,INV-005104
2026-08-31T23:59:59-04:00,EB-UNSOLD-001120,GW-011,listed,INV-005105
2026-08-31T23:59:59-04:00,EB-UNSOLD-001122,GW-004,ready_to_list,INV-005106
2026-08-31T23:59:59-04:00,EB-UNSOLD-001126,GW-004,awaiting_photography,INV-005107
2026-08-31T23:59:59-04:00,EB-UNSOLD-001128,GW-017,ready_to_list,INV-005108
2026-08-31T23:59:59-04:00,EB-UNSOLD-001129,GW-002,ready_to_list,INV-005109
2026-08-31T23:59:59-04:00,EB-UNSOLD-001130,GW-024,ready_to_list,INV-005110
2026-08-31T23:59:59-04:00,EB-UNSOLD-001148,GW-022,listed,INV-005111
2026-08-31T23:59:59-04:00,EB-UNSOLD-001150,GW-017,listed,INV-005112
2026-08-31T23:59:59-04:00,EB-UNSOLD-001153,GW-011,listed,INV-005113
2026-08-31T23:59:59-04:00,EB-UNSOLD-001156,GW-003,ready_to_list,INV-005114
2026-08-31T23:59:59-04:00,EB-UNSOLD-001160,GW-017,ready_to_list,INV-005115
2026-08-31T23:59:59-04:00,EB-UNSOLD-001161,GW-024,listed,INV-005116
2026-08-31T23:59:59-04:00,EB-UNSOLD-001162,GW-008,ready_to_list,INV-005117
2026-08-31T23:59:59-04:00,EB-UNSOLD-001172,GW-012,listed,INV-005118
2026-08-31T23:59:59-04:00,EB-UNSOLD-001174,GW-011,ready_to_list,INV-005119
2026-08-31T23:59:59-04:00,EB-UNSOLD-001177,GW-020,ready_to_list,INV-005120
2026-08-31T23:59:59-04:00,EB-UNSOLD-001186,GW-001,awaiting_inspection,INV-005121
2026-08-31T23:59:59-04:00,EB-UNSOLD-001190,GW-017,ready_to_list,INV-005122
2026-08-31T23:59:59-04:00,EB-UNSOLD-001191,GW-008,awaiting_inspection,INV-005123
2026-08-31T23:59:59-04:00,EB-UNSOLD-001200,GW-020,listed,INV-005124
2026-08-31T23:59:59-04:00,SGW-ITM-000023,GW-002,ready_to_list,INV-005125
2026-08-31T23:59:59-04:00,SGW-ITM-000122,GW-022,ready_to_list,INV-005126
2026-08-31T23:59:59-04:00,SGW-ITM-000253,GW-004,awaiting_inspection,INV-005127
2026-08-31T23:59:59-04:00,SGW-ITM-000296,GW-017,ready_to_list,INV-005128
2026-08-31T23:59:59-04:00,SGW-ITM-000349,GW-022,ready_to_list,INV-005129
2026-08-31T23:59:59-04:00,SGW-ITM-000376,GW-011,ready_to_list,INV-005130
2026-08-31T23:59:59-04:00,SGW-ITM-000449,GW-024,awaiting_inspection,INV-005131
2026-08-31T23:59:59-04:00,SGW-ITM-000642,GW-024,ready_to_list,INV-005132
2026-08-31T23:59:59-04:00,SGW-ITM-000694,GW-022,ready_to_list,INV-005133
2026-08-31T23:59:59-04:00,SGW-ITM-000771,GW-009,ready_to_list,INV-005134
2026-08-31T23:59:59-04:00,SGW-ITM-000977,GW-024,ready_to_list,INV-005135
2026-08-31T23:59:59-04:00,SGW-ITM-000986,GW-022,awaiting_inspection,INV-005136
2026-08-31T23:59:59-04:00,SGW-ITM-000997,GW-017,awaiting_inspection,INV-005137
2026-08-31T23:59:59-04:00,SGW-ITM-001004,GW-014,awaiting_inspection,INV-005138
2026-08-31T23:59:59-04:00,SGW-ITM-001044,GW-004,ready_to_list,INV-005139
2026-08-31T23:59:59-04:00,SGW-ITM-001045,GW-019,awaiting_inspection,INV-005140
2026-08-31T23:59:59-04:00,SGW-ITM-001069,GW-017,awaiting_inspection,INV-005141
2026-08-31T23:59:59-04:00,SGW-ITM-001101,GW-023,ready_to_list,INV-005142
2026-08-31T23:59:59-04:00,SGW-ITM-001120,GW-015,ready_to_list,INV-005143
2026-08-31T23:59:59-04:00,SGW-ITM-001200,GW-024,awaiting_inspection,INV-005144
2026-08-31T23:59:59-04:00,SGW-ITM-001292,GW-016,ready_to_list,INV-005145
2026-08-31T23:59:59-04:00,SGW-ITM-001315,GW-019,awaiting_inspection,INV-005146
2026-08-31T23:59:59-04:00,SGW-ITM-001318,GW-011,awaiting_inspection,INV-005147
2026-08-31T23:59:59-04:00,SGW-ITM-001459,GW-008,ready_to_list,INV-005148
2026-08-31T23:59:59-04:00,SGW-ITM-001480,GW-001,ready_to_list,INV-005149
2026-08-31T23:59:59-04:00,SGW-ITM-001546,GW-015,ready_to_list,INV-005150
2026-08-31T23:59:59-04:00,SGW-ITM-001746,GW-008,ready_to_list,INV-005151
2026-08-31T23:59:59-04:00,SGW-ITM-001787,GW-008,awaiting_inspection,INV-005152
2026-08-31T23:59:59-04:00,SGW-UNSOLD-000001,GW-002,ready_to_list,INV-005153
2026-08-31T23:59:59-04:00,SGW-UNSOLD-000002,GW-016,ready_to_list,INV-005154
2026-08-31T23:59:59-04:00,SGW-UNSOLD-000003,GW-001,awaiting_inspection,INV-005155
2026-08-31T23:59:59-04:00,SGW-UNSOLD-000004,GW-004,ready_to_list,INV-005156
2026-08-31T23:59:59-04:00,SGW-UNSOLD-000007,GW-001,ready_to_list,INV-005157
2026-08-31T23:59:59-04:00,SGW-UNSOLD-000008,GW-022,listed,INV-005158
2026-08-31T23:59:59-04:00,SGW-UNSOLD-000009,GW-021,listed,INV-005159
2026-08-31T23:59:59-04:00,SGW-UNSOLD-000010,GW-020,ready_to_list,INV-005160
2026-08-31T23:59:59-04:00,SGW-UNSOLD-000011,GW-006,awaiting_photography,INV-005161
2026-08-31T23:59:59-04:00,SGW-UNSOLD-000012,GW-012,listed,INV-005162
2026-08-31T23:59:59-04:00,SGW-UNSOLD-000013,GW-017,ready_to_list,INV-005163
2026-08-31T23:59:59-04:00,SGW-UNSOLD-000014,GW-008,awaiting_photography,INV-005164
2026-08-31T23:59:59-04:00,SGW-UNSOLD-000016,GW-022,listed,INV-005165
2026-08-31T23:59:59-04:00,SGW-UNSOLD-000017,GW-007,listed,INV-005166
2026-08-31T23:59:59-04:00,SGW-UNSOLD-000020,GW-009,listed,INV-005167
2026-08-31T23:59:59-04:00,SGW-UNSOLD-000024,GW-023,received,INV-005168
2026-08-31T23:59:59-04:00,SGW-UNSOLD-000025,GW-011,awaiting_inspection,INV-005169
2026-08-31T23:59:59-04:00,SGW-UNSOLD-000026,GW-018,received,INV-005170
2026-08-31T23:59:59-04:00,SGW-UNSOLD-000027,GW-023,ready_to_list,INV-005171
2026-08-31T23:59:59-04:00,SGW-UNSOLD-000028,GW-004,ready_to_list,INV-005172
2026-08-31T23:59:59-04:00,SGW-UNSOLD-000029,GW-012,ready_to_list,INV-005173
2026-08-31T23:59:59-04:00,SGW-UNSOLD-000030,GW-009,listed,INV-005174
2026-08-31T23:59:59-04:00,SGW-UNSOLD-000032,GW-016,ready_to_list,INV-005175
2026-08-31T23:59:59-04:00,SGW-UNSOLD-000033,GW-012,ready_to_list,INV-005176
2026-08-31T23:59:59-04:00,SGW-UNSOLD-000034,GW-006,ready_to_list,INV-005177
2026-08-31T23:59:59-04:00,SGW-UNSOLD-000035,GW-015,ready_to_list,INV-005178
2026-08-31T23:59:59-04:00,SGW-UNSOLD-000036,GW-008,listed,INV-005179
2026-08-31T23:59:59-04:00,SGW-UNSOLD-000037,GW-008,ready_to_list,INV-005180
2026-08-31T23:59:59-04:00,SGW-UNSOLD-000038,GW-010,ready_to_list,INV-005181
2026-08-31T23:59:59-04:00,SGW-UNSOLD-000039,GW-001,ready_to_list,INV-005182
2026-08-31T23:59:59-04:00,SGW-UNSOLD-000041,GW-009,listed,INV-005183
2026-08-31T23:59:59-04:00,SGW-UNSOLD-000042,GW-005,ready_to_list,INV-005184
2026-08-31T23:59:59-04:00,SGW-UNSOLD-000044,GW-001,ready_to_list,INV-005185
2026-08-31T23:59:59-04:00,SGW-UNSOLD-000045,GW-004,listed,INV-005186
2026-08-31T23:59:59-04:00,SGW-UNSOLD-000047,GW-004,listed,INV-005187
2026-08-31T23:59:59-04:00,SGW-UNSOLD-000048,GW-002,listed,INV-005188
2026-08-31T23:59:59-04:00,SGW-UNSOLD-000052,GW-008,ready_to_list,INV-005189
2026-08-31T23:59:59-04:00,SGW-UNSOLD-000054,GW-005,listed,INV-005190
2026-08-31T23:59:59-04:00,SGW-UNSOLD-000055,GW-024,ready_to_list,INV-005191
2026-08-31T23:59:59-04:00,SGW-UNSOLD-000056,GW-017,ready_to_list,INV-005192
2026-08-31T23:59:59-04:00,SGW-UNSOLD-000057,GW-018,ready_to_list,INV-005193
2026-08-31T23:59:59-04:00,SGW-UNSOLD-000058,GW-016,listed,INV-005194
2026-08-31T23:59:59-04:00,SGW-UNSOLD-000059,GW-012,listed,INV-005195
2026-08-31T23:59:59-04:00,SGW-UNSOLD-000060,GW-016,ready_to_list,INV-005196
2026-08-31T23:59:59-04:00,SGW-UNSOLD-000061,GW-009,ready_to_list,INV-005197
2026-08-31T23:59:59-04:00,SGW-UNSOLD-000062,GW-014,ready_to_list,INV-005198
2026-08-31T23:59:59-04:00,SGW-UNSOLD-000063,GW-020,listed,INV-005199
2026-08-31T23:59:59-04:00,SGW-UNSOLD-000064,GW-015,awaiting_photography,INV-005200
2026-08-31T23:59:59-04:00,SGW-UNSOLD-000065,GW-012,listed,INV-005201
2026-08-31T23:59:59-04:00,SGW-UNSOLD-000067,GW-022,listed,INV-005202
2026-08-31T23:59:59-04:00,SGW-UNSOLD-000068,GW-011,ready_to_list,INV-005203
2026-08-31T23:59:59-04:00,SGW-UNSOLD-000069,GW-004,ready_to_list,INV-005204
2026-08-31T23:59:59-04:00,SGW-UNSOLD-000071,GW-017,ready_to_list,INV-005205
2026-08-31T23:59:59-04:00,SGW-UNSOLD-000073,GW-022,listed,INV-005206
2026-08-31T23:59:59-04:00,SGW-UNSOLD-000074,GW-005,ready_to_list,INV-005207
2026-08-31T23:59:59-04:00,SGW-UNSOLD-000075,GW-011,ready_to_list,INV-005208
2026-08-31T23:59:59-04:00,SGW-UNSOLD-000079,GW-007,listed,INV-005209
2026-08-31T23:59:59-04:00,SGW-UNSOLD-000080,GW-008,listed,INV-005210
2026-08-31T23:59:59-04:00,SGW-UNSOLD-000082,GW-001,listed,INV-005211
2026-08-31T23:59:59-04:00,SGW-UNSOLD-000083,GW-023,ready_to_list,INV-005212
2026-08-31T23:59:59-04:00,SGW-UNSOLD-000084,GW-018,listed,INV-005213
2026-08-31T23:59:59-04:00,SGW-UNSOLD-000085,GW-008,awaiting_photography,INV-005214
2026-08-31T23:59:59-04:00,SGW-UNSOLD-000086,GW-018,ready_to_list,INV-005215
2026-08-31T23:59:59-04:00,SGW-UNSOLD-000087,GW-024,listed,INV-005216
2026-08-31T23:59:59-04:00,SGW-UNSOLD-000088,GW-018,ready_to_list,INV-005217
2026-08-31T23:59:59-04:00,SGW-UNSOLD-000089,GW-016,ready_to_list,INV-005218
2026-08-31T23:59:59-04:00,SGW-UNSOLD-000091,GW-008,ready_to_list,INV-005219
2026-08-31T23:59:59-04:00,SGW-UNSOLD-000092,GW-024,ready_to_list,INV-005220
2026-08-31T23:59:59-04:00,SGW-UNSOLD-000094,GW-021,listed,INV-005221
2026-08-31T23:59:59-04:00,SGW-UNSOLD-000095,GW-023,ready_to_list,INV-005222
2026-08-31T23:59:59-04:00,SGW-UNSOLD-000096,GW-021,ready_to_list,INV-005223
2026-08-31T23:59:59-04:00,SGW-UNSOLD-000097,GW-017,ready_to_list,INV-005224
2026-08-31T23:59:59-04:00,SGW-UNSOLD-000098,GW-010,listed,INV-005225
2026-08-31T23:59:59-04:00,SGW-UNSOLD-000099,GW-012,listed,INV-005226
2026-08-31T23:59:59-04:00,SGW-UNSOLD-000100,GW-015,awaiting_photography,INV-005227
2026-08-31T23:59:59-04:00,SGW-UNSOLD-000101,GW-002,listed,INV-005228
2026-08-31T23:59:59-04:00,SGW-UNSOLD-000104,GW-023,listed,INV-005229
2026-08-31T23:59:59-04:00,SGW-UNSOLD-000105,GW-017,ready_to_list,INV-005230
2026-08-31T23:59:59-04:00,SGW-UNSOLD-000106,GW-024,ready_to_list,INV-005231
2026-08-31T23:59:59-04:00,SGW-UNSOLD-000108,GW-020,ready_to_list,INV-005232
2026-08-31T23:59:59-04:00,SGW-UNSOLD-000109,GW-024,ready_to_list,INV-005233
2026-08-31T23:59:59-04:00,SGW-UNSOLD-000110,GW-006,awaiting_inspection,INV-005234
2026-08-31T23:59:59-04:00,SGW-UNSOLD-000111,GW-017,received,INV-005235
2026-08-31T23:59:59-04:00,SGW-UNSOLD-000112,GW-009,listed,INV-005236
2026-08-31T23:59:59-04:00,SGW-UNSOLD-000113,GW-002,ready_to_list,INV-005237
2026-08-31T23:59:59-04:00,SGW-UNSOLD-000115,GW-008,ready_to_list,INV-005238
2026-08-31T23:59:59-04:00,SGW-UNSOLD-000116,GW-017,listed,INV-005239
2026-08-31T23:59:59-04:00,SGW-UNSOLD-000119,GW-004,ready_to_list,INV-005240
2026-08-31T23:59:59-04:00,SGW-UNSOLD-000122,GW-016,listed,INV-005241
2026-08-31T23:59:59-04:00,SGW-UNSOLD-000124,GW-019,ready_to_list,INV-005242
2026-08-31T23:59:59-04:00,SGW-UNSOLD-000125,GW-023,ready_to_list,INV-005243
2026-08-31T23:59:59-04:00,SGW-UNSOLD-000129,GW-022,awaiting_photography,INV-005244
2026-08-31T23:59:59-04:00,SGW-UNSOLD-000130,GW-005,listed,INV-005245
2026-08-31T23:59:59-04:00,SGW-UNSOLD-000131,GW-017,awaiting_photography,INV-005246
2026-08-31T23:59:59-04:00,SGW-UNSOLD-000132,GW-005,ready_to_list,INV-005247
2026-08-31T23:59:59-04:00,SGW-UNSOLD-000133,GW-017,ready_to_list,INV-005248
2026-08-31T23:59:59-04:00,SGW-UNSOLD-000135,GW-004,ready_to_list,INV-005249
2026-08-31T23:59:59-04:00,SGW-UNSOLD-000136,GW-001,listed,INV-005250
2026-08-31T23:59:59-04:00,SGW-UNSOLD-000137,GW-009,ready_to_list,INV-005251
2026-08-31T23:59:59-04:00,SGW-UNSOLD-000138,GW-004,ready_to_list,INV-005252
2026-08-31T23:59:59-04:00,SGW-UNSOLD-000140,GW-022,listed,INV-005253
2026-08-31T23:59:59-04:00,SGW-UNSOLD-000141,GW-015,listed,INV-005254
2026-08-31T23:59:59-04:00,SGW-UNSOLD-000142,GW-023,ready_to_list,INV-005255
2026-08-31T23:59:59-04:00,SGW-UNSOLD-000143,GW-003,listed,INV-005256
2026-08-31T23:59:59-04:00,SGW-UNSOLD-000145,GW-006,ready_to_list,INV-005257
2026-08-31T23:59:59-04:00,SGW-UNSOLD-000146,GW-013,listed,INV-005258
2026-08-31T23:59:59-04:00,SGW-UNSOLD-000147,GW-005,ready_to_list,INV-005259
2026-08-31T23:59:59-04:00,SGW-UNSOLD-000148,GW-010,listed,INV-005260
2026-08-31T23:59:59-04:00,SGW-UNSOLD-000149,GW-001,listed,INV-005261
2026-08-31T23:59:59-04:00,SGW-UNSOLD-000150,GW-009,ready_to_list,INV-005262
2026-08-31T23:59:59-04:00,SGW-UNSOLD-000151,GW-004,ready_to_list,INV-005263
2026-08-31T23:59:59-04:00,SGW-UNSOLD-000152,GW-018,listed,INV-005264
2026-08-31T23:59:59-04:00,SGW-UNSOLD-000153,GW-004,ready_to_list,INV-005265
2026-08-31T23:59:59-04:00,SGW-UNSOLD-000154,GW-017,listed,INV-005266
2026-08-31T23:59:59-04:00,SGW-UNSOLD-000155,GW-024,ready_to_list,INV-005267
2026-08-31T23:59:59-04:00,SGW-UNSOLD-000158,GW-008,ready_to_list,INV-005268
2026-08-31T23:59:59-04:00,SGW-UNSOLD-000159,GW-015,awaiting_inspection,INV-005269
2026-08-31T23:59:59-04:00,SGW-UNSOLD-000160,GW-022,awaiting_photography,INV-005270
2026-08-31T23:59:59-04:00,SGW-UNSOLD-000161,GW-012,listed,INV-005271
2026-08-31T23:59:59-04:00,SGW-UNSOLD-000162,GW-008,ready_to_list,INV-005272
2026-08-31T23:59:59-04:00,SGW-UNSOLD-000163,GW-018,listed,INV-005273
2026-08-31T23:59:59-04:00,SGW-UNSOLD-000165,GW-002,ready_to_list,INV-005274
2026-08-31T23:59:59-04:00,SGW-UNSOLD-000166,GW-022,ready_to_list,INV-005275
2026-08-31T23:59:59-04:00,SGW-UNSOLD-000167,GW-012,listed,INV-005276
2026-08-31T23:59:59-04:00,SGW-UNSOLD-000168,GW-022,listed,INV-005277
2026-08-31T23:59:59-04:00,SGW-UNSOLD-000169,GW-004,ready_to_list,INV-005278
2026-08-31T23:59:59-04:00,SGW-UNSOLD-000170,GW-007,ready_to_list,INV-005279
2026-08-31T23:59:59-04:00,SGW-UNSOLD-000172,GW-013,ready_to_list,INV-005280
2026-08-31T23:59:59-04:00,SGW-UNSOLD-000174,GW-012,listed,INV-005281
2026-08-31T23:59:59-04:00,SGW-UNSOLD-000175,GW-003,awaiting_inspection,INV-005282
2026-08-31T23:59:59-04:00,SGW-UNSOLD-000176,GW-021,ready_to_list,INV-005283
2026-08-31T23:59:59-04:00,SGW-UNSOLD-000180,GW-022,awaiting_photography,INV-005284
2026-08-31T23:59:59-04:00,SGW-UNSOLD-000181,GW-004,ready_to_list,INV-005285
2026-08-31T23:59:59-04:00,SGW-UNSOLD-000183,GW-024,ready_to_list,INV-005286
2026-08-31T23:59:59-04:00,SGW-UNSOLD-000185,GW-006,listed,INV-005287
2026-08-31T23:59:59-04:00,SGW-UNSOLD-000187,GW-014,listed,INV-005288
2026-08-31T23:59:59-04:00,SGW-UNSOLD-000188,GW-007,listed,INV-005289
2026-08-31T23:59:59-04:00,SGW-UNSOLD-000189,GW-012,ready_to_list,INV-005290
2026-08-31T23:59:59-04:00,SGW-UNSOLD-000191,GW-001,ready_to_list,INV-005291
2026-08-31T23:59:59-04:00,SGW-UNSOLD-000192,GW-017,ready_to_list,INV-005292
2026-08-31T23:59:59-04:00,SGW-UNSOLD-000193,GW-018,listed,INV-005293
2026-08-31T23:59:59-04:00,SGW-UNSOLD-000194,GW-007,listed,INV-005294
2026-08-31T23:59:59-04:00,SGW-UNSOLD-000195,GW-018,ready_to_list,INV-005295
2026-08-31T23:59:59-04:00,SGW-UNSOLD-000197,GW-008,listed,INV-005296
2026-08-31T23:59:59-04:00,SGW-UNSOLD-000198,GW-023,listed,INV-005297
2026-08-31T23:59:59-04:00,SGW-UNSOLD-000199,GW-005,listed,INV-005298
2026-08-31T23:59:59-04:00,SGW-UNSOLD-000201,GW-005,ready_to_list,INV-005299
2026-08-31T23:59:59-04:00,SGW-UNSOLD-000204,GW-024,ready_to_list,INV-005300
2026-08-31T23:59:59-04:00,SGW-UNSOLD-000207,GW-008,ready_to_list,INV-005301
2026-08-31T23:59:59-04:00,SGW-UNSOLD-000208,GW-001,listed,INV-005302
2026-08-31T23:59:59-04:00,SGW-UNSOLD-000209,GW-014,ready_to_list,INV-005303
2026-08-31T23:59:59-04:00,SGW-UNSOLD-000210,GW-009,received,INV-005304
2026-08-31T23:59:59-04:00,SGW-UNSOLD-000211,GW-018,awaiting_photography,INV-005305
2026-08-31T23:59:59-04:00,SGW-UNSOLD-000212,GW-017,ready_to_list,INV-005306
2026-08-31T23:59:59-04:00,SGW-UNSOLD-000215,GW-020,ready_to_list,INV-005307
2026-08-31T23:59:59-04:00,SGW-UNSOLD-000216,GW-002,listed,INV-005308
2026-08-31T23:59:59-04:00,SGW-UNSOLD-000218,GW-015,listed,INV-005309
2026-08-31T23:59:59-04:00,SGW-UNSOLD-000219,GW-006,listed,INV-005310
2026-08-31T23:59:59-04:00,SGW-UNSOLD-000220,GW-001,listed,INV-005311
2026-08-31T23:59:59-04:00,SGW-UNSOLD-000221,GW-022,listed,INV-005312
2026-08-31T23:59:59-04:00,SGW-UNSOLD-000223,GW-009,ready_to_list,INV-005313
2026-08-31T23:59:59-04:00,SGW-UNSOLD-000225,GW-018,listed,INV-005314
2026-08-31T23:59:59-04:00,SGW-UNSOLD-000227,GW-001,listed,INV-005315
2026-08-31T23:59:59-04:00,SGW-UNSOLD-000229,GW-011,listed,INV-005316
2026-08-31T23:59:59-04:00,SGW-UNSOLD-000231,GW-020,listed,INV-005317
2026-08-31T23:59:59-04:00,SGW-UNSOLD-000232,GW-024,ready_to_list,INV-005318
2026-08-31T23:59:59-04:00,SGW-UNSOLD-000234,GW-017,ready_to_list,INV-005319
2026-08-31T23:59:59-04:00,SGW-UNSOLD-000235,GW-013,ready_to_list,INV-005320
2026-08-31T23:59:59-04:00,SGW-UNSOLD-000236,GW-024,awaiting_photography,INV-005321
2026-08-31T23:59:59-04:00,SGW-UNSOLD-000237,GW-008,listed,INV-005322
2026-08-31T23:59:59-04:00,SGW-UNSOLD-000239,GW-016,listed,INV-005323
2026-08-31T23:59:59-04:00,SGW-UNSOLD-000241,GW-001,ready_to_list,INV-005324
2026-08-31T23:59:59-04:00,SGW-UNSOLD-000242,GW-011,listed,INV-005325
2026-08-31T23:59:59-04:00,SGW-UNSOLD-000243,GW-020,listed,INV-005326
2026-08-31T23:59:59-04:00,SGW-UNSOLD-000244,GW-001,awaiting_inspection,INV-005327
2026-08-31T23:59:59-04:00,SGW-UNSOLD-000246,GW-014,awaiting_inspection,INV-005328
2026-08-31T23:59:59-04:00,SGW-UNSOLD-000247,GW-011,listed,INV-005329
2026-08-31T23:59:59-04:00,SGW-UNSOLD-000248,GW-008,listed,INV-005330
2026-08-31T23:59:59-04:00,SGW-UNSOLD-000250,GW-008,listed,INV-005331
2026-08-31T23:59:59-04:00,SGW-UNSOLD-000251,GW-014,awaiting_photography,INV-005332
2026-08-31T23:59:59-04:00,SGW-UNSOLD-000252,GW-023,listed,INV-005333
2026-08-31T23:59:59-04:00,SGW-UNSOLD-000254,GW-008,ready_to_list,INV-005334
2026-08-31T23:59:59-04:00,SGW-UNSOLD-000256,GW-024,ready_to_list,INV-005335
2026-08-31T23:59:59-04:00,SGW-UNSOLD-000257,GW-021,received,INV-005336
2026-08-31T23:59:59-04:00,SGW-UNSOLD-000258,GW-018,ready_to_list,INV-005337
2026-08-31T23:59:59-04:00,SGW-UNSOLD-000259,GW-015,ready_to_list,INV-005338
2026-08-31T23:59:59-04:00,SGW-UNSOLD-000260,GW-020,ready_to_list,INV-005339
2026-08-31T23:59:59-04:00,SGW-UNSOLD-000261,GW-001,ready_to_list,INV-005340
2026-08-31T23:59:59-04:00,SGW-UNSOLD-000262,GW-014,awaiting_photography,INV-005341
2026-08-31T23:59:59-04:00,SGW-UNSOLD-000264,GW-017,listed,INV-005342
2026-08-31T23:59:59-04:00,SGW-UNSOLD-000265,GW-011,ready_to_list,INV-005343
2026-08-31T23:59:59-04:00,SGW-UNSOLD-000266,GW-013,ready_to_list,INV-005344
2026-08-31T23:59:59-04:00,SGW-UNSOLD-000267,GW-012,ready_to_list,INV-005345
2026-08-31T23:59:59-04:00,SGW-UNSOLD-000268,GW-022,listed,INV-005346
2026-08-31T23:59:59-04:00,SGW-UNSOLD-000269,GW-005,ready_to_list,INV-005347
2026-08-31T23:59:59-04:00,SGW-UNSOLD-000270,GW-011,ready_to_list,INV-005348
2026-08-31T23:59:59-04:00,SGW-UNSOLD-000273,GW-009,ready_to_list,INV-005349
2026-08-31T23:59:59-04:00,SGW-UNSOLD-000274,GW-008,ready_to_list,INV-005350
2026-08-31T23:59:59-04:00,SGW-UNSOLD-000276,GW-024,listed,INV-005351
2026-08-31T23:59:59-04:00,SGW-UNSOLD-000277,GW-002,listed,INV-005352
2026-08-31T23:59:59-04:00,SGW-UNSOLD-000278,GW-019,received,INV-005353
2026-08-31T23:59:59-04:00,SGW-UNSOLD-000279,GW-021,listed,INV-005354
2026-08-31T23:59:59-04:00,SGW-UNSOLD-000280,GW-012,awaiting_inspection,INV-005355
2026-08-31T23:59:59-04:00,SGW-UNSOLD-000281,GW-010,listed,INV-005356
2026-08-31T23:59:59-04:00,SGW-UNSOLD-000282,GW-018,listed,INV-005357
2026-08-31T23:59:59-04:00,SGW-UNSOLD-000283,GW-002,ready_to_list,INV-005358
2026-08-31T23:59:59-04:00,SGW-UNSOLD-000284,GW-017,listed,INV-005359
2026-08-31T23:59:59-04:00,SGW-UNSOLD-000285,GW-005,awaiting_photography,INV-005360
2026-08-31T23:59:59-04:00,SGW-UNSOLD-000286,GW-006,listed,INV-005361
2026-08-31T23:59:59-04:00,SGW-UNSOLD-000287,GW-005,received,INV-005362
2026-08-31T23:59:59-04:00,SGW-UNSOLD-000288,GW-024,listed,INV-005363
2026-08-31T23:59:59-04:00,SGW-UNSOLD-000291,GW-004,ready_to_list,INV-005364
2026-08-31T23:59:59-04:00,SGW-UNSOLD-000292,GW-017,ready_to_list,INV-005365
2026-08-31T23:59:59-04:00,SGW-UNSOLD-000293,GW-009,listed,INV-005366
2026-08-31T23:59:59-04:00,SGW-UNSOLD-000295,GW-009,ready_to_list,INV-005367
2026-08-31T23:59:59-04:00,SGW-UNSOLD-000296,GW-015,ready_to_list,INV-005368
2026-08-31T23:59:59-04:00,SGW-UNSOLD-000297,GW-015,listed,INV-005369
2026-08-31T23:59:59-04:00,SGW-UNSOLD-000298,GW-020,ready_to_list,INV-005370
2026-08-31T23:59:59-04:00,SGW-UNSOLD-000299,GW-009,awaiting_photography,INV-005371
2026-08-31T23:59:59-04:00,SGW-UNSOLD-000300,GW-012,listed,INV-005372
2026-08-31T23:59:59-04:00,SGW-UNSOLD-000304,GW-008,listed,INV-005373
2026-08-31T23:59:59-04:00,SGW-UNSOLD-000305,GW-016,listed,INV-005374
2026-08-31T23:59:59-04:00,SGW-UNSOLD-000306,GW-004,ready_to_list,INV-005375
2026-08-31T23:59:59-04:00,SGW-UNSOLD-000307,GW-001,listed,INV-005376
2026-08-31T23:59:59-04:00,SGW-UNSOLD-000311,GW-012,ready_to_list,INV-005377
2026-08-31T23:59:59-04:00,SGW-UNSOLD-000312,GW-003,ready_to_list,INV-005378
2026-08-31T23:59:59-04:00,SGW-UNSOLD-000314,GW-004,listed,INV-005379
2026-08-31T23:59:59-04:00,SGW-UNSOLD-000315,GW-010,listed,INV-005380
2026-08-31T23:59:59-04:00,SGW-UNSOLD-000316,GW-006,awaiting_inspection,INV-005381
2026-08-31T23:59:59-04:00,SGW-UNSOLD-000319,GW-014,listed,INV-005382
2026-08-31T23:59:59-04:00,SGW-UNSOLD-000321,GW-017,awaiting_photography,INV-005383
2026-08-31T23:59:59-04:00,SGW-UNSOLD-000322,GW-005,ready_to_list,INV-005384
2026-08-31T23:59:59-04:00,SGW-UNSOLD-000323,GW-018,ready_to_list,INV-005385
2026-08-31T23:59:59-04:00,SGW-UNSOLD-000324,GW-018,ready_to_list,INV-005386
2026-08-31T23:59:59-04:00,SGW-UNSOLD-000325,GW-018,ready_to_list,INV-005387
2026-08-31T23:59:59-04:00,SGW-UNSOLD-000326,GW-023,received,INV-005388
2026-08-31T23:59:59-04:00,SGW-UNSOLD-000328,GW-024,listed,INV-005389
2026-08-31T23:59:59-04:00,SGW-UNSOLD-000329,GW-001,awaiting_photography,INV-005390
2026-08-31T23:59:59-04:00,SGW-UNSOLD-000330,GW-016,ready_to_list,INV-005391
2026-08-31T23:59:59-04:00,SGW-UNSOLD-000331,GW-008,received,INV-005392
2026-08-31T23:59:59-04:00,SGW-UNSOLD-000335,GW-002,listed,INV-005393
2026-08-31T23:59:59-04:00,SGW-UNSOLD-000337,GW-024,listed,INV-005394
2026-08-31T23:59:59-04:00,SGW-UNSOLD-000341,GW-003,ready_to_list,INV-005395
2026-08-31T23:59:59-04:00,SGW-UNSOLD-000342,GW-021,ready_to_list,INV-005396
2026-08-31T23:59:59-04:00,SGW-UNSOLD-000344,GW-016,ready_to_list,INV-005397
2026-08-31T23:59:59-04:00,SGW-UNSOLD-000345,GW-005,awaiting_photography,INV-005398
2026-08-31T23:59:59-04:00,SGW-UNSOLD-000346,GW-012,ready_to_list,INV-005399
2026-08-31T23:59:59-04:00,SGW-UNSOLD-000347,GW-007,ready_to_list,INV-005400
2026-08-31T23:59:59-04:00,SGW-UNSOLD-000348,GW-018,ready_to_list,INV-005401
2026-08-31T23:59:59-04:00,SGW-UNSOLD-000350,GW-011,awaiting_photography,INV-005402
2026-08-31T23:59:59-04:00,SGW-UNSOLD-000351,GW-007,listed,INV-005403
2026-08-31T23:59:59-04:00,SGW-UNSOLD-000353,GW-010,listed,INV-005404
2026-08-31T23:59:59-04:00,SGW-UNSOLD-000354,GW-010,listed,INV-005405
2026-08-31T23:59:59-04:00,SGW-UNSOLD-000355,GW-014,awaiting_photography,INV-005406
2026-08-31T23:59:59-04:00,SGW-UNSOLD-000356,GW-013,awaiting_photography,INV-005407
2026-08-31T23:59:59-04:00,SGW-UNSOLD-000358,GW-001,listed,INV-005408
2026-08-31T23:59:59-04:00,SGW-UNSOLD-000359,GW-017,ready_to_list,INV-005409
2026-08-31T23:59:59-04:00,SGW-UNSOLD-000360,GW-018,awaiting_inspection,INV-005410
2026-08-31T23:59:59-04:00,SGW-UNSOLD-000362,GW-016,ready_to_list,INV-005411
2026-08-31T23:59:59-04:00,SGW-UNSOLD-000364,GW-015,ready_to_list,INV-005412
2026-08-31T23:59:59-04:00,SGW-UNSOLD-000366,GW-003,ready_to_list,INV-005413
2026-08-31T23:59:59-04:00,SGW-UNSOLD-000367,GW-012,received,INV-005414
2026-08-31T23:59:59-04:00,SGW-UNSOLD-000368,GW-015,ready_to_list,INV-005415
2026-08-31T23:59:59-04:00,SGW-UNSOLD-000369,GW-023,listed,INV-005416
2026-08-31T23:59:59-04:00,SGW-UNSOLD-000371,GW-004,listed,INV-005417
2026-08-31T23:59:59-04:00,SGW-UNSOLD-000372,GW-012,ready_to_list,INV-005418
2026-08-31T23:59:59-04:00,SGW-UNSOLD-000373,GW-018,ready_to_list,INV-005419
2026-08-31T23:59:59-04:00,SGW-UNSOLD-000374,GW-004,listed,INV-005420
2026-08-31T23:59:59-04:00,SGW-UNSOLD-000375,GW-017,ready_to_list,INV-005421
2026-08-31T23:59:59-04:00,SGW-UNSOLD-000376,GW-002,listed,INV-005422
2026-08-31T23:59:59-04:00,SGW-UNSOLD-000377,GW-011,listed,INV-005423
2026-08-31T23:59:59-04:00,SGW-UNSOLD-000378,GW-009,ready_to_list,INV-005424
2026-08-31T23:59:59-04:00,SGW-UNSOLD-000379,GW-006,listed,INV-005425
2026-08-31T23:59:59-04:00,SGW-UNSOLD-000382,GW-009,received,INV-005426
2026-08-31T23:59:59-04:00,SGW-UNSOLD-000383,GW-010,listed,INV-005427
2026-08-31T23:59:59-04:00,SGW-UNSOLD-000384,GW-001,awaiting_photography,INV-005428
2026-08-31T23:59:59-04:00,SGW-UNSOLD-000385,GW-009,listed,INV-005429
2026-08-31T23:59:59-04:00,SGW-UNSOLD-000387,GW-014,ready_to_list,INV-005430
2026-08-31T23:59:59-04:00,SGW-UNSOLD-000389,GW-013,listed,INV-005431
2026-08-31T23:59:59-04:00,SGW-UNSOLD-000390,GW-022,listed,INV-005432
2026-08-31T23:59:59-04:00,SGW-UNSOLD-000391,GW-017,awaiting_photography,INV-005433
2026-08-31T23:59:59-04:00,SGW-UNSOLD-000392,GW-012,listed,INV-005434
2026-08-31T23:59:59-04:00,SGW-UNSOLD-000393,GW-002,listed,INV-005435
2026-08-31T23:59:59-04:00,SGW-UNSOLD-000395,GW-004,listed,INV-005436
2026-08-31T23:59:59-04:00,SGW-UNSOLD-000396,GW-010,listed,INV-005437
2026-08-31T23:59:59-04:00,SGW-UNSOLD-000399,GW-011,listed,INV-005438
2026-08-31T23:59:59-04:00,SGW-UNSOLD-000400,GW-014,ready_to_list,INV-005439
2026-08-31T23:59:59-04:00,SGW-UNSOLD-000401,GW-012,listed,INV-005440
2026-08-31T23:59:59-04:00,SGW-UNSOLD-000403,GW-004,awaiting_photography,INV-005441
2026-08-31T23:59:59-04:00,SGW-UNSOLD-000406,GW-014,ready_to_list,INV-005442
2026-08-31T23:59:59-04:00,SGW-UNSOLD-000408,GW-012,ready_to_list,INV-005443
2026-08-31T23:59:59-04:00,SGW-UNSOLD-000409,GW-008,awaiting_inspection,INV-005444
2026-08-31T23:59:59-04:00,SGW-UNSOLD-000410,GW-017,listed,INV-005445
2026-08-31T23:59:59-04:00,SGW-UNSOLD-000411,GW-018,listed,INV-005446
2026-08-31T23:59:59-04:00,SGW-UNSOLD-000412,GW-004,listed,INV-005447
2026-08-31T23:59:59-04:00,SGW-UNSOLD-000413,GW-024,awaiting_inspection,INV-005448
2026-08-31T23:59:59-04:00,SGW-UNSOLD-000415,GW-024,listed,INV-005449
2026-08-31T23:59:59-04:00,SGW-UNSOLD-000416,GW-009,ready_to_list,INV-005450
2026-08-31T23:59:59-04:00,SGW-UNSOLD-000417,GW-014,ready_to_list,INV-005451
2026-08-31T23:59:59-04:00,SGW-UNSOLD-000418,GW-001,ready_to_list,INV-005452
2026-08-31T23:59:59-04:00,SGW-UNSOLD-000419,GW-004,awaiting_photography,INV-005453
2026-08-31T23:59:59-04:00,SGW-UNSOLD-000420,GW-022,listed,INV-005454
2026-08-31T23:59:59-04:00,SGW-UNSOLD-000421,GW-008,awaiting_photography,INV-005455
2026-08-31T23:59:59-04:00,SGW-UNSOLD-000422,GW-012,ready_to_list,INV-005456
2026-08-31T23:59:59-04:00,SGW-UNSOLD-000424,GW-023,ready_to_list,INV-005457
2026-08-31T23:59:59-04:00,SGW-UNSOLD-000425,GW-006,received,INV-005458
2026-08-31T23:59:59-04:00,SGW-UNSOLD-000427,GW-010,awaiting_photography,INV-005459
2026-08-31T23:59:59-04:00,SGW-UNSOLD-000428,GW-008,listed,INV-005460
2026-08-31T23:59:59-04:00,SGW-UNSOLD-000429,GW-012,awaiting_inspection,INV-005461
2026-08-31T23:59:59-04:00,SGW-UNSOLD-000431,GW-001,ready_to_list,INV-005462
2026-08-31T23:59:59-04:00,SGW-UNSOLD-000432,GW-024,listed,INV-005463
2026-08-31T23:59:59-04:00,SGW-UNSOLD-000433,GW-022,ready_to_list,INV-005464
2026-08-31T23:59:59-04:00,SGW-UNSOLD-000434,GW-012,ready_to_list,INV-005465
2026-08-31T23:59:59-04:00,SGW-UNSOLD-000437,GW-006,ready_to_list,INV-005466
2026-08-31T23:59:59-04:00,SGW-UNSOLD-000438,GW-006,awaiting_photography,INV-005467
2026-08-31T23:59:59-04:00,SGW-UNSOLD-000441,GW-019,ready_to_list,INV-005468
2026-08-31T23:59:59-04:00,SGW-UNSOLD-000442,GW-023,ready_to_list,INV-005469
2026-08-31T23:59:59-04:00,SGW-UNSOLD-000443,GW-024,ready_to_list,INV-005470
2026-08-31T23:59:59-04:00,SGW-UNSOLD-000444,GW-009,awaiting_photography,INV-005471
2026-08-31T23:59:59-04:00,SGW-UNSOLD-000445,GW-011,listed,INV-005472
2026-08-31T23:59:59-04:00,SGW-UNSOLD-000446,GW-021,ready_to_list,INV-005473
2026-08-31T23:59:59-04:00,SGW-UNSOLD-000447,GW-022,listed,INV-005474
2026-08-31T23:59:59-04:00,SGW-UNSOLD-000448,GW-002,received,INV-005475
2026-08-31T23:59:59-04:00,SGW-UNSOLD-000450,GW-012,listed,INV-005476
2026-08-31T23:59:59-04:00,SGW-UNSOLD-000452,GW-004,awaiting_photography,INV-005477
2026-08-31T23:59:59-04:00,SGW-UNSOLD-000453,GW-022,ready_to_list,INV-005478
2026-08-31T23:59:59-04:00,SGW-UNSOLD-000455,GW-017,listed,INV-005479
2026-08-31T23:59:59-04:00,SGW-UNSOLD-000456,GW-020,awaiting_inspection,INV-005480
2026-08-31T23:59:59-04:00,SGW-UNSOLD-000457,GW-001,listed,INV-005481
2026-08-31T23:59:59-04:00,SGW-UNSOLD-000458,GW-023,listed,INV-005482
2026-08-31T23:59:59-04:00,SGW-UNSOLD-000459,GW-019,listed,INV-005483
2026-08-31T23:59:59-04:00,SGW-UNSOLD-000461,GW-007,listed,INV-005484
2026-08-31T23:59:59-04:00,SGW-UNSOLD-000463,GW-017,ready_to_list,INV-005485
2026-08-31T23:59:59-04:00,SGW-UNSOLD-000464,GW-014,listed,INV-005486
2026-08-31T23:59:59-04:00,SGW-UNSOLD-000465,GW-020,listed,INV-005487
2026-08-31T23:59:59-04:00,SGW-UNSOLD-000467,GW-007,listed,INV-005488
2026-08-31T23:59:59-04:00,SGW-UNSOLD-000468,GW-018,listed,INV-005489
2026-08-31T23:59:59-04:00,SGW-UNSOLD-000469,GW-023,listed,INV-005490
2026-08-31T23:59:59-04:00,SGW-UNSOLD-000470,GW-012,listed,INV-005491
2026-08-31T23:59:59-04:00,SGW-UNSOLD-000473,GW-024,listed,INV-005492
2026-08-31T23:59:59-04:00,SGW-UNSOLD-000475,GW-016,listed,INV-005493
2026-08-31T23:59:59-04:00,SGW-UNSOLD-000477,GW-016,awaiting_photography,INV-005494
2026-08-31T23:59:59-04:00,SGW-UNSOLD-000478,GW-008,listed,INV-005495
2026-08-31T23:59:59-04:00,SGW-UNSOLD-000480,GW-024,ready_to_list,INV-005496
2026-08-31T23:59:59-04:00,SGW-UNSOLD-000481,GW-017,listed,INV-005497
2026-08-31T23:59:59-04:00,SGW-UNSOLD-000483,GW-009,ready_to_list,INV-005498
2026-08-31T23:59:59-04:00,SGW-UNSOLD-000484,GW-024,ready_to_list,INV-005499
2026-08-31T23:59:59-04:00,SGW-UNSOLD-000485,GW-007,listed,INV-005500
2026-08-31T23:59:59-04:00,SGW-UNSOLD-000486,GW-016,ready_to_list,INV-005501
2026-08-31T23:59:59-04:00,SGW-UNSOLD-000487,GW-022,listed,INV-005502
2026-08-31T23:59:59-04:00,SGW-UNSOLD-000488,GW-012,listed,INV-005503
2026-08-31T23:59:59-04:00,SGW-UNSOLD-000489,GW-020,ready_to_list,INV-005504
2026-08-31T23:59:59-04:00,SGW-UNSOLD-000490,GW-010,ready_to_list,INV-005505
2026-08-31T23:59:59-04:00,SGW-UNSOLD-000491,GW-002,ready_to_list,INV-005506
2026-08-31T23:59:59-04:00,SGW-UNSOLD-000492,GW-011,listed,INV-005507
2026-08-31T23:59:59-04:00,SGW-UNSOLD-000495,GW-005,ready_to_list,INV-005508
2026-08-31T23:59:59-04:00,SGW-UNSOLD-000498,GW-011,listed,INV-005509
2026-08-31T23:59:59-04:00,SGW-UNSOLD-000499,GW-012,listed,INV-005510
2026-08-31T23:59:59-04:00,SGW-UNSOLD-000502,GW-017,ready_to_list,INV-005511
2026-08-31T23:59:59-04:00,SGW-UNSOLD-000503,GW-009,listed,INV-005512
2026-08-31T23:59:59-04:00,SGW-UNSOLD-000504,GW-011,ready_to_list,INV-005513
2026-08-31T23:59:59-04:00,SGW-UNSOLD-000505,GW-010,ready_to_list,INV-005514
2026-08-31T23:59:59-04:00,SGW-UNSOLD-000506,GW-012,listed,INV-005515
2026-08-31T23:59:59-04:00,SGW-UNSOLD-000507,GW-006,listed,INV-005516
2026-08-31T23:59:59-04:00,SGW-UNSOLD-000508,GW-018,listed,INV-005517
2026-08-31T23:59:59-04:00,SGW-UNSOLD-000509,GW-017,ready_to_list,INV-005518
2026-08-31T23:59:59-04:00,SGW-UNSOLD-000510,GW-014,received,INV-005519
2026-08-31T23:59:59-04:00,SGW-UNSOLD-000511,GW-011,listed,INV-005520
2026-08-31T23:59:59-04:00,SGW-UNSOLD-000512,GW-004,ready_to_list,INV-005521
2026-08-31T23:59:59-04:00,SGW-UNSOLD-000513,GW-002,listed,INV-005522
2026-08-31T23:59:59-04:00,SGW-UNSOLD-000514,GW-015,listed,INV-005523
2026-08-31T23:59:59-04:00,SGW-UNSOLD-000515,GW-002,listed,INV-005524
2026-08-31T23:59:59-04:00,SGW-UNSOLD-000516,GW-012,ready_to_list,INV-005525
2026-08-31T23:59:59-04:00,SGW-UNSOLD-000517,GW-020,listed,INV-005526
2026-08-31T23:59:59-04:00,SGW-UNSOLD-000518,GW-001,listed,INV-005527
2026-08-31T23:59:59-04:00,SGW-UNSOLD-000519,GW-009,listed,INV-005528
2026-08-31T23:59:59-04:00,SGW-UNSOLD-000520,GW-016,listed,INV-005529
2026-08-31T23:59:59-04:00,SGW-UNSOLD-000522,GW-020,awaiting_photography,INV-005530
2026-08-31T23:59:59-04:00,SGW-UNSOLD-000523,GW-007,listed,INV-005531
2026-08-31T23:59:59-04:00,SGW-UNSOLD-000526,GW-017,listed,INV-005532
2026-08-31T23:59:59-04:00,SGW-UNSOLD-000527,GW-016,listed,INV-005533
2026-08-31T23:59:59-04:00,SGW-UNSOLD-000528,GW-022,ready_to_list,INV-005534
2026-08-31T23:59:59-04:00,SGW-UNSOLD-000530,GW-016,listed,INV-005535
2026-08-31T23:59:59-04:00,SGW-UNSOLD-000531,GW-016,ready_to_list,INV-005536
2026-08-31T23:59:59-04:00,SGW-UNSOLD-000532,GW-012,awaiting_inspection,INV-005537
2026-08-31T23:59:59-04:00,SGW-UNSOLD-000533,GW-004,listed,INV-005538
2026-08-31T23:59:59-04:00,SGW-UNSOLD-000536,GW-014,ready_to_list,INV-005539
2026-08-31T23:59:59-04:00,SGW-UNSOLD-000537,GW-009,ready_to_list,INV-005540
2026-08-31T23:59:59-04:00,SGW-UNSOLD-000539,GW-017,awaiting_inspection,INV-005541
2026-08-31T23:59:59-04:00,SGW-UNSOLD-000541,GW-015,ready_to_list,INV-005542
2026-08-31T23:59:59-04:00,SGW-UNSOLD-000542,GW-022,ready_to_list,INV-005543
2026-08-31T23:59:59-04:00,SGW-UNSOLD-000543,GW-001,ready_to_list,INV-005544
2026-08-31T23:59:59-04:00,SGW-UNSOLD-000544,GW-003,ready_to_list,INV-005545
2026-08-31T23:59:59-04:00,SGW-UNSOLD-000545,GW-015,received,INV-005546
2026-08-31T23:59:59-04:00,SGW-UNSOLD-000546,GW-018,ready_to_list,INV-005547
2026-08-31T23:59:59-04:00,SGW-UNSOLD-000548,GW-010,listed,INV-005548
2026-08-31T23:59:59-04:00,SGW-UNSOLD-000551,GW-014,listed,INV-005549
2026-08-31T23:59:59-04:00,SGW-UNSOLD-000552,GW-018,awaiting_inspection,INV-005550
2026-08-31T23:59:59-04:00,SGW-UNSOLD-000553,GW-004,listed,INV-005551
2026-08-31T23:59:59-04:00,SGW-UNSOLD-000554,GW-017,listed,INV-005552
2026-08-31T23:59:59-04:00,SGW-UNSOLD-000557,GW-023,ready_to_list,INV-005553
2026-08-31T23:59:59-04:00,SGW-UNSOLD-000558,GW-004,listed,INV-005554
2026-08-31T23:59:59-04:00,SGW-UNSOLD-000560,GW-012,ready_to_list,INV-005555
2026-08-31T23:59:59-04:00,SGW-UNSOLD-000562,GW-020,awaiting_photography,INV-005556
2026-08-31T23:59:59-04:00,SGW-UNSOLD-000563,GW-017,ready_to_list,INV-005557
2026-08-31T23:59:59-04:00,SGW-UNSOLD-000564,GW-001,listed,INV-005558
2026-08-31T23:59:59-04:00,SGW-UNSOLD-000565,GW-020,awaiting_photography,INV-005559
2026-08-31T23:59:59-04:00,SGW-UNSOLD-000566,GW-004,listed,INV-005560
2026-08-31T23:59:59-04:00,SGW-UNSOLD-000567,GW-008,listed,INV-005561
2026-08-31T23:59:59-04:00,SGW-UNSOLD-000569,GW-018,ready_to_list,INV-005562
2026-08-31T23:59:59-04:00,SGW-UNSOLD-000570,GW-003,listed,INV-005563
2026-08-31T23:59:59-04:00,SGW-UNSOLD-000571,GW-017,awaiting_photography,INV-005564
2026-08-31T23:59:59-04:00,SGW-UNSOLD-000573,GW-015,awaiting_photography,INV-005565
2026-08-31T23:59:59-04:00,SGW-UNSOLD-000574,GW-020,listed,INV-005566
2026-08-31T23:59:59-04:00,SGW-UNSOLD-000575,GW-017,listed,INV-005567
2026-08-31T23:59:59-04:00,SGW-UNSOLD-000576,GW-001,listed,INV-005568
2026-08-31T23:59:59-04:00,SGW-UNSOLD-000579,GW-004,listed,INV-005569
2026-08-31T23:59:59-04:00,SGW-UNSOLD-000582,GW-020,listed,INV-005570
2026-08-31T23:59:59-04:00,SGW-UNSOLD-000583,GW-002,listed,INV-005571
2026-08-31T23:59:59-04:00,SGW-UNSOLD-000585,GW-015,awaiting_inspection,INV-005572
2026-08-31T23:59:59-04:00,SGW-UNSOLD-000586,GW-004,ready_to_list,INV-005573
2026-08-31T23:59:59-04:00,SGW-UNSOLD-000587,GW-016,listed,INV-005574
2026-08-31T23:59:59-04:00,SGW-UNSOLD-000588,GW-022,listed,INV-005575
2026-08-31T23:59:59-04:00,SGW-UNSOLD-000589,GW-003,listed,INV-005576
2026-08-31T23:59:59-04:00,SGW-UNSOLD-000590,GW-014,awaiting_photography,INV-005577
2026-08-31T23:59:59-04:00,SGW-UNSOLD-000591,GW-002,listed,INV-005578
2026-08-31T23:59:59-04:00,SGW-UNSOLD-000592,GW-005,listed,INV-005579
2026-08-31T23:59:59-04:00,SGW-UNSOLD-000593,GW-014,awaiting_photography,INV-005580
2026-08-31T23:59:59-04:00,SGW-UNSOLD-000595,GW-001,listed,INV-005581
2026-08-31T23:59:59-04:00,SGW-UNSOLD-000596,GW-004,awaiting_photography,INV-005582
2026-08-31T23:59:59-04:00,SGW-UNSOLD-000598,GW-012,ready_to_list,INV-005583
2026-08-31T23:59:59-04:00,SGW-UNSOLD-000599,GW-012,ready_to_list,INV-005584
2026-08-31T23:59:59-04:00,SGW-UNSOLD-000601,GW-021,ready_to_list,INV-005585
2026-08-31T23:59:59-04:00,SGW-UNSOLD-000602,GW-008,ready_to_list,INV-005586
2026-08-31T23:59:59-04:00,SGW-UNSOLD-000605,GW-001,ready_to_list,INV-005587
2026-08-31T23:59:59-04:00,SGW-UNSOLD-000606,GW-016,ready_to_list,INV-005588
2026-08-31T23:59:59-04:00,SGW-UNSOLD-000607,GW-019,awaiting_photography,INV-005589
2026-08-31T23:59:59-04:00,SGW-UNSOLD-000608,GW-001,awaiting_inspection,INV-005590
2026-08-31T23:59:59-04:00,SGW-UNSOLD-000611,GW-008,awaiting_photography,INV-005591
2026-08-31T23:59:59-04:00,SGW-UNSOLD-000613,GW-024,awaiting_inspection,INV-005592
2026-08-31T23:59:59-04:00,SGW-UNSOLD-000615,GW-020,ready_to_list,INV-005593
2026-08-31T23:59:59-04:00,SGW-UNSOLD-000617,GW-013,listed,INV-005594
2026-08-31T23:59:59-04:00,SGW-UNSOLD-000618,GW-006,listed,INV-005595
2026-08-31T23:59:59-04:00,SGW-UNSOLD-000619,GW-004,ready_to_list,INV-005596
2026-08-31T23:59:59-04:00,SGW-UNSOLD-000622,GW-018,listed,INV-005597
2026-08-31T23:59:59-04:00,SGW-UNSOLD-000625,GW-005,listed,INV-005598
2026-08-31T23:59:59-04:00,SGW-UNSOLD-000626,GW-022,ready_to_list,INV-005599
2026-08-31T23:59:59-04:00,SGW-UNSOLD-000627,GW-001,ready_to_list,INV-005600
2026-08-31T23:59:59-04:00,SGW-UNSOLD-000628,GW-003,ready_to_list,INV-005601
2026-08-31T23:59:59-04:00,SGW-UNSOLD-000629,GW-024,listed,INV-005602
2026-08-31T23:59:59-04:00,SGW-UNSOLD-000630,GW-021,listed,INV-005603
2026-08-31T23:59:59-04:00,SGW-UNSOLD-000631,GW-018,ready_to_list,INV-005604
2026-08-31T23:59:59-04:00,SGW-UNSOLD-000632,GW-024,ready_to_list,INV-005605
2026-08-31T23:59:59-04:00,SGW-UNSOLD-000633,GW-014,listed,INV-005606
2026-08-31T23:59:59-04:00,SGW-UNSOLD-000634,GW-021,listed,INV-005607
2026-08-31T23:59:59-04:00,SGW-UNSOLD-000635,GW-024,ready_to_list,INV-005608
2026-08-31T23:59:59-04:00,SGW-UNSOLD-000637,GW-017,awaiting_photography,INV-005609
2026-08-31T23:59:59-04:00,SGW-UNSOLD-000638,GW-014,ready_to_list,INV-005610
2026-08-31T23:59:59-04:00,SGW-UNSOLD-000639,GW-009,awaiting_inspection,INV-005611
2026-08-31T23:59:59-04:00,SGW-UNSOLD-000640,GW-004,ready_to_list,INV-005612
2026-08-31T23:59:59-04:00,SGW-UNSOLD-000641,GW-024,listed,INV-005613
2026-08-31T23:59:59-04:00,SGW-UNSOLD-000642,GW-018,ready_to_list,INV-005614
2026-08-31T23:59:59-04:00,SGW-UNSOLD-000643,GW-006,listed,INV-005615
2026-08-31T23:59:59-04:00,SGW-UNSOLD-000644,GW-009,listed,INV-005616
2026-08-31T23:59:59-04:00,SGW-UNSOLD-000645,GW-001,ready_to_list,INV-005617
2026-08-31T23:59:59-04:00,SGW-UNSOLD-000646,GW-006,ready_to_list,INV-005618
2026-08-31T23:59:59-04:00,SGW-UNSOLD-000647,GW-016,ready_to_list,INV-005619
2026-08-31T23:59:59-04:00,SGW-UNSOLD-000648,GW-011,ready_to_list,INV-005620
2026-08-31T23:59:59-04:00,SGW-UNSOLD-000649,GW-011,listed,INV-005621
2026-08-31T23:59:59-04:00,SGW-UNSOLD-000650,GW-011,awaiting_photography,INV-005622
2026-08-31T23:59:59-04:00,SGW-UNSOLD-000651,GW-006,awaiting_inspection,INV-005623
2026-08-31T23:59:59-04:00,SGW-UNSOLD-000652,GW-018,listed,INV-005624
2026-08-31T23:59:59-04:00,SGW-UNSOLD-000653,GW-001,ready_to_list,INV-005625
2026-08-31T23:59:59-04:00,SGW-UNSOLD-000655,GW-024,ready_to_list,INV-005626
2026-08-31T23:59:59-04:00,SGW-UNSOLD-000657,GW-012,listed,INV-005627
2026-08-31T23:59:59-04:00,SGW-UNSOLD-000658,GW-024,ready_to_list,INV-005628
2026-08-31T23:59:59-04:00,SGW-UNSOLD-000659,GW-014,ready_to_list,INV-005629
2026-08-31T23:59:59-04:00,SGW-UNSOLD-000660,GW-009,awaiting_photography,INV-005630
2026-08-31T23:59:59-04:00,SGW-UNSOLD-000661,GW-015,listed,INV-005631
2026-08-31T23:59:59-04:00,SGW-UNSOLD-000662,GW-010,listed,INV-005632
2026-08-31T23:59:59-04:00,SGW-UNSOLD-000663,GW-008,awaiting_inspection,INV-005633
2026-08-31T23:59:59-04:00,SGW-UNSOLD-000664,GW-001,awaiting_photography,INV-005634
2026-08-31T23:59:59-04:00,SGW-UNSOLD-000665,GW-010,ready_to_list,INV-005635
2026-08-31T23:59:59-04:00,SGW-UNSOLD-000669,GW-022,listed,INV-005636
2026-08-31T23:59:59-04:00,SGW-UNSOLD-000670,GW-016,listed,INV-005637
2026-08-31T23:59:59-04:00,SGW-UNSOLD-000671,GW-019,ready_to_list,INV-005638
2026-08-31T23:59:59-04:00,SGW-UNSOLD-000672,GW-001,listed,INV-005639
2026-08-31T23:59:59-04:00,SGW-UNSOLD-000673,GW-015,listed,INV-005640
2026-08-31T23:59:59-04:00,SGW-UNSOLD-000674,GW-008,ready_to_list,INV-005641
2026-08-31T23:59:59-04:00,SGW-UNSOLD-000677,GW-008,listed,INV-005642
2026-08-31T23:59:59-04:00,SGW-UNSOLD-000678,GW-001,ready_to_list,INV-005643
2026-08-31T23:59:59-04:00,SGW-UNSOLD-000679,GW-009,ready_to_list,INV-005644
2026-08-31T23:59:59-04:00,SGW-UNSOLD-000681,GW-004,listed,INV-005645
2026-08-31T23:59:59-04:00,SGW-UNSOLD-000682,GW-020,listed,INV-005646
2026-08-31T23:59:59-04:00,SGW-UNSOLD-000686,GW-008,received,INV-005647
2026-08-31T23:59:59-04:00,SGW-UNSOLD-000687,GW-018,listed,INV-005648
2026-08-31T23:59:59-04:00,SGW-UNSOLD-000688,GW-011,ready_to_list,INV-005649
2026-08-31T23:59:59-04:00,SGW-UNSOLD-000690,GW-024,listed,INV-005650
2026-08-31T23:59:59-04:00,SGW-UNSOLD-000691,GW-021,received,INV-005651
2026-08-31T23:59:59-04:00,SGW-UNSOLD-000693,GW-020,listed,INV-005652
2026-08-31T23:59:59-04:00,SGW-UNSOLD-000694,GW-017,listed,INV-005653
2026-08-31T23:59:59-04:00,SGW-UNSOLD-000695,GW-024,ready_to_list,INV-005654
2026-08-31T23:59:59-04:00,SGW-UNSOLD-000696,GW-004,received,INV-005655
2026-08-31T23:59:59-04:00,SGW-UNSOLD-000697,GW-001,ready_to_list,INV-005656
2026-08-31T23:59:59-04:00,SGW-UNSOLD-000698,GW-016,listed,INV-005657
2026-08-31T23:59:59-04:00,SGW-UNSOLD-000699,GW-008,ready_to_list,INV-005658
2026-08-31T23:59:59-04:00,SGW-UNSOLD-000700,GW-007,listed,INV-005659
2026-08-31T23:59:59-04:00,SGW-UNSOLD-000701,GW-021,listed,INV-005660
2026-08-31T23:59:59-04:00,SGW-UNSOLD-000702,GW-004,listed,INV-005661
2026-08-31T23:59:59-04:00,SGW-UNSOLD-000704,GW-015,ready_to_list,INV-005662
2026-08-31T23:59:59-04:00,SGW-UNSOLD-000706,GW-013,received,INV-005663
2026-08-31T23:59:59-04:00,SGW-UNSOLD-000708,GW-001,ready_to_list,INV-005664
2026-08-31T23:59:59-04:00,SGW-UNSOLD-000709,GW-017,ready_to_list,INV-005665
2026-08-31T23:59:59-04:00,SGW-UNSOLD-000710,GW-022,awaiting_photography,INV-005666
2026-08-31T23:59:59-04:00,SGW-UNSOLD-000712,GW-015,ready_to_list,INV-005667
2026-08-31T23:59:59-04:00,SGW-UNSOLD-000713,GW-009,listed,INV-005668
2026-08-31T23:59:59-04:00,SGW-UNSOLD-000714,GW-008,listed,INV-005669
2026-08-31T23:59:59-04:00,SGW-UNSOLD-000715,GW-022,ready_to_list,INV-005670
2026-08-31T23:59:59-04:00,SGW-UNSOLD-000716,GW-006,listed,INV-005671
2026-08-31T23:59:59-04:00,SGW-UNSOLD-000717,GW-016,ready_to_list,INV-005672
2026-08-31T23:59:59-04:00,SGW-UNSOLD-000719,GW-002,ready_to_list,INV-005673
2026-08-31T23:59:59-04:00,SGW-UNSOLD-000720,GW-015,ready_to_list,INV-005674
2026-08-31T23:59:59-04:00,SGW-UNSOLD-000722,GW-012,ready_to_list,INV-005675
2026-08-31T23:59:59-04:00,SGW-UNSOLD-000726,GW-021,ready_to_list,INV-005676
2026-08-31T23:59:59-04:00,SGW-UNSOLD-000727,GW-014,ready_to_list,INV-005677
2026-08-31T23:59:59-04:00,SGW-UNSOLD-000728,GW-007,ready_to_list,INV-005678
2026-08-31T23:59:59-04:00,SGW-UNSOLD-000729,GW-024,listed,INV-005679
2026-08-31T23:59:59-04:00,SGW-UNSOLD-000730,GW-012,listed,INV-005680
2026-08-31T23:59:59-04:00,SGW-UNSOLD-000733,GW-006,listed,INV-005681
2026-08-31T23:59:59-04:00,SGW-UNSOLD-000734,GW-024,listed,INV-005682
2026-08-31T23:59:59-04:00,SGW-UNSOLD-000735,GW-004,listed,INV-005683
2026-08-31T23:59:59-04:00,SGW-UNSOLD-000736,GW-024,ready_to_list,INV-005684
2026-08-31T23:59:59-04:00,SGW-UNSOLD-000738,GW-001,awaiting_photography,INV-005685
2026-08-31T23:59:59-04:00,SGW-UNSOLD-000739,GW-019,listed,INV-005686
2026-08-31T23:59:59-04:00,SGW-UNSOLD-000741,GW-005,listed,INV-005687
2026-08-31T23:59:59-04:00,SGW-UNSOLD-000742,GW-004,awaiting_photography,INV-005688
2026-08-31T23:59:59-04:00,SGW-UNSOLD-000743,GW-022,ready_to_list,INV-005689
2026-08-31T23:59:59-04:00,SGW-UNSOLD-000744,GW-008,ready_to_list,INV-005690
2026-08-31T23:59:59-04:00,SGW-UNSOLD-000745,GW-024,ready_to_list,INV-005691
2026-08-31T23:59:59-04:00,SGW-UNSOLD-000746,GW-018,ready_to_list,INV-005692
2026-08-31T23:59:59-04:00,SGW-UNSOLD-000747,GW-001,listed,INV-005693
2026-08-31T23:59:59-04:00,SGW-UNSOLD-000748,GW-020,listed,INV-005694
2026-08-31T23:59:59-04:00,SGW-UNSOLD-000749,GW-012,ready_to_list,INV-005695
2026-08-31T23:59:59-04:00,SGW-UNSOLD-000750,GW-015,awaiting_photography,INV-005696
2026-08-31T23:59:59-04:00,SGW-UNSOLD-000751,GW-016,awaiting_photography,INV-005697
2026-08-31T23:59:59-04:00,SGW-UNSOLD-000753,GW-006,listed,INV-005698
2026-08-31T23:59:59-04:00,SGW-UNSOLD-000756,GW-005,listed,INV-005699
2026-08-31T23:59:59-04:00,SGW-UNSOLD-000757,GW-016,listed,INV-005700
2026-08-31T23:59:59-04:00,SGW-UNSOLD-000758,GW-004,listed,INV-005701
2026-08-31T23:59:59-04:00,SGW-UNSOLD-000759,GW-001,awaiting_inspection,INV-005702
2026-08-31T23:59:59-04:00,SGW-UNSOLD-000760,GW-008,listed,INV-005703
2026-08-31T23:59:59-04:00,SGW-UNSOLD-000761,GW-012,awaiting_photography,INV-005704
2026-08-31T23:59:59-04:00,SGW-UNSOLD-000764,GW-012,ready_to_list,INV-005705
2026-08-31T23:59:59-04:00,SGW-UNSOLD-000765,GW-018,listed,INV-005706
2026-08-31T23:59:59-04:00,SGW-UNSOLD-000767,GW-010,listed,INV-005707
2026-08-31T23:59:59-04:00,SGW-UNSOLD-000768,GW-009,received,INV-005708
2026-08-31T23:59:59-04:00,SGW-UNSOLD-000769,GW-011,ready_to_list,INV-005709
2026-08-31T23:59:59-04:00,SGW-UNSOLD-000771,GW-012,listed,INV-005710
2026-08-31T23:59:59-04:00,SGW-UNSOLD-000772,GW-006,listed,INV-005711
2026-08-31T23:59:59-04:00,SGW-UNSOLD-000775,GW-009,ready_to_list,INV-005712
2026-08-31T23:59:59-04:00,SGW-UNSOLD-000776,GW-022,listed,INV-005713
2026-08-31T23:59:59-04:00,SGW-UNSOLD-000777,GW-007,awaiting_inspection,INV-005714
2026-08-31T23:59:59-04:00,SGW-UNSOLD-000778,GW-017,awaiting_photography,INV-005715
2026-08-31T23:59:59-04:00,SGW-UNSOLD-000779,GW-018,listed,INV-005716
2026-08-31T23:59:59-04:00,SGW-UNSOLD-000780,GW-004,ready_to_list,INV-005717
2026-08-31T23:59:59-04:00,SGW-UNSOLD-000781,GW-005,listed,INV-005718
2026-08-31T23:59:59-04:00,SGW-UNSOLD-000782,GW-008,listed,INV-005719
2026-08-31T23:59:59-04:00,SGW-UNSOLD-000783,GW-018,received,INV-005720
2026-08-31T23:59:59-04:00,SGW-UNSOLD-000784,GW-022,ready_to_list,INV-005721
2026-08-31T23:59:59-04:00,SGW-UNSOLD-000785,GW-023,listed,INV-005722
2026-08-31T23:59:59-04:00,SGW-UNSOLD-000786,GW-015,listed,INV-005723
2026-08-31T23:59:59-04:00,SGW-UNSOLD-000788,GW-023,ready_to_list,INV-005724
2026-08-31T23:59:59-04:00,SGW-UNSOLD-000793,GW-004,ready_to_list,INV-005725
2026-08-31T23:59:59-04:00,SGW-UNSOLD-000797,GW-004,ready_to_list,INV-005726
2026-08-31T23:59:59-04:00,SGW-UNSOLD-000798,GW-004,ready_to_list,INV-005727
2026-08-31T23:59:59-04:00,SGW-UNSOLD-000799,GW-004,listed,INV-005728
2026-08-31T23:59:59-04:00,SGW-UNSOLD-000800,GW-013,listed,INV-005729
2026-08-31T23:59:59-04:00,SGW-UNSOLD-000801,GW-006,ready_to_list,INV-005730
2026-08-31T23:59:59-04:00,SGW-UNSOLD-000802,GW-018,awaiting_photography,INV-005731
2026-08-31T23:59:59-04:00,SGW-UNSOLD-000804,GW-004,listed,INV-005732
2026-08-31T23:59:59-04:00,SGW-UNSOLD-000806,GW-006,awaiting_photography,INV-005733
2026-08-31T23:59:59-04:00,SGW-UNSOLD-000807,GW-001,awaiting_inspection,INV-005734
2026-08-31T23:59:59-04:00,SGW-UNSOLD-000808,GW-004,listed,INV-005735
2026-08-31T23:59:59-04:00,SGW-UNSOLD-000810,GW-013,ready_to_list,INV-005736
2026-08-31T23:59:59-04:00,SGW-UNSOLD-000811,GW-004,ready_to_list,INV-005737
2026-08-31T23:59:59-04:00,SGW-UNSOLD-000812,GW-005,ready_to_list,INV-005738
2026-08-31T23:59:59-04:00,SGW-UNSOLD-000813,GW-019,listed,INV-005739
2026-08-31T23:59:59-04:00,SGW-UNSOLD-000815,GW-017,ready_to_list,INV-005740
2026-08-31T23:59:59-04:00,SGW-UNSOLD-000816,GW-008,ready_to_list,INV-005741
2026-08-31T23:59:59-04:00,SGW-UNSOLD-000817,GW-011,listed,INV-005742
2026-08-31T23:59:59-04:00,SGW-UNSOLD-000818,GW-016,ready_to_list,INV-005743
2026-08-31T23:59:59-04:00,SGW-UNSOLD-000819,GW-022,ready_to_list,INV-005744
2026-08-31T23:59:59-04:00,SGW-UNSOLD-000820,GW-010,listed,INV-005745
2026-08-31T23:59:59-04:00,SGW-UNSOLD-000823,GW-013,listed,INV-005746
2026-08-31T23:59:59-04:00,SGW-UNSOLD-000825,GW-011,ready_to_list,INV-005747
2026-08-31T23:59:59-04:00,SGW-UNSOLD-000826,GW-009,listed,INV-005748
2026-08-31T23:59:59-04:00,SGW-UNSOLD-000827,GW-017,listed,INV-005749
2026-08-31T23:59:59-04:00,SGW-UNSOLD-000828,GW-022,listed,INV-005750
2026-08-31T23:59:59-04:00,SGW-UNSOLD-000829,GW-015,awaiting_photography,INV-005751
2026-08-31T23:59:59-04:00,SGW-UNSOLD-000830,GW-014,listed,INV-005752
2026-08-31T23:59:59-04:00,SGW-UNSOLD-000833,GW-018,ready_to_list,INV-005753
2026-08-31T23:59:59-04:00,SGW-UNSOLD-000834,GW-024,listed,INV-005754
2026-08-31T23:59:59-04:00,SGW-UNSOLD-000835,GW-016,ready_to_list,INV-005755
2026-08-31T23:59:59-04:00,SGW-UNSOLD-000836,GW-014,listed,INV-005756
2026-08-31T23:59:59-04:00,SGW-UNSOLD-000840,GW-014,listed,INV-005757
2026-08-31T23:59:59-04:00,SGW-UNSOLD-000841,GW-024,listed,INV-005758
2026-08-31T23:59:59-04:00,SGW-UNSOLD-000842,GW-009,listed,INV-005759
2026-08-31T23:59:59-04:00,SGW-UNSOLD-000843,GW-024,ready_to_list,INV-005760
2026-08-31T23:59:59-04:00,SGW-UNSOLD-000844,GW-021,listed,INV-005761
2026-08-31T23:59:59-04:00,SGW-UNSOLD-000845,GW-007,listed,INV-005762
2026-08-31T23:59:59-04:00,SGW-UNSOLD-000846,GW-012,awaiting_photography,INV-005763
2026-08-31T23:59:59-04:00,SGW-UNSOLD-000848,GW-011,ready_to_list,INV-005764
2026-08-31T23:59:59-04:00,SGW-UNSOLD-000850,GW-012,ready_to_list,INV-005765
2026-08-31T23:59:59-04:00,SGW-UNSOLD-000851,GW-013,listed,INV-005766
2026-08-31T23:59:59-04:00,SGW-UNSOLD-000852,GW-017,ready_to_list,INV-005767
2026-08-31T23:59:59-04:00,SGW-UNSOLD-000853,GW-014,ready_to_list,INV-005768
2026-08-31T23:59:59-04:00,SGW-UNSOLD-000854,GW-006,ready_to_list,INV-005769
2026-08-31T23:59:59-04:00,SGW-UNSOLD-000855,GW-001,listed,INV-005770
2026-08-31T23:59:59-04:00,SGW-UNSOLD-000856,GW-004,awaiting_inspection,INV-005771
2026-08-31T23:59:59-04:00,SGW-UNSOLD-000857,GW-023,ready_to_list,INV-005772
2026-08-31T23:59:59-04:00,SGW-UNSOLD-000858,GW-001,ready_to_list,INV-005773
2026-08-31T23:59:59-04:00,SGW-UNSOLD-000859,GW-003,awaiting_photography,INV-005774
2026-08-31T23:59:59-04:00,SGW-UNSOLD-000860,GW-008,listed,INV-005775
2026-08-31T23:59:59-04:00,SGW-UNSOLD-000861,GW-016,listed,INV-005776
2026-08-31T23:59:59-04:00,SGW-UNSOLD-000862,GW-024,ready_to_list,INV-005777
2026-08-31T23:59:59-04:00,SGW-UNSOLD-000863,GW-015,awaiting_photography,INV-005778
2026-08-31T23:59:59-04:00,SGW-UNSOLD-000864,GW-017,received,INV-005779
2026-08-31T23:59:59-04:00,SGW-UNSOLD-000865,GW-001,ready_to_list,INV-005780
2026-08-31T23:59:59-04:00,SGW-UNSOLD-000867,GW-012,listed,INV-005781
2026-08-31T23:59:59-04:00,SGW-UNSOLD-000868,GW-001,listed,INV-005782
2026-08-31T23:59:59-04:00,SGW-UNSOLD-000869,GW-009,awaiting_photography,INV-005783
2026-08-31T23:59:59-04:00,SGW-UNSOLD-000871,GW-002,ready_to_list,INV-005784
2026-08-31T23:59:59-04:00,SGW-UNSOLD-000872,GW-015,ready_to_list,INV-005785
2026-08-31T23:59:59-04:00,SGW-UNSOLD-000873,GW-023,ready_to_list,INV-005786
2026-08-31T23:59:59-04:00,SGW-UNSOLD-000874,GW-014,ready_to_list,INV-005787
2026-08-31T23:59:59-04:00,SGW-UNSOLD-000875,GW-017,listed,INV-005788
2026-08-31T23:59:59-04:00,SGW-UNSOLD-000876,GW-006,awaiting_photography,INV-005789
2026-08-31T23:59:59-04:00,SGW-UNSOLD-000877,GW-015,listed,INV-005790
2026-08-31T23:59:59-04:00,SGW-UNSOLD-000880,GW-014,listed,INV-005791
2026-08-31T23:59:59-04:00,SGW-UNSOLD-000881,GW-018,ready_to_list,INV-005792
2026-08-31T23:59:59-04:00,SGW-UNSOLD-000883,GW-008,ready_to_list,INV-005793
2026-08-31T23:59:59-04:00,SGW-UNSOLD-000884,GW-009,listed,INV-005794
2026-08-31T23:59:59-04:00,SGW-UNSOLD-000885,GW-016,ready_to_list,INV-005795
2026-08-31T23:59:59-04:00,SGW-UNSOLD-000886,GW-009,ready_to_list,INV-005796
2026-08-31T23:59:59-04:00,SGW-UNSOLD-000887,GW-008,listed,INV-005797
2026-08-31T23:59:59-04:00,SGW-UNSOLD-000888,GW-011,listed,INV-005798
2026-08-31T23:59:59-04:00,SGW-UNSOLD-000889,GW-006,ready_to_list,INV-005799
2026-08-31T23:59:59-04:00,SGW-UNSOLD-000890,GW-007,listed,INV-005800
2026-08-31T23:59:59-04:00,SGW-UNSOLD-000891,GW-001,listed,INV-005801
2026-08-31T23:59:59-04:00,SGW-UNSOLD-000893,GW-005,ready_to_list,INV-005802
2026-08-31T23:59:59-04:00,SGW-UNSOLD-000895,GW-019,ready_to_list,INV-005803
2026-08-31T23:59:59-04:00,SGW-UNSOLD-000896,GW-004,listed,INV-005804
2026-08-31T23:59:59-04:00,SGW-UNSOLD-000897,GW-021,ready_to_list,INV-005805
2026-08-31T23:59:59-04:00,SGW-UNSOLD-000898,GW-009,listed,INV-005806
2026-08-31T23:59:59-04:00,SGW-UNSOLD-000899,GW-018,ready_to_list,INV-005807
2026-08-31T23:59:59-04:00,SGW-UNSOLD-000900,GW-008,listed,INV-005808
2026-08-31T23:59:59-04:00,SGW-UNSOLD-000901,GW-009,ready_to_list,INV-005809
2026-08-31T23:59:59-04:00,SGW-UNSOLD-000903,GW-001,awaiting_photography,INV-005810
2026-08-31T23:59:59-04:00,SGW-UNSOLD-000905,GW-008,listed,INV-005811
2026-08-31T23:59:59-04:00,SGW-UNSOLD-000906,GW-024,ready_to_list,INV-005812
2026-08-31T23:59:59-04:00,SGW-UNSOLD-000907,GW-012,listed,INV-005813
2026-08-31T23:59:59-04:00,SGW-UNSOLD-000908,GW-024,listed,INV-005814
2026-08-31T23:59:59-04:00,SGW-UNSOLD-000909,GW-016,ready_to_list,INV-005815
2026-08-31T23:59:59-04:00,SGW-UNSOLD-000911,GW-022,listed,INV-005816
2026-08-31T23:59:59-04:00,SGW-UNSOLD-000912,GW-018,listed,INV-005817
2026-08-31T23:59:59-04:00,SGW-UNSOLD-000913,GW-001,ready_to_list,INV-005818
2026-08-31T23:59:59-04:00,SGW-UNSOLD-000914,GW-004,awaiting_photography,INV-005819
2026-08-31T23:59:59-04:00,SGW-UNSOLD-000916,GW-002,listed,INV-005820
2026-08-31T23:59:59-04:00,SGW-UNSOLD-000918,GW-003,ready_to_list,INV-005821
2026-08-31T23:59:59-04:00,SGW-UNSOLD-000919,GW-022,ready_to_list,INV-005822
2026-08-31T23:59:59-04:00,SGW-UNSOLD-000920,GW-004,listed,INV-005823
2026-08-31T23:59:59-04:00,SGW-UNSOLD-000921,GW-012,listed,INV-005824
2026-08-31T23:59:59-04:00,SGW-UNSOLD-000922,GW-006,awaiting_photography,INV-005825
2026-08-31T23:59:59-04:00,SGW-UNSOLD-000923,GW-012,awaiting_photography,INV-005826
2026-08-31T23:59:59-04:00,SGW-UNSOLD-000925,GW-024,ready_to_list,INV-005827
2026-08-31T23:59:59-04:00,SGW-UNSOLD-000930,GW-020,ready_to_list,INV-005828
2026-08-31T23:59:59-04:00,SGW-UNSOLD-000933,GW-001,ready_to_list,INV-005829
2026-08-31T23:59:59-04:00,SGW-UNSOLD-000934,GW-020,awaiting_photography,INV-005830
2026-08-31T23:59:59-04:00,SGW-UNSOLD-000935,GW-012,ready_to_list,INV-005831
2026-08-31T23:59:59-04:00,SGW-UNSOLD-000937,GW-004,ready_to_list,INV-005832
2026-08-31T23:59:59-04:00,SGW-UNSOLD-000939,GW-011,listed,INV-005833
2026-08-31T23:59:59-04:00,SGW-UNSOLD-000940,GW-018,ready_to_list,INV-005834
2026-08-31T23:59:59-04:00,SGW-UNSOLD-000941,GW-023,listed,INV-005835
2026-08-31T23:59:59-04:00,SGW-UNSOLD-000943,GW-009,listed,INV-005836
2026-08-31T23:59:59-04:00,SGW-UNSOLD-000945,GW-024,listed,INV-005837
2026-08-31T23:59:59-04:00,SGW-UNSOLD-000946,GW-006,listed,INV-005838
2026-08-31T23:59:59-04:00,SGW-UNSOLD-000947,GW-011,ready_to_list,INV-005839
2026-08-31T23:59:59-04:00,SGW-UNSOLD-000949,GW-024,ready_to_list,INV-005840
2026-08-31T23:59:59-04:00,SGW-UNSOLD-000950,GW-008,ready_to_list,INV-005841
2026-08-31T23:59:59-04:00,SGW-UNSOLD-000951,GW-001,ready_to_list,INV-005842
2026-08-31T23:59:59-04:00,SGW-UNSOLD-000952,GW-004,listed,INV-005843
2026-08-31T23:59:59-04:00,SGW-UNSOLD-000953,GW-010,ready_to_list,INV-005844
2026-08-31T23:59:59-04:00,SGW-UNSOLD-000954,GW-024,ready_to_list,INV-005845
2026-08-31T23:59:59-04:00,SGW-UNSOLD-000955,GW-008,awaiting_photography,INV-005846
2026-08-31T23:59:59-04:00,SGW-UNSOLD-000957,GW-008,listed,INV-005847
2026-08-31T23:59:59-04:00,SGW-UNSOLD-000958,GW-012,awaiting_photography,INV-005848
2026-08-31T23:59:59-04:00,SGW-UNSOLD-000959,GW-012,listed,INV-005849
2026-08-31T23:59:59-04:00,SGW-UNSOLD-000961,GW-018,ready_to_list,INV-005850
2026-08-31T23:59:59-04:00,SGW-UNSOLD-000962,GW-016,ready_to_list,INV-005851
2026-08-31T23:59:59-04:00,SGW-UNSOLD-000963,GW-017,ready_to_list,INV-005852
2026-08-31T23:59:59-04:00,SGW-UNSOLD-000965,GW-008,listed,INV-005853
2026-08-31T23:59:59-04:00,SGW-UNSOLD-000966,GW-010,awaiting_photography,INV-005854
2026-08-31T23:59:59-04:00,SGW-UNSOLD-000967,GW-001,ready_to_list,INV-005855
2026-08-31T23:59:59-04:00,SGW-UNSOLD-000969,GW-017,ready_to_list,INV-005856
2026-08-31T23:59:59-04:00,SGW-UNSOLD-000970,GW-024,ready_to_list,INV-005857
2026-08-31T23:59:59-04:00,SGW-UNSOLD-000972,GW-012,listed,INV-005858
2026-08-31T23:59:59-04:00,SGW-UNSOLD-000973,GW-020,received,INV-005859
2026-08-31T23:59:59-04:00,SGW-UNSOLD-000974,GW-009,awaiting_photography,INV-005860
2026-08-31T23:59:59-04:00,SGW-UNSOLD-000975,GW-006,ready_to_list,INV-005861
2026-08-31T23:59:59-04:00,SGW-UNSOLD-000978,GW-022,ready_to_list,INV-005862
2026-08-31T23:59:59-04:00,SGW-UNSOLD-000982,GW-001,awaiting_photography,INV-005863
2026-08-31T23:59:59-04:00,SGW-UNSOLD-000983,GW-004,listed,INV-005864
2026-08-31T23:59:59-04:00,SGW-UNSOLD-000985,GW-014,listed,INV-005865
2026-08-31T23:59:59-04:00,SGW-UNSOLD-000986,GW-017,listed,INV-005866
2026-08-31T23:59:59-04:00,SGW-UNSOLD-000988,GW-018,ready_to_list,INV-005867
2026-08-31T23:59:59-04:00,SGW-UNSOLD-000989,GW-002,listed,INV-005868
2026-08-31T23:59:59-04:00,SGW-UNSOLD-000990,GW-024,ready_to_list,INV-005869
2026-08-31T23:59:59-04:00,SGW-UNSOLD-000991,GW-014,awaiting_photography,INV-005870
2026-08-31T23:59:59-04:00,SGW-UNSOLD-000992,GW-016,ready_to_list,INV-005871
2026-08-31T23:59:59-04:00,SGW-UNSOLD-000993,GW-017,ready_to_list,INV-005872
2026-08-31T23:59:59-04:00,SGW-UNSOLD-000994,GW-021,ready_to_list,INV-005873
2026-08-31T23:59:59-04:00,SGW-UNSOLD-000997,GW-004,ready_to_list,INV-005874
2026-08-31T23:59:59-04:00,SGW-UNSOLD-000998,GW-005,awaiting_photography,INV-005875
2026-08-31T23:59:59-04:00,SGW-UNSOLD-000999,GW-020,ready_to_list,INV-005876
2026-08-31T23:59:59-04:00,SGW-UNSOLD-001000,GW-020,ready_to_list,INV-005877
2026-08-31T23:59:59-04:00,SGW-UNSOLD-001003,GW-018,received,INV-005878
2026-08-31T23:59:59-04:00,SGW-UNSOLD-001008,GW-009,ready_to_list,INV-005879
2026-08-31T23:59:59-04:00,SGW-UNSOLD-001009,GW-015,ready_to_list,INV-005880
2026-08-31T23:59:59-04:00,SGW-UNSOLD-001010,GW-019,ready_to_list,INV-005881
2026-08-31T23:59:59-04:00,SGW-UNSOLD-001011,GW-020,awaiting_photography,INV-005882
2026-08-31T23:59:59-04:00,SGW-UNSOLD-001012,GW-007,listed,INV-005883
2026-08-31T23:59:59-04:00,SGW-UNSOLD-001013,GW-006,listed,INV-005884
2026-08-31T23:59:59-04:00,SGW-UNSOLD-001015,GW-019,ready_to_list,INV-005885
2026-08-31T23:59:59-04:00,SGW-UNSOLD-001017,GW-006,listed,INV-005886
2026-08-31T23:59:59-04:00,SGW-UNSOLD-001018,GW-006,ready_to_list,INV-005887
2026-08-31T23:59:59-04:00,SGW-UNSOLD-001019,GW-012,received,INV-005888
2026-08-31T23:59:59-04:00,SGW-UNSOLD-001021,GW-003,listed,INV-005889
2026-08-31T23:59:59-04:00,SGW-UNSOLD-001022,GW-012,listed,INV-005890
2026-08-31T23:59:59-04:00,SGW-UNSOLD-001024,GW-016,listed,INV-005891
2026-08-31T23:59:59-04:00,SGW-UNSOLD-001025,GW-009,listed,INV-005892
2026-08-31T23:59:59-04:00,SGW-UNSOLD-001027,GW-024,listed,INV-005893
2026-08-31T23:59:59-04:00,SGW-UNSOLD-001028,GW-021,awaiting_photography,INV-005894
2026-08-31T23:59:59-04:00,SGW-UNSOLD-001029,GW-009,ready_to_list,INV-005895
2026-08-31T23:59:59-04:00,SGW-UNSOLD-001030,GW-006,ready_to_list,INV-005896
2026-08-31T23:59:59-04:00,SGW-UNSOLD-001033,GW-017,listed,INV-005897
2026-08-31T23:59:59-04:00,SGW-UNSOLD-001037,GW-018,listed,INV-005898
2026-08-31T23:59:59-04:00,SGW-UNSOLD-001038,GW-002,listed,INV-005899
2026-08-31T23:59:59-04:00,SGW-UNSOLD-001039,GW-001,listed,INV-005900
2026-08-31T23:59:59-04:00,SGW-UNSOLD-001040,GW-011,awaiting_inspection,INV-005901
2026-08-31T23:59:59-04:00,SGW-UNSOLD-001041,GW-001,listed,INV-005902
2026-08-31T23:59:59-04:00,SGW-UNSOLD-001042,GW-018,ready_to_list,INV-005903
2026-08-31T23:59:59-04:00,SGW-UNSOLD-001044,GW-010,ready_to_list,INV-005904
2026-08-31T23:59:59-04:00,SGW-UNSOLD-001045,GW-004,ready_to_list,INV-005905
2026-08-31T23:59:59-04:00,SGW-UNSOLD-001046,GW-011,listed,INV-005906
2026-08-31T23:59:59-04:00,SGW-UNSOLD-001047,GW-017,listed,INV-005907
2026-08-31T23:59:59-04:00,SGW-UNSOLD-001049,GW-002,ready_to_list,INV-005908
2026-08-31T23:59:59-04:00,SGW-UNSOLD-001051,GW-005,listed,INV-005909
2026-08-31T23:59:59-04:00,SGW-UNSOLD-001052,GW-002,listed,INV-005910
2026-08-31T23:59:59-04:00,SGW-UNSOLD-001053,GW-022,awaiting_photography,INV-005911
2026-08-31T23:59:59-04:00,SGW-UNSOLD-001054,GW-011,awaiting_inspection,INV-005912
2026-08-31T23:59:59-04:00,SGW-UNSOLD-001056,GW-020,ready_to_list,INV-005913
2026-08-31T23:59:59-04:00,SGW-UNSOLD-001058,GW-012,listed,INV-005914
2026-08-31T23:59:59-04:00,SGW-UNSOLD-001059,GW-001,ready_to_list,INV-005915
2026-08-31T23:59:59-04:00,SGW-UNSOLD-001061,GW-008,ready_to_list,INV-005916
2026-08-31T23:59:59-04:00,SGW-UNSOLD-001062,GW-012,ready_to_list,INV-005917
2026-08-31T23:59:59-04:00,SGW-UNSOLD-001066,GW-004,listed,INV-005918
2026-08-31T23:59:59-04:00,SGW-UNSOLD-001070,GW-020,listed,INV-005919
2026-08-31T23:59:59-04:00,SGW-UNSOLD-001071,GW-011,listed,INV-005920
2026-08-31T23:59:59-04:00,SGW-UNSOLD-001072,GW-010,listed,INV-005921
2026-08-31T23:59:59-04:00,SGW-UNSOLD-001073,GW-020,listed,INV-005922
2026-08-31T23:59:59-04:00,SGW-UNSOLD-001074,GW-009,listed,INV-005923
2026-08-31T23:59:59-04:00,SGW-UNSOLD-001075,GW-007,ready_to_list,INV-005924
2026-08-31T23:59:59-04:00,SGW-UNSOLD-001077,GW-017,ready_to_list,INV-005925
2026-08-31T23:59:59-04:00,SGW-UNSOLD-001078,GW-002,ready_to_list,INV-005926
2026-08-31T23:59:59-04:00,SGW-UNSOLD-001079,GW-002,ready_to_list,INV-005927
2026-08-31T23:59:59-04:00,SGW-UNSOLD-001080,GW-024,ready_to_list,INV-005928
2026-08-31T23:59:59-04:00,SGW-UNSOLD-001081,GW-001,ready_to_list,INV-005929
2026-08-31T23:59:59-04:00,SGW-UNSOLD-001082,GW-002,ready_to_list,INV-005930
2026-08-31T23:59:59-04:00,SGW-UNSOLD-001083,GW-004,ready_to_list,INV-005931
2026-08-31T23:59:59-04:00,SGW-UNSOLD-001084,GW-018,ready_to_list,INV-005932
2026-08-31T23:59:59-04:00,SGW-UNSOLD-001085,GW-004,listed,INV-005933
2026-08-31T23:59:59-04:00,SGW-UNSOLD-001086,GW-008,ready_to_list,INV-005934
2026-08-31T23:59:59-04:00,SGW-UNSOLD-001087,GW-009,listed,INV-005935
2026-08-31T23:59:59-04:00,SGW-UNSOLD-001089,GW-009,ready_to_list,INV-005936
2026-08-31T23:59:59-04:00,SGW-UNSOLD-001090,GW-022,ready_to_list,INV-005937
2026-08-31T23:59:59-04:00,SGW-UNSOLD-001092,GW-001,ready_to_list,INV-005938
2026-08-31T23:59:59-04:00,SGW-UNSOLD-001093,GW-018,ready_to_list,INV-005939
2026-08-31T23:59:59-04:00,SGW-UNSOLD-001095,GW-008,ready_to_list,INV-005940
2026-08-31T23:59:59-04:00,SGW-UNSOLD-001096,GW-011,ready_to_list,INV-005941
2026-08-31T23:59:59-04:00,SGW-UNSOLD-001097,GW-018,ready_to_list,INV-005942
2026-08-31T23:59:59-04:00,SGW-UNSOLD-001098,GW-016,listed,INV-005943
2026-08-31T23:59:59-04:00,SGW-UNSOLD-001100,GW-008,ready_to_list,INV-005944
2026-08-31T23:59:59-04:00,SGW-UNSOLD-001101,GW-004,listed,INV-005945
2026-08-31T23:59:59-04:00,SGW-UNSOLD-001103,GW-013,ready_to_list,INV-005946
2026-08-31T23:59:59-04:00,SGW-UNSOLD-001104,GW-022,received,INV-005947
2026-08-31T23:59:59-04:00,SGW-UNSOLD-001105,GW-001,listed,INV-005948
2026-08-31T23:59:59-04:00,SGW-UNSOLD-001106,GW-005,listed,INV-005949
2026-08-31T23:59:59-04:00,SGW-UNSOLD-001108,GW-024,ready_to_list,INV-005950
2026-08-31T23:59:59-04:00,SGW-UNSOLD-001109,GW-024,listed,INV-005951
2026-08-31T23:59:59-04:00,SGW-UNSOLD-001110,GW-011,ready_to_list,INV-005952
2026-08-31T23:59:59-04:00,SGW-UNSOLD-001111,GW-010,ready_to_list,INV-005953
2026-08-31T23:59:59-04:00,SGW-UNSOLD-001112,GW-009,awaiting_inspection,INV-005954
2026-08-31T23:59:59-04:00,SGW-UNSOLD-001114,GW-013,awaiting_inspection,INV-005955
2026-08-31T23:59:59-04:00,SGW-UNSOLD-001117,GW-011,received,INV-005956
2026-08-31T23:59:59-04:00,SGW-UNSOLD-001118,GW-014,ready_to_list,INV-005957
2026-08-31T23:59:59-04:00,SGW-UNSOLD-001119,GW-009,ready_to_list,INV-005958
2026-08-31T23:59:59-04:00,SGW-UNSOLD-001121,GW-007,ready_to_list,INV-005959
2026-08-31T23:59:59-04:00,SGW-UNSOLD-001123,GW-016,listed,INV-005960
2026-08-31T23:59:59-04:00,SGW-UNSOLD-001124,GW-024,listed,INV-005961
2026-08-31T23:59:59-04:00,SGW-UNSOLD-001125,GW-012,listed,INV-005962
2026-08-31T23:59:59-04:00,SGW-UNSOLD-001127,GW-016,ready_to_list,INV-005963
2026-08-31T23:59:59-04:00,SGW-UNSOLD-001131,GW-020,ready_to_list,INV-005964
2026-08-31T23:59:59-04:00,SGW-UNSOLD-001132,GW-003,ready_to_list,INV-005965
2026-08-31T23:59:59-04:00,SGW-UNSOLD-001133,GW-018,awaiting_photography,INV-005966
2026-08-31T23:59:59-04:00,SGW-UNSOLD-001134,GW-009,ready_to_list,INV-005967
2026-08-31T23:59:59-04:00,SGW-UNSOLD-001135,GW-021,listed,INV-005968
2026-08-31T23:59:59-04:00,SGW-UNSOLD-001136,GW-003,awaiting_photography,INV-005969
2026-08-31T23:59:59-04:00,SGW-UNSOLD-001137,GW-001,listed,INV-005970
2026-08-31T23:59:59-04:00,SGW-UNSOLD-001138,GW-023,listed,INV-005971
2026-08-31T23:59:59-04:00,SGW-UNSOLD-001139,GW-008,awaiting_inspection,INV-005972
2026-08-31T23:59:59-04:00,SGW-UNSOLD-001140,GW-007,ready_to_list,INV-005973
2026-08-31T23:59:59-04:00,SGW-UNSOLD-001141,GW-011,listed,INV-005974
2026-08-31T23:59:59-04:00,SGW-UNSOLD-001142,GW-008,ready_to_list,INV-005975
2026-08-31T23:59:59-04:00,SGW-UNSOLD-001143,GW-008,ready_to_list,INV-005976
2026-08-31T23:59:59-04:00,SGW-UNSOLD-001144,GW-002,listed,INV-005977
2026-08-31T23:59:59-04:00,SGW-UNSOLD-001145,GW-021,received,INV-005978
2026-08-31T23:59:59-04:00,SGW-UNSOLD-001146,GW-018,listed,INV-005979
2026-08-31T23:59:59-04:00,SGW-UNSOLD-001147,GW-009,ready_to_list,INV-005980
2026-08-31T23:59:59-04:00,SGW-UNSOLD-001149,GW-001,ready_to_list,INV-005981
2026-08-31T23:59:59-04:00,SGW-UNSOLD-001151,GW-008,listed,INV-005982
2026-08-31T23:59:59-04:00,SGW-UNSOLD-001152,GW-020,listed,INV-005983
2026-08-31T23:59:59-04:00,SGW-UNSOLD-001154,GW-017,listed,INV-005984
2026-08-31T23:59:59-04:00,SGW-UNSOLD-001155,GW-016,listed,INV-005985
2026-08-31T23:59:59-04:00,SGW-UNSOLD-001157,GW-022,awaiting_photography,INV-005986
2026-08-31T23:59:59-04:00,SGW-UNSOLD-001158,GW-014,awaiting_photography,INV-005987
2026-08-31T23:59:59-04:00,SGW-UNSOLD-001159,GW-017,received,INV-005988
2026-08-31T23:59:59-04:00,SGW-UNSOLD-001163,GW-017,listed,INV-005989
2026-08-31T23:59:59-04:00,SGW-UNSOLD-001164,GW-004,listed,INV-005990
2026-08-31T23:59:59-04:00,SGW-UNSOLD-001165,GW-007,listed,INV-005991
2026-08-31T23:59:59-04:00,SGW-UNSOLD-001166,GW-009,ready_to_list,INV-005992
2026-08-31T23:59:59-04:00,SGW-UNSOLD-001167,GW-024,listed,INV-005993
2026-08-31T23:59:59-04:00,SGW-UNSOLD-001168,GW-001,awaiting_photography,INV-005994
2026-08-31T23:59:59-04:00,SGW-UNSOLD-001169,GW-012,listed,INV-005995
2026-08-31T23:59:59-04:00,SGW-UNSOLD-001170,GW-004,ready_to_list,INV-005996
2026-08-31T23:59:59-04:00,SGW-UNSOLD-001171,GW-022,awaiting_inspection,INV-005997
2026-08-31T23:59:59-04:00,SGW-UNSOLD-001173,GW-013,received,INV-005998
2026-08-31T23:59:59-04:00,SGW-UNSOLD-001175,GW-018,listed,INV-005999
2026-08-31T23:59:59-04:00,SGW-UNSOLD-001176,GW-004,ready_to_list,INV-006000
2026-08-31T23:59:59-04:00,SGW-UNSOLD-001178,GW-022,listed,INV-006001
2026-08-31T23:59:59-04:00,SGW-UNSOLD-001179,GW-021,ready_to_list,INV-006002
2026-08-31T23:59:59-04:00,SGW-UNSOLD-001180,GW-015,listed,INV-006003
2026-08-31T23:59:59-04:00,SGW-UNSOLD-001181,GW-009,listed,INV-006004
2026-08-31T23:59:59-04:00,SGW-UNSOLD-001182,GW-004,received,INV-006005
2026-08-31T23:59:59-04:00,SGW-UNSOLD-001183,GW-016,ready_to_list,INV-006006
2026-08-31T23:59:59-04:00,SGW-UNSOLD-001184,GW-011,ready_to_list,INV-006007
2026-08-31T23:59:59-04:00,SGW-UNSOLD-001185,GW-012,ready_to_list,INV-006008
2026-08-31T23:59:59-04:00,SGW-UNSOLD-001187,GW-024,listed,INV-006009
2026-08-31T23:59:59-04:00,SGW-UNSOLD-001188,GW-014,ready_to_list,INV-006010
2026-08-31T23:59:59-04:00,SGW-UNSOLD-001189,GW-016,listed,INV-006011
2026-08-31T23:59:59-04:00,SGW-UNSOLD-001192,GW-017,listed,INV-006012
2026-08-31T23:59:59-04:00,SGW-UNSOLD-001193,GW-011,ready_to_list,INV-006013
2026-08-31T23:59:59-04:00,SGW-UNSOLD-001194,GW-019,listed,INV-006014
2026-08-31T23:59:59-04:00,SGW-UNSOLD-001195,GW-009,listed,INV-006015
2026-08-31T23:59:59-04:00,SGW-UNSOLD-001196,GW-011,ready_to_list,INV-006016
2026-08-31T23:59:59-04:00,SGW-UNSOLD-001197,GW-010,awaiting_photography,INV-006017
2026-08-31T23:59:59-04:00,SGW-UNSOLD-001198,GW-001,received,INV-006018
2026-08-31T23:59:59-04:00,SGW-UNSOLD-001199,GW-016,listed,INV-006019
