item_id,platform,store_id,title,category,condition,received_at,listed_at,sold_at,canceled_at,listing_id,synthetic
EB-ITM-000001,eBay,GW-012,"Illustrated field guide, revised edition",Books,Used - Acceptable,2026-07-21T09:00:00-04:00,2026-07-31T11:00:00-04:00,2026-08-25T17:00:00-04:00,,EB-LST-000001,true
EB-ITM-000002,eBay,GW-004,"Canon EF zoom lens, 75–300mm",Electronics,Used - Very Good,2026-07-08T09:00:00-04:00,2026-07-17T11:00:00-04:00,2026-08-15T17:00:00-04:00,,EB-LST-000002,true
EB-ITM-000003,eBay,GW-022,"Illustrated field guide, revised edition",Books,Used - Very Good,2026-07-12T09:00:00-04:00,2026-07-24T11:00:00-04:00,2026-08-28T17:00:00-04:00,,EB-LST-000003,true
EB-ITM-000004,eBay,GW-001,"Craftsman socket set, 32 pieces",Tools,Used - Acceptable,2026-08-08T09:00:00-04:00,2026-08-10T11:00:00-04:00,2026-08-29T17:00:00-04:00,,EB-LST-000004,true
EB-ITM-000005,eBay,GW-015,"Model train locomotive, boxed",Collectibles,Used - Acceptable,2026-07-24T09:00:00-04:00,2026-08-06T11:00:00-04:00,2026-08-25T17:00:00-04:00,,EB-LST-000005,true
EB-ITM-000006,eBay,GW-012,Vintage Pyrex mixing bowl set,Collectibles,Used - Very Good,2026-08-02T09:00:00-04:00,2026-08-13T11:00:00-04:00,2026-08-17T17:00:00-04:00,,EB-LST-000006,true
EB-ITM-000007,eBay,GW-001,"Patagonia fleece jacket, size M",Apparel,Used - Good,2026-07-17T09:00:00-04:00,2026-07-30T11:00:00-04:00,2026-08-30T17:00:00-04:00,,EB-LST-000007,true
EB-ITM-000008,eBay,GW-013,"DeWalt cordless drill, tool only",Tools,For parts / repair,2026-08-14T09:00:00-04:00,2026-08-25T11:00:00-04:00,2026-08-30T17:00:00-04:00,,EB-LST-000008,true
EB-ITM-000009,eBay,GW-014,KitchenAid hand mixer with beaters,Home,Used - Very Good,2026-07-22T09:00:00-04:00,2026-08-01T11:00:00-04:00,2026-08-12T17:00:00-04:00,,EB-LST-000009,true
EB-ITM-000010,eBay,GW-002,Vintage Pyrex mixing bowl set,Collectibles,Used - Good,2026-07-17T09:00:00-04:00,2026-07-29T11:00:00-04:00,2026-08-18T17:00:00-04:00,,EB-LST-000010,true
EB-ITM-000011,eBay,GW-009,"Bose portable speaker, cosmetic wear",Electronics,For parts / repair,2026-07-31T09:00:00-04:00,2026-08-12T11:00:00-04:00,2026-08-16T17:00:00-04:00,,EB-LST-000011,true
EB-ITM-000012,eBay,GW-005,KitchenAid hand mixer with beaters,Home,Used - Acceptable,2026-07-24T09:00:00-04:00,2026-07-27T11:00:00-04:00,2026-08-29T17:00:00-04:00,,EB-LST-000012,true
EB-ITM-000013,eBay,GW-022,"Levi's denim jacket, size L",Apparel,Used - Very Good,2026-07-16T09:00:00-04:00,2026-07-28T11:00:00-04:00,2026-08-19T17:00:00-04:00,,EB-LST-000013,true
EB-ITM-000014,eBay,GW-018,"Vintage cassette deck, powers on",Electronics,For parts / repair,2026-07-01T09:00:00-04:00,2026-07-14T11:00:00-04:00,2026-08-04T17:00:00-04:00,,EB-LST-000014,true
EB-ITM-000015,eBay,GW-004,"Estate postcard collection, 80 pieces",Collectibles,Used - Acceptable,2026-07-19T09:00:00-04:00,2026-07-30T11:00:00-04:00,2026-08-05T17:00:00-04:00,,EB-LST-000015,true
EB-ITM-000016,eBay,GW-017,Signed studio pottery vase,Collectibles,Used - Very Good,2026-08-06T09:00:00-04:00,2026-08-19T11:00:00-04:00,2026-08-22T17:00:00-04:00,2026-08-29T21:00:00-04:00,EB-LST-000016,true
EB-ITM-000017,eBay,GW-009,Vintage costume jewelry lot,Jewelry,Used - Acceptable,2026-07-22T09:00:00-04:00,2026-07-24T11:00:00-04:00,2026-08-25T17:00:00-04:00,,EB-LST-000017,true
EB-ITM-000018,eBay,GW-020,Sony stereo receiver — tested,Electronics,Used - Acceptable,2026-07-29T09:00:00-04:00,2026-08-07T11:00:00-04:00,2026-08-19T17:00:00-04:00,,EB-LST-000018,true
EB-ITM-000019,eBay,GW-003,"Brass table lamp, tested",Home,Used - Acceptable,2026-07-26T09:00:00-04:00,2026-08-04T11:00:00-04:00,2026-08-09T17:00:00-04:00,,EB-LST-000019,true
EB-ITM-000020,eBay,GW-018,"Brass table lamp, tested",Home,Used - Very Good,2026-07-26T09:00:00-04:00,2026-08-08T11:00:00-04:00,2026-08-15T17:00:00-04:00,,EB-LST-000020,true
EB-ITM-000021,eBay,GW-014,"Golf iron set, right handed",Sporting Goods,Used - Very Good,2026-07-16T09:00:00-04:00,2026-07-23T11:00:00-04:00,2026-08-06T17:00:00-04:00,,EB-LST-000021,true
EB-ITM-000022,eBay,GW-009,"Handwoven wool rug, 3 × 5 ft",Home,Used - Good,2026-07-18T09:00:00-04:00,2026-07-23T11:00:00-04:00,2026-08-02T17:00:00-04:00,,EB-LST-000022,true
EB-ITM-000023,eBay,GW-020,"Levi's denim jacket, size L",Apparel,For parts / repair,2026-07-21T09:00:00-04:00,2026-07-31T11:00:00-04:00,2026-08-27T17:00:00-04:00,,EB-LST-000023,true
EB-ITM-000024,eBay,GW-024,"Sterling ring, size 7",Jewelry,Used - Acceptable,2026-08-12T09:00:00-04:00,2026-08-17T11:00:00-04:00,2026-08-28T17:00:00-04:00,,EB-LST-000024,true
EB-ITM-000025,eBay,GW-012,"Travel duffel, navy",Accessories,Used - Good,2026-08-17T09:00:00-04:00,2026-08-19T11:00:00-04:00,2026-08-27T17:00:00-04:00,,EB-LST-000025,true
EB-ITM-000026,eBay,GW-024,"Sterling ring, size 7",Jewelry,For parts / repair,2026-07-09T09:00:00-04:00,2026-07-23T11:00:00-04:00,2026-08-20T17:00:00-04:00,,EB-LST-000026,true
EB-ITM-000027,eBay,GW-021,"Patagonia fleece jacket, size M",Apparel,Used - Very Good,2026-07-28T09:00:00-04:00,2026-08-11T11:00:00-04:00,2026-08-14T17:00:00-04:00,,EB-LST-000027,true
EB-ITM-000028,eBay,GW-020,"Bose portable speaker, cosmetic wear",Electronics,Used - Good,2026-07-09T09:00:00-04:00,2026-07-16T11:00:00-04:00,2026-08-06T17:00:00-04:00,,EB-LST-000028,true
EB-ITM-000029,eBay,GW-024,"Digital multimeter, tested",Tools,Used - Very Good,2026-07-30T09:00:00-04:00,2026-08-03T11:00:00-04:00,2026-08-26T17:00:00-04:00,,EB-LST-000029,true
EB-ITM-000030,eBay,GW-024,"Canon EF zoom lens, 75–300mm",Electronics,Used - Good,2026-07-31T09:00:00-04:00,2026-08-07T11:00:00-04:00,2026-08-27T17:00:00-04:00,,EB-LST-000030,true
EB-ITM-000031,eBay,GW-008,"Bose portable speaker, cosmetic wear",Electronics,For parts / repair,2026-07-29T09:00:00-04:00,2026-07-30T11:00:00-04:00,2026-08-05T17:00:00-04:00,,EB-LST-000031,true
EB-ITM-000032,eBay,GW-009,"Bose portable speaker, cosmetic wear",Electronics,For parts / repair,2026-07-14T09:00:00-04:00,2026-07-26T11:00:00-04:00,2026-08-25T17:00:00-04:00,,EB-LST-000032,true
EB-ITM-000033,eBay,GW-012,Engineering reference manual,Books,For parts / repair,2026-07-31T09:00:00-04:00,2026-08-01T11:00:00-04:00,2026-08-28T17:00:00-04:00,,EB-LST-000033,true
EB-ITM-000034,eBay,GW-015,"Sterling ring, size 7",Jewelry,Used - Acceptable,2026-07-21T09:00:00-04:00,2026-07-27T11:00:00-04:00,2026-08-12T17:00:00-04:00,,EB-LST-000034,true
EB-ITM-000035,eBay,GW-006,"Wool cardigan, size S",Apparel,Used - Very Good,2026-07-30T09:00:00-04:00,2026-08-10T11:00:00-04:00,2026-08-30T17:00:00-04:00,,EB-LST-000035,true
EB-ITM-000036,eBay,GW-006,"Golf iron set, right handed",Sporting Goods,Used - Good,2026-06-27T09:00:00-04:00,2026-07-07T11:00:00-04:00,2026-08-07T17:00:00-04:00,,EB-LST-000036,true
EB-ITM-000037,eBay,GW-006,"Illustrated field guide, revised edition",Books,Used - Acceptable,2026-08-10T09:00:00-04:00,2026-08-13T11:00:00-04:00,2026-08-30T17:00:00-04:00,,EB-LST-000037,true
EB-ITM-000038,eBay,GW-021,Signed studio pottery vase,Collectibles,Used - Acceptable,2026-07-18T09:00:00-04:00,2026-07-23T11:00:00-04:00,2026-08-30T17:00:00-04:00,,EB-LST-000038,true
EB-ITM-000039,eBay,GW-003,KitchenAid hand mixer with beaters,Home,For parts / repair,2026-07-29T09:00:00-04:00,2026-08-01T11:00:00-04:00,2026-08-18T17:00:00-04:00,,EB-LST-000039,true
EB-ITM-000040,eBay,GW-009,"Handwoven wool rug, 3 × 5 ft",Home,Used - Acceptable,2026-07-22T09:00:00-04:00,2026-08-02T11:00:00-04:00,2026-08-31T17:00:00-04:00,,EB-LST-000040,true
EB-ITM-000041,eBay,GW-012,"Patagonia fleece jacket, size M",Apparel,For parts / repair,2026-07-30T09:00:00-04:00,2026-08-05T11:00:00-04:00,2026-08-22T17:00:00-04:00,,EB-LST-000041,true
EB-ITM-000042,eBay,GW-020,"Vintage concert T-shirt, size XL",Apparel,Used - Very Good,2026-06-29T09:00:00-04:00,2026-07-09T11:00:00-04:00,2026-08-11T17:00:00-04:00,,EB-LST-000042,true
EB-ITM-000043,eBay,GW-016,KitchenAid hand mixer with beaters,Home,Used - Very Good,2026-07-17T09:00:00-04:00,2026-07-20T11:00:00-04:00,2026-08-18T17:00:00-04:00,,EB-LST-000043,true
EB-ITM-000044,eBay,GW-012,"Vintage cassette deck, powers on",Electronics,Used - Acceptable,2026-08-06T09:00:00-04:00,2026-08-13T11:00:00-04:00,2026-08-29T17:00:00-04:00,,EB-LST-000044,true
EB-ITM-000045,eBay,GW-010,"Golf iron set, right handed",Sporting Goods,Used - Very Good,2026-07-11T09:00:00-04:00,2026-07-15T11:00:00-04:00,2026-08-17T17:00:00-04:00,,EB-LST-000045,true
EB-ITM-000046,eBay,GW-007,"Canon EF zoom lens, 75–300mm",Electronics,Used - Very Good,2026-06-22T09:00:00-04:00,2026-07-02T11:00:00-04:00,2026-08-02T17:00:00-04:00,,EB-LST-000046,true
EB-ITM-000047,eBay,GW-024,Tennis racquet pair with covers,Sporting Goods,For parts / repair,2026-07-12T09:00:00-04:00,2026-07-24T11:00:00-04:00,2026-08-10T17:00:00-04:00,,EB-LST-000047,true
EB-ITM-000048,eBay,GW-024,"Stoneware dinner service, 12 pieces",Home,Used - Very Good,2026-07-21T09:00:00-04:00,2026-08-03T11:00:00-04:00,2026-08-12T17:00:00-04:00,,EB-LST-000048,true
EB-ITM-000049,eBay,GW-015,Nintendo DS console with charger,Electronics,For parts / repair,2026-07-21T09:00:00-04:00,2026-08-03T11:00:00-04:00,2026-08-13T17:00:00-04:00,,EB-LST-000049,true
EB-ITM-000050,eBay,GW-008,"Silk scarf, floral print",Accessories,Used - Very Good,2026-07-29T09:00:00-04:00,2026-08-02T11:00:00-04:00,2026-08-30T17:00:00-04:00,,EB-LST-000050,true
EB-ITM-000051,eBay,GW-008,Vintage Pyrex mixing bowl set,Collectibles,Used - Very Good,2026-07-31T09:00:00-04:00,2026-08-11T11:00:00-04:00,2026-08-21T17:00:00-04:00,,EB-LST-000051,true
EB-ITM-000052,eBay,GW-020,Hardcover regional cookbook,Books,Used - Acceptable,2026-07-01T09:00:00-04:00,2026-07-12T11:00:00-04:00,2026-08-10T17:00:00-04:00,,EB-LST-000052,true
EB-ITM-000053,eBay,GW-024,"DeWalt cordless drill, tool only",Tools,Used - Good,2026-07-02T09:00:00-04:00,2026-07-16T11:00:00-04:00,2026-08-20T17:00:00-04:00,,EB-LST-000053,true
EB-ITM-000054,eBay,GW-016,Vintage belt with brass buckle,Accessories,Used - Very Good,2026-08-05T09:00:00-04:00,2026-08-06T11:00:00-04:00,2026-08-16T17:00:00-04:00,,EB-LST-000054,true
EB-ITM-000055,eBay,GW-009,"Vintage cassette deck, powers on",Electronics,For parts / repair,2026-07-04T09:00:00-04:00,2026-07-08T11:00:00-04:00,2026-08-05T17:00:00-04:00,,EB-LST-000055,true
EB-ITM-000056,eBay,GW-002,"Vintage cassette deck, powers on",Electronics,Used - Good,2026-07-21T09:00:00-04:00,2026-07-26T11:00:00-04:00,2026-08-04T17:00:00-04:00,,EB-LST-000056,true
EB-ITM-000057,eBay,GW-009,"Vintage cassette deck, powers on",Electronics,Used - Good,2026-07-22T09:00:00-04:00,2026-07-25T11:00:00-04:00,2026-08-05T17:00:00-04:00,,EB-LST-000057,true
EB-ITM-000058,eBay,GW-018,Engineering reference manual,Books,For parts / repair,2026-08-04T09:00:00-04:00,2026-08-18T11:00:00-04:00,2026-08-20T17:00:00-04:00,,EB-LST-000058,true
EB-ITM-000059,eBay,GW-005,"Bose portable speaker, cosmetic wear",Electronics,Used - Good,2026-07-08T09:00:00-04:00,2026-07-15T11:00:00-04:00,2026-08-01T17:00:00-04:00,,EB-LST-000059,true
EB-ITM-000060,eBay,GW-016,Vintage belt with brass buckle,Accessories,For parts / repair,2026-07-13T09:00:00-04:00,2026-07-14T11:00:00-04:00,2026-08-02T17:00:00-04:00,,EB-LST-000060,true
EB-ITM-000061,eBay,GW-008,Vintage Stanley hand plane,Tools,Used - Good,2026-08-02T09:00:00-04:00,2026-08-03T11:00:00-04:00,2026-08-05T17:00:00-04:00,,EB-LST-000061,true
EB-ITM-000062,eBay,GW-002,"Estate postcard collection, 80 pieces",Collectibles,Used - Very Good,2026-07-23T09:00:00-04:00,2026-08-03T11:00:00-04:00,2026-08-31T17:00:00-04:00,,EB-LST-000062,true
EB-ITM-000063,eBay,GW-023,"Mystery paperback lot, 6 books",Books,Used - Acceptable,2026-07-27T09:00:00-04:00,2026-08-06T11:00:00-04:00,2026-08-10T17:00:00-04:00,,EB-LST-000063,true
EB-ITM-000064,eBay,GW-023,"Sterling silver necklace, 18 inch",Jewelry,Used - Very Good,2026-06-23T09:00:00-04:00,2026-07-05T11:00:00-04:00,2026-08-03T17:00:00-04:00,,EB-LST-000064,true
EB-ITM-000065,eBay,GW-022,"Art history volume, dust jacket",Books,Used - Acceptable,2026-07-03T09:00:00-04:00,2026-07-14T11:00:00-04:00,2026-08-08T17:00:00-04:00,,EB-LST-000065,true
EB-ITM-000066,eBay,GW-016,"Vintage cassette deck, powers on",Electronics,Used - Acceptable,2026-08-02T09:00:00-04:00,2026-08-08T11:00:00-04:00,2026-08-30T17:00:00-04:00,,EB-LST-000066,true
EB-ITM-000067,eBay,GW-020,"Estate postcard collection, 80 pieces",Collectibles,Used - Very Good,2026-07-11T09:00:00-04:00,2026-07-19T11:00:00-04:00,2026-08-05T17:00:00-04:00,,EB-LST-000067,true
EB-ITM-000068,eBay,GW-005,Tennis racquet pair with covers,Sporting Goods,For parts / repair,2026-07-29T09:00:00-04:00,2026-08-04T11:00:00-04:00,2026-08-31T17:00:00-04:00,,EB-LST-000068,true
EB-ITM-000069,eBay,GW-014,Nintendo DS console with charger,Electronics,For parts / repair,2026-08-09T09:00:00-04:00,2026-08-19T11:00:00-04:00,2026-08-31T17:00:00-04:00,,EB-LST-000069,true
EB-ITM-000070,eBay,GW-020,Tennis racquet pair with covers,Sporting Goods,Used - Good,2026-07-31T09:00:00-04:00,2026-08-03T11:00:00-04:00,2026-08-17T17:00:00-04:00,,EB-LST-000070,true
EB-ITM-000071,eBay,GW-012,"Levi's denim jacket, size L",Apparel,Used - Very Good,2026-08-03T09:00:00-04:00,2026-08-07T11:00:00-04:00,2026-08-23T17:00:00-04:00,,EB-LST-000071,true
EB-ITM-000072,eBay,GW-004,"Canon EF zoom lens, 75–300mm",Electronics,Used - Acceptable,2026-07-30T09:00:00-04:00,2026-08-05T11:00:00-04:00,2026-08-24T17:00:00-04:00,,EB-LST-000072,true
EB-ITM-000073,eBay,GW-016,"Handwoven wool rug, 3 × 5 ft",Home,For parts / repair,2026-07-29T09:00:00-04:00,2026-08-08T11:00:00-04:00,2026-08-11T17:00:00-04:00,,EB-LST-000073,true
EB-ITM-000074,eBay,GW-020,"Brass table lamp, tested",Home,Used - Very Good,2026-07-16T09:00:00-04:00,2026-07-22T11:00:00-04:00,2026-08-29T17:00:00-04:00,,EB-LST-000074,true
EB-ITM-000075,eBay,GW-008,"Patagonia fleece jacket, size M",Apparel,For parts / repair,2026-08-10T09:00:00-04:00,2026-08-12T11:00:00-04:00,2026-08-28T17:00:00-04:00,,EB-LST-000075,true
EB-ITM-000076,eBay,GW-012,"Sterling silver necklace, 18 inch",Jewelry,Used - Acceptable,2026-07-29T09:00:00-04:00,2026-08-01T11:00:00-04:00,2026-08-14T17:00:00-04:00,,EB-LST-000076,true
EB-ITM-000077,eBay,GW-001,Engineering reference manual,Books,Used - Acceptable,2026-07-25T09:00:00-04:00,2026-08-04T11:00:00-04:00,2026-08-30T17:00:00-04:00,,EB-LST-000077,true
EB-ITM-000078,eBay,GW-016,Nintendo DS console with charger,Electronics,Used - Good,2026-07-29T09:00:00-04:00,2026-08-02T11:00:00-04:00,2026-08-20T17:00:00-04:00,,EB-LST-000078,true
EB-ITM-000079,eBay,GW-001,Fishing reel with spare spool,Sporting Goods,Used - Good,2026-07-07T09:00:00-04:00,2026-07-13T11:00:00-04:00,2026-08-20T17:00:00-04:00,,EB-LST-000079,true
EB-ITM-000080,eBay,GW-015,"Brass table lamp, tested",Home,For parts / repair,2026-08-14T09:00:00-04:00,2026-08-15T11:00:00-04:00,2026-08-27T17:00:00-04:00,,EB-LST-000080,true
EB-ITM-000081,eBay,GW-010,"Handwoven wool rug, 3 × 5 ft",Home,Used - Good,2026-08-11T09:00:00-04:00,2026-08-16T11:00:00-04:00,2026-08-23T17:00:00-04:00,,EB-LST-000081,true
EB-ITM-000082,eBay,GW-004,"Model train locomotive, boxed",Collectibles,Used - Good,2026-07-16T09:00:00-04:00,2026-07-26T11:00:00-04:00,2026-08-10T17:00:00-04:00,,EB-LST-000082,true
EB-ITM-000083,eBay,GW-009,"DeWalt cordless drill, tool only",Tools,Used - Acceptable,2026-06-16T09:00:00-04:00,2026-06-26T11:00:00-04:00,2026-08-01T17:00:00-04:00,,EB-LST-000083,true
EB-ITM-000084,eBay,GW-009,Tennis racquet pair with covers,Sporting Goods,Used - Acceptable,2026-07-05T09:00:00-04:00,2026-07-07T11:00:00-04:00,2026-08-03T17:00:00-04:00,,EB-LST-000084,true
EB-ITM-000085,eBay,GW-007,"Bose portable speaker, cosmetic wear",Electronics,Used - Good,2026-07-18T09:00:00-04:00,2026-07-20T11:00:00-04:00,2026-08-07T17:00:00-04:00,,EB-LST-000085,true
EB-ITM-000086,eBay,GW-017,Nintendo DS console with charger,Electronics,For parts / repair,2026-07-21T09:00:00-04:00,2026-08-01T11:00:00-04:00,2026-08-31T17:00:00-04:00,,EB-LST-000086,true
EB-ITM-000087,eBay,GW-007,KitchenAid hand mixer with beaters,Home,Used - Very Good,2026-07-12T09:00:00-04:00,2026-07-16T11:00:00-04:00,2026-08-04T17:00:00-04:00,,EB-LST-000087,true
EB-ITM-000088,eBay,GW-012,"Estate postcard collection, 80 pieces",Collectibles,For parts / repair,2026-07-16T09:00:00-04:00,2026-07-17T11:00:00-04:00,2026-08-07T17:00:00-04:00,,EB-LST-000088,true
EB-ITM-000089,eBay,GW-014,"Wool cardigan, size S",Apparel,Used - Good,2026-06-20T09:00:00-04:00,2026-06-27T11:00:00-04:00,2026-08-02T17:00:00-04:00,,EB-LST-000089,true
EB-ITM-000090,eBay,GW-019,"Golf iron set, right handed",Sporting Goods,Used - Good,2026-07-31T09:00:00-04:00,2026-08-12T11:00:00-04:00,2026-08-30T17:00:00-04:00,,EB-LST-000090,true
EB-ITM-000091,eBay,GW-020,Nintendo DS console with charger,Electronics,Used - Good,2026-08-05T09:00:00-04:00,2026-08-17T11:00:00-04:00,2026-08-30T17:00:00-04:00,,EB-LST-000091,true
EB-ITM-000092,eBay,GW-020,"Model train locomotive, boxed",Collectibles,For parts / repair,2026-07-16T09:00:00-04:00,2026-07-28T11:00:00-04:00,2026-08-04T17:00:00-04:00,,EB-LST-000092,true
EB-ITM-000093,eBay,GW-004,Nintendo DS console with charger,Electronics,Used - Acceptable,2026-08-17T09:00:00-04:00,2026-08-18T11:00:00-04:00,2026-08-26T17:00:00-04:00,,EB-LST-000093,true
EB-ITM-000094,eBay,GW-016,"Estate postcard collection, 80 pieces",Collectibles,Used - Very Good,2026-08-01T09:00:00-04:00,2026-08-10T11:00:00-04:00,2026-08-29T17:00:00-04:00,,EB-LST-000094,true
EB-ITM-000095,eBay,GW-006,Engineering reference manual,Books,Used - Acceptable,2026-07-19T09:00:00-04:00,2026-07-28T11:00:00-04:00,2026-08-29T17:00:00-04:00,,EB-LST-000095,true
EB-ITM-000096,eBay,GW-024,"Die-cast vehicle lot, assorted",Collectibles,For parts / repair,2026-08-02T09:00:00-04:00,2026-08-11T11:00:00-04:00,2026-08-23T17:00:00-04:00,,EB-LST-000096,true
EB-ITM-000097,eBay,GW-003,"Vintage concert T-shirt, size XL",Apparel,For parts / repair,2026-07-19T09:00:00-04:00,2026-07-31T11:00:00-04:00,2026-08-31T17:00:00-04:00,,EB-LST-000097,true
EB-ITM-000098,eBay,GW-007,"Vintage cassette deck, powers on",Electronics,Used - Very Good,2026-06-18T09:00:00-04:00,2026-06-27T11:00:00-04:00,2026-08-04T17:00:00-04:00,,EB-LST-000098,true
EB-ITM-000099,eBay,GW-009,Nintendo DS console with charger,Electronics,Used - Very Good,2026-07-05T09:00:00-04:00,2026-07-16T11:00:00-04:00,2026-08-09T17:00:00-04:00,,EB-LST-000099,true
EB-ITM-000100,eBay,GW-018,Fishing reel with spare spool,Sporting Goods,For parts / repair,2026-06-28T09:00:00-04:00,2026-07-06T11:00:00-04:00,2026-08-10T17:00:00-04:00,,EB-LST-000100,true
EB-ITM-000101,eBay,GW-001,"Craftsman socket set, 32 pieces",Tools,Used - Very Good,2026-07-17T09:00:00-04:00,2026-07-30T11:00:00-04:00,2026-08-31T17:00:00-04:00,,EB-LST-000101,true
EB-ITM-000102,eBay,GW-003,"Levi's denim jacket, size L",Apparel,Used - Good,2026-07-06T09:00:00-04:00,2026-07-13T11:00:00-04:00,2026-08-08T17:00:00-04:00,,EB-LST-000102,true
EB-ITM-000103,eBay,GW-001,"Gold-tone wristwatch, untested",Jewelry,Used - Good,2026-07-25T09:00:00-04:00,2026-08-01T11:00:00-04:00,2026-08-18T17:00:00-04:00,,EB-LST-000103,true
EB-ITM-000104,eBay,GW-022,Engineering reference manual,Books,For parts / repair,2026-08-01T09:00:00-04:00,2026-08-08T11:00:00-04:00,2026-08-18T17:00:00-04:00,,EB-LST-000104,true
EB-ITM-000105,eBay,GW-007,"Golf iron set, right handed",Sporting Goods,For parts / repair,2026-07-03T09:00:00-04:00,2026-07-07T11:00:00-04:00,2026-08-05T17:00:00-04:00,,EB-LST-000105,true
EB-ITM-000106,eBay,GW-014,"DeWalt cordless drill, tool only",Tools,For parts / repair,2026-07-16T09:00:00-04:00,2026-07-30T11:00:00-04:00,2026-08-22T17:00:00-04:00,,EB-LST-000106,true
EB-ITM-000107,eBay,GW-016,"Vintage cassette deck, powers on",Electronics,Used - Acceptable,2026-07-12T09:00:00-04:00,2026-07-15T11:00:00-04:00,2026-08-21T17:00:00-04:00,,EB-LST-000107,true
EB-ITM-000108,eBay,GW-004,"Bose portable speaker, cosmetic wear",Electronics,Used - Good,2026-08-17T09:00:00-04:00,2026-08-24T11:00:00-04:00,2026-08-29T17:00:00-04:00,,EB-LST-000108,true
EB-ITM-000109,eBay,GW-024,"Wool cardigan, size S",Apparel,Used - Very Good,2026-07-17T09:00:00-04:00,2026-07-22T11:00:00-04:00,2026-08-11T17:00:00-04:00,,EB-LST-000109,true
EB-ITM-000110,eBay,GW-023,"Estate postcard collection, 80 pieces",Collectibles,Used - Good,2026-08-10T09:00:00-04:00,2026-08-11T11:00:00-04:00,2026-08-30T17:00:00-04:00,,EB-LST-000110,true
EB-ITM-000111,eBay,GW-021,Nintendo DS console with charger,Electronics,Used - Very Good,2026-08-04T09:00:00-04:00,2026-08-06T11:00:00-04:00,2026-08-10T17:00:00-04:00,,EB-LST-000111,true
EB-ITM-000112,eBay,GW-001,"Canon EF zoom lens, 75–300mm",Electronics,Used - Good,2026-06-22T09:00:00-04:00,2026-07-02T11:00:00-04:00,2026-08-02T17:00:00-04:00,,EB-LST-000112,true
EB-ITM-000113,eBay,GW-009,"Sterling ring, size 7",Jewelry,Used - Good,2026-08-03T09:00:00-04:00,2026-08-15T11:00:00-04:00,2026-08-27T17:00:00-04:00,,EB-LST-000113,true
EB-ITM-000114,eBay,GW-001,Signed studio pottery vase,Collectibles,Used - Very Good,2026-07-13T09:00:00-04:00,2026-07-17T11:00:00-04:00,2026-08-02T17:00:00-04:00,,EB-LST-000114,true
EB-ITM-000115,eBay,GW-002,"Handwoven wool rug, 3 × 5 ft",Home,Used - Very Good,2026-07-30T09:00:00-04:00,2026-08-05T11:00:00-04:00,2026-08-15T17:00:00-04:00,,EB-LST-000115,true
EB-ITM-000116,eBay,GW-014,"Handwoven wool rug, 3 × 5 ft",Home,Used - Acceptable,2026-07-23T09:00:00-04:00,2026-07-31T11:00:00-04:00,2026-08-21T17:00:00-04:00,,EB-LST-000116,true
EB-ITM-000117,eBay,GW-008,"Estate postcard collection, 80 pieces",Collectibles,Used - Acceptable,2026-07-07T09:00:00-04:00,2026-07-14T11:00:00-04:00,2026-08-08T17:00:00-04:00,,EB-LST-000117,true
EB-ITM-000118,eBay,GW-003,"Bose portable speaker, cosmetic wear",Electronics,Used - Acceptable,2026-08-18T09:00:00-04:00,2026-08-23T11:00:00-04:00,2026-08-30T17:00:00-04:00,,EB-LST-000118,true
EB-ITM-000119,eBay,GW-012,"Model train locomotive, boxed",Collectibles,For parts / repair,2026-08-10T09:00:00-04:00,2026-08-20T11:00:00-04:00,2026-08-29T17:00:00-04:00,,EB-LST-000119,true
EB-ITM-000120,eBay,GW-015,"Wool cardigan, size S",Apparel,Used - Acceptable,2026-07-30T09:00:00-04:00,2026-08-10T11:00:00-04:00,2026-08-24T17:00:00-04:00,,EB-LST-000120,true
EB-ITM-000121,eBay,GW-002,Nintendo DS console with charger,Electronics,Used - Good,2026-07-09T09:00:00-04:00,2026-07-22T11:00:00-04:00,2026-08-23T17:00:00-04:00,,EB-LST-000121,true
EB-ITM-000122,eBay,GW-001,"Canon EF zoom lens, 75–300mm",Electronics,Used - Very Good,2026-07-21T09:00:00-04:00,2026-07-24T11:00:00-04:00,2026-08-27T17:00:00-04:00,,EB-LST-000122,true
EB-ITM-000123,eBay,GW-020,"Illustrated field guide, revised edition",Books,Used - Acceptable,2026-08-09T09:00:00-04:00,2026-08-12T11:00:00-04:00,2026-08-23T17:00:00-04:00,,EB-LST-000123,true
EB-ITM-000124,eBay,GW-016,"Vintage cassette deck, powers on",Electronics,Used - Very Good,2026-07-23T09:00:00-04:00,2026-08-03T11:00:00-04:00,2026-08-07T17:00:00-04:00,,EB-LST-000124,true
EB-ITM-000125,eBay,GW-023,"Leather tote bag, brown",Accessories,For parts / repair,2026-07-26T09:00:00-04:00,2026-08-04T11:00:00-04:00,2026-08-14T17:00:00-04:00,,EB-LST-000125,true
EB-ITM-000126,eBay,GW-018,"Vintage cassette deck, powers on",Electronics,Used - Acceptable,2026-07-15T09:00:00-04:00,2026-07-29T11:00:00-04:00,2026-08-24T17:00:00-04:00,,EB-LST-000126,true
EB-ITM-000127,eBay,GW-001,"Vintage concert T-shirt, size XL",Apparel,Used - Good,2026-07-24T09:00:00-04:00,2026-07-29T11:00:00-04:00,2026-08-09T17:00:00-04:00,,EB-LST-000127,true
EB-ITM-000128,eBay,GW-001,"Wool cardigan, size S",Apparel,For parts / repair,2026-07-10T09:00:00-04:00,2026-07-24T11:00:00-04:00,2026-08-18T17:00:00-04:00,,EB-LST-000128,true
EB-ITM-000129,eBay,GW-022,"Vintage cassette deck, powers on",Electronics,Used - Acceptable,2026-07-14T09:00:00-04:00,2026-07-23T11:00:00-04:00,2026-08-03T17:00:00-04:00,,EB-LST-000129,true
EB-ITM-000130,eBay,GW-016,Vintage Stanley hand plane,Tools,Used - Good,2026-07-28T09:00:00-04:00,2026-08-08T11:00:00-04:00,2026-08-30T17:00:00-04:00,,EB-LST-000130,true
EB-ITM-000131,eBay,GW-022,"Wool cardigan, size S",Apparel,Used - Good,2026-07-18T09:00:00-04:00,2026-07-31T11:00:00-04:00,2026-08-22T17:00:00-04:00,,EB-LST-000131,true
EB-ITM-000132,eBay,GW-014,Sony stereo receiver — tested,Electronics,Used - Acceptable,2026-07-20T09:00:00-04:00,2026-08-02T11:00:00-04:00,2026-08-05T17:00:00-04:00,,EB-LST-000132,true
EB-ITM-000133,eBay,GW-016,Fishing reel with spare spool,Sporting Goods,Used - Very Good,2026-07-10T09:00:00-04:00,2026-07-23T11:00:00-04:00,2026-08-01T17:00:00-04:00,,EB-LST-000133,true
EB-ITM-000134,eBay,GW-022,"Estate postcard collection, 80 pieces",Collectibles,Used - Acceptable,2026-07-26T09:00:00-04:00,2026-08-02T11:00:00-04:00,2026-08-31T17:00:00-04:00,2026-08-31T21:00:00-04:00,EB-LST-000134,true
EB-ITM-000135,eBay,GW-015,"Golf iron set, right handed",Sporting Goods,Used - Acceptable,2026-07-08T09:00:00-04:00,2026-07-09T11:00:00-04:00,2026-08-10T17:00:00-04:00,,EB-LST-000135,true
EB-ITM-000136,eBay,GW-012,"Levi's denim jacket, size L",Apparel,Used - Good,2026-08-23T09:00:00-04:00,2026-08-26T11:00:00-04:00,2026-08-30T17:00:00-04:00,,EB-LST-000136,true
EB-ITM-000137,eBay,GW-004,"Illustrated field guide, revised edition",Books,Used - Very Good,2026-07-28T09:00:00-04:00,2026-07-31T11:00:00-04:00,2026-08-25T17:00:00-04:00,,EB-LST-000137,true
EB-ITM-000138,eBay,GW-012,Sony stereo receiver — tested,Electronics,Used - Very Good,2026-07-27T09:00:00-04:00,2026-08-02T11:00:00-04:00,2026-08-06T17:00:00-04:00,,EB-LST-000138,true
EB-ITM-000139,eBay,GW-008,"Brass table lamp, tested",Home,Used - Very Good,2026-07-09T09:00:00-04:00,2026-07-18T11:00:00-04:00,2026-08-19T17:00:00-04:00,,EB-LST-000139,true
EB-ITM-000140,eBay,GW-008,Vintage Pyrex mixing bowl set,Collectibles,Used - Good,2026-07-18T09:00:00-04:00,2026-07-31T11:00:00-04:00,2026-08-14T17:00:00-04:00,,EB-LST-000140,true
EB-ITM-000141,eBay,GW-016,Signed studio pottery vase,Collectibles,Used - Very Good,2026-08-02T09:00:00-04:00,2026-08-07T11:00:00-04:00,2026-08-16T17:00:00-04:00,,EB-LST-000141,true
EB-ITM-000142,eBay,GW-001,"Canon EF zoom lens, 75–300mm",Electronics,Used - Good,2026-07-02T09:00:00-04:00,2026-07-11T11:00:00-04:00,2026-08-09T17:00:00-04:00,2026-08-11T21:00:00-04:00,EB-LST-000142,true
EB-ITM-000143,eBay,GW-002,"Bose portable speaker, cosmetic wear",Electronics,For parts / repair,2026-08-03T09:00:00-04:00,2026-08-14T11:00:00-04:00,2026-08-29T17:00:00-04:00,,EB-LST-000143,true
EB-ITM-000144,eBay,GW-017,"Illustrated field guide, revised edition",Books,For parts / repair,2026-08-06T09:00:00-04:00,2026-08-18T11:00:00-04:00,2026-08-26T17:00:00-04:00,,EB-LST-000144,true
EB-ITM-000145,eBay,GW-002,Sony stereo receiver — tested,Electronics,For parts / repair,2026-07-13T09:00:00-04:00,2026-07-19T11:00:00-04:00,2026-08-05T17:00:00-04:00,,EB-LST-000145,true
EB-ITM-000146,eBay,GW-004,"Vintage cassette deck, powers on",Electronics,Used - Good,2026-07-10T09:00:00-04:00,2026-07-16T11:00:00-04:00,2026-08-21T17:00:00-04:00,,EB-LST-000146,true
EB-ITM-000147,eBay,GW-006,Signed studio pottery vase,Collectibles,Used - Very Good,2026-07-20T09:00:00-04:00,2026-07-31T11:00:00-04:00,2026-08-04T17:00:00-04:00,,EB-LST-000147,true
EB-ITM-000148,eBay,GW-010,"Bose portable speaker, cosmetic wear",Electronics,Used - Acceptable,2026-07-29T09:00:00-04:00,2026-07-30T11:00:00-04:00,2026-08-05T17:00:00-04:00,,EB-LST-000148,true
EB-ITM-000149,eBay,GW-008,"Model train locomotive, boxed",Collectibles,For parts / repair,2026-06-29T09:00:00-04:00,2026-07-10T11:00:00-04:00,2026-08-06T17:00:00-04:00,,EB-LST-000149,true
EB-ITM-000150,eBay,GW-017,"Patagonia fleece jacket, size M",Apparel,For parts / repair,2026-06-26T09:00:00-04:00,2026-07-07T11:00:00-04:00,2026-08-05T17:00:00-04:00,,EB-LST-000150,true
EB-ITM-000151,eBay,GW-023,"Digital multimeter, tested",Tools,For parts / repair,2026-07-13T09:00:00-04:00,2026-07-22T11:00:00-04:00,2026-08-07T17:00:00-04:00,,EB-LST-000151,true
EB-ITM-000152,eBay,GW-001,"Travel duffel, navy",Accessories,Used - Good,2026-07-27T09:00:00-04:00,2026-07-30T11:00:00-04:00,2026-08-31T17:00:00-04:00,,EB-LST-000152,true
EB-ITM-000153,eBay,GW-024,"Bose portable speaker, cosmetic wear",Electronics,Used - Acceptable,2026-06-26T09:00:00-04:00,2026-06-30T11:00:00-04:00,2026-08-05T17:00:00-04:00,,EB-LST-000153,true
EB-ITM-000154,eBay,GW-016,"Gold-tone wristwatch, untested",Jewelry,For parts / repair,2026-07-30T09:00:00-04:00,2026-08-11T11:00:00-04:00,2026-08-21T17:00:00-04:00,,EB-LST-000154,true
EB-ITM-000155,eBay,GW-018,"Patagonia fleece jacket, size M",Apparel,Used - Very Good,2026-07-16T09:00:00-04:00,2026-07-27T11:00:00-04:00,2026-08-16T17:00:00-04:00,,EB-LST-000155,true
EB-ITM-000156,eBay,GW-014,"Canon EF zoom lens, 75–300mm",Electronics,For parts / repair,2026-08-02T09:00:00-04:00,2026-08-14T11:00:00-04:00,2026-08-27T17:00:00-04:00,,EB-LST-000156,true
EB-ITM-000157,eBay,GW-009,"Wool cardigan, size S",Apparel,Used - Acceptable,2026-07-15T09:00:00-04:00,2026-07-25T11:00:00-04:00,2026-08-24T17:00:00-04:00,,EB-LST-000157,true
EB-ITM-000158,eBay,GW-013,"Estate postcard collection, 80 pieces",Collectibles,Used - Good,2026-08-09T09:00:00-04:00,2026-08-17T11:00:00-04:00,2026-08-29T17:00:00-04:00,,EB-LST-000158,true
EB-ITM-000159,eBay,GW-008,"Vintage concert T-shirt, size XL",Apparel,Used - Very Good,2026-06-27T09:00:00-04:00,2026-07-10T11:00:00-04:00,2026-08-13T17:00:00-04:00,,EB-LST-000159,true
EB-ITM-000160,eBay,GW-013,"Wool cardigan, size S",Apparel,Used - Very Good,2026-07-20T09:00:00-04:00,2026-07-24T11:00:00-04:00,2026-08-20T17:00:00-04:00,,EB-LST-000160,true
EB-ITM-000161,eBay,GW-009,"Wool cardigan, size S",Apparel,Used - Acceptable,2026-07-10T09:00:00-04:00,2026-07-17T11:00:00-04:00,2026-08-22T17:00:00-04:00,,EB-LST-000161,true
EB-ITM-000162,eBay,GW-020,Fishing reel with spare spool,Sporting Goods,Used - Very Good,2026-06-14T09:00:00-04:00,2026-06-27T11:00:00-04:00,2026-08-02T17:00:00-04:00,,EB-LST-000162,true
EB-ITM-000163,eBay,GW-002,"Golf iron set, right handed",Sporting Goods,Used - Very Good,2026-07-24T09:00:00-04:00,2026-07-31T11:00:00-04:00,2026-08-11T17:00:00-04:00,,EB-LST-000163,true
EB-ITM-000164,eBay,GW-020,"Estate postcard collection, 80 pieces",Collectibles,Used - Acceptable,2026-08-05T09:00:00-04:00,2026-08-13T11:00:00-04:00,2026-08-16T17:00:00-04:00,,EB-LST-000164,true
EB-ITM-000165,eBay,GW-006,"Patagonia fleece jacket, size M",Apparel,For parts / repair,2026-07-17T09:00:00-04:00,2026-07-21T11:00:00-04:00,2026-08-26T17:00:00-04:00,,EB-LST-000165,true
EB-ITM-000166,eBay,GW-010,"Digital multimeter, tested",Tools,Used - Good,2026-08-02T09:00:00-04:00,2026-08-10T11:00:00-04:00,2026-08-30T17:00:00-04:00,,EB-LST-000166,true
EB-ITM-000167,eBay,GW-017,Sony stereo receiver — tested,Electronics,Used - Very Good,2026-07-14T09:00:00-04:00,2026-07-15T11:00:00-04:00,2026-08-01T17:00:00-04:00,,EB-LST-000167,true
EB-ITM-000168,eBay,GW-017,"Model train locomotive, boxed",Collectibles,Used - Acceptable,2026-08-07T09:00:00-04:00,2026-08-18T11:00:00-04:00,2026-08-30T17:00:00-04:00,,EB-LST-000168,true
EB-ITM-000169,eBay,GW-015,"Vintage concert T-shirt, size XL",Apparel,Used - Acceptable,2026-07-11T09:00:00-04:00,2026-07-24T11:00:00-04:00,2026-08-31T17:00:00-04:00,,EB-LST-000169,true
EB-ITM-000170,eBay,GW-001,Hardcover regional cookbook,Books,Used - Good,2026-07-04T09:00:00-04:00,2026-07-15T11:00:00-04:00,2026-08-16T17:00:00-04:00,,EB-LST-000170,true
EB-ITM-000171,eBay,GW-020,Signed studio pottery vase,Collectibles,Used - Acceptable,2026-07-17T09:00:00-04:00,2026-07-24T11:00:00-04:00,2026-08-09T17:00:00-04:00,,EB-LST-000171,true
EB-ITM-000172,eBay,GW-007,"Model train locomotive, boxed",Collectibles,Used - Good,2026-07-07T09:00:00-04:00,2026-07-21T11:00:00-04:00,2026-08-11T17:00:00-04:00,,EB-LST-000172,true
EB-ITM-000173,eBay,GW-024,Signed studio pottery vase,Collectibles,Used - Very Good,2026-07-26T09:00:00-04:00,2026-08-01T11:00:00-04:00,2026-08-07T17:00:00-04:00,,EB-LST-000173,true
EB-ITM-000174,eBay,GW-020,"Levi's denim jacket, size L",Apparel,For parts / repair,2026-08-08T09:00:00-04:00,2026-08-21T11:00:00-04:00,2026-08-24T17:00:00-04:00,,EB-LST-000174,true
EB-ITM-000175,eBay,GW-021,"Die-cast vehicle lot, assorted",Collectibles,For parts / repair,2026-07-05T09:00:00-04:00,2026-07-10T11:00:00-04:00,2026-08-13T17:00:00-04:00,,EB-LST-000175,true
EB-ITM-000176,eBay,GW-008,"Die-cast vehicle lot, assorted",Collectibles,Used - Good,2026-07-14T09:00:00-04:00,2026-07-19T11:00:00-04:00,2026-08-08T17:00:00-04:00,,EB-LST-000176,true
EB-ITM-000177,eBay,GW-019,"Bose portable speaker, cosmetic wear",Electronics,For parts / repair,2026-07-14T09:00:00-04:00,2026-07-20T11:00:00-04:00,2026-08-25T17:00:00-04:00,,EB-LST-000177,true
EB-ITM-000178,eBay,GW-020,"Handwoven wool rug, 3 × 5 ft",Home,For parts / repair,2026-08-02T09:00:00-04:00,2026-08-11T11:00:00-04:00,2026-08-15T17:00:00-04:00,,EB-LST-000178,true
EB-ITM-000179,eBay,GW-016,"Canon EF zoom lens, 75–300mm",Electronics,Used - Good,2026-07-23T09:00:00-04:00,2026-08-06T11:00:00-04:00,2026-08-24T17:00:00-04:00,,EB-LST-000179,true
EB-ITM-000180,eBay,GW-017,"Wool cardigan, size S",Apparel,Used - Very Good,2026-07-09T09:00:00-04:00,2026-07-23T11:00:00-04:00,2026-08-08T17:00:00-04:00,,EB-LST-000180,true
EB-ITM-000181,eBay,GW-004,Nintendo DS console with charger,Electronics,Used - Good,2026-06-25T09:00:00-04:00,2026-07-08T11:00:00-04:00,2026-08-04T17:00:00-04:00,,EB-LST-000181,true
EB-ITM-000182,eBay,GW-007,Nintendo DS console with charger,Electronics,Used - Acceptable,2026-06-18T09:00:00-04:00,2026-06-30T11:00:00-04:00,2026-08-07T17:00:00-04:00,,EB-LST-000182,true
EB-ITM-000183,eBay,GW-004,"Handwoven wool rug, 3 × 5 ft",Home,Used - Acceptable,2026-08-13T09:00:00-04:00,2026-08-24T11:00:00-04:00,2026-08-30T17:00:00-04:00,,EB-LST-000183,true
EB-ITM-000184,eBay,GW-017,"Die-cast vehicle lot, assorted",Collectibles,For parts / repair,2026-08-05T09:00:00-04:00,2026-08-12T11:00:00-04:00,2026-08-24T17:00:00-04:00,,EB-LST-000184,true
EB-ITM-000185,eBay,GW-017,"Bose portable speaker, cosmetic wear",Electronics,Used - Good,2026-07-31T09:00:00-04:00,2026-08-07T11:00:00-04:00,2026-08-30T17:00:00-04:00,,EB-LST-000185,true
EB-ITM-000186,eBay,GW-013,"Patagonia fleece jacket, size M",Apparel,Used - Good,2026-07-09T09:00:00-04:00,2026-07-17T11:00:00-04:00,2026-08-23T17:00:00-04:00,,EB-LST-000186,true
EB-ITM-000187,eBay,GW-011,Sony stereo receiver — tested,Electronics,Used - Good,2026-08-01T09:00:00-04:00,2026-08-10T11:00:00-04:00,2026-08-26T17:00:00-04:00,,EB-LST-000187,true
EB-ITM-000188,eBay,GW-017,"Stoneware dinner service, 12 pieces",Home,For parts / repair,2026-08-07T09:00:00-04:00,2026-08-19T11:00:00-04:00,2026-08-21T17:00:00-04:00,,EB-LST-000188,true
EB-ITM-000189,eBay,GW-024,"Estate postcard collection, 80 pieces",Collectibles,Used - Acceptable,2026-06-30T09:00:00-04:00,2026-07-04T11:00:00-04:00,2026-08-11T17:00:00-04:00,,EB-LST-000189,true
EB-ITM-000190,eBay,GW-016,"Vintage cassette deck, powers on",Electronics,Used - Acceptable,2026-07-05T09:00:00-04:00,2026-07-07T11:00:00-04:00,2026-08-09T17:00:00-04:00,,EB-LST-000190,true
EB-ITM-000191,eBay,GW-010,"Patagonia fleece jacket, size M",Apparel,Used - Very Good,2026-08-17T09:00:00-04:00,2026-08-26T11:00:00-04:00,2026-08-29T17:00:00-04:00,,EB-LST-000191,true
EB-ITM-000192,eBay,GW-001,Signed studio pottery vase,Collectibles,Used - Good,2026-07-12T09:00:00-04:00,2026-07-16T11:00:00-04:00,2026-08-20T17:00:00-04:00,,EB-LST-000192,true
EB-ITM-000193,eBay,GW-008,"Stoneware dinner service, 12 pieces",Home,Used - Good,2026-08-02T09:00:00-04:00,2026-08-11T11:00:00-04:00,2026-08-14T17:00:00-04:00,,EB-LST-000193,true
EB-ITM-000194,eBay,GW-004,Signed studio pottery vase,Collectibles,Used - Acceptable,2026-06-25T09:00:00-04:00,2026-07-07T11:00:00-04:00,2026-08-10T17:00:00-04:00,,EB-LST-000194,true
EB-ITM-000195,eBay,GW-001,"Bose portable speaker, cosmetic wear",Electronics,Used - Very Good,2026-07-30T09:00:00-04:00,2026-08-02T11:00:00-04:00,2026-08-22T17:00:00-04:00,,EB-LST-000195,true
EB-ITM-000196,eBay,GW-022,"Bose portable speaker, cosmetic wear",Electronics,Used - Acceptable,2026-07-16T09:00:00-04:00,2026-07-26T11:00:00-04:00,2026-08-27T17:00:00-04:00,,EB-LST-000196,true
EB-ITM-000197,eBay,GW-012,"Vintage cassette deck, powers on",Electronics,For parts / repair,2026-07-20T09:00:00-04:00,2026-07-22T11:00:00-04:00,2026-08-12T17:00:00-04:00,,EB-LST-000197,true
EB-ITM-000198,eBay,GW-011,"Vintage concert T-shirt, size XL",Apparel,For parts / repair,2026-08-18T09:00:00-04:00,2026-08-23T11:00:00-04:00,2026-08-30T17:00:00-04:00,,EB-LST-000198,true
EB-ITM-000199,eBay,GW-012,"Die-cast vehicle lot, assorted",Collectibles,Used - Good,2026-07-11T09:00:00-04:00,2026-07-17T11:00:00-04:00,2026-08-22T17:00:00-04:00,,EB-LST-000199,true
EB-ITM-000200,eBay,GW-008,"Vintage cassette deck, powers on",Electronics,Used - Good,2026-07-15T09:00:00-04:00,2026-07-23T11:00:00-04:00,2026-08-12T17:00:00-04:00,,EB-LST-000200,true
EB-ITM-000201,eBay,GW-004,"Model train locomotive, boxed",Collectibles,Used - Good,2026-08-05T09:00:00-04:00,2026-08-17T11:00:00-04:00,2026-08-31T17:00:00-04:00,,EB-LST-000201,true
EB-ITM-000202,eBay,GW-005,"Canon EF zoom lens, 75–300mm",Electronics,Used - Acceptable,2026-07-09T09:00:00-04:00,2026-07-17T11:00:00-04:00,2026-08-12T17:00:00-04:00,,EB-LST-000202,true
EB-ITM-000203,eBay,GW-020,Sony stereo receiver — tested,Electronics,Used - Acceptable,2026-08-02T09:00:00-04:00,2026-08-05T11:00:00-04:00,2026-08-25T17:00:00-04:00,,EB-LST-000203,true
EB-ITM-000204,eBay,GW-010,"Model train locomotive, boxed",Collectibles,For parts / repair,2026-07-07T09:00:00-04:00,2026-07-17T11:00:00-04:00,2026-08-24T17:00:00-04:00,,EB-LST-000204,true
EB-ITM-000205,eBay,GW-012,"Die-cast vehicle lot, assorted",Collectibles,For parts / repair,2026-07-27T09:00:00-04:00,2026-07-28T11:00:00-04:00,2026-08-09T17:00:00-04:00,,EB-LST-000205,true
EB-ITM-000206,eBay,GW-002,"Hiking backpack, 40L",Sporting Goods,For parts / repair,2026-08-08T09:00:00-04:00,2026-08-21T11:00:00-04:00,2026-08-31T17:00:00-04:00,,EB-LST-000206,true
EB-ITM-000207,eBay,GW-012,Nintendo DS console with charger,Electronics,Used - Acceptable,2026-08-05T09:00:00-04:00,2026-08-08T11:00:00-04:00,2026-08-21T17:00:00-04:00,,EB-LST-000207,true
EB-ITM-000208,eBay,GW-004,"Brass table lamp, tested",Home,Used - Acceptable,2026-07-01T09:00:00-04:00,2026-07-04T11:00:00-04:00,2026-08-09T17:00:00-04:00,,EB-LST-000208,true
EB-ITM-000209,eBay,GW-009,"Vintage concert T-shirt, size XL",Apparel,Used - Good,2026-07-23T09:00:00-04:00,2026-08-02T11:00:00-04:00,2026-08-21T17:00:00-04:00,,EB-LST-000209,true
EB-ITM-000210,eBay,GW-007,"Golf iron set, right handed",Sporting Goods,Used - Acceptable,2026-07-26T09:00:00-04:00,2026-08-07T11:00:00-04:00,2026-08-22T17:00:00-04:00,,EB-LST-000210,true
EB-ITM-000211,eBay,GW-007,Fishing reel with spare spool,Sporting Goods,Used - Good,2026-08-03T09:00:00-04:00,2026-08-12T11:00:00-04:00,2026-08-15T17:00:00-04:00,,EB-LST-000211,true
EB-ITM-000212,eBay,GW-001,KitchenAid hand mixer with beaters,Home,Used - Acceptable,2026-08-13T09:00:00-04:00,2026-08-26T11:00:00-04:00,2026-08-29T17:00:00-04:00,,EB-LST-000212,true
EB-ITM-000213,eBay,GW-006,Nintendo DS console with charger,Electronics,Used - Very Good,2026-07-02T09:00:00-04:00,2026-07-14T11:00:00-04:00,2026-08-16T17:00:00-04:00,,EB-LST-000213,true
EB-ITM-000214,eBay,GW-016,"Wool cardigan, size S",Apparel,Used - Good,2026-07-27T09:00:00-04:00,2026-08-10T11:00:00-04:00,2026-08-12T17:00:00-04:00,,EB-LST-000214,true
EB-ITM-000215,eBay,GW-012,Tennis racquet pair with covers,Sporting Goods,For parts / repair,2026-07-15T09:00:00-04:00,2026-07-26T11:00:00-04:00,2026-08-09T17:00:00-04:00,,EB-LST-000215,true
EB-ITM-000216,eBay,GW-005,"Vintage cassette deck, powers on",Electronics,Used - Good,2026-06-28T09:00:00-04:00,2026-07-01T11:00:00-04:00,2026-08-04T17:00:00-04:00,,EB-LST-000216,true
EB-ITM-000217,eBay,GW-010,"Die-cast vehicle lot, assorted",Collectibles,Used - Acceptable,2026-07-10T09:00:00-04:00,2026-07-15T11:00:00-04:00,2026-08-12T17:00:00-04:00,,EB-LST-000217,true
EB-ITM-000218,eBay,GW-004,"Hiking backpack, 40L",Sporting Goods,Used - Very Good,2026-07-22T09:00:00-04:00,2026-07-28T11:00:00-04:00,2026-08-30T17:00:00-04:00,,EB-LST-000218,true
EB-ITM-000219,eBay,GW-009,"Vintage cassette deck, powers on",Electronics,For parts / repair,2026-07-18T09:00:00-04:00,2026-07-29T11:00:00-04:00,2026-08-27T17:00:00-04:00,,EB-LST-000219,true
EB-ITM-000220,eBay,GW-001,Signed studio pottery vase,Collectibles,Used - Very Good,2026-06-29T09:00:00-04:00,2026-07-04T11:00:00-04:00,2026-08-03T17:00:00-04:00,,EB-LST-000220,true
EB-ITM-000221,eBay,GW-004,"Mystery paperback lot, 6 books",Books,Used - Acceptable,2026-08-04T09:00:00-04:00,2026-08-13T11:00:00-04:00,2026-08-17T17:00:00-04:00,,EB-LST-000221,true
EB-ITM-000222,eBay,GW-012,"Levi's denim jacket, size L",Apparel,Used - Very Good,2026-07-20T09:00:00-04:00,2026-08-01T11:00:00-04:00,2026-08-17T17:00:00-04:00,,EB-LST-000222,true
EB-ITM-000223,eBay,GW-004,Sony stereo receiver — tested,Electronics,Used - Acceptable,2026-07-14T09:00:00-04:00,2026-07-28T11:00:00-04:00,2026-08-30T17:00:00-04:00,,EB-LST-000223,true
EB-ITM-000224,eBay,GW-016,"Leather tote bag, brown",Accessories,Used - Good,2026-07-15T09:00:00-04:00,2026-07-19T11:00:00-04:00,2026-08-23T17:00:00-04:00,,EB-LST-000224,true
EB-ITM-000225,eBay,GW-011,"Estate postcard collection, 80 pieces",Collectibles,Used - Acceptable,2026-08-11T09:00:00-04:00,2026-08-13T11:00:00-04:00,2026-08-27T17:00:00-04:00,,EB-LST-000225,true
EB-ITM-000226,eBay,GW-004,"Silk scarf, floral print",Accessories,Used - Very Good,2026-06-24T09:00:00-04:00,2026-06-30T11:00:00-04:00,2026-08-02T17:00:00-04:00,,EB-LST-000226,true
EB-ITM-000227,eBay,GW-021,"Brass table lamp, tested",Home,Used - Very Good,2026-07-25T09:00:00-04:00,2026-07-26T11:00:00-04:00,2026-08-26T17:00:00-04:00,,EB-LST-000227,true
EB-ITM-000228,eBay,GW-010,Tennis racquet pair with covers,Sporting Goods,For parts / repair,2026-07-31T09:00:00-04:00,2026-08-03T11:00:00-04:00,2026-08-26T17:00:00-04:00,,EB-LST-000228,true
EB-ITM-000229,eBay,GW-015,"Canon EF zoom lens, 75–300mm",Electronics,Used - Acceptable,2026-08-08T09:00:00-04:00,2026-08-19T11:00:00-04:00,2026-08-31T17:00:00-04:00,,EB-LST-000229,true
EB-ITM-000230,eBay,GW-024,"Craftsman socket set, 32 pieces",Tools,Used - Good,2026-06-28T09:00:00-04:00,2026-07-11T11:00:00-04:00,2026-08-11T17:00:00-04:00,,EB-LST-000230,true
EB-ITM-000231,eBay,GW-011,"Vintage cassette deck, powers on",Electronics,Used - Acceptable,2026-07-25T09:00:00-04:00,2026-07-29T11:00:00-04:00,2026-08-31T17:00:00-04:00,,EB-LST-000231,true
EB-ITM-000232,eBay,GW-009,Signed studio pottery vase,Collectibles,For parts / repair,2026-07-25T09:00:00-04:00,2026-07-28T11:00:00-04:00,2026-08-06T17:00:00-04:00,,EB-LST-000232,true
EB-ITM-000233,eBay,GW-002,Signed studio pottery vase,Collectibles,For parts / repair,2026-08-15T09:00:00-04:00,2026-08-24T11:00:00-04:00,2026-08-31T17:00:00-04:00,,EB-LST-000233,true
EB-ITM-000234,eBay,GW-009,Nintendo DS console with charger,Electronics,Used - Acceptable,2026-07-24T09:00:00-04:00,2026-08-03T11:00:00-04:00,2026-08-11T17:00:00-04:00,,EB-LST-000234,true
EB-ITM-000235,eBay,GW-017,"Canon EF zoom lens, 75–300mm",Electronics,Used - Acceptable,2026-07-27T09:00:00-04:00,2026-07-31T11:00:00-04:00,2026-08-14T17:00:00-04:00,,EB-LST-000235,true
EB-ITM-000236,eBay,GW-009,"Wool cardigan, size S",Apparel,For parts / repair,2026-07-09T09:00:00-04:00,2026-07-16T11:00:00-04:00,2026-08-09T17:00:00-04:00,,EB-LST-000236,true
EB-ITM-000237,eBay,GW-008,Nintendo DS console with charger,Electronics,Used - Acceptable,2026-07-11T09:00:00-04:00,2026-07-13T11:00:00-04:00,2026-08-05T17:00:00-04:00,,EB-LST-000237,true
EB-ITM-000238,eBay,GW-008,Tennis racquet pair with covers,Sporting Goods,Used - Good,2026-08-05T09:00:00-04:00,2026-08-16T11:00:00-04:00,2026-08-22T17:00:00-04:00,,EB-LST-000238,true
EB-ITM-000239,eBay,GW-001,Sony stereo receiver — tested,Electronics,For parts / repair,2026-07-19T09:00:00-04:00,2026-07-21T11:00:00-04:00,2026-08-20T17:00:00-04:00,,EB-LST-000239,true
EB-ITM-000240,eBay,GW-017,"Craftsman socket set, 32 pieces",Tools,For parts / repair,2026-07-17T09:00:00-04:00,2026-07-24T11:00:00-04:00,2026-08-26T17:00:00-04:00,,EB-LST-000240,true
EB-ITM-000241,eBay,GW-012,"Digital multimeter, tested",Tools,Used - Acceptable,2026-07-03T09:00:00-04:00,2026-07-13T11:00:00-04:00,2026-08-11T17:00:00-04:00,,EB-LST-000241,true
EB-ITM-000242,eBay,GW-001,Nintendo DS console with charger,Electronics,Used - Very Good,2026-08-06T09:00:00-04:00,2026-08-11T11:00:00-04:00,2026-08-30T17:00:00-04:00,,EB-LST-000242,true
EB-ITM-000243,eBay,GW-008,"Art history volume, dust jacket",Books,Used - Very Good,2026-07-18T09:00:00-04:00,2026-08-01T11:00:00-04:00,2026-08-15T17:00:00-04:00,,EB-LST-000243,true
EB-ITM-000244,eBay,GW-008,Fishing reel with spare spool,Sporting Goods,For parts / repair,2026-07-24T09:00:00-04:00,2026-08-03T11:00:00-04:00,2026-08-29T17:00:00-04:00,,EB-LST-000244,true
EB-ITM-000245,eBay,GW-001,"Patagonia fleece jacket, size M",Apparel,Used - Very Good,2026-07-19T09:00:00-04:00,2026-07-29T11:00:00-04:00,2026-08-13T17:00:00-04:00,,EB-LST-000245,true
EB-ITM-000246,eBay,GW-016,"DeWalt cordless drill, tool only",Tools,Used - Good,2026-07-25T09:00:00-04:00,2026-07-26T11:00:00-04:00,2026-08-24T17:00:00-04:00,,EB-LST-000246,true
EB-ITM-000247,eBay,GW-013,"Estate postcard collection, 80 pieces",Collectibles,Used - Very Good,2026-07-28T09:00:00-04:00,2026-08-10T11:00:00-04:00,2026-08-18T17:00:00-04:00,,EB-LST-000247,true
EB-ITM-000248,eBay,GW-002,KitchenAid hand mixer with beaters,Home,Used - Acceptable,2026-08-12T09:00:00-04:00,2026-08-18T11:00:00-04:00,2026-08-23T17:00:00-04:00,,EB-LST-000248,true
EB-ITM-000249,eBay,GW-015,"Bose portable speaker, cosmetic wear",Electronics,Used - Good,2026-07-02T09:00:00-04:00,2026-07-05T11:00:00-04:00,2026-08-05T17:00:00-04:00,,EB-LST-000249,true
EB-ITM-000250,eBay,GW-011,Nintendo DS console with charger,Electronics,Used - Very Good,2026-07-26T09:00:00-04:00,2026-07-28T11:00:00-04:00,2026-08-31T17:00:00-04:00,,EB-LST-000250,true
EB-ITM-000251,eBay,GW-008,"Canon EF zoom lens, 75–300mm",Electronics,For parts / repair,2026-08-03T09:00:00-04:00,2026-08-09T11:00:00-04:00,2026-08-29T17:00:00-04:00,,EB-LST-000251,true
EB-ITM-000252,eBay,GW-004,"Vintage cassette deck, powers on",Electronics,Used - Acceptable,2026-07-07T09:00:00-04:00,2026-07-13T11:00:00-04:00,2026-08-20T17:00:00-04:00,,EB-LST-000252,true
EB-ITM-000253,eBay,GW-005,"Estate postcard collection, 80 pieces",Collectibles,Used - Acceptable,2026-07-02T09:00:00-04:00,2026-07-14T11:00:00-04:00,2026-08-10T17:00:00-04:00,,EB-LST-000253,true
EB-ITM-000254,eBay,GW-008,"Bose portable speaker, cosmetic wear",Electronics,Used - Acceptable,2026-07-12T09:00:00-04:00,2026-07-16T11:00:00-04:00,2026-08-14T17:00:00-04:00,,EB-LST-000254,true
EB-ITM-000255,eBay,GW-022,Vintage Pyrex mixing bowl set,Collectibles,Used - Good,2026-07-30T09:00:00-04:00,2026-08-02T11:00:00-04:00,2026-08-14T17:00:00-04:00,,EB-LST-000255,true
EB-ITM-000256,eBay,GW-012,"Mystery paperback lot, 6 books",Books,Used - Very Good,2026-07-13T09:00:00-04:00,2026-07-27T11:00:00-04:00,2026-08-18T17:00:00-04:00,,EB-LST-000256,true
EB-ITM-000257,eBay,GW-024,"DeWalt cordless drill, tool only",Tools,Used - Good,2026-06-28T09:00:00-04:00,2026-07-07T11:00:00-04:00,2026-08-01T17:00:00-04:00,,EB-LST-000257,true
EB-ITM-000258,eBay,GW-002,"Vintage cassette deck, powers on",Electronics,Used - Acceptable,2026-07-14T09:00:00-04:00,2026-07-19T11:00:00-04:00,2026-08-09T17:00:00-04:00,,EB-LST-000258,true
EB-ITM-000259,eBay,GW-013,Nintendo DS console with charger,Electronics,Used - Acceptable,2026-07-07T09:00:00-04:00,2026-07-21T11:00:00-04:00,2026-08-03T17:00:00-04:00,,EB-LST-000259,true
EB-ITM-000260,eBay,GW-012,"Gold-tone wristwatch, untested",Jewelry,Used - Good,2026-07-17T09:00:00-04:00,2026-07-19T11:00:00-04:00,2026-08-06T17:00:00-04:00,,EB-LST-000260,true
EB-ITM-000261,eBay,GW-021,"Levi's denim jacket, size L",Apparel,For parts / repair,2026-08-02T09:00:00-04:00,2026-08-05T11:00:00-04:00,2026-08-16T17:00:00-04:00,,EB-LST-000261,true
EB-ITM-000262,eBay,GW-004,Sony stereo receiver — tested,Electronics,Used - Good,2026-07-20T09:00:00-04:00,2026-07-21T11:00:00-04:00,2026-08-02T17:00:00-04:00,,EB-LST-000262,true
EB-ITM-000263,eBay,GW-002,"Vintage cassette deck, powers on",Electronics,For parts / repair,2026-07-13T09:00:00-04:00,2026-07-24T11:00:00-04:00,2026-08-16T17:00:00-04:00,,EB-LST-000263,true
EB-ITM-000264,eBay,GW-011,"Estate postcard collection, 80 pieces",Collectibles,Used - Acceptable,2026-08-17T09:00:00-04:00,2026-08-20T11:00:00-04:00,2026-08-26T17:00:00-04:00,,EB-LST-000264,true
EB-ITM-000265,eBay,GW-011,"Handwoven wool rug, 3 × 5 ft",Home,Used - Good,2026-07-24T09:00:00-04:00,2026-07-26T11:00:00-04:00,2026-08-25T17:00:00-04:00,,EB-LST-000265,true
EB-ITM-000266,eBay,GW-015,"Vintage concert T-shirt, size XL",Apparel,For parts / repair,2026-07-27T09:00:00-04:00,2026-08-03T11:00:00-04:00,2026-08-15T17:00:00-04:00,,EB-LST-000266,true
EB-ITM-000267,eBay,GW-021,Sony stereo receiver — tested,Electronics,Used - Very Good,2026-07-29T09:00:00-04:00,2026-08-05T11:00:00-04:00,2026-08-27T17:00:00-04:00,,EB-LST-000267,true
EB-ITM-000268,eBay,GW-004,"Bose portable speaker, cosmetic wear",Electronics,Used - Very Good,2026-07-16T09:00:00-04:00,2026-07-25T11:00:00-04:00,2026-08-04T17:00:00-04:00,2026-08-04T21:00:00-04:00,EB-LST-000268,true
EB-ITM-000269,eBay,GW-011,"Canon EF zoom lens, 75–300mm",Electronics,Used - Acceptable,2026-08-11T09:00:00-04:00,2026-08-16T11:00:00-04:00,2026-08-19T17:00:00-04:00,,EB-LST-000269,true
EB-ITM-000270,eBay,GW-016,"Model train locomotive, boxed",Collectibles,Used - Acceptable,2026-08-17T09:00:00-04:00,2026-08-26T11:00:00-04:00,2026-08-30T17:00:00-04:00,,EB-LST-000270,true
EB-ITM-000271,eBay,GW-008,Signed studio pottery vase,Collectibles,Used - Acceptable,2026-07-18T09:00:00-04:00,2026-07-28T11:00:00-04:00,2026-08-27T17:00:00-04:00,,EB-LST-000271,true
EB-ITM-000272,eBay,GW-016,Hardcover regional cookbook,Books,Used - Very Good,2026-08-17T09:00:00-04:00,2026-08-25T11:00:00-04:00,2026-08-30T17:00:00-04:00,,EB-LST-000272,true
EB-ITM-000273,eBay,GW-006,Fishing reel with spare spool,Sporting Goods,For parts / repair,2026-07-29T09:00:00-04:00,2026-07-31T11:00:00-04:00,2026-08-26T17:00:00-04:00,,EB-LST-000273,true
EB-ITM-000274,eBay,GW-019,"Vintage concert T-shirt, size XL",Apparel,Used - Very Good,2026-07-19T09:00:00-04:00,2026-07-29T11:00:00-04:00,2026-08-04T17:00:00-04:00,,EB-LST-000274,true
EB-ITM-000275,eBay,GW-016,Fishing reel with spare spool,Sporting Goods,Used - Very Good,2026-08-12T09:00:00-04:00,2026-08-24T11:00:00-04:00,2026-08-26T17:00:00-04:00,,EB-LST-000275,true
EB-ITM-000276,eBay,GW-015,Engineering reference manual,Books,Used - Acceptable,2026-08-12T09:00:00-04:00,2026-08-25T11:00:00-04:00,2026-08-30T17:00:00-04:00,,EB-LST-000276,true
EB-ITM-000277,eBay,GW-003,Tennis racquet pair with covers,Sporting Goods,For parts / repair,2026-07-27T09:00:00-04:00,2026-08-02T11:00:00-04:00,2026-08-13T17:00:00-04:00,,EB-LST-000277,true
EB-ITM-000278,eBay,GW-017,Nintendo DS console with charger,Electronics,For parts / repair,2026-07-29T09:00:00-04:00,2026-08-07T11:00:00-04:00,2026-08-22T17:00:00-04:00,,EB-LST-000278,true
EB-ITM-000279,eBay,GW-012,"Levi's denim jacket, size L",Apparel,For parts / repair,2026-08-15T09:00:00-04:00,2026-08-21T11:00:00-04:00,2026-08-27T17:00:00-04:00,,EB-LST-000279,true
EB-ITM-000280,eBay,GW-009,"Handwoven wool rug, 3 × 5 ft",Home,Used - Very Good,2026-07-29T09:00:00-04:00,2026-08-05T11:00:00-04:00,2026-08-29T17:00:00-04:00,,EB-LST-000280,true
EB-ITM-000281,eBay,GW-001,"Canon EF zoom lens, 75–300mm",Electronics,For parts / repair,2026-08-01T09:00:00-04:00,2026-08-08T11:00:00-04:00,2026-08-30T17:00:00-04:00,,EB-LST-000281,true
EB-ITM-000282,eBay,GW-013,"Die-cast vehicle lot, assorted",Collectibles,For parts / repair,2026-08-04T09:00:00-04:00,2026-08-14T11:00:00-04:00,2026-08-18T17:00:00-04:00,,EB-LST-000282,true
EB-ITM-000283,eBay,GW-024,"Die-cast vehicle lot, assorted",Collectibles,Used - Acceptable,2026-07-16T09:00:00-04:00,2026-07-26T11:00:00-04:00,2026-08-17T17:00:00-04:00,,EB-LST-000283,true
EB-ITM-000284,eBay,GW-002,Engineering reference manual,Books,Used - Acceptable,2026-07-28T09:00:00-04:00,2026-08-11T11:00:00-04:00,2026-08-24T17:00:00-04:00,,EB-LST-000284,true
EB-ITM-000285,eBay,GW-007,KitchenAid hand mixer with beaters,Home,Used - Good,2026-07-08T09:00:00-04:00,2026-07-21T11:00:00-04:00,2026-08-21T17:00:00-04:00,,EB-LST-000285,true
EB-ITM-000286,eBay,GW-009,Vintage costume jewelry lot,Jewelry,Used - Good,2026-08-15T09:00:00-04:00,2026-08-19T11:00:00-04:00,2026-08-23T17:00:00-04:00,,EB-LST-000286,true
EB-ITM-000287,eBay,GW-021,"Travel duffel, navy",Accessories,Used - Good,2026-06-22T09:00:00-04:00,2026-07-06T11:00:00-04:00,2026-08-07T17:00:00-04:00,,EB-LST-000287,true
EB-ITM-000288,eBay,GW-009,"Stoneware dinner service, 12 pieces",Home,For parts / repair,2026-08-06T09:00:00-04:00,2026-08-09T11:00:00-04:00,2026-08-20T17:00:00-04:00,,EB-LST-000288,true
EB-ITM-000289,eBay,GW-016,"Model train locomotive, boxed",Collectibles,Used - Good,2026-06-19T09:00:00-04:00,2026-06-27T11:00:00-04:00,2026-08-01T17:00:00-04:00,,EB-LST-000289,true
EB-ITM-000290,eBay,GW-024,"Stoneware dinner service, 12 pieces",Home,Used - Very Good,2026-08-21T09:00:00-04:00,2026-08-27T11:00:00-04:00,2026-08-29T17:00:00-04:00,,EB-LST-000290,true
EB-ITM-000291,eBay,GW-008,"Craftsman socket set, 32 pieces",Tools,Used - Very Good,2026-06-27T09:00:00-04:00,2026-07-08T11:00:00-04:00,2026-08-06T17:00:00-04:00,,EB-LST-000291,true
EB-ITM-000292,eBay,GW-009,"Vintage cassette deck, powers on",Electronics,Used - Acceptable,2026-08-08T09:00:00-04:00,2026-08-13T11:00:00-04:00,2026-08-21T17:00:00-04:00,,EB-LST-000292,true
EB-ITM-000293,eBay,GW-007,"Leather tote bag, brown",Accessories,Used - Acceptable,2026-07-12T09:00:00-04:00,2026-07-26T11:00:00-04:00,2026-08-29T17:00:00-04:00,,EB-LST-000293,true
EB-ITM-000294,eBay,GW-004,"Canon EF zoom lens, 75–300mm",Electronics,Used - Good,2026-07-01T09:00:00-04:00,2026-07-10T11:00:00-04:00,2026-08-08T17:00:00-04:00,,EB-LST-000294,true
EB-ITM-000295,eBay,GW-018,"Vintage concert T-shirt, size XL",Apparel,Used - Good,2026-06-18T09:00:00-04:00,2026-07-02T11:00:00-04:00,2026-08-08T17:00:00-04:00,2026-08-13T21:00:00-04:00,EB-LST-000295,true
EB-ITM-000296,eBay,GW-008,"Vintage cassette deck, powers on",Electronics,For parts / repair,2026-08-08T09:00:00-04:00,2026-08-12T11:00:00-04:00,2026-08-24T17:00:00-04:00,,EB-LST-000296,true
EB-ITM-000297,eBay,GW-012,Tennis racquet pair with covers,Sporting Goods,Used - Acceptable,2026-07-24T09:00:00-04:00,2026-08-04T11:00:00-04:00,2026-08-07T17:00:00-04:00,,EB-LST-000297,true
EB-ITM-000298,eBay,GW-005,"Bose portable speaker, cosmetic wear",Electronics,Used - Good,2026-07-29T09:00:00-04:00,2026-08-04T11:00:00-04:00,2026-08-21T17:00:00-04:00,,EB-LST-000298,true
EB-ITM-000299,eBay,GW-002,Sony stereo receiver — tested,Electronics,Used - Good,2026-07-06T09:00:00-04:00,2026-07-18T11:00:00-04:00,2026-08-03T17:00:00-04:00,,EB-LST-000299,true
EB-ITM-000300,eBay,GW-017,Nintendo DS console with charger,Electronics,Used - Good,2026-07-17T09:00:00-04:00,2026-07-27T11:00:00-04:00,2026-08-10T17:00:00-04:00,,EB-LST-000300,true
EB-ITM-000301,eBay,GW-016,"Bose portable speaker, cosmetic wear",Electronics,Used - Very Good,2026-07-03T09:00:00-04:00,2026-07-12T11:00:00-04:00,2026-08-16T17:00:00-04:00,,EB-LST-000301,true
EB-ITM-000302,eBay,GW-014,"Patagonia fleece jacket, size M",Apparel,Used - Good,2026-07-03T09:00:00-04:00,2026-07-15T11:00:00-04:00,2026-08-19T17:00:00-04:00,,EB-LST-000302,true
EB-ITM-000303,eBay,GW-020,"Levi's denim jacket, size L",Apparel,Used - Good,2026-07-27T09:00:00-04:00,2026-08-09T11:00:00-04:00,2026-08-23T17:00:00-04:00,,EB-LST-000303,true
EB-ITM-000304,eBay,GW-018,Vintage Pyrex mixing bowl set,Collectibles,For parts / repair,2026-08-07T09:00:00-04:00,2026-08-08T11:00:00-04:00,2026-08-11T17:00:00-04:00,,EB-LST-000304,true
EB-ITM-000305,eBay,GW-012,"Brass table lamp, tested",Home,For parts / repair,2026-08-11T09:00:00-04:00,2026-08-25T11:00:00-04:00,2026-08-27T17:00:00-04:00,,EB-LST-000305,true
EB-ITM-000306,eBay,GW-008,Vintage Pyrex mixing bowl set,Collectibles,Used - Very Good,2026-06-30T09:00:00-04:00,2026-07-02T11:00:00-04:00,2026-08-08T17:00:00-04:00,,EB-LST-000306,true
EB-ITM-000307,eBay,GW-017,"Estate postcard collection, 80 pieces",Collectibles,Used - Very Good,2026-07-23T09:00:00-04:00,2026-07-31T11:00:00-04:00,2026-08-26T17:00:00-04:00,,EB-LST-000307,true
EB-ITM-000308,eBay,GW-012,"Estate postcard collection, 80 pieces",Collectibles,Used - Acceptable,2026-07-17T09:00:00-04:00,2026-07-19T11:00:00-04:00,2026-08-26T17:00:00-04:00,,EB-LST-000308,true
EB-ITM-000309,eBay,GW-003,"Hiking backpack, 40L",Sporting Goods,For parts / repair,2026-07-22T09:00:00-04:00,2026-08-02T11:00:00-04:00,2026-08-30T17:00:00-04:00,,EB-LST-000309,true
EB-ITM-000310,eBay,GW-015,"Craftsman socket set, 32 pieces",Tools,Used - Good,2026-07-28T09:00:00-04:00,2026-08-11T11:00:00-04:00,2026-08-18T17:00:00-04:00,,EB-LST-000310,true
EB-ITM-000311,eBay,GW-001,KitchenAid hand mixer with beaters,Home,Used - Acceptable,2026-07-27T09:00:00-04:00,2026-08-10T11:00:00-04:00,2026-08-28T17:00:00-04:00,,EB-LST-000311,true
EB-ITM-000312,eBay,GW-014,Vintage costume jewelry lot,Jewelry,Used - Good,2026-07-16T09:00:00-04:00,2026-07-23T11:00:00-04:00,2026-08-15T17:00:00-04:00,,EB-LST-000312,true
EB-ITM-000313,eBay,GW-011,"Bose portable speaker, cosmetic wear",Electronics,Used - Acceptable,2026-07-17T09:00:00-04:00,2026-07-29T11:00:00-04:00,2026-08-28T17:00:00-04:00,,EB-LST-000313,true
EB-ITM-000314,eBay,GW-011,"Vintage cassette deck, powers on",Electronics,Used - Good,2026-07-29T09:00:00-04:00,2026-08-03T11:00:00-04:00,2026-08-10T17:00:00-04:00,,EB-LST-000314,true
EB-ITM-000315,eBay,GW-007,"Handwoven wool rug, 3 × 5 ft",Home,Used - Acceptable,2026-07-21T09:00:00-04:00,2026-07-25T11:00:00-04:00,2026-08-30T17:00:00-04:00,,EB-LST-000315,true
EB-ITM-000316,eBay,GW-006,Vintage Pyrex mixing bowl set,Collectibles,For parts / repair,2026-07-24T09:00:00-04:00,2026-07-28T11:00:00-04:00,2026-08-07T17:00:00-04:00,,EB-LST-000316,true
EB-ITM-000317,eBay,GW-006,"DeWalt cordless drill, tool only",Tools,Used - Acceptable,2026-07-27T09:00:00-04:00,2026-08-08T11:00:00-04:00,2026-08-18T17:00:00-04:00,,EB-LST-000317,true
EB-ITM-000318,eBay,GW-024,"Die-cast vehicle lot, assorted",Collectibles,Used - Good,2026-07-11T09:00:00-04:00,2026-07-20T11:00:00-04:00,2026-08-20T17:00:00-04:00,,EB-LST-000318,true
EB-ITM-000319,eBay,GW-022,"Model train locomotive, boxed",Collectibles,For parts / repair,2026-07-24T09:00:00-04:00,2026-08-02T11:00:00-04:00,2026-08-30T17:00:00-04:00,,EB-LST-000319,true
EB-ITM-000320,eBay,GW-001,"Patagonia fleece jacket, size M",Apparel,For parts / repair,2026-08-14T09:00:00-04:00,2026-08-16T11:00:00-04:00,2026-08-30T17:00:00-04:00,,EB-LST-000320,true
EB-ITM-000321,eBay,GW-007,Sony stereo receiver — tested,Electronics,For parts / repair,2026-08-13T09:00:00-04:00,2026-08-18T11:00:00-04:00,2026-08-28T17:00:00-04:00,,EB-LST-000321,true
EB-ITM-000322,eBay,GW-002,"Vintage cassette deck, powers on",Electronics,Used - Very Good,2026-07-23T09:00:00-04:00,2026-07-31T11:00:00-04:00,2026-08-04T17:00:00-04:00,,EB-LST-000322,true
EB-ITM-000323,eBay,GW-010,"Handwoven wool rug, 3 × 5 ft",Home,Used - Very Good,2026-08-06T09:00:00-04:00,2026-08-20T11:00:00-04:00,2026-08-25T17:00:00-04:00,,EB-LST-000323,true
EB-ITM-000324,eBay,GW-018,KitchenAid hand mixer with beaters,Home,For parts / repair,2026-07-13T09:00:00-04:00,2026-07-22T11:00:00-04:00,2026-08-15T17:00:00-04:00,,EB-LST-000324,true
EB-ITM-000325,eBay,GW-020,Nintendo DS console with charger,Electronics,Used - Good,2026-08-17T09:00:00-04:00,2026-08-21T11:00:00-04:00,2026-08-31T17:00:00-04:00,,EB-LST-000325,true
EB-ITM-000326,eBay,GW-012,"Patagonia fleece jacket, size M",Apparel,Used - Good,2026-07-27T09:00:00-04:00,2026-08-01T11:00:00-04:00,2026-08-20T17:00:00-04:00,,EB-LST-000326,true
EB-ITM-000327,eBay,GW-016,Engineering reference manual,Books,For parts / repair,2026-07-21T09:00:00-04:00,2026-07-25T11:00:00-04:00,2026-08-31T17:00:00-04:00,,EB-LST-000327,true
EB-ITM-000328,eBay,GW-020,"Canon EF zoom lens, 75–300mm",Electronics,For parts / repair,2026-07-19T09:00:00-04:00,2026-08-02T11:00:00-04:00,2026-08-04T17:00:00-04:00,,EB-LST-000328,true
EB-ITM-000329,eBay,GW-012,"Craftsman socket set, 32 pieces",Tools,For parts / repair,2026-07-05T09:00:00-04:00,2026-07-16T11:00:00-04:00,2026-08-19T17:00:00-04:00,,EB-LST-000329,true
EB-ITM-000330,eBay,GW-022,Nintendo DS console with charger,Electronics,Used - Acceptable,2026-07-20T09:00:00-04:00,2026-07-31T11:00:00-04:00,2026-08-15T17:00:00-04:00,,EB-LST-000330,true
EB-ITM-000331,eBay,GW-022,Hardcover regional cookbook,Books,Used - Acceptable,2026-07-01T09:00:00-04:00,2026-07-07T11:00:00-04:00,2026-08-09T17:00:00-04:00,,EB-LST-000331,true
EB-ITM-000332,eBay,GW-003,Vintage Stanley hand plane,Tools,Used - Acceptable,2026-06-26T09:00:00-04:00,2026-07-10T11:00:00-04:00,2026-08-16T17:00:00-04:00,,EB-LST-000332,true
EB-ITM-000333,eBay,GW-012,"Vintage cassette deck, powers on",Electronics,Used - Good,2026-06-26T09:00:00-04:00,2026-07-01T11:00:00-04:00,2026-08-07T17:00:00-04:00,,EB-LST-000333,true
EB-ITM-000334,eBay,GW-008,"Patagonia fleece jacket, size M",Apparel,Used - Acceptable,2026-07-22T09:00:00-04:00,2026-07-26T11:00:00-04:00,2026-08-07T17:00:00-04:00,,EB-LST-000334,true
EB-ITM-000335,eBay,GW-014,"Bose portable speaker, cosmetic wear",Electronics,Used - Very Good,2026-06-25T09:00:00-04:00,2026-07-08T11:00:00-04:00,2026-08-09T17:00:00-04:00,,EB-LST-000335,true
EB-ITM-000336,eBay,GW-017,"Canon EF zoom lens, 75–300mm",Electronics,Used - Very Good,2026-08-10T09:00:00-04:00,2026-08-16T11:00:00-04:00,2026-08-29T17:00:00-04:00,,EB-LST-000336,true
EB-ITM-000337,eBay,GW-022,KitchenAid hand mixer with beaters,Home,Used - Very Good,2026-07-03T09:00:00-04:00,2026-07-07T11:00:00-04:00,2026-08-05T17:00:00-04:00,,EB-LST-000337,true
EB-ITM-000338,eBay,GW-011,"Die-cast vehicle lot, assorted",Collectibles,Used - Very Good,2026-07-14T09:00:00-04:00,2026-07-28T11:00:00-04:00,2026-08-13T17:00:00-04:00,,EB-LST-000338,true
EB-ITM-000339,eBay,GW-014,Vintage costume jewelry lot,Jewelry,Used - Very Good,2026-07-22T09:00:00-04:00,2026-07-23T11:00:00-04:00,2026-08-28T17:00:00-04:00,,EB-LST-000339,true
EB-ITM-000340,eBay,GW-010,"Wool cardigan, size S",Apparel,Used - Acceptable,2026-07-17T09:00:00-04:00,2026-07-20T11:00:00-04:00,2026-08-16T17:00:00-04:00,,EB-LST-000340,true
EB-ITM-000341,eBay,GW-002,"Levi's denim jacket, size L",Apparel,For parts / repair,2026-08-16T09:00:00-04:00,2026-08-22T11:00:00-04:00,2026-08-25T17:00:00-04:00,,EB-LST-000341,true
EB-ITM-000342,eBay,GW-017,"Canon EF zoom lens, 75–300mm",Electronics,Used - Good,2026-07-08T09:00:00-04:00,2026-07-17T11:00:00-04:00,2026-08-19T17:00:00-04:00,,EB-LST-000342,true
EB-ITM-000343,eBay,GW-024,Vintage costume jewelry lot,Jewelry,For parts / repair,2026-07-14T09:00:00-04:00,2026-07-27T11:00:00-04:00,2026-08-19T17:00:00-04:00,,EB-LST-000343,true
EB-ITM-000344,eBay,GW-013,"Estate postcard collection, 80 pieces",Collectibles,Used - Acceptable,2026-08-03T09:00:00-04:00,2026-08-16T11:00:00-04:00,2026-08-26T17:00:00-04:00,,EB-LST-000344,true
EB-ITM-000345,eBay,GW-001,"Craftsman socket set, 32 pieces",Tools,Used - Good,2026-07-11T09:00:00-04:00,2026-07-15T11:00:00-04:00,2026-08-19T17:00:00-04:00,,EB-LST-000345,true
EB-ITM-000346,eBay,GW-019,"Estate postcard collection, 80 pieces",Collectibles,Used - Good,2026-07-01T09:00:00-04:00,2026-07-03T11:00:00-04:00,2026-08-03T17:00:00-04:00,,EB-LST-000346,true
EB-ITM-000347,eBay,GW-011,Sony stereo receiver — tested,Electronics,Used - Acceptable,2026-08-12T09:00:00-04:00,2026-08-14T11:00:00-04:00,2026-08-16T17:00:00-04:00,,EB-LST-000347,true
EB-ITM-000348,eBay,GW-017,"Wool cardigan, size S",Apparel,Used - Very Good,2026-07-13T09:00:00-04:00,2026-07-21T11:00:00-04:00,2026-08-08T17:00:00-04:00,,EB-LST-000348,true
EB-ITM-000349,eBay,GW-008,"Levi's denim jacket, size L",Apparel,Used - Acceptable,2026-07-14T09:00:00-04:00,2026-07-23T11:00:00-04:00,2026-08-06T17:00:00-04:00,,EB-LST-000349,true
EB-ITM-000350,eBay,GW-009,"Model train locomotive, boxed",Collectibles,Used - Acceptable,2026-07-25T09:00:00-04:00,2026-08-04T11:00:00-04:00,2026-08-09T17:00:00-04:00,,EB-LST-000350,true
EB-ITM-000351,eBay,GW-020,Signed studio pottery vase,Collectibles,Used - Acceptable,2026-06-27T09:00:00-04:00,2026-06-30T11:00:00-04:00,2026-08-07T17:00:00-04:00,,EB-LST-000351,true
EB-ITM-000352,eBay,GW-017,Tennis racquet pair with covers,Sporting Goods,Used - Very Good,2026-08-15T09:00:00-04:00,2026-08-24T11:00:00-04:00,2026-08-29T17:00:00-04:00,,EB-LST-000352,true
EB-ITM-000353,eBay,GW-016,"Patagonia fleece jacket, size M",Apparel,Used - Acceptable,2026-08-18T09:00:00-04:00,2026-08-28T11:00:00-04:00,2026-08-31T17:00:00-04:00,,EB-LST-000353,true
EB-ITM-000354,eBay,GW-012,"Estate postcard collection, 80 pieces",Collectibles,Used - Good,2026-07-22T09:00:00-04:00,2026-08-03T11:00:00-04:00,2026-08-13T17:00:00-04:00,,EB-LST-000354,true
EB-ITM-000355,eBay,GW-001,"Hiking backpack, 40L",Sporting Goods,Used - Good,2026-08-07T09:00:00-04:00,2026-08-12T11:00:00-04:00,2026-08-24T17:00:00-04:00,,EB-LST-000355,true
EB-ITM-000356,eBay,GW-006,"Handwoven wool rug, 3 × 5 ft",Home,Used - Acceptable,2026-08-15T09:00:00-04:00,2026-08-16T11:00:00-04:00,2026-08-18T17:00:00-04:00,,EB-LST-000356,true
EB-ITM-000357,eBay,GW-001,"Die-cast vehicle lot, assorted",Collectibles,Used - Very Good,2026-08-06T09:00:00-04:00,2026-08-11T11:00:00-04:00,2026-08-19T17:00:00-04:00,2026-08-22T21:00:00-04:00,EB-LST-000357,true
EB-ITM-000358,eBay,GW-020,Signed studio pottery vase,Collectibles,Used - Very Good,2026-08-02T09:00:00-04:00,2026-08-03T11:00:00-04:00,2026-08-07T17:00:00-04:00,,EB-LST-000358,true
EB-ITM-000359,eBay,GW-017,"Vintage concert T-shirt, size XL",Apparel,Used - Acceptable,2026-07-15T09:00:00-04:00,2026-07-20T11:00:00-04:00,2026-08-03T17:00:00-04:00,,EB-LST-000359,true
EB-ITM-000360,eBay,GW-009,Vintage Pyrex mixing bowl set,Collectibles,Used - Very Good,2026-07-30T09:00:00-04:00,2026-08-08T11:00:00-04:00,2026-08-30T17:00:00-04:00,,EB-LST-000360,true
EB-ITM-000361,eBay,GW-010,Engineering reference manual,Books,For parts / repair,2026-08-12T09:00:00-04:00,2026-08-25T11:00:00-04:00,2026-08-27T17:00:00-04:00,,EB-LST-000361,true
EB-ITM-000362,eBay,GW-014,"Craftsman socket set, 32 pieces",Tools,Used - Good,2026-08-02T09:00:00-04:00,2026-08-04T11:00:00-04:00,2026-08-10T17:00:00-04:00,,EB-LST-000362,true
EB-ITM-000363,eBay,GW-008,"Brass table lamp, tested",Home,Used - Very Good,2026-07-07T09:00:00-04:00,2026-07-20T11:00:00-04:00,2026-08-04T17:00:00-04:00,,EB-LST-000363,true
EB-ITM-000364,eBay,GW-015,"Die-cast vehicle lot, assorted",Collectibles,For parts / repair,2026-07-06T09:00:00-04:00,2026-07-10T11:00:00-04:00,2026-08-12T17:00:00-04:00,,EB-LST-000364,true
EB-ITM-000365,eBay,GW-004,"Model train locomotive, boxed",Collectibles,For parts / repair,2026-07-31T09:00:00-04:00,2026-08-05T11:00:00-04:00,2026-08-07T17:00:00-04:00,,EB-LST-000365,true
EB-ITM-000366,eBay,GW-004,"Model train locomotive, boxed",Collectibles,For parts / repair,2026-07-27T09:00:00-04:00,2026-08-05T11:00:00-04:00,2026-08-31T17:00:00-04:00,,EB-LST-000366,true
EB-ITM-000367,eBay,GW-004,Vintage costume jewelry lot,Jewelry,Used - Good,2026-07-15T09:00:00-04:00,2026-07-20T11:00:00-04:00,2026-08-07T17:00:00-04:00,,EB-LST-000367,true
EB-ITM-000368,eBay,GW-001,"Bose portable speaker, cosmetic wear",Electronics,For parts / repair,2026-07-12T09:00:00-04:00,2026-07-21T11:00:00-04:00,2026-08-18T17:00:00-04:00,,EB-LST-000368,true
EB-ITM-000369,eBay,GW-011,"Stoneware dinner service, 12 pieces",Home,Used - Very Good,2026-07-11T09:00:00-04:00,2026-07-14T11:00:00-04:00,2026-08-10T17:00:00-04:00,,EB-LST-000369,true
EB-ITM-000370,eBay,GW-017,"Mystery paperback lot, 6 books",Books,For parts / repair,2026-08-03T09:00:00-04:00,2026-08-10T11:00:00-04:00,2026-08-13T17:00:00-04:00,,EB-LST-000370,true
EB-ITM-000371,eBay,GW-012,"Vintage cassette deck, powers on",Electronics,For parts / repair,2026-07-01T09:00:00-04:00,2026-07-09T11:00:00-04:00,2026-08-04T17:00:00-04:00,,EB-LST-000371,true
EB-ITM-000372,eBay,GW-008,Sony stereo receiver — tested,Electronics,Used - Very Good,2026-08-03T09:00:00-04:00,2026-08-04T11:00:00-04:00,2026-08-31T17:00:00-04:00,,EB-LST-000372,true
EB-ITM-000373,eBay,GW-024,Hardcover regional cookbook,Books,Used - Good,2026-07-07T09:00:00-04:00,2026-07-18T11:00:00-04:00,2026-08-13T17:00:00-04:00,,EB-LST-000373,true
EB-ITM-000374,eBay,GW-015,"Craftsman socket set, 32 pieces",Tools,For parts / repair,2026-06-27T09:00:00-04:00,2026-07-06T11:00:00-04:00,2026-08-08T17:00:00-04:00,,EB-LST-000374,true
EB-ITM-000375,eBay,GW-012,Sony stereo receiver — tested,Electronics,Used - Very Good,2026-07-31T09:00:00-04:00,2026-08-01T11:00:00-04:00,2026-08-08T17:00:00-04:00,,EB-LST-000375,true
EB-ITM-000376,eBay,GW-009,Hardcover regional cookbook,Books,Used - Good,2026-07-08T09:00:00-04:00,2026-07-21T11:00:00-04:00,2026-08-11T17:00:00-04:00,,EB-LST-000376,true
EB-ITM-000377,eBay,GW-021,Vintage Stanley hand plane,Tools,Used - Very Good,2026-07-27T09:00:00-04:00,2026-08-09T11:00:00-04:00,2026-08-29T17:00:00-04:00,,EB-LST-000377,true
EB-ITM-000378,eBay,GW-015,"Estate postcard collection, 80 pieces",Collectibles,Used - Very Good,2026-07-01T09:00:00-04:00,2026-07-15T11:00:00-04:00,2026-08-07T17:00:00-04:00,,EB-LST-000378,true
EB-ITM-000379,eBay,GW-009,Engineering reference manual,Books,Used - Acceptable,2026-07-05T09:00:00-04:00,2026-07-16T11:00:00-04:00,2026-08-16T17:00:00-04:00,,EB-LST-000379,true
EB-ITM-000380,eBay,GW-015,"Illustrated field guide, revised edition",Books,Used - Very Good,2026-08-11T09:00:00-04:00,2026-08-19T11:00:00-04:00,2026-08-28T17:00:00-04:00,,EB-LST-000380,true
EB-ITM-000381,eBay,GW-021,"Leather tote bag, brown",Accessories,Used - Good,2026-06-28T09:00:00-04:00,2026-06-30T11:00:00-04:00,2026-08-01T17:00:00-04:00,,EB-LST-000381,true
EB-ITM-000382,eBay,GW-004,"Handwoven wool rug, 3 × 5 ft",Home,Used - Good,2026-07-28T09:00:00-04:00,2026-08-06T11:00:00-04:00,2026-08-24T17:00:00-04:00,,EB-LST-000382,true
EB-ITM-000383,eBay,GW-004,"Digital multimeter, tested",Tools,For parts / repair,2026-07-04T09:00:00-04:00,2026-07-12T11:00:00-04:00,2026-08-11T17:00:00-04:00,,EB-LST-000383,true
EB-ITM-000384,eBay,GW-010,"Estate postcard collection, 80 pieces",Collectibles,Used - Acceptable,2026-07-26T09:00:00-04:00,2026-07-29T11:00:00-04:00,2026-08-02T17:00:00-04:00,,EB-LST-000384,true
EB-ITM-000385,eBay,GW-022,Hardcover regional cookbook,Books,For parts / repair,2026-08-11T09:00:00-04:00,2026-08-22T11:00:00-04:00,2026-08-30T17:00:00-04:00,,EB-LST-000385,true
EB-ITM-000386,eBay,GW-004,"Leather tote bag, brown",Accessories,For parts / repair,2026-08-09T09:00:00-04:00,2026-08-21T11:00:00-04:00,2026-08-24T17:00:00-04:00,,EB-LST-000386,true
EB-ITM-000387,eBay,GW-020,"Vintage cassette deck, powers on",Electronics,Used - Acceptable,2026-06-24T09:00:00-04:00,2026-07-04T11:00:00-04:00,2026-08-11T17:00:00-04:00,,EB-LST-000387,true
EB-ITM-000388,eBay,GW-008,"Wool cardigan, size S",Apparel,For parts / repair,2026-07-26T09:00:00-04:00,2026-07-31T11:00:00-04:00,2026-08-15T17:00:00-04:00,,EB-LST-000388,true
EB-ITM-000389,eBay,GW-001,Sony stereo receiver — tested,Electronics,For parts / repair,2026-07-20T09:00:00-04:00,2026-07-29T11:00:00-04:00,2026-08-27T17:00:00-04:00,,EB-LST-000389,true
EB-ITM-000390,eBay,GW-004,"Die-cast vehicle lot, assorted",Collectibles,Used - Very Good,2026-07-16T09:00:00-04:00,2026-07-17T11:00:00-04:00,2026-08-02T17:00:00-04:00,,EB-LST-000390,true
EB-ITM-000391,eBay,GW-018,"Levi's denim jacket, size L",Apparel,Used - Very Good,2026-07-15T09:00:00-04:00,2026-07-28T11:00:00-04:00,2026-08-06T17:00:00-04:00,,EB-LST-000391,true
EB-ITM-000392,eBay,GW-004,"Mystery paperback lot, 6 books",Books,Used - Good,2026-07-04T09:00:00-04:00,2026-07-16T11:00:00-04:00,2026-08-15T17:00:00-04:00,,EB-LST-000392,true
EB-ITM-000393,eBay,GW-023,Nintendo DS console with charger,Electronics,Used - Acceptable,2026-07-18T09:00:00-04:00,2026-07-29T11:00:00-04:00,2026-08-02T17:00:00-04:00,,EB-LST-000393,true
EB-ITM-000394,eBay,GW-018,Sony stereo receiver — tested,Electronics,Used - Very Good,2026-07-06T09:00:00-04:00,2026-07-07T11:00:00-04:00,2026-08-14T17:00:00-04:00,,EB-LST-000394,true
EB-ITM-000395,eBay,GW-014,Signed studio pottery vase,Collectibles,Used - Acceptable,2026-07-17T09:00:00-04:00,2026-07-18T11:00:00-04:00,2026-08-17T17:00:00-04:00,,EB-LST-000395,true
EB-ITM-000396,eBay,GW-006,"Stoneware dinner service, 12 pieces",Home,Used - Good,2026-07-30T09:00:00-04:00,2026-08-04T11:00:00-04:00,2026-08-21T17:00:00-04:00,,EB-LST-000396,true
EB-ITM-000397,eBay,GW-009,Vintage costume jewelry lot,Jewelry,Used - Good,2026-07-14T09:00:00-04:00,2026-07-22T11:00:00-04:00,2026-08-08T17:00:00-04:00,,EB-LST-000397,true
EB-ITM-000398,eBay,GW-002,Vintage costume jewelry lot,Jewelry,For parts / repair,2026-07-27T09:00:00-04:00,2026-08-01T11:00:00-04:00,2026-08-11T17:00:00-04:00,,EB-LST-000398,true
EB-ITM-000399,eBay,GW-018,"Canon EF zoom lens, 75–300mm",Electronics,Used - Acceptable,2026-06-30T09:00:00-04:00,2026-07-08T11:00:00-04:00,2026-08-14T17:00:00-04:00,,EB-LST-000399,true
EB-ITM-000400,eBay,GW-016,"Gold-tone wristwatch, untested",Jewelry,Used - Good,2026-07-20T09:00:00-04:00,2026-07-22T11:00:00-04:00,2026-08-23T17:00:00-04:00,,EB-LST-000400,true
EB-ITM-000401,eBay,GW-006,"Art history volume, dust jacket",Books,For parts / repair,2026-07-11T09:00:00-04:00,2026-07-19T11:00:00-04:00,2026-08-13T17:00:00-04:00,,EB-LST-000401,true
EB-ITM-000402,eBay,GW-015,"Stoneware dinner service, 12 pieces",Home,For parts / repair,2026-07-06T09:00:00-04:00,2026-07-13T11:00:00-04:00,2026-08-15T17:00:00-04:00,,EB-LST-000402,true
EB-ITM-000403,eBay,GW-001,Vintage costume jewelry lot,Jewelry,Used - Very Good,2026-08-11T09:00:00-04:00,2026-08-13T11:00:00-04:00,2026-08-23T17:00:00-04:00,,EB-LST-000403,true
EB-ITM-000404,eBay,GW-012,"Patagonia fleece jacket, size M",Apparel,Used - Good,2026-07-27T09:00:00-04:00,2026-08-09T11:00:00-04:00,2026-08-13T17:00:00-04:00,,EB-LST-000404,true
EB-ITM-000405,eBay,GW-016,"Illustrated field guide, revised edition",Books,Used - Good,2026-06-28T09:00:00-04:00,2026-07-09T11:00:00-04:00,2026-08-01T17:00:00-04:00,,EB-LST-000405,true
EB-ITM-000406,eBay,GW-021,"Canon EF zoom lens, 75–300mm",Electronics,For parts / repair,2026-06-26T09:00:00-04:00,2026-07-06T11:00:00-04:00,2026-08-03T17:00:00-04:00,,EB-LST-000406,true
EB-ITM-000407,eBay,GW-018,"Handwoven wool rug, 3 × 5 ft",Home,Used - Good,2026-07-02T09:00:00-04:00,2026-07-14T11:00:00-04:00,2026-08-20T17:00:00-04:00,,EB-LST-000407,true
EB-ITM-000408,eBay,GW-005,"Handwoven wool rug, 3 × 5 ft",Home,Used - Very Good,2026-07-11T09:00:00-04:00,2026-07-18T11:00:00-04:00,2026-08-21T17:00:00-04:00,,EB-LST-000408,true
EB-ITM-000409,eBay,GW-024,Fishing reel with spare spool,Sporting Goods,Used - Very Good,2026-07-16T09:00:00-04:00,2026-07-28T11:00:00-04:00,2026-08-02T17:00:00-04:00,,EB-LST-000409,true
EB-ITM-000410,eBay,GW-017,"Brass table lamp, tested",Home,Used - Very Good,2026-07-26T09:00:00-04:00,2026-08-03T11:00:00-04:00,2026-08-08T17:00:00-04:00,,EB-LST-000410,true
EB-ITM-000411,eBay,GW-017,"Art history volume, dust jacket",Books,Used - Acceptable,2026-07-20T09:00:00-04:00,2026-07-23T11:00:00-04:00,2026-08-29T17:00:00-04:00,,EB-LST-000411,true
EB-ITM-000412,eBay,GW-006,Vintage belt with brass buckle,Accessories,Used - Good,2026-07-25T09:00:00-04:00,2026-07-29T11:00:00-04:00,2026-08-07T17:00:00-04:00,,EB-LST-000412,true
EB-ITM-000413,eBay,GW-009,"Canon EF zoom lens, 75–300mm",Electronics,Used - Acceptable,2026-08-01T09:00:00-04:00,2026-08-08T11:00:00-04:00,2026-08-20T17:00:00-04:00,,EB-LST-000413,true
EB-ITM-000414,eBay,GW-015,KitchenAid hand mixer with beaters,Home,For parts / repair,2026-07-18T09:00:00-04:00,2026-07-19T11:00:00-04:00,2026-08-13T17:00:00-04:00,,EB-LST-000414,true
EB-ITM-000415,eBay,GW-022,"Vintage cassette deck, powers on",Electronics,Used - Good,2026-07-30T09:00:00-04:00,2026-08-01T11:00:00-04:00,2026-08-06T17:00:00-04:00,,EB-LST-000415,true
EB-ITM-000416,eBay,GW-006,"Model train locomotive, boxed",Collectibles,Used - Very Good,2026-07-31T09:00:00-04:00,2026-08-01T11:00:00-04:00,2026-08-26T17:00:00-04:00,,EB-LST-000416,true
EB-ITM-000417,eBay,GW-007,Sony stereo receiver — tested,Electronics,Used - Good,2026-08-10T09:00:00-04:00,2026-08-17T11:00:00-04:00,2026-08-31T17:00:00-04:00,,EB-LST-000417,true
EB-ITM-000418,eBay,GW-004,"Golf iron set, right handed",Sporting Goods,For parts / repair,2026-07-27T09:00:00-04:00,2026-08-01T11:00:00-04:00,2026-08-07T17:00:00-04:00,,EB-LST-000418,true
EB-ITM-000419,eBay,GW-007,"Die-cast vehicle lot, assorted",Collectibles,Used - Good,2026-07-03T09:00:00-04:00,2026-07-10T11:00:00-04:00,2026-08-12T17:00:00-04:00,,EB-LST-000419,true
EB-ITM-000420,eBay,GW-005,Signed studio pottery vase,Collectibles,For parts / repair,2026-06-26T09:00:00-04:00,2026-07-04T11:00:00-04:00,2026-08-08T17:00:00-04:00,,EB-LST-000420,true
EB-ITM-000421,eBay,GW-005,"Vintage cassette deck, powers on",Electronics,Used - Acceptable,2026-08-14T09:00:00-04:00,2026-08-27T11:00:00-04:00,2026-08-31T17:00:00-04:00,,EB-LST-000421,true
EB-ITM-000422,eBay,GW-012,Sony stereo receiver — tested,Electronics,For parts / repair,2026-07-19T09:00:00-04:00,2026-07-30T11:00:00-04:00,2026-08-28T17:00:00-04:00,,EB-LST-000422,true
EB-ITM-000423,eBay,GW-014,"Travel duffel, navy",Accessories,For parts / repair,2026-08-05T09:00:00-04:00,2026-08-15T11:00:00-04:00,2026-08-30T17:00:00-04:00,,EB-LST-000423,true
EB-ITM-000424,eBay,GW-016,"Canon EF zoom lens, 75–300mm",Electronics,Used - Acceptable,2026-07-07T09:00:00-04:00,2026-07-20T11:00:00-04:00,2026-08-22T17:00:00-04:00,,EB-LST-000424,true
EB-ITM-000425,eBay,GW-013,"Golf iron set, right handed",Sporting Goods,Used - Very Good,2026-06-27T09:00:00-04:00,2026-07-10T11:00:00-04:00,2026-08-02T17:00:00-04:00,,EB-LST-000425,true
EB-ITM-000426,eBay,GW-020,Tennis racquet pair with covers,Sporting Goods,For parts / repair,2026-08-10T09:00:00-04:00,2026-08-12T11:00:00-04:00,2026-08-30T17:00:00-04:00,,EB-LST-000426,true
EB-ITM-000427,eBay,GW-017,Sony stereo receiver — tested,Electronics,Used - Very Good,2026-08-04T09:00:00-04:00,2026-08-11T11:00:00-04:00,2026-08-13T17:00:00-04:00,,EB-LST-000427,true
EB-ITM-000428,eBay,GW-017,"Wool cardigan, size S",Apparel,Used - Good,2026-07-14T09:00:00-04:00,2026-07-21T11:00:00-04:00,2026-08-28T17:00:00-04:00,,EB-LST-000428,true
EB-ITM-000429,eBay,GW-002,KitchenAid hand mixer with beaters,Home,Used - Good,2026-07-22T09:00:00-04:00,2026-07-31T11:00:00-04:00,2026-08-29T17:00:00-04:00,,EB-LST-000429,true
EB-ITM-000430,eBay,GW-011,"Vintage cassette deck, powers on",Electronics,Used - Very Good,2026-07-24T09:00:00-04:00,2026-07-25T11:00:00-04:00,2026-08-01T17:00:00-04:00,,EB-LST-000430,true
EB-ITM-000431,eBay,GW-002,"Hiking backpack, 40L",Sporting Goods,For parts / repair,2026-07-07T09:00:00-04:00,2026-07-18T11:00:00-04:00,2026-08-22T17:00:00-04:00,,EB-LST-000431,true
EB-ITM-000432,eBay,GW-024,"Wool cardigan, size S",Apparel,Used - Good,2026-07-27T09:00:00-04:00,2026-08-06T11:00:00-04:00,2026-08-31T17:00:00-04:00,,EB-LST-000432,true
EB-ITM-000433,eBay,GW-004,"Bose portable speaker, cosmetic wear",Electronics,Used - Good,2026-07-29T09:00:00-04:00,2026-08-04T11:00:00-04:00,2026-08-24T17:00:00-04:00,,EB-LST-000433,true
EB-ITM-000434,eBay,GW-012,"Illustrated field guide, revised edition",Books,Used - Very Good,2026-07-12T09:00:00-04:00,2026-07-18T11:00:00-04:00,2026-08-06T17:00:00-04:00,,EB-LST-000434,true
EB-ITM-000435,eBay,GW-008,Vintage Pyrex mixing bowl set,Collectibles,Used - Acceptable,2026-08-07T09:00:00-04:00,2026-08-12T11:00:00-04:00,2026-08-29T17:00:00-04:00,,EB-LST-000435,true
EB-ITM-000436,eBay,GW-008,"Craftsman socket set, 32 pieces",Tools,Used - Acceptable,2026-07-22T09:00:00-04:00,2026-07-23T11:00:00-04:00,2026-08-02T17:00:00-04:00,,EB-LST-000436,true
EB-ITM-000437,eBay,GW-007,"Patagonia fleece jacket, size M",Apparel,For parts / repair,2026-07-12T09:00:00-04:00,2026-07-25T11:00:00-04:00,2026-08-17T17:00:00-04:00,,EB-LST-000437,true
EB-ITM-000438,eBay,GW-009,"Brass table lamp, tested",Home,Used - Acceptable,2026-08-16T09:00:00-04:00,2026-08-17T11:00:00-04:00,2026-08-29T17:00:00-04:00,2026-08-29T21:00:00-04:00,EB-LST-000438,true
EB-ITM-000439,eBay,GW-009,"Vintage concert T-shirt, size XL",Apparel,Used - Very Good,2026-07-27T09:00:00-04:00,2026-07-31T11:00:00-04:00,2026-08-29T17:00:00-04:00,,EB-LST-000439,true
EB-ITM-000440,eBay,GW-008,"Art history volume, dust jacket",Books,Used - Acceptable,2026-07-13T09:00:00-04:00,2026-07-17T11:00:00-04:00,2026-08-08T17:00:00-04:00,,EB-LST-000440,true
EB-ITM-000441,eBay,GW-022,"Estate postcard collection, 80 pieces",Collectibles,For parts / repair,2026-07-06T09:00:00-04:00,2026-07-08T11:00:00-04:00,2026-08-03T17:00:00-04:00,,EB-LST-000441,true
EB-ITM-000442,eBay,GW-004,"Levi's denim jacket, size L",Apparel,Used - Acceptable,2026-07-08T09:00:00-04:00,2026-07-19T11:00:00-04:00,2026-08-05T17:00:00-04:00,,EB-LST-000442,true
EB-ITM-000443,eBay,GW-001,Hardcover regional cookbook,Books,Used - Good,2026-07-21T09:00:00-04:00,2026-07-25T11:00:00-04:00,2026-08-31T17:00:00-04:00,,EB-LST-000443,true
EB-ITM-000444,eBay,GW-008,Signed studio pottery vase,Collectibles,Used - Acceptable,2026-08-02T09:00:00-04:00,2026-08-06T11:00:00-04:00,2026-08-09T17:00:00-04:00,,EB-LST-000444,true
EB-ITM-000445,eBay,GW-019,"Wool cardigan, size S",Apparel,Used - Acceptable,2026-06-27T09:00:00-04:00,2026-07-06T11:00:00-04:00,2026-08-10T17:00:00-04:00,,EB-LST-000445,true
EB-ITM-000446,eBay,GW-018,"Vintage concert T-shirt, size XL",Apparel,For parts / repair,2026-07-17T09:00:00-04:00,2026-07-27T11:00:00-04:00,2026-08-30T17:00:00-04:00,,EB-LST-000446,true
EB-ITM-000447,eBay,GW-013,Vintage Pyrex mixing bowl set,Collectibles,Used - Acceptable,2026-08-11T09:00:00-04:00,2026-08-20T11:00:00-04:00,2026-08-29T17:00:00-04:00,,EB-LST-000447,true
EB-ITM-000448,eBay,GW-002,"Canon EF zoom lens, 75–300mm",Electronics,For parts / repair,2026-07-13T09:00:00-04:00,2026-07-15T11:00:00-04:00,2026-08-22T17:00:00-04:00,,EB-LST-000448,true
EB-ITM-000449,eBay,GW-023,"Stoneware dinner service, 12 pieces",Home,For parts / repair,2026-07-26T09:00:00-04:00,2026-08-03T11:00:00-04:00,2026-08-24T17:00:00-04:00,,EB-LST-000449,true
EB-ITM-000450,eBay,GW-014,"Brass table lamp, tested",Home,Used - Very Good,2026-07-07T09:00:00-04:00,2026-07-16T11:00:00-04:00,2026-08-10T17:00:00-04:00,,EB-LST-000450,true
EB-ITM-000451,eBay,GW-018,"Bose portable speaker, cosmetic wear",Electronics,Used - Very Good,2026-07-08T09:00:00-04:00,2026-07-11T11:00:00-04:00,2026-08-05T17:00:00-04:00,,EB-LST-000451,true
EB-ITM-000452,eBay,GW-009,Nintendo DS console with charger,Electronics,Used - Acceptable,2026-06-20T09:00:00-04:00,2026-07-01T11:00:00-04:00,2026-08-07T17:00:00-04:00,,EB-LST-000452,true
EB-ITM-000453,eBay,GW-017,"Estate postcard collection, 80 pieces",Collectibles,Used - Good,2026-07-20T09:00:00-04:00,2026-08-01T11:00:00-04:00,2026-08-22T17:00:00-04:00,,EB-LST-000453,true
EB-ITM-000454,eBay,GW-020,Signed studio pottery vase,Collectibles,Used - Good,2026-07-19T09:00:00-04:00,2026-07-29T11:00:00-04:00,2026-08-19T17:00:00-04:00,,EB-LST-000454,true
EB-ITM-000455,eBay,GW-005,"Levi's denim jacket, size L",Apparel,Used - Good,2026-07-11T09:00:00-04:00,2026-07-22T11:00:00-04:00,2026-08-25T17:00:00-04:00,,EB-LST-000455,true
EB-ITM-000456,eBay,GW-019,Engineering reference manual,Books,Used - Very Good,2026-07-19T09:00:00-04:00,2026-07-27T11:00:00-04:00,2026-08-09T17:00:00-04:00,,EB-LST-000456,true
EB-ITM-000457,eBay,GW-024,"Estate postcard collection, 80 pieces",Collectibles,Used - Good,2026-06-25T09:00:00-04:00,2026-07-07T11:00:00-04:00,2026-08-10T17:00:00-04:00,,EB-LST-000457,true
EB-ITM-000458,eBay,GW-022,"Vintage cassette deck, powers on",Electronics,For parts / repair,2026-07-10T09:00:00-04:00,2026-07-22T11:00:00-04:00,2026-08-09T17:00:00-04:00,,EB-LST-000458,true
EB-ITM-000459,eBay,GW-005,"Die-cast vehicle lot, assorted",Collectibles,Used - Acceptable,2026-08-05T09:00:00-04:00,2026-08-17T11:00:00-04:00,2026-08-28T17:00:00-04:00,,EB-LST-000459,true
EB-ITM-000460,eBay,GW-011,"Vintage cassette deck, powers on",Electronics,For parts / repair,2026-07-26T09:00:00-04:00,2026-07-31T11:00:00-04:00,2026-08-17T17:00:00-04:00,2026-08-23T21:00:00-04:00,EB-LST-000460,true
EB-ITM-000461,eBay,GW-011,"Gold-tone wristwatch, untested",Jewelry,Used - Acceptable,2026-07-17T09:00:00-04:00,2026-07-22T11:00:00-04:00,2026-08-18T17:00:00-04:00,,EB-LST-000461,true
EB-ITM-000462,eBay,GW-013,"Wool cardigan, size S",Apparel,Used - Good,2026-07-19T09:00:00-04:00,2026-07-20T11:00:00-04:00,2026-08-05T17:00:00-04:00,2026-08-08T21:00:00-04:00,EB-LST-000462,true
EB-ITM-000463,eBay,GW-001,"Levi's denim jacket, size L",Apparel,Used - Good,2026-07-29T09:00:00-04:00,2026-08-02T11:00:00-04:00,2026-08-13T17:00:00-04:00,,EB-LST-000463,true
EB-ITM-000464,eBay,GW-005,"Bose portable speaker, cosmetic wear",Electronics,Used - Good,2026-07-01T09:00:00-04:00,2026-07-08T11:00:00-04:00,2026-08-04T17:00:00-04:00,,EB-LST-000464,true
EB-ITM-000465,eBay,GW-004,"Bose portable speaker, cosmetic wear",Electronics,Used - Very Good,2026-07-21T09:00:00-04:00,2026-08-04T11:00:00-04:00,2026-08-20T17:00:00-04:00,,EB-LST-000465,true
EB-ITM-000466,eBay,GW-009,Tennis racquet pair with covers,Sporting Goods,Used - Good,2026-08-03T09:00:00-04:00,2026-08-05T11:00:00-04:00,2026-08-16T17:00:00-04:00,,EB-LST-000466,true
EB-ITM-000467,eBay,GW-024,Sony stereo receiver — tested,Electronics,Used - Acceptable,2026-07-15T09:00:00-04:00,2026-07-20T11:00:00-04:00,2026-08-11T17:00:00-04:00,,EB-LST-000467,true
EB-ITM-000468,eBay,GW-016,Vintage costume jewelry lot,Jewelry,Used - Good,2026-07-19T09:00:00-04:00,2026-07-27T11:00:00-04:00,2026-08-29T17:00:00-04:00,,EB-LST-000468,true
EB-ITM-000469,eBay,GW-024,"Bose portable speaker, cosmetic wear",Electronics,For parts / repair,2026-07-30T09:00:00-04:00,2026-08-03T11:00:00-04:00,2026-08-30T17:00:00-04:00,,EB-LST-000469,true
EB-ITM-000470,eBay,GW-018,Fishing reel with spare spool,Sporting Goods,Used - Very Good,2026-07-22T09:00:00-04:00,2026-07-23T11:00:00-04:00,2026-08-07T17:00:00-04:00,,EB-LST-000470,true
EB-ITM-000471,eBay,GW-008,"Vintage concert T-shirt, size XL",Apparel,For parts / repair,2026-07-02T09:00:00-04:00,2026-07-13T11:00:00-04:00,2026-08-09T17:00:00-04:00,,EB-LST-000471,true
EB-ITM-000472,eBay,GW-023,Nintendo DS console with charger,Electronics,Used - Good,2026-07-29T09:00:00-04:00,2026-08-03T11:00:00-04:00,2026-08-19T17:00:00-04:00,,EB-LST-000472,true
EB-ITM-000473,eBay,GW-011,"Stoneware dinner service, 12 pieces",Home,Used - Acceptable,2026-08-06T09:00:00-04:00,2026-08-12T11:00:00-04:00,2026-08-28T17:00:00-04:00,,EB-LST-000473,true
EB-ITM-000474,eBay,GW-008,"Die-cast vehicle lot, assorted",Collectibles,For parts / repair,2026-08-09T09:00:00-04:00,2026-08-13T11:00:00-04:00,2026-08-16T17:00:00-04:00,,EB-LST-000474,true
EB-ITM-000475,eBay,GW-019,"Digital multimeter, tested",Tools,Used - Very Good,2026-08-20T09:00:00-04:00,2026-08-22T11:00:00-04:00,2026-08-30T17:00:00-04:00,,EB-LST-000475,true
EB-ITM-000476,eBay,GW-016,"Die-cast vehicle lot, assorted",Collectibles,Used - Acceptable,2026-08-12T09:00:00-04:00,2026-08-20T11:00:00-04:00,2026-08-29T17:00:00-04:00,,EB-LST-000476,true
EB-ITM-000477,eBay,GW-009,"Digital multimeter, tested",Tools,Used - Good,2026-07-30T09:00:00-04:00,2026-08-01T11:00:00-04:00,2026-08-28T17:00:00-04:00,,EB-LST-000477,true
EB-ITM-000478,eBay,GW-008,"Travel duffel, navy",Accessories,For parts / repair,2026-07-05T09:00:00-04:00,2026-07-14T11:00:00-04:00,2026-08-11T17:00:00-04:00,,EB-LST-000478,true
EB-ITM-000479,eBay,GW-022,Engineering reference manual,Books,Used - Acceptable,2026-07-13T09:00:00-04:00,2026-07-25T11:00:00-04:00,2026-08-31T17:00:00-04:00,,EB-LST-000479,true
EB-ITM-000480,eBay,GW-013,"Bose portable speaker, cosmetic wear",Electronics,Used - Good,2026-07-05T09:00:00-04:00,2026-07-15T11:00:00-04:00,2026-08-21T17:00:00-04:00,,EB-LST-000480,true
EB-ITM-000481,eBay,GW-002,"Estate postcard collection, 80 pieces",Collectibles,For parts / repair,2026-07-23T09:00:00-04:00,2026-07-25T11:00:00-04:00,2026-08-29T17:00:00-04:00,,EB-LST-000481,true
EB-ITM-000482,eBay,GW-001,"Golf iron set, right handed",Sporting Goods,For parts / repair,2026-07-14T09:00:00-04:00,2026-07-27T11:00:00-04:00,2026-08-24T17:00:00-04:00,,EB-LST-000482,true
EB-ITM-000483,eBay,GW-012,"Sterling silver necklace, 18 inch",Jewelry,Used - Good,2026-07-06T09:00:00-04:00,2026-07-19T11:00:00-04:00,2026-08-12T17:00:00-04:00,,EB-LST-000483,true
EB-ITM-000484,eBay,GW-024,"Bose portable speaker, cosmetic wear",Electronics,For parts / repair,2026-07-19T09:00:00-04:00,2026-07-24T11:00:00-04:00,2026-08-01T17:00:00-04:00,,EB-LST-000484,true
EB-ITM-000485,eBay,GW-012,"Wool cardigan, size S",Apparel,Used - Acceptable,2026-08-06T09:00:00-04:00,2026-08-10T11:00:00-04:00,2026-08-20T17:00:00-04:00,,EB-LST-000485,true
EB-ITM-000486,eBay,GW-013,"Gold-tone wristwatch, untested",Jewelry,Used - Acceptable,2026-07-10T09:00:00-04:00,2026-07-19T11:00:00-04:00,2026-08-03T17:00:00-04:00,,EB-LST-000486,true
EB-ITM-000487,eBay,GW-012,Vintage costume jewelry lot,Jewelry,For parts / repair,2026-06-27T09:00:00-04:00,2026-06-28T11:00:00-04:00,2026-08-05T17:00:00-04:00,,EB-LST-000487,true
EB-ITM-000488,eBay,GW-009,"Vintage cassette deck, powers on",Electronics,Used - Acceptable,2026-08-02T09:00:00-04:00,2026-08-10T11:00:00-04:00,2026-08-27T17:00:00-04:00,,EB-LST-000488,true
EB-ITM-000489,eBay,GW-021,"Gold-tone wristwatch, untested",Jewelry,Used - Good,2026-07-11T09:00:00-04:00,2026-07-24T11:00:00-04:00,2026-08-25T17:00:00-04:00,,EB-LST-000489,true
EB-ITM-000490,eBay,GW-024,Sony stereo receiver — tested,Electronics,Used - Very Good,2026-07-06T09:00:00-04:00,2026-07-19T11:00:00-04:00,2026-08-19T17:00:00-04:00,,EB-LST-000490,true
EB-ITM-000491,eBay,GW-008,Nintendo DS console with charger,Electronics,For parts / repair,2026-07-27T09:00:00-04:00,2026-08-07T11:00:00-04:00,2026-08-23T17:00:00-04:00,,EB-LST-000491,true
EB-ITM-000492,eBay,GW-001,Sony stereo receiver — tested,Electronics,Used - Acceptable,2026-08-09T09:00:00-04:00,2026-08-10T11:00:00-04:00,2026-08-21T17:00:00-04:00,,EB-LST-000492,true
EB-ITM-000493,eBay,GW-017,"Hiking backpack, 40L",Sporting Goods,Used - Very Good,2026-08-02T09:00:00-04:00,2026-08-07T11:00:00-04:00,2026-08-29T17:00:00-04:00,,EB-LST-000493,true
EB-ITM-000494,eBay,GW-003,"Canon EF zoom lens, 75–300mm",Electronics,Used - Very Good,2026-07-06T09:00:00-04:00,2026-07-09T11:00:00-04:00,2026-08-04T17:00:00-04:00,,EB-LST-000494,true
EB-ITM-000495,eBay,GW-008,Sony stereo receiver — tested,Electronics,Used - Very Good,2026-07-26T09:00:00-04:00,2026-07-29T11:00:00-04:00,2026-08-20T17:00:00-04:00,,EB-LST-000495,true
EB-ITM-000496,eBay,GW-010,"Hiking backpack, 40L",Sporting Goods,Used - Acceptable,2026-07-09T09:00:00-04:00,2026-07-23T11:00:00-04:00,2026-08-22T17:00:00-04:00,,EB-LST-000496,true
EB-ITM-000497,eBay,GW-004,"Patagonia fleece jacket, size M",Apparel,Used - Good,2026-07-26T09:00:00-04:00,2026-07-30T11:00:00-04:00,2026-08-12T17:00:00-04:00,,EB-LST-000497,true
EB-ITM-000498,eBay,GW-017,"Leather tote bag, brown",Accessories,Used - Very Good,2026-08-05T09:00:00-04:00,2026-08-15T11:00:00-04:00,2026-08-23T17:00:00-04:00,,EB-LST-000498,true
EB-ITM-000499,eBay,GW-006,"Sterling silver necklace, 18 inch",Jewelry,Used - Acceptable,2026-07-23T09:00:00-04:00,2026-07-24T11:00:00-04:00,2026-08-23T17:00:00-04:00,,EB-LST-000499,true
EB-ITM-000500,eBay,GW-018,Fishing reel with spare spool,Sporting Goods,Used - Very Good,2026-07-23T09:00:00-04:00,2026-08-01T11:00:00-04:00,2026-08-16T17:00:00-04:00,,EB-LST-000500,true
EB-ITM-000501,eBay,GW-010,"DeWalt cordless drill, tool only",Tools,Used - Good,2026-08-02T09:00:00-04:00,2026-08-15T11:00:00-04:00,2026-08-19T17:00:00-04:00,,EB-LST-000501,true
EB-ITM-000502,eBay,GW-017,Vintage Pyrex mixing bowl set,Collectibles,Used - Very Good,2026-08-06T09:00:00-04:00,2026-08-15T11:00:00-04:00,2026-08-30T17:00:00-04:00,,EB-LST-000502,true
EB-ITM-000503,eBay,GW-006,"Brass table lamp, tested",Home,For parts / repair,2026-07-14T09:00:00-04:00,2026-07-20T11:00:00-04:00,2026-08-09T17:00:00-04:00,,EB-LST-000503,true
EB-ITM-000504,eBay,GW-017,"Vintage cassette deck, powers on",Electronics,Used - Very Good,2026-06-12T09:00:00-04:00,2026-06-25T11:00:00-04:00,2026-08-02T17:00:00-04:00,,EB-LST-000504,true
EB-ITM-000505,eBay,GW-015,"Digital multimeter, tested",Tools,Used - Very Good,2026-06-24T09:00:00-04:00,2026-07-08T11:00:00-04:00,2026-08-03T17:00:00-04:00,,EB-LST-000505,true
EB-ITM-000506,eBay,GW-004,"Patagonia fleece jacket, size M",Apparel,Used - Good,2026-07-04T09:00:00-04:00,2026-07-17T11:00:00-04:00,2026-08-15T17:00:00-04:00,,EB-LST-000506,true
EB-ITM-000507,eBay,GW-003,"Handwoven wool rug, 3 × 5 ft",Home,Used - Acceptable,2026-06-24T09:00:00-04:00,2026-07-02T11:00:00-04:00,2026-08-03T17:00:00-04:00,,EB-LST-000507,true
EB-ITM-000508,eBay,GW-001,"Estate postcard collection, 80 pieces",Collectibles,For parts / repair,2026-07-19T09:00:00-04:00,2026-07-21T11:00:00-04:00,2026-08-15T17:00:00-04:00,,EB-LST-000508,true
EB-ITM-000509,eBay,GW-017,"Wool cardigan, size S",Apparel,Used - Good,2026-08-19T09:00:00-04:00,2026-08-22T11:00:00-04:00,2026-08-30T17:00:00-04:00,,EB-LST-000509,true
EB-ITM-000510,eBay,GW-001,"Patagonia fleece jacket, size M",Apparel,Used - Very Good,2026-08-06T09:00:00-04:00,2026-08-18T11:00:00-04:00,2026-08-25T17:00:00-04:00,,EB-LST-000510,true
EB-ITM-000511,eBay,GW-001,Vintage Stanley hand plane,Tools,Used - Acceptable,2026-07-17T09:00:00-04:00,2026-07-31T11:00:00-04:00,2026-08-05T17:00:00-04:00,,EB-LST-000511,true
EB-ITM-000512,eBay,GW-011,"Model train locomotive, boxed",Collectibles,Used - Acceptable,2026-08-07T09:00:00-04:00,2026-08-17T11:00:00-04:00,2026-08-23T17:00:00-04:00,,EB-LST-000512,true
EB-ITM-000513,eBay,GW-021,"Illustrated field guide, revised edition",Books,Used - Acceptable,2026-07-20T09:00:00-04:00,2026-08-03T11:00:00-04:00,2026-08-26T17:00:00-04:00,,EB-LST-000513,true
EB-ITM-000514,eBay,GW-008,"Silk scarf, floral print",Accessories,Used - Very Good,2026-07-25T09:00:00-04:00,2026-08-01T11:00:00-04:00,2026-08-24T17:00:00-04:00,,EB-LST-000514,true
EB-ITM-000515,eBay,GW-022,"Illustrated field guide, revised edition",Books,Used - Acceptable,2026-07-29T09:00:00-04:00,2026-08-11T11:00:00-04:00,2026-08-30T17:00:00-04:00,,EB-LST-000515,true
EB-ITM-000516,eBay,GW-016,"Stoneware dinner service, 12 pieces",Home,Used - Good,2026-07-25T09:00:00-04:00,2026-07-26T11:00:00-04:00,2026-08-22T17:00:00-04:00,,EB-LST-000516,true
EB-ITM-000517,eBay,GW-013,KitchenAid hand mixer with beaters,Home,Used - Acceptable,2026-07-10T09:00:00-04:00,2026-07-17T11:00:00-04:00,2026-08-17T17:00:00-04:00,,EB-LST-000517,true
EB-ITM-000518,eBay,GW-012,"Travel duffel, navy",Accessories,Used - Very Good,2026-07-06T09:00:00-04:00,2026-07-12T11:00:00-04:00,2026-08-18T17:00:00-04:00,,EB-LST-000518,true
EB-ITM-000519,eBay,GW-005,"Patagonia fleece jacket, size M",Apparel,Used - Good,2026-07-13T09:00:00-04:00,2026-07-25T11:00:00-04:00,2026-08-08T17:00:00-04:00,,EB-LST-000519,true
EB-ITM-000520,eBay,GW-005,Sony stereo receiver — tested,Electronics,Used - Very Good,2026-07-05T09:00:00-04:00,2026-07-16T11:00:00-04:00,2026-08-15T17:00:00-04:00,,EB-LST-000520,true
EB-ITM-000521,eBay,GW-017,"Wool cardigan, size S",Apparel,For parts / repair,2026-07-20T09:00:00-04:00,2026-07-21T11:00:00-04:00,2026-08-12T17:00:00-04:00,,EB-LST-000521,true
EB-ITM-000522,eBay,GW-004,"Art history volume, dust jacket",Books,Used - Acceptable,2026-08-03T09:00:00-04:00,2026-08-06T11:00:00-04:00,2026-08-31T17:00:00-04:00,,EB-LST-000522,true
EB-ITM-000523,eBay,GW-022,"Stoneware dinner service, 12 pieces",Home,For parts / repair,2026-07-18T09:00:00-04:00,2026-07-27T11:00:00-04:00,2026-08-30T17:00:00-04:00,,EB-LST-000523,true
EB-ITM-000524,eBay,GW-018,"Golf iron set, right handed",Sporting Goods,Used - Acceptable,2026-07-30T09:00:00-04:00,2026-08-08T11:00:00-04:00,2026-08-29T17:00:00-04:00,,EB-LST-000524,true
EB-ITM-000525,eBay,GW-024,"Handwoven wool rug, 3 × 5 ft",Home,Used - Very Good,2026-08-02T09:00:00-04:00,2026-08-07T11:00:00-04:00,2026-08-12T17:00:00-04:00,,EB-LST-000525,true
EB-ITM-000526,eBay,GW-015,"Handwoven wool rug, 3 × 5 ft",Home,Used - Very Good,2026-08-02T09:00:00-04:00,2026-08-14T11:00:00-04:00,2026-08-18T17:00:00-04:00,,EB-LST-000526,true
EB-ITM-000527,eBay,GW-008,Vintage Pyrex mixing bowl set,Collectibles,Used - Very Good,2026-07-31T09:00:00-04:00,2026-08-06T11:00:00-04:00,2026-08-26T17:00:00-04:00,,EB-LST-000527,true
EB-ITM-000528,eBay,GW-020,"Stoneware dinner service, 12 pieces",Home,Used - Acceptable,2026-07-19T09:00:00-04:00,2026-07-21T11:00:00-04:00,2026-08-18T17:00:00-04:00,,EB-LST-000528,true
EB-ITM-000529,eBay,GW-004,"Vintage cassette deck, powers on",Electronics,Used - Very Good,2026-06-30T09:00:00-04:00,2026-07-13T11:00:00-04:00,2026-08-12T17:00:00-04:00,,EB-LST-000529,true
EB-ITM-000530,eBay,GW-017,"Die-cast vehicle lot, assorted",Collectibles,For parts / repair,2026-07-27T09:00:00-04:00,2026-07-28T11:00:00-04:00,2026-08-16T17:00:00-04:00,,EB-LST-000530,true
EB-ITM-000531,eBay,GW-023,"Brass table lamp, tested",Home,Used - Good,2026-06-22T09:00:00-04:00,2026-07-02T11:00:00-04:00,2026-08-08T17:00:00-04:00,,EB-LST-000531,true
EB-ITM-000532,eBay,GW-014,"Stoneware dinner service, 12 pieces",Home,For parts / repair,2026-08-20T09:00:00-04:00,2026-08-27T11:00:00-04:00,2026-08-29T17:00:00-04:00,,EB-LST-000532,true
EB-ITM-000533,eBay,GW-001,"Estate postcard collection, 80 pieces",Collectibles,For parts / repair,2026-07-28T09:00:00-04:00,2026-08-05T11:00:00-04:00,2026-08-28T17:00:00-04:00,,EB-LST-000533,true
EB-ITM-000534,eBay,GW-006,"Model train locomotive, boxed",Collectibles,Used - Very Good,2026-08-13T09:00:00-04:00,2026-08-27T11:00:00-04:00,2026-08-29T17:00:00-04:00,2026-08-29T21:00:00-04:00,EB-LST-000534,true
EB-ITM-000535,eBay,GW-023,"Estate postcard collection, 80 pieces",Collectibles,Used - Very Good,2026-07-20T09:00:00-04:00,2026-08-02T11:00:00-04:00,2026-08-31T17:00:00-04:00,,EB-LST-000535,true
EB-ITM-000536,eBay,GW-020,"Model train locomotive, boxed",Collectibles,Used - Acceptable,2026-08-03T09:00:00-04:00,2026-08-10T11:00:00-04:00,2026-08-15T17:00:00-04:00,2026-08-18T21:00:00-04:00,EB-LST-000536,true
EB-ITM-000537,eBay,GW-009,"Bose portable speaker, cosmetic wear",Electronics,For parts / repair,2026-07-27T09:00:00-04:00,2026-08-05T11:00:00-04:00,2026-08-22T17:00:00-04:00,,EB-LST-000537,true
EB-ITM-000538,eBay,GW-009,"Golf iron set, right handed",Sporting Goods,Used - Good,2026-07-30T09:00:00-04:00,2026-07-31T11:00:00-04:00,2026-08-14T17:00:00-04:00,,EB-LST-000538,true
EB-ITM-000539,eBay,GW-009,Vintage Pyrex mixing bowl set,Collectibles,Used - Acceptable,2026-07-02T09:00:00-04:00,2026-07-12T11:00:00-04:00,2026-08-06T17:00:00-04:00,,EB-LST-000539,true
EB-ITM-000540,eBay,GW-007,Tennis racquet pair with covers,Sporting Goods,Used - Good,2026-07-21T09:00:00-04:00,2026-07-29T11:00:00-04:00,2026-08-24T17:00:00-04:00,,EB-LST-000540,true
EB-ITM-000541,eBay,GW-020,"Canon EF zoom lens, 75–300mm",Electronics,Used - Very Good,2026-07-04T09:00:00-04:00,2026-07-12T11:00:00-04:00,2026-08-01T17:00:00-04:00,,EB-LST-000541,true
EB-ITM-000542,eBay,GW-016,KitchenAid hand mixer with beaters,Home,For parts / repair,2026-07-09T09:00:00-04:00,2026-07-17T11:00:00-04:00,2026-08-23T17:00:00-04:00,,EB-LST-000542,true
EB-ITM-000543,eBay,GW-001,"Wool cardigan, size S",Apparel,Used - Very Good,2026-07-09T09:00:00-04:00,2026-07-23T11:00:00-04:00,2026-08-22T17:00:00-04:00,,EB-LST-000543,true
EB-ITM-000544,eBay,GW-017,"Hiking backpack, 40L",Sporting Goods,Used - Good,2026-07-28T09:00:00-04:00,2026-08-04T11:00:00-04:00,2026-08-22T17:00:00-04:00,,EB-LST-000544,true
EB-ITM-000545,eBay,GW-009,"Estate postcard collection, 80 pieces",Collectibles,Used - Good,2026-07-19T09:00:00-04:00,2026-07-20T11:00:00-04:00,2026-08-13T17:00:00-04:00,,EB-LST-000545,true
EB-ITM-000546,eBay,GW-008,Fishing reel with spare spool,Sporting Goods,Used - Very Good,2026-07-28T09:00:00-04:00,2026-08-07T11:00:00-04:00,2026-08-26T17:00:00-04:00,,EB-LST-000546,true
EB-ITM-000547,eBay,GW-017,KitchenAid hand mixer with beaters,Home,For parts / repair,2026-07-23T09:00:00-04:00,2026-08-02T11:00:00-04:00,2026-08-21T17:00:00-04:00,,EB-LST-000547,true
EB-ITM-000548,eBay,GW-020,Sony stereo receiver — tested,Electronics,Used - Good,2026-07-06T09:00:00-04:00,2026-07-08T11:00:00-04:00,2026-08-12T17:00:00-04:00,,EB-LST-000548,true
EB-ITM-000549,eBay,GW-008,"Wool cardigan, size S",Apparel,For parts / repair,2026-08-04T09:00:00-04:00,2026-08-16T11:00:00-04:00,2026-08-30T17:00:00-04:00,,EB-LST-000549,true
EB-ITM-000550,eBay,GW-015,"Digital multimeter, tested",Tools,Used - Acceptable,2026-07-22T09:00:00-04:00,2026-07-25T11:00:00-04:00,2026-08-09T17:00:00-04:00,,EB-LST-000550,true
EB-ITM-000551,eBay,GW-001,"Handwoven wool rug, 3 × 5 ft",Home,Used - Acceptable,2026-07-08T09:00:00-04:00,2026-07-20T11:00:00-04:00,2026-08-26T17:00:00-04:00,,EB-LST-000551,true
EB-ITM-000552,eBay,GW-024,"Craftsman socket set, 32 pieces",Tools,Used - Good,2026-08-17T09:00:00-04:00,2026-08-20T11:00:00-04:00,2026-08-24T17:00:00-04:00,,EB-LST-000552,true
EB-ITM-000553,eBay,GW-017,"Mystery paperback lot, 6 books",Books,Used - Good,2026-07-06T09:00:00-04:00,2026-07-14T11:00:00-04:00,2026-08-12T17:00:00-04:00,,EB-LST-000553,true
EB-ITM-000554,eBay,GW-009,Sony stereo receiver — tested,Electronics,Used - Very Good,2026-07-02T09:00:00-04:00,2026-07-09T11:00:00-04:00,2026-08-10T17:00:00-04:00,,EB-LST-000554,true
EB-ITM-000555,eBay,GW-008,Sony stereo receiver — tested,Electronics,Used - Acceptable,2026-08-06T09:00:00-04:00,2026-08-08T11:00:00-04:00,2026-08-29T17:00:00-04:00,,EB-LST-000555,true
EB-ITM-000556,eBay,GW-004,"Craftsman socket set, 32 pieces",Tools,Used - Acceptable,2026-06-29T09:00:00-04:00,2026-07-12T11:00:00-04:00,2026-08-05T17:00:00-04:00,,EB-LST-000556,true
EB-ITM-000557,eBay,GW-008,"Vintage concert T-shirt, size XL",Apparel,Used - Acceptable,2026-07-10T09:00:00-04:00,2026-07-11T11:00:00-04:00,2026-08-15T17:00:00-04:00,,EB-LST-000557,true
EB-ITM-000558,eBay,GW-005,"Vintage cassette deck, powers on",Electronics,Used - Acceptable,2026-06-19T09:00:00-04:00,2026-07-01T11:00:00-04:00,2026-08-08T17:00:00-04:00,,EB-LST-000558,true
EB-ITM-000559,eBay,GW-021,"Sterling ring, size 7",Jewelry,Used - Acceptable,2026-07-22T09:00:00-04:00,2026-07-29T11:00:00-04:00,2026-08-07T17:00:00-04:00,,EB-LST-000559,true
EB-ITM-000560,eBay,GW-003,"Craftsman socket set, 32 pieces",Tools,For parts / repair,2026-08-01T09:00:00-04:00,2026-08-06T11:00:00-04:00,2026-08-24T17:00:00-04:00,,EB-LST-000560,true
EB-ITM-000561,eBay,GW-015,"Die-cast vehicle lot, assorted",Collectibles,Used - Very Good,2026-06-30T09:00:00-04:00,2026-07-08T11:00:00-04:00,2026-08-01T17:00:00-04:00,,EB-LST-000561,true
EB-ITM-000562,eBay,GW-004,"Model train locomotive, boxed",Collectibles,Used - Good,2026-07-29T09:00:00-04:00,2026-08-09T11:00:00-04:00,2026-08-22T17:00:00-04:00,,EB-LST-000562,true
EB-ITM-000563,eBay,GW-010,"DeWalt cordless drill, tool only",Tools,For parts / repair,2026-07-11T09:00:00-04:00,2026-07-18T11:00:00-04:00,2026-08-15T17:00:00-04:00,,EB-LST-000563,true
EB-ITM-000564,eBay,GW-018,"Mystery paperback lot, 6 books",Books,Used - Acceptable,2026-07-26T09:00:00-04:00,2026-07-31T11:00:00-04:00,2026-08-30T17:00:00-04:00,2026-08-31T21:00:00-04:00,EB-LST-000564,true
EB-ITM-000565,eBay,GW-002,Fishing reel with spare spool,Sporting Goods,Used - Acceptable,2026-07-19T09:00:00-04:00,2026-07-27T11:00:00-04:00,2026-08-21T17:00:00-04:00,,EB-LST-000565,true
EB-ITM-000566,eBay,GW-018,"Hiking backpack, 40L",Sporting Goods,Used - Very Good,2026-08-03T09:00:00-04:00,2026-08-07T11:00:00-04:00,2026-08-11T17:00:00-04:00,,EB-LST-000566,true
EB-ITM-000567,eBay,GW-016,"Levi's denim jacket, size L",Apparel,Used - Very Good,2026-07-28T09:00:00-04:00,2026-08-11T11:00:00-04:00,2026-08-20T17:00:00-04:00,,EB-LST-000567,true
EB-ITM-000568,eBay,GW-006,"Model train locomotive, boxed",Collectibles,Used - Very Good,2026-07-26T09:00:00-04:00,2026-08-01T11:00:00-04:00,2026-08-17T17:00:00-04:00,,EB-LST-000568,true
EB-ITM-000569,eBay,GW-011,"Stoneware dinner service, 12 pieces",Home,Used - Good,2026-07-04T09:00:00-04:00,2026-07-18T11:00:00-04:00,2026-08-04T17:00:00-04:00,,EB-LST-000569,true
EB-ITM-000570,eBay,GW-014,Hardcover regional cookbook,Books,Used - Acceptable,2026-07-15T09:00:00-04:00,2026-07-23T11:00:00-04:00,2026-08-10T17:00:00-04:00,,EB-LST-000570,true
EB-ITM-000571,eBay,GW-018,Nintendo DS console with charger,Electronics,Used - Acceptable,2026-07-23T09:00:00-04:00,2026-07-24T11:00:00-04:00,2026-08-10T17:00:00-04:00,,EB-LST-000571,true
EB-ITM-000572,eBay,GW-006,"Handwoven wool rug, 3 × 5 ft",Home,For parts / repair,2026-07-23T09:00:00-04:00,2026-08-01T11:00:00-04:00,2026-08-27T17:00:00-04:00,,EB-LST-000572,true
EB-ITM-000573,eBay,GW-009,"Sterling ring, size 7",Jewelry,For parts / repair,2026-07-06T09:00:00-04:00,2026-07-18T11:00:00-04:00,2026-08-25T17:00:00-04:00,,EB-LST-000573,true
EB-ITM-000574,eBay,GW-016,"Handwoven wool rug, 3 × 5 ft",Home,Used - Very Good,2026-06-28T09:00:00-04:00,2026-07-12T11:00:00-04:00,2026-08-16T17:00:00-04:00,,EB-LST-000574,true
EB-ITM-000575,eBay,GW-019,"Vintage cassette deck, powers on",Electronics,Used - Acceptable,2026-07-19T09:00:00-04:00,2026-07-24T11:00:00-04:00,2026-08-28T17:00:00-04:00,,EB-LST-000575,true
EB-ITM-000576,eBay,GW-021,Vintage Pyrex mixing bowl set,Collectibles,Used - Very Good,2026-07-20T09:00:00-04:00,2026-07-29T11:00:00-04:00,2026-08-13T17:00:00-04:00,,EB-LST-000576,true
EB-ITM-000577,eBay,GW-002,"Mystery paperback lot, 6 books",Books,Used - Acceptable,2026-08-04T09:00:00-04:00,2026-08-14T11:00:00-04:00,2026-08-20T17:00:00-04:00,,EB-LST-000577,true
EB-ITM-000578,eBay,GW-005,"Die-cast vehicle lot, assorted",Collectibles,Used - Acceptable,2026-08-23T09:00:00-04:00,2026-08-25T11:00:00-04:00,2026-08-28T17:00:00-04:00,,EB-LST-000578,true
EB-ITM-000579,eBay,GW-011,Sony stereo receiver — tested,Electronics,Used - Very Good,2026-06-27T09:00:00-04:00,2026-07-07T11:00:00-04:00,2026-08-02T17:00:00-04:00,,EB-LST-000579,true
EB-ITM-000580,eBay,GW-008,"Vintage cassette deck, powers on",Electronics,Used - Good,2026-07-29T09:00:00-04:00,2026-07-30T11:00:00-04:00,2026-08-10T17:00:00-04:00,,EB-LST-000580,true
EB-ITM-000581,eBay,GW-016,"DeWalt cordless drill, tool only",Tools,For parts / repair,2026-07-03T09:00:00-04:00,2026-07-17T11:00:00-04:00,2026-08-06T17:00:00-04:00,,EB-LST-000581,true
EB-ITM-000582,eBay,GW-016,"Canon EF zoom lens, 75–300mm",Electronics,Used - Very Good,2026-07-21T09:00:00-04:00,2026-07-26T11:00:00-04:00,2026-08-16T17:00:00-04:00,,EB-LST-000582,true
EB-ITM-000583,eBay,GW-009,"Brass table lamp, tested",Home,For parts / repair,2026-07-07T09:00:00-04:00,2026-07-13T11:00:00-04:00,2026-08-15T17:00:00-04:00,,EB-LST-000583,true
EB-ITM-000584,eBay,GW-021,"Bose portable speaker, cosmetic wear",Electronics,Used - Good,2026-07-23T09:00:00-04:00,2026-08-05T11:00:00-04:00,2026-08-29T17:00:00-04:00,,EB-LST-000584,true
EB-ITM-000585,eBay,GW-018,"DeWalt cordless drill, tool only",Tools,For parts / repair,2026-07-13T09:00:00-04:00,2026-07-19T11:00:00-04:00,2026-08-18T17:00:00-04:00,,EB-LST-000585,true
EB-ITM-000586,eBay,GW-012,"Estate postcard collection, 80 pieces",Collectibles,For parts / repair,2026-08-05T09:00:00-04:00,2026-08-07T11:00:00-04:00,2026-08-31T17:00:00-04:00,,EB-LST-000586,true
EB-ITM-000587,eBay,GW-004,"Art history volume, dust jacket",Books,For parts / repair,2026-07-23T09:00:00-04:00,2026-07-30T11:00:00-04:00,2026-08-18T17:00:00-04:00,,EB-LST-000587,true
EB-ITM-000588,eBay,GW-001,"Vintage cassette deck, powers on",Electronics,Used - Good,2026-07-09T09:00:00-04:00,2026-07-21T11:00:00-04:00,2026-08-22T17:00:00-04:00,,EB-LST-000588,true
EB-ITM-000589,eBay,GW-022,"Canon EF zoom lens, 75–300mm",Electronics,Used - Good,2026-07-15T09:00:00-04:00,2026-07-28T11:00:00-04:00,2026-08-23T17:00:00-04:00,,EB-LST-000589,true
EB-ITM-000590,eBay,GW-008,Nintendo DS console with charger,Electronics,Used - Acceptable,2026-07-22T09:00:00-04:00,2026-08-01T11:00:00-04:00,2026-08-08T17:00:00-04:00,,EB-LST-000590,true
EB-ITM-000591,eBay,GW-001,"Canon EF zoom lens, 75–300mm",Electronics,Used - Good,2026-06-28T09:00:00-04:00,2026-06-30T11:00:00-04:00,2026-08-01T17:00:00-04:00,,EB-LST-000591,true
EB-ITM-000592,eBay,GW-012,"Handwoven wool rug, 3 × 5 ft",Home,Used - Good,2026-07-09T09:00:00-04:00,2026-07-17T11:00:00-04:00,2026-08-09T17:00:00-04:00,,EB-LST-000592,true
EB-ITM-000593,eBay,GW-016,Signed studio pottery vase,Collectibles,For parts / repair,2026-07-04T09:00:00-04:00,2026-07-08T11:00:00-04:00,2026-08-14T17:00:00-04:00,,EB-LST-000593,true
EB-ITM-000594,eBay,GW-015,KitchenAid hand mixer with beaters,Home,Used - Very Good,2026-07-19T09:00:00-04:00,2026-07-31T11:00:00-04:00,2026-08-24T17:00:00-04:00,,EB-LST-000594,true
EB-ITM-000595,eBay,GW-002,KitchenAid hand mixer with beaters,Home,Used - Good,2026-08-02T09:00:00-04:00,2026-08-11T11:00:00-04:00,2026-08-22T17:00:00-04:00,,EB-LST-000595,true
EB-ITM-000596,eBay,GW-016,"Canon EF zoom lens, 75–300mm",Electronics,Used - Acceptable,2026-07-24T09:00:00-04:00,2026-08-05T11:00:00-04:00,2026-08-30T17:00:00-04:00,,EB-LST-000596,true
EB-ITM-000597,eBay,GW-024,"Patagonia fleece jacket, size M",Apparel,Used - Acceptable,2026-07-24T09:00:00-04:00,2026-07-31T11:00:00-04:00,2026-08-20T17:00:00-04:00,,EB-LST-000597,true
EB-ITM-000598,eBay,GW-021,"Art history volume, dust jacket",Books,Used - Very Good,2026-07-30T09:00:00-04:00,2026-07-31T11:00:00-04:00,2026-08-29T17:00:00-04:00,,EB-LST-000598,true
EB-ITM-000599,eBay,GW-015,"Stoneware dinner service, 12 pieces",Home,Used - Very Good,2026-07-28T09:00:00-04:00,2026-08-09T11:00:00-04:00,2026-08-24T17:00:00-04:00,,EB-LST-000599,true
EB-ITM-000600,eBay,GW-014,"Digital multimeter, tested",Tools,Used - Acceptable,2026-08-15T09:00:00-04:00,2026-08-21T11:00:00-04:00,2026-08-27T17:00:00-04:00,,EB-LST-000600,true
EB-ITM-000601,eBay,GW-017,"Canon EF zoom lens, 75–300mm",Electronics,Used - Acceptable,2026-08-12T09:00:00-04:00,2026-08-13T11:00:00-04:00,2026-08-27T17:00:00-04:00,,EB-LST-000601,true
EB-ITM-000602,eBay,GW-015,"Vintage concert T-shirt, size XL",Apparel,Used - Good,2026-08-04T09:00:00-04:00,2026-08-14T11:00:00-04:00,2026-08-23T17:00:00-04:00,,EB-LST-000602,true
EB-ITM-000603,eBay,GW-020,"Canon EF zoom lens, 75–300mm",Electronics,For parts / repair,2026-06-27T09:00:00-04:00,2026-07-09T11:00:00-04:00,2026-08-01T17:00:00-04:00,,EB-LST-000603,true
EB-ITM-000604,eBay,GW-004,"DeWalt cordless drill, tool only",Tools,Used - Good,2026-07-17T09:00:00-04:00,2026-07-19T11:00:00-04:00,2026-08-25T17:00:00-04:00,,EB-LST-000604,true
EB-ITM-000605,eBay,GW-001,"Art history volume, dust jacket",Books,Used - Very Good,2026-07-26T09:00:00-04:00,2026-07-28T11:00:00-04:00,2026-08-18T17:00:00-04:00,,EB-LST-000605,true
EB-ITM-000606,eBay,GW-003,Nintendo DS console with charger,Electronics,For parts / repair,2026-07-16T09:00:00-04:00,2026-07-24T11:00:00-04:00,2026-08-27T17:00:00-04:00,,EB-LST-000606,true
EB-ITM-000607,eBay,GW-024,"Mystery paperback lot, 6 books",Books,Used - Good,2026-07-14T09:00:00-04:00,2026-07-16T11:00:00-04:00,2026-08-08T17:00:00-04:00,,EB-LST-000607,true
EB-ITM-000608,eBay,GW-004,Vintage Pyrex mixing bowl set,Collectibles,Used - Good,2026-06-27T09:00:00-04:00,2026-06-30T11:00:00-04:00,2026-08-07T17:00:00-04:00,,EB-LST-000608,true
EB-ITM-000609,eBay,GW-009,"Golf iron set, right handed",Sporting Goods,For parts / repair,2026-08-03T09:00:00-04:00,2026-08-10T11:00:00-04:00,2026-08-15T17:00:00-04:00,,EB-LST-000609,true
EB-ITM-000610,eBay,GW-002,KitchenAid hand mixer with beaters,Home,For parts / repair,2026-07-16T09:00:00-04:00,2026-07-22T11:00:00-04:00,2026-08-23T17:00:00-04:00,,EB-LST-000610,true
EB-ITM-000611,eBay,GW-016,Vintage belt with brass buckle,Accessories,For parts / repair,2026-06-25T09:00:00-04:00,2026-07-06T11:00:00-04:00,2026-08-03T17:00:00-04:00,,EB-LST-000611,true
EB-ITM-000612,eBay,GW-007,"Patagonia fleece jacket, size M",Apparel,Used - Acceptable,2026-07-19T09:00:00-04:00,2026-07-24T11:00:00-04:00,2026-08-17T17:00:00-04:00,,EB-LST-000612,true
EB-ITM-000613,eBay,GW-009,"Levi's denim jacket, size L",Apparel,For parts / repair,2026-07-27T09:00:00-04:00,2026-08-03T11:00:00-04:00,2026-08-21T17:00:00-04:00,,EB-LST-000613,true
EB-ITM-000614,eBay,GW-005,"Digital multimeter, tested",Tools,Used - Good,2026-07-01T09:00:00-04:00,2026-07-06T11:00:00-04:00,2026-08-01T17:00:00-04:00,,EB-LST-000614,true
EB-ITM-000615,eBay,GW-024,"Bose portable speaker, cosmetic wear",Electronics,Used - Very Good,2026-07-17T09:00:00-04:00,2026-07-19T11:00:00-04:00,2026-08-19T17:00:00-04:00,,EB-LST-000615,true
EB-ITM-000616,eBay,GW-005,"Vintage cassette deck, powers on",Electronics,For parts / repair,2026-07-12T09:00:00-04:00,2026-07-14T11:00:00-04:00,2026-08-14T17:00:00-04:00,,EB-LST-000616,true
EB-ITM-000617,eBay,GW-015,"Illustrated field guide, revised edition",Books,Used - Very Good,2026-08-18T09:00:00-04:00,2026-08-22T11:00:00-04:00,2026-08-25T17:00:00-04:00,,EB-LST-000617,true
EB-ITM-000618,eBay,GW-001,"Digital multimeter, tested",Tools,Used - Good,2026-08-04T09:00:00-04:00,2026-08-06T11:00:00-04:00,2026-08-29T17:00:00-04:00,,EB-LST-000618,true
EB-ITM-000619,eBay,GW-006,"Vintage concert T-shirt, size XL",Apparel,Used - Acceptable,2026-08-05T09:00:00-04:00,2026-08-11T11:00:00-04:00,2026-08-22T17:00:00-04:00,,EB-LST-000619,true
EB-ITM-000620,eBay,GW-012,"Mystery paperback lot, 6 books",Books,Used - Good,2026-07-22T09:00:00-04:00,2026-07-31T11:00:00-04:00,2026-08-31T17:00:00-04:00,,EB-LST-000620,true
EB-ITM-000621,eBay,GW-012,"Model train locomotive, boxed",Collectibles,Used - Acceptable,2026-07-26T09:00:00-04:00,2026-08-08T11:00:00-04:00,2026-08-18T17:00:00-04:00,,EB-LST-000621,true
EB-ITM-000622,eBay,GW-017,Fishing reel with spare spool,Sporting Goods,Used - Acceptable,2026-08-01T09:00:00-04:00,2026-08-15T11:00:00-04:00,2026-08-29T17:00:00-04:00,,EB-LST-000622,true
EB-ITM-000623,eBay,GW-016,"Estate postcard collection, 80 pieces",Collectibles,For parts / repair,2026-07-22T09:00:00-04:00,2026-08-05T11:00:00-04:00,2026-08-07T17:00:00-04:00,,EB-LST-000623,true
EB-ITM-000624,eBay,GW-004,"DeWalt cordless drill, tool only",Tools,For parts / repair,2026-07-05T09:00:00-04:00,2026-07-12T11:00:00-04:00,2026-08-09T17:00:00-04:00,,EB-LST-000624,true
EB-ITM-000625,eBay,GW-014,"Bose portable speaker, cosmetic wear",Electronics,Used - Very Good,2026-06-12T09:00:00-04:00,2026-06-25T11:00:00-04:00,2026-08-02T17:00:00-04:00,,EB-LST-000625,true
EB-ITM-000626,eBay,GW-020,"Vintage cassette deck, powers on",Electronics,Used - Acceptable,2026-06-25T09:00:00-04:00,2026-06-30T11:00:00-04:00,2026-08-01T17:00:00-04:00,,EB-LST-000626,true
EB-ITM-000627,eBay,GW-008,Sony stereo receiver — tested,Electronics,Used - Good,2026-07-10T09:00:00-04:00,2026-07-23T11:00:00-04:00,2026-08-26T17:00:00-04:00,,EB-LST-000627,true
EB-ITM-000628,eBay,GW-004,"Brass table lamp, tested",Home,Used - Good,2026-07-29T09:00:00-04:00,2026-08-06T11:00:00-04:00,2026-08-16T17:00:00-04:00,,EB-LST-000628,true
EB-ITM-000629,eBay,GW-017,"Mystery paperback lot, 6 books",Books,Used - Acceptable,2026-07-18T09:00:00-04:00,2026-07-31T11:00:00-04:00,2026-08-25T17:00:00-04:00,,EB-LST-000629,true
EB-ITM-000630,eBay,GW-010,Tennis racquet pair with covers,Sporting Goods,For parts / repair,2026-07-04T09:00:00-04:00,2026-07-16T11:00:00-04:00,2026-08-19T17:00:00-04:00,,EB-LST-000630,true
EB-ITM-000631,eBay,GW-013,Fishing reel with spare spool,Sporting Goods,For parts / repair,2026-07-12T09:00:00-04:00,2026-07-23T11:00:00-04:00,2026-08-05T17:00:00-04:00,2026-08-11T21:00:00-04:00,EB-LST-000631,true
EB-ITM-000632,eBay,GW-024,Fishing reel with spare spool,Sporting Goods,Used - Good,2026-07-05T09:00:00-04:00,2026-07-19T11:00:00-04:00,2026-08-14T17:00:00-04:00,,EB-LST-000632,true
EB-ITM-000633,eBay,GW-004,Sony stereo receiver — tested,Electronics,Used - Very Good,2026-07-15T09:00:00-04:00,2026-07-25T11:00:00-04:00,2026-08-29T17:00:00-04:00,,EB-LST-000633,true
EB-ITM-000634,eBay,GW-008,Vintage Stanley hand plane,Tools,Used - Good,2026-08-14T09:00:00-04:00,2026-08-17T11:00:00-04:00,2026-08-23T17:00:00-04:00,,EB-LST-000634,true
EB-ITM-000635,eBay,GW-010,"Leather tote bag, brown",Accessories,For parts / repair,2026-07-11T09:00:00-04:00,2026-07-17T11:00:00-04:00,2026-08-05T17:00:00-04:00,,EB-LST-000635,true
EB-ITM-000636,eBay,GW-005,"Vintage concert T-shirt, size XL",Apparel,Used - Good,2026-06-26T09:00:00-04:00,2026-07-02T11:00:00-04:00,2026-08-04T17:00:00-04:00,,EB-LST-000636,true
EB-ITM-000637,eBay,GW-017,Tennis racquet pair with covers,Sporting Goods,Used - Good,2026-07-22T09:00:00-04:00,2026-07-26T11:00:00-04:00,2026-08-19T17:00:00-04:00,,EB-LST-000637,true
EB-ITM-000638,eBay,GW-018,"Brass table lamp, tested",Home,Used - Good,2026-07-17T09:00:00-04:00,2026-07-18T11:00:00-04:00,2026-08-22T17:00:00-04:00,,EB-LST-000638,true
EB-ITM-000639,eBay,GW-004,"Sterling ring, size 7",Jewelry,Used - Very Good,2026-07-23T09:00:00-04:00,2026-07-25T11:00:00-04:00,2026-08-13T17:00:00-04:00,,EB-LST-000639,true
EB-ITM-000640,eBay,GW-021,"Craftsman socket set, 32 pieces",Tools,Used - Good,2026-07-02T09:00:00-04:00,2026-07-09T11:00:00-04:00,2026-08-02T17:00:00-04:00,,EB-LST-000640,true
EB-ITM-000641,eBay,GW-016,Signed studio pottery vase,Collectibles,Used - Good,2026-07-06T09:00:00-04:00,2026-07-16T11:00:00-04:00,2026-08-15T17:00:00-04:00,,EB-LST-000641,true
EB-ITM-000642,eBay,GW-018,"Wool cardigan, size S",Apparel,Used - Very Good,2026-07-04T09:00:00-04:00,2026-07-07T11:00:00-04:00,2026-08-06T17:00:00-04:00,,EB-LST-000642,true
EB-ITM-000643,eBay,GW-021,"Digital multimeter, tested",Tools,For parts / repair,2026-07-09T09:00:00-04:00,2026-07-22T11:00:00-04:00,2026-08-17T17:00:00-04:00,,EB-LST-000643,true
EB-ITM-000644,eBay,GW-008,Nintendo DS console with charger,Electronics,Used - Acceptable,2026-06-26T09:00:00-04:00,2026-07-03T11:00:00-04:00,2026-08-05T17:00:00-04:00,,EB-LST-000644,true
EB-ITM-000645,eBay,GW-016,"Model train locomotive, boxed",Collectibles,Used - Very Good,2026-07-09T09:00:00-04:00,2026-07-23T11:00:00-04:00,2026-08-20T17:00:00-04:00,,EB-LST-000645,true
EB-ITM-000646,eBay,GW-004,"Vintage concert T-shirt, size XL",Apparel,Used - Acceptable,2026-07-14T09:00:00-04:00,2026-07-19T11:00:00-04:00,2026-08-21T17:00:00-04:00,2026-08-28T21:00:00-04:00,EB-LST-000646,true
EB-ITM-000647,eBay,GW-009,Hardcover regional cookbook,Books,Used - Very Good,2026-08-05T09:00:00-04:00,2026-08-13T11:00:00-04:00,2026-08-22T17:00:00-04:00,,EB-LST-000647,true
EB-ITM-000648,eBay,GW-015,Vintage Stanley hand plane,Tools,Used - Very Good,2026-07-20T09:00:00-04:00,2026-07-28T11:00:00-04:00,2026-08-12T17:00:00-04:00,,EB-LST-000648,true
EB-ITM-000649,eBay,GW-016,Vintage costume jewelry lot,Jewelry,Used - Acceptable,2026-07-07T09:00:00-04:00,2026-07-11T11:00:00-04:00,2026-08-14T17:00:00-04:00,,EB-LST-000649,true
EB-ITM-000650,eBay,GW-005,"Estate postcard collection, 80 pieces",Collectibles,For parts / repair,2026-08-14T09:00:00-04:00,2026-08-22T11:00:00-04:00,2026-08-30T17:00:00-04:00,,EB-LST-000650,true
EB-ITM-000651,eBay,GW-023,"Vintage cassette deck, powers on",Electronics,Used - Acceptable,2026-08-04T09:00:00-04:00,2026-08-07T11:00:00-04:00,2026-08-23T17:00:00-04:00,,EB-LST-000651,true
EB-ITM-000652,eBay,GW-018,"Canon EF zoom lens, 75–300mm",Electronics,Used - Very Good,2026-07-02T09:00:00-04:00,2026-07-11T11:00:00-04:00,2026-08-14T17:00:00-04:00,,EB-LST-000652,true
EB-ITM-000653,eBay,GW-009,"Estate postcard collection, 80 pieces",Collectibles,Used - Acceptable,2026-07-25T09:00:00-04:00,2026-08-06T11:00:00-04:00,2026-08-25T17:00:00-04:00,,EB-LST-000653,true
EB-ITM-000654,eBay,GW-017,"Vintage cassette deck, powers on",Electronics,Used - Very Good,2026-07-06T09:00:00-04:00,2026-07-08T11:00:00-04:00,2026-08-02T17:00:00-04:00,,EB-LST-000654,true
EB-ITM-000655,eBay,GW-011,"Patagonia fleece jacket, size M",Apparel,For parts / repair,2026-08-14T09:00:00-04:00,2026-08-18T11:00:00-04:00,2026-08-24T17:00:00-04:00,,EB-LST-000655,true
EB-ITM-000656,eBay,GW-021,"Brass table lamp, tested",Home,For parts / repair,2026-06-24T09:00:00-04:00,2026-06-28T11:00:00-04:00,2026-08-03T17:00:00-04:00,,EB-LST-000656,true
EB-ITM-000657,eBay,GW-009,Nintendo DS console with charger,Electronics,Used - Good,2026-08-07T09:00:00-04:00,2026-08-08T11:00:00-04:00,2026-08-24T17:00:00-04:00,,EB-LST-000657,true
EB-ITM-000658,eBay,GW-006,"Model train locomotive, boxed",Collectibles,Used - Very Good,2026-07-25T09:00:00-04:00,2026-07-30T11:00:00-04:00,2026-08-09T17:00:00-04:00,,EB-LST-000658,true
EB-ITM-000659,eBay,GW-006,"Art history volume, dust jacket",Books,Used - Very Good,2026-07-25T09:00:00-04:00,2026-08-03T11:00:00-04:00,2026-08-19T17:00:00-04:00,,EB-LST-000659,true
EB-ITM-000660,eBay,GW-001,"Vintage cassette deck, powers on",Electronics,Used - Very Good,2026-07-10T09:00:00-04:00,2026-07-21T11:00:00-04:00,2026-08-15T17:00:00-04:00,,EB-LST-000660,true
EB-ITM-000661,eBay,GW-009,Sony stereo receiver — tested,Electronics,Used - Acceptable,2026-07-23T09:00:00-04:00,2026-07-28T11:00:00-04:00,2026-08-10T17:00:00-04:00,,EB-LST-000661,true
EB-ITM-000662,eBay,GW-003,Sony stereo receiver — tested,Electronics,Used - Very Good,2026-08-14T09:00:00-04:00,2026-08-20T11:00:00-04:00,2026-08-26T17:00:00-04:00,,EB-LST-000662,true
EB-ITM-000663,eBay,GW-004,Vintage Stanley hand plane,Tools,For parts / repair,2026-07-03T09:00:00-04:00,2026-07-05T11:00:00-04:00,2026-08-09T17:00:00-04:00,,EB-LST-000663,true
EB-ITM-000664,eBay,GW-017,"Levi's denim jacket, size L",Apparel,Used - Acceptable,2026-07-26T09:00:00-04:00,2026-08-04T11:00:00-04:00,2026-08-16T17:00:00-04:00,,EB-LST-000664,true
EB-ITM-000665,eBay,GW-001,Sony stereo receiver — tested,Electronics,Used - Acceptable,2026-07-08T09:00:00-04:00,2026-07-21T11:00:00-04:00,2026-08-19T17:00:00-04:00,,EB-LST-000665,true
EB-ITM-000666,eBay,GW-016,"Leather tote bag, brown",Accessories,Used - Very Good,2026-07-15T09:00:00-04:00,2026-07-20T11:00:00-04:00,2026-08-27T17:00:00-04:00,,EB-LST-000666,true
EB-ITM-000667,eBay,GW-001,"Gold-tone wristwatch, untested",Jewelry,For parts / repair,2026-08-15T09:00:00-04:00,2026-08-16T11:00:00-04:00,2026-08-31T17:00:00-04:00,,EB-LST-000667,true
EB-ITM-000668,eBay,GW-017,Nintendo DS console with charger,Electronics,Used - Very Good,2026-07-27T09:00:00-04:00,2026-07-29T11:00:00-04:00,2026-08-11T17:00:00-04:00,,EB-LST-000668,true
EB-ITM-000669,eBay,GW-013,Tennis racquet pair with covers,Sporting Goods,Used - Very Good,2026-06-27T09:00:00-04:00,2026-07-04T11:00:00-04:00,2026-08-01T17:00:00-04:00,,EB-LST-000669,true
EB-ITM-000670,eBay,GW-013,Signed studio pottery vase,Collectibles,Used - Good,2026-08-02T09:00:00-04:00,2026-08-03T11:00:00-04:00,2026-08-08T17:00:00-04:00,,EB-LST-000670,true
EB-ITM-000671,eBay,GW-024,"Craftsman socket set, 32 pieces",Tools,For parts / repair,2026-07-01T09:00:00-04:00,2026-07-13T11:00:00-04:00,2026-08-02T17:00:00-04:00,,EB-LST-000671,true
EB-ITM-000672,eBay,GW-004,Signed studio pottery vase,Collectibles,Used - Very Good,2026-07-11T09:00:00-04:00,2026-07-23T11:00:00-04:00,2026-08-16T17:00:00-04:00,,EB-LST-000672,true
EB-ITM-000673,eBay,GW-016,"Stoneware dinner service, 12 pieces",Home,For parts / repair,2026-07-06T09:00:00-04:00,2026-07-12T11:00:00-04:00,2026-08-04T17:00:00-04:00,,EB-LST-000673,true
EB-ITM-000674,eBay,GW-024,"Estate postcard collection, 80 pieces",Collectibles,Used - Good,2026-07-11T09:00:00-04:00,2026-07-12T11:00:00-04:00,2026-08-11T17:00:00-04:00,,EB-LST-000674,true
EB-ITM-000675,eBay,GW-011,"DeWalt cordless drill, tool only",Tools,Used - Very Good,2026-07-01T09:00:00-04:00,2026-07-07T11:00:00-04:00,2026-08-08T17:00:00-04:00,,EB-LST-000675,true
EB-ITM-000676,eBay,GW-011,"Handwoven wool rug, 3 × 5 ft",Home,Used - Good,2026-07-05T09:00:00-04:00,2026-07-12T11:00:00-04:00,2026-08-19T17:00:00-04:00,,EB-LST-000676,true
EB-ITM-000677,eBay,GW-015,KitchenAid hand mixer with beaters,Home,For parts / repair,2026-07-16T09:00:00-04:00,2026-07-19T11:00:00-04:00,2026-08-16T17:00:00-04:00,,EB-LST-000677,true
EB-ITM-000678,eBay,GW-008,"Wool cardigan, size S",Apparel,Used - Acceptable,2026-07-09T09:00:00-04:00,2026-07-13T11:00:00-04:00,2026-08-05T17:00:00-04:00,,EB-LST-000678,true
EB-ITM-000679,eBay,GW-001,"Wool cardigan, size S",Apparel,Used - Acceptable,2026-07-22T09:00:00-04:00,2026-07-30T11:00:00-04:00,2026-08-09T17:00:00-04:00,,EB-LST-000679,true
EB-ITM-000680,eBay,GW-018,Sony stereo receiver — tested,Electronics,Used - Good,2026-07-17T09:00:00-04:00,2026-07-19T11:00:00-04:00,2026-08-14T17:00:00-04:00,,EB-LST-000680,true
EB-ITM-000681,eBay,GW-011,"Vintage cassette deck, powers on",Electronics,Used - Acceptable,2026-08-12T09:00:00-04:00,2026-08-13T11:00:00-04:00,2026-08-16T17:00:00-04:00,,EB-LST-000681,true
EB-ITM-000682,eBay,GW-021,"Travel duffel, navy",Accessories,For parts / repair,2026-06-26T09:00:00-04:00,2026-07-05T11:00:00-04:00,2026-08-09T17:00:00-04:00,,EB-LST-000682,true
EB-ITM-000683,eBay,GW-014,"Golf iron set, right handed",Sporting Goods,Used - Good,2026-07-17T09:00:00-04:00,2026-07-21T11:00:00-04:00,2026-08-01T17:00:00-04:00,,EB-LST-000683,true
EB-ITM-000684,eBay,GW-016,"Digital multimeter, tested",Tools,For parts / repair,2026-07-21T09:00:00-04:00,2026-07-30T11:00:00-04:00,2026-08-10T17:00:00-04:00,,EB-LST-000684,true
EB-ITM-000685,eBay,GW-001,"Handwoven wool rug, 3 × 5 ft",Home,Used - Good,2026-07-13T09:00:00-04:00,2026-07-26T11:00:00-04:00,2026-08-08T17:00:00-04:00,,EB-LST-000685,true
EB-ITM-000686,eBay,GW-003,"Canon EF zoom lens, 75–300mm",Electronics,For parts / repair,2026-06-27T09:00:00-04:00,2026-07-08T11:00:00-04:00,2026-08-07T17:00:00-04:00,,EB-LST-000686,true
EB-ITM-000687,eBay,GW-007,"Hiking backpack, 40L",Sporting Goods,Used - Good,2026-07-20T09:00:00-04:00,2026-07-30T11:00:00-04:00,2026-08-29T17:00:00-04:00,,EB-LST-000687,true
EB-ITM-000688,eBay,GW-011,"Vintage cassette deck, powers on",Electronics,Used - Acceptable,2026-08-11T09:00:00-04:00,2026-08-25T11:00:00-04:00,2026-08-29T17:00:00-04:00,,EB-LST-000688,true
EB-ITM-000689,eBay,GW-011,"Die-cast vehicle lot, assorted",Collectibles,Used - Acceptable,2026-07-27T09:00:00-04:00,2026-08-01T11:00:00-04:00,2026-08-14T17:00:00-04:00,,EB-LST-000689,true
EB-ITM-000690,eBay,GW-004,"Canon EF zoom lens, 75–300mm",Electronics,Used - Good,2026-08-09T09:00:00-04:00,2026-08-13T11:00:00-04:00,2026-08-26T17:00:00-04:00,,EB-LST-000690,true
EB-ITM-000691,eBay,GW-010,"Model train locomotive, boxed",Collectibles,Used - Acceptable,2026-07-13T09:00:00-04:00,2026-07-23T11:00:00-04:00,2026-08-03T17:00:00-04:00,,EB-LST-000691,true
EB-ITM-000692,eBay,GW-017,"Wool cardigan, size S",Apparel,For parts / repair,2026-07-16T09:00:00-04:00,2026-07-18T11:00:00-04:00,2026-08-19T17:00:00-04:00,,EB-LST-000692,true
EB-ITM-000693,eBay,GW-001,Vintage Stanley hand plane,Tools,Used - Very Good,2026-07-21T09:00:00-04:00,2026-07-28T11:00:00-04:00,2026-08-07T17:00:00-04:00,,EB-LST-000693,true
EB-ITM-000694,eBay,GW-002,Nintendo DS console with charger,Electronics,For parts / repair,2026-07-08T09:00:00-04:00,2026-07-16T11:00:00-04:00,2026-08-01T17:00:00-04:00,,EB-LST-000694,true
EB-ITM-000695,eBay,GW-003,Vintage Pyrex mixing bowl set,Collectibles,Used - Very Good,2026-08-18T09:00:00-04:00,2026-08-23T11:00:00-04:00,2026-08-30T17:00:00-04:00,,EB-LST-000695,true
EB-ITM-000696,eBay,GW-006,"Die-cast vehicle lot, assorted",Collectibles,Used - Acceptable,2026-07-17T09:00:00-04:00,2026-07-28T11:00:00-04:00,2026-08-18T17:00:00-04:00,,EB-LST-000696,true
EB-ITM-000697,eBay,GW-005,"Bose portable speaker, cosmetic wear",Electronics,Used - Acceptable,2026-07-21T09:00:00-04:00,2026-07-27T11:00:00-04:00,2026-08-19T17:00:00-04:00,,EB-LST-000697,true
EB-ITM-000698,eBay,GW-016,"Estate postcard collection, 80 pieces",Collectibles,For parts / repair,2026-08-06T09:00:00-04:00,2026-08-08T11:00:00-04:00,2026-08-18T17:00:00-04:00,,EB-LST-000698,true
EB-ITM-000699,eBay,GW-010,"Canon EF zoom lens, 75–300mm",Electronics,Used - Acceptable,2026-07-13T09:00:00-04:00,2026-07-26T11:00:00-04:00,2026-08-24T17:00:00-04:00,,EB-LST-000699,true
EB-ITM-000700,eBay,GW-017,Vintage Stanley hand plane,Tools,Used - Very Good,2026-07-01T09:00:00-04:00,2026-07-08T11:00:00-04:00,2026-08-07T17:00:00-04:00,,EB-LST-000700,true
EB-ITM-000701,eBay,GW-018,"Canon EF zoom lens, 75–300mm",Electronics,Used - Very Good,2026-08-04T09:00:00-04:00,2026-08-06T11:00:00-04:00,2026-08-25T17:00:00-04:00,,EB-LST-000701,true
EB-ITM-000702,eBay,GW-011,"Bose portable speaker, cosmetic wear",Electronics,For parts / repair,2026-07-14T09:00:00-04:00,2026-07-26T11:00:00-04:00,2026-08-29T17:00:00-04:00,,EB-LST-000702,true
EB-ITM-000703,eBay,GW-013,"Handwoven wool rug, 3 × 5 ft",Home,Used - Good,2026-07-15T09:00:00-04:00,2026-07-20T11:00:00-04:00,2026-08-25T17:00:00-04:00,,EB-LST-000703,true
EB-ITM-000704,eBay,GW-022,Vintage Pyrex mixing bowl set,Collectibles,Used - Good,2026-07-26T09:00:00-04:00,2026-08-02T11:00:00-04:00,2026-08-15T17:00:00-04:00,,EB-LST-000704,true
EB-ITM-000705,eBay,GW-004,"Gold-tone wristwatch, untested",Jewelry,Used - Very Good,2026-08-17T09:00:00-04:00,2026-08-22T11:00:00-04:00,2026-08-31T17:00:00-04:00,,EB-LST-000705,true
EB-ITM-000706,eBay,GW-020,Vintage Pyrex mixing bowl set,Collectibles,Used - Very Good,2026-07-13T09:00:00-04:00,2026-07-23T11:00:00-04:00,2026-08-12T17:00:00-04:00,,EB-LST-000706,true
EB-ITM-000707,eBay,GW-004,"Brass table lamp, tested",Home,Used - Good,2026-07-04T09:00:00-04:00,2026-07-18T11:00:00-04:00,2026-08-22T17:00:00-04:00,,EB-LST-000707,true
EB-ITM-000708,eBay,GW-002,"Wool cardigan, size S",Apparel,Used - Very Good,2026-07-12T09:00:00-04:00,2026-07-15T11:00:00-04:00,2026-08-12T17:00:00-04:00,,EB-LST-000708,true
EB-ITM-000709,eBay,GW-024,"Sterling silver necklace, 18 inch",Jewelry,Used - Very Good,2026-07-16T09:00:00-04:00,2026-07-22T11:00:00-04:00,2026-08-29T17:00:00-04:00,,EB-LST-000709,true
EB-ITM-000710,eBay,GW-013,"DeWalt cordless drill, tool only",Tools,Used - Acceptable,2026-08-02T09:00:00-04:00,2026-08-11T11:00:00-04:00,2026-08-18T17:00:00-04:00,,EB-LST-000710,true
EB-ITM-000711,eBay,GW-001,"Mystery paperback lot, 6 books",Books,For parts / repair,2026-07-30T09:00:00-04:00,2026-08-04T11:00:00-04:00,2026-08-13T17:00:00-04:00,2026-08-19T21:00:00-04:00,EB-LST-000711,true
EB-ITM-000712,eBay,GW-006,"Vintage cassette deck, powers on",Electronics,Used - Acceptable,2026-07-08T09:00:00-04:00,2026-07-21T11:00:00-04:00,2026-08-12T17:00:00-04:00,,EB-LST-000712,true
EB-ITM-000713,eBay,GW-017,"DeWalt cordless drill, tool only",Tools,Used - Good,2026-07-03T09:00:00-04:00,2026-07-14T11:00:00-04:00,2026-08-13T17:00:00-04:00,,EB-LST-000713,true
EB-ITM-000714,eBay,GW-006,"Hiking backpack, 40L",Sporting Goods,Used - Acceptable,2026-07-21T09:00:00-04:00,2026-07-26T11:00:00-04:00,2026-08-05T17:00:00-04:00,,EB-LST-000714,true
EB-ITM-000715,eBay,GW-004,Sony stereo receiver — tested,Electronics,For parts / repair,2026-07-19T09:00:00-04:00,2026-08-01T11:00:00-04:00,2026-08-25T17:00:00-04:00,,EB-LST-000715,true
EB-ITM-000716,eBay,GW-015,"Canon EF zoom lens, 75–300mm",Electronics,For parts / repair,2026-07-31T09:00:00-04:00,2026-08-02T11:00:00-04:00,2026-08-22T17:00:00-04:00,,EB-LST-000716,true
EB-ITM-000717,eBay,GW-018,"Handwoven wool rug, 3 × 5 ft",Home,Used - Good,2026-06-28T09:00:00-04:00,2026-07-07T11:00:00-04:00,2026-08-09T17:00:00-04:00,,EB-LST-000717,true
EB-ITM-000718,eBay,GW-004,"Bose portable speaker, cosmetic wear",Electronics,Used - Good,2026-07-16T09:00:00-04:00,2026-07-18T11:00:00-04:00,2026-08-24T17:00:00-04:00,,EB-LST-000718,true
EB-ITM-000719,eBay,GW-002,"Digital multimeter, tested",Tools,Used - Good,2026-07-09T09:00:00-04:00,2026-07-14T11:00:00-04:00,2026-08-10T17:00:00-04:00,,EB-LST-000719,true
EB-ITM-000720,eBay,GW-006,Vintage costume jewelry lot,Jewelry,Used - Very Good,2026-08-18T09:00:00-04:00,2026-08-27T11:00:00-04:00,2026-08-29T17:00:00-04:00,,EB-LST-000720,true
EB-ITM-000721,eBay,GW-004,"Vintage concert T-shirt, size XL",Apparel,For parts / repair,2026-07-25T09:00:00-04:00,2026-08-08T11:00:00-04:00,2026-08-26T17:00:00-04:00,,EB-LST-000721,true
EB-ITM-000722,eBay,GW-012,"Die-cast vehicle lot, assorted",Collectibles,Used - Very Good,2026-07-23T09:00:00-04:00,2026-07-26T11:00:00-04:00,2026-08-09T17:00:00-04:00,,EB-LST-000722,true
EB-ITM-000723,eBay,GW-006,"Stoneware dinner service, 12 pieces",Home,Used - Good,2026-07-13T09:00:00-04:00,2026-07-22T11:00:00-04:00,2026-08-01T17:00:00-04:00,,EB-LST-000723,true
EB-ITM-000724,eBay,GW-014,"Craftsman socket set, 32 pieces",Tools,Used - Good,2026-06-27T09:00:00-04:00,2026-07-01T11:00:00-04:00,2026-08-06T17:00:00-04:00,,EB-LST-000724,true
EB-ITM-000725,eBay,GW-020,"Wool cardigan, size S",Apparel,Used - Acceptable,2026-08-16T09:00:00-04:00,2026-08-27T11:00:00-04:00,2026-08-29T17:00:00-04:00,,EB-LST-000725,true
EB-ITM-000726,eBay,GW-012,Vintage Pyrex mixing bowl set,Collectibles,Used - Good,2026-08-05T09:00:00-04:00,2026-08-06T11:00:00-04:00,2026-08-08T17:00:00-04:00,,EB-LST-000726,true
EB-ITM-000727,eBay,GW-020,"Vintage cassette deck, powers on",Electronics,Used - Acceptable,2026-07-12T09:00:00-04:00,2026-07-17T11:00:00-04:00,2026-08-05T17:00:00-04:00,,EB-LST-000727,true
EB-ITM-000728,eBay,GW-018,"Craftsman socket set, 32 pieces",Tools,Used - Good,2026-08-13T09:00:00-04:00,2026-08-17T11:00:00-04:00,2026-08-27T17:00:00-04:00,,EB-LST-000728,true
EB-ITM-000729,eBay,GW-019,"Model train locomotive, boxed",Collectibles,For parts / repair,2026-08-04T09:00:00-04:00,2026-08-16T11:00:00-04:00,2026-08-18T17:00:00-04:00,,EB-LST-000729,true
EB-ITM-000730,eBay,GW-024,"Vintage concert T-shirt, size XL",Apparel,Used - Very Good,2026-06-25T09:00:00-04:00,2026-07-04T11:00:00-04:00,2026-08-06T17:00:00-04:00,,EB-LST-000730,true
EB-ITM-000731,eBay,GW-016,"Levi's denim jacket, size L",Apparel,Used - Acceptable,2026-07-14T09:00:00-04:00,2026-07-24T11:00:00-04:00,2026-08-16T17:00:00-04:00,,EB-LST-000731,true
EB-ITM-000732,eBay,GW-016,"Art history volume, dust jacket",Books,Used - Acceptable,2026-07-04T09:00:00-04:00,2026-07-15T11:00:00-04:00,2026-08-08T17:00:00-04:00,,EB-LST-000732,true
EB-ITM-000733,eBay,GW-008,"Gold-tone wristwatch, untested",Jewelry,Used - Acceptable,2026-07-24T09:00:00-04:00,2026-07-30T11:00:00-04:00,2026-08-17T17:00:00-04:00,,EB-LST-000733,true
EB-ITM-000734,eBay,GW-020,"Vintage concert T-shirt, size XL",Apparel,For parts / repair,2026-08-12T09:00:00-04:00,2026-08-16T11:00:00-04:00,2026-08-18T17:00:00-04:00,,EB-LST-000734,true
EB-ITM-000735,eBay,GW-006,"Estate postcard collection, 80 pieces",Collectibles,Used - Very Good,2026-07-07T09:00:00-04:00,2026-07-17T11:00:00-04:00,2026-08-08T17:00:00-04:00,,EB-LST-000735,true
EB-ITM-000736,eBay,GW-021,Sony stereo receiver — tested,Electronics,Used - Good,2026-07-18T09:00:00-04:00,2026-07-22T11:00:00-04:00,2026-08-15T17:00:00-04:00,,EB-LST-000736,true
EB-ITM-000737,eBay,GW-006,Signed studio pottery vase,Collectibles,Used - Good,2026-07-28T09:00:00-04:00,2026-07-29T11:00:00-04:00,2026-08-07T17:00:00-04:00,,EB-LST-000737,true
EB-ITM-000738,eBay,GW-006,Vintage Pyrex mixing bowl set,Collectibles,For parts / repair,2026-08-05T09:00:00-04:00,2026-08-14T11:00:00-04:00,2026-08-27T17:00:00-04:00,,EB-LST-000738,true
EB-ITM-000739,eBay,GW-014,Sony stereo receiver — tested,Electronics,Used - Acceptable,2026-07-25T09:00:00-04:00,2026-07-29T11:00:00-04:00,2026-08-30T17:00:00-04:00,,EB-LST-000739,true
EB-ITM-000740,eBay,GW-024,"Stoneware dinner service, 12 pieces",Home,For parts / repair,2026-07-25T09:00:00-04:00,2026-07-27T11:00:00-04:00,2026-08-12T17:00:00-04:00,,EB-LST-000740,true
EB-ITM-000741,eBay,GW-004,Nintendo DS console with charger,Electronics,Used - Good,2026-08-01T09:00:00-04:00,2026-08-05T11:00:00-04:00,2026-08-09T17:00:00-04:00,,EB-LST-000741,true
EB-ITM-000742,eBay,GW-007,"Digital multimeter, tested",Tools,Used - Acceptable,2026-08-04T09:00:00-04:00,2026-08-15T11:00:00-04:00,2026-08-30T17:00:00-04:00,,EB-LST-000742,true
EB-ITM-000743,eBay,GW-015,Nintendo DS console with charger,Electronics,Used - Good,2026-07-13T09:00:00-04:00,2026-07-21T11:00:00-04:00,2026-08-14T17:00:00-04:00,,EB-LST-000743,true
EB-ITM-000744,eBay,GW-022,"Vintage concert T-shirt, size XL",Apparel,For parts / repair,2026-07-22T09:00:00-04:00,2026-08-03T11:00:00-04:00,2026-08-06T17:00:00-04:00,,EB-LST-000744,true
EB-ITM-000745,eBay,GW-002,"Die-cast vehicle lot, assorted",Collectibles,Used - Very Good,2026-07-30T09:00:00-04:00,2026-08-06T11:00:00-04:00,2026-08-18T17:00:00-04:00,,EB-LST-000745,true
EB-ITM-000746,eBay,GW-004,"Model train locomotive, boxed",Collectibles,Used - Acceptable,2026-06-28T09:00:00-04:00,2026-07-04T11:00:00-04:00,2026-08-06T17:00:00-04:00,,EB-LST-000746,true
EB-ITM-000747,eBay,GW-006,"Sterling ring, size 7",Jewelry,Used - Good,2026-07-03T09:00:00-04:00,2026-07-07T11:00:00-04:00,2026-08-09T17:00:00-04:00,,EB-LST-000747,true
EB-ITM-000748,eBay,GW-009,"Die-cast vehicle lot, assorted",Collectibles,Used - Very Good,2026-07-18T09:00:00-04:00,2026-08-01T11:00:00-04:00,2026-08-08T17:00:00-04:00,,EB-LST-000748,true
EB-ITM-000749,eBay,GW-017,Nintendo DS console with charger,Electronics,For parts / repair,2026-07-09T09:00:00-04:00,2026-07-11T11:00:00-04:00,2026-08-18T17:00:00-04:00,,EB-LST-000749,true
EB-ITM-000750,eBay,GW-012,"Canon EF zoom lens, 75–300mm",Electronics,Used - Good,2026-07-09T09:00:00-04:00,2026-07-12T11:00:00-04:00,2026-08-18T17:00:00-04:00,,EB-LST-000750,true
EB-ITM-000751,eBay,GW-006,"Handwoven wool rug, 3 × 5 ft",Home,Used - Very Good,2026-08-17T09:00:00-04:00,2026-08-19T11:00:00-04:00,2026-08-24T17:00:00-04:00,,EB-LST-000751,true
EB-ITM-000752,eBay,GW-024,"Levi's denim jacket, size L",Apparel,Used - Acceptable,2026-08-17T09:00:00-04:00,2026-08-18T11:00:00-04:00,2026-08-22T17:00:00-04:00,,EB-LST-000752,true
EB-ITM-000753,eBay,GW-017,"Bose portable speaker, cosmetic wear",Electronics,Used - Acceptable,2026-08-04T09:00:00-04:00,2026-08-08T11:00:00-04:00,2026-08-15T17:00:00-04:00,,EB-LST-000753,true
EB-ITM-000754,eBay,GW-001,"Bose portable speaker, cosmetic wear",Electronics,Used - Very Good,2026-07-29T09:00:00-04:00,2026-08-03T11:00:00-04:00,2026-08-11T17:00:00-04:00,,EB-LST-000754,true
EB-ITM-000755,eBay,GW-010,"Handwoven wool rug, 3 × 5 ft",Home,For parts / repair,2026-06-13T09:00:00-04:00,2026-06-26T11:00:00-04:00,2026-08-02T17:00:00-04:00,,EB-LST-000755,true
EB-ITM-000756,eBay,GW-017,"Wool cardigan, size S",Apparel,Used - Good,2026-07-18T09:00:00-04:00,2026-07-20T11:00:00-04:00,2026-08-01T17:00:00-04:00,,EB-LST-000756,true
EB-ITM-000757,eBay,GW-006,"Vintage concert T-shirt, size XL",Apparel,Used - Good,2026-07-18T09:00:00-04:00,2026-07-24T11:00:00-04:00,2026-08-23T17:00:00-04:00,,EB-LST-000757,true
EB-ITM-000758,eBay,GW-004,"Vintage concert T-shirt, size XL",Apparel,Used - Very Good,2026-07-18T09:00:00-04:00,2026-07-31T11:00:00-04:00,2026-08-10T17:00:00-04:00,,EB-LST-000758,true
EB-ITM-000759,eBay,GW-022,"Levi's denim jacket, size L",Apparel,Used - Good,2026-07-21T09:00:00-04:00,2026-08-02T11:00:00-04:00,2026-08-17T17:00:00-04:00,,EB-LST-000759,true
EB-ITM-000760,eBay,GW-007,Sony stereo receiver — tested,Electronics,Used - Good,2026-07-25T09:00:00-04:00,2026-08-06T11:00:00-04:00,2026-08-12T17:00:00-04:00,,EB-LST-000760,true
EB-ITM-000761,eBay,GW-013,Vintage Stanley hand plane,Tools,Used - Good,2026-08-04T09:00:00-04:00,2026-08-06T11:00:00-04:00,2026-08-21T17:00:00-04:00,,EB-LST-000761,true
EB-ITM-000762,eBay,GW-008,Tennis racquet pair with covers,Sporting Goods,For parts / repair,2026-08-12T09:00:00-04:00,2026-08-18T11:00:00-04:00,2026-08-21T17:00:00-04:00,,EB-LST-000762,true
EB-ITM-000763,eBay,GW-010,"Illustrated field guide, revised edition",Books,Used - Acceptable,2026-07-20T09:00:00-04:00,2026-07-26T11:00:00-04:00,2026-08-25T17:00:00-04:00,,EB-LST-000763,true
EB-ITM-000764,eBay,GW-002,"Levi's denim jacket, size L",Apparel,For parts / repair,2026-07-25T09:00:00-04:00,2026-07-31T11:00:00-04:00,2026-08-15T17:00:00-04:00,,EB-LST-000764,true
EB-ITM-000765,eBay,GW-018,Vintage Pyrex mixing bowl set,Collectibles,Used - Acceptable,2026-07-02T09:00:00-04:00,2026-07-05T11:00:00-04:00,2026-08-08T17:00:00-04:00,,EB-LST-000765,true
EB-ITM-000766,eBay,GW-006,Sony stereo receiver — tested,Electronics,Used - Good,2026-07-07T09:00:00-04:00,2026-07-17T11:00:00-04:00,2026-08-04T17:00:00-04:00,,EB-LST-000766,true
EB-ITM-000767,eBay,GW-024,"Model train locomotive, boxed",Collectibles,Used - Acceptable,2026-07-28T09:00:00-04:00,2026-08-03T11:00:00-04:00,2026-08-23T17:00:00-04:00,,EB-LST-000767,true
EB-ITM-000768,eBay,GW-013,KitchenAid hand mixer with beaters,Home,Used - Very Good,2026-08-23T09:00:00-04:00,2026-08-24T11:00:00-04:00,2026-08-29T17:00:00-04:00,,EB-LST-000768,true
EB-ITM-000769,eBay,GW-004,Signed studio pottery vase,Collectibles,For parts / repair,2026-08-04T09:00:00-04:00,2026-08-14T11:00:00-04:00,2026-08-29T17:00:00-04:00,,EB-LST-000769,true
EB-ITM-000770,eBay,GW-008,KitchenAid hand mixer with beaters,Home,For parts / repair,2026-07-07T09:00:00-04:00,2026-07-13T11:00:00-04:00,2026-08-11T17:00:00-04:00,,EB-LST-000770,true
EB-ITM-000771,eBay,GW-008,Vintage costume jewelry lot,Jewelry,For parts / repair,2026-07-06T09:00:00-04:00,2026-07-17T11:00:00-04:00,2026-08-13T17:00:00-04:00,,EB-LST-000771,true
EB-ITM-000772,eBay,GW-006,"Digital multimeter, tested",Tools,Used - Very Good,2026-07-22T09:00:00-04:00,2026-08-05T11:00:00-04:00,2026-08-21T17:00:00-04:00,,EB-LST-000772,true
EB-ITM-000773,eBay,GW-012,"Canon EF zoom lens, 75–300mm",Electronics,Used - Very Good,2026-08-21T09:00:00-04:00,2026-08-24T11:00:00-04:00,2026-08-30T17:00:00-04:00,,EB-LST-000773,true
EB-ITM-000774,eBay,GW-001,Nintendo DS console with charger,Electronics,Used - Good,2026-07-27T09:00:00-04:00,2026-08-09T11:00:00-04:00,2026-08-18T17:00:00-04:00,,EB-LST-000774,true
EB-ITM-000775,eBay,GW-003,"Gold-tone wristwatch, untested",Jewelry,Used - Acceptable,2026-06-25T09:00:00-04:00,2026-06-30T11:00:00-04:00,2026-08-06T17:00:00-04:00,,EB-LST-000775,true
EB-ITM-000776,eBay,GW-021,KitchenAid hand mixer with beaters,Home,Used - Acceptable,2026-08-11T09:00:00-04:00,2026-08-15T11:00:00-04:00,2026-08-28T17:00:00-04:00,,EB-LST-000776,true
EB-ITM-000777,eBay,GW-012,"Art history volume, dust jacket",Books,Used - Good,2026-08-01T09:00:00-04:00,2026-08-03T11:00:00-04:00,2026-08-29T17:00:00-04:00,,EB-LST-000777,true
EB-ITM-000778,eBay,GW-002,"Golf iron set, right handed",Sporting Goods,Used - Very Good,2026-07-31T09:00:00-04:00,2026-08-04T11:00:00-04:00,2026-08-18T17:00:00-04:00,,EB-LST-000778,true
EB-ITM-000779,eBay,GW-020,Vintage Stanley hand plane,Tools,For parts / repair,2026-08-04T09:00:00-04:00,2026-08-08T11:00:00-04:00,2026-08-15T17:00:00-04:00,,EB-LST-000779,true
EB-ITM-000780,eBay,GW-007,Tennis racquet pair with covers,Sporting Goods,Used - Good,2026-08-07T09:00:00-04:00,2026-08-11T11:00:00-04:00,2026-08-16T17:00:00-04:00,2026-08-17T21:00:00-04:00,EB-LST-000780,true
EB-ITM-000781,eBay,GW-010,"Die-cast vehicle lot, assorted",Collectibles,Used - Acceptable,2026-07-29T09:00:00-04:00,2026-07-30T11:00:00-04:00,2026-08-01T17:00:00-04:00,,EB-LST-000781,true
EB-ITM-000782,eBay,GW-010,Hardcover regional cookbook,Books,For parts / repair,2026-07-23T09:00:00-04:00,2026-07-24T11:00:00-04:00,2026-08-05T17:00:00-04:00,,EB-LST-000782,true
EB-ITM-000783,eBay,GW-018,"Patagonia fleece jacket, size M",Apparel,Used - Good,2026-08-12T09:00:00-04:00,2026-08-15T11:00:00-04:00,2026-08-29T17:00:00-04:00,,EB-LST-000783,true
EB-ITM-000784,eBay,GW-001,"Bose portable speaker, cosmetic wear",Electronics,Used - Acceptable,2026-07-14T09:00:00-04:00,2026-07-17T11:00:00-04:00,2026-08-17T17:00:00-04:00,,EB-LST-000784,true
EB-ITM-000785,eBay,GW-017,Nintendo DS console with charger,Electronics,Used - Acceptable,2026-07-11T09:00:00-04:00,2026-07-24T11:00:00-04:00,2026-08-08T17:00:00-04:00,,EB-LST-000785,true
EB-ITM-000786,eBay,GW-010,"Patagonia fleece jacket, size M",Apparel,Used - Good,2026-08-07T09:00:00-04:00,2026-08-10T11:00:00-04:00,2026-08-23T17:00:00-04:00,,EB-LST-000786,true
EB-ITM-000787,eBay,GW-009,"Model train locomotive, boxed",Collectibles,Used - Acceptable,2026-06-29T09:00:00-04:00,2026-07-13T11:00:00-04:00,2026-08-17T17:00:00-04:00,,EB-LST-000787,true
EB-ITM-000788,eBay,GW-002,"Bose portable speaker, cosmetic wear",Electronics,For parts / repair,2026-07-31T09:00:00-04:00,2026-08-08T11:00:00-04:00,2026-08-31T17:00:00-04:00,,EB-LST-000788,true
EB-ITM-000789,eBay,GW-012,"Canon EF zoom lens, 75–300mm",Electronics,Used - Acceptable,2026-07-10T09:00:00-04:00,2026-07-13T11:00:00-04:00,2026-08-01T17:00:00-04:00,,EB-LST-000789,true
EB-ITM-000790,eBay,GW-004,"Patagonia fleece jacket, size M",Apparel,Used - Acceptable,2026-07-12T09:00:00-04:00,2026-07-13T11:00:00-04:00,2026-08-16T17:00:00-04:00,,EB-LST-000790,true
EB-ITM-000791,eBay,GW-002,Hardcover regional cookbook,Books,Used - Acceptable,2026-07-19T09:00:00-04:00,2026-07-20T11:00:00-04:00,2026-08-25T17:00:00-04:00,,EB-LST-000791,true
EB-ITM-000792,eBay,GW-017,"Die-cast vehicle lot, assorted",Collectibles,For parts / repair,2026-07-27T09:00:00-04:00,2026-08-06T11:00:00-04:00,2026-08-26T17:00:00-04:00,,EB-LST-000792,true
EB-ITM-000793,eBay,GW-015,"Canon EF zoom lens, 75–300mm",Electronics,Used - Good,2026-07-23T09:00:00-04:00,2026-07-26T11:00:00-04:00,2026-08-05T17:00:00-04:00,,EB-LST-000793,true
EB-ITM-000794,eBay,GW-002,"Vintage concert T-shirt, size XL",Apparel,Used - Acceptable,2026-07-16T09:00:00-04:00,2026-07-21T11:00:00-04:00,2026-08-02T17:00:00-04:00,,EB-LST-000794,true
EB-ITM-000795,eBay,GW-017,"Brass table lamp, tested",Home,Used - Acceptable,2026-07-05T09:00:00-04:00,2026-07-15T11:00:00-04:00,2026-08-21T17:00:00-04:00,,EB-LST-000795,true
EB-ITM-000796,eBay,GW-001,Nintendo DS console with charger,Electronics,For parts / repair,2026-08-02T09:00:00-04:00,2026-08-11T11:00:00-04:00,2026-08-15T17:00:00-04:00,,EB-LST-000796,true
EB-ITM-000797,eBay,GW-020,Sony stereo receiver — tested,Electronics,For parts / repair,2026-07-12T09:00:00-04:00,2026-07-22T11:00:00-04:00,2026-08-25T17:00:00-04:00,,EB-LST-000797,true
EB-ITM-000798,eBay,GW-010,"Model train locomotive, boxed",Collectibles,Used - Good,2026-08-04T09:00:00-04:00,2026-08-12T11:00:00-04:00,2026-08-31T17:00:00-04:00,,EB-LST-000798,true
EB-ITM-000799,eBay,GW-008,"Sterling silver necklace, 18 inch",Jewelry,Used - Acceptable,2026-06-29T09:00:00-04:00,2026-07-12T11:00:00-04:00,2026-08-16T17:00:00-04:00,,EB-LST-000799,true
EB-ITM-000800,eBay,GW-016,"Stoneware dinner service, 12 pieces",Home,Used - Acceptable,2026-07-18T09:00:00-04:00,2026-07-25T11:00:00-04:00,2026-08-18T17:00:00-04:00,,EB-LST-000800,true
EB-ITM-000801,eBay,GW-006,"Die-cast vehicle lot, assorted",Collectibles,Used - Acceptable,2026-07-14T09:00:00-04:00,2026-07-21T11:00:00-04:00,2026-08-21T17:00:00-04:00,,EB-LST-000801,true
EB-ITM-000802,eBay,GW-017,Hardcover regional cookbook,Books,Used - Good,2026-06-21T09:00:00-04:00,2026-07-03T11:00:00-04:00,2026-08-06T17:00:00-04:00,,EB-LST-000802,true
EB-ITM-000803,eBay,GW-017,"Handwoven wool rug, 3 × 5 ft",Home,Used - Good,2026-07-22T09:00:00-04:00,2026-07-29T11:00:00-04:00,2026-08-24T17:00:00-04:00,,EB-LST-000803,true
EB-ITM-000804,eBay,GW-018,"Brass table lamp, tested",Home,Used - Good,2026-07-11T09:00:00-04:00,2026-07-25T11:00:00-04:00,2026-08-10T17:00:00-04:00,,EB-LST-000804,true
EB-ITM-000805,eBay,GW-007,"Hiking backpack, 40L",Sporting Goods,Used - Very Good,2026-07-06T09:00:00-04:00,2026-07-07T11:00:00-04:00,2026-08-07T17:00:00-04:00,,EB-LST-000805,true
EB-ITM-000806,eBay,GW-021,"Die-cast vehicle lot, assorted",Collectibles,For parts / repair,2026-07-20T09:00:00-04:00,2026-08-02T11:00:00-04:00,2026-08-23T17:00:00-04:00,,EB-LST-000806,true
EB-ITM-000807,eBay,GW-015,"Canon EF zoom lens, 75–300mm",Electronics,Used - Very Good,2026-07-27T09:00:00-04:00,2026-08-04T11:00:00-04:00,2026-08-30T17:00:00-04:00,,EB-LST-000807,true
EB-ITM-000808,eBay,GW-004,Vintage Pyrex mixing bowl set,Collectibles,For parts / repair,2026-07-19T09:00:00-04:00,2026-07-26T11:00:00-04:00,2026-08-27T17:00:00-04:00,,EB-LST-000808,true
EB-ITM-000809,eBay,GW-024,Nintendo DS console with charger,Electronics,Used - Acceptable,2026-06-30T09:00:00-04:00,2026-07-04T11:00:00-04:00,2026-08-07T17:00:00-04:00,,EB-LST-000809,true
EB-ITM-000810,eBay,GW-010,"Estate postcard collection, 80 pieces",Collectibles,Used - Acceptable,2026-06-26T09:00:00-04:00,2026-07-08T11:00:00-04:00,2026-08-13T17:00:00-04:00,,EB-LST-000810,true
EB-ITM-000811,eBay,GW-019,"Art history volume, dust jacket",Books,Used - Good,2026-07-04T09:00:00-04:00,2026-07-13T11:00:00-04:00,2026-08-01T17:00:00-04:00,,EB-LST-000811,true
EB-ITM-000812,eBay,GW-009,Sony stereo receiver — tested,Electronics,Used - Good,2026-07-04T09:00:00-04:00,2026-07-18T11:00:00-04:00,2026-08-06T17:00:00-04:00,,EB-LST-000812,true
EB-ITM-000813,eBay,GW-016,"Craftsman socket set, 32 pieces",Tools,Used - Good,2026-07-07T09:00:00-04:00,2026-07-17T11:00:00-04:00,2026-08-15T17:00:00-04:00,2026-08-23T21:00:00-04:00,EB-LST-000813,true
EB-ITM-000814,eBay,GW-016,KitchenAid hand mixer with beaters,Home,Used - Good,2026-06-27T09:00:00-04:00,2026-07-09T11:00:00-04:00,2026-08-01T17:00:00-04:00,,EB-LST-000814,true
EB-ITM-000815,eBay,GW-004,"Vintage concert T-shirt, size XL",Apparel,Used - Acceptable,2026-07-29T09:00:00-04:00,2026-07-30T11:00:00-04:00,2026-08-16T17:00:00-04:00,,EB-LST-000815,true
EB-ITM-000816,eBay,GW-012,"Canon EF zoom lens, 75–300mm",Electronics,Used - Very Good,2026-07-04T09:00:00-04:00,2026-07-16T11:00:00-04:00,2026-08-09T17:00:00-04:00,,EB-LST-000816,true
EB-ITM-000817,eBay,GW-017,"Sterling silver necklace, 18 inch",Jewelry,Used - Very Good,2026-07-23T09:00:00-04:00,2026-07-29T11:00:00-04:00,2026-08-15T17:00:00-04:00,,EB-LST-000817,true
EB-ITM-000818,eBay,GW-023,Sony stereo receiver — tested,Electronics,Used - Good,2026-07-24T09:00:00-04:00,2026-07-25T11:00:00-04:00,2026-08-20T17:00:00-04:00,,EB-LST-000818,true
EB-ITM-000819,eBay,GW-017,"Vintage cassette deck, powers on",Electronics,Used - Good,2026-07-16T09:00:00-04:00,2026-07-20T11:00:00-04:00,2026-08-12T17:00:00-04:00,,EB-LST-000819,true
EB-ITM-000820,eBay,GW-001,"Vintage concert T-shirt, size XL",Apparel,Used - Very Good,2026-07-23T09:00:00-04:00,2026-07-31T11:00:00-04:00,2026-08-02T17:00:00-04:00,,EB-LST-000820,true
EB-ITM-000821,eBay,GW-022,"Patagonia fleece jacket, size M",Apparel,For parts / repair,2026-08-07T09:00:00-04:00,2026-08-17T11:00:00-04:00,2026-08-28T17:00:00-04:00,,EB-LST-000821,true
EB-ITM-000822,eBay,GW-018,Tennis racquet pair with covers,Sporting Goods,Used - Acceptable,2026-07-26T09:00:00-04:00,2026-08-05T11:00:00-04:00,2026-08-30T17:00:00-04:00,,EB-LST-000822,true
EB-ITM-000823,eBay,GW-011,"Travel duffel, navy",Accessories,For parts / repair,2026-08-21T09:00:00-04:00,2026-08-24T11:00:00-04:00,2026-08-28T17:00:00-04:00,,EB-LST-000823,true
EB-ITM-000824,eBay,GW-001,"Golf iron set, right handed",Sporting Goods,Used - Good,2026-07-07T09:00:00-04:00,2026-07-11T11:00:00-04:00,2026-08-14T17:00:00-04:00,,EB-LST-000824,true
EB-ITM-000825,eBay,GW-007,Engineering reference manual,Books,Used - Good,2026-07-09T09:00:00-04:00,2026-07-15T11:00:00-04:00,2026-08-09T17:00:00-04:00,,EB-LST-000825,true
EB-ITM-000826,eBay,GW-020,"Bose portable speaker, cosmetic wear",Electronics,Used - Acceptable,2026-07-25T09:00:00-04:00,2026-08-05T11:00:00-04:00,2026-08-15T17:00:00-04:00,,EB-LST-000826,true
EB-ITM-000827,eBay,GW-016,Vintage Pyrex mixing bowl set,Collectibles,Used - Good,2026-07-30T09:00:00-04:00,2026-08-07T11:00:00-04:00,2026-08-09T17:00:00-04:00,,EB-LST-000827,true
EB-ITM-000828,eBay,GW-009,"Sterling ring, size 7",Jewelry,Used - Acceptable,2026-07-16T09:00:00-04:00,2026-07-18T11:00:00-04:00,2026-08-04T17:00:00-04:00,,EB-LST-000828,true
EB-ITM-000829,eBay,GW-014,"Vintage cassette deck, powers on",Electronics,For parts / repair,2026-07-16T09:00:00-04:00,2026-07-29T11:00:00-04:00,2026-08-20T17:00:00-04:00,,EB-LST-000829,true
EB-ITM-000830,eBay,GW-017,Nintendo DS console with charger,Electronics,Used - Good,2026-07-20T09:00:00-04:00,2026-07-29T11:00:00-04:00,2026-08-08T17:00:00-04:00,,EB-LST-000830,true
EB-ITM-000831,eBay,GW-022,Vintage belt with brass buckle,Accessories,Used - Acceptable,2026-07-19T09:00:00-04:00,2026-08-01T11:00:00-04:00,2026-08-31T17:00:00-04:00,,EB-LST-000831,true
EB-ITM-000832,eBay,GW-012,"Stoneware dinner service, 12 pieces",Home,Used - Acceptable,2026-07-21T09:00:00-04:00,2026-07-30T11:00:00-04:00,2026-08-18T17:00:00-04:00,,EB-LST-000832,true
EB-ITM-000833,eBay,GW-004,"Bose portable speaker, cosmetic wear",Electronics,Used - Acceptable,2026-08-04T09:00:00-04:00,2026-08-09T11:00:00-04:00,2026-08-18T17:00:00-04:00,,EB-LST-000833,true
EB-ITM-000834,eBay,GW-008,"Vintage cassette deck, powers on",Electronics,Used - Very Good,2026-07-27T09:00:00-04:00,2026-08-05T11:00:00-04:00,2026-08-10T17:00:00-04:00,,EB-LST-000834,true
EB-ITM-000835,eBay,GW-024,Sony stereo receiver — tested,Electronics,Used - Good,2026-08-04T09:00:00-04:00,2026-08-15T11:00:00-04:00,2026-08-25T17:00:00-04:00,,EB-LST-000835,true
EB-ITM-000836,eBay,GW-024,"Leather tote bag, brown",Accessories,For parts / repair,2026-07-23T09:00:00-04:00,2026-07-26T11:00:00-04:00,2026-08-09T17:00:00-04:00,,EB-LST-000836,true
EB-ITM-000837,eBay,GW-024,"Brass table lamp, tested",Home,Used - Good,2026-07-21T09:00:00-04:00,2026-08-01T11:00:00-04:00,2026-08-22T17:00:00-04:00,,EB-LST-000837,true
EB-ITM-000838,eBay,GW-012,Vintage Stanley hand plane,Tools,Used - Very Good,2026-07-06T09:00:00-04:00,2026-07-19T11:00:00-04:00,2026-08-12T17:00:00-04:00,,EB-LST-000838,true
EB-ITM-000839,eBay,GW-013,Engineering reference manual,Books,For parts / repair,2026-07-21T09:00:00-04:00,2026-07-25T11:00:00-04:00,2026-08-06T17:00:00-04:00,,EB-LST-000839,true
EB-ITM-000840,eBay,GW-024,"Hiking backpack, 40L",Sporting Goods,Used - Very Good,2026-07-25T09:00:00-04:00,2026-08-08T11:00:00-04:00,2026-08-31T17:00:00-04:00,,EB-LST-000840,true
EB-ITM-000841,eBay,GW-007,Sony stereo receiver — tested,Electronics,For parts / repair,2026-07-04T09:00:00-04:00,2026-07-07T11:00:00-04:00,2026-08-08T17:00:00-04:00,,EB-LST-000841,true
EB-ITM-000842,eBay,GW-023,"Mystery paperback lot, 6 books",Books,Used - Acceptable,2026-08-04T09:00:00-04:00,2026-08-10T11:00:00-04:00,2026-08-25T17:00:00-04:00,,EB-LST-000842,true
EB-ITM-000843,eBay,GW-009,"Levi's denim jacket, size L",Apparel,Used - Very Good,2026-07-31T09:00:00-04:00,2026-08-01T11:00:00-04:00,2026-08-20T17:00:00-04:00,,EB-LST-000843,true
EB-ITM-000844,eBay,GW-008,Vintage Pyrex mixing bowl set,Collectibles,Used - Acceptable,2026-07-21T09:00:00-04:00,2026-08-01T11:00:00-04:00,2026-08-26T17:00:00-04:00,,EB-LST-000844,true
EB-ITM-000845,eBay,GW-017,"Brass table lamp, tested",Home,Used - Acceptable,2026-06-24T09:00:00-04:00,2026-07-01T11:00:00-04:00,2026-08-08T17:00:00-04:00,,EB-LST-000845,true
EB-ITM-000846,eBay,GW-024,Hardcover regional cookbook,Books,Used - Good,2026-08-08T09:00:00-04:00,2026-08-12T11:00:00-04:00,2026-08-16T17:00:00-04:00,,EB-LST-000846,true
EB-ITM-000847,eBay,GW-023,"Estate postcard collection, 80 pieces",Collectibles,Used - Very Good,2026-08-19T09:00:00-04:00,2026-08-25T11:00:00-04:00,2026-08-27T17:00:00-04:00,,EB-LST-000847,true
EB-ITM-000848,eBay,GW-024,Sony stereo receiver — tested,Electronics,Used - Good,2026-07-02T09:00:00-04:00,2026-07-03T11:00:00-04:00,2026-08-04T17:00:00-04:00,,EB-LST-000848,true
EB-ITM-000849,eBay,GW-002,Sony stereo receiver — tested,Electronics,Used - Acceptable,2026-07-14T09:00:00-04:00,2026-07-26T11:00:00-04:00,2026-08-03T17:00:00-04:00,,EB-LST-000849,true
EB-ITM-000850,eBay,GW-009,"Wool cardigan, size S",Apparel,Used - Good,2026-07-14T09:00:00-04:00,2026-07-22T11:00:00-04:00,2026-08-02T17:00:00-04:00,,EB-LST-000850,true
EB-ITM-000851,eBay,GW-005,"Sterling silver necklace, 18 inch",Jewelry,For parts / repair,2026-07-01T09:00:00-04:00,2026-07-12T11:00:00-04:00,2026-08-11T17:00:00-04:00,,EB-LST-000851,true
EB-ITM-000852,eBay,GW-009,"Handwoven wool rug, 3 × 5 ft",Home,Used - Acceptable,2026-08-12T09:00:00-04:00,2026-08-19T11:00:00-04:00,2026-08-24T17:00:00-04:00,,EB-LST-000852,true
EB-ITM-000853,eBay,GW-024,"Digital multimeter, tested",Tools,For parts / repair,2026-06-25T09:00:00-04:00,2026-07-08T11:00:00-04:00,2026-08-15T17:00:00-04:00,,EB-LST-000853,true
EB-ITM-000854,eBay,GW-017,"Canon EF zoom lens, 75–300mm",Electronics,Used - Very Good,2026-07-15T09:00:00-04:00,2026-07-19T11:00:00-04:00,2026-08-06T17:00:00-04:00,,EB-LST-000854,true
EB-ITM-000855,eBay,GW-012,"Sterling ring, size 7",Jewelry,For parts / repair,2026-08-17T09:00:00-04:00,2026-08-19T11:00:00-04:00,2026-08-28T17:00:00-04:00,,EB-LST-000855,true
EB-ITM-000856,eBay,GW-004,Vintage costume jewelry lot,Jewelry,Used - Good,2026-07-27T09:00:00-04:00,2026-07-28T11:00:00-04:00,2026-08-18T17:00:00-04:00,2026-08-28T21:00:00-04:00,EB-LST-000856,true
EB-ITM-000857,eBay,GW-024,Signed studio pottery vase,Collectibles,Used - Acceptable,2026-07-02T09:00:00-04:00,2026-07-06T11:00:00-04:00,2026-08-08T17:00:00-04:00,,EB-LST-000857,true
EB-ITM-000858,eBay,GW-012,"Patagonia fleece jacket, size M",Apparel,Used - Very Good,2026-08-07T09:00:00-04:00,2026-08-10T11:00:00-04:00,2026-08-24T17:00:00-04:00,,EB-LST-000858,true
EB-ITM-000859,eBay,GW-002,"Brass table lamp, tested",Home,Used - Good,2026-07-05T09:00:00-04:00,2026-07-19T11:00:00-04:00,2026-08-11T17:00:00-04:00,,EB-LST-000859,true
EB-ITM-000860,eBay,GW-001,Sony stereo receiver — tested,Electronics,For parts / repair,2026-07-18T09:00:00-04:00,2026-07-30T11:00:00-04:00,2026-08-16T17:00:00-04:00,,EB-LST-000860,true
EB-ITM-000861,eBay,GW-009,"Bose portable speaker, cosmetic wear",Electronics,Used - Very Good,2026-08-06T09:00:00-04:00,2026-08-13T11:00:00-04:00,2026-08-22T17:00:00-04:00,,EB-LST-000861,true
EB-ITM-000862,eBay,GW-006,"Gold-tone wristwatch, untested",Jewelry,Used - Very Good,2026-08-14T09:00:00-04:00,2026-08-15T11:00:00-04:00,2026-08-28T17:00:00-04:00,,EB-LST-000862,true
EB-ITM-000863,eBay,GW-003,"Bose portable speaker, cosmetic wear",Electronics,Used - Acceptable,2026-07-11T09:00:00-04:00,2026-07-24T11:00:00-04:00,2026-08-11T17:00:00-04:00,,EB-LST-000863,true
EB-ITM-000864,eBay,GW-020,"Canon EF zoom lens, 75–300mm",Electronics,Used - Very Good,2026-07-13T09:00:00-04:00,2026-07-25T11:00:00-04:00,2026-08-20T17:00:00-04:00,,EB-LST-000864,true
EB-ITM-000865,eBay,GW-023,"Canon EF zoom lens, 75–300mm",Electronics,Used - Good,2026-07-19T09:00:00-04:00,2026-07-31T11:00:00-04:00,2026-08-22T17:00:00-04:00,,EB-LST-000865,true
EB-ITM-000866,eBay,GW-020,"Vintage concert T-shirt, size XL",Apparel,For parts / repair,2026-07-11T09:00:00-04:00,2026-07-14T11:00:00-04:00,2026-08-03T17:00:00-04:00,,EB-LST-000866,true
EB-ITM-000867,eBay,GW-016,Vintage Stanley hand plane,Tools,For parts / repair,2026-07-04T09:00:00-04:00,2026-07-15T11:00:00-04:00,2026-08-07T17:00:00-04:00,,EB-LST-000867,true
EB-ITM-000868,eBay,GW-013,"Art history volume, dust jacket",Books,For parts / repair,2026-07-16T09:00:00-04:00,2026-07-28T11:00:00-04:00,2026-08-08T17:00:00-04:00,,EB-LST-000868,true
EB-ITM-000869,eBay,GW-004,"Canon EF zoom lens, 75–300mm",Electronics,Used - Good,2026-07-14T09:00:00-04:00,2026-07-20T11:00:00-04:00,2026-08-06T17:00:00-04:00,,EB-LST-000869,true
EB-ITM-000870,eBay,GW-014,"Sterling ring, size 7",Jewelry,Used - Very Good,2026-08-15T09:00:00-04:00,2026-08-22T11:00:00-04:00,2026-08-26T17:00:00-04:00,,EB-LST-000870,true
EB-ITM-000871,eBay,GW-008,Fishing reel with spare spool,Sporting Goods,Used - Good,2026-06-23T09:00:00-04:00,2026-07-03T11:00:00-04:00,2026-08-02T17:00:00-04:00,,EB-LST-000871,true
EB-ITM-000872,eBay,GW-001,KitchenAid hand mixer with beaters,Home,For parts / repair,2026-08-03T09:00:00-04:00,2026-08-05T11:00:00-04:00,2026-08-12T17:00:00-04:00,,EB-LST-000872,true
EB-ITM-000873,eBay,GW-002,Vintage Stanley hand plane,Tools,For parts / repair,2026-07-15T09:00:00-04:00,2026-07-21T11:00:00-04:00,2026-08-03T17:00:00-04:00,,EB-LST-000873,true
EB-ITM-000874,eBay,GW-002,"Vintage concert T-shirt, size XL",Apparel,Used - Very Good,2026-08-06T09:00:00-04:00,2026-08-09T11:00:00-04:00,2026-08-21T17:00:00-04:00,,EB-LST-000874,true
EB-ITM-000875,eBay,GW-011,"Vintage cassette deck, powers on",Electronics,Used - Very Good,2026-07-04T09:00:00-04:00,2026-07-09T11:00:00-04:00,2026-08-10T17:00:00-04:00,,EB-LST-000875,true
EB-ITM-000876,eBay,GW-023,"Die-cast vehicle lot, assorted",Collectibles,Used - Very Good,2026-06-20T09:00:00-04:00,2026-07-03T11:00:00-04:00,2026-08-07T17:00:00-04:00,,EB-LST-000876,true
EB-ITM-000877,eBay,GW-022,Sony stereo receiver — tested,Electronics,Used - Acceptable,2026-07-07T09:00:00-04:00,2026-07-15T11:00:00-04:00,2026-08-02T17:00:00-04:00,,EB-LST-000877,true
EB-ITM-000878,eBay,GW-004,"Vintage cassette deck, powers on",Electronics,Used - Good,2026-07-01T09:00:00-04:00,2026-07-15T11:00:00-04:00,2026-08-07T17:00:00-04:00,,EB-LST-000878,true
EB-ITM-000879,eBay,GW-009,"Bose portable speaker, cosmetic wear",Electronics,Used - Acceptable,2026-07-25T09:00:00-04:00,2026-08-07T11:00:00-04:00,2026-08-18T17:00:00-04:00,,EB-LST-000879,true
EB-ITM-000880,eBay,GW-005,"Illustrated field guide, revised edition",Books,Used - Good,2026-07-12T09:00:00-04:00,2026-07-26T11:00:00-04:00,2026-08-04T17:00:00-04:00,,EB-LST-000880,true
EB-ITM-000881,eBay,GW-020,"Brass table lamp, tested",Home,Used - Very Good,2026-07-23T09:00:00-04:00,2026-07-24T11:00:00-04:00,2026-08-16T17:00:00-04:00,,EB-LST-000881,true
EB-ITM-000882,eBay,GW-024,"Vintage cassette deck, powers on",Electronics,Used - Very Good,2026-07-22T09:00:00-04:00,2026-07-29T11:00:00-04:00,2026-08-09T17:00:00-04:00,,EB-LST-000882,true
EB-ITM-000883,eBay,GW-006,"Brass table lamp, tested",Home,For parts / repair,2026-08-07T09:00:00-04:00,2026-08-15T11:00:00-04:00,2026-08-26T17:00:00-04:00,,EB-LST-000883,true
EB-ITM-000884,eBay,GW-004,Sony stereo receiver — tested,Electronics,Used - Good,2026-08-12T09:00:00-04:00,2026-08-13T11:00:00-04:00,2026-08-24T17:00:00-04:00,,EB-LST-000884,true
EB-ITM-000885,eBay,GW-006,"Model train locomotive, boxed",Collectibles,Used - Very Good,2026-08-17T09:00:00-04:00,2026-08-23T11:00:00-04:00,2026-08-30T17:00:00-04:00,,EB-LST-000885,true
EB-ITM-000886,eBay,GW-013,KitchenAid hand mixer with beaters,Home,Used - Good,2026-07-07T09:00:00-04:00,2026-07-18T11:00:00-04:00,2026-08-02T17:00:00-04:00,,EB-LST-000886,true
EB-ITM-000887,eBay,GW-003,"Golf iron set, right handed",Sporting Goods,Used - Very Good,2026-07-18T09:00:00-04:00,2026-07-29T11:00:00-04:00,2026-08-15T17:00:00-04:00,,EB-LST-000887,true
EB-ITM-000888,eBay,GW-016,"Craftsman socket set, 32 pieces",Tools,Used - Acceptable,2026-07-25T09:00:00-04:00,2026-08-05T11:00:00-04:00,2026-08-21T17:00:00-04:00,,EB-LST-000888,true
EB-ITM-000889,eBay,GW-017,Fishing reel with spare spool,Sporting Goods,Used - Good,2026-08-14T09:00:00-04:00,2026-08-25T11:00:00-04:00,2026-08-31T17:00:00-04:00,,EB-LST-000889,true
EB-ITM-000890,eBay,GW-020,Vintage Pyrex mixing bowl set,Collectibles,Used - Good,2026-06-26T09:00:00-04:00,2026-07-10T11:00:00-04:00,2026-08-04T17:00:00-04:00,,EB-LST-000890,true
EB-ITM-000891,eBay,GW-007,"Patagonia fleece jacket, size M",Apparel,Used - Acceptable,2026-06-27T09:00:00-04:00,2026-07-10T11:00:00-04:00,2026-08-04T17:00:00-04:00,,EB-LST-000891,true
EB-ITM-000892,eBay,GW-006,"Levi's denim jacket, size L",Apparel,Used - Good,2026-07-21T09:00:00-04:00,2026-07-23T11:00:00-04:00,2026-08-09T17:00:00-04:00,,EB-LST-000892,true
EB-ITM-000893,eBay,GW-004,"Die-cast vehicle lot, assorted",Collectibles,Used - Acceptable,2026-07-01T09:00:00-04:00,2026-07-10T11:00:00-04:00,2026-08-03T17:00:00-04:00,,EB-LST-000893,true
EB-ITM-000894,eBay,GW-024,"Die-cast vehicle lot, assorted",Collectibles,Used - Acceptable,2026-07-28T09:00:00-04:00,2026-08-05T11:00:00-04:00,2026-08-26T17:00:00-04:00,,EB-LST-000894,true
EB-ITM-000895,eBay,GW-008,"Sterling silver necklace, 18 inch",Jewelry,Used - Good,2026-06-25T09:00:00-04:00,2026-07-01T11:00:00-04:00,2026-08-05T17:00:00-04:00,,EB-LST-000895,true
EB-ITM-000896,eBay,GW-004,"Golf iron set, right handed",Sporting Goods,Used - Acceptable,2026-07-23T09:00:00-04:00,2026-08-06T11:00:00-04:00,2026-08-15T17:00:00-04:00,,EB-LST-000896,true
EB-ITM-000897,eBay,GW-003,Tennis racquet pair with covers,Sporting Goods,Used - Acceptable,2026-08-11T09:00:00-04:00,2026-08-19T11:00:00-04:00,2026-08-30T17:00:00-04:00,,EB-LST-000897,true
EB-ITM-000898,eBay,GW-016,"Estate postcard collection, 80 pieces",Collectibles,Used - Very Good,2026-07-16T09:00:00-04:00,2026-07-22T11:00:00-04:00,2026-08-16T17:00:00-04:00,,EB-LST-000898,true
EB-ITM-000899,eBay,GW-024,"Sterling silver necklace, 18 inch",Jewelry,Used - Very Good,2026-07-19T09:00:00-04:00,2026-07-30T11:00:00-04:00,2026-08-05T17:00:00-04:00,,EB-LST-000899,true
EB-ITM-000900,eBay,GW-006,Signed studio pottery vase,Collectibles,Used - Acceptable,2026-08-03T09:00:00-04:00,2026-08-11T11:00:00-04:00,2026-08-26T17:00:00-04:00,,EB-LST-000900,true
EB-UNSOLD-000005,eBay,GW-001,Vintage Pyrex mixing bowl set,Collectibles,Used - Acceptable,2026-08-15T09:00:00-04:00,2026-08-30T11:00:00-04:00,,,EB-OPEN-000005,true
EB-UNSOLD-000006,eBay,GW-012,"Sterling ring, size 7",Jewelry,Used - Good,2026-08-22T09:00:00-04:00,,,,,true
EB-UNSOLD-000015,eBay,GW-004,"Mystery paperback lot, 6 books",Books,Used - Acceptable,2026-07-26T09:00:00-04:00,2026-08-11T11:00:00-04:00,,,EB-OPEN-000015,true
EB-UNSOLD-000018,eBay,GW-017,"Die-cast vehicle lot, assorted",Collectibles,For parts / repair,2026-08-26T09:00:00-04:00,,,,,true
EB-UNSOLD-000019,eBay,GW-004,Engineering reference manual,Books,Used - Very Good,2026-08-30T09:00:00-04:00,,,,,true
EB-UNSOLD-000021,eBay,GW-020,"Wool cardigan, size S",Apparel,Used - Acceptable,2026-08-02T09:00:00-04:00,,,,,true
EB-UNSOLD-000022,eBay,GW-015,Tennis racquet pair with covers,Sporting Goods,Used - Good,2026-08-10T09:00:00-04:00,2026-08-28T11:00:00-04:00,,,EB-OPEN-000022,true
EB-UNSOLD-000023,eBay,GW-008,KitchenAid hand mixer with beaters,Home,Used - Very Good,2026-08-21T09:00:00-04:00,,,,,true
EB-UNSOLD-000031,eBay,GW-018,Tennis racquet pair with covers,Sporting Goods,Used - Acceptable,2026-08-10T09:00:00-04:00,2026-08-30T11:00:00-04:00,,,EB-OPEN-000031,true
EB-UNSOLD-000040,eBay,GW-017,Vintage Stanley hand plane,Tools,Used - Acceptable,2026-08-08T09:00:00-04:00,2026-08-28T11:00:00-04:00,,,EB-OPEN-000040,true
EB-UNSOLD-000043,eBay,GW-017,"Bose portable speaker, cosmetic wear",Electronics,Used - Acceptable,2026-08-24T09:00:00-04:00,2026-08-29T11:00:00-04:00,,,EB-OPEN-000043,true
EB-UNSOLD-000046,eBay,GW-013,"DeWalt cordless drill, tool only",Tools,For parts / repair,2026-07-27T09:00:00-04:00,2026-08-02T11:00:00-04:00,,,EB-OPEN-000046,true
EB-UNSOLD-000049,eBay,GW-001,Nintendo DS console with charger,Electronics,For parts / repair,2026-08-10T09:00:00-04:00,2026-08-14T11:00:00-04:00,,,EB-OPEN-000049,true
EB-UNSOLD-000050,eBay,GW-022,Tennis racquet pair with covers,Sporting Goods,For parts / repair,2026-08-24T09:00:00-04:00,,,,,true
EB-UNSOLD-000051,eBay,GW-007,"Illustrated field guide, revised edition",Books,Used - Good,2026-08-19T09:00:00-04:00,,,,,true
EB-UNSOLD-000053,eBay,GW-012,"Mystery paperback lot, 6 books",Books,Used - Acceptable,2026-08-22T09:00:00-04:00,,,,,true
EB-UNSOLD-000066,eBay,GW-016,Engineering reference manual,Books,For parts / repair,2026-08-13T09:00:00-04:00,2026-08-17T11:00:00-04:00,,,EB-OPEN-000066,true
EB-UNSOLD-000070,eBay,GW-013,Nintendo DS console with charger,Electronics,For parts / repair,2026-08-17T09:00:00-04:00,2026-08-24T11:00:00-04:00,,,EB-OPEN-000070,true
EB-UNSOLD-000072,eBay,GW-008,Vintage Pyrex mixing bowl set,Collectibles,For parts / repair,2026-08-29T09:00:00-04:00,,,,,true
EB-UNSOLD-000076,eBay,GW-006,"Levi's denim jacket, size L",Apparel,Used - Good,2026-08-31T09:00:00-04:00,,,,,true
EB-UNSOLD-000077,eBay,GW-003,"Levi's denim jacket, size L",Apparel,For parts / repair,2026-08-20T09:00:00-04:00,,,,,true
EB-UNSOLD-000078,eBay,GW-012,"Model train locomotive, boxed",Collectibles,Used - Acceptable,2026-08-01T09:00:00-04:00,2026-08-22T11:00:00-04:00,,,EB-OPEN-000078,true
EB-UNSOLD-000081,eBay,GW-004,Vintage Stanley hand plane,Tools,Used - Acceptable,2026-08-26T09:00:00-04:00,,,,,true
EB-UNSOLD-000090,eBay,GW-002,"Gold-tone wristwatch, untested",Jewelry,Used - Good,2026-08-04T09:00:00-04:00,,,,,true
EB-UNSOLD-000093,eBay,GW-017,"Sterling ring, size 7",Jewelry,For parts / repair,2026-08-11T09:00:00-04:00,,,,,true
EB-UNSOLD-000102,eBay,GW-010,Vintage belt with brass buckle,Accessories,Used - Very Good,2026-08-17T09:00:00-04:00,2026-08-20T11:00:00-04:00,,,EB-OPEN-000102,true
EB-UNSOLD-000103,eBay,GW-016,Hardcover regional cookbook,Books,Used - Very Good,2026-07-17T09:00:00-04:00,,,,,true
EB-UNSOLD-000107,eBay,GW-003,"Leather tote bag, brown",Accessories,Used - Good,2026-08-09T09:00:00-04:00,,,,,true
EB-UNSOLD-000114,eBay,GW-006,Vintage belt with brass buckle,Accessories,Used - Good,2026-08-30T09:00:00-04:00,,,,,true
EB-UNSOLD-000117,eBay,GW-020,"Sterling silver necklace, 18 inch",Jewelry,Used - Very Good,2026-07-12T09:00:00-04:00,2026-07-20T11:00:00-04:00,,,EB-OPEN-000117,true
EB-UNSOLD-000118,eBay,GW-004,Tennis racquet pair with covers,Sporting Goods,Used - Very Good,2026-07-25T09:00:00-04:00,2026-08-13T11:00:00-04:00,,,EB-OPEN-000118,true
EB-UNSOLD-000120,eBay,GW-006,"Leather tote bag, brown",Accessories,Used - Good,2026-07-25T09:00:00-04:00,2026-08-08T11:00:00-04:00,,,EB-OPEN-000120,true
EB-UNSOLD-000121,eBay,GW-022,Sony stereo receiver — tested,Electronics,Used - Good,2026-07-30T09:00:00-04:00,2026-08-02T11:00:00-04:00,,,EB-OPEN-000121,true
EB-UNSOLD-000123,eBay,GW-021,"Golf iron set, right handed",Sporting Goods,Used - Very Good,2026-07-11T09:00:00-04:00,,,,,true
EB-UNSOLD-000126,eBay,GW-009,Vintage Stanley hand plane,Tools,Used - Very Good,2026-08-31T09:00:00-04:00,,,,,true
EB-UNSOLD-000127,eBay,GW-014,"Hiking backpack, 40L",Sporting Goods,Used - Acceptable,2026-07-31T09:00:00-04:00,,,,,true
EB-UNSOLD-000128,eBay,GW-004,"Model train locomotive, boxed",Collectibles,Used - Acceptable,2026-08-19T09:00:00-04:00,,,,,true
EB-UNSOLD-000134,eBay,GW-022,"Digital multimeter, tested",Tools,Used - Acceptable,2026-07-30T09:00:00-04:00,2026-08-03T11:00:00-04:00,,,EB-OPEN-000134,true
EB-UNSOLD-000139,eBay,GW-010,"Model train locomotive, boxed",Collectibles,For parts / repair,2026-08-31T09:00:00-04:00,,,,,true
EB-UNSOLD-000144,eBay,GW-024,Hardcover regional cookbook,Books,Used - Good,2026-08-11T09:00:00-04:00,,,,,true
EB-UNSOLD-000156,eBay,GW-006,"Travel duffel, navy",Accessories,Used - Good,2026-08-02T09:00:00-04:00,2026-08-25T11:00:00-04:00,,,EB-OPEN-000156,true
EB-UNSOLD-000157,eBay,GW-009,"Die-cast vehicle lot, assorted",Collectibles,Used - Acceptable,2026-08-16T09:00:00-04:00,,,,,true
EB-UNSOLD-000164,eBay,GW-008,"DeWalt cordless drill, tool only",Tools,Used - Very Good,2026-08-14T09:00:00-04:00,,,,,true
EB-UNSOLD-000171,eBay,GW-001,"Vintage concert T-shirt, size XL",Apparel,Used - Very Good,2026-07-26T09:00:00-04:00,2026-08-06T11:00:00-04:00,,,EB-OPEN-000171,true
EB-UNSOLD-000173,eBay,GW-008,Nintendo DS console with charger,Electronics,Used - Acceptable,2026-07-22T09:00:00-04:00,,,,,true
EB-UNSOLD-000177,eBay,GW-016,Tennis racquet pair with covers,Sporting Goods,Used - Very Good,2026-07-18T09:00:00-04:00,2026-08-04T11:00:00-04:00,,,EB-OPEN-000177,true
EB-UNSOLD-000178,eBay,GW-017,"Vintage cassette deck, powers on",Electronics,For parts / repair,2026-07-14T09:00:00-04:00,2026-07-21T11:00:00-04:00,,,EB-OPEN-000178,true
EB-UNSOLD-000179,eBay,GW-001,"Hiking backpack, 40L",Sporting Goods,Used - Very Good,2026-08-10T09:00:00-04:00,,,,,true
EB-UNSOLD-000182,eBay,GW-006,"Patagonia fleece jacket, size M",Apparel,Used - Very Good,2026-08-27T09:00:00-04:00,,,,,true
EB-UNSOLD-000184,eBay,GW-001,Nintendo DS console with charger,Electronics,Used - Acceptable,2026-08-06T09:00:00-04:00,2026-08-29T11:00:00-04:00,,,EB-OPEN-000184,true
EB-UNSOLD-000186,eBay,GW-002,"Canon EF zoom lens, 75–300mm",Electronics,Used - Very Good,2026-07-19T09:00:00-04:00,,,,,true
EB-UNSOLD-000190,eBay,GW-008,"Illustrated field guide, revised edition",Books,For parts / repair,2026-07-17T09:00:00-04:00,2026-08-04T11:00:00-04:00,,,EB-OPEN-000190,true
EB-UNSOLD-000196,eBay,GW-013,"Wool cardigan, size S",Apparel,Used - Good,2026-07-27T09:00:00-04:00,2026-08-05T11:00:00-04:00,,,EB-OPEN-000196,true
EB-UNSOLD-000200,eBay,GW-011,"Craftsman socket set, 32 pieces",Tools,Used - Acceptable,2026-08-15T09:00:00-04:00,,,,,true
EB-UNSOLD-000202,eBay,GW-001,"Handwoven wool rug, 3 × 5 ft",Home,Used - Good,2026-08-15T09:00:00-04:00,,,,,true
EB-UNSOLD-000203,eBay,GW-009,Sony stereo receiver — tested,Electronics,For parts / repair,2026-08-01T09:00:00-04:00,2026-08-18T11:00:00-04:00,,,EB-OPEN-000203,true
EB-UNSOLD-000205,eBay,GW-021,"Illustrated field guide, revised edition",Books,Used - Good,2026-07-31T09:00:00-04:00,,,,,true
EB-UNSOLD-000206,eBay,GW-001,"Handwoven wool rug, 3 × 5 ft",Home,Used - Acceptable,2026-08-31T09:00:00-04:00,,,,,true
EB-UNSOLD-000213,eBay,GW-016,"Sterling silver necklace, 18 inch",Jewelry,For parts / repair,2026-08-25T09:00:00-04:00,,,,,true
EB-UNSOLD-000214,eBay,GW-009,"Sterling ring, size 7",Jewelry,Used - Acceptable,2026-08-31T09:00:00-04:00,,,,,true
EB-UNSOLD-000217,eBay,GW-023,"Sterling silver necklace, 18 inch",Jewelry,For parts / repair,2026-08-01T09:00:00-04:00,,,,,true
EB-UNSOLD-000222,eBay,GW-012,"Sterling silver necklace, 18 inch",Jewelry,Used - Very Good,2026-07-24T09:00:00-04:00,,,,,true
EB-UNSOLD-000224,eBay,GW-020,"Silk scarf, floral print",Accessories,Used - Very Good,2026-07-20T09:00:00-04:00,2026-08-08T11:00:00-04:00,,,EB-OPEN-000224,true
EB-UNSOLD-000226,eBay,GW-007,"Wool cardigan, size S",Apparel,Used - Good,2026-07-23T09:00:00-04:00,2026-07-31T11:00:00-04:00,,,EB-OPEN-000226,true
EB-UNSOLD-000228,eBay,GW-008,"Sterling silver necklace, 18 inch",Jewelry,For parts / repair,2026-08-03T09:00:00-04:00,,,,,true
EB-UNSOLD-000230,eBay,GW-003,"Wool cardigan, size S",Apparel,For parts / repair,2026-08-10T09:00:00-04:00,,,,,true
EB-UNSOLD-000233,eBay,GW-011,"Sterling ring, size 7",Jewelry,Used - Good,2026-08-23T09:00:00-04:00,,,,,true
EB-UNSOLD-000238,eBay,GW-018,Vintage belt with brass buckle,Accessories,Used - Very Good,2026-08-10T09:00:00-04:00,2026-08-24T11:00:00-04:00,,,EB-OPEN-000238,true
EB-UNSOLD-000240,eBay,GW-020,"Illustrated field guide, revised edition",Books,Used - Good,2026-07-31T09:00:00-04:00,,,,,true
EB-UNSOLD-000245,eBay,GW-005,Vintage Stanley hand plane,Tools,Used - Good,2026-07-16T09:00:00-04:00,,,,,true
EB-UNSOLD-000249,eBay,GW-024,Tennis racquet pair with covers,Sporting Goods,Used - Very Good,2026-08-13T09:00:00-04:00,2026-08-20T11:00:00-04:00,,,EB-OPEN-000249,true
EB-UNSOLD-000253,eBay,GW-012,"Sterling silver necklace, 18 inch",Jewelry,For parts / repair,2026-07-12T09:00:00-04:00,2026-08-03T11:00:00-04:00,,,EB-OPEN-000253,true
EB-UNSOLD-000255,eBay,GW-024,"Illustrated field guide, revised edition",Books,For parts / repair,2026-08-02T09:00:00-04:00,2026-08-23T11:00:00-04:00,,,EB-OPEN-000255,true
EB-UNSOLD-000263,eBay,GW-015,Nintendo DS console with charger,Electronics,Used - Very Good,2026-08-07T09:00:00-04:00,,,,,true
EB-UNSOLD-000271,eBay,GW-008,"Gold-tone wristwatch, untested",Jewelry,Used - Very Good,2026-07-26T09:00:00-04:00,,,,,true
EB-UNSOLD-000272,eBay,GW-002,"Sterling ring, size 7",Jewelry,Used - Very Good,2026-08-13T09:00:00-04:00,,,,,true
EB-UNSOLD-000275,eBay,GW-001,"Sterling silver necklace, 18 inch",Jewelry,Used - Good,2026-08-13T09:00:00-04:00,2026-08-23T11:00:00-04:00,,,EB-OPEN-000275,true
EB-UNSOLD-000289,eBay,GW-002,"Vintage concert T-shirt, size XL",Apparel,For parts / repair,2026-08-21T09:00:00-04:00,2026-08-25T11:00:00-04:00,,,EB-OPEN-000289,true
EB-UNSOLD-000290,eBay,GW-023,"Wool cardigan, size S",Apparel,Used - Acceptable,2026-08-14T09:00:00-04:00,2026-08-27T11:00:00-04:00,,,EB-OPEN-000290,true
EB-UNSOLD-000294,eBay,GW-010,Vintage Pyrex mixing bowl set,Collectibles,Used - Good,2026-07-22T09:00:00-04:00,2026-08-10T11:00:00-04:00,,,EB-OPEN-000294,true
EB-UNSOLD-000301,eBay,GW-001,"Bose portable speaker, cosmetic wear",Electronics,For parts / repair,2026-08-26T09:00:00-04:00,,,,,true
EB-UNSOLD-000302,eBay,GW-023,"Stoneware dinner service, 12 pieces",Home,Used - Good,2026-08-20T09:00:00-04:00,,,,,true
EB-UNSOLD-000303,eBay,GW-007,"Die-cast vehicle lot, assorted",Collectibles,Used - Good,2026-08-13T09:00:00-04:00,,,,,true
EB-UNSOLD-000308,eBay,GW-008,"Gold-tone wristwatch, untested",Jewelry,Used - Acceptable,2026-08-15T09:00:00-04:00,,,,,true
EB-UNSOLD-000309,eBay,GW-016,Vintage costume jewelry lot,Jewelry,Used - Very Good,2026-08-28T09:00:00-04:00,,,,,true
EB-UNSOLD-000310,eBay,GW-024,"Levi's denim jacket, size L",Apparel,Used - Very Good,2026-07-22T09:00:00-04:00,,,,,true
EB-UNSOLD-000313,eBay,GW-016,Signed studio pottery vase,Collectibles,Used - Acceptable,2026-08-28T09:00:00-04:00,,,,,true
EB-UNSOLD-000317,eBay,GW-007,"Leather tote bag, brown",Accessories,Used - Acceptable,2026-07-31T09:00:00-04:00,2026-08-22T11:00:00-04:00,,,EB-OPEN-000317,true
EB-UNSOLD-000318,eBay,GW-004,"Golf iron set, right handed",Sporting Goods,For parts / repair,2026-07-21T09:00:00-04:00,,,,,true
EB-UNSOLD-000320,eBay,GW-006,"Craftsman socket set, 32 pieces",Tools,Used - Acceptable,2026-07-19T09:00:00-04:00,2026-07-25T11:00:00-04:00,,,EB-OPEN-000320,true
EB-UNSOLD-000327,eBay,GW-004,Hardcover regional cookbook,Books,Used - Very Good,2026-07-20T09:00:00-04:00,2026-08-13T11:00:00-04:00,,,EB-OPEN-000327,true
EB-UNSOLD-000332,eBay,GW-020,"Travel duffel, navy",Accessories,Used - Very Good,2026-07-25T09:00:00-04:00,,,,,true
EB-UNSOLD-000333,eBay,GW-004,Sony stereo receiver — tested,Electronics,Used - Very Good,2026-07-13T09:00:00-04:00,2026-08-01T11:00:00-04:00,,,EB-OPEN-000333,true
EB-UNSOLD-000334,eBay,GW-002,"Travel duffel, navy",Accessories,Used - Good,2026-08-01T09:00:00-04:00,,,,,true
EB-UNSOLD-000336,eBay,GW-022,"Silk scarf, floral print",Accessories,Used - Good,2026-08-22T09:00:00-04:00,,,,,true
EB-UNSOLD-000338,eBay,GW-024,"Hiking backpack, 40L",Sporting Goods,Used - Very Good,2026-07-25T09:00:00-04:00,2026-08-16T11:00:00-04:00,,,EB-OPEN-000338,true
EB-UNSOLD-000339,eBay,GW-024,"Vintage cassette deck, powers on",Electronics,Used - Acceptable,2026-07-22T09:00:00-04:00,2026-08-08T11:00:00-04:00,,,EB-OPEN-000339,true
EB-UNSOLD-000340,eBay,GW-022,"Travel duffel, navy",Accessories,Used - Acceptable,2026-08-04T09:00:00-04:00,2026-08-06T11:00:00-04:00,,,EB-OPEN-000340,true
EB-UNSOLD-000343,eBay,GW-016,"Bose portable speaker, cosmetic wear",Electronics,Used - Good,2026-07-27T09:00:00-04:00,2026-08-09T11:00:00-04:00,,,EB-OPEN-000343,true
EB-UNSOLD-000349,eBay,GW-011,Signed studio pottery vase,Collectibles,Used - Acceptable,2026-08-26T09:00:00-04:00,,,,,true
EB-UNSOLD-000352,eBay,GW-005,"Golf iron set, right handed",Sporting Goods,Used - Acceptable,2026-08-10T09:00:00-04:00,,,,,true
EB-UNSOLD-000357,eBay,GW-024,Nintendo DS console with charger,Electronics,Used - Acceptable,2026-08-23T09:00:00-04:00,2026-08-31T11:00:00-04:00,,,EB-OPEN-000357,true
EB-UNSOLD-000361,eBay,GW-006,"Levi's denim jacket, size L",Apparel,Used - Very Good,2026-07-20T09:00:00-04:00,2026-07-31T11:00:00-04:00,,,EB-OPEN-000361,true
EB-UNSOLD-000363,eBay,GW-014,"Silk scarf, floral print",Accessories,For parts / repair,2026-07-18T09:00:00-04:00,2026-07-30T11:00:00-04:00,,,EB-OPEN-000363,true
EB-UNSOLD-000365,eBay,GW-018,"Travel duffel, navy",Accessories,Used - Very Good,2026-07-24T09:00:00-04:00,2026-08-03T11:00:00-04:00,,,EB-OPEN-000365,true
EB-UNSOLD-000370,eBay,GW-001,"Vintage cassette deck, powers on",Electronics,Used - Very Good,2026-08-11T09:00:00-04:00,,,,,true
EB-UNSOLD-000380,eBay,GW-018,"Vintage concert T-shirt, size XL",Apparel,For parts / repair,2026-07-29T09:00:00-04:00,,,,,true
EB-UNSOLD-000381,eBay,GW-023,"Patagonia fleece jacket, size M",Apparel,For parts / repair,2026-08-09T09:00:00-04:00,2026-08-24T11:00:00-04:00,,,EB-OPEN-000381,true
EB-UNSOLD-000386,eBay,GW-007,Vintage costume jewelry lot,Jewelry,Used - Very Good,2026-08-23T09:00:00-04:00,2026-08-30T11:00:00-04:00,,,EB-OPEN-000386,true
EB-UNSOLD-000388,eBay,GW-011,"Patagonia fleece jacket, size M",Apparel,For parts / repair,2026-08-16T09:00:00-04:00,2026-08-22T11:00:00-04:00,,,EB-OPEN-000388,true
EB-UNSOLD-000394,eBay,GW-024,"Silk scarf, floral print",Accessories,Used - Good,2026-08-30T09:00:00-04:00,,,,,true
EB-UNSOLD-000397,eBay,GW-020,"Leather tote bag, brown",Accessories,For parts / repair,2026-07-26T09:00:00-04:00,,,,,true
EB-UNSOLD-000398,eBay,GW-022,"Vintage concert T-shirt, size XL",Apparel,For parts / repair,2026-08-25T09:00:00-04:00,,,,,true
EB-UNSOLD-000402,eBay,GW-003,Vintage belt with brass buckle,Accessories,Used - Good,2026-08-09T09:00:00-04:00,,,,,true
EB-UNSOLD-000404,eBay,GW-010,"Golf iron set, right handed",Sporting Goods,Used - Very Good,2026-08-01T09:00:00-04:00,,,,,true
EB-UNSOLD-000405,eBay,GW-013,"DeWalt cordless drill, tool only",Tools,Used - Very Good,2026-07-23T09:00:00-04:00,2026-08-01T11:00:00-04:00,,,EB-OPEN-000405,true
EB-UNSOLD-000407,eBay,GW-008,"Sterling silver necklace, 18 inch",Jewelry,For parts / repair,2026-08-06T09:00:00-04:00,,,,,true
EB-UNSOLD-000414,eBay,GW-004,"Bose portable speaker, cosmetic wear",Electronics,For parts / repair,2026-07-26T09:00:00-04:00,2026-08-07T11:00:00-04:00,,,EB-OPEN-000414,true
EB-UNSOLD-000423,eBay,GW-019,"Vintage cassette deck, powers on",Electronics,Used - Good,2026-08-05T09:00:00-04:00,2026-08-15T11:00:00-04:00,,,EB-OPEN-000423,true
EB-UNSOLD-000426,eBay,GW-021,Fishing reel with spare spool,Sporting Goods,Used - Very Good,2026-08-16T09:00:00-04:00,,,,,true
EB-UNSOLD-000430,eBay,GW-019,"Patagonia fleece jacket, size M",Apparel,Used - Good,2026-08-05T09:00:00-04:00,2026-08-20T11:00:00-04:00,,,EB-OPEN-000430,true
EB-UNSOLD-000435,eBay,GW-024,"Model train locomotive, boxed",Collectibles,For parts / repair,2026-07-29T09:00:00-04:00,,,,,true
EB-UNSOLD-000436,eBay,GW-023,Engineering reference manual,Books,Used - Acceptable,2026-08-19T09:00:00-04:00,,,,,true
EB-UNSOLD-000439,eBay,GW-020,"Leather tote bag, brown",Accessories,Used - Very Good,2026-07-18T09:00:00-04:00,,,,,true
EB-UNSOLD-000440,eBay,GW-008,"Bose portable speaker, cosmetic wear",Electronics,Used - Acceptable,2026-08-21T09:00:00-04:00,,,,,true
EB-UNSOLD-000449,eBay,GW-014,"Model train locomotive, boxed",Collectibles,Used - Good,2026-07-19T09:00:00-04:00,,,,,true
EB-UNSOLD-000451,eBay,GW-020,"Hiking backpack, 40L",Sporting Goods,Used - Very Good,2026-08-01T09:00:00-04:00,2026-08-04T11:00:00-04:00,,,EB-OPEN-000451,true
EB-UNSOLD-000454,eBay,GW-017,Engineering reference manual,Books,Used - Acceptable,2026-08-02T09:00:00-04:00,2026-08-06T11:00:00-04:00,,,EB-OPEN-000454,true
EB-UNSOLD-000460,eBay,GW-016,KitchenAid hand mixer with beaters,Home,Used - Acceptable,2026-07-19T09:00:00-04:00,,,,,true
EB-UNSOLD-000462,eBay,GW-004,Vintage Pyrex mixing bowl set,Collectibles,Used - Very Good,2026-08-31T09:00:00-04:00,,,,,true
EB-UNSOLD-000466,eBay,GW-001,"Sterling silver necklace, 18 inch",Jewelry,Used - Very Good,2026-07-31T09:00:00-04:00,2026-08-19T11:00:00-04:00,,,EB-OPEN-000466,true
EB-UNSOLD-000471,eBay,GW-013,Vintage costume jewelry lot,Jewelry,Used - Very Good,2026-07-27T09:00:00-04:00,,,,,true
EB-UNSOLD-000472,eBay,GW-004,"Gold-tone wristwatch, untested",Jewelry,Used - Good,2026-08-26T09:00:00-04:00,,,,,true
EB-UNSOLD-000474,eBay,GW-017,"Bose portable speaker, cosmetic wear",Electronics,Used - Very Good,2026-08-24T09:00:00-04:00,,,,,true
EB-UNSOLD-000476,eBay,GW-018,"Estate postcard collection, 80 pieces",Collectibles,Used - Very Good,2026-07-10T09:00:00-04:00,2026-07-14T11:00:00-04:00,,,EB-OPEN-000476,true
EB-UNSOLD-000479,eBay,GW-010,"Handwoven wool rug, 3 × 5 ft",Home,Used - Acceptable,2026-07-23T09:00:00-04:00,,,,,true
EB-UNSOLD-000482,eBay,GW-010,"Vintage cassette deck, powers on",Electronics,Used - Very Good,2026-08-14T09:00:00-04:00,,,,,true
EB-UNSOLD-000493,eBay,GW-018,Tennis racquet pair with covers,Sporting Goods,Used - Acceptable,2026-07-19T09:00:00-04:00,2026-07-22T11:00:00-04:00,,,EB-OPEN-000493,true
EB-UNSOLD-000494,eBay,GW-020,Sony stereo receiver — tested,Electronics,Used - Good,2026-08-22T09:00:00-04:00,,,,,true
EB-UNSOLD-000496,eBay,GW-004,"Estate postcard collection, 80 pieces",Collectibles,Used - Good,2026-07-24T09:00:00-04:00,2026-08-11T11:00:00-04:00,,,EB-OPEN-000496,true
EB-UNSOLD-000497,eBay,GW-011,KitchenAid hand mixer with beaters,Home,Used - Very Good,2026-08-10T09:00:00-04:00,2026-08-28T11:00:00-04:00,,,EB-OPEN-000497,true
EB-UNSOLD-000500,eBay,GW-012,"Brass table lamp, tested",Home,For parts / repair,2026-08-09T09:00:00-04:00,2026-08-19T11:00:00-04:00,,,EB-OPEN-000500,true
EB-UNSOLD-000501,eBay,GW-016,"Digital multimeter, tested",Tools,Used - Good,2026-08-20T09:00:00-04:00,,,,,true
EB-UNSOLD-000521,eBay,GW-002,Fishing reel with spare spool,Sporting Goods,Used - Good,2026-07-25T09:00:00-04:00,,,,,true
EB-UNSOLD-000524,eBay,GW-012,"Brass table lamp, tested",Home,Used - Acceptable,2026-08-16T09:00:00-04:00,,,,,true
EB-UNSOLD-000525,eBay,GW-014,"Craftsman socket set, 32 pieces",Tools,Used - Acceptable,2026-07-11T09:00:00-04:00,,,,,true
EB-UNSOLD-000529,eBay,GW-015,"Hiking backpack, 40L",Sporting Goods,Used - Acceptable,2026-08-24T09:00:00-04:00,,,,,true
EB-UNSOLD-000534,eBay,GW-003,"Bose portable speaker, cosmetic wear",Electronics,For parts / repair,2026-08-19T09:00:00-04:00,,,,,true
EB-UNSOLD-000535,eBay,GW-017,Vintage belt with brass buckle,Accessories,Used - Good,2026-07-20T09:00:00-04:00,,,,,true
EB-UNSOLD-000538,eBay,GW-016,Nintendo DS console with charger,Electronics,Used - Acceptable,2026-08-23T09:00:00-04:00,,,,,true
EB-UNSOLD-000540,eBay,GW-017,"Golf iron set, right handed",Sporting Goods,Used - Good,2026-07-28T09:00:00-04:00,,,,,true
EB-UNSOLD-000547,eBay,GW-017,Sony stereo receiver — tested,Electronics,Used - Acceptable,2026-07-31T09:00:00-04:00,,,,,true
EB-UNSOLD-000549,eBay,GW-004,"Levi's denim jacket, size L",Apparel,For parts / repair,2026-08-20T09:00:00-04:00,,,,,true
EB-UNSOLD-000550,eBay,GW-017,"Sterling ring, size 7",Jewelry,Used - Acceptable,2026-08-10T09:00:00-04:00,,,,,true
EB-UNSOLD-000555,eBay,GW-005,"Digital multimeter, tested",Tools,Used - Acceptable,2026-08-12T09:00:00-04:00,2026-08-29T11:00:00-04:00,,,EB-OPEN-000555,true
EB-UNSOLD-000556,eBay,GW-018,Tennis racquet pair with covers,Sporting Goods,For parts / repair,2026-08-16T09:00:00-04:00,2026-08-22T11:00:00-04:00,,,EB-OPEN-000556,true
EB-UNSOLD-000559,eBay,GW-011,"Mystery paperback lot, 6 books",Books,For parts / repair,2026-08-09T09:00:00-04:00,2026-08-23T11:00:00-04:00,,,EB-OPEN-000559,true
EB-UNSOLD-000561,eBay,GW-008,"Stoneware dinner service, 12 pieces",Home,Used - Very Good,2026-07-25T09:00:00-04:00,2026-08-11T11:00:00-04:00,,,EB-OPEN-000561,true
EB-UNSOLD-000568,eBay,GW-007,Vintage belt with brass buckle,Accessories,Used - Acceptable,2026-08-09T09:00:00-04:00,,,,,true
EB-UNSOLD-000572,eBay,GW-009,Signed studio pottery vase,Collectibles,Used - Very Good,2026-07-22T09:00:00-04:00,,,,,true
EB-UNSOLD-000577,eBay,GW-001,Vintage costume jewelry lot,Jewelry,Used - Acceptable,2026-07-29T09:00:00-04:00,2026-08-15T11:00:00-04:00,,,EB-OPEN-000577,true
EB-UNSOLD-000578,eBay,GW-021,Nintendo DS console with charger,Electronics,Used - Very Good,2026-07-22T09:00:00-04:00,2026-08-14T11:00:00-04:00,,,EB-OPEN-000578,true
EB-UNSOLD-000580,eBay,GW-021,"Vintage cassette deck, powers on",Electronics,Used - Acceptable,2026-08-16T09:00:00-04:00,,,,,true
EB-UNSOLD-000581,eBay,GW-012,"Stoneware dinner service, 12 pieces",Home,For parts / repair,2026-07-28T09:00:00-04:00,2026-07-31T11:00:00-04:00,,,EB-OPEN-000581,true
EB-UNSOLD-000584,eBay,GW-023,"Craftsman socket set, 32 pieces",Tools,Used - Acceptable,2026-07-29T09:00:00-04:00,,,,,true
EB-UNSOLD-000594,eBay,GW-023,"Vintage concert T-shirt, size XL",Apparel,Used - Acceptable,2026-07-24T09:00:00-04:00,,,,,true
EB-UNSOLD-000597,eBay,GW-021,"DeWalt cordless drill, tool only",Tools,For parts / repair,2026-08-26T09:00:00-04:00,,,,,true
EB-UNSOLD-000600,eBay,GW-016,"Leather tote bag, brown",Accessories,Used - Acceptable,2026-07-30T09:00:00-04:00,,,,,true
EB-UNSOLD-000603,eBay,GW-002,"Wool cardigan, size S",Apparel,Used - Acceptable,2026-07-21T09:00:00-04:00,,,,,true
EB-UNSOLD-000604,eBay,GW-005,Vintage Stanley hand plane,Tools,For parts / repair,2026-07-30T09:00:00-04:00,2026-08-16T11:00:00-04:00,,,EB-OPEN-000604,true
EB-UNSOLD-000609,eBay,GW-019,"Travel duffel, navy",Accessories,Used - Good,2026-08-03T09:00:00-04:00,,,,,true
EB-UNSOLD-000610,eBay,GW-001,"Wool cardigan, size S",Apparel,Used - Acceptable,2026-08-22T09:00:00-04:00,,,,,true
EB-UNSOLD-000612,eBay,GW-013,"Hiking backpack, 40L",Sporting Goods,Used - Acceptable,2026-07-21T09:00:00-04:00,,,,,true
EB-UNSOLD-000614,eBay,GW-001,Signed studio pottery vase,Collectibles,For parts / repair,2026-07-23T09:00:00-04:00,,,,,true
EB-UNSOLD-000616,eBay,GW-022,"Hiking backpack, 40L",Sporting Goods,Used - Very Good,2026-07-12T09:00:00-04:00,2026-08-05T11:00:00-04:00,,,EB-OPEN-000616,true
EB-UNSOLD-000620,eBay,GW-002,"Silk scarf, floral print",Accessories,Used - Very Good,2026-07-14T09:00:00-04:00,2026-07-30T11:00:00-04:00,,,EB-OPEN-000620,true
EB-UNSOLD-000621,eBay,GW-008,"Craftsman socket set, 32 pieces",Tools,For parts / repair,2026-08-01T09:00:00-04:00,2026-08-16T11:00:00-04:00,,,EB-OPEN-000621,true
EB-UNSOLD-000623,eBay,GW-017,"Sterling silver necklace, 18 inch",Jewelry,Used - Good,2026-08-15T09:00:00-04:00,,,,,true
EB-UNSOLD-000624,eBay,GW-018,"Digital multimeter, tested",Tools,Used - Very Good,2026-07-27T09:00:00-04:00,2026-08-06T11:00:00-04:00,,,EB-OPEN-000624,true
EB-UNSOLD-000636,eBay,GW-023,"Handwoven wool rug, 3 × 5 ft",Home,Used - Acceptable,2026-08-07T09:00:00-04:00,,,,,true
EB-UNSOLD-000654,eBay,GW-001,"Sterling ring, size 7",Jewelry,For parts / repair,2026-08-02T09:00:00-04:00,,,,,true
EB-UNSOLD-000656,eBay,GW-006,"Golf iron set, right handed",Sporting Goods,Used - Acceptable,2026-08-09T09:00:00-04:00,,,,,true
EB-UNSOLD-000666,eBay,GW-019,"Handwoven wool rug, 3 × 5 ft",Home,Used - Good,2026-08-12T09:00:00-04:00,,,,,true
EB-UNSOLD-000667,eBay,GW-012,"Vintage concert T-shirt, size XL",Apparel,Used - Good,2026-07-17T09:00:00-04:00,2026-08-06T11:00:00-04:00,,,EB-OPEN-000667,true
EB-UNSOLD-000668,eBay,GW-009,"Digital multimeter, tested",Tools,Used - Good,2026-07-29T09:00:00-04:00,,,,,true
EB-UNSOLD-000675,eBay,GW-008,"Golf iron set, right handed",Sporting Goods,Used - Very Good,2026-08-26T09:00:00-04:00,,,,,true
EB-UNSOLD-000676,eBay,GW-012,"Patagonia fleece jacket, size M",Apparel,For parts / repair,2026-08-19T09:00:00-04:00,,,,,true
EB-UNSOLD-000680,eBay,GW-005,"Vintage concert T-shirt, size XL",Apparel,For parts / repair,2026-07-23T09:00:00-04:00,2026-07-28T11:00:00-04:00,,,EB-OPEN-000680,true
EB-UNSOLD-000683,eBay,GW-004,Hardcover regional cookbook,Books,For parts / repair,2026-07-31T09:00:00-04:00,,,,,true
EB-UNSOLD-000684,eBay,GW-021,"Wool cardigan, size S",Apparel,For parts / repair,2026-08-21T09:00:00-04:00,,,,,true
EB-UNSOLD-000685,eBay,GW-004,Nintendo DS console with charger,Electronics,Used - Good,2026-07-30T09:00:00-04:00,2026-08-09T11:00:00-04:00,,,EB-OPEN-000685,true
EB-UNSOLD-000689,eBay,GW-013,Vintage Stanley hand plane,Tools,Used - Very Good,2026-07-31T09:00:00-04:00,2026-08-07T11:00:00-04:00,,,EB-OPEN-000689,true
EB-UNSOLD-000692,eBay,GW-018,"Sterling silver necklace, 18 inch",Jewelry,Used - Very Good,2026-08-01T09:00:00-04:00,,,,,true
EB-UNSOLD-000703,eBay,GW-003,KitchenAid hand mixer with beaters,Home,Used - Acceptable,2026-08-28T09:00:00-04:00,,,,,true
EB-UNSOLD-000705,eBay,GW-004,"Model train locomotive, boxed",Collectibles,Used - Very Good,2026-08-12T09:00:00-04:00,,,,,true
EB-UNSOLD-000707,eBay,GW-009,Vintage Pyrex mixing bowl set,Collectibles,Used - Very Good,2026-07-24T09:00:00-04:00,,,,,true
EB-UNSOLD-000711,eBay,GW-015,"Estate postcard collection, 80 pieces",Collectibles,For parts / repair,2026-08-19T09:00:00-04:00,,,,,true
EB-UNSOLD-000718,eBay,GW-016,KitchenAid hand mixer with beaters,Home,Used - Good,2026-07-20T09:00:00-04:00,2026-07-31T11:00:00-04:00,,,EB-OPEN-000718,true
EB-UNSOLD-000721,eBay,GW-004,"Vintage concert T-shirt, size XL",Apparel,Used - Good,2026-08-19T09:00:00-04:00,,,,,true
EB-UNSOLD-000723,eBay,GW-011,Tennis racquet pair with covers,Sporting Goods,Used - Good,2026-08-23T09:00:00-04:00,,,,,true
EB-UNSOLD-000724,eBay,GW-001,"Stoneware dinner service, 12 pieces",Home,Used - Acceptable,2026-08-13T09:00:00-04:00,,,,,true
EB-UNSOLD-000725,eBay,GW-008,Sony stereo receiver — tested,Electronics,Used - Good,2026-08-15T09:00:00-04:00,,,,,true
EB-UNSOLD-000731,eBay,GW-017,Vintage Stanley hand plane,Tools,Used - Good,2026-07-21T09:00:00-04:00,2026-08-07T11:00:00-04:00,,,EB-OPEN-000731,true
EB-UNSOLD-000732,eBay,GW-005,Hardcover regional cookbook,Books,For parts / repair,2026-07-27T09:00:00-04:00,,,,,true
EB-UNSOLD-000737,eBay,GW-005,"Patagonia fleece jacket, size M",Apparel,Used - Very Good,2026-07-10T09:00:00-04:00,2026-07-16T11:00:00-04:00,,,EB-OPEN-000737,true
EB-UNSOLD-000740,eBay,GW-002,Vintage Stanley hand plane,Tools,Used - Acceptable,2026-07-30T09:00:00-04:00,2026-08-03T11:00:00-04:00,,,EB-OPEN-000740,true
EB-UNSOLD-000752,eBay,GW-001,"Stoneware dinner service, 12 pieces",Home,For parts / repair,2026-08-05T09:00:00-04:00,2026-08-17T11:00:00-04:00,,,EB-OPEN-000752,true
EB-UNSOLD-000754,eBay,GW-008,"Sterling silver necklace, 18 inch",Jewelry,Used - Acceptable,2026-08-19T09:00:00-04:00,,,,,true
EB-UNSOLD-000755,eBay,GW-001,"Wool cardigan, size S",Apparel,Used - Very Good,2026-08-22T09:00:00-04:00,,,,,true
EB-UNSOLD-000762,eBay,GW-009,"Leather tote bag, brown",Accessories,For parts / repair,2026-07-26T09:00:00-04:00,,,,,true
EB-UNSOLD-000763,eBay,GW-012,Hardcover regional cookbook,Books,For parts / repair,2026-07-29T09:00:00-04:00,2026-08-22T11:00:00-04:00,,,EB-OPEN-000763,true
EB-UNSOLD-000766,eBay,GW-002,"Sterling silver necklace, 18 inch",Jewelry,Used - Very Good,2026-07-20T09:00:00-04:00,,,,,true
EB-UNSOLD-000770,eBay,GW-011,"Gold-tone wristwatch, untested",Jewelry,Used - Very Good,2026-08-01T09:00:00-04:00,,,,,true
EB-UNSOLD-000773,eBay,GW-020,"Leather tote bag, brown",Accessories,Used - Good,2026-08-03T09:00:00-04:00,,,,,true
EB-UNSOLD-000774,eBay,GW-017,"Vintage cassette deck, powers on",Electronics,Used - Acceptable,2026-08-22T09:00:00-04:00,,,,,true
EB-UNSOLD-000787,eBay,GW-018,"Hiking backpack, 40L",Sporting Goods,For parts / repair,2026-07-27T09:00:00-04:00,,,,,true
EB-UNSOLD-000789,eBay,GW-014,Vintage belt with brass buckle,Accessories,Used - Good,2026-08-03T09:00:00-04:00,2026-08-18T11:00:00-04:00,,,EB-OPEN-000789,true
EB-UNSOLD-000790,eBay,GW-023,"Leather tote bag, brown",Accessories,Used - Acceptable,2026-08-04T09:00:00-04:00,,,,,true
EB-UNSOLD-000791,eBay,GW-001,"Bose portable speaker, cosmetic wear",Electronics,Used - Acceptable,2026-08-10T09:00:00-04:00,,,,,true
EB-UNSOLD-000792,eBay,GW-010,"Patagonia fleece jacket, size M",Apparel,Used - Good,2026-08-19T09:00:00-04:00,2026-08-29T11:00:00-04:00,,,EB-OPEN-000792,true
EB-UNSOLD-000794,eBay,GW-005,"Golf iron set, right handed",Sporting Goods,Used - Very Good,2026-07-20T09:00:00-04:00,2026-07-28T11:00:00-04:00,,,EB-OPEN-000794,true
EB-UNSOLD-000795,eBay,GW-020,"Patagonia fleece jacket, size M",Apparel,For parts / repair,2026-08-31T09:00:00-04:00,,,,,true
EB-UNSOLD-000796,eBay,GW-005,"Model train locomotive, boxed",Collectibles,Used - Very Good,2026-08-12T09:00:00-04:00,,,,,true
EB-UNSOLD-000803,eBay,GW-020,"Stoneware dinner service, 12 pieces",Home,Used - Very Good,2026-07-18T09:00:00-04:00,2026-08-08T11:00:00-04:00,,,EB-OPEN-000803,true
EB-UNSOLD-000805,eBay,GW-007,"Art history volume, dust jacket",Books,Used - Very Good,2026-07-22T09:00:00-04:00,,,,,true
EB-UNSOLD-000809,eBay,GW-006,"Vintage concert T-shirt, size XL",Apparel,For parts / repair,2026-07-16T09:00:00-04:00,,,,,true
EB-UNSOLD-000814,eBay,GW-017,Engineering reference manual,Books,Used - Very Good,2026-08-20T09:00:00-04:00,,,,,true
EB-UNSOLD-000821,eBay,GW-020,Engineering reference manual,Books,Used - Acceptable,2026-07-17T09:00:00-04:00,,,,,true
EB-UNSOLD-000822,eBay,GW-008,"Model train locomotive, boxed",Collectibles,Used - Acceptable,2026-08-09T09:00:00-04:00,2026-08-27T11:00:00-04:00,,,EB-OPEN-000822,true
EB-UNSOLD-000824,eBay,GW-015,"Craftsman socket set, 32 pieces",Tools,Used - Very Good,2026-08-26T09:00:00-04:00,,,,,true
EB-UNSOLD-000831,eBay,GW-006,"DeWalt cordless drill, tool only",Tools,Used - Acceptable,2026-08-13T09:00:00-04:00,,,,,true
EB-UNSOLD-000832,eBay,GW-024,"Bose portable speaker, cosmetic wear",Electronics,Used - Good,2026-07-27T09:00:00-04:00,2026-08-01T11:00:00-04:00,,,EB-OPEN-000832,true
EB-UNSOLD-000837,eBay,GW-005,Sony stereo receiver — tested,Electronics,Used - Good,2026-07-22T09:00:00-04:00,2026-07-24T11:00:00-04:00,,,EB-OPEN-000837,true
EB-UNSOLD-000838,eBay,GW-003,"Hiking backpack, 40L",Sporting Goods,For parts / repair,2026-07-30T09:00:00-04:00,,,,,true
EB-UNSOLD-000839,eBay,GW-024,Sony stereo receiver — tested,Electronics,Used - Very Good,2026-08-12T09:00:00-04:00,2026-08-14T11:00:00-04:00,,,EB-OPEN-000839,true
EB-UNSOLD-000847,eBay,GW-004,Signed studio pottery vase,Collectibles,Used - Good,2026-08-21T09:00:00-04:00,,,,,true
EB-UNSOLD-000849,eBay,GW-008,"Model train locomotive, boxed",Collectibles,Used - Acceptable,2026-07-12T09:00:00-04:00,,,,,true
EB-UNSOLD-000866,eBay,GW-004,"Golf iron set, right handed",Sporting Goods,Used - Acceptable,2026-08-04T09:00:00-04:00,,,,,true
EB-UNSOLD-000870,eBay,GW-008,Fishing reel with spare spool,Sporting Goods,Used - Acceptable,2026-08-12T09:00:00-04:00,2026-08-23T11:00:00-04:00,,,EB-OPEN-000870,true
EB-UNSOLD-000878,eBay,GW-018,"Illustrated field guide, revised edition",Books,Used - Very Good,2026-08-28T09:00:00-04:00,,,,,true
EB-UNSOLD-000879,eBay,GW-019,Tennis racquet pair with covers,Sporting Goods,Used - Acceptable,2026-07-30T09:00:00-04:00,,,,,true
EB-UNSOLD-000882,eBay,GW-003,Engineering reference manual,Books,Used - Acceptable,2026-08-21T09:00:00-04:00,,,,,true
EB-UNSOLD-000892,eBay,GW-004,"Estate postcard collection, 80 pieces",Collectibles,Used - Good,2026-08-20T09:00:00-04:00,2026-08-30T11:00:00-04:00,,,EB-OPEN-000892,true
EB-UNSOLD-000894,eBay,GW-008,"Estate postcard collection, 80 pieces",Collectibles,Used - Good,2026-07-27T09:00:00-04:00,2026-08-04T11:00:00-04:00,,,EB-OPEN-000894,true
EB-UNSOLD-000902,eBay,GW-012,Sony stereo receiver — tested,Electronics,For parts / repair,2026-07-25T09:00:00-04:00,,,,,true
EB-UNSOLD-000904,eBay,GW-002,"Vintage cassette deck, powers on",Electronics,Used - Acceptable,2026-08-30T09:00:00-04:00,,,,,true
EB-UNSOLD-000910,eBay,GW-017,"Travel duffel, navy",Accessories,Used - Very Good,2026-08-28T09:00:00-04:00,2026-08-30T11:00:00-04:00,,,EB-OPEN-000910,true
EB-UNSOLD-000915,eBay,GW-019,"Die-cast vehicle lot, assorted",Collectibles,Used - Acceptable,2026-08-23T09:00:00-04:00,,,,,true
EB-UNSOLD-000917,eBay,GW-020,"Golf iron set, right handed",Sporting Goods,For parts / repair,2026-07-22T09:00:00-04:00,,,,,true
EB-UNSOLD-000924,eBay,GW-016,"Silk scarf, floral print",Accessories,Used - Acceptable,2026-07-19T09:00:00-04:00,2026-08-08T11:00:00-04:00,,,EB-OPEN-000924,true
EB-UNSOLD-000926,eBay,GW-008,"Hiking backpack, 40L",Sporting Goods,Used - Very Good,2026-07-16T09:00:00-04:00,,,,,true
EB-UNSOLD-000927,eBay,GW-004,"Gold-tone wristwatch, untested",Jewelry,Used - Acceptable,2026-08-05T09:00:00-04:00,,,,,true
EB-UNSOLD-000928,eBay,GW-021,"Sterling ring, size 7",Jewelry,Used - Acceptable,2026-08-24T09:00:00-04:00,,,,,true
EB-UNSOLD-000929,eBay,GW-002,Vintage belt with brass buckle,Accessories,Used - Good,2026-07-10T09:00:00-04:00,,,,,true
EB-UNSOLD-000931,eBay,GW-008,"Golf iron set, right handed",Sporting Goods,Used - Good,2026-07-16T09:00:00-04:00,,,,,true
EB-UNSOLD-000932,eBay,GW-018,Vintage Pyrex mixing bowl set,Collectibles,Used - Very Good,2026-08-18T09:00:00-04:00,,,,,true
EB-UNSOLD-000936,eBay,GW-001,"Model train locomotive, boxed",Collectibles,Used - Acceptable,2026-07-22T09:00:00-04:00,,,,,true
EB-UNSOLD-000938,eBay,GW-020,Nintendo DS console with charger,Electronics,For parts / repair,2026-07-21T09:00:00-04:00,,,,,true
EB-UNSOLD-000942,eBay,GW-024,"Canon EF zoom lens, 75–300mm",Electronics,Used - Very Good,2026-07-22T09:00:00-04:00,,,,,true
EB-UNSOLD-000944,eBay,GW-008,"Bose portable speaker, cosmetic wear",Electronics,Used - Good,2026-08-28T09:00:00-04:00,,,,,true
EB-UNSOLD-000948,eBay,GW-005,Vintage belt with brass buckle,Accessories,Used - Acceptable,2026-08-09T09:00:00-04:00,,,,,true
EB-UNSOLD-000956,eBay,GW-001,"Golf iron set, right handed",Sporting Goods,Used - Very Good,2026-08-01T09:00:00-04:00,,,,,true
EB-UNSOLD-000960,eBay,GW-012,Nintendo DS console with charger,Electronics,Used - Good,2026-08-31T09:00:00-04:00,,,,,true
EB-UNSOLD-000964,eBay,GW-011,"Patagonia fleece jacket, size M",Apparel,Used - Very Good,2026-07-26T09:00:00-04:00,,,,,true
EB-UNSOLD-000968,eBay,GW-017,"Hiking backpack, 40L",Sporting Goods,Used - Good,2026-08-12T09:00:00-04:00,,,,,true
EB-UNSOLD-000971,eBay,GW-016,"Travel duffel, navy",Accessories,Used - Acceptable,2026-08-30T09:00:00-04:00,,,,,true
EB-UNSOLD-000976,eBay,GW-002,Vintage Pyrex mixing bowl set,Collectibles,Used - Very Good,2026-07-17T09:00:00-04:00,2026-08-10T11:00:00-04:00,,,EB-OPEN-000976,true
EB-UNSOLD-000977,eBay,GW-004,"Vintage cassette deck, powers on",Electronics,Used - Good,2026-08-13T09:00:00-04:00,,,,,true
EB-UNSOLD-000979,eBay,GW-018,"Bose portable speaker, cosmetic wear",Electronics,For parts / repair,2026-08-26T09:00:00-04:00,2026-08-28T11:00:00-04:00,,,EB-OPEN-000979,true
EB-UNSOLD-000980,eBay,GW-014,KitchenAid hand mixer with beaters,Home,For parts / repair,2026-07-16T09:00:00-04:00,,,,,true
EB-UNSOLD-000981,eBay,GW-009,Hardcover regional cookbook,Books,Used - Good,2026-08-25T09:00:00-04:00,,,,,true
EB-UNSOLD-000984,eBay,GW-008,"Gold-tone wristwatch, untested",Jewelry,Used - Good,2026-07-17T09:00:00-04:00,2026-08-08T11:00:00-04:00,,,EB-OPEN-000984,true
EB-UNSOLD-000987,eBay,GW-015,Tennis racquet pair with covers,Sporting Goods,Used - Good,2026-08-22T09:00:00-04:00,,,,,true
EB-UNSOLD-000995,eBay,GW-024,"Gold-tone wristwatch, untested",Jewelry,For parts / repair,2026-08-28T09:00:00-04:00,,,,,true
EB-UNSOLD-000996,eBay,GW-001,"Travel duffel, navy",Accessories,For parts / repair,2026-08-03T09:00:00-04:00,2026-08-16T11:00:00-04:00,,,EB-OPEN-000996,true
EB-UNSOLD-001001,eBay,GW-001,Engineering reference manual,Books,For parts / repair,2026-08-07T09:00:00-04:00,2026-08-20T11:00:00-04:00,,,EB-OPEN-001001,true
EB-UNSOLD-001002,eBay,GW-016,"Wool cardigan, size S",Apparel,Used - Very Good,2026-08-10T09:00:00-04:00,2026-08-12T11:00:00-04:00,,,EB-OPEN-001002,true
EB-UNSOLD-001004,eBay,GW-009,"Model train locomotive, boxed",Collectibles,Used - Good,2026-07-23T09:00:00-04:00,,,,,true
EB-UNSOLD-001005,eBay,GW-005,"Levi's denim jacket, size L",Apparel,Used - Good,2026-07-22T09:00:00-04:00,,,,,true
EB-UNSOLD-001006,eBay,GW-018,"Hiking backpack, 40L",Sporting Goods,For parts / repair,2026-07-24T09:00:00-04:00,,,,,true
EB-UNSOLD-001007,eBay,GW-021,"Illustrated field guide, revised edition",Books,For parts / repair,2026-07-19T09:00:00-04:00,2026-07-22T11:00:00-04:00,,,EB-OPEN-001007,true
EB-UNSOLD-001014,eBay,GW-006,"Patagonia fleece jacket, size M",Apparel,For parts / repair,2026-08-28T09:00:00-04:00,,,,,true
EB-UNSOLD-001016,eBay,GW-024,"Digital multimeter, tested",Tools,Used - Good,2026-07-25T09:00:00-04:00,,,,,true
EB-UNSOLD-001020,eBay,GW-013,"Vintage cassette deck, powers on",Electronics,Used - Good,2026-08-07T09:00:00-04:00,,,,,true
EB-UNSOLD-001023,eBay,GW-006,"Model train locomotive, boxed",Collectibles,Used - Acceptable,2026-08-10T09:00:00-04:00,,,,,true
EB-UNSOLD-001026,eBay,GW-004,"Stoneware dinner service, 12 pieces",Home,Used - Good,2026-08-15T09:00:00-04:00,,,,,true
EB-UNSOLD-001031,eBay,GW-011,KitchenAid hand mixer with beaters,Home,Used - Acceptable,2026-07-17T09:00:00-04:00,,,,,true
EB-UNSOLD-001032,eBay,GW-004,Vintage belt with brass buckle,Accessories,Used - Good,2026-08-16T09:00:00-04:00,2026-08-20T11:00:00-04:00,,,EB-OPEN-001032,true
EB-UNSOLD-001034,eBay,GW-023,"Hiking backpack, 40L",Sporting Goods,Used - Good,2026-07-16T09:00:00-04:00,2026-07-19T11:00:00-04:00,,,EB-OPEN-001034,true
EB-UNSOLD-001035,eBay,GW-018,Nintendo DS console with charger,Electronics,Used - Very Good,2026-08-24T09:00:00-04:00,,,,,true
EB-UNSOLD-001036,eBay,GW-006,Tennis racquet pair with covers,Sporting Goods,Used - Good,2026-08-22T09:00:00-04:00,,,,,true
EB-UNSOLD-001043,eBay,GW-024,"Illustrated field guide, revised edition",Books,Used - Very Good,2026-08-13T09:00:00-04:00,2026-08-19T11:00:00-04:00,,,EB-OPEN-001043,true
EB-UNSOLD-001048,eBay,GW-020,Signed studio pottery vase,Collectibles,Used - Acceptable,2026-08-08T09:00:00-04:00,,,,,true
EB-UNSOLD-001050,eBay,GW-021,"Sterling ring, size 7",Jewelry,Used - Acceptable,2026-08-17T09:00:00-04:00,,,,,true
EB-UNSOLD-001055,eBay,GW-004,"Canon EF zoom lens, 75–300mm",Electronics,For parts / repair,2026-08-29T09:00:00-04:00,,,,,true
EB-UNSOLD-001057,eBay,GW-016,"Hiking backpack, 40L",Sporting Goods,For parts / repair,2026-07-14T09:00:00-04:00,2026-07-17T11:00:00-04:00,,,EB-OPEN-001057,true
EB-UNSOLD-001060,eBay,GW-012,Vintage costume jewelry lot,Jewelry,For parts / repair,2026-07-27T09:00:00-04:00,2026-08-10T11:00:00-04:00,,,EB-OPEN-001060,true
EB-UNSOLD-001063,eBay,GW-016,"Sterling ring, size 7",Jewelry,Used - Good,2026-08-02T09:00:00-04:00,2026-08-16T11:00:00-04:00,,,EB-OPEN-001063,true
EB-UNSOLD-001064,eBay,GW-012,"DeWalt cordless drill, tool only",Tools,For parts / repair,2026-08-13T09:00:00-04:00,,,,,true
EB-UNSOLD-001065,eBay,GW-016,"Golf iron set, right handed",Sporting Goods,Used - Good,2026-08-12T09:00:00-04:00,2026-08-28T11:00:00-04:00,,,EB-OPEN-001065,true
EB-UNSOLD-001067,eBay,GW-006,"Travel duffel, navy",Accessories,Used - Very Good,2026-07-27T09:00:00-04:00,2026-08-09T11:00:00-04:00,,,EB-OPEN-001067,true
EB-UNSOLD-001068,eBay,GW-004,"Bose portable speaker, cosmetic wear",Electronics,For parts / repair,2026-08-28T09:00:00-04:00,,,,,true
EB-UNSOLD-001069,eBay,GW-001,"Handwoven wool rug, 3 × 5 ft",Home,For parts / repair,2026-08-21T09:00:00-04:00,,,,,true
EB-UNSOLD-001076,eBay,GW-024,Nintendo DS console with charger,Electronics,For parts / repair,2026-08-26T09:00:00-04:00,,,,,true
EB-UNSOLD-001088,eBay,GW-004,"Brass table lamp, tested",Home,For parts / repair,2026-08-03T09:00:00-04:00,,,,,true
EB-UNSOLD-001091,eBay,GW-024,"DeWalt cordless drill, tool only",Tools,For parts / repair,2026-07-27T09:00:00-04:00,2026-08-11T11:00:00-04:00,,,EB-OPEN-001091,true
EB-UNSOLD-001094,eBay,GW-011,Vintage belt with brass buckle,Accessories,Used - Very Good,2026-08-23T09:00:00-04:00,,,,,true
EB-UNSOLD-001099,eBay,GW-004,Vintage Stanley hand plane,Tools,Used - Very Good,2026-07-21T09:00:00-04:00,2026-07-30T11:00:00-04:00,,,EB-OPEN-001099,true
EB-UNSOLD-001102,eBay,GW-016,Nintendo DS console with charger,Electronics,For parts / repair,2026-08-27T09:00:00-04:00,,,,,true
EB-UNSOLD-001107,eBay,GW-023,"Illustrated field guide, revised edition",Books,For parts / repair,2026-08-18T09:00:00-04:00,,,,,true
EB-UNSOLD-001113,eBay,GW-012,"Vintage cassette deck, powers on",Electronics,Used - Good,2026-08-21T09:00:00-04:00,,,,,true
EB-UNSOLD-001115,eBay,GW-008,Engineering reference manual,Books,Used - Good,2026-07-25T09:00:00-04:00,2026-07-29T11:00:00-04:00,,,EB-OPEN-001115,true
EB-UNSOLD-001116,eBay,GW-017,"Gold-tone wristwatch, untested",Jewelry,Used - Very Good,2026-08-27T09:00:00-04:00,,,,,true
EB-UNSOLD-001120,eBay,GW-011,Fishing reel with spare spool,Sporting Goods,Used - Acceptable,2026-07-31T09:00:00-04:00,2026-08-06T11:00:00-04:00,,,EB-OPEN-001120,true
EB-UNSOLD-001122,eBay,GW-004,Hardcover regional cookbook,Books,Used - Acceptable,2026-08-06T09:00:00-04:00,,,,,true
EB-UNSOLD-001126,eBay,GW-004,"Silk scarf, floral print",Accessories,Used - Good,2026-08-23T09:00:00-04:00,,,,,true
EB-UNSOLD-001128,eBay,GW-017,"Die-cast vehicle lot, assorted",Collectibles,Used - Acceptable,2026-07-23T09:00:00-04:00,,,,,true
EB-UNSOLD-001129,eBay,GW-002,"DeWalt cordless drill, tool only",Tools,Used - Very Good,2026-08-06T09:00:00-04:00,,,,,true
EB-UNSOLD-001130,eBay,GW-024,"Patagonia fleece jacket, size M",Apparel,Used - Good,2026-08-18T09:00:00-04:00,,,,,true
EB-UNSOLD-001148,eBay,GW-022,"Travel duffel, navy",Accessories,Used - Very Good,2026-07-19T09:00:00-04:00,2026-08-05T11:00:00-04:00,,,EB-OPEN-001148,true
EB-UNSOLD-001150,eBay,GW-017,"Wool cardigan, size S",Apparel,Used - Very Good,2026-08-10T09:00:00-04:00,2026-08-22T11:00:00-04:00,,,EB-OPEN-001150,true
EB-UNSOLD-001153,eBay,GW-011,KitchenAid hand mixer with beaters,Home,Used - Good,2026-08-20T09:00:00-04:00,2026-08-24T11:00:00-04:00,,,EB-OPEN-001153,true
EB-UNSOLD-001156,eBay,GW-003,"Stoneware dinner service, 12 pieces",Home,Used - Acceptable,2026-08-21T09:00:00-04:00,,,,,true
EB-UNSOLD-001160,eBay,GW-017,Tennis racquet pair with covers,Sporting Goods,Used - Very Good,2026-07-16T09:00:00-04:00,,,,,true
EB-UNSOLD-001161,eBay,GW-024,"Art history volume, dust jacket",Books,Used - Very Good,2026-07-20T09:00:00-04:00,2026-07-24T11:00:00-04:00,,,EB-OPEN-001161,true
EB-UNSOLD-001162,eBay,GW-008,"Golf iron set, right handed",Sporting Goods,Used - Acceptable,2026-07-21T09:00:00-04:00,,,,,true
EB-UNSOLD-001172,eBay,GW-012,KitchenAid hand mixer with beaters,Home,For parts / repair,2026-07-27T09:00:00-04:00,2026-08-01T11:00:00-04:00,,,EB-OPEN-001172,true
EB-UNSOLD-001174,eBay,GW-011,Sony stereo receiver — tested,Electronics,Used - Very Good,2026-08-14T09:00:00-04:00,,,,,true
EB-UNSOLD-001177,eBay,GW-020,Vintage Stanley hand plane,Tools,For parts / repair,2026-07-25T09:00:00-04:00,,,,,true
EB-UNSOLD-001186,eBay,GW-001,"Hiking backpack, 40L",Sporting Goods,For parts / repair,2026-08-28T09:00:00-04:00,,,,,true
EB-UNSOLD-001190,eBay,GW-017,"Estate postcard collection, 80 pieces",Collectibles,Used - Good,2026-07-26T09:00:00-04:00,,,,,true
EB-UNSOLD-001191,eBay,GW-008,Signed studio pottery vase,Collectibles,Used - Acceptable,2026-08-27T09:00:00-04:00,,,,,true
EB-UNSOLD-001200,eBay,GW-020,"Leather tote bag, brown",Accessories,Used - Acceptable,2026-08-07T09:00:00-04:00,2026-08-12T11:00:00-04:00,,,EB-OPEN-001200,true
SGW-ITM-000001,ShopGoodwill,GW-024,"Hiking backpack, 40L",Sporting Goods,For parts / repair,2026-07-13T09:00:00-04:00,2026-07-22T11:00:00-04:00,2026-08-19T17:00:00-04:00,,SGW-LST-000001,true
SGW-ITM-000002,ShopGoodwill,GW-007,"Vintage cassette deck, powers on",Electronics,For parts / repair,2026-08-05T09:00:00-04:00,2026-08-08T11:00:00-04:00,2026-08-15T17:00:00-04:00,,SGW-LST-000002,true
SGW-ITM-000003,ShopGoodwill,GW-009,"Patagonia fleece jacket, size M",Apparel,For parts / repair,2026-07-16T09:00:00-04:00,2026-07-17T11:00:00-04:00,2026-08-16T17:00:00-04:00,,SGW-LST-000003,true
SGW-ITM-000004,ShopGoodwill,GW-004,"Vintage concert T-shirt, size XL",Apparel,For parts / repair,2026-08-02T09:00:00-04:00,2026-08-14T11:00:00-04:00,2026-08-31T17:00:00-04:00,,SGW-LST-000004,true
SGW-ITM-000005,ShopGoodwill,GW-003,Vintage Pyrex mixing bowl set,Collectibles,Used - Acceptable,2026-07-27T09:00:00-04:00,2026-08-01T11:00:00-04:00,2026-08-17T17:00:00-04:00,,SGW-LST-000005,true
SGW-ITM-000006,ShopGoodwill,GW-006,"Model train locomotive, boxed",Collectibles,Used - Very Good,2026-07-02T09:00:00-04:00,2026-07-10T11:00:00-04:00,2026-08-11T17:00:00-04:00,,SGW-LST-000006,true
SGW-ITM-000007,ShopGoodwill,GW-006,Vintage costume jewelry lot,Jewelry,For parts / repair,2026-07-18T09:00:00-04:00,2026-07-30T11:00:00-04:00,2026-08-28T17:00:00-04:00,,SGW-LST-000007,true
SGW-ITM-000008,ShopGoodwill,GW-004,Tennis racquet pair with covers,Sporting Goods,For parts / repair,2026-07-10T09:00:00-04:00,2026-07-14T11:00:00-04:00,2026-08-20T17:00:00-04:00,,SGW-LST-000008,true
SGW-ITM-000009,ShopGoodwill,GW-012,"Die-cast vehicle lot, assorted",Collectibles,Used - Acceptable,2026-07-15T09:00:00-04:00,2026-07-23T11:00:00-04:00,2026-08-23T17:00:00-04:00,,SGW-LST-000009,true
SGW-ITM-000010,ShopGoodwill,GW-014,"Hiking backpack, 40L",Sporting Goods,For parts / repair,2026-07-12T09:00:00-04:00,2026-07-26T11:00:00-04:00,2026-08-09T17:00:00-04:00,,SGW-LST-000010,true
SGW-ITM-000011,ShopGoodwill,GW-002,Vintage Pyrex mixing bowl set,Collectibles,Used - Acceptable,2026-07-06T09:00:00-04:00,2026-07-17T11:00:00-04:00,2026-08-06T17:00:00-04:00,,SGW-LST-000011,true
SGW-ITM-000012,ShopGoodwill,GW-012,Vintage Pyrex mixing bowl set,Collectibles,For parts / repair,2026-07-05T09:00:00-04:00,2026-07-18T11:00:00-04:00,2026-08-16T17:00:00-04:00,,SGW-LST-000012,true
SGW-ITM-000013,ShopGoodwill,GW-008,"Sterling ring, size 7",Jewelry,For parts / repair,2026-07-12T09:00:00-04:00,2026-07-19T11:00:00-04:00,2026-08-09T17:00:00-04:00,,SGW-LST-000013,true
SGW-ITM-000014,ShopGoodwill,GW-005,"Vintage concert T-shirt, size XL",Apparel,Used - Very Good,2026-07-12T09:00:00-04:00,2026-07-18T11:00:00-04:00,2026-08-20T17:00:00-04:00,,SGW-LST-000014,true
SGW-ITM-000015,ShopGoodwill,GW-014,Nintendo DS console with charger,Electronics,Used - Acceptable,2026-07-20T09:00:00-04:00,2026-07-28T11:00:00-04:00,2026-08-06T17:00:00-04:00,,SGW-LST-000015,true
SGW-ITM-000016,ShopGoodwill,GW-013,"Brass table lamp, tested",Home,Used - Acceptable,2026-08-07T09:00:00-04:00,2026-08-11T11:00:00-04:00,2026-08-14T17:00:00-04:00,,SGW-LST-000016,true
SGW-ITM-000017,ShopGoodwill,GW-001,"Stoneware dinner service, 12 pieces",Home,For parts / repair,2026-08-13T09:00:00-04:00,2026-08-18T11:00:00-04:00,2026-08-25T17:00:00-04:00,,SGW-LST-000017,true
SGW-ITM-000018,ShopGoodwill,GW-010,"Vintage cassette deck, powers on",Electronics,Used - Good,2026-07-18T09:00:00-04:00,2026-07-20T11:00:00-04:00,2026-08-01T17:00:00-04:00,,SGW-LST-000018,true
SGW-ITM-000019,ShopGoodwill,GW-007,"Brass table lamp, tested",Home,Used - Good,2026-07-07T09:00:00-04:00,2026-07-21T11:00:00-04:00,2026-08-12T17:00:00-04:00,,SGW-LST-000019,true
SGW-ITM-000020,ShopGoodwill,GW-016,"Travel duffel, navy",Accessories,Used - Very Good,2026-08-17T09:00:00-04:00,2026-08-26T11:00:00-04:00,2026-08-29T17:00:00-04:00,,SGW-LST-000020,true
SGW-ITM-000021,ShopGoodwill,GW-008,"Leather tote bag, brown",Accessories,Used - Very Good,2026-07-16T09:00:00-04:00,2026-07-20T11:00:00-04:00,2026-08-27T17:00:00-04:00,,SGW-LST-000021,true
SGW-ITM-000022,ShopGoodwill,GW-017,"Mystery paperback lot, 6 books",Books,Used - Very Good,2026-07-30T09:00:00-04:00,2026-08-06T11:00:00-04:00,2026-08-31T17:00:00-04:00,,SGW-LST-000022,true
SGW-ITM-000023,ShopGoodwill,GW-002,Tennis racquet pair with covers,Sporting Goods,Used - Acceptable,2026-06-29T09:00:00-04:00,2026-07-12T11:00:00-04:00,2026-08-14T17:00:00-04:00,2026-08-21T21:00:00-04:00,SGW-LST-000023,true
SGW-ITM-000024,ShopGoodwill,GW-011,"Wool cardigan, size S",Apparel,Used - Good,2026-08-07T09:00:00-04:00,2026-08-20T11:00:00-04:00,2026-08-23T17:00:00-04:00,,SGW-LST-000024,true
SGW-ITM-000025,ShopGoodwill,GW-016,"Gold-tone wristwatch, untested",Jewelry,Used - Acceptable,2026-07-08T09:00:00-04:00,2026-07-16T11:00:00-04:00,2026-08-11T17:00:00-04:00,,SGW-LST-000025,true
SGW-ITM-000026,ShopGoodwill,GW-010,Nintendo DS console with charger,Electronics,For parts / repair,2026-08-15T09:00:00-04:00,2026-08-25T11:00:00-04:00,2026-08-28T17:00:00-04:00,,SGW-LST-000026,true
SGW-ITM-000027,ShopGoodwill,GW-018,"Estate postcard collection, 80 pieces",Collectibles,Used - Very Good,2026-06-29T09:00:00-04:00,2026-07-11T11:00:00-04:00,2026-08-12T17:00:00-04:00,,SGW-LST-000027,true
SGW-ITM-000028,ShopGoodwill,GW-007,"Bose portable speaker, cosmetic wear",Electronics,Used - Acceptable,2026-06-26T09:00:00-04:00,2026-07-10T11:00:00-04:00,2026-08-09T17:00:00-04:00,,SGW-LST-000028,true
SGW-ITM-000029,ShopGoodwill,GW-021,"Mystery paperback lot, 6 books",Books,Used - Acceptable,2026-07-21T09:00:00-04:00,2026-08-04T11:00:00-04:00,2026-08-28T17:00:00-04:00,,SGW-LST-000029,true
SGW-ITM-000030,ShopGoodwill,GW-005,"Patagonia fleece jacket, size M",Apparel,For parts / repair,2026-07-02T09:00:00-04:00,2026-07-10T11:00:00-04:00,2026-08-08T17:00:00-04:00,,SGW-LST-000030,true
SGW-ITM-000031,ShopGoodwill,GW-002,"Hiking backpack, 40L",Sporting Goods,Used - Acceptable,2026-07-15T09:00:00-04:00,2026-07-29T11:00:00-04:00,2026-08-15T17:00:00-04:00,,SGW-LST-000031,true
SGW-ITM-000032,ShopGoodwill,GW-011,Vintage Stanley hand plane,Tools,For parts / repair,2026-08-12T09:00:00-04:00,2026-08-24T11:00:00-04:00,2026-08-29T17:00:00-04:00,,SGW-LST-000032,true
SGW-ITM-000033,ShopGoodwill,GW-012,"Stoneware dinner service, 12 pieces",Home,Used - Acceptable,2026-06-29T09:00:00-04:00,2026-06-30T11:00:00-04:00,2026-08-05T17:00:00-04:00,,SGW-LST-000033,true
SGW-ITM-000034,ShopGoodwill,GW-002,KitchenAid hand mixer with beaters,Home,Used - Good,2026-07-21T09:00:00-04:00,2026-07-28T11:00:00-04:00,2026-08-24T17:00:00-04:00,,SGW-LST-000034,true
SGW-ITM-000035,ShopGoodwill,GW-009,"Sterling ring, size 7",Jewelry,Used - Good,2026-07-16T09:00:00-04:00,2026-07-17T11:00:00-04:00,2026-08-09T17:00:00-04:00,,SGW-LST-000035,true
SGW-ITM-000036,ShopGoodwill,GW-017,Nintendo DS console with charger,Electronics,For parts / repair,2026-07-30T09:00:00-04:00,2026-08-03T11:00:00-04:00,2026-08-26T17:00:00-04:00,,SGW-LST-000036,true
SGW-ITM-000037,ShopGoodwill,GW-014,"Levi's denim jacket, size L",Apparel,For parts / repair,2026-08-03T09:00:00-04:00,2026-08-12T11:00:00-04:00,2026-08-31T17:00:00-04:00,,SGW-LST-000037,true
SGW-ITM-000038,ShopGoodwill,GW-013,Nintendo DS console with charger,Electronics,Used - Acceptable,2026-08-16T09:00:00-04:00,2026-08-19T11:00:00-04:00,2026-08-31T17:00:00-04:00,,SGW-LST-000038,true
SGW-ITM-000039,ShopGoodwill,GW-013,"Model train locomotive, boxed",Collectibles,Used - Very Good,2026-07-11T09:00:00-04:00,2026-07-23T11:00:00-04:00,2026-08-17T17:00:00-04:00,,SGW-LST-000039,true
SGW-ITM-000040,ShopGoodwill,GW-001,"Die-cast vehicle lot, assorted",Collectibles,Used - Very Good,2026-07-21T09:00:00-04:00,2026-07-24T11:00:00-04:00,2026-08-28T17:00:00-04:00,,SGW-LST-000040,true
SGW-ITM-000041,ShopGoodwill,GW-005,"Canon EF zoom lens, 75–300mm",Electronics,Used - Very Good,2026-08-15T09:00:00-04:00,2026-08-22T11:00:00-04:00,2026-08-30T17:00:00-04:00,,SGW-LST-000041,true
SGW-ITM-000042,ShopGoodwill,GW-024,"Wool cardigan, size S",Apparel,Used - Very Good,2026-08-07T09:00:00-04:00,2026-08-14T11:00:00-04:00,2026-08-28T17:00:00-04:00,,SGW-LST-000042,true
SGW-ITM-000043,ShopGoodwill,GW-010,KitchenAid hand mixer with beaters,Home,For parts / repair,2026-08-09T09:00:00-04:00,2026-08-10T11:00:00-04:00,2026-08-24T17:00:00-04:00,,SGW-LST-000043,true
SGW-ITM-000044,ShopGoodwill,GW-009,KitchenAid hand mixer with beaters,Home,For parts / repair,2026-07-12T09:00:00-04:00,2026-07-14T11:00:00-04:00,2026-08-10T17:00:00-04:00,,SGW-LST-000044,true
SGW-ITM-000045,ShopGoodwill,GW-017,"Leather tote bag, brown",Accessories,For parts / repair,2026-06-25T09:00:00-04:00,2026-07-08T11:00:00-04:00,2026-08-03T17:00:00-04:00,,SGW-LST-000045,true
SGW-ITM-000046,ShopGoodwill,GW-004,"Handwoven wool rug, 3 × 5 ft",Home,Used - Good,2026-07-16T09:00:00-04:00,2026-07-28T11:00:00-04:00,2026-08-09T17:00:00-04:00,,SGW-LST-000046,true
SGW-ITM-000047,ShopGoodwill,GW-008,"Sterling ring, size 7",Jewelry,Used - Acceptable,2026-07-22T09:00:00-04:00,2026-08-05T11:00:00-04:00,2026-08-07T17:00:00-04:00,,SGW-LST-000047,true
SGW-ITM-000048,ShopGoodwill,GW-008,Fishing reel with spare spool,Sporting Goods,For parts / repair,2026-08-03T09:00:00-04:00,2026-08-07T11:00:00-04:00,2026-08-30T17:00:00-04:00,,SGW-LST-000048,true
SGW-ITM-000049,ShopGoodwill,GW-004,Sony stereo receiver — tested,Electronics,For parts / repair,2026-07-11T09:00:00-04:00,2026-07-18T11:00:00-04:00,2026-08-05T17:00:00-04:00,,SGW-LST-000049,true
SGW-ITM-000050,ShopGoodwill,GW-015,"DeWalt cordless drill, tool only",Tools,For parts / repair,2026-06-26T09:00:00-04:00,2026-07-06T11:00:00-04:00,2026-08-03T17:00:00-04:00,,SGW-LST-000050,true
SGW-ITM-000051,ShopGoodwill,GW-017,"Silk scarf, floral print",Accessories,Used - Good,2026-08-12T09:00:00-04:00,2026-08-19T11:00:00-04:00,2026-08-27T17:00:00-04:00,,SGW-LST-000051,true
SGW-ITM-000052,ShopGoodwill,GW-014,"Brass table lamp, tested",Home,Used - Good,2026-07-30T09:00:00-04:00,2026-08-11T11:00:00-04:00,2026-08-14T17:00:00-04:00,,SGW-LST-000052,true
SGW-ITM-000053,ShopGoodwill,GW-005,"Vintage cassette deck, powers on",Electronics,Used - Acceptable,2026-07-24T09:00:00-04:00,2026-08-01T11:00:00-04:00,2026-08-12T17:00:00-04:00,,SGW-LST-000053,true
SGW-ITM-000054,ShopGoodwill,GW-005,"Mystery paperback lot, 6 books",Books,Used - Good,2026-07-21T09:00:00-04:00,2026-07-25T11:00:00-04:00,2026-08-02T17:00:00-04:00,,SGW-LST-000054,true
SGW-ITM-000055,ShopGoodwill,GW-007,"Canon EF zoom lens, 75–300mm",Electronics,Used - Very Good,2026-07-29T09:00:00-04:00,2026-08-01T11:00:00-04:00,2026-08-08T17:00:00-04:00,,SGW-LST-000055,true
SGW-ITM-000056,ShopGoodwill,GW-017,Sony stereo receiver — tested,Electronics,Used - Acceptable,2026-07-09T09:00:00-04:00,2026-07-19T11:00:00-04:00,2026-08-12T17:00:00-04:00,,SGW-LST-000056,true
SGW-ITM-000057,ShopGoodwill,GW-017,"Levi's denim jacket, size L",Apparel,Used - Acceptable,2026-07-07T09:00:00-04:00,2026-07-20T11:00:00-04:00,2026-08-24T17:00:00-04:00,,SGW-LST-000057,true
SGW-ITM-000058,ShopGoodwill,GW-010,"Sterling silver necklace, 18 inch",Jewelry,Used - Very Good,2026-06-27T09:00:00-04:00,2026-06-29T11:00:00-04:00,2026-08-02T17:00:00-04:00,,SGW-LST-000058,true
SGW-ITM-000059,ShopGoodwill,GW-020,"Vintage cassette deck, powers on",Electronics,Used - Very Good,2026-07-24T09:00:00-04:00,2026-07-26T11:00:00-04:00,2026-08-10T17:00:00-04:00,,SGW-LST-000059,true
SGW-ITM-000060,ShopGoodwill,GW-009,Hardcover regional cookbook,Books,Used - Good,2026-08-01T09:00:00-04:00,2026-08-10T11:00:00-04:00,2026-08-30T17:00:00-04:00,,SGW-LST-000060,true
SGW-ITM-000061,ShopGoodwill,GW-005,"DeWalt cordless drill, tool only",Tools,Used - Acceptable,2026-07-06T09:00:00-04:00,2026-07-15T11:00:00-04:00,2026-08-13T17:00:00-04:00,,SGW-LST-000061,true
SGW-ITM-000062,ShopGoodwill,GW-015,Vintage Stanley hand plane,Tools,Used - Very Good,2026-07-12T09:00:00-04:00,2026-07-26T11:00:00-04:00,2026-08-15T17:00:00-04:00,,SGW-LST-000062,true
SGW-ITM-000063,ShopGoodwill,GW-014,Vintage belt with brass buckle,Accessories,Used - Very Good,2026-07-25T09:00:00-04:00,2026-07-29T11:00:00-04:00,2026-08-22T17:00:00-04:00,,SGW-LST-000063,true
SGW-ITM-000064,ShopGoodwill,GW-015,"Vintage concert T-shirt, size XL",Apparel,Used - Good,2026-07-01T09:00:00-04:00,2026-07-10T11:00:00-04:00,2026-08-01T17:00:00-04:00,,SGW-LST-000064,true
SGW-ITM-000065,ShopGoodwill,GW-020,KitchenAid hand mixer with beaters,Home,Used - Very Good,2026-07-24T09:00:00-04:00,2026-08-03T11:00:00-04:00,2026-08-29T17:00:00-04:00,,SGW-LST-000065,true
SGW-ITM-000066,ShopGoodwill,GW-011,"Stoneware dinner service, 12 pieces",Home,Used - Acceptable,2026-08-20T09:00:00-04:00,2026-08-22T11:00:00-04:00,2026-08-30T17:00:00-04:00,,SGW-LST-000066,true
SGW-ITM-000067,ShopGoodwill,GW-008,"Levi's denim jacket, size L",Apparel,Used - Very Good,2026-08-05T09:00:00-04:00,2026-08-09T11:00:00-04:00,2026-08-14T17:00:00-04:00,,SGW-LST-000067,true
SGW-ITM-000068,ShopGoodwill,GW-009,Hardcover regional cookbook,Books,Used - Good,2026-07-24T09:00:00-04:00,2026-08-02T11:00:00-04:00,2026-08-20T17:00:00-04:00,,SGW-LST-000068,true
SGW-ITM-000069,ShopGoodwill,GW-019,"Estate postcard collection, 80 pieces",Collectibles,Used - Very Good,2026-08-07T09:00:00-04:00,2026-08-15T11:00:00-04:00,2026-08-31T17:00:00-04:00,,SGW-LST-000069,true
SGW-ITM-000070,ShopGoodwill,GW-017,KitchenAid hand mixer with beaters,Home,Used - Very Good,2026-07-02T09:00:00-04:00,2026-07-04T11:00:00-04:00,2026-08-11T17:00:00-04:00,,SGW-LST-000070,true
SGW-ITM-000071,ShopGoodwill,GW-003,"Vintage cassette deck, powers on",Electronics,Used - Good,2026-07-12T09:00:00-04:00,2026-07-16T11:00:00-04:00,2026-08-10T17:00:00-04:00,,SGW-LST-000071,true
SGW-ITM-000072,ShopGoodwill,GW-017,Signed studio pottery vase,Collectibles,For parts / repair,2026-07-26T09:00:00-04:00,2026-08-04T11:00:00-04:00,2026-08-15T17:00:00-04:00,,SGW-LST-000072,true
SGW-ITM-000073,ShopGoodwill,GW-008,"Die-cast vehicle lot, assorted",Collectibles,For parts / repair,2026-07-25T09:00:00-04:00,2026-07-28T11:00:00-04:00,2026-08-07T17:00:00-04:00,,SGW-LST-000073,true
SGW-ITM-000074,ShopGoodwill,GW-020,"Estate postcard collection, 80 pieces",Collectibles,Used - Very Good,2026-08-10T09:00:00-04:00,2026-08-16T11:00:00-04:00,2026-08-27T17:00:00-04:00,,SGW-LST-000074,true
SGW-ITM-000075,ShopGoodwill,GW-020,"Illustrated field guide, revised edition",Books,For parts / repair,2026-06-26T09:00:00-04:00,2026-07-05T11:00:00-04:00,2026-08-02T17:00:00-04:00,,SGW-LST-000075,true
SGW-ITM-000076,ShopGoodwill,GW-005,"Estate postcard collection, 80 pieces",Collectibles,Used - Acceptable,2026-07-23T09:00:00-04:00,2026-07-24T11:00:00-04:00,2026-08-08T17:00:00-04:00,,SGW-LST-000076,true
SGW-ITM-000077,ShopGoodwill,GW-002,"Mystery paperback lot, 6 books",Books,Used - Good,2026-07-13T09:00:00-04:00,2026-07-26T11:00:00-04:00,2026-08-03T17:00:00-04:00,,SGW-LST-000077,true
SGW-ITM-000078,ShopGoodwill,GW-016,Signed studio pottery vase,Collectibles,Used - Very Good,2026-07-28T09:00:00-04:00,2026-08-06T11:00:00-04:00,2026-08-24T17:00:00-04:00,,SGW-LST-000078,true
SGW-ITM-000079,ShopGoodwill,GW-024,"Estate postcard collection, 80 pieces",Collectibles,Used - Good,2026-06-26T09:00:00-04:00,2026-07-01T11:00:00-04:00,2026-08-03T17:00:00-04:00,,SGW-LST-000079,true
SGW-ITM-000080,ShopGoodwill,GW-024,"Vintage cassette deck, powers on",Electronics,Used - Acceptable,2026-07-16T09:00:00-04:00,2026-07-17T11:00:00-04:00,2026-08-23T17:00:00-04:00,,SGW-LST-000080,true
SGW-ITM-000081,ShopGoodwill,GW-019,"Wool cardigan, size S",Apparel,Used - Very Good,2026-07-18T09:00:00-04:00,2026-07-31T11:00:00-04:00,2026-08-31T17:00:00-04:00,,SGW-LST-000081,true
SGW-ITM-000082,ShopGoodwill,GW-009,"Model train locomotive, boxed",Collectibles,Used - Very Good,2026-07-07T09:00:00-04:00,2026-07-17T11:00:00-04:00,2026-08-10T17:00:00-04:00,,SGW-LST-000082,true
SGW-ITM-000083,ShopGoodwill,GW-004,"Bose portable speaker, cosmetic wear",Electronics,Used - Very Good,2026-06-24T09:00:00-04:00,2026-06-28T11:00:00-04:00,2026-08-03T17:00:00-04:00,,SGW-LST-000083,true
SGW-ITM-000084,ShopGoodwill,GW-010,Signed studio pottery vase,Collectibles,For parts / repair,2026-07-04T09:00:00-04:00,2026-07-16T11:00:00-04:00,2026-08-12T17:00:00-04:00,,SGW-LST-000084,true
SGW-ITM-000085,ShopGoodwill,GW-009,"Gold-tone wristwatch, untested",Jewelry,Used - Good,2026-07-05T09:00:00-04:00,2026-07-18T11:00:00-04:00,2026-08-04T17:00:00-04:00,,SGW-LST-000085,true
SGW-ITM-000086,ShopGoodwill,GW-012,Signed studio pottery vase,Collectibles,Used - Acceptable,2026-07-03T09:00:00-04:00,2026-07-04T11:00:00-04:00,2026-08-08T17:00:00-04:00,,SGW-LST-000086,true
SGW-ITM-000087,ShopGoodwill,GW-018,Vintage Pyrex mixing bowl set,Collectibles,For parts / repair,2026-06-26T09:00:00-04:00,2026-07-07T11:00:00-04:00,2026-08-02T17:00:00-04:00,,SGW-LST-000087,true
SGW-ITM-000088,ShopGoodwill,GW-017,"Bose portable speaker, cosmetic wear",Electronics,Used - Acceptable,2026-06-29T09:00:00-04:00,2026-07-05T11:00:00-04:00,2026-08-04T17:00:00-04:00,,SGW-LST-000088,true
SGW-ITM-000089,ShopGoodwill,GW-009,Nintendo DS console with charger,Electronics,For parts / repair,2026-07-06T09:00:00-04:00,2026-07-13T11:00:00-04:00,2026-08-20T17:00:00-04:00,,SGW-LST-000089,true
SGW-ITM-000090,ShopGoodwill,GW-011,"Levi's denim jacket, size L",Apparel,Used - Acceptable,2026-07-18T09:00:00-04:00,2026-07-26T11:00:00-04:00,2026-08-11T17:00:00-04:00,,SGW-LST-000090,true
SGW-ITM-000091,ShopGoodwill,GW-010,"Mystery paperback lot, 6 books",Books,Used - Very Good,2026-07-15T09:00:00-04:00,2026-07-20T11:00:00-04:00,2026-08-20T17:00:00-04:00,,SGW-LST-000091,true
SGW-ITM-000092,ShopGoodwill,GW-015,"Leather tote bag, brown",Accessories,Used - Very Good,2026-07-18T09:00:00-04:00,2026-07-24T11:00:00-04:00,2026-08-28T17:00:00-04:00,,SGW-LST-000092,true
SGW-ITM-000093,ShopGoodwill,GW-001,Vintage Pyrex mixing bowl set,Collectibles,Used - Acceptable,2026-07-22T09:00:00-04:00,2026-07-26T11:00:00-04:00,2026-08-23T17:00:00-04:00,,SGW-LST-000093,true
SGW-ITM-000094,ShopGoodwill,GW-015,Sony stereo receiver — tested,Electronics,Used - Good,2026-07-29T09:00:00-04:00,2026-08-02T11:00:00-04:00,2026-08-30T17:00:00-04:00,,SGW-LST-000094,true
SGW-ITM-000095,ShopGoodwill,GW-008,Sony stereo receiver — tested,Electronics,Used - Very Good,2026-07-07T09:00:00-04:00,2026-07-19T11:00:00-04:00,2026-08-06T17:00:00-04:00,,SGW-LST-000095,true
SGW-ITM-000096,ShopGoodwill,GW-004,KitchenAid hand mixer with beaters,Home,Used - Acceptable,2026-07-13T09:00:00-04:00,2026-07-26T11:00:00-04:00,2026-08-13T17:00:00-04:00,,SGW-LST-000096,true
SGW-ITM-000097,ShopGoodwill,GW-001,"Hiking backpack, 40L",Sporting Goods,Used - Good,2026-07-10T09:00:00-04:00,2026-07-16T11:00:00-04:00,2026-08-02T17:00:00-04:00,,SGW-LST-000097,true
SGW-ITM-000098,ShopGoodwill,GW-020,Vintage Stanley hand plane,Tools,For parts / repair,2026-08-13T09:00:00-04:00,2026-08-24T11:00:00-04:00,2026-08-28T17:00:00-04:00,,SGW-LST-000098,true
SGW-ITM-000099,ShopGoodwill,GW-012,"Hiking backpack, 40L",Sporting Goods,Used - Good,2026-07-10T09:00:00-04:00,2026-07-13T11:00:00-04:00,2026-08-06T17:00:00-04:00,,SGW-LST-000099,true
SGW-ITM-000100,ShopGoodwill,GW-017,"Mystery paperback lot, 6 books",Books,For parts / repair,2026-08-04T09:00:00-04:00,2026-08-06T11:00:00-04:00,2026-08-26T17:00:00-04:00,,SGW-LST-000100,true
SGW-ITM-000101,ShopGoodwill,GW-020,Tennis racquet pair with covers,Sporting Goods,Used - Acceptable,2026-08-10T09:00:00-04:00,2026-08-15T11:00:00-04:00,2026-08-31T17:00:00-04:00,,SGW-LST-000101,true
SGW-ITM-000102,ShopGoodwill,GW-016,"Wool cardigan, size S",Apparel,Used - Acceptable,2026-07-13T09:00:00-04:00,2026-07-23T11:00:00-04:00,2026-08-26T17:00:00-04:00,,SGW-LST-000102,true
SGW-ITM-000103,ShopGoodwill,GW-021,Fishing reel with spare spool,Sporting Goods,For parts / repair,2026-07-11T09:00:00-04:00,2026-07-17T11:00:00-04:00,2026-08-05T17:00:00-04:00,,SGW-LST-000103,true
SGW-ITM-000104,ShopGoodwill,GW-013,Signed studio pottery vase,Collectibles,Used - Acceptable,2026-07-17T09:00:00-04:00,2026-07-20T11:00:00-04:00,2026-08-25T17:00:00-04:00,,SGW-LST-000104,true
SGW-ITM-000105,ShopGoodwill,GW-022,"Art history volume, dust jacket",Books,Used - Very Good,2026-08-07T09:00:00-04:00,2026-08-13T11:00:00-04:00,2026-08-24T17:00:00-04:00,,SGW-LST-000105,true
SGW-ITM-000106,ShopGoodwill,GW-006,"Craftsman socket set, 32 pieces",Tools,Used - Very Good,2026-08-06T09:00:00-04:00,2026-08-08T11:00:00-04:00,2026-08-23T17:00:00-04:00,,SGW-LST-000106,true
SGW-ITM-000107,ShopGoodwill,GW-012,"Sterling ring, size 7",Jewelry,Used - Very Good,2026-07-30T09:00:00-04:00,2026-08-05T11:00:00-04:00,2026-08-24T17:00:00-04:00,,SGW-LST-000107,true
SGW-ITM-000108,ShopGoodwill,GW-002,"Mystery paperback lot, 6 books",Books,Used - Good,2026-07-21T09:00:00-04:00,2026-08-03T11:00:00-04:00,2026-08-26T17:00:00-04:00,,SGW-LST-000108,true
SGW-ITM-000109,ShopGoodwill,GW-023,"Mystery paperback lot, 6 books",Books,Used - Acceptable,2026-07-02T09:00:00-04:00,2026-07-11T11:00:00-04:00,2026-08-15T17:00:00-04:00,,SGW-LST-000109,true
SGW-ITM-000110,ShopGoodwill,GW-009,"Craftsman socket set, 32 pieces",Tools,Used - Acceptable,2026-07-16T09:00:00-04:00,2026-07-26T11:00:00-04:00,2026-08-23T17:00:00-04:00,,SGW-LST-000110,true
SGW-ITM-000111,ShopGoodwill,GW-001,"Model train locomotive, boxed",Collectibles,Used - Acceptable,2026-08-17T09:00:00-04:00,2026-08-21T11:00:00-04:00,2026-08-24T17:00:00-04:00,,SGW-LST-000111,true
SGW-ITM-000112,ShopGoodwill,GW-009,Signed studio pottery vase,Collectibles,Used - Very Good,2026-07-22T09:00:00-04:00,2026-08-05T11:00:00-04:00,2026-08-24T17:00:00-04:00,,SGW-LST-000112,true
SGW-ITM-000113,ShopGoodwill,GW-008,"Stoneware dinner service, 12 pieces",Home,Used - Very Good,2026-08-01T09:00:00-04:00,2026-08-09T11:00:00-04:00,2026-08-23T17:00:00-04:00,,SGW-LST-000113,true
SGW-ITM-000114,ShopGoodwill,GW-006,"Sterling ring, size 7",Jewelry,Used - Good,2026-08-16T09:00:00-04:00,2026-08-20T11:00:00-04:00,2026-08-30T17:00:00-04:00,,SGW-LST-000114,true
SGW-ITM-000115,ShopGoodwill,GW-012,"Illustrated field guide, revised edition",Books,Used - Acceptable,2026-07-29T09:00:00-04:00,2026-08-08T11:00:00-04:00,2026-08-30T17:00:00-04:00,,SGW-LST-000115,true
SGW-ITM-000116,ShopGoodwill,GW-018,Tennis racquet pair with covers,Sporting Goods,Used - Acceptable,2026-07-16T09:00:00-04:00,2026-07-20T11:00:00-04:00,2026-08-08T17:00:00-04:00,,SGW-LST-000116,true
SGW-ITM-000117,ShopGoodwill,GW-014,"Craftsman socket set, 32 pieces",Tools,Used - Acceptable,2026-07-27T09:00:00-04:00,2026-08-02T11:00:00-04:00,2026-08-13T17:00:00-04:00,,SGW-LST-000117,true
SGW-ITM-000118,ShopGoodwill,GW-005,"Levi's denim jacket, size L",Apparel,Used - Good,2026-07-04T09:00:00-04:00,2026-07-06T11:00:00-04:00,2026-08-02T17:00:00-04:00,,SGW-LST-000118,true
SGW-ITM-000119,ShopGoodwill,GW-004,"Vintage concert T-shirt, size XL",Apparel,For parts / repair,2026-07-21T09:00:00-04:00,2026-07-29T11:00:00-04:00,2026-08-31T17:00:00-04:00,,SGW-LST-000119,true
SGW-ITM-000120,ShopGoodwill,GW-018,"Vintage cassette deck, powers on",Electronics,Used - Very Good,2026-08-14T09:00:00-04:00,2026-08-15T11:00:00-04:00,2026-08-21T17:00:00-04:00,,SGW-LST-000120,true
SGW-ITM-000121,ShopGoodwill,GW-004,"Wool cardigan, size S",Apparel,For parts / repair,2026-08-06T09:00:00-04:00,2026-08-07T11:00:00-04:00,2026-08-10T17:00:00-04:00,,SGW-LST-000121,true
SGW-ITM-000122,ShopGoodwill,GW-022,"DeWalt cordless drill, tool only",Tools,Used - Very Good,2026-07-15T09:00:00-04:00,2026-07-21T11:00:00-04:00,2026-08-25T17:00:00-04:00,2026-08-26T21:00:00-04:00,SGW-LST-000122,true
SGW-ITM-000123,ShopGoodwill,GW-018,Fishing reel with spare spool,Sporting Goods,For parts / repair,2026-07-11T09:00:00-04:00,2026-07-21T11:00:00-04:00,2026-08-07T17:00:00-04:00,,SGW-LST-000123,true
SGW-ITM-000124,ShopGoodwill,GW-019,"Vintage cassette deck, powers on",Electronics,Used - Very Good,2026-08-07T09:00:00-04:00,2026-08-13T11:00:00-04:00,2026-08-28T17:00:00-04:00,,SGW-LST-000124,true
SGW-ITM-000125,ShopGoodwill,GW-016,"Wool cardigan, size S",Apparel,For parts / repair,2026-08-02T09:00:00-04:00,2026-08-08T11:00:00-04:00,2026-08-25T17:00:00-04:00,,SGW-LST-000125,true
SGW-ITM-000126,ShopGoodwill,GW-012,"Art history volume, dust jacket",Books,Used - Good,2026-08-12T09:00:00-04:00,2026-08-16T11:00:00-04:00,2026-08-19T17:00:00-04:00,,SGW-LST-000126,true
SGW-ITM-000127,ShopGoodwill,GW-018,"Vintage cassette deck, powers on",Electronics,Used - Good,2026-07-10T09:00:00-04:00,2026-07-23T11:00:00-04:00,2026-08-15T17:00:00-04:00,,SGW-LST-000127,true
SGW-ITM-000128,ShopGoodwill,GW-003,"Sterling ring, size 7",Jewelry,Used - Good,2026-07-13T09:00:00-04:00,2026-07-24T11:00:00-04:00,2026-08-17T17:00:00-04:00,,SGW-LST-000128,true
SGW-ITM-000129,ShopGoodwill,GW-024,Signed studio pottery vase,Collectibles,Used - Good,2026-07-20T09:00:00-04:00,2026-07-31T11:00:00-04:00,2026-08-06T17:00:00-04:00,,SGW-LST-000129,true
SGW-ITM-000130,ShopGoodwill,GW-019,Nintendo DS console with charger,Electronics,Used - Acceptable,2026-08-10T09:00:00-04:00,2026-08-18T11:00:00-04:00,2026-08-31T17:00:00-04:00,,SGW-LST-000130,true
SGW-ITM-000131,ShopGoodwill,GW-006,"Hiking backpack, 40L",Sporting Goods,Used - Very Good,2026-08-07T09:00:00-04:00,2026-08-14T11:00:00-04:00,2026-08-24T17:00:00-04:00,,SGW-LST-000131,true
SGW-ITM-000132,ShopGoodwill,GW-016,Sony stereo receiver — tested,Electronics,For parts / repair,2026-07-22T09:00:00-04:00,2026-08-03T11:00:00-04:00,2026-08-20T17:00:00-04:00,,SGW-LST-000132,true
SGW-ITM-000133,ShopGoodwill,GW-011,"Canon EF zoom lens, 75–300mm",Electronics,Used - Very Good,2026-07-12T09:00:00-04:00,2026-07-18T11:00:00-04:00,2026-08-21T17:00:00-04:00,,SGW-LST-000133,true
SGW-ITM-000134,ShopGoodwill,GW-016,Fishing reel with spare spool,Sporting Goods,For parts / repair,2026-08-01T09:00:00-04:00,2026-08-06T11:00:00-04:00,2026-08-25T17:00:00-04:00,,SGW-LST-000134,true
SGW-ITM-000135,ShopGoodwill,GW-021,Hardcover regional cookbook,Books,Used - Good,2026-08-03T09:00:00-04:00,2026-08-10T11:00:00-04:00,2026-08-19T17:00:00-04:00,,SGW-LST-000135,true
SGW-ITM-000136,ShopGoodwill,GW-022,Sony stereo receiver — tested,Electronics,Used - Good,2026-07-21T09:00:00-04:00,2026-07-24T11:00:00-04:00,2026-08-28T17:00:00-04:00,,SGW-LST-000136,true
SGW-ITM-000137,ShopGoodwill,GW-012,Vintage Pyrex mixing bowl set,Collectibles,Used - Good,2026-07-10T09:00:00-04:00,2026-07-22T11:00:00-04:00,2026-08-26T17:00:00-04:00,,SGW-LST-000137,true
SGW-ITM-000138,ShopGoodwill,GW-024,"Leather tote bag, brown",Accessories,Used - Acceptable,2026-07-02T09:00:00-04:00,2026-07-15T11:00:00-04:00,2026-08-04T17:00:00-04:00,,SGW-LST-000138,true
SGW-ITM-000139,ShopGoodwill,GW-020,Hardcover regional cookbook,Books,For parts / repair,2026-07-27T09:00:00-04:00,2026-07-28T11:00:00-04:00,2026-08-01T17:00:00-04:00,,SGW-LST-000139,true
SGW-ITM-000140,ShopGoodwill,GW-009,"Vintage cassette deck, powers on",Electronics,Used - Very Good,2026-07-06T09:00:00-04:00,2026-07-07T11:00:00-04:00,2026-08-10T17:00:00-04:00,,SGW-LST-000140,true
SGW-ITM-000141,ShopGoodwill,GW-010,"Golf iron set, right handed",Sporting Goods,For parts / repair,2026-08-17T09:00:00-04:00,2026-08-20T11:00:00-04:00,2026-08-31T17:00:00-04:00,,SGW-LST-000141,true
SGW-ITM-000142,ShopGoodwill,GW-001,"Vintage cassette deck, powers on",Electronics,Used - Acceptable,2026-07-21T09:00:00-04:00,2026-07-28T11:00:00-04:00,2026-08-21T17:00:00-04:00,,SGW-LST-000142,true
SGW-ITM-000143,ShopGoodwill,GW-007,"Wool cardigan, size S",Apparel,Used - Good,2026-07-30T09:00:00-04:00,2026-08-10T11:00:00-04:00,2026-08-29T17:00:00-04:00,,SGW-LST-000143,true
SGW-ITM-000144,ShopGoodwill,GW-020,"Die-cast vehicle lot, assorted",Collectibles,Used - Good,2026-07-28T09:00:00-04:00,2026-08-04T11:00:00-04:00,2026-08-27T17:00:00-04:00,,SGW-LST-000144,true
SGW-ITM-000145,ShopGoodwill,GW-017,Tennis racquet pair with covers,Sporting Goods,Used - Good,2026-08-04T09:00:00-04:00,2026-08-07T11:00:00-04:00,2026-08-13T17:00:00-04:00,,SGW-LST-000145,true
SGW-ITM-000146,ShopGoodwill,GW-004,"Bose portable speaker, cosmetic wear",Electronics,Used - Acceptable,2026-07-10T09:00:00-04:00,2026-07-17T11:00:00-04:00,2026-08-01T17:00:00-04:00,,SGW-LST-000146,true
SGW-ITM-000147,ShopGoodwill,GW-015,Vintage Pyrex mixing bowl set,Collectibles,Used - Good,2026-07-05T09:00:00-04:00,2026-07-19T11:00:00-04:00,2026-08-07T17:00:00-04:00,,SGW-LST-000147,true
SGW-ITM-000148,ShopGoodwill,GW-020,"Stoneware dinner service, 12 pieces",Home,Used - Very Good,2026-07-22T09:00:00-04:00,2026-08-02T11:00:00-04:00,2026-08-30T17:00:00-04:00,,SGW-LST-000148,true
SGW-ITM-000149,ShopGoodwill,GW-012,Vintage belt with brass buckle,Accessories,Used - Very Good,2026-07-18T09:00:00-04:00,2026-07-31T11:00:00-04:00,2026-08-26T17:00:00-04:00,,SGW-LST-000149,true
SGW-ITM-000150,ShopGoodwill,GW-001,Hardcover regional cookbook,Books,Used - Good,2026-07-01T09:00:00-04:00,2026-07-03T11:00:00-04:00,2026-08-05T17:00:00-04:00,,SGW-LST-000150,true
SGW-ITM-000151,ShopGoodwill,GW-017,Vintage costume jewelry lot,Jewelry,Used - Good,2026-07-02T09:00:00-04:00,2026-07-14T11:00:00-04:00,2026-08-10T17:00:00-04:00,,SGW-LST-000151,true
SGW-ITM-000152,ShopGoodwill,GW-005,"Patagonia fleece jacket, size M",Apparel,Used - Good,2026-06-17T09:00:00-04:00,2026-06-30T11:00:00-04:00,2026-08-03T17:00:00-04:00,,SGW-LST-000152,true
SGW-ITM-000153,ShopGoodwill,GW-024,Vintage costume jewelry lot,Jewelry,Used - Acceptable,2026-08-01T09:00:00-04:00,2026-08-12T11:00:00-04:00,2026-08-24T17:00:00-04:00,,SGW-LST-000153,true
SGW-ITM-000154,ShopGoodwill,GW-004,"Stoneware dinner service, 12 pieces",Home,Used - Acceptable,2026-08-02T09:00:00-04:00,2026-08-10T11:00:00-04:00,2026-08-29T17:00:00-04:00,,SGW-LST-000154,true
SGW-ITM-000155,ShopGoodwill,GW-004,"Bose portable speaker, cosmetic wear",Electronics,Used - Very Good,2026-07-23T09:00:00-04:00,2026-07-25T11:00:00-04:00,2026-08-24T17:00:00-04:00,,SGW-LST-000155,true
SGW-ITM-000156,ShopGoodwill,GW-019,"Travel duffel, navy",Accessories,Used - Good,2026-07-06T09:00:00-04:00,2026-07-15T11:00:00-04:00,2026-08-04T17:00:00-04:00,,SGW-LST-000156,true
SGW-ITM-000157,ShopGoodwill,GW-004,"Vintage concert T-shirt, size XL",Apparel,Used - Very Good,2026-08-13T09:00:00-04:00,2026-08-18T11:00:00-04:00,2026-08-21T17:00:00-04:00,,SGW-LST-000157,true
SGW-ITM-000158,ShopGoodwill,GW-016,"Bose portable speaker, cosmetic wear",Electronics,Used - Very Good,2026-07-25T09:00:00-04:00,2026-08-07T11:00:00-04:00,2026-08-29T17:00:00-04:00,,SGW-LST-000158,true
SGW-ITM-000159,ShopGoodwill,GW-008,Engineering reference manual,Books,Used - Very Good,2026-08-09T09:00:00-04:00,2026-08-14T11:00:00-04:00,2026-08-25T17:00:00-04:00,,SGW-LST-000159,true
SGW-ITM-000160,ShopGoodwill,GW-008,"Bose portable speaker, cosmetic wear",Electronics,Used - Very Good,2026-07-04T09:00:00-04:00,2026-07-05T11:00:00-04:00,2026-08-10T17:00:00-04:00,,SGW-LST-000160,true
SGW-ITM-000161,ShopGoodwill,GW-013,"Handwoven wool rug, 3 × 5 ft",Home,Used - Acceptable,2026-08-09T09:00:00-04:00,2026-08-23T11:00:00-04:00,2026-08-27T17:00:00-04:00,,SGW-LST-000161,true
SGW-ITM-000162,ShopGoodwill,GW-022,"Golf iron set, right handed",Sporting Goods,Used - Good,2026-07-11T09:00:00-04:00,2026-07-25T11:00:00-04:00,2026-08-01T17:00:00-04:00,,SGW-LST-000162,true
SGW-ITM-000163,ShopGoodwill,GW-006,Vintage belt with brass buckle,Accessories,Used - Very Good,2026-08-06T09:00:00-04:00,2026-08-11T11:00:00-04:00,2026-08-21T17:00:00-04:00,,SGW-LST-000163,true
SGW-ITM-000164,ShopGoodwill,GW-003,"Hiking backpack, 40L",Sporting Goods,Used - Acceptable,2026-07-16T09:00:00-04:00,2026-07-23T11:00:00-04:00,2026-08-03T17:00:00-04:00,,SGW-LST-000164,true
SGW-ITM-000165,ShopGoodwill,GW-012,"Bose portable speaker, cosmetic wear",Electronics,Used - Good,2026-07-03T09:00:00-04:00,2026-07-09T11:00:00-04:00,2026-08-11T17:00:00-04:00,,SGW-LST-000165,true
SGW-ITM-000166,ShopGoodwill,GW-012,Sony stereo receiver — tested,Electronics,Used - Very Good,2026-07-24T09:00:00-04:00,2026-07-27T11:00:00-04:00,2026-08-25T17:00:00-04:00,,SGW-LST-000166,true
SGW-ITM-000167,ShopGoodwill,GW-004,"Wool cardigan, size S",Apparel,Used - Very Good,2026-07-08T09:00:00-04:00,2026-07-22T11:00:00-04:00,2026-08-01T17:00:00-04:00,,SGW-LST-000167,true
SGW-ITM-000168,ShopGoodwill,GW-006,"Wool cardigan, size S",Apparel,Used - Very Good,2026-08-09T09:00:00-04:00,2026-08-17T11:00:00-04:00,2026-08-24T17:00:00-04:00,,SGW-LST-000168,true
SGW-ITM-000169,ShopGoodwill,GW-001,Signed studio pottery vase,Collectibles,Used - Acceptable,2026-07-25T09:00:00-04:00,2026-07-28T11:00:00-04:00,2026-08-21T17:00:00-04:00,,SGW-LST-000169,true
SGW-ITM-000170,ShopGoodwill,GW-005,"Vintage concert T-shirt, size XL",Apparel,Used - Good,2026-08-14T09:00:00-04:00,2026-08-21T11:00:00-04:00,2026-08-30T17:00:00-04:00,,SGW-LST-000170,true
SGW-ITM-000171,ShopGoodwill,GW-002,"Estate postcard collection, 80 pieces",Collectibles,Used - Very Good,2026-06-21T09:00:00-04:00,2026-06-28T11:00:00-04:00,2026-08-04T17:00:00-04:00,,SGW-LST-000171,true
SGW-ITM-000172,ShopGoodwill,GW-009,"Hiking backpack, 40L",Sporting Goods,Used - Acceptable,2026-07-21T09:00:00-04:00,2026-08-01T11:00:00-04:00,2026-08-25T17:00:00-04:00,,SGW-LST-000172,true
SGW-ITM-000173,ShopGoodwill,GW-001,"Canon EF zoom lens, 75–300mm",Electronics,For parts / repair,2026-07-23T09:00:00-04:00,2026-07-24T11:00:00-04:00,2026-08-31T17:00:00-04:00,,SGW-LST-000173,true
SGW-ITM-000174,ShopGoodwill,GW-017,"Illustrated field guide, revised edition",Books,For parts / repair,2026-08-06T09:00:00-04:00,2026-08-17T11:00:00-04:00,2026-08-21T17:00:00-04:00,,SGW-LST-000174,true
SGW-ITM-000175,ShopGoodwill,GW-011,"Canon EF zoom lens, 75–300mm",Electronics,Used - Acceptable,2026-07-06T09:00:00-04:00,2026-07-16T11:00:00-04:00,2026-08-06T17:00:00-04:00,,SGW-LST-000175,true
SGW-ITM-000176,ShopGoodwill,GW-009,"Wool cardigan, size S",Apparel,For parts / repair,2026-07-22T09:00:00-04:00,2026-08-04T11:00:00-04:00,2026-08-23T17:00:00-04:00,,SGW-LST-000176,true
SGW-ITM-000177,ShopGoodwill,GW-017,"Vintage concert T-shirt, size XL",Apparel,Used - Good,2026-06-27T09:00:00-04:00,2026-07-11T11:00:00-04:00,2026-08-09T17:00:00-04:00,,SGW-LST-000177,true
SGW-ITM-000178,ShopGoodwill,GW-010,"Wool cardigan, size S",Apparel,Used - Acceptable,2026-08-16T09:00:00-04:00,2026-08-20T11:00:00-04:00,2026-08-29T17:00:00-04:00,,SGW-LST-000178,true
SGW-ITM-000179,ShopGoodwill,GW-018,Nintendo DS console with charger,Electronics,For parts / repair,2026-07-25T09:00:00-04:00,2026-07-31T11:00:00-04:00,2026-08-02T17:00:00-04:00,,SGW-LST-000179,true
SGW-ITM-000180,ShopGoodwill,GW-002,"Patagonia fleece jacket, size M",Apparel,Used - Good,2026-08-12T09:00:00-04:00,2026-08-24T11:00:00-04:00,2026-08-29T17:00:00-04:00,,SGW-LST-000180,true
SGW-ITM-000181,ShopGoodwill,GW-012,"Patagonia fleece jacket, size M",Apparel,Used - Very Good,2026-08-20T09:00:00-04:00,2026-08-26T11:00:00-04:00,2026-08-30T17:00:00-04:00,,SGW-LST-000181,true
SGW-ITM-000182,ShopGoodwill,GW-012,Sony stereo receiver — tested,Electronics,For parts / repair,2026-08-14T09:00:00-04:00,2026-08-16T11:00:00-04:00,2026-08-30T17:00:00-04:00,,SGW-LST-000182,true
SGW-ITM-000183,ShopGoodwill,GW-011,KitchenAid hand mixer with beaters,Home,Used - Good,2026-07-07T09:00:00-04:00,2026-07-12T11:00:00-04:00,2026-08-01T17:00:00-04:00,,SGW-LST-000183,true
SGW-ITM-000184,ShopGoodwill,GW-002,"Canon EF zoom lens, 75–300mm",Electronics,Used - Acceptable,2026-08-09T09:00:00-04:00,2026-08-22T11:00:00-04:00,2026-08-26T17:00:00-04:00,,SGW-LST-000184,true
SGW-ITM-000185,ShopGoodwill,GW-015,"Bose portable speaker, cosmetic wear",Electronics,Used - Good,2026-08-11T09:00:00-04:00,2026-08-25T11:00:00-04:00,2026-08-29T17:00:00-04:00,,SGW-LST-000185,true
SGW-ITM-000186,ShopGoodwill,GW-016,Hardcover regional cookbook,Books,Used - Very Good,2026-07-06T09:00:00-04:00,2026-07-18T11:00:00-04:00,2026-08-22T17:00:00-04:00,,SGW-LST-000186,true
SGW-ITM-000187,ShopGoodwill,GW-005,"Wool cardigan, size S",Apparel,Used - Very Good,2026-07-09T09:00:00-04:00,2026-07-15T11:00:00-04:00,2026-08-01T17:00:00-04:00,,SGW-LST-000187,true
SGW-ITM-000188,ShopGoodwill,GW-004,Hardcover regional cookbook,Books,Used - Good,2026-08-05T09:00:00-04:00,2026-08-07T11:00:00-04:00,2026-08-15T17:00:00-04:00,,SGW-LST-000188,true
SGW-ITM-000189,ShopGoodwill,GW-018,Nintendo DS console with charger,Electronics,Used - Acceptable,2026-07-18T09:00:00-04:00,2026-07-29T11:00:00-04:00,2026-08-05T17:00:00-04:00,,SGW-LST-000189,true
SGW-ITM-000190,ShopGoodwill,GW-011,Nintendo DS console with charger,Electronics,For parts / repair,2026-07-22T09:00:00-04:00,2026-07-26T11:00:00-04:00,2026-08-09T17:00:00-04:00,,SGW-LST-000190,true
SGW-ITM-000191,ShopGoodwill,GW-002,"Model train locomotive, boxed",Collectibles,Used - Acceptable,2026-08-03T09:00:00-04:00,2026-08-15T11:00:00-04:00,2026-08-23T17:00:00-04:00,,SGW-LST-000191,true
SGW-ITM-000192,ShopGoodwill,GW-020,"Bose portable speaker, cosmetic wear",Electronics,Used - Acceptable,2026-07-19T09:00:00-04:00,2026-07-27T11:00:00-04:00,2026-08-08T17:00:00-04:00,,SGW-LST-000192,true
SGW-ITM-000193,ShopGoodwill,GW-019,"Silk scarf, floral print",Accessories,Used - Good,2026-07-26T09:00:00-04:00,2026-08-09T11:00:00-04:00,2026-08-28T17:00:00-04:00,,SGW-LST-000193,true
SGW-ITM-000194,ShopGoodwill,GW-010,Sony stereo receiver — tested,Electronics,For parts / repair,2026-08-22T09:00:00-04:00,2026-08-23T11:00:00-04:00,2026-08-25T17:00:00-04:00,,SGW-LST-000194,true
SGW-ITM-000195,ShopGoodwill,GW-008,Sony stereo receiver — tested,Electronics,Used - Acceptable,2026-06-27T09:00:00-04:00,2026-07-04T11:00:00-04:00,2026-08-11T17:00:00-04:00,,SGW-LST-000195,true
SGW-ITM-000196,ShopGoodwill,GW-015,"Hiking backpack, 40L",Sporting Goods,Used - Acceptable,2026-07-28T09:00:00-04:00,2026-08-08T11:00:00-04:00,2026-08-10T17:00:00-04:00,,SGW-LST-000196,true
SGW-ITM-000197,ShopGoodwill,GW-016,KitchenAid hand mixer with beaters,Home,For parts / repair,2026-08-02T09:00:00-04:00,2026-08-11T11:00:00-04:00,2026-08-29T17:00:00-04:00,,SGW-LST-000197,true
SGW-ITM-000198,ShopGoodwill,GW-016,Engineering reference manual,Books,Used - Very Good,2026-07-04T09:00:00-04:00,2026-07-14T11:00:00-04:00,2026-08-04T17:00:00-04:00,,SGW-LST-000198,true
SGW-ITM-000199,ShopGoodwill,GW-010,"Die-cast vehicle lot, assorted",Collectibles,For parts / repair,2026-07-06T09:00:00-04:00,2026-07-20T11:00:00-04:00,2026-08-04T17:00:00-04:00,,SGW-LST-000199,true
SGW-ITM-000200,ShopGoodwill,GW-021,"Vintage concert T-shirt, size XL",Apparel,Used - Acceptable,2026-07-16T09:00:00-04:00,2026-07-18T11:00:00-04:00,2026-08-20T17:00:00-04:00,,SGW-LST-000200,true
SGW-ITM-000201,ShopGoodwill,GW-001,Vintage Pyrex mixing bowl set,Collectibles,Used - Very Good,2026-07-16T09:00:00-04:00,2026-07-21T11:00:00-04:00,2026-08-16T17:00:00-04:00,,SGW-LST-000201,true
SGW-ITM-000202,ShopGoodwill,GW-021,"Handwoven wool rug, 3 × 5 ft",Home,Used - Good,2026-07-09T09:00:00-04:00,2026-07-12T11:00:00-04:00,2026-08-12T17:00:00-04:00,,SGW-LST-000202,true
SGW-ITM-000203,ShopGoodwill,GW-021,Sony stereo receiver — tested,Electronics,Used - Good,2026-08-09T09:00:00-04:00,2026-08-10T11:00:00-04:00,2026-08-23T17:00:00-04:00,,SGW-LST-000203,true
SGW-ITM-000204,ShopGoodwill,GW-022,"Craftsman socket set, 32 pieces",Tools,For parts / repair,2026-08-05T09:00:00-04:00,2026-08-13T11:00:00-04:00,2026-08-27T17:00:00-04:00,,SGW-LST-000204,true
SGW-ITM-000205,ShopGoodwill,GW-008,"Canon EF zoom lens, 75–300mm",Electronics,Used - Acceptable,2026-07-16T09:00:00-04:00,2026-07-23T11:00:00-04:00,2026-08-03T17:00:00-04:00,,SGW-LST-000205,true
SGW-ITM-000206,ShopGoodwill,GW-001,"Canon EF zoom lens, 75–300mm",Electronics,For parts / repair,2026-08-02T09:00:00-04:00,2026-08-04T11:00:00-04:00,2026-08-24T17:00:00-04:00,,SGW-LST-000206,true
SGW-ITM-000207,ShopGoodwill,GW-010,Fishing reel with spare spool,Sporting Goods,Used - Very Good,2026-07-29T09:00:00-04:00,2026-08-06T11:00:00-04:00,2026-08-24T17:00:00-04:00,,SGW-LST-000207,true
SGW-ITM-000208,ShopGoodwill,GW-002,"Vintage concert T-shirt, size XL",Apparel,Used - Good,2026-07-28T09:00:00-04:00,2026-08-07T11:00:00-04:00,2026-08-12T17:00:00-04:00,,SGW-LST-000208,true
SGW-ITM-000209,ShopGoodwill,GW-007,"Brass table lamp, tested",Home,Used - Acceptable,2026-07-22T09:00:00-04:00,2026-07-24T11:00:00-04:00,2026-08-29T17:00:00-04:00,,SGW-LST-000209,true
SGW-ITM-000210,ShopGoodwill,GW-018,"Golf iron set, right handed",Sporting Goods,For parts / repair,2026-07-08T09:00:00-04:00,2026-07-18T11:00:00-04:00,2026-08-10T17:00:00-04:00,,SGW-LST-000210,true
SGW-ITM-000211,ShopGoodwill,,"Digital multimeter, tested",Tools,Used - Good,2026-07-28T09:00:00-04:00,2026-07-29T11:00:00-04:00,2026-08-16T17:00:00-04:00,,SGW-LST-000211,true
SGW-ITM-000212,ShopGoodwill,GW-007,"Levi's denim jacket, size L",Apparel,Used - Very Good,2026-06-26T09:00:00-04:00,2026-07-09T11:00:00-04:00,2026-08-13T17:00:00-04:00,,SGW-LST-000212,true
SGW-ITM-000213,ShopGoodwill,GW-018,KitchenAid hand mixer with beaters,Home,Used - Good,2026-07-17T09:00:00-04:00,2026-07-24T11:00:00-04:00,2026-08-30T17:00:00-04:00,,SGW-LST-000213,true
SGW-ITM-000214,ShopGoodwill,GW-004,KitchenAid hand mixer with beaters,Home,Used - Good,2026-08-02T09:00:00-04:00,2026-08-04T11:00:00-04:00,2026-08-15T17:00:00-04:00,,SGW-LST-000214,true
SGW-ITM-000215,ShopGoodwill,GW-015,"Handwoven wool rug, 3 × 5 ft",Home,For parts / repair,2026-07-15T09:00:00-04:00,2026-07-19T11:00:00-04:00,2026-08-18T17:00:00-04:00,,SGW-LST-000215,true
SGW-ITM-000216,ShopGoodwill,GW-009,Vintage belt with brass buckle,Accessories,Used - Very Good,2026-07-16T09:00:00-04:00,2026-07-20T11:00:00-04:00,2026-08-13T17:00:00-04:00,,SGW-LST-000216,true
SGW-ITM-000217,ShopGoodwill,GW-016,Vintage Pyrex mixing bowl set,Collectibles,Used - Very Good,2026-07-27T09:00:00-04:00,2026-08-03T11:00:00-04:00,2026-08-13T17:00:00-04:00,,SGW-LST-000217,true
SGW-ITM-000218,ShopGoodwill,GW-007,"Sterling silver necklace, 18 inch",Jewelry,For parts / repair,2026-07-19T09:00:00-04:00,2026-07-23T11:00:00-04:00,2026-08-04T17:00:00-04:00,,SGW-LST-000218,true
SGW-ITM-000219,ShopGoodwill,GW-006,"Gold-tone wristwatch, untested",Jewelry,For parts / repair,2026-07-21T09:00:00-04:00,2026-07-27T11:00:00-04:00,2026-08-18T17:00:00-04:00,,SGW-LST-000219,true
SGW-ITM-000220,ShopGoodwill,GW-014,"Bose portable speaker, cosmetic wear",Electronics,For parts / repair,2026-07-12T09:00:00-04:00,2026-07-22T11:00:00-04:00,2026-08-09T17:00:00-04:00,,SGW-LST-000220,true
SGW-ITM-000221,ShopGoodwill,GW-015,"Patagonia fleece jacket, size M",Apparel,Used - Good,2026-07-23T09:00:00-04:00,2026-07-30T11:00:00-04:00,2026-08-12T17:00:00-04:00,,SGW-LST-000221,true
SGW-ITM-000222,ShopGoodwill,GW-004,"Vintage cassette deck, powers on",Electronics,Used - Good,2026-07-08T09:00:00-04:00,2026-07-09T11:00:00-04:00,2026-08-14T17:00:00-04:00,,SGW-LST-000222,true
SGW-ITM-000223,ShopGoodwill,GW-022,Vintage Stanley hand plane,Tools,Used - Very Good,2026-07-04T09:00:00-04:00,2026-07-15T11:00:00-04:00,2026-08-21T17:00:00-04:00,,SGW-LST-000223,true
SGW-ITM-000224,ShopGoodwill,GW-017,"Sterling silver necklace, 18 inch",Jewelry,For parts / repair,2026-07-27T09:00:00-04:00,2026-08-10T11:00:00-04:00,2026-08-27T17:00:00-04:00,,SGW-LST-000224,true
SGW-ITM-000225,ShopGoodwill,GW-004,"Golf iron set, right handed",Sporting Goods,For parts / repair,2026-08-07T09:00:00-04:00,2026-08-11T11:00:00-04:00,2026-08-29T17:00:00-04:00,,SGW-LST-000225,true
SGW-ITM-000226,ShopGoodwill,GW-012,"DeWalt cordless drill, tool only",Tools,For parts / repair,2026-08-13T09:00:00-04:00,2026-08-17T11:00:00-04:00,2026-08-31T17:00:00-04:00,,SGW-LST-000226,true
SGW-ITM-000227,ShopGoodwill,GW-012,"Stoneware dinner service, 12 pieces",Home,Used - Very Good,2026-07-19T09:00:00-04:00,2026-08-01T11:00:00-04:00,2026-08-31T17:00:00-04:00,,SGW-LST-000227,true
SGW-ITM-000228,ShopGoodwill,GW-014,"Patagonia fleece jacket, size M",Apparel,Used - Good,2026-07-08T09:00:00-04:00,2026-07-17T11:00:00-04:00,2026-08-22T17:00:00-04:00,,SGW-LST-000228,true
SGW-ITM-000229,ShopGoodwill,GW-011,Vintage belt with brass buckle,Accessories,Used - Good,2026-07-31T09:00:00-04:00,2026-08-06T11:00:00-04:00,2026-08-30T17:00:00-04:00,,SGW-LST-000229,true
SGW-ITM-000230,ShopGoodwill,GW-020,"Craftsman socket set, 32 pieces",Tools,Used - Very Good,2026-07-18T09:00:00-04:00,2026-07-30T11:00:00-04:00,2026-08-25T17:00:00-04:00,,SGW-LST-000230,true
SGW-ITM-000231,ShopGoodwill,GW-018,Sony stereo receiver — tested,Electronics,For parts / repair,2026-08-11T09:00:00-04:00,2026-08-19T11:00:00-04:00,2026-08-25T17:00:00-04:00,,SGW-LST-000231,true
SGW-ITM-000232,ShopGoodwill,GW-024,"Vintage cassette deck, powers on",Electronics,Used - Acceptable,2026-07-08T09:00:00-04:00,2026-07-21T11:00:00-04:00,2026-08-18T17:00:00-04:00,,SGW-LST-000232,true
SGW-ITM-000233,ShopGoodwill,GW-015,"Vintage concert T-shirt, size XL",Apparel,Used - Good,2026-07-06T09:00:00-04:00,2026-07-16T11:00:00-04:00,2026-08-03T17:00:00-04:00,,SGW-LST-000233,true
SGW-ITM-000234,ShopGoodwill,GW-021,KitchenAid hand mixer with beaters,Home,For parts / repair,2026-07-21T09:00:00-04:00,2026-07-31T11:00:00-04:00,2026-08-16T17:00:00-04:00,,SGW-LST-000234,true
SGW-ITM-000235,ShopGoodwill,GW-016,Vintage belt with brass buckle,Accessories,Used - Acceptable,2026-08-02T09:00:00-04:00,2026-08-12T11:00:00-04:00,2026-08-25T17:00:00-04:00,,SGW-LST-000235,true
SGW-ITM-000236,ShopGoodwill,GW-007,"Sterling ring, size 7",Jewelry,Used - Acceptable,2026-07-18T09:00:00-04:00,2026-07-29T11:00:00-04:00,2026-08-13T17:00:00-04:00,,SGW-LST-000236,true
SGW-ITM-000237,ShopGoodwill,GW-015,"Model train locomotive, boxed",Collectibles,For parts / repair,2026-07-23T09:00:00-04:00,2026-07-30T11:00:00-04:00,2026-08-28T17:00:00-04:00,,SGW-LST-000237,true
SGW-ITM-000238,ShopGoodwill,GW-005,Vintage Pyrex mixing bowl set,Collectibles,Used - Good,2026-08-01T09:00:00-04:00,2026-08-06T11:00:00-04:00,2026-08-15T17:00:00-04:00,,SGW-LST-000238,true
SGW-ITM-000239,ShopGoodwill,GW-004,"Vintage concert T-shirt, size XL",Apparel,For parts / repair,2026-08-20T09:00:00-04:00,2026-08-21T11:00:00-04:00,2026-08-29T17:00:00-04:00,,SGW-LST-000239,true
SGW-ITM-000240,ShopGoodwill,GW-002,"Bose portable speaker, cosmetic wear",Electronics,Used - Good,2026-08-01T09:00:00-04:00,2026-08-04T11:00:00-04:00,2026-08-12T17:00:00-04:00,,SGW-LST-000240,true
SGW-ITM-000241,ShopGoodwill,GW-020,"Die-cast vehicle lot, assorted",Collectibles,Used - Good,2026-07-14T09:00:00-04:00,2026-07-15T11:00:00-04:00,2026-08-02T17:00:00-04:00,,SGW-LST-000241,true
SGW-ITM-000242,ShopGoodwill,GW-018,"Estate postcard collection, 80 pieces",Collectibles,Used - Good,2026-06-29T09:00:00-04:00,2026-07-06T11:00:00-04:00,2026-08-09T17:00:00-04:00,,SGW-LST-000242,true
SGW-ITM-000243,ShopGoodwill,GW-014,Sony stereo receiver — tested,Electronics,For parts / repair,2026-07-28T09:00:00-04:00,2026-08-01T11:00:00-04:00,2026-08-10T17:00:00-04:00,,SGW-LST-000243,true
SGW-ITM-000244,ShopGoodwill,GW-012,"Canon EF zoom lens, 75–300mm",Electronics,For parts / repair,2026-07-10T09:00:00-04:00,2026-07-17T11:00:00-04:00,2026-08-05T17:00:00-04:00,,SGW-LST-000244,true
SGW-ITM-000245,ShopGoodwill,GW-012,Signed studio pottery vase,Collectibles,Used - Good,2026-07-19T09:00:00-04:00,2026-07-30T11:00:00-04:00,2026-08-20T17:00:00-04:00,,SGW-LST-000245,true
SGW-ITM-000246,ShopGoodwill,GW-019,Vintage belt with brass buckle,Accessories,For parts / repair,2026-07-26T09:00:00-04:00,2026-07-31T11:00:00-04:00,2026-08-31T17:00:00-04:00,,SGW-LST-000246,true
SGW-ITM-000247,ShopGoodwill,GW-008,Signed studio pottery vase,Collectibles,Used - Acceptable,2026-06-29T09:00:00-04:00,2026-07-10T11:00:00-04:00,2026-08-17T17:00:00-04:00,,SGW-LST-000247,true
SGW-ITM-000248,ShopGoodwill,GW-001,"Patagonia fleece jacket, size M",Apparel,For parts / repair,2026-06-22T09:00:00-04:00,2026-07-01T11:00:00-04:00,2026-08-06T17:00:00-04:00,,SGW-LST-000248,true
SGW-ITM-000249,ShopGoodwill,GW-002,"Vintage concert T-shirt, size XL",Apparel,Used - Very Good,2026-07-16T09:00:00-04:00,2026-07-20T11:00:00-04:00,2026-08-21T17:00:00-04:00,,SGW-LST-000249,true
SGW-ITM-000250,ShopGoodwill,GW-001,Vintage belt with brass buckle,Accessories,Used - Acceptable,2026-07-24T09:00:00-04:00,2026-08-07T11:00:00-04:00,2026-08-09T17:00:00-04:00,,SGW-LST-000250,true
SGW-ITM-000251,ShopGoodwill,GW-010,Sony stereo receiver — tested,Electronics,Used - Acceptable,2026-07-29T09:00:00-04:00,2026-08-10T11:00:00-04:00,2026-08-26T17:00:00-04:00,,SGW-LST-000251,true
SGW-ITM-000252,ShopGoodwill,GW-016,Nintendo DS console with charger,Electronics,Used - Acceptable,2026-07-18T09:00:00-04:00,2026-07-23T11:00:00-04:00,2026-08-28T17:00:00-04:00,,SGW-LST-000252,true
SGW-ITM-000253,ShopGoodwill,GW-004,"Vintage cassette deck, powers on",Electronics,Used - Good,2026-08-17T09:00:00-04:00,2026-08-26T11:00:00-04:00,2026-08-28T17:00:00-04:00,2026-08-29T21:00:00-04:00,SGW-LST-000253,true
SGW-ITM-000254,ShopGoodwill,GW-022,Nintendo DS console with charger,Electronics,For parts / repair,2026-07-11T09:00:00-04:00,2026-07-23T11:00:00-04:00,2026-08-30T17:00:00-04:00,,SGW-LST-000254,true
SGW-ITM-000255,ShopGoodwill,GW-007,"Mystery paperback lot, 6 books",Books,Used - Very Good,2026-07-11T09:00:00-04:00,2026-07-17T11:00:00-04:00,2026-08-08T17:00:00-04:00,,SGW-LST-000255,true
SGW-ITM-000256,ShopGoodwill,GW-002,"Digital multimeter, tested",Tools,Used - Acceptable,2026-08-13T09:00:00-04:00,2026-08-21T11:00:00-04:00,2026-08-25T17:00:00-04:00,,SGW-LST-000256,true
SGW-ITM-000257,ShopGoodwill,GW-011,Tennis racquet pair with covers,Sporting Goods,Used - Very Good,2026-08-14T09:00:00-04:00,2026-08-17T11:00:00-04:00,2026-08-24T17:00:00-04:00,,SGW-LST-000257,true
SGW-ITM-000258,ShopGoodwill,GW-006,"Handwoven wool rug, 3 × 5 ft",Home,Used - Acceptable,2026-07-20T09:00:00-04:00,2026-07-27T11:00:00-04:00,2026-08-27T17:00:00-04:00,,SGW-LST-000258,true
SGW-ITM-000259,ShopGoodwill,GW-005,Sony stereo receiver — tested,Electronics,Used - Very Good,2026-07-17T09:00:00-04:00,2026-07-28T11:00:00-04:00,2026-08-24T17:00:00-04:00,,SGW-LST-000259,true
SGW-ITM-000260,ShopGoodwill,GW-004,"Die-cast vehicle lot, assorted",Collectibles,For parts / repair,2026-07-11T09:00:00-04:00,2026-07-23T11:00:00-04:00,2026-08-08T17:00:00-04:00,,SGW-LST-000260,true
SGW-ITM-000261,ShopGoodwill,GW-018,Signed studio pottery vase,Collectibles,Used - Very Good,2026-07-30T09:00:00-04:00,2026-08-05T11:00:00-04:00,2026-08-30T17:00:00-04:00,,SGW-LST-000261,true
SGW-ITM-000262,ShopGoodwill,GW-003,Engineering reference manual,Books,For parts / repair,2026-07-10T09:00:00-04:00,2026-07-16T11:00:00-04:00,2026-08-15T17:00:00-04:00,,SGW-LST-000262,true
SGW-ITM-000263,ShopGoodwill,GW-012,"Canon EF zoom lens, 75–300mm",Electronics,Used - Good,2026-07-28T09:00:00-04:00,2026-08-04T11:00:00-04:00,2026-08-26T17:00:00-04:00,,SGW-LST-000263,true
SGW-ITM-000264,ShopGoodwill,GW-014,"Brass table lamp, tested",Home,Used - Acceptable,2026-07-15T09:00:00-04:00,2026-07-26T11:00:00-04:00,2026-08-28T17:00:00-04:00,,SGW-LST-000264,true
SGW-ITM-000265,ShopGoodwill,GW-015,Engineering reference manual,Books,Used - Acceptable,2026-08-07T09:00:00-04:00,2026-08-14T11:00:00-04:00,2026-08-28T17:00:00-04:00,,SGW-LST-000265,true
SGW-ITM-000266,ShopGoodwill,GW-017,"Illustrated field guide, revised edition",Books,Used - Acceptable,2026-07-29T09:00:00-04:00,2026-07-30T11:00:00-04:00,2026-08-07T17:00:00-04:00,,SGW-LST-000266,true
SGW-ITM-000267,ShopGoodwill,GW-012,"Bose portable speaker, cosmetic wear",Electronics,Used - Very Good,2026-07-16T09:00:00-04:00,2026-07-21T11:00:00-04:00,2026-08-02T17:00:00-04:00,,SGW-LST-000267,true
SGW-ITM-000268,ShopGoodwill,GW-004,"Leather tote bag, brown",Accessories,Used - Good,2026-07-29T09:00:00-04:00,2026-07-31T11:00:00-04:00,2026-08-13T17:00:00-04:00,,SGW-LST-000268,true
SGW-ITM-000269,ShopGoodwill,GW-014,Vintage Pyrex mixing bowl set,Collectibles,Used - Acceptable,2026-07-10T09:00:00-04:00,2026-07-19T11:00:00-04:00,2026-08-19T17:00:00-04:00,,SGW-LST-000269,true
SGW-ITM-000270,ShopGoodwill,GW-020,"Golf iron set, right handed",Sporting Goods,Used - Acceptable,2026-06-30T09:00:00-04:00,2026-07-05T11:00:00-04:00,2026-08-02T17:00:00-04:00,,SGW-LST-000270,true
SGW-ITM-000271,ShopGoodwill,GW-012,"Brass table lamp, tested",Home,Used - Good,2026-07-29T09:00:00-04:00,2026-08-10T11:00:00-04:00,2026-08-16T17:00:00-04:00,,SGW-LST-000271,true
SGW-ITM-000272,ShopGoodwill,GW-024,Sony stereo receiver — tested,Electronics,Used - Good,2026-07-12T09:00:00-04:00,2026-07-23T11:00:00-04:00,2026-08-30T17:00:00-04:00,,SGW-LST-000272,true
SGW-ITM-000273,ShopGoodwill,GW-023,"Illustrated field guide, revised edition",Books,Used - Good,2026-07-12T09:00:00-04:00,2026-07-15T11:00:00-04:00,2026-08-08T17:00:00-04:00,,SGW-LST-000273,true
SGW-ITM-000274,ShopGoodwill,GW-004,"Art history volume, dust jacket",Books,Used - Acceptable,2026-07-23T09:00:00-04:00,2026-07-25T11:00:00-04:00,2026-08-26T17:00:00-04:00,,SGW-LST-000274,true
SGW-ITM-000275,ShopGoodwill,GW-009,"DeWalt cordless drill, tool only",Tools,Used - Very Good,2026-07-28T09:00:00-04:00,2026-08-09T11:00:00-04:00,2026-08-21T17:00:00-04:00,,SGW-LST-000275,true
SGW-ITM-000276,ShopGoodwill,GW-022,"Golf iron set, right handed",Sporting Goods,Used - Acceptable,2026-07-28T09:00:00-04:00,2026-07-30T11:00:00-04:00,2026-08-26T17:00:00-04:00,,SGW-LST-000276,true
SGW-ITM-000277,ShopGoodwill,GW-020,"Vintage cassette deck, powers on",Electronics,For parts / repair,2026-07-11T09:00:00-04:00,2026-07-22T11:00:00-04:00,2026-08-16T17:00:00-04:00,,SGW-LST-000277,true
SGW-ITM-000278,ShopGoodwill,GW-004,"Bose portable speaker, cosmetic wear",Electronics,Used - Good,2026-07-07T09:00:00-04:00,2026-07-17T11:00:00-04:00,2026-08-23T17:00:00-04:00,,SGW-LST-000278,true
SGW-ITM-000279,ShopGoodwill,GW-007,"DeWalt cordless drill, tool only",Tools,Used - Good,2026-07-26T09:00:00-04:00,2026-08-01T11:00:00-04:00,2026-08-25T17:00:00-04:00,,SGW-LST-000279,true
SGW-ITM-000280,ShopGoodwill,GW-011,"Stoneware dinner service, 12 pieces",Home,For parts / repair,2026-07-19T09:00:00-04:00,2026-07-26T11:00:00-04:00,2026-08-20T17:00:00-04:00,,SGW-LST-000280,true
SGW-ITM-000281,ShopGoodwill,GW-006,"Bose portable speaker, cosmetic wear",Electronics,Used - Acceptable,2026-07-14T09:00:00-04:00,2026-07-23T11:00:00-04:00,2026-08-02T17:00:00-04:00,,SGW-LST-000281,true
SGW-ITM-000282,ShopGoodwill,GW-005,"Brass table lamp, tested",Home,Used - Very Good,2026-07-25T09:00:00-04:00,2026-08-03T11:00:00-04:00,2026-08-08T17:00:00-04:00,,SGW-LST-000282,true
SGW-ITM-000283,ShopGoodwill,GW-018,Sony stereo receiver — tested,Electronics,Used - Acceptable,2026-08-07T09:00:00-04:00,2026-08-19T11:00:00-04:00,2026-08-22T17:00:00-04:00,,SGW-LST-000283,true
SGW-ITM-000284,ShopGoodwill,GW-008,"Brass table lamp, tested",Home,For parts / repair,2026-07-18T09:00:00-04:00,2026-07-20T11:00:00-04:00,2026-08-09T17:00:00-04:00,,SGW-LST-000284,true
SGW-ITM-000285,ShopGoodwill,GW-006,Vintage costume jewelry lot,Jewelry,For parts / repair,2026-07-24T09:00:00-04:00,2026-08-02T11:00:00-04:00,2026-08-29T17:00:00-04:00,,SGW-LST-000285,true
SGW-ITM-000286,ShopGoodwill,GW-020,"Handwoven wool rug, 3 × 5 ft",Home,Used - Acceptable,2026-07-26T09:00:00-04:00,2026-08-07T11:00:00-04:00,2026-08-20T17:00:00-04:00,,SGW-LST-000286,true
SGW-ITM-000287,ShopGoodwill,GW-012,"Bose portable speaker, cosmetic wear",Electronics,Used - Very Good,2026-07-03T09:00:00-04:00,2026-07-08T11:00:00-04:00,2026-08-11T17:00:00-04:00,,SGW-LST-000287,true
SGW-ITM-000288,ShopGoodwill,GW-004,"Die-cast vehicle lot, assorted",Collectibles,Used - Good,2026-07-24T09:00:00-04:00,2026-07-27T11:00:00-04:00,2026-08-17T17:00:00-04:00,,SGW-LST-000288,true
SGW-ITM-000289,ShopGoodwill,GW-012,"Levi's denim jacket, size L",Apparel,Used - Very Good,2026-07-16T09:00:00-04:00,2026-07-24T11:00:00-04:00,2026-08-12T17:00:00-04:00,,SGW-LST-000289,true
SGW-ITM-000290,ShopGoodwill,GW-006,"Die-cast vehicle lot, assorted",Collectibles,For parts / repair,2026-07-21T09:00:00-04:00,2026-07-22T11:00:00-04:00,2026-08-15T17:00:00-04:00,,SGW-LST-000290,true
SGW-ITM-000291,ShopGoodwill,GW-016,"Travel duffel, navy",Accessories,For parts / repair,2026-07-01T09:00:00-04:00,2026-07-12T11:00:00-04:00,2026-08-02T17:00:00-04:00,,SGW-LST-000291,true
SGW-ITM-000292,ShopGoodwill,GW-012,Nintendo DS console with charger,Electronics,For parts / repair,2026-07-31T09:00:00-04:00,2026-08-06T11:00:00-04:00,2026-08-15T17:00:00-04:00,,SGW-LST-000292,true
SGW-ITM-000293,ShopGoodwill,GW-015,"Handwoven wool rug, 3 × 5 ft",Home,Used - Very Good,2026-07-27T09:00:00-04:00,2026-08-01T11:00:00-04:00,2026-08-29T17:00:00-04:00,,SGW-LST-000293,true
SGW-ITM-000294,ShopGoodwill,GW-017,Signed studio pottery vase,Collectibles,For parts / repair,2026-07-29T09:00:00-04:00,2026-08-04T11:00:00-04:00,2026-08-21T17:00:00-04:00,,SGW-LST-000294,true
SGW-ITM-000295,ShopGoodwill,GW-016,"Craftsman socket set, 32 pieces",Tools,For parts / repair,2026-07-01T09:00:00-04:00,2026-07-12T11:00:00-04:00,2026-08-15T17:00:00-04:00,,SGW-LST-000295,true
SGW-ITM-000296,ShopGoodwill,GW-017,Vintage costume jewelry lot,Jewelry,Used - Acceptable,2026-07-13T09:00:00-04:00,2026-07-24T11:00:00-04:00,2026-08-21T17:00:00-04:00,2026-08-22T21:00:00-04:00,SGW-LST-000296,true
SGW-ITM-000297,ShopGoodwill,GW-008,"Canon EF zoom lens, 75–300mm",Electronics,Used - Very Good,2026-07-08T09:00:00-04:00,2026-07-13T11:00:00-04:00,2026-08-04T17:00:00-04:00,,SGW-LST-000297,true
SGW-ITM-000298,ShopGoodwill,GW-020,"Wool cardigan, size S",Apparel,For parts / repair,2026-06-18T09:00:00-04:00,2026-07-02T11:00:00-04:00,2026-08-09T17:00:00-04:00,,SGW-LST-000298,true
SGW-ITM-000299,ShopGoodwill,GW-012,"Bose portable speaker, cosmetic wear",Electronics,Used - Acceptable,2026-06-28T09:00:00-04:00,2026-07-10T11:00:00-04:00,2026-08-06T17:00:00-04:00,,SGW-LST-000299,true
SGW-ITM-000300,ShopGoodwill,GW-014,"Levi's denim jacket, size L",Apparel,For parts / repair,2026-07-10T09:00:00-04:00,2026-07-13T11:00:00-04:00,2026-08-03T17:00:00-04:00,,SGW-LST-000300,true
SGW-ITM-000301,ShopGoodwill,GW-014,Nintendo DS console with charger,Electronics,Used - Acceptable,2026-08-02T09:00:00-04:00,2026-08-08T11:00:00-04:00,2026-08-13T17:00:00-04:00,,SGW-LST-000301,true
SGW-ITM-000302,ShopGoodwill,GW-020,"Estate postcard collection, 80 pieces",Collectibles,For parts / repair,2026-07-31T09:00:00-04:00,2026-08-09T11:00:00-04:00,2026-08-24T17:00:00-04:00,,SGW-LST-000302,true
SGW-ITM-000303,ShopGoodwill,GW-008,"Die-cast vehicle lot, assorted",Collectibles,Used - Very Good,2026-08-16T09:00:00-04:00,2026-08-17T11:00:00-04:00,2026-08-29T17:00:00-04:00,,SGW-LST-000303,true
SGW-ITM-000304,ShopGoodwill,GW-005,KitchenAid hand mixer with beaters,Home,Used - Very Good,2026-07-28T09:00:00-04:00,2026-08-09T11:00:00-04:00,2026-08-22T17:00:00-04:00,,SGW-LST-000304,true
SGW-ITM-000305,ShopGoodwill,GW-007,Signed studio pottery vase,Collectibles,Used - Acceptable,2026-06-26T09:00:00-04:00,2026-07-05T11:00:00-04:00,2026-08-07T17:00:00-04:00,,SGW-LST-000305,true
SGW-ITM-000306,ShopGoodwill,GW-012,"Vintage cassette deck, powers on",Electronics,Used - Acceptable,2026-07-27T09:00:00-04:00,2026-08-05T11:00:00-04:00,2026-08-11T17:00:00-04:00,,SGW-LST-000306,true
SGW-ITM-000307,ShopGoodwill,GW-001,"Bose portable speaker, cosmetic wear",Electronics,Used - Very Good,2026-08-13T09:00:00-04:00,2026-08-14T11:00:00-04:00,2026-08-26T17:00:00-04:00,,SGW-LST-000307,true
SGW-ITM-000308,ShopGoodwill,GW-017,"Handwoven wool rug, 3 × 5 ft",Home,Used - Good,2026-08-06T09:00:00-04:00,2026-08-10T11:00:00-04:00,2026-08-15T17:00:00-04:00,,SGW-LST-000308,true
SGW-ITM-000309,ShopGoodwill,GW-011,"Leather tote bag, brown",Accessories,For parts / repair,2026-07-20T09:00:00-04:00,2026-08-02T11:00:00-04:00,2026-08-22T17:00:00-04:00,,SGW-LST-000309,true
SGW-ITM-000310,ShopGoodwill,GW-012,Vintage costume jewelry lot,Jewelry,Used - Acceptable,2026-07-18T09:00:00-04:00,2026-07-30T11:00:00-04:00,2026-08-05T17:00:00-04:00,,SGW-LST-000310,true
SGW-ITM-000311,ShopGoodwill,GW-008,"Die-cast vehicle lot, assorted",Collectibles,Used - Good,2026-07-23T09:00:00-04:00,2026-08-01T11:00:00-04:00,2026-08-07T17:00:00-04:00,,SGW-LST-000311,true
SGW-ITM-000312,ShopGoodwill,GW-009,"Canon EF zoom lens, 75–300mm",Electronics,Used - Good,2026-08-06T09:00:00-04:00,2026-08-12T11:00:00-04:00,2026-08-28T17:00:00-04:00,,SGW-LST-000312,true
SGW-ITM-000313,ShopGoodwill,GW-008,"Patagonia fleece jacket, size M",Apparel,Used - Good,2026-07-24T09:00:00-04:00,2026-07-26T11:00:00-04:00,2026-08-16T17:00:00-04:00,,SGW-LST-000313,true
SGW-ITM-000314,ShopGoodwill,GW-004,"Levi's denim jacket, size L",Apparel,For parts / repair,2026-08-11T09:00:00-04:00,2026-08-13T11:00:00-04:00,2026-08-28T17:00:00-04:00,,SGW-LST-000314,true
SGW-ITM-000315,ShopGoodwill,GW-024,Engineering reference manual,Books,For parts / repair,2026-07-28T09:00:00-04:00,2026-07-31T11:00:00-04:00,2026-08-14T17:00:00-04:00,,SGW-LST-000315,true
SGW-ITM-000316,ShopGoodwill,GW-015,"Wool cardigan, size S",Apparel,Used - Acceptable,2026-07-28T09:00:00-04:00,2026-08-05T11:00:00-04:00,2026-08-16T17:00:00-04:00,,SGW-LST-000316,true
SGW-ITM-000317,ShopGoodwill,GW-002,Sony stereo receiver — tested,Electronics,Used - Acceptable,2026-07-04T09:00:00-04:00,2026-07-17T11:00:00-04:00,2026-08-04T17:00:00-04:00,,SGW-LST-000317,true
SGW-ITM-000318,ShopGoodwill,GW-009,Nintendo DS console with charger,Electronics,Used - Very Good,2026-07-27T09:00:00-04:00,2026-07-30T11:00:00-04:00,2026-08-08T17:00:00-04:00,,SGW-LST-000318,true
SGW-ITM-000319,ShopGoodwill,GW-024,Engineering reference manual,Books,For parts / repair,2026-07-21T09:00:00-04:00,2026-07-28T11:00:00-04:00,2026-08-28T17:00:00-04:00,,SGW-LST-000319,true
SGW-ITM-000320,ShopGoodwill,GW-023,Vintage Stanley hand plane,Tools,Used - Acceptable,2026-07-22T09:00:00-04:00,2026-07-27T11:00:00-04:00,2026-08-15T17:00:00-04:00,,SGW-LST-000320,true
SGW-ITM-000321,ShopGoodwill,GW-001,"Estate postcard collection, 80 pieces",Collectibles,For parts / repair,2026-07-22T09:00:00-04:00,2026-07-23T11:00:00-04:00,2026-08-30T17:00:00-04:00,,SGW-LST-000321,true
SGW-ITM-000322,ShopGoodwill,GW-022,Signed studio pottery vase,Collectibles,Used - Acceptable,2026-07-22T09:00:00-04:00,2026-07-31T11:00:00-04:00,2026-08-23T17:00:00-04:00,,SGW-LST-000322,true
SGW-ITM-000323,ShopGoodwill,GW-013,"Stoneware dinner service, 12 pieces",Home,Used - Very Good,2026-08-24T09:00:00-04:00,2026-08-25T11:00:00-04:00,2026-08-27T17:00:00-04:00,,SGW-LST-000323,true
SGW-ITM-000324,ShopGoodwill,GW-008,"Vintage concert T-shirt, size XL",Apparel,Used - Acceptable,2026-06-26T09:00:00-04:00,2026-07-05T11:00:00-04:00,2026-08-01T17:00:00-04:00,,SGW-LST-000324,true
SGW-ITM-000325,ShopGoodwill,GW-020,Tennis racquet pair with covers,Sporting Goods,Used - Acceptable,2026-08-25T09:00:00-04:00,2026-08-26T11:00:00-04:00,2026-08-29T17:00:00-04:00,,SGW-LST-000325,true
SGW-ITM-000326,ShopGoodwill,GW-018,"Estate postcard collection, 80 pieces",Collectibles,Used - Good,2026-08-13T09:00:00-04:00,2026-08-14T11:00:00-04:00,2026-08-31T17:00:00-04:00,,SGW-LST-000326,true
SGW-ITM-000327,ShopGoodwill,GW-002,KitchenAid hand mixer with beaters,Home,Used - Good,2026-07-15T09:00:00-04:00,2026-07-21T11:00:00-04:00,2026-08-16T17:00:00-04:00,,SGW-LST-000327,true
SGW-ITM-000328,ShopGoodwill,GW-014,"Patagonia fleece jacket, size M",Apparel,Used - Very Good,2026-07-16T09:00:00-04:00,2026-07-23T11:00:00-04:00,2026-08-14T17:00:00-04:00,,SGW-LST-000328,true
SGW-ITM-000329,ShopGoodwill,GW-014,KitchenAid hand mixer with beaters,Home,For parts / repair,2026-07-13T09:00:00-04:00,2026-07-25T11:00:00-04:00,2026-08-08T17:00:00-04:00,,SGW-LST-000329,true
SGW-ITM-000330,ShopGoodwill,GW-011,"Levi's denim jacket, size L",Apparel,Used - Very Good,2026-07-22T09:00:00-04:00,2026-07-24T11:00:00-04:00,2026-08-12T17:00:00-04:00,,SGW-LST-000330,true
SGW-ITM-000331,ShopGoodwill,GW-022,"Wool cardigan, size S",Apparel,Used - Very Good,2026-07-01T09:00:00-04:00,2026-07-11T11:00:00-04:00,2026-08-13T17:00:00-04:00,,SGW-LST-000331,true
SGW-ITM-000332,ShopGoodwill,GW-019,"Levi's denim jacket, size L",Apparel,Used - Good,2026-07-13T09:00:00-04:00,2026-07-16T11:00:00-04:00,2026-08-16T17:00:00-04:00,,SGW-LST-000332,true
SGW-ITM-000333,ShopGoodwill,GW-004,Sony stereo receiver — tested,Electronics,Used - Very Good,2026-06-29T09:00:00-04:00,2026-07-09T11:00:00-04:00,2026-08-01T17:00:00-04:00,,SGW-LST-000333,true
SGW-ITM-000334,ShopGoodwill,GW-014,"Die-cast vehicle lot, assorted",Collectibles,Used - Very Good,2026-07-28T09:00:00-04:00,2026-07-31T11:00:00-04:00,2026-08-31T17:00:00-04:00,,SGW-LST-000334,true
SGW-ITM-000335,ShopGoodwill,GW-014,Vintage Stanley hand plane,Tools,Used - Very Good,2026-07-29T09:00:00-04:00,2026-08-10T11:00:00-04:00,2026-08-17T17:00:00-04:00,,SGW-LST-000335,true
SGW-ITM-000336,ShopGoodwill,GW-009,"Vintage cassette deck, powers on",Electronics,Used - Acceptable,2026-07-18T09:00:00-04:00,2026-07-21T11:00:00-04:00,2026-08-15T17:00:00-04:00,,SGW-LST-000336,true
SGW-ITM-000337,ShopGoodwill,GW-022,"Mystery paperback lot, 6 books",Books,For parts / repair,2026-06-22T09:00:00-04:00,2026-07-06T11:00:00-04:00,2026-08-05T17:00:00-04:00,,SGW-LST-000337,true
SGW-ITM-000338,ShopGoodwill,GW-009,Hardcover regional cookbook,Books,Used - Very Good,2026-07-09T09:00:00-04:00,2026-07-20T11:00:00-04:00,2026-08-16T17:00:00-04:00,,SGW-LST-000338,true
SGW-ITM-000339,ShopGoodwill,GW-015,"Levi's denim jacket, size L",Apparel,Used - Very Good,2026-06-29T09:00:00-04:00,2026-07-03T11:00:00-04:00,2026-08-04T17:00:00-04:00,,SGW-LST-000339,true
SGW-ITM-000340,ShopGoodwill,GW-011,Nintendo DS console with charger,Electronics,Used - Very Good,2026-07-09T09:00:00-04:00,2026-07-14T11:00:00-04:00,2026-08-10T17:00:00-04:00,,SGW-LST-000340,true
SGW-ITM-000341,ShopGoodwill,GW-014,"Stoneware dinner service, 12 pieces",Home,For parts / repair,2026-07-07T09:00:00-04:00,2026-07-14T11:00:00-04:00,2026-08-13T17:00:00-04:00,,SGW-LST-000341,true
SGW-ITM-000342,ShopGoodwill,GW-008,"Stoneware dinner service, 12 pieces",Home,Used - Acceptable,2026-07-18T09:00:00-04:00,2026-07-24T11:00:00-04:00,2026-08-21T17:00:00-04:00,,SGW-LST-000342,true
SGW-ITM-000343,ShopGoodwill,GW-010,"Digital multimeter, tested",Tools,Used - Good,2026-07-14T09:00:00-04:00,2026-07-25T11:00:00-04:00,2026-08-07T17:00:00-04:00,,SGW-LST-000343,true
SGW-ITM-000344,ShopGoodwill,GW-022,"Canon EF zoom lens, 75–300mm",Electronics,Used - Very Good,2026-08-07T09:00:00-04:00,2026-08-14T11:00:00-04:00,2026-08-17T17:00:00-04:00,,SGW-LST-000344,true
SGW-ITM-000345,ShopGoodwill,GW-019,"Die-cast vehicle lot, assorted",Collectibles,Used - Very Good,2026-08-01T09:00:00-04:00,2026-08-06T11:00:00-04:00,2026-08-11T17:00:00-04:00,,SGW-LST-000345,true
SGW-ITM-000346,ShopGoodwill,GW-015,Vintage costume jewelry lot,Jewelry,Used - Good,2026-08-02T09:00:00-04:00,2026-08-05T11:00:00-04:00,2026-08-25T17:00:00-04:00,,SGW-LST-000346,true
SGW-ITM-000347,ShopGoodwill,GW-004,"Sterling ring, size 7",Jewelry,Used - Acceptable,2026-07-20T09:00:00-04:00,2026-08-02T11:00:00-04:00,2026-08-23T17:00:00-04:00,,SGW-LST-000347,true
SGW-ITM-000348,ShopGoodwill,GW-024,"Bose portable speaker, cosmetic wear",Electronics,Used - Acceptable,2026-08-02T09:00:00-04:00,2026-08-10T11:00:00-04:00,2026-08-18T17:00:00-04:00,,SGW-LST-000348,true
SGW-ITM-000349,ShopGoodwill,GW-022,"Vintage cassette deck, powers on",Electronics,Used - Very Good,2026-07-14T09:00:00-04:00,2026-07-15T11:00:00-04:00,2026-08-12T17:00:00-04:00,2026-08-21T21:00:00-04:00,SGW-LST-000349,true
SGW-ITM-000350,ShopGoodwill,GW-009,KitchenAid hand mixer with beaters,Home,Used - Very Good,2026-07-18T09:00:00-04:00,2026-07-29T11:00:00-04:00,2026-08-29T17:00:00-04:00,,SGW-LST-000350,true
SGW-ITM-000351,ShopGoodwill,GW-001,Engineering reference manual,Books,Used - Good,2026-08-04T09:00:00-04:00,2026-08-09T11:00:00-04:00,2026-08-30T17:00:00-04:00,,SGW-LST-000351,true
SGW-ITM-000352,ShopGoodwill,GW-002,"Bose portable speaker, cosmetic wear",Electronics,Used - Very Good,2026-07-27T09:00:00-04:00,2026-08-08T11:00:00-04:00,2026-08-13T17:00:00-04:00,,SGW-LST-000352,true
SGW-ITM-000353,ShopGoodwill,GW-014,"Patagonia fleece jacket, size M",Apparel,For parts / repair,2026-07-18T09:00:00-04:00,2026-07-20T11:00:00-04:00,2026-08-23T17:00:00-04:00,,SGW-LST-000353,true
SGW-ITM-000354,ShopGoodwill,GW-008,"Estate postcard collection, 80 pieces",Collectibles,Used - Acceptable,2026-07-23T09:00:00-04:00,2026-08-03T11:00:00-04:00,2026-08-15T17:00:00-04:00,,SGW-LST-000354,true
SGW-ITM-000355,ShopGoodwill,GW-017,"Brass table lamp, tested",Home,Used - Good,2026-08-04T09:00:00-04:00,2026-08-07T11:00:00-04:00,2026-08-20T17:00:00-04:00,,SGW-LST-000355,true
SGW-ITM-000356,ShopGoodwill,GW-012,Vintage costume jewelry lot,Jewelry,Used - Good,2026-06-28T09:00:00-04:00,2026-07-07T11:00:00-04:00,2026-08-02T17:00:00-04:00,,SGW-LST-000356,true
SGW-ITM-000357,ShopGoodwill,GW-006,Hardcover regional cookbook,Books,Used - Very Good,2026-07-24T09:00:00-04:00,2026-07-26T11:00:00-04:00,2026-08-27T17:00:00-04:00,,SGW-LST-000357,true
SGW-ITM-000358,ShopGoodwill,GW-018,"Vintage cassette deck, powers on",Electronics,For parts / repair,2026-07-13T09:00:00-04:00,2026-07-25T11:00:00-04:00,2026-08-30T17:00:00-04:00,,SGW-LST-000358,true
SGW-ITM-000359,ShopGoodwill,GW-004,"Canon EF zoom lens, 75–300mm",Electronics,Used - Very Good,2026-07-14T09:00:00-04:00,2026-07-25T11:00:00-04:00,2026-08-06T17:00:00-04:00,,SGW-LST-000359,true
SGW-ITM-000360,ShopGoodwill,GW-017,"Bose portable speaker, cosmetic wear",Electronics,Used - Acceptable,2026-08-21T09:00:00-04:00,2026-08-27T11:00:00-04:00,2026-08-29T17:00:00-04:00,,SGW-LST-000360,true
SGW-ITM-000361,ShopGoodwill,GW-008,"Levi's denim jacket, size L",Apparel,Used - Very Good,2026-07-27T09:00:00-04:00,2026-07-28T11:00:00-04:00,2026-08-19T17:00:00-04:00,,SGW-LST-000361,true
SGW-ITM-000362,ShopGoodwill,GW-002,"Bose portable speaker, cosmetic wear",Electronics,Used - Acceptable,2026-08-03T09:00:00-04:00,2026-08-04T11:00:00-04:00,2026-08-20T17:00:00-04:00,,SGW-LST-000362,true
SGW-ITM-000363,ShopGoodwill,GW-016,"Vintage cassette deck, powers on",Electronics,For parts / repair,2026-07-05T09:00:00-04:00,2026-07-14T11:00:00-04:00,2026-08-07T17:00:00-04:00,,SGW-LST-000363,true
SGW-ITM-000364,ShopGoodwill,GW-008,"Bose portable speaker, cosmetic wear",Electronics,Used - Acceptable,2026-07-22T09:00:00-04:00,2026-07-31T11:00:00-04:00,2026-08-31T17:00:00-04:00,,SGW-LST-000364,true
SGW-ITM-000365,ShopGoodwill,GW-002,Nintendo DS console with charger,Electronics,For parts / repair,2026-07-02T09:00:00-04:00,2026-07-16T11:00:00-04:00,2026-08-08T17:00:00-04:00,,SGW-LST-000365,true
SGW-ITM-000366,ShopGoodwill,GW-005,"Sterling ring, size 7",Jewelry,Used - Very Good,2026-06-26T09:00:00-04:00,2026-07-03T11:00:00-04:00,2026-08-05T17:00:00-04:00,,SGW-LST-000366,true
SGW-ITM-000367,ShopGoodwill,GW-001,"Bose portable speaker, cosmetic wear",Electronics,Used - Good,2026-07-08T09:00:00-04:00,2026-07-09T11:00:00-04:00,2026-08-07T17:00:00-04:00,,SGW-LST-000367,true
SGW-ITM-000368,ShopGoodwill,GW-013,"Vintage concert T-shirt, size XL",Apparel,For parts / repair,2026-07-29T09:00:00-04:00,2026-08-02T11:00:00-04:00,2026-08-04T17:00:00-04:00,,SGW-LST-000368,true
SGW-ITM-000369,ShopGoodwill,GW-012,"Canon EF zoom lens, 75–300mm",Electronics,For parts / repair,2026-07-23T09:00:00-04:00,2026-08-05T11:00:00-04:00,2026-08-28T17:00:00-04:00,,SGW-LST-000369,true
SGW-ITM-000370,ShopGoodwill,GW-012,"Patagonia fleece jacket, size M",Apparel,Used - Very Good,2026-07-22T09:00:00-04:00,2026-07-24T11:00:00-04:00,2026-08-09T17:00:00-04:00,,SGW-LST-000370,true
SGW-ITM-000371,ShopGoodwill,GW-001,Sony stereo receiver — tested,Electronics,Used - Very Good,2026-07-21T09:00:00-04:00,2026-07-29T11:00:00-04:00,2026-08-21T17:00:00-04:00,,SGW-LST-000371,true
SGW-ITM-000372,ShopGoodwill,GW-001,Sony stereo receiver — tested,Electronics,For parts / repair,2026-08-11T09:00:00-04:00,2026-08-18T11:00:00-04:00,2026-08-27T17:00:00-04:00,,SGW-LST-000372,true
SGW-ITM-000373,ShopGoodwill,GW-014,"Vintage cassette deck, powers on",Electronics,Used - Very Good,2026-07-17T09:00:00-04:00,2026-07-26T11:00:00-04:00,2026-08-04T17:00:00-04:00,,SGW-LST-000373,true
SGW-ITM-000374,ShopGoodwill,GW-005,Engineering reference manual,Books,Used - Very Good,2026-07-11T09:00:00-04:00,2026-07-13T11:00:00-04:00,2026-08-07T17:00:00-04:00,,SGW-LST-000374,true
SGW-ITM-000375,ShopGoodwill,GW-023,"Vintage concert T-shirt, size XL",Apparel,Used - Very Good,2026-07-18T09:00:00-04:00,2026-07-30T11:00:00-04:00,2026-08-26T17:00:00-04:00,,SGW-LST-000375,true
SGW-ITM-000376,ShopGoodwill,GW-011,"Stoneware dinner service, 12 pieces",Home,Used - Good,2026-06-23T09:00:00-04:00,2026-06-26T11:00:00-04:00,2026-08-02T17:00:00-04:00,2026-08-05T21:00:00-04:00,SGW-LST-000376,true
SGW-ITM-000377,ShopGoodwill,GW-021,"Craftsman socket set, 32 pieces",Tools,For parts / repair,2026-06-30T09:00:00-04:00,2026-07-01T11:00:00-04:00,2026-08-06T17:00:00-04:00,,SGW-LST-000377,true
SGW-ITM-000378,ShopGoodwill,GW-022,Vintage Pyrex mixing bowl set,Collectibles,For parts / repair,2026-07-26T09:00:00-04:00,2026-07-27T11:00:00-04:00,2026-08-10T17:00:00-04:00,,SGW-LST-000378,true
SGW-ITM-000379,ShopGoodwill,GW-001,Sony stereo receiver — tested,Electronics,Used - Good,2026-07-19T09:00:00-04:00,2026-07-22T11:00:00-04:00,2026-08-17T17:00:00-04:00,,SGW-LST-000379,true
SGW-ITM-000380,ShopGoodwill,GW-021,Sony stereo receiver — tested,Electronics,Used - Acceptable,2026-07-03T09:00:00-04:00,2026-07-16T11:00:00-04:00,2026-08-04T17:00:00-04:00,,SGW-LST-000380,true
SGW-ITM-000381,ShopGoodwill,GW-008,"Wool cardigan, size S",Apparel,Used - Good,2026-08-05T09:00:00-04:00,2026-08-15T11:00:00-04:00,2026-08-18T17:00:00-04:00,,SGW-LST-000381,true
SGW-ITM-000382,ShopGoodwill,GW-006,"Patagonia fleece jacket, size M",Apparel,For parts / repair,2026-08-17T09:00:00-04:00,2026-08-19T11:00:00-04:00,2026-08-21T17:00:00-04:00,,SGW-LST-000382,true
SGW-ITM-000383,ShopGoodwill,GW-009,"Estate postcard collection, 80 pieces",Collectibles,For parts / repair,2026-07-10T09:00:00-04:00,2026-07-19T11:00:00-04:00,2026-08-11T17:00:00-04:00,,SGW-LST-000383,true
SGW-ITM-000384,ShopGoodwill,GW-012,"Vintage cassette deck, powers on",Electronics,For parts / repair,2026-07-10T09:00:00-04:00,2026-07-17T11:00:00-04:00,2026-08-24T17:00:00-04:00,,SGW-LST-000384,true
SGW-ITM-000385,ShopGoodwill,GW-004,Tennis racquet pair with covers,Sporting Goods,Used - Good,2026-07-28T09:00:00-04:00,2026-08-05T11:00:00-04:00,2026-08-19T17:00:00-04:00,,SGW-LST-000385,true
SGW-ITM-000386,ShopGoodwill,GW-015,"Craftsman socket set, 32 pieces",Tools,Used - Very Good,2026-08-08T09:00:00-04:00,2026-08-12T11:00:00-04:00,2026-08-25T17:00:00-04:00,,SGW-LST-000386,true
SGW-ITM-000387,ShopGoodwill,GW-018,"Die-cast vehicle lot, assorted",Collectibles,Used - Good,2026-08-01T09:00:00-04:00,2026-08-07T11:00:00-04:00,2026-08-09T17:00:00-04:00,,SGW-LST-000387,true
SGW-ITM-000388,ShopGoodwill,GW-020,"Vintage concert T-shirt, size XL",Apparel,For parts / repair,2026-06-24T09:00:00-04:00,2026-07-02T11:00:00-04:00,2026-08-07T17:00:00-04:00,,SGW-LST-000388,true
SGW-ITM-000389,ShopGoodwill,GW-014,"Vintage concert T-shirt, size XL",Apparel,Used - Good,2026-08-07T09:00:00-04:00,2026-08-08T11:00:00-04:00,2026-08-16T17:00:00-04:00,,SGW-LST-000389,true
SGW-ITM-000390,ShopGoodwill,GW-018,"Sterling ring, size 7",Jewelry,Used - Acceptable,2026-07-27T09:00:00-04:00,2026-07-28T11:00:00-04:00,2026-08-23T17:00:00-04:00,,SGW-LST-000390,true
SGW-ITM-000391,ShopGoodwill,GW-022,Signed studio pottery vase,Collectibles,Used - Good,2026-07-20T09:00:00-04:00,2026-07-29T11:00:00-04:00,2026-08-17T17:00:00-04:00,,SGW-LST-000391,true
SGW-ITM-000392,ShopGoodwill,GW-007,"Brass table lamp, tested",Home,Used - Acceptable,2026-08-13T09:00:00-04:00,2026-08-16T11:00:00-04:00,2026-08-31T17:00:00-04:00,,SGW-LST-000392,true
SGW-ITM-000393,ShopGoodwill,GW-012,"Vintage concert T-shirt, size XL",Apparel,For parts / repair,2026-07-26T09:00:00-04:00,2026-07-27T11:00:00-04:00,2026-08-31T17:00:00-04:00,,SGW-LST-000393,true
SGW-ITM-000394,ShopGoodwill,GW-009,"Hiking backpack, 40L",Sporting Goods,Used - Acceptable,2026-06-16T09:00:00-04:00,2026-06-29T11:00:00-04:00,2026-08-03T17:00:00-04:00,,SGW-LST-000394,true
SGW-ITM-000395,ShopGoodwill,GW-016,"Leather tote bag, brown",Accessories,For parts / repair,2026-07-15T09:00:00-04:00,2026-07-28T11:00:00-04:00,2026-08-31T17:00:00-04:00,,SGW-LST-000395,true
SGW-ITM-000396,ShopGoodwill,GW-012,"Sterling silver necklace, 18 inch",Jewelry,Used - Acceptable,2026-07-24T09:00:00-04:00,2026-07-27T11:00:00-04:00,2026-08-12T17:00:00-04:00,,SGW-LST-000396,true
SGW-ITM-000397,ShopGoodwill,GW-004,"Die-cast vehicle lot, assorted",Collectibles,Used - Acceptable,2026-07-29T09:00:00-04:00,2026-08-04T11:00:00-04:00,2026-08-26T17:00:00-04:00,,SGW-LST-000397,true
SGW-ITM-000398,ShopGoodwill,GW-016,"Canon EF zoom lens, 75–300mm",Electronics,Used - Very Good,2026-07-13T09:00:00-04:00,2026-07-17T11:00:00-04:00,2026-08-07T17:00:00-04:00,,SGW-LST-000398,true
SGW-ITM-000399,ShopGoodwill,GW-016,"Brass table lamp, tested",Home,Used - Acceptable,2026-07-22T09:00:00-04:00,2026-07-29T11:00:00-04:00,2026-08-22T17:00:00-04:00,,SGW-LST-000399,true
SGW-ITM-000400,ShopGoodwill,GW-020,"Bose portable speaker, cosmetic wear",Electronics,Used - Acceptable,2026-08-13T09:00:00-04:00,2026-08-15T11:00:00-04:00,2026-08-21T17:00:00-04:00,,SGW-LST-000400,true
SGW-ITM-000401,ShopGoodwill,GW-012,"DeWalt cordless drill, tool only",Tools,For parts / repair,2026-07-16T09:00:00-04:00,2026-07-22T11:00:00-04:00,2026-08-04T17:00:00-04:00,,SGW-LST-000401,true
SGW-ITM-000402,ShopGoodwill,GW-008,"Bose portable speaker, cosmetic wear",Electronics,Used - Very Good,2026-07-25T09:00:00-04:00,2026-08-07T11:00:00-04:00,2026-08-09T17:00:00-04:00,,SGW-LST-000402,true
SGW-ITM-000403,ShopGoodwill,GW-016,"Model train locomotive, boxed",Collectibles,For parts / repair,2026-07-30T09:00:00-04:00,2026-08-04T11:00:00-04:00,2026-08-08T17:00:00-04:00,,SGW-LST-000403,true
SGW-ITM-000404,ShopGoodwill,GW-016,"Stoneware dinner service, 12 pieces",Home,Used - Good,2026-08-06T09:00:00-04:00,2026-08-16T11:00:00-04:00,2026-08-28T17:00:00-04:00,,SGW-LST-000404,true
SGW-ITM-000405,ShopGoodwill,GW-011,"Vintage cassette deck, powers on",Electronics,Used - Acceptable,2026-07-24T09:00:00-04:00,2026-07-28T11:00:00-04:00,2026-08-09T17:00:00-04:00,,SGW-LST-000405,true
SGW-ITM-000406,ShopGoodwill,GW-016,Tennis racquet pair with covers,Sporting Goods,Used - Very Good,2026-07-16T09:00:00-04:00,2026-07-25T11:00:00-04:00,2026-08-28T17:00:00-04:00,,SGW-LST-000406,true
SGW-ITM-000407,ShopGoodwill,GW-020,"Patagonia fleece jacket, size M",Apparel,For parts / repair,2026-07-19T09:00:00-04:00,2026-07-30T11:00:00-04:00,2026-08-02T17:00:00-04:00,,SGW-LST-000407,true
SGW-ITM-000408,ShopGoodwill,GW-004,"Levi's denim jacket, size L",Apparel,Used - Acceptable,2026-07-30T09:00:00-04:00,2026-08-02T11:00:00-04:00,2026-08-25T17:00:00-04:00,,SGW-LST-000408,true
SGW-ITM-000409,ShopGoodwill,GW-017,"Wool cardigan, size S",Apparel,For parts / repair,2026-08-13T09:00:00-04:00,2026-08-18T11:00:00-04:00,2026-08-31T17:00:00-04:00,,SGW-LST-000409,true
SGW-ITM-000410,ShopGoodwill,GW-008,"Sterling ring, size 7",Jewelry,Used - Good,2026-08-08T09:00:00-04:00,2026-08-15T11:00:00-04:00,2026-08-24T17:00:00-04:00,,SGW-LST-000410,true
SGW-ITM-000411,ShopGoodwill,GW-016,"Canon EF zoom lens, 75–300mm",Electronics,Used - Acceptable,2026-08-08T09:00:00-04:00,2026-08-12T11:00:00-04:00,2026-08-29T17:00:00-04:00,,SGW-LST-000411,true
SGW-ITM-000412,ShopGoodwill,GW-011,"Die-cast vehicle lot, assorted",Collectibles,For parts / repair,2026-07-03T09:00:00-04:00,2026-07-12T11:00:00-04:00,2026-08-02T17:00:00-04:00,,SGW-LST-000412,true
SGW-ITM-000413,ShopGoodwill,GW-021,"Die-cast vehicle lot, assorted",Collectibles,Used - Very Good,2026-07-25T09:00:00-04:00,2026-07-26T11:00:00-04:00,2026-08-07T17:00:00-04:00,,SGW-LST-000413,true
SGW-ITM-000414,ShopGoodwill,GW-017,"Brass table lamp, tested",Home,Used - Acceptable,2026-07-19T09:00:00-04:00,2026-07-27T11:00:00-04:00,2026-08-19T17:00:00-04:00,,SGW-LST-000414,true
SGW-ITM-000415,ShopGoodwill,GW-018,"Art history volume, dust jacket",Books,For parts / repair,2026-07-12T09:00:00-04:00,2026-07-25T11:00:00-04:00,2026-08-08T17:00:00-04:00,,SGW-LST-000415,true
SGW-ITM-000416,ShopGoodwill,GW-015,"Bose portable speaker, cosmetic wear",Electronics,For parts / repair,2026-07-20T09:00:00-04:00,2026-07-25T11:00:00-04:00,2026-08-28T17:00:00-04:00,,SGW-LST-000416,true
SGW-ITM-000417,ShopGoodwill,GW-017,"Sterling ring, size 7",Jewelry,Used - Good,2026-08-13T09:00:00-04:00,2026-08-27T11:00:00-04:00,2026-08-29T17:00:00-04:00,,SGW-LST-000417,true
SGW-ITM-000418,ShopGoodwill,GW-008,Vintage Pyrex mixing bowl set,Collectibles,Used - Acceptable,2026-06-29T09:00:00-04:00,2026-07-10T11:00:00-04:00,2026-08-13T17:00:00-04:00,,SGW-LST-000418,true
SGW-ITM-000419,ShopGoodwill,GW-001,"Travel duffel, navy",Accessories,Used - Very Good,2026-07-23T09:00:00-04:00,2026-07-24T11:00:00-04:00,2026-08-27T17:00:00-04:00,,SGW-LST-000419,true
SGW-ITM-000420,ShopGoodwill,GW-009,KitchenAid hand mixer with beaters,Home,Used - Very Good,2026-06-27T09:00:00-04:00,2026-07-09T11:00:00-04:00,2026-08-12T17:00:00-04:00,,SGW-LST-000420,true
SGW-ITM-000421,ShopGoodwill,GW-009,"Bose portable speaker, cosmetic wear",Electronics,For parts / repair,2026-07-07T09:00:00-04:00,2026-07-10T11:00:00-04:00,2026-08-14T17:00:00-04:00,,SGW-LST-000421,true
SGW-ITM-000422,ShopGoodwill,,"Model train locomotive, boxed",Collectibles,Used - Good,2026-08-05T09:00:00-04:00,2026-08-06T11:00:00-04:00,2026-08-16T17:00:00-04:00,,SGW-LST-000422,true
SGW-ITM-000423,ShopGoodwill,GW-008,Sony stereo receiver — tested,Electronics,Used - Good,2026-07-21T09:00:00-04:00,2026-07-29T11:00:00-04:00,2026-08-01T17:00:00-04:00,,SGW-LST-000423,true
SGW-ITM-000424,ShopGoodwill,GW-001,"Vintage concert T-shirt, size XL",Apparel,Used - Acceptable,2026-08-01T09:00:00-04:00,2026-08-12T11:00:00-04:00,2026-08-30T17:00:00-04:00,,SGW-LST-000424,true
SGW-ITM-000425,ShopGoodwill,GW-006,Engineering reference manual,Books,Used - Acceptable,2026-07-25T09:00:00-04:00,2026-07-30T11:00:00-04:00,2026-08-13T17:00:00-04:00,,SGW-LST-000425,true
SGW-ITM-000426,ShopGoodwill,GW-004,"Golf iron set, right handed",Sporting Goods,For parts / repair,2026-07-15T09:00:00-04:00,2026-07-22T11:00:00-04:00,2026-08-24T17:00:00-04:00,,SGW-LST-000426,true
SGW-ITM-000427,ShopGoodwill,GW-020,"Sterling silver necklace, 18 inch",Jewelry,For parts / repair,2026-08-03T09:00:00-04:00,2026-08-13T11:00:00-04:00,2026-08-18T17:00:00-04:00,,SGW-LST-000427,true
SGW-ITM-000428,ShopGoodwill,GW-020,Tennis racquet pair with covers,Sporting Goods,For parts / repair,2026-07-14T09:00:00-04:00,2026-07-21T11:00:00-04:00,2026-08-10T17:00:00-04:00,,SGW-LST-000428,true
SGW-ITM-000429,ShopGoodwill,GW-008,Signed studio pottery vase,Collectibles,For parts / repair,2026-07-09T09:00:00-04:00,2026-07-12T11:00:00-04:00,2026-08-15T17:00:00-04:00,,SGW-LST-000429,true
SGW-ITM-000430,ShopGoodwill,GW-024,"Stoneware dinner service, 12 pieces",Home,Used - Acceptable,2026-07-18T09:00:00-04:00,2026-07-27T11:00:00-04:00,2026-08-16T17:00:00-04:00,,SGW-LST-000430,true
SGW-ITM-000431,ShopGoodwill,GW-001,"Leather tote bag, brown",Accessories,Used - Acceptable,2026-07-31T09:00:00-04:00,2026-08-10T11:00:00-04:00,2026-08-28T17:00:00-04:00,,SGW-LST-000431,true
SGW-ITM-000432,ShopGoodwill,GW-017,"Illustrated field guide, revised edition",Books,Used - Acceptable,2026-06-20T09:00:00-04:00,2026-07-03T11:00:00-04:00,2026-08-04T17:00:00-04:00,,SGW-LST-000432,true
SGW-ITM-000433,ShopGoodwill,GW-014,Vintage Stanley hand plane,Tools,Used - Very Good,2026-07-03T09:00:00-04:00,2026-07-17T11:00:00-04:00,2026-08-08T17:00:00-04:00,,SGW-LST-000433,true
SGW-ITM-000434,ShopGoodwill,GW-003,Hardcover regional cookbook,Books,Used - Very Good,2026-07-17T09:00:00-04:00,2026-07-30T11:00:00-04:00,2026-08-20T17:00:00-04:00,,SGW-LST-000434,true
SGW-ITM-000435,ShopGoodwill,GW-012,"Patagonia fleece jacket, size M",Apparel,Used - Very Good,2026-07-26T09:00:00-04:00,2026-08-04T11:00:00-04:00,2026-08-26T17:00:00-04:00,,SGW-LST-000435,true
SGW-ITM-000436,ShopGoodwill,GW-018,"Die-cast vehicle lot, assorted",Collectibles,Used - Acceptable,2026-08-01T09:00:00-04:00,2026-08-03T11:00:00-04:00,2026-08-18T17:00:00-04:00,,SGW-LST-000436,true
SGW-ITM-000437,ShopGoodwill,GW-019,Sony stereo receiver — tested,Electronics,Used - Good,2026-06-29T09:00:00-04:00,2026-07-08T11:00:00-04:00,2026-08-15T17:00:00-04:00,,SGW-LST-000437,true
SGW-ITM-000438,ShopGoodwill,GW-011,Signed studio pottery vase,Collectibles,Used - Very Good,2026-06-26T09:00:00-04:00,2026-07-04T11:00:00-04:00,2026-08-09T17:00:00-04:00,,SGW-LST-000438,true
SGW-ITM-000439,ShopGoodwill,GW-005,"Wool cardigan, size S",Apparel,For parts / repair,2026-08-10T09:00:00-04:00,2026-08-11T11:00:00-04:00,2026-08-29T17:00:00-04:00,,SGW-LST-000439,true
SGW-ITM-000440,ShopGoodwill,GW-008,KitchenAid hand mixer with beaters,Home,Used - Good,2026-06-26T09:00:00-04:00,2026-07-08T11:00:00-04:00,2026-08-03T17:00:00-04:00,,SGW-LST-000440,true
SGW-ITM-000441,ShopGoodwill,GW-017,"Canon EF zoom lens, 75–300mm",Electronics,Used - Good,2026-07-20T09:00:00-04:00,2026-08-01T11:00:00-04:00,2026-08-19T17:00:00-04:00,,SGW-LST-000441,true
SGW-ITM-000442,ShopGoodwill,GW-008,"Bose portable speaker, cosmetic wear",Electronics,Used - Acceptable,2026-08-03T09:00:00-04:00,2026-08-10T11:00:00-04:00,2026-08-29T17:00:00-04:00,,SGW-LST-000442,true
SGW-ITM-000443,ShopGoodwill,GW-008,"Sterling silver necklace, 18 inch",Jewelry,Used - Very Good,2026-07-01T09:00:00-04:00,2026-07-12T11:00:00-04:00,2026-08-05T17:00:00-04:00,,SGW-LST-000443,true
SGW-ITM-000444,ShopGoodwill,GW-017,"Patagonia fleece jacket, size M",Apparel,For parts / repair,2026-07-15T09:00:00-04:00,2026-07-22T11:00:00-04:00,2026-08-22T17:00:00-04:00,,SGW-LST-000444,true
SGW-ITM-000445,ShopGoodwill,GW-002,"Art history volume, dust jacket",Books,Used - Very Good,2026-07-19T09:00:00-04:00,2026-07-31T11:00:00-04:00,2026-08-17T17:00:00-04:00,,SGW-LST-000445,true
SGW-ITM-000446,ShopGoodwill,GW-002,Fishing reel with spare spool,Sporting Goods,For parts / repair,2026-07-05T09:00:00-04:00,2026-07-13T11:00:00-04:00,2026-08-03T17:00:00-04:00,,SGW-LST-000446,true
SGW-ITM-000447,ShopGoodwill,GW-016,"Model train locomotive, boxed",Collectibles,For parts / repair,2026-07-05T09:00:00-04:00,2026-07-14T11:00:00-04:00,2026-08-17T17:00:00-04:00,,SGW-LST-000447,true
SGW-ITM-000448,ShopGoodwill,GW-011,Nintendo DS console with charger,Electronics,For parts / repair,2026-07-21T09:00:00-04:00,2026-07-28T11:00:00-04:00,2026-08-14T17:00:00-04:00,,SGW-LST-000448,true
SGW-ITM-000449,ShopGoodwill,GW-024,Sony stereo receiver — tested,Electronics,Used - Good,2026-08-02T09:00:00-04:00,2026-08-14T11:00:00-04:00,2026-08-24T17:00:00-04:00,2026-08-29T21:00:00-04:00,SGW-LST-000449,true
SGW-ITM-000450,ShopGoodwill,GW-019,"Handwoven wool rug, 3 × 5 ft",Home,Used - Good,2026-07-30T09:00:00-04:00,2026-08-11T11:00:00-04:00,2026-08-17T17:00:00-04:00,,SGW-LST-000450,true
SGW-ITM-000451,ShopGoodwill,GW-006,"Estate postcard collection, 80 pieces",Collectibles,Used - Very Good,2026-07-13T09:00:00-04:00,2026-07-24T11:00:00-04:00,2026-08-26T17:00:00-04:00,,SGW-LST-000451,true
SGW-ITM-000452,ShopGoodwill,GW-006,"Canon EF zoom lens, 75–300mm",Electronics,Used - Good,2026-08-02T09:00:00-04:00,2026-08-11T11:00:00-04:00,2026-08-21T17:00:00-04:00,,SGW-LST-000452,true
SGW-ITM-000453,ShopGoodwill,GW-007,Engineering reference manual,Books,Used - Acceptable,2026-07-02T09:00:00-04:00,2026-07-14T11:00:00-04:00,2026-08-21T17:00:00-04:00,,SGW-LST-000453,true
SGW-ITM-000454,ShopGoodwill,GW-002,Sony stereo receiver — tested,Electronics,Used - Good,2026-06-26T09:00:00-04:00,2026-07-08T11:00:00-04:00,2026-08-15T17:00:00-04:00,,SGW-LST-000454,true
SGW-ITM-000455,ShopGoodwill,GW-009,"Model train locomotive, boxed",Collectibles,For parts / repair,2026-08-01T09:00:00-04:00,2026-08-10T11:00:00-04:00,2026-08-23T17:00:00-04:00,,SGW-LST-000455,true
SGW-ITM-000456,ShopGoodwill,GW-008,"Canon EF zoom lens, 75–300mm",Electronics,Used - Good,2026-07-16T09:00:00-04:00,2026-07-17T11:00:00-04:00,2026-08-04T17:00:00-04:00,,SGW-LST-000456,true
SGW-ITM-000457,ShopGoodwill,GW-017,"Wool cardigan, size S",Apparel,Used - Good,2026-07-03T09:00:00-04:00,2026-07-15T11:00:00-04:00,2026-08-14T17:00:00-04:00,,SGW-LST-000457,true
SGW-ITM-000458,ShopGoodwill,GW-017,"Vintage cassette deck, powers on",Electronics,Used - Acceptable,2026-07-28T09:00:00-04:00,2026-07-29T11:00:00-04:00,2026-08-04T17:00:00-04:00,,SGW-LST-000458,true
SGW-ITM-000459,ShopGoodwill,GW-014,"Vintage concert T-shirt, size XL",Apparel,Used - Good,2026-06-29T09:00:00-04:00,2026-07-13T11:00:00-04:00,2026-08-08T17:00:00-04:00,,SGW-LST-000459,true
SGW-ITM-000460,ShopGoodwill,GW-009,Nintendo DS console with charger,Electronics,Used - Acceptable,2026-07-03T09:00:00-04:00,2026-07-11T11:00:00-04:00,2026-08-18T17:00:00-04:00,,SGW-LST-000460,true
SGW-ITM-000461,ShopGoodwill,GW-002,"Handwoven wool rug, 3 × 5 ft",Home,For parts / repair,2026-08-08T09:00:00-04:00,2026-08-13T11:00:00-04:00,2026-08-31T17:00:00-04:00,,SGW-LST-000461,true
SGW-ITM-000462,ShopGoodwill,GW-017,Vintage belt with brass buckle,Accessories,Used - Very Good,2026-07-04T09:00:00-04:00,2026-07-16T11:00:00-04:00,2026-08-05T17:00:00-04:00,,SGW-LST-000462,true
SGW-ITM-000463,ShopGoodwill,GW-011,"Golf iron set, right handed",Sporting Goods,For parts / repair,2026-07-19T09:00:00-04:00,2026-08-02T11:00:00-04:00,2026-08-04T17:00:00-04:00,,SGW-LST-000463,true
SGW-ITM-000464,ShopGoodwill,GW-012,Nintendo DS console with charger,Electronics,Used - Acceptable,2026-07-10T09:00:00-04:00,2026-07-20T11:00:00-04:00,2026-08-10T17:00:00-04:00,,SGW-LST-000464,true
SGW-ITM-000465,ShopGoodwill,GW-016,Nintendo DS console with charger,Electronics,Used - Good,2026-07-30T09:00:00-04:00,2026-08-05T11:00:00-04:00,2026-08-18T17:00:00-04:00,,SGW-LST-000465,true
SGW-ITM-000466,ShopGoodwill,GW-006,"Model train locomotive, boxed",Collectibles,Used - Good,2026-07-27T09:00:00-04:00,2026-07-28T11:00:00-04:00,2026-08-06T17:00:00-04:00,,SGW-LST-000466,true
SGW-ITM-000467,ShopGoodwill,GW-024,"Patagonia fleece jacket, size M",Apparel,Used - Good,2026-07-26T09:00:00-04:00,2026-08-05T11:00:00-04:00,2026-08-12T17:00:00-04:00,,SGW-LST-000467,true
SGW-ITM-000468,ShopGoodwill,GW-002,Signed studio pottery vase,Collectibles,For parts / repair,2026-06-28T09:00:00-04:00,2026-07-10T11:00:00-04:00,2026-08-16T17:00:00-04:00,,SGW-LST-000468,true
SGW-ITM-000469,ShopGoodwill,GW-004,"Brass table lamp, tested",Home,Used - Very Good,2026-07-15T09:00:00-04:00,2026-07-16T11:00:00-04:00,2026-08-05T17:00:00-04:00,,SGW-LST-000469,true
SGW-ITM-000470,ShopGoodwill,GW-016,"Sterling ring, size 7",Jewelry,For parts / repair,2026-07-26T09:00:00-04:00,2026-08-07T11:00:00-04:00,2026-08-31T17:00:00-04:00,,SGW-LST-000470,true
SGW-ITM-000471,ShopGoodwill,GW-001,Signed studio pottery vase,Collectibles,Used - Good,2026-07-21T09:00:00-04:00,2026-08-03T11:00:00-04:00,2026-08-21T17:00:00-04:00,,SGW-LST-000471,true
SGW-ITM-000472,ShopGoodwill,GW-002,"Gold-tone wristwatch, untested",Jewelry,Used - Very Good,2026-07-13T09:00:00-04:00,2026-07-25T11:00:00-04:00,2026-08-30T17:00:00-04:00,,SGW-LST-000472,true
SGW-ITM-000473,ShopGoodwill,GW-009,Vintage Pyrex mixing bowl set,Collectibles,Used - Acceptable,2026-07-20T09:00:00-04:00,2026-07-25T11:00:00-04:00,2026-08-15T17:00:00-04:00,,SGW-LST-000473,true
SGW-ITM-000474,ShopGoodwill,GW-018,Vintage costume jewelry lot,Jewelry,Used - Acceptable,2026-06-29T09:00:00-04:00,2026-07-07T11:00:00-04:00,2026-08-09T17:00:00-04:00,,SGW-LST-000474,true
SGW-ITM-000475,ShopGoodwill,GW-017,"Die-cast vehicle lot, assorted",Collectibles,Used - Good,2026-08-12T09:00:00-04:00,2026-08-15T11:00:00-04:00,2026-08-18T17:00:00-04:00,,SGW-LST-000475,true
SGW-ITM-000476,ShopGoodwill,GW-002,"Hiking backpack, 40L",Sporting Goods,For parts / repair,2026-06-18T09:00:00-04:00,2026-06-29T11:00:00-04:00,2026-08-04T17:00:00-04:00,,SGW-LST-000476,true
SGW-ITM-000477,ShopGoodwill,GW-005,"Handwoven wool rug, 3 × 5 ft",Home,Used - Very Good,2026-07-22T09:00:00-04:00,2026-07-27T11:00:00-04:00,2026-08-22T17:00:00-04:00,,SGW-LST-000477,true
SGW-ITM-000478,ShopGoodwill,GW-007,"Vintage cassette deck, powers on",Electronics,Used - Good,2026-06-30T09:00:00-04:00,2026-07-11T11:00:00-04:00,2026-08-05T17:00:00-04:00,,SGW-LST-000478,true
SGW-ITM-000479,ShopGoodwill,GW-006,Vintage Pyrex mixing bowl set,Collectibles,For parts / repair,2026-07-23T09:00:00-04:00,2026-08-04T11:00:00-04:00,2026-08-09T17:00:00-04:00,,SGW-LST-000479,true
SGW-ITM-000480,ShopGoodwill,GW-021,"Wool cardigan, size S",Apparel,Used - Acceptable,2026-06-30T09:00:00-04:00,2026-07-03T11:00:00-04:00,2026-08-09T17:00:00-04:00,,SGW-LST-000480,true
SGW-ITM-000481,ShopGoodwill,GW-001,Nintendo DS console with charger,Electronics,For parts / repair,2026-07-17T09:00:00-04:00,2026-07-28T11:00:00-04:00,2026-08-07T17:00:00-04:00,,SGW-LST-000481,true
SGW-ITM-000482,ShopGoodwill,GW-017,Vintage Stanley hand plane,Tools,Used - Acceptable,2026-08-03T09:00:00-04:00,2026-08-05T11:00:00-04:00,2026-08-11T17:00:00-04:00,,SGW-LST-000482,true
SGW-ITM-000483,ShopGoodwill,GW-012,KitchenAid hand mixer with beaters,Home,Used - Good,2026-06-30T09:00:00-04:00,2026-07-12T11:00:00-04:00,2026-08-04T17:00:00-04:00,,SGW-LST-000483,true
SGW-ITM-000484,ShopGoodwill,GW-008,"Gold-tone wristwatch, untested",Jewelry,Used - Good,2026-07-31T09:00:00-04:00,2026-08-13T11:00:00-04:00,2026-08-25T17:00:00-04:00,,SGW-LST-000484,true
SGW-ITM-000485,ShopGoodwill,GW-024,"Bose portable speaker, cosmetic wear",Electronics,Used - Very Good,2026-07-19T09:00:00-04:00,2026-07-31T11:00:00-04:00,2026-08-08T17:00:00-04:00,,SGW-LST-000485,true
SGW-ITM-000486,ShopGoodwill,GW-007,"Estate postcard collection, 80 pieces",Collectibles,Used - Very Good,2026-07-21T09:00:00-04:00,2026-08-01T11:00:00-04:00,2026-08-12T17:00:00-04:00,,SGW-LST-000486,true
SGW-ITM-000487,ShopGoodwill,GW-004,"Levi's denim jacket, size L",Apparel,Used - Very Good,2026-07-19T09:00:00-04:00,2026-07-27T11:00:00-04:00,2026-08-08T17:00:00-04:00,,SGW-LST-000487,true
SGW-ITM-000488,ShopGoodwill,GW-001,"Wool cardigan, size S",Apparel,For parts / repair,2026-07-14T09:00:00-04:00,2026-07-18T11:00:00-04:00,2026-08-07T17:00:00-04:00,,SGW-LST-000488,true
SGW-ITM-000489,ShopGoodwill,GW-004,"Bose portable speaker, cosmetic wear",Electronics,Used - Acceptable,2026-07-02T09:00:00-04:00,2026-07-15T11:00:00-04:00,2026-08-19T17:00:00-04:00,,SGW-LST-000489,true
SGW-ITM-000490,ShopGoodwill,GW-012,"Levi's denim jacket, size L",Apparel,Used - Good,2026-08-15T09:00:00-04:00,2026-08-25T11:00:00-04:00,2026-08-27T17:00:00-04:00,,SGW-LST-000490,true
SGW-ITM-000491,ShopGoodwill,GW-006,"Brass table lamp, tested",Home,Used - Good,2026-08-13T09:00:00-04:00,2026-08-17T11:00:00-04:00,2026-08-23T17:00:00-04:00,,SGW-LST-000491,true
SGW-ITM-000492,ShopGoodwill,GW-012,Signed studio pottery vase,Collectibles,Used - Very Good,2026-07-18T09:00:00-04:00,2026-07-24T11:00:00-04:00,2026-08-05T17:00:00-04:00,,SGW-LST-000492,true
SGW-ITM-000493,ShopGoodwill,GW-004,"Illustrated field guide, revised edition",Books,Used - Very Good,2026-08-08T09:00:00-04:00,2026-08-20T11:00:00-04:00,2026-08-25T17:00:00-04:00,,SGW-LST-000493,true
SGW-ITM-000494,ShopGoodwill,GW-010,"Sterling silver necklace, 18 inch",Jewelry,Used - Acceptable,2026-07-19T09:00:00-04:00,2026-08-01T11:00:00-04:00,2026-08-28T17:00:00-04:00,,SGW-LST-000494,true
SGW-ITM-000495,ShopGoodwill,GW-017,Tennis racquet pair with covers,Sporting Goods,Used - Very Good,2026-07-02T09:00:00-04:00,2026-07-13T11:00:00-04:00,2026-08-01T17:00:00-04:00,,SGW-LST-000495,true
SGW-ITM-000496,ShopGoodwill,GW-018,Tennis racquet pair with covers,Sporting Goods,Used - Acceptable,2026-08-22T09:00:00-04:00,2026-08-24T11:00:00-04:00,2026-08-26T17:00:00-04:00,,SGW-LST-000496,true
SGW-ITM-000497,ShopGoodwill,GW-012,"Estate postcard collection, 80 pieces",Collectibles,Used - Good,2026-07-17T09:00:00-04:00,2026-07-27T11:00:00-04:00,2026-08-13T17:00:00-04:00,,SGW-LST-000497,true
SGW-ITM-000498,ShopGoodwill,GW-019,"Estate postcard collection, 80 pieces",Collectibles,For parts / repair,2026-08-13T09:00:00-04:00,2026-08-18T11:00:00-04:00,2026-08-29T17:00:00-04:00,,SGW-LST-000498,true
SGW-ITM-000499,ShopGoodwill,GW-011,KitchenAid hand mixer with beaters,Home,Used - Good,2026-07-30T09:00:00-04:00,2026-08-05T11:00:00-04:00,2026-08-08T17:00:00-04:00,,SGW-LST-000499,true
SGW-ITM-000500,ShopGoodwill,GW-016,"Golf iron set, right handed",Sporting Goods,Used - Good,2026-06-21T09:00:00-04:00,2026-07-05T11:00:00-04:00,2026-08-03T17:00:00-04:00,,SGW-LST-000500,true
SGW-ITM-000501,ShopGoodwill,GW-013,Fishing reel with spare spool,Sporting Goods,For parts / repair,2026-07-02T09:00:00-04:00,2026-07-10T11:00:00-04:00,2026-08-02T17:00:00-04:00,,SGW-LST-000501,true
SGW-ITM-000502,ShopGoodwill,GW-024,"Vintage cassette deck, powers on",Electronics,Used - Good,2026-06-27T09:00:00-04:00,2026-06-29T11:00:00-04:00,2026-08-04T17:00:00-04:00,,SGW-LST-000502,true
SGW-ITM-000503,ShopGoodwill,GW-012,"Vintage concert T-shirt, size XL",Apparel,Used - Good,2026-08-17T09:00:00-04:00,2026-08-19T11:00:00-04:00,2026-08-24T17:00:00-04:00,,SGW-LST-000503,true
SGW-ITM-000504,ShopGoodwill,GW-004,"Sterling ring, size 7",Jewelry,Used - Very Good,2026-07-17T09:00:00-04:00,2026-07-21T11:00:00-04:00,2026-08-03T17:00:00-04:00,,SGW-LST-000504,true
SGW-ITM-000505,ShopGoodwill,GW-012,Sony stereo receiver — tested,Electronics,For parts / repair,2026-07-27T09:00:00-04:00,2026-08-05T11:00:00-04:00,2026-08-23T17:00:00-04:00,,SGW-LST-000505,true
SGW-ITM-000506,ShopGoodwill,GW-008,"Vintage cassette deck, powers on",Electronics,Used - Acceptable,2026-07-26T09:00:00-04:00,2026-07-31T11:00:00-04:00,2026-08-04T17:00:00-04:00,,SGW-LST-000506,true
SGW-ITM-000507,ShopGoodwill,GW-021,Vintage Pyrex mixing bowl set,Collectibles,For parts / repair,2026-07-14T09:00:00-04:00,2026-07-18T11:00:00-04:00,2026-08-03T17:00:00-04:00,,SGW-LST-000507,true
SGW-ITM-000508,ShopGoodwill,GW-001,Nintendo DS console with charger,Electronics,Used - Acceptable,2026-06-29T09:00:00-04:00,2026-07-02T11:00:00-04:00,2026-08-05T17:00:00-04:00,,SGW-LST-000508,true
SGW-ITM-000509,ShopGoodwill,GW-009,Vintage Stanley hand plane,Tools,For parts / repair,2026-08-10T09:00:00-04:00,2026-08-13T11:00:00-04:00,2026-08-15T17:00:00-04:00,,SGW-LST-000509,true
SGW-ITM-000510,ShopGoodwill,GW-007,"Stoneware dinner service, 12 pieces",Home,Used - Good,2026-07-14T09:00:00-04:00,2026-07-16T11:00:00-04:00,2026-08-19T17:00:00-04:00,,SGW-LST-000510,true
SGW-ITM-000511,ShopGoodwill,GW-002,"Travel duffel, navy",Accessories,Used - Good,2026-07-07T09:00:00-04:00,2026-07-18T11:00:00-04:00,2026-08-02T17:00:00-04:00,,SGW-LST-000511,true
SGW-ITM-000512,ShopGoodwill,GW-003,"Canon EF zoom lens, 75–300mm",Electronics,Used - Good,2026-07-11T09:00:00-04:00,2026-07-16T11:00:00-04:00,2026-08-18T17:00:00-04:00,,SGW-LST-000512,true
SGW-ITM-000513,ShopGoodwill,GW-011,"Model train locomotive, boxed",Collectibles,Used - Acceptable,2026-07-23T09:00:00-04:00,2026-07-27T11:00:00-04:00,2026-08-09T17:00:00-04:00,,SGW-LST-000513,true
SGW-ITM-000514,ShopGoodwill,GW-022,Hardcover regional cookbook,Books,For parts / repair,2026-07-11T09:00:00-04:00,2026-07-17T11:00:00-04:00,2026-08-10T17:00:00-04:00,,SGW-LST-000514,true
SGW-ITM-000515,ShopGoodwill,GW-009,"Bose portable speaker, cosmetic wear",Electronics,Used - Good,2026-07-25T09:00:00-04:00,2026-08-05T11:00:00-04:00,2026-08-24T17:00:00-04:00,,SGW-LST-000515,true
SGW-ITM-000516,ShopGoodwill,GW-001,"Bose portable speaker, cosmetic wear",Electronics,Used - Very Good,2026-07-25T09:00:00-04:00,2026-08-06T11:00:00-04:00,2026-08-08T17:00:00-04:00,,SGW-LST-000516,true
SGW-ITM-000517,ShopGoodwill,GW-022,"Levi's denim jacket, size L",Apparel,For parts / repair,2026-07-05T09:00:00-04:00,2026-07-19T11:00:00-04:00,2026-08-03T17:00:00-04:00,,SGW-LST-000517,true
SGW-ITM-000518,ShopGoodwill,GW-009,KitchenAid hand mixer with beaters,Home,Used - Acceptable,2026-07-24T09:00:00-04:00,2026-08-02T11:00:00-04:00,2026-08-29T17:00:00-04:00,,SGW-LST-000518,true
SGW-ITM-000519,ShopGoodwill,GW-020,"Stoneware dinner service, 12 pieces",Home,For parts / repair,2026-07-26T09:00:00-04:00,2026-08-08T11:00:00-04:00,2026-08-25T17:00:00-04:00,,SGW-LST-000519,true
SGW-ITM-000520,ShopGoodwill,GW-001,"Levi's denim jacket, size L",Apparel,Used - Very Good,2026-07-31T09:00:00-04:00,2026-08-02T11:00:00-04:00,2026-08-10T17:00:00-04:00,,SGW-LST-000520,true
SGW-ITM-000521,ShopGoodwill,GW-018,KitchenAid hand mixer with beaters,Home,Used - Very Good,2026-07-11T09:00:00-04:00,2026-07-19T11:00:00-04:00,2026-08-13T17:00:00-04:00,,SGW-LST-000521,true
SGW-ITM-000522,ShopGoodwill,GW-011,"Wool cardigan, size S",Apparel,Used - Good,2026-06-18T09:00:00-04:00,2026-06-24T11:00:00-04:00,2026-08-01T17:00:00-04:00,,SGW-LST-000522,true
SGW-ITM-000523,ShopGoodwill,GW-009,"Bose portable speaker, cosmetic wear",Electronics,Used - Acceptable,2026-06-17T09:00:00-04:00,2026-06-29T11:00:00-04:00,2026-08-04T17:00:00-04:00,,SGW-LST-000523,true
SGW-ITM-000524,ShopGoodwill,GW-012,"Vintage cassette deck, powers on",Electronics,For parts / repair,2026-07-23T09:00:00-04:00,2026-08-05T11:00:00-04:00,2026-08-29T17:00:00-04:00,,SGW-LST-000524,true
SGW-ITM-000525,ShopGoodwill,GW-009,"Vintage concert T-shirt, size XL",Apparel,Used - Acceptable,2026-07-23T09:00:00-04:00,2026-07-24T11:00:00-04:00,2026-08-26T17:00:00-04:00,,SGW-LST-000525,true
SGW-ITM-000526,ShopGoodwill,GW-011,"Patagonia fleece jacket, size M",Apparel,Used - Very Good,2026-07-03T09:00:00-04:00,2026-07-15T11:00:00-04:00,2026-08-01T17:00:00-04:00,,SGW-LST-000526,true
SGW-ITM-000527,ShopGoodwill,GW-001,"Canon EF zoom lens, 75–300mm",Electronics,For parts / repair,2026-07-20T09:00:00-04:00,2026-08-02T11:00:00-04:00,2026-08-25T17:00:00-04:00,,SGW-LST-000527,true
SGW-ITM-000528,ShopGoodwill,GW-002,"Bose portable speaker, cosmetic wear",Electronics,Used - Acceptable,2026-07-18T09:00:00-04:00,2026-07-24T11:00:00-04:00,2026-08-01T17:00:00-04:00,,SGW-LST-000528,true
SGW-ITM-000529,ShopGoodwill,GW-020,Fishing reel with spare spool,Sporting Goods,Used - Very Good,2026-07-19T09:00:00-04:00,2026-07-23T11:00:00-04:00,2026-08-17T17:00:00-04:00,,SGW-LST-000529,true
SGW-ITM-000530,ShopGoodwill,GW-003,"Handwoven wool rug, 3 × 5 ft",Home,Used - Acceptable,2026-08-18T09:00:00-04:00,2026-08-28T11:00:00-04:00,2026-08-31T17:00:00-04:00,,SGW-LST-000530,true
SGW-ITM-000531,ShopGoodwill,GW-005,"Vintage concert T-shirt, size XL",Apparel,Used - Good,2026-07-05T09:00:00-04:00,2026-07-19T11:00:00-04:00,2026-08-05T17:00:00-04:00,,SGW-LST-000531,true
SGW-ITM-000532,ShopGoodwill,GW-016,Engineering reference manual,Books,Used - Very Good,2026-06-15T09:00:00-04:00,2026-06-29T11:00:00-04:00,2026-08-01T17:00:00-04:00,,SGW-LST-000532,true
SGW-ITM-000533,ShopGoodwill,GW-009,"Silk scarf, floral print",Accessories,For parts / repair,2026-08-10T09:00:00-04:00,2026-08-15T11:00:00-04:00,2026-08-19T17:00:00-04:00,,SGW-LST-000533,true
SGW-ITM-000534,ShopGoodwill,GW-024,"Die-cast vehicle lot, assorted",Collectibles,Used - Good,2026-07-19T09:00:00-04:00,2026-07-30T11:00:00-04:00,2026-08-25T17:00:00-04:00,,SGW-LST-000534,true
SGW-ITM-000535,ShopGoodwill,GW-006,Vintage Pyrex mixing bowl set,Collectibles,For parts / repair,2026-06-29T09:00:00-04:00,2026-07-09T11:00:00-04:00,2026-08-06T17:00:00-04:00,,SGW-LST-000535,true
SGW-ITM-000536,ShopGoodwill,GW-015,"Estate postcard collection, 80 pieces",Collectibles,Used - Good,2026-07-24T09:00:00-04:00,2026-08-05T11:00:00-04:00,2026-08-13T17:00:00-04:00,,SGW-LST-000536,true
SGW-ITM-000537,ShopGoodwill,GW-008,"Wool cardigan, size S",Apparel,For parts / repair,2026-08-05T09:00:00-04:00,2026-08-09T11:00:00-04:00,2026-08-11T17:00:00-04:00,,SGW-LST-000537,true
SGW-ITM-000538,ShopGoodwill,GW-020,"Canon EF zoom lens, 75–300mm",Electronics,Used - Good,2026-06-25T09:00:00-04:00,2026-07-08T11:00:00-04:00,2026-08-09T17:00:00-04:00,,SGW-LST-000538,true
SGW-ITM-000539,ShopGoodwill,GW-002,"Bose portable speaker, cosmetic wear",Electronics,Used - Good,2026-08-10T09:00:00-04:00,2026-08-15T11:00:00-04:00,2026-08-17T17:00:00-04:00,,SGW-LST-000539,true
SGW-ITM-000540,ShopGoodwill,GW-022,"Sterling ring, size 7",Jewelry,Used - Very Good,2026-08-14T09:00:00-04:00,2026-08-22T11:00:00-04:00,2026-08-31T17:00:00-04:00,,SGW-LST-000540,true
SGW-ITM-000541,ShopGoodwill,GW-006,"Bose portable speaker, cosmetic wear",Electronics,Used - Very Good,2026-08-10T09:00:00-04:00,2026-08-22T11:00:00-04:00,2026-08-31T17:00:00-04:00,,SGW-LST-000541,true
SGW-ITM-000542,ShopGoodwill,GW-023,Nintendo DS console with charger,Electronics,For parts / repair,2026-07-06T09:00:00-04:00,2026-07-10T11:00:00-04:00,2026-08-15T17:00:00-04:00,,SGW-LST-000542,true
SGW-ITM-000543,ShopGoodwill,GW-024,Tennis racquet pair with covers,Sporting Goods,Used - Very Good,2026-06-26T09:00:00-04:00,2026-07-09T11:00:00-04:00,2026-08-03T17:00:00-04:00,,SGW-LST-000543,true
SGW-ITM-000544,ShopGoodwill,GW-011,"Illustrated field guide, revised edition",Books,Used - Very Good,2026-07-05T09:00:00-04:00,2026-07-07T11:00:00-04:00,2026-08-07T17:00:00-04:00,,SGW-LST-000544,true
SGW-ITM-000545,ShopGoodwill,GW-012,KitchenAid hand mixer with beaters,Home,Used - Good,2026-07-13T09:00:00-04:00,2026-07-15T11:00:00-04:00,2026-08-20T17:00:00-04:00,,SGW-LST-000545,true
SGW-ITM-000546,ShopGoodwill,GW-004,"Vintage cassette deck, powers on",Electronics,Used - Very Good,2026-08-06T09:00:00-04:00,2026-08-16T11:00:00-04:00,2026-08-25T17:00:00-04:00,,SGW-LST-000546,true
SGW-ITM-000547,ShopGoodwill,GW-012,"Model train locomotive, boxed",Collectibles,Used - Good,2026-07-17T09:00:00-04:00,2026-07-23T11:00:00-04:00,2026-08-23T17:00:00-04:00,,SGW-LST-000547,true
SGW-ITM-000548,ShopGoodwill,GW-020,"Levi's denim jacket, size L",Apparel,For parts / repair,2026-08-22T09:00:00-04:00,2026-08-25T11:00:00-04:00,2026-08-31T17:00:00-04:00,,SGW-LST-000548,true
SGW-ITM-000549,ShopGoodwill,GW-010,Fishing reel with spare spool,Sporting Goods,Used - Very Good,2026-07-26T09:00:00-04:00,2026-08-06T11:00:00-04:00,2026-08-22T17:00:00-04:00,,SGW-LST-000549,true
SGW-ITM-000550,ShopGoodwill,GW-024,"Bose portable speaker, cosmetic wear",Electronics,Used - Very Good,2026-07-17T09:00:00-04:00,2026-07-20T11:00:00-04:00,2026-08-18T17:00:00-04:00,,SGW-LST-000550,true
SGW-ITM-000551,ShopGoodwill,GW-001,Nintendo DS console with charger,Electronics,Used - Acceptable,2026-07-19T09:00:00-04:00,2026-08-02T11:00:00-04:00,2026-08-04T17:00:00-04:00,,SGW-LST-000551,true
SGW-ITM-000552,ShopGoodwill,GW-008,"Bose portable speaker, cosmetic wear",Electronics,Used - Very Good,2026-08-18T09:00:00-04:00,2026-08-19T11:00:00-04:00,2026-08-26T17:00:00-04:00,,SGW-LST-000552,true
SGW-ITM-000553,ShopGoodwill,GW-019,Vintage Pyrex mixing bowl set,Collectibles,Used - Acceptable,2026-07-02T09:00:00-04:00,2026-07-12T11:00:00-04:00,2026-08-13T17:00:00-04:00,,SGW-LST-000553,true
SGW-ITM-000554,ShopGoodwill,GW-020,Vintage Stanley hand plane,Tools,Used - Acceptable,2026-06-29T09:00:00-04:00,2026-07-13T11:00:00-04:00,2026-08-09T17:00:00-04:00,,SGW-LST-000554,true
SGW-ITM-000555,ShopGoodwill,GW-008,Sony stereo receiver — tested,Electronics,Used - Acceptable,2026-06-30T09:00:00-04:00,2026-07-13T11:00:00-04:00,2026-08-16T17:00:00-04:00,,SGW-LST-000555,true
SGW-ITM-000556,ShopGoodwill,GW-020,"Model train locomotive, boxed",Collectibles,Used - Very Good,2026-07-31T09:00:00-04:00,2026-08-10T11:00:00-04:00,2026-08-21T17:00:00-04:00,,SGW-LST-000556,true
SGW-ITM-000557,ShopGoodwill,GW-021,"Sterling ring, size 7",Jewelry,For parts / repair,2026-07-11T09:00:00-04:00,2026-07-20T11:00:00-04:00,2026-08-20T17:00:00-04:00,,SGW-LST-000557,true
SGW-ITM-000558,ShopGoodwill,GW-002,"DeWalt cordless drill, tool only",Tools,Used - Acceptable,2026-07-27T09:00:00-04:00,2026-08-04T11:00:00-04:00,2026-08-06T17:00:00-04:00,,SGW-LST-000558,true
SGW-ITM-000559,ShopGoodwill,GW-017,Fishing reel with spare spool,Sporting Goods,Used - Acceptable,2026-07-01T09:00:00-04:00,2026-07-14T11:00:00-04:00,2026-08-12T17:00:00-04:00,,SGW-LST-000559,true
SGW-ITM-000560,ShopGoodwill,GW-016,"Canon EF zoom lens, 75–300mm",Electronics,For parts / repair,2026-07-20T09:00:00-04:00,2026-07-24T11:00:00-04:00,2026-08-18T17:00:00-04:00,,SGW-LST-000560,true
SGW-ITM-000561,ShopGoodwill,GW-005,"Canon EF zoom lens, 75–300mm",Electronics,Used - Acceptable,2026-07-29T09:00:00-04:00,2026-07-30T11:00:00-04:00,2026-08-08T17:00:00-04:00,,SGW-LST-000561,true
SGW-ITM-000562,ShopGoodwill,GW-016,"Wool cardigan, size S",Apparel,Used - Very Good,2026-07-12T09:00:00-04:00,2026-07-17T11:00:00-04:00,2026-08-16T17:00:00-04:00,,SGW-LST-000562,true
SGW-ITM-000563,ShopGoodwill,GW-004,Engineering reference manual,Books,For parts / repair,2026-08-13T09:00:00-04:00,2026-08-23T11:00:00-04:00,2026-08-25T17:00:00-04:00,,SGW-LST-000563,true
SGW-ITM-000564,ShopGoodwill,GW-001,"Canon EF zoom lens, 75–300mm",Electronics,For parts / repair,2026-08-06T09:00:00-04:00,2026-08-19T11:00:00-04:00,2026-08-23T17:00:00-04:00,,SGW-LST-000564,true
SGW-ITM-000565,ShopGoodwill,GW-016,"Patagonia fleece jacket, size M",Apparel,For parts / repair,2026-07-15T09:00:00-04:00,2026-07-26T11:00:00-04:00,2026-08-10T17:00:00-04:00,,SGW-LST-000565,true
SGW-ITM-000566,ShopGoodwill,GW-006,Vintage Stanley hand plane,Tools,For parts / repair,2026-07-21T09:00:00-04:00,2026-07-27T11:00:00-04:00,2026-08-28T17:00:00-04:00,,SGW-LST-000566,true
SGW-ITM-000567,ShopGoodwill,GW-005,"Canon EF zoom lens, 75–300mm",Electronics,For parts / repair,2026-07-16T09:00:00-04:00,2026-07-17T11:00:00-04:00,2026-08-22T17:00:00-04:00,,SGW-LST-000567,true
SGW-ITM-000568,ShopGoodwill,GW-017,"Vintage cassette deck, powers on",Electronics,Used - Acceptable,2026-08-18T09:00:00-04:00,2026-08-27T11:00:00-04:00,2026-08-31T17:00:00-04:00,,SGW-LST-000568,true
SGW-ITM-000569,ShopGoodwill,GW-020,Fishing reel with spare spool,Sporting Goods,Used - Good,2026-07-30T09:00:00-04:00,2026-08-10T11:00:00-04:00,2026-08-25T17:00:00-04:00,,SGW-LST-000569,true
SGW-ITM-000570,ShopGoodwill,GW-015,"Canon EF zoom lens, 75–300mm",Electronics,Used - Very Good,2026-07-15T09:00:00-04:00,2026-07-27T11:00:00-04:00,2026-08-25T17:00:00-04:00,,SGW-LST-000570,true
SGW-ITM-000571,ShopGoodwill,GW-008,"Vintage cassette deck, powers on",Electronics,For parts / repair,2026-07-20T09:00:00-04:00,2026-08-01T11:00:00-04:00,2026-08-15T17:00:00-04:00,,SGW-LST-000571,true
SGW-ITM-000572,ShopGoodwill,GW-014,Nintendo DS console with charger,Electronics,For parts / repair,2026-06-27T09:00:00-04:00,2026-07-09T11:00:00-04:00,2026-08-08T17:00:00-04:00,,SGW-LST-000572,true
SGW-ITM-000573,ShopGoodwill,GW-010,"Bose portable speaker, cosmetic wear",Electronics,Used - Acceptable,2026-07-17T09:00:00-04:00,2026-07-18T11:00:00-04:00,2026-08-19T17:00:00-04:00,,SGW-LST-000573,true
SGW-ITM-000574,ShopGoodwill,GW-022,"Die-cast vehicle lot, assorted",Collectibles,Used - Very Good,2026-07-28T09:00:00-04:00,2026-07-29T11:00:00-04:00,2026-08-30T17:00:00-04:00,,SGW-LST-000574,true
SGW-ITM-000575,ShopGoodwill,GW-001,"Digital multimeter, tested",Tools,Used - Good,2026-07-12T09:00:00-04:00,2026-07-17T11:00:00-04:00,2026-08-09T17:00:00-04:00,,SGW-LST-000575,true
SGW-ITM-000576,ShopGoodwill,GW-006,"Bose portable speaker, cosmetic wear",Electronics,Used - Good,2026-07-14T09:00:00-04:00,2026-07-24T11:00:00-04:00,2026-08-27T17:00:00-04:00,,SGW-LST-000576,true
SGW-ITM-000577,ShopGoodwill,GW-024,"Stoneware dinner service, 12 pieces",Home,Used - Very Good,2026-07-18T09:00:00-04:00,2026-07-25T11:00:00-04:00,2026-08-27T17:00:00-04:00,,SGW-LST-000577,true
SGW-ITM-000578,ShopGoodwill,GW-002,KitchenAid hand mixer with beaters,Home,For parts / repair,2026-07-12T09:00:00-04:00,2026-07-21T11:00:00-04:00,2026-08-06T17:00:00-04:00,,SGW-LST-000578,true
SGW-ITM-000579,ShopGoodwill,GW-021,"Hiking backpack, 40L",Sporting Goods,For parts / repair,2026-07-14T09:00:00-04:00,2026-07-16T11:00:00-04:00,2026-08-02T17:00:00-04:00,,SGW-LST-000579,true
SGW-ITM-000580,ShopGoodwill,GW-009,"Brass table lamp, tested",Home,Used - Acceptable,2026-08-06T09:00:00-04:00,2026-08-10T11:00:00-04:00,2026-08-22T17:00:00-04:00,,SGW-LST-000580,true
SGW-ITM-000581,ShopGoodwill,GW-018,"Craftsman socket set, 32 pieces",Tools,Used - Acceptable,2026-08-02T09:00:00-04:00,2026-08-11T11:00:00-04:00,2026-08-22T17:00:00-04:00,,SGW-LST-000581,true
SGW-ITM-000582,ShopGoodwill,GW-009,"Sterling ring, size 7",Jewelry,For parts / repair,2026-07-13T09:00:00-04:00,2026-07-24T11:00:00-04:00,2026-08-26T17:00:00-04:00,,SGW-LST-000582,true
SGW-ITM-000583,ShopGoodwill,GW-006,"Wool cardigan, size S",Apparel,Used - Good,2026-07-19T09:00:00-04:00,2026-07-27T11:00:00-04:00,2026-08-17T17:00:00-04:00,,SGW-LST-000583,true
SGW-ITM-000584,ShopGoodwill,GW-001,Signed studio pottery vase,Collectibles,Used - Very Good,2026-07-31T09:00:00-04:00,2026-08-08T11:00:00-04:00,2026-08-23T17:00:00-04:00,,SGW-LST-000584,true
SGW-ITM-000585,ShopGoodwill,GW-012,"Art history volume, dust jacket",Books,Used - Very Good,2026-07-18T09:00:00-04:00,2026-07-22T11:00:00-04:00,2026-08-28T17:00:00-04:00,,SGW-LST-000585,true
SGW-ITM-000586,ShopGoodwill,GW-013,"Patagonia fleece jacket, size M",Apparel,Used - Very Good,2026-07-20T09:00:00-04:00,2026-07-31T11:00:00-04:00,2026-08-09T17:00:00-04:00,,SGW-LST-000586,true
SGW-ITM-000587,ShopGoodwill,GW-012,"Digital multimeter, tested",Tools,Used - Very Good,2026-06-22T09:00:00-04:00,2026-07-05T11:00:00-04:00,2026-08-06T17:00:00-04:00,,SGW-LST-000587,true
SGW-ITM-000588,ShopGoodwill,GW-005,"Levi's denim jacket, size L",Apparel,For parts / repair,2026-07-31T09:00:00-04:00,2026-08-08T11:00:00-04:00,2026-08-14T17:00:00-04:00,,SGW-LST-000588,true
SGW-ITM-000589,ShopGoodwill,GW-018,Engineering reference manual,Books,Used - Very Good,2026-08-13T09:00:00-04:00,2026-08-25T11:00:00-04:00,2026-08-30T17:00:00-04:00,,SGW-LST-000589,true
SGW-ITM-000590,ShopGoodwill,GW-020,"Bose portable speaker, cosmetic wear",Electronics,Used - Acceptable,2026-08-01T09:00:00-04:00,2026-08-06T11:00:00-04:00,2026-08-15T17:00:00-04:00,,SGW-LST-000590,true
SGW-ITM-000591,ShopGoodwill,GW-018,"Stoneware dinner service, 12 pieces",Home,Used - Very Good,2026-07-26T09:00:00-04:00,2026-08-01T11:00:00-04:00,2026-08-15T17:00:00-04:00,,SGW-LST-000591,true
SGW-ITM-000592,ShopGoodwill,GW-009,"Digital multimeter, tested",Tools,Used - Very Good,2026-07-18T09:00:00-04:00,2026-07-30T11:00:00-04:00,2026-08-22T17:00:00-04:00,,SGW-LST-000592,true
SGW-ITM-000593,ShopGoodwill,GW-023,Nintendo DS console with charger,Electronics,For parts / repair,2026-07-07T09:00:00-04:00,2026-07-13T11:00:00-04:00,2026-08-12T17:00:00-04:00,,SGW-LST-000593,true
SGW-ITM-000594,ShopGoodwill,GW-008,"Estate postcard collection, 80 pieces",Collectibles,Used - Good,2026-06-22T09:00:00-04:00,2026-07-06T11:00:00-04:00,2026-08-09T17:00:00-04:00,,SGW-LST-000594,true
SGW-ITM-000595,ShopGoodwill,GW-017,"Canon EF zoom lens, 75–300mm",Electronics,For parts / repair,2026-08-16T09:00:00-04:00,2026-08-20T11:00:00-04:00,2026-08-29T17:00:00-04:00,,SGW-LST-000595,true
SGW-ITM-000596,ShopGoodwill,GW-008,"Levi's denim jacket, size L",Apparel,Used - Good,2026-07-30T09:00:00-04:00,2026-07-31T11:00:00-04:00,2026-08-31T17:00:00-04:00,,SGW-LST-000596,true
SGW-ITM-000597,ShopGoodwill,GW-015,"Vintage cassette deck, powers on",Electronics,For parts / repair,2026-07-22T09:00:00-04:00,2026-07-31T11:00:00-04:00,2026-08-13T17:00:00-04:00,,SGW-LST-000597,true
SGW-ITM-000598,ShopGoodwill,GW-006,Nintendo DS console with charger,Electronics,Used - Acceptable,2026-07-06T09:00:00-04:00,2026-07-14T11:00:00-04:00,2026-08-03T17:00:00-04:00,,SGW-LST-000598,true
SGW-ITM-000599,ShopGoodwill,GW-014,"Bose portable speaker, cosmetic wear",Electronics,Used - Acceptable,2026-07-28T09:00:00-04:00,2026-08-07T11:00:00-04:00,2026-08-10T17:00:00-04:00,,SGW-LST-000599,true
SGW-ITM-000600,ShopGoodwill,GW-001,"Die-cast vehicle lot, assorted",Collectibles,Used - Acceptable,2026-07-18T09:00:00-04:00,2026-07-21T11:00:00-04:00,2026-08-12T17:00:00-04:00,,SGW-LST-000600,true
SGW-ITM-000601,ShopGoodwill,GW-007,Nintendo DS console with charger,Electronics,Used - Good,2026-07-26T09:00:00-04:00,2026-08-08T11:00:00-04:00,2026-08-30T17:00:00-04:00,,SGW-LST-000601,true
SGW-ITM-000602,ShopGoodwill,GW-008,"Estate postcard collection, 80 pieces",Collectibles,Used - Very Good,2026-08-04T09:00:00-04:00,2026-08-13T11:00:00-04:00,2026-08-25T17:00:00-04:00,,SGW-LST-000602,true
SGW-ITM-000603,ShopGoodwill,GW-008,Nintendo DS console with charger,Electronics,Used - Acceptable,2026-06-22T09:00:00-04:00,2026-07-02T11:00:00-04:00,2026-08-07T17:00:00-04:00,,SGW-LST-000603,true
SGW-ITM-000604,ShopGoodwill,GW-011,"Model train locomotive, boxed",Collectibles,For parts / repair,2026-07-21T09:00:00-04:00,2026-07-25T11:00:00-04:00,2026-08-09T17:00:00-04:00,,SGW-LST-000604,true
SGW-ITM-000605,ShopGoodwill,GW-002,Sony stereo receiver — tested,Electronics,For parts / repair,2026-07-30T09:00:00-04:00,2026-08-08T11:00:00-04:00,2026-08-30T17:00:00-04:00,,SGW-LST-000605,true
SGW-ITM-000606,ShopGoodwill,GW-021,"Wool cardigan, size S",Apparel,For parts / repair,2026-07-22T09:00:00-04:00,2026-08-02T11:00:00-04:00,2026-08-04T17:00:00-04:00,,SGW-LST-000606,true
SGW-ITM-000607,ShopGoodwill,GW-015,Hardcover regional cookbook,Books,For parts / repair,2026-07-16T09:00:00-04:00,2026-07-26T11:00:00-04:00,2026-08-03T17:00:00-04:00,,SGW-LST-000607,true
SGW-ITM-000608,ShopGoodwill,GW-004,"Wool cardigan, size S",Apparel,For parts / repair,2026-08-14T09:00:00-04:00,2026-08-21T11:00:00-04:00,2026-08-26T17:00:00-04:00,,SGW-LST-000608,true
SGW-ITM-000609,ShopGoodwill,GW-009,"Canon EF zoom lens, 75–300mm",Electronics,Used - Very Good,2026-07-02T09:00:00-04:00,2026-07-14T11:00:00-04:00,2026-08-11T17:00:00-04:00,,SGW-LST-000609,true
SGW-ITM-000610,ShopGoodwill,GW-003,Engineering reference manual,Books,Used - Acceptable,2026-07-13T09:00:00-04:00,2026-07-18T11:00:00-04:00,2026-08-23T17:00:00-04:00,,SGW-LST-000610,true
SGW-ITM-000611,ShopGoodwill,GW-005,"Model train locomotive, boxed",Collectibles,Used - Acceptable,2026-07-14T09:00:00-04:00,2026-07-22T11:00:00-04:00,2026-08-16T17:00:00-04:00,,SGW-LST-000611,true
SGW-ITM-000612,ShopGoodwill,GW-012,"Canon EF zoom lens, 75–300mm",Electronics,Used - Acceptable,2026-07-27T09:00:00-04:00,2026-08-02T11:00:00-04:00,2026-08-20T17:00:00-04:00,,SGW-LST-000612,true
SGW-ITM-000613,ShopGoodwill,GW-016,"Stoneware dinner service, 12 pieces",Home,Used - Acceptable,2026-08-07T09:00:00-04:00,2026-08-16T11:00:00-04:00,2026-08-30T17:00:00-04:00,,SGW-LST-000613,true
SGW-ITM-000614,ShopGoodwill,GW-006,"Model train locomotive, boxed",Collectibles,Used - Good,2026-07-09T09:00:00-04:00,2026-07-22T11:00:00-04:00,2026-08-25T17:00:00-04:00,,SGW-LST-000614,true
SGW-ITM-000615,ShopGoodwill,GW-021,"Canon EF zoom lens, 75–300mm",Electronics,Used - Acceptable,2026-07-31T09:00:00-04:00,2026-08-07T11:00:00-04:00,2026-08-23T17:00:00-04:00,,SGW-LST-000615,true
SGW-ITM-000616,ShopGoodwill,GW-024,Sony stereo receiver — tested,Electronics,Used - Good,2026-08-04T09:00:00-04:00,2026-08-10T11:00:00-04:00,2026-08-30T17:00:00-04:00,,SGW-LST-000616,true
SGW-ITM-000617,ShopGoodwill,GW-022,KitchenAid hand mixer with beaters,Home,Used - Very Good,2026-07-19T09:00:00-04:00,2026-07-27T11:00:00-04:00,2026-08-13T17:00:00-04:00,,SGW-LST-000617,true
SGW-ITM-000618,ShopGoodwill,GW-024,"Gold-tone wristwatch, untested",Jewelry,Used - Very Good,2026-07-14T09:00:00-04:00,2026-07-27T11:00:00-04:00,2026-08-12T17:00:00-04:00,,SGW-LST-000618,true
SGW-ITM-000619,ShopGoodwill,GW-004,Nintendo DS console with charger,Electronics,Used - Good,2026-08-05T09:00:00-04:00,2026-08-09T11:00:00-04:00,2026-08-12T17:00:00-04:00,,SGW-LST-000619,true
SGW-ITM-000620,ShopGoodwill,GW-023,Nintendo DS console with charger,Electronics,For parts / repair,2026-07-12T09:00:00-04:00,2026-07-13T11:00:00-04:00,2026-08-08T17:00:00-04:00,,SGW-LST-000620,true
SGW-ITM-000621,ShopGoodwill,GW-006,"Art history volume, dust jacket",Books,Used - Acceptable,2026-07-07T09:00:00-04:00,2026-07-21T11:00:00-04:00,2026-08-04T17:00:00-04:00,,SGW-LST-000621,true
SGW-ITM-000622,ShopGoodwill,GW-010,"Wool cardigan, size S",Apparel,Used - Very Good,2026-07-12T09:00:00-04:00,2026-07-23T11:00:00-04:00,2026-08-05T17:00:00-04:00,,SGW-LST-000622,true
SGW-ITM-000623,ShopGoodwill,GW-009,"Vintage concert T-shirt, size XL",Apparel,Used - Good,2026-07-08T09:00:00-04:00,2026-07-10T11:00:00-04:00,2026-08-04T17:00:00-04:00,,SGW-LST-000623,true
SGW-ITM-000624,ShopGoodwill,GW-024,"Bose portable speaker, cosmetic wear",Electronics,Used - Good,2026-07-03T09:00:00-04:00,2026-07-10T11:00:00-04:00,2026-08-05T17:00:00-04:00,,SGW-LST-000624,true
SGW-ITM-000625,ShopGoodwill,GW-002,"Patagonia fleece jacket, size M",Apparel,Used - Very Good,2026-07-22T09:00:00-04:00,2026-07-23T11:00:00-04:00,2026-08-12T17:00:00-04:00,,SGW-LST-000625,true
SGW-ITM-000626,ShopGoodwill,GW-014,"Art history volume, dust jacket",Books,Used - Acceptable,2026-08-15T09:00:00-04:00,2026-08-27T11:00:00-04:00,2026-08-29T17:00:00-04:00,,SGW-LST-000626,true
SGW-ITM-000627,ShopGoodwill,GW-008,"Illustrated field guide, revised edition",Books,Used - Very Good,2026-07-02T09:00:00-04:00,2026-07-10T11:00:00-04:00,2026-08-08T17:00:00-04:00,,SGW-LST-000627,true
SGW-ITM-000628,ShopGoodwill,GW-016,"Canon EF zoom lens, 75–300mm",Electronics,For parts / repair,2026-07-08T09:00:00-04:00,2026-07-21T11:00:00-04:00,2026-08-01T17:00:00-04:00,,SGW-LST-000628,true
SGW-ITM-000629,ShopGoodwill,GW-011,Nintendo DS console with charger,Electronics,Used - Good,2026-07-16T09:00:00-04:00,2026-07-28T11:00:00-04:00,2026-08-26T17:00:00-04:00,,SGW-LST-000629,true
SGW-ITM-000630,ShopGoodwill,GW-018,Signed studio pottery vase,Collectibles,Used - Very Good,2026-07-19T09:00:00-04:00,2026-07-29T11:00:00-04:00,2026-08-11T17:00:00-04:00,,SGW-LST-000630,true
SGW-ITM-000631,ShopGoodwill,GW-019,Sony stereo receiver — tested,Electronics,Used - Good,2026-07-27T09:00:00-04:00,2026-07-31T11:00:00-04:00,2026-08-16T17:00:00-04:00,,SGW-LST-000631,true
SGW-ITM-000632,ShopGoodwill,GW-011,"Bose portable speaker, cosmetic wear",Electronics,For parts / repair,2026-06-23T09:00:00-04:00,2026-07-02T11:00:00-04:00,2026-08-03T17:00:00-04:00,,SGW-LST-000632,true
SGW-ITM-000633,ShopGoodwill,,Vintage Stanley hand plane,Tools,Used - Acceptable,2026-08-03T09:00:00-04:00,2026-08-17T11:00:00-04:00,2026-08-23T17:00:00-04:00,,SGW-LST-000633,true
SGW-ITM-000634,ShopGoodwill,GW-002,"Gold-tone wristwatch, untested",Jewelry,For parts / repair,2026-08-03T09:00:00-04:00,2026-08-11T11:00:00-04:00,2026-08-20T17:00:00-04:00,,SGW-LST-000634,true
SGW-ITM-000635,ShopGoodwill,GW-020,Hardcover regional cookbook,Books,Used - Acceptable,2026-08-08T09:00:00-04:00,2026-08-15T11:00:00-04:00,2026-08-28T17:00:00-04:00,,SGW-LST-000635,true
SGW-ITM-000636,ShopGoodwill,GW-012,"Leather tote bag, brown",Accessories,For parts / repair,2026-07-12T09:00:00-04:00,2026-07-24T11:00:00-04:00,2026-08-24T17:00:00-04:00,,SGW-LST-000636,true
SGW-ITM-000637,ShopGoodwill,GW-017,Sony stereo receiver — tested,Electronics,Used - Very Good,2026-07-18T09:00:00-04:00,2026-07-27T11:00:00-04:00,2026-08-16T17:00:00-04:00,,SGW-LST-000637,true
SGW-ITM-000638,ShopGoodwill,GW-018,Sony stereo receiver — tested,Electronics,Used - Very Good,2026-07-17T09:00:00-04:00,2026-07-19T11:00:00-04:00,2026-08-16T17:00:00-04:00,,SGW-LST-000638,true
SGW-ITM-000639,ShopGoodwill,GW-023,"Canon EF zoom lens, 75–300mm",Electronics,Used - Good,2026-07-17T09:00:00-04:00,2026-07-22T11:00:00-04:00,2026-08-23T17:00:00-04:00,,SGW-LST-000639,true
SGW-ITM-000640,ShopGoodwill,GW-015,KitchenAid hand mixer with beaters,Home,Used - Acceptable,2026-07-11T09:00:00-04:00,2026-07-21T11:00:00-04:00,2026-08-19T17:00:00-04:00,,SGW-LST-000640,true
SGW-ITM-000641,ShopGoodwill,GW-022,"Mystery paperback lot, 6 books",Books,Used - Very Good,2026-07-21T09:00:00-04:00,2026-07-29T11:00:00-04:00,2026-08-13T17:00:00-04:00,,SGW-LST-000641,true
SGW-ITM-000642,ShopGoodwill,GW-024,"Canon EF zoom lens, 75–300mm",Electronics,For parts / repair,2026-07-09T09:00:00-04:00,2026-07-12T11:00:00-04:00,2026-08-03T17:00:00-04:00,2026-08-06T21:00:00-04:00,SGW-LST-000642,true
SGW-ITM-000643,ShopGoodwill,GW-004,"Stoneware dinner service, 12 pieces",Home,For parts / repair,2026-07-17T09:00:00-04:00,2026-07-31T11:00:00-04:00,2026-08-11T17:00:00-04:00,,SGW-LST-000643,true
SGW-ITM-000644,ShopGoodwill,GW-005,"Craftsman socket set, 32 pieces",Tools,For parts / repair,2026-07-31T09:00:00-04:00,2026-08-02T11:00:00-04:00,2026-08-12T17:00:00-04:00,,SGW-LST-000644,true
SGW-ITM-000645,ShopGoodwill,GW-011,"Vintage concert T-shirt, size XL",Apparel,For parts / repair,2026-07-06T09:00:00-04:00,2026-07-19T11:00:00-04:00,2026-08-03T17:00:00-04:00,,SGW-LST-000645,true
SGW-ITM-000646,ShopGoodwill,GW-024,Vintage Pyrex mixing bowl set,Collectibles,Used - Good,2026-07-29T09:00:00-04:00,2026-08-06T11:00:00-04:00,2026-08-20T17:00:00-04:00,,SGW-LST-000646,true
SGW-ITM-000647,ShopGoodwill,GW-008,"Silk scarf, floral print",Accessories,For parts / repair,2026-07-06T09:00:00-04:00,2026-07-13T11:00:00-04:00,2026-08-01T17:00:00-04:00,,SGW-LST-000647,true
SGW-ITM-000648,ShopGoodwill,GW-006,"Wool cardigan, size S",Apparel,Used - Good,2026-07-27T09:00:00-04:00,2026-08-07T11:00:00-04:00,2026-08-15T17:00:00-04:00,,SGW-LST-000648,true
SGW-ITM-000649,ShopGoodwill,GW-003,"Patagonia fleece jacket, size M",Apparel,Used - Very Good,2026-07-25T09:00:00-04:00,2026-08-06T11:00:00-04:00,2026-08-23T17:00:00-04:00,,SGW-LST-000649,true
SGW-ITM-000650,ShopGoodwill,GW-021,"Sterling silver necklace, 18 inch",Jewelry,Used - Very Good,2026-07-24T09:00:00-04:00,2026-08-06T11:00:00-04:00,2026-08-15T17:00:00-04:00,,SGW-LST-000650,true
SGW-ITM-000651,ShopGoodwill,GW-017,"Canon EF zoom lens, 75–300mm",Electronics,Used - Very Good,2026-08-07T09:00:00-04:00,2026-08-13T11:00:00-04:00,2026-08-17T17:00:00-04:00,,SGW-LST-000651,true
SGW-ITM-000652,ShopGoodwill,GW-010,"Wool cardigan, size S",Apparel,Used - Acceptable,2026-08-05T09:00:00-04:00,2026-08-06T11:00:00-04:00,2026-08-23T17:00:00-04:00,,SGW-LST-000652,true
SGW-ITM-000653,ShopGoodwill,GW-014,Sony stereo receiver — tested,Electronics,Used - Good,2026-08-15T09:00:00-04:00,2026-08-16T11:00:00-04:00,2026-08-18T17:00:00-04:00,,SGW-LST-000653,true
SGW-ITM-000654,ShopGoodwill,GW-018,"Bose portable speaker, cosmetic wear",Electronics,For parts / repair,2026-06-14T09:00:00-04:00,2026-06-24T11:00:00-04:00,2026-08-01T17:00:00-04:00,,SGW-LST-000654,true
SGW-ITM-000655,ShopGoodwill,GW-021,"Illustrated field guide, revised edition",Books,Used - Acceptable,2026-07-28T09:00:00-04:00,2026-08-07T11:00:00-04:00,2026-08-31T17:00:00-04:00,,SGW-LST-000655,true
SGW-ITM-000656,ShopGoodwill,GW-002,"Vintage cassette deck, powers on",Electronics,Used - Good,2026-08-04T09:00:00-04:00,2026-08-06T11:00:00-04:00,2026-08-15T17:00:00-04:00,,SGW-LST-000656,true
SGW-ITM-000657,ShopGoodwill,GW-012,"Canon EF zoom lens, 75–300mm",Electronics,Used - Acceptable,2026-07-13T09:00:00-04:00,2026-07-25T11:00:00-04:00,2026-08-29T17:00:00-04:00,,SGW-LST-000657,true
SGW-ITM-000658,ShopGoodwill,GW-012,"Patagonia fleece jacket, size M",Apparel,Used - Good,2026-07-31T09:00:00-04:00,2026-08-05T11:00:00-04:00,2026-08-24T17:00:00-04:00,,SGW-LST-000658,true
SGW-ITM-000659,ShopGoodwill,GW-017,Signed studio pottery vase,Collectibles,For parts / repair,2026-07-23T09:00:00-04:00,2026-07-28T11:00:00-04:00,2026-08-21T17:00:00-04:00,,SGW-LST-000659,true
SGW-ITM-000660,ShopGoodwill,GW-011,Vintage Pyrex mixing bowl set,Collectibles,Used - Very Good,2026-06-27T09:00:00-04:00,2026-07-02T11:00:00-04:00,2026-08-05T17:00:00-04:00,,SGW-LST-000660,true
SGW-ITM-000661,ShopGoodwill,GW-002,Nintendo DS console with charger,Electronics,Used - Very Good,2026-08-04T09:00:00-04:00,2026-08-13T11:00:00-04:00,2026-08-24T17:00:00-04:00,,SGW-LST-000661,true
SGW-ITM-000662,ShopGoodwill,GW-014,Engineering reference manual,Books,Used - Good,2026-07-27T09:00:00-04:00,2026-08-07T11:00:00-04:00,2026-08-17T17:00:00-04:00,,SGW-LST-000662,true
SGW-ITM-000663,ShopGoodwill,GW-012,Vintage belt with brass buckle,Accessories,Used - Good,2026-06-26T09:00:00-04:00,2026-07-05T11:00:00-04:00,2026-08-09T17:00:00-04:00,,SGW-LST-000663,true
SGW-ITM-000664,ShopGoodwill,GW-004,KitchenAid hand mixer with beaters,Home,Used - Good,2026-07-29T09:00:00-04:00,2026-07-30T11:00:00-04:00,2026-08-15T17:00:00-04:00,,SGW-LST-000664,true
SGW-ITM-000665,ShopGoodwill,GW-009,"Handwoven wool rug, 3 × 5 ft",Home,Used - Good,2026-07-16T09:00:00-04:00,2026-07-29T11:00:00-04:00,2026-08-18T17:00:00-04:00,,SGW-LST-000665,true
SGW-ITM-000666,ShopGoodwill,GW-005,"Vintage cassette deck, powers on",Electronics,Used - Good,2026-06-20T09:00:00-04:00,2026-07-01T11:00:00-04:00,2026-08-01T17:00:00-04:00,,SGW-LST-000666,true
SGW-ITM-000667,ShopGoodwill,GW-013,Vintage Pyrex mixing bowl set,Collectibles,Used - Good,2026-07-09T09:00:00-04:00,2026-07-17T11:00:00-04:00,2026-08-22T17:00:00-04:00,,SGW-LST-000667,true
SGW-ITM-000668,ShopGoodwill,GW-020,"Model train locomotive, boxed",Collectibles,For parts / repair,2026-07-24T09:00:00-04:00,2026-08-06T11:00:00-04:00,2026-08-29T17:00:00-04:00,,SGW-LST-000668,true
SGW-ITM-000669,ShopGoodwill,GW-015,"Estate postcard collection, 80 pieces",Collectibles,Used - Very Good,2026-08-12T09:00:00-04:00,2026-08-16T11:00:00-04:00,2026-08-19T17:00:00-04:00,,SGW-LST-000669,true
SGW-ITM-000670,ShopGoodwill,GW-017,"Craftsman socket set, 32 pieces",Tools,Used - Very Good,2026-07-19T09:00:00-04:00,2026-07-27T11:00:00-04:00,2026-08-25T17:00:00-04:00,,SGW-LST-000670,true
SGW-ITM-000671,ShopGoodwill,GW-017,"Wool cardigan, size S",Apparel,Used - Good,2026-07-24T09:00:00-04:00,2026-07-30T11:00:00-04:00,2026-08-04T17:00:00-04:00,,SGW-LST-000671,true
SGW-ITM-000672,ShopGoodwill,GW-015,KitchenAid hand mixer with beaters,Home,Used - Acceptable,2026-07-17T09:00:00-04:00,2026-07-23T11:00:00-04:00,2026-08-22T17:00:00-04:00,,SGW-LST-000672,true
SGW-ITM-000673,ShopGoodwill,GW-012,Nintendo DS console with charger,Electronics,For parts / repair,2026-07-15T09:00:00-04:00,2026-07-16T11:00:00-04:00,2026-08-09T17:00:00-04:00,,SGW-LST-000673,true
SGW-ITM-000674,ShopGoodwill,GW-019,"Model train locomotive, boxed",Collectibles,Used - Very Good,2026-07-12T09:00:00-04:00,2026-07-19T11:00:00-04:00,2026-08-07T17:00:00-04:00,,SGW-LST-000674,true
SGW-ITM-000675,ShopGoodwill,GW-012,"Handwoven wool rug, 3 × 5 ft",Home,For parts / repair,2026-07-18T09:00:00-04:00,2026-07-27T11:00:00-04:00,2026-08-06T17:00:00-04:00,,SGW-LST-000675,true
SGW-ITM-000676,ShopGoodwill,GW-023,"Vintage cassette deck, powers on",Electronics,For parts / repair,2026-07-10T09:00:00-04:00,2026-07-22T11:00:00-04:00,2026-08-14T17:00:00-04:00,,SGW-LST-000676,true
SGW-ITM-000677,ShopGoodwill,GW-004,Engineering reference manual,Books,Used - Very Good,2026-07-29T09:00:00-04:00,2026-08-08T11:00:00-04:00,2026-08-26T17:00:00-04:00,,SGW-LST-000677,true
SGW-ITM-000678,ShopGoodwill,GW-007,"Die-cast vehicle lot, assorted",Collectibles,Used - Acceptable,2026-08-05T09:00:00-04:00,2026-08-16T11:00:00-04:00,2026-08-25T17:00:00-04:00,,SGW-LST-000678,true
SGW-ITM-000679,ShopGoodwill,GW-003,Sony stereo receiver — tested,Electronics,Used - Good,2026-07-12T09:00:00-04:00,2026-07-23T11:00:00-04:00,2026-08-23T17:00:00-04:00,,SGW-LST-000679,true
SGW-ITM-000680,ShopGoodwill,GW-006,"Stoneware dinner service, 12 pieces",Home,Used - Very Good,2026-07-27T09:00:00-04:00,2026-08-03T11:00:00-04:00,2026-08-17T17:00:00-04:00,,SGW-LST-000680,true
SGW-ITM-000681,ShopGoodwill,GW-014,"Art history volume, dust jacket",Books,Used - Good,2026-07-27T09:00:00-04:00,2026-08-01T11:00:00-04:00,2026-08-25T17:00:00-04:00,,SGW-LST-000681,true
SGW-ITM-000682,ShopGoodwill,GW-012,Vintage Pyrex mixing bowl set,Collectibles,Used - Good,2026-07-19T09:00:00-04:00,2026-07-31T11:00:00-04:00,2026-08-10T17:00:00-04:00,,SGW-LST-000682,true
SGW-ITM-000683,ShopGoodwill,GW-016,Nintendo DS console with charger,Electronics,Used - Acceptable,2026-07-06T09:00:00-04:00,2026-07-18T11:00:00-04:00,2026-08-13T17:00:00-04:00,,SGW-LST-000683,true
SGW-ITM-000684,ShopGoodwill,GW-004,"Craftsman socket set, 32 pieces",Tools,Used - Acceptable,2026-07-16T09:00:00-04:00,2026-07-20T11:00:00-04:00,2026-08-02T17:00:00-04:00,,SGW-LST-000684,true
SGW-ITM-000685,ShopGoodwill,GW-005,"Gold-tone wristwatch, untested",Jewelry,Used - Very Good,2026-08-14T09:00:00-04:00,2026-08-17T11:00:00-04:00,2026-08-31T17:00:00-04:00,,SGW-LST-000685,true
SGW-ITM-000686,ShopGoodwill,GW-017,Sony stereo receiver — tested,Electronics,Used - Acceptable,2026-07-22T09:00:00-04:00,2026-07-30T11:00:00-04:00,2026-08-19T17:00:00-04:00,,SGW-LST-000686,true
SGW-ITM-000687,ShopGoodwill,GW-001,"Hiking backpack, 40L",Sporting Goods,Used - Very Good,2026-07-20T09:00:00-04:00,2026-07-21T11:00:00-04:00,2026-08-24T17:00:00-04:00,,SGW-LST-000687,true
SGW-ITM-000688,ShopGoodwill,GW-002,Vintage Pyrex mixing bowl set,Collectibles,Used - Acceptable,2026-07-19T09:00:00-04:00,2026-07-24T11:00:00-04:00,2026-08-09T17:00:00-04:00,,SGW-LST-000688,true
SGW-ITM-000689,ShopGoodwill,GW-004,Vintage Stanley hand plane,Tools,Used - Very Good,2026-08-03T09:00:00-04:00,2026-08-07T11:00:00-04:00,2026-08-15T17:00:00-04:00,,SGW-LST-000689,true
SGW-ITM-000690,ShopGoodwill,GW-022,"Die-cast vehicle lot, assorted",Collectibles,Used - Very Good,2026-07-28T09:00:00-04:00,2026-08-06T11:00:00-04:00,2026-08-23T17:00:00-04:00,,SGW-LST-000690,true
SGW-ITM-000691,ShopGoodwill,GW-004,Vintage Pyrex mixing bowl set,Collectibles,Used - Very Good,2026-08-07T09:00:00-04:00,2026-08-11T11:00:00-04:00,2026-08-30T17:00:00-04:00,,SGW-LST-000691,true
SGW-ITM-000692,ShopGoodwill,GW-024,"Levi's denim jacket, size L",Apparel,Used - Acceptable,2026-08-07T09:00:00-04:00,2026-08-08T11:00:00-04:00,2026-08-31T17:00:00-04:00,,SGW-LST-000692,true
SGW-ITM-000693,ShopGoodwill,GW-019,"Vintage concert T-shirt, size XL",Apparel,Used - Good,2026-07-25T09:00:00-04:00,2026-08-03T11:00:00-04:00,2026-08-19T17:00:00-04:00,,SGW-LST-000693,true
SGW-ITM-000694,ShopGoodwill,GW-022,Sony stereo receiver — tested,Electronics,Used - Good,2026-07-17T09:00:00-04:00,2026-07-30T11:00:00-04:00,2026-08-24T17:00:00-04:00,2026-08-27T21:00:00-04:00,SGW-LST-000694,true
SGW-ITM-000695,ShopGoodwill,GW-009,"Model train locomotive, boxed",Collectibles,For parts / repair,2026-06-30T09:00:00-04:00,2026-07-10T11:00:00-04:00,2026-08-16T17:00:00-04:00,,SGW-LST-000695,true
SGW-ITM-000696,ShopGoodwill,GW-019,"Vintage concert T-shirt, size XL",Apparel,For parts / repair,2026-07-06T09:00:00-04:00,2026-07-08T11:00:00-04:00,2026-08-05T17:00:00-04:00,,SGW-LST-000696,true
SGW-ITM-000697,ShopGoodwill,GW-009,"Craftsman socket set, 32 pieces",Tools,Used - Good,2026-07-12T09:00:00-04:00,2026-07-18T11:00:00-04:00,2026-08-09T17:00:00-04:00,,SGW-LST-000697,true
SGW-ITM-000698,ShopGoodwill,GW-003,"Craftsman socket set, 32 pieces",Tools,Used - Very Good,2026-08-04T09:00:00-04:00,2026-08-07T11:00:00-04:00,2026-08-30T17:00:00-04:00,,SGW-LST-000698,true
SGW-ITM-000699,ShopGoodwill,GW-008,"Silk scarf, floral print",Accessories,Used - Very Good,2026-08-14T09:00:00-04:00,2026-08-18T11:00:00-04:00,2026-08-25T17:00:00-04:00,,SGW-LST-000699,true
SGW-ITM-000700,ShopGoodwill,GW-015,Vintage Stanley hand plane,Tools,Used - Good,2026-08-11T09:00:00-04:00,2026-08-21T11:00:00-04:00,2026-08-23T17:00:00-04:00,,SGW-LST-000700,true
SGW-ITM-000701,ShopGoodwill,GW-004,Nintendo DS console with charger,Electronics,Used - Very Good,2026-07-02T09:00:00-04:00,2026-07-09T11:00:00-04:00,2026-08-11T17:00:00-04:00,,SGW-LST-000701,true
SGW-ITM-000702,ShopGoodwill,GW-020,"DeWalt cordless drill, tool only",Tools,Used - Acceptable,2026-08-14T09:00:00-04:00,2026-08-20T11:00:00-04:00,2026-08-29T17:00:00-04:00,,SGW-LST-000702,true
SGW-ITM-000703,ShopGoodwill,GW-003,Engineering reference manual,Books,Used - Acceptable,2026-06-28T09:00:00-04:00,2026-07-03T11:00:00-04:00,2026-08-08T17:00:00-04:00,,SGW-LST-000703,true
SGW-ITM-000704,ShopGoodwill,GW-020,Tennis racquet pair with covers,Sporting Goods,Used - Good,2026-06-23T09:00:00-04:00,2026-07-06T11:00:00-04:00,2026-08-01T17:00:00-04:00,,SGW-LST-000704,true
SGW-ITM-000705,ShopGoodwill,GW-006,"Estate postcard collection, 80 pieces",Collectibles,Used - Very Good,2026-07-12T09:00:00-04:00,2026-07-20T11:00:00-04:00,2026-08-11T17:00:00-04:00,,SGW-LST-000705,true
SGW-ITM-000706,ShopGoodwill,GW-014,"Model train locomotive, boxed",Collectibles,For parts / repair,2026-07-22T09:00:00-04:00,2026-08-04T11:00:00-04:00,2026-08-28T17:00:00-04:00,,SGW-LST-000706,true
SGW-ITM-000707,ShopGoodwill,GW-012,KitchenAid hand mixer with beaters,Home,For parts / repair,2026-07-20T09:00:00-04:00,2026-07-21T11:00:00-04:00,2026-08-17T17:00:00-04:00,,SGW-LST-000707,true
SGW-ITM-000708,ShopGoodwill,GW-024,"DeWalt cordless drill, tool only",Tools,Used - Acceptable,2026-07-20T09:00:00-04:00,2026-07-29T11:00:00-04:00,2026-08-30T17:00:00-04:00,,SGW-LST-000708,true
SGW-ITM-000709,ShopGoodwill,GW-010,"Bose portable speaker, cosmetic wear",Electronics,Used - Acceptable,2026-08-01T09:00:00-04:00,2026-08-09T11:00:00-04:00,2026-08-22T17:00:00-04:00,,SGW-LST-000709,true
SGW-ITM-000710,ShopGoodwill,GW-021,"Estate postcard collection, 80 pieces",Collectibles,Used - Good,2026-07-04T09:00:00-04:00,2026-07-12T11:00:00-04:00,2026-08-09T17:00:00-04:00,,SGW-LST-000710,true
SGW-ITM-000711,ShopGoodwill,GW-013,"Golf iron set, right handed",Sporting Goods,For parts / repair,2026-08-06T09:00:00-04:00,2026-08-09T11:00:00-04:00,2026-08-14T17:00:00-04:00,,SGW-LST-000711,true
SGW-ITM-000712,ShopGoodwill,GW-008,"Patagonia fleece jacket, size M",Apparel,Used - Acceptable,2026-06-28T09:00:00-04:00,2026-07-10T11:00:00-04:00,2026-08-12T17:00:00-04:00,,SGW-LST-000712,true
SGW-ITM-000713,ShopGoodwill,GW-008,Vintage Pyrex mixing bowl set,Collectibles,Used - Very Good,2026-07-23T09:00:00-04:00,2026-08-03T11:00:00-04:00,2026-08-09T17:00:00-04:00,,SGW-LST-000713,true
SGW-ITM-000714,ShopGoodwill,GW-022,"Model train locomotive, boxed",Collectibles,For parts / repair,2026-07-21T09:00:00-04:00,2026-08-01T11:00:00-04:00,2026-08-14T17:00:00-04:00,,SGW-LST-000714,true
SGW-ITM-000715,ShopGoodwill,GW-001,Nintendo DS console with charger,Electronics,Used - Good,2026-07-27T09:00:00-04:00,2026-08-09T11:00:00-04:00,2026-08-15T17:00:00-04:00,,SGW-LST-000715,true
SGW-ITM-000716,ShopGoodwill,GW-011,"Levi's denim jacket, size L",Apparel,Used - Very Good,2026-07-09T09:00:00-04:00,2026-07-14T11:00:00-04:00,2026-08-14T17:00:00-04:00,,SGW-LST-000716,true
SGW-ITM-000717,ShopGoodwill,GW-017,"Die-cast vehicle lot, assorted",Collectibles,Used - Acceptable,2026-07-14T09:00:00-04:00,2026-07-19T11:00:00-04:00,2026-08-17T17:00:00-04:00,,SGW-LST-000717,true
SGW-ITM-000718,ShopGoodwill,GW-004,Nintendo DS console with charger,Electronics,For parts / repair,2026-07-27T09:00:00-04:00,2026-07-29T11:00:00-04:00,2026-08-07T17:00:00-04:00,,SGW-LST-000718,true
SGW-ITM-000719,ShopGoodwill,GW-001,Engineering reference manual,Books,Used - Good,2026-06-30T09:00:00-04:00,2026-07-06T11:00:00-04:00,2026-08-01T17:00:00-04:00,,SGW-LST-000719,true
SGW-ITM-000720,ShopGoodwill,GW-004,"DeWalt cordless drill, tool only",Tools,For parts / repair,2026-07-24T09:00:00-04:00,2026-08-06T11:00:00-04:00,2026-08-31T17:00:00-04:00,,SGW-LST-000720,true
SGW-ITM-000721,ShopGoodwill,GW-021,Sony stereo receiver — tested,Electronics,Used - Acceptable,2026-06-18T09:00:00-04:00,2026-07-01T11:00:00-04:00,2026-08-08T17:00:00-04:00,,SGW-LST-000721,true
SGW-ITM-000722,ShopGoodwill,GW-008,"Estate postcard collection, 80 pieces",Collectibles,Used - Very Good,2026-08-07T09:00:00-04:00,2026-08-21T11:00:00-04:00,2026-08-28T17:00:00-04:00,,SGW-LST-000722,true
SGW-ITM-000723,ShopGoodwill,GW-011,Fishing reel with spare spool,Sporting Goods,Used - Very Good,2026-07-02T09:00:00-04:00,2026-07-11T11:00:00-04:00,2026-08-12T17:00:00-04:00,,SGW-LST-000723,true
SGW-ITM-000724,ShopGoodwill,GW-004,"Handwoven wool rug, 3 × 5 ft",Home,Used - Good,2026-07-20T09:00:00-04:00,2026-07-22T11:00:00-04:00,2026-08-19T17:00:00-04:00,,SGW-LST-000724,true
SGW-ITM-000725,ShopGoodwill,GW-002,Signed studio pottery vase,Collectibles,Used - Very Good,2026-07-29T09:00:00-04:00,2026-08-04T11:00:00-04:00,2026-08-15T17:00:00-04:00,,SGW-LST-000725,true
SGW-ITM-000726,ShopGoodwill,GW-006,Sony stereo receiver — tested,Electronics,Used - Acceptable,2026-07-07T09:00:00-04:00,2026-07-16T11:00:00-04:00,2026-08-05T17:00:00-04:00,,SGW-LST-000726,true
SGW-ITM-000727,ShopGoodwill,GW-024,Sony stereo receiver — tested,Electronics,Used - Acceptable,2026-07-07T09:00:00-04:00,2026-07-19T11:00:00-04:00,2026-08-26T17:00:00-04:00,,SGW-LST-000727,true
SGW-ITM-000728,ShopGoodwill,GW-004,Nintendo DS console with charger,Electronics,For parts / repair,2026-07-18T09:00:00-04:00,2026-07-29T11:00:00-04:00,2026-08-14T17:00:00-04:00,,SGW-LST-000728,true
SGW-ITM-000729,ShopGoodwill,GW-005,Vintage Pyrex mixing bowl set,Collectibles,Used - Acceptable,2026-07-23T09:00:00-04:00,2026-07-31T11:00:00-04:00,2026-08-26T17:00:00-04:00,,SGW-LST-000729,true
SGW-ITM-000730,ShopGoodwill,GW-001,"Bose portable speaker, cosmetic wear",Electronics,Used - Good,2026-07-18T09:00:00-04:00,2026-07-19T11:00:00-04:00,2026-08-01T17:00:00-04:00,,SGW-LST-000730,true
SGW-ITM-000731,ShopGoodwill,GW-001,Nintendo DS console with charger,Electronics,Used - Very Good,2026-07-28T09:00:00-04:00,2026-08-06T11:00:00-04:00,2026-08-21T17:00:00-04:00,,SGW-LST-000731,true
SGW-ITM-000732,ShopGoodwill,GW-023,"Travel duffel, navy",Accessories,For parts / repair,2026-07-11T09:00:00-04:00,2026-07-25T11:00:00-04:00,2026-08-03T17:00:00-04:00,,SGW-LST-000732,true
SGW-ITM-000733,ShopGoodwill,GW-024,"Brass table lamp, tested",Home,Used - Very Good,2026-07-24T09:00:00-04:00,2026-07-26T11:00:00-04:00,2026-08-04T17:00:00-04:00,,SGW-LST-000733,true
SGW-ITM-000734,ShopGoodwill,GW-015,"Canon EF zoom lens, 75–300mm",Electronics,Used - Acceptable,2026-08-09T09:00:00-04:00,2026-08-22T11:00:00-04:00,2026-08-29T17:00:00-04:00,,SGW-LST-000734,true
SGW-ITM-000735,ShopGoodwill,GW-004,Fishing reel with spare spool,Sporting Goods,Used - Very Good,2026-08-12T09:00:00-04:00,2026-08-15T11:00:00-04:00,2026-08-29T17:00:00-04:00,,SGW-LST-000735,true
SGW-ITM-000736,ShopGoodwill,GW-024,Tennis racquet pair with covers,Sporting Goods,Used - Acceptable,2026-07-20T09:00:00-04:00,2026-08-02T11:00:00-04:00,2026-08-21T17:00:00-04:00,,SGW-LST-000736,true
SGW-ITM-000737,ShopGoodwill,GW-020,"Estate postcard collection, 80 pieces",Collectibles,Used - Acceptable,2026-08-03T09:00:00-04:00,2026-08-14T11:00:00-04:00,2026-08-28T17:00:00-04:00,,SGW-LST-000737,true
SGW-ITM-000738,ShopGoodwill,GW-012,Signed studio pottery vase,Collectibles,For parts / repair,2026-08-06T09:00:00-04:00,2026-08-08T11:00:00-04:00,2026-08-27T17:00:00-04:00,,SGW-LST-000738,true
SGW-ITM-000739,ShopGoodwill,GW-004,"Golf iron set, right handed",Sporting Goods,Used - Good,2026-07-27T09:00:00-04:00,2026-08-04T11:00:00-04:00,2026-08-08T17:00:00-04:00,,SGW-LST-000739,true
SGW-ITM-000740,ShopGoodwill,GW-020,Fishing reel with spare spool,Sporting Goods,Used - Good,2026-07-02T09:00:00-04:00,2026-07-15T11:00:00-04:00,2026-08-21T17:00:00-04:00,,SGW-LST-000740,true
SGW-ITM-000741,ShopGoodwill,GW-004,"Die-cast vehicle lot, assorted",Collectibles,Used - Acceptable,2026-07-23T09:00:00-04:00,2026-07-26T11:00:00-04:00,2026-08-21T17:00:00-04:00,,SGW-LST-000741,true
SGW-ITM-000742,ShopGoodwill,GW-012,Vintage Pyrex mixing bowl set,Collectibles,Used - Very Good,2026-07-09T09:00:00-04:00,2026-07-22T11:00:00-04:00,2026-08-16T17:00:00-04:00,,SGW-LST-000742,true
SGW-ITM-000743,ShopGoodwill,GW-020,Tennis racquet pair with covers,Sporting Goods,Used - Very Good,2026-07-22T09:00:00-04:00,2026-07-27T11:00:00-04:00,2026-08-04T17:00:00-04:00,,SGW-LST-000743,true
SGW-ITM-000744,ShopGoodwill,GW-024,"DeWalt cordless drill, tool only",Tools,Used - Acceptable,2026-07-03T09:00:00-04:00,2026-07-11T11:00:00-04:00,2026-08-07T17:00:00-04:00,,SGW-LST-000744,true
SGW-ITM-000745,ShopGoodwill,GW-017,"Golf iron set, right handed",Sporting Goods,Used - Acceptable,2026-07-22T09:00:00-04:00,2026-08-03T11:00:00-04:00,2026-08-06T17:00:00-04:00,,SGW-LST-000745,true
SGW-ITM-000746,ShopGoodwill,GW-009,Vintage costume jewelry lot,Jewelry,Used - Acceptable,2026-07-27T09:00:00-04:00,2026-08-08T11:00:00-04:00,2026-08-14T17:00:00-04:00,,SGW-LST-000746,true
SGW-ITM-000747,ShopGoodwill,GW-009,"Silk scarf, floral print",Accessories,Used - Good,2026-06-18T09:00:00-04:00,2026-06-26T11:00:00-04:00,2026-08-02T17:00:00-04:00,,SGW-LST-000747,true
SGW-ITM-000748,ShopGoodwill,GW-010,"Sterling ring, size 7",Jewelry,Used - Very Good,2026-07-08T09:00:00-04:00,2026-07-12T11:00:00-04:00,2026-08-19T17:00:00-04:00,,SGW-LST-000748,true
SGW-ITM-000749,ShopGoodwill,GW-007,"Art history volume, dust jacket",Books,For parts / repair,2026-07-10T09:00:00-04:00,2026-07-22T11:00:00-04:00,2026-08-08T17:00:00-04:00,,SGW-LST-000749,true
SGW-ITM-000750,ShopGoodwill,GW-023,"Stoneware dinner service, 12 pieces",Home,Used - Acceptable,2026-07-13T09:00:00-04:00,2026-07-23T11:00:00-04:00,2026-08-26T17:00:00-04:00,,SGW-LST-000750,true
SGW-ITM-000751,ShopGoodwill,GW-020,"Die-cast vehicle lot, assorted",Collectibles,Used - Acceptable,2026-08-17T09:00:00-04:00,2026-08-19T11:00:00-04:00,2026-08-27T17:00:00-04:00,,SGW-LST-000751,true
SGW-ITM-000752,ShopGoodwill,GW-003,"Canon EF zoom lens, 75–300mm",Electronics,Used - Good,2026-07-21T09:00:00-04:00,2026-08-03T11:00:00-04:00,2026-08-22T17:00:00-04:00,,SGW-LST-000752,true
SGW-ITM-000753,ShopGoodwill,GW-004,"Die-cast vehicle lot, assorted",Collectibles,Used - Good,2026-07-31T09:00:00-04:00,2026-08-10T11:00:00-04:00,2026-08-26T17:00:00-04:00,,SGW-LST-000753,true
SGW-ITM-000754,ShopGoodwill,GW-016,Hardcover regional cookbook,Books,Used - Acceptable,2026-07-13T09:00:00-04:00,2026-07-21T11:00:00-04:00,2026-08-22T17:00:00-04:00,,SGW-LST-000754,true
SGW-ITM-000755,ShopGoodwill,GW-012,"Vintage cassette deck, powers on",Electronics,For parts / repair,2026-07-18T09:00:00-04:00,2026-07-22T11:00:00-04:00,2026-08-11T17:00:00-04:00,,SGW-LST-000755,true
SGW-ITM-000756,ShopGoodwill,GW-002,Signed studio pottery vase,Collectibles,For parts / repair,2026-07-17T09:00:00-04:00,2026-07-28T11:00:00-04:00,2026-08-20T17:00:00-04:00,,SGW-LST-000756,true
SGW-ITM-000757,ShopGoodwill,GW-011,"Digital multimeter, tested",Tools,Used - Good,2026-06-28T09:00:00-04:00,2026-07-12T11:00:00-04:00,2026-08-05T17:00:00-04:00,,SGW-LST-000757,true
SGW-ITM-000758,ShopGoodwill,GW-012,"Wool cardigan, size S",Apparel,Used - Acceptable,2026-07-07T09:00:00-04:00,2026-07-20T11:00:00-04:00,2026-08-05T17:00:00-04:00,,SGW-LST-000758,true
SGW-ITM-000759,ShopGoodwill,GW-002,KitchenAid hand mixer with beaters,Home,Used - Very Good,2026-07-07T09:00:00-04:00,2026-07-14T11:00:00-04:00,2026-08-08T17:00:00-04:00,,SGW-LST-000759,true
SGW-ITM-000760,ShopGoodwill,GW-008,"Canon EF zoom lens, 75–300mm",Electronics,Used - Very Good,2026-07-09T09:00:00-04:00,2026-07-15T11:00:00-04:00,2026-08-05T17:00:00-04:00,,SGW-LST-000760,true
SGW-ITM-000761,ShopGoodwill,GW-021,"Stoneware dinner service, 12 pieces",Home,For parts / repair,2026-07-17T09:00:00-04:00,2026-07-22T11:00:00-04:00,2026-08-09T17:00:00-04:00,,SGW-LST-000761,true
SGW-ITM-000762,ShopGoodwill,GW-010,Vintage Pyrex mixing bowl set,Collectibles,Used - Good,2026-07-11T09:00:00-04:00,2026-07-24T11:00:00-04:00,2026-08-04T17:00:00-04:00,,SGW-LST-000762,true
SGW-ITM-000763,ShopGoodwill,GW-005,"Patagonia fleece jacket, size M",Apparel,For parts / repair,2026-07-03T09:00:00-04:00,2026-07-13T11:00:00-04:00,2026-08-13T17:00:00-04:00,,SGW-LST-000763,true
SGW-ITM-000764,ShopGoodwill,GW-019,"Handwoven wool rug, 3 × 5 ft",Home,Used - Very Good,2026-06-29T09:00:00-04:00,2026-07-05T11:00:00-04:00,2026-08-08T17:00:00-04:00,,SGW-LST-000764,true
SGW-ITM-000765,ShopGoodwill,GW-017,"Hiking backpack, 40L",Sporting Goods,Used - Acceptable,2026-07-19T09:00:00-04:00,2026-07-24T11:00:00-04:00,2026-08-02T17:00:00-04:00,,SGW-LST-000765,true
SGW-ITM-000766,ShopGoodwill,GW-020,"Brass table lamp, tested",Home,Used - Acceptable,2026-07-23T09:00:00-04:00,2026-07-24T11:00:00-04:00,2026-08-29T17:00:00-04:00,,SGW-LST-000766,true
SGW-ITM-000767,ShopGoodwill,GW-020,"Vintage concert T-shirt, size XL",Apparel,Used - Good,2026-07-07T09:00:00-04:00,2026-07-19T11:00:00-04:00,2026-08-08T17:00:00-04:00,,SGW-LST-000767,true
SGW-ITM-000768,ShopGoodwill,GW-016,Sony stereo receiver — tested,Electronics,For parts / repair,2026-07-26T09:00:00-04:00,2026-08-06T11:00:00-04:00,2026-08-17T17:00:00-04:00,,SGW-LST-000768,true
SGW-ITM-000769,ShopGoodwill,GW-010,Signed studio pottery vase,Collectibles,Used - Very Good,2026-08-13T09:00:00-04:00,2026-08-19T11:00:00-04:00,2026-08-27T17:00:00-04:00,,SGW-LST-000769,true
SGW-ITM-000770,ShopGoodwill,GW-008,"Mystery paperback lot, 6 books",Books,Used - Very Good,2026-08-06T09:00:00-04:00,2026-08-17T11:00:00-04:00,2026-08-23T17:00:00-04:00,,SGW-LST-000770,true
SGW-ITM-000771,ShopGoodwill,GW-009,"Die-cast vehicle lot, assorted",Collectibles,Used - Very Good,2026-07-23T09:00:00-04:00,2026-08-05T11:00:00-04:00,2026-08-20T17:00:00-04:00,2026-08-27T21:00:00-04:00,SGW-LST-000771,true
SGW-ITM-000772,ShopGoodwill,GW-011,"Canon EF zoom lens, 75–300mm",Electronics,For parts / repair,2026-07-31T09:00:00-04:00,2026-08-08T11:00:00-04:00,2026-08-18T17:00:00-04:00,,SGW-LST-000772,true
SGW-ITM-000773,ShopGoodwill,GW-018,KitchenAid hand mixer with beaters,Home,Used - Acceptable,2026-08-06T09:00:00-04:00,2026-08-08T11:00:00-04:00,2026-08-20T17:00:00-04:00,,SGW-LST-000773,true
SGW-ITM-000774,ShopGoodwill,GW-005,"Craftsman socket set, 32 pieces",Tools,Used - Very Good,2026-07-14T09:00:00-04:00,2026-07-24T11:00:00-04:00,2026-08-27T17:00:00-04:00,,SGW-LST-000774,true
SGW-ITM-000775,ShopGoodwill,GW-012,Nintendo DS console with charger,Electronics,Used - Acceptable,2026-07-25T09:00:00-04:00,2026-08-06T11:00:00-04:00,2026-08-21T17:00:00-04:00,,SGW-LST-000775,true
SGW-ITM-000776,ShopGoodwill,GW-016,Vintage Pyrex mixing bowl set,Collectibles,Used - Good,2026-08-11T09:00:00-04:00,2026-08-16T11:00:00-04:00,2026-08-22T17:00:00-04:00,,SGW-LST-000776,true
SGW-ITM-000777,ShopGoodwill,GW-017,"Estate postcard collection, 80 pieces",Collectibles,For parts / repair,2026-07-29T09:00:00-04:00,2026-08-09T11:00:00-04:00,2026-08-31T17:00:00-04:00,,SGW-LST-000777,true
SGW-ITM-000778,ShopGoodwill,GW-022,"Patagonia fleece jacket, size M",Apparel,Used - Very Good,2026-07-23T09:00:00-04:00,2026-08-02T11:00:00-04:00,2026-08-27T17:00:00-04:00,,SGW-LST-000778,true
SGW-ITM-000779,ShopGoodwill,GW-018,"Patagonia fleece jacket, size M",Apparel,For parts / repair,2026-08-21T09:00:00-04:00,2026-08-25T11:00:00-04:00,2026-08-28T17:00:00-04:00,,SGW-LST-000779,true
SGW-ITM-000780,ShopGoodwill,GW-002,"Brass table lamp, tested",Home,Used - Very Good,2026-08-18T09:00:00-04:00,2026-08-19T11:00:00-04:00,2026-08-31T17:00:00-04:00,,SGW-LST-000780,true
SGW-ITM-000781,ShopGoodwill,GW-020,"Brass table lamp, tested",Home,Used - Very Good,2026-08-04T09:00:00-04:00,2026-08-05T11:00:00-04:00,2026-08-16T17:00:00-04:00,,SGW-LST-000781,true
SGW-ITM-000782,ShopGoodwill,GW-004,"Leather tote bag, brown",Accessories,Used - Very Good,2026-07-02T09:00:00-04:00,2026-07-14T11:00:00-04:00,2026-08-08T17:00:00-04:00,,SGW-LST-000782,true
SGW-ITM-000783,ShopGoodwill,GW-001,"Wool cardigan, size S",Apparel,For parts / repair,2026-07-24T09:00:00-04:00,2026-07-29T11:00:00-04:00,2026-08-03T17:00:00-04:00,,SGW-LST-000783,true
SGW-ITM-000784,ShopGoodwill,GW-015,"Digital multimeter, tested",Tools,Used - Acceptable,2026-07-10T09:00:00-04:00,2026-07-22T11:00:00-04:00,2026-08-15T17:00:00-04:00,,SGW-LST-000784,true
SGW-ITM-000785,ShopGoodwill,GW-014,"Digital multimeter, tested",Tools,For parts / repair,2026-07-08T09:00:00-04:00,2026-07-16T11:00:00-04:00,2026-08-11T17:00:00-04:00,,SGW-LST-000785,true
SGW-ITM-000786,ShopGoodwill,GW-011,"Canon EF zoom lens, 75–300mm",Electronics,For parts / repair,2026-08-01T09:00:00-04:00,2026-08-10T11:00:00-04:00,2026-08-31T17:00:00-04:00,,SGW-LST-000786,true
SGW-ITM-000787,ShopGoodwill,GW-008,"Handwoven wool rug, 3 × 5 ft",Home,Used - Very Good,2026-07-17T09:00:00-04:00,2026-07-19T11:00:00-04:00,2026-08-20T17:00:00-04:00,,SGW-LST-000787,true
SGW-ITM-000788,ShopGoodwill,GW-012,"Sterling ring, size 7",Jewelry,For parts / repair,2026-07-22T09:00:00-04:00,2026-07-26T11:00:00-04:00,2026-08-26T17:00:00-04:00,,SGW-LST-000788,true
SGW-ITM-000789,ShopGoodwill,GW-008,"Bose portable speaker, cosmetic wear",Electronics,Used - Very Good,2026-07-10T09:00:00-04:00,2026-07-15T11:00:00-04:00,2026-08-02T17:00:00-04:00,,SGW-LST-000789,true
SGW-ITM-000790,ShopGoodwill,GW-024,Vintage Pyrex mixing bowl set,Collectibles,Used - Very Good,2026-08-14T09:00:00-04:00,2026-08-18T11:00:00-04:00,2026-08-26T17:00:00-04:00,,SGW-LST-000790,true
SGW-ITM-000791,ShopGoodwill,GW-018,"Estate postcard collection, 80 pieces",Collectibles,For parts / repair,2026-08-08T09:00:00-04:00,2026-08-11T11:00:00-04:00,2026-08-21T17:00:00-04:00,,SGW-LST-000791,true
SGW-ITM-000792,ShopGoodwill,GW-001,Sony stereo receiver — tested,Electronics,Used - Good,2026-07-25T09:00:00-04:00,2026-08-01T11:00:00-04:00,2026-08-19T17:00:00-04:00,,SGW-LST-000792,true
SGW-ITM-000793,ShopGoodwill,GW-005,"Brass table lamp, tested",Home,Used - Good,2026-06-22T09:00:00-04:00,2026-06-29T11:00:00-04:00,2026-08-02T17:00:00-04:00,,SGW-LST-000793,true
SGW-ITM-000794,ShopGoodwill,GW-002,"Canon EF zoom lens, 75–300mm",Electronics,Used - Acceptable,2026-08-14T09:00:00-04:00,2026-08-22T11:00:00-04:00,2026-08-29T17:00:00-04:00,,SGW-LST-000794,true
SGW-ITM-000795,ShopGoodwill,GW-008,"Bose portable speaker, cosmetic wear",Electronics,Used - Good,2026-07-25T09:00:00-04:00,2026-07-28T11:00:00-04:00,2026-08-24T17:00:00-04:00,,SGW-LST-000795,true
SGW-ITM-000796,ShopGoodwill,GW-016,"Handwoven wool rug, 3 × 5 ft",Home,For parts / repair,2026-07-17T09:00:00-04:00,2026-07-26T11:00:00-04:00,2026-08-29T17:00:00-04:00,,SGW-LST-000796,true
SGW-ITM-000797,ShopGoodwill,GW-022,"Levi's denim jacket, size L",Apparel,Used - Very Good,2026-08-13T09:00:00-04:00,2026-08-20T11:00:00-04:00,2026-08-22T17:00:00-04:00,,SGW-LST-000797,true
SGW-ITM-000798,ShopGoodwill,GW-002,"Illustrated field guide, revised edition",Books,Used - Very Good,2026-08-05T09:00:00-04:00,2026-08-07T11:00:00-04:00,2026-08-11T17:00:00-04:00,,SGW-LST-000798,true
SGW-ITM-000799,ShopGoodwill,GW-001,"Craftsman socket set, 32 pieces",Tools,Used - Good,2026-07-29T09:00:00-04:00,2026-08-02T11:00:00-04:00,2026-08-12T17:00:00-04:00,,SGW-LST-000799,true
SGW-ITM-000800,ShopGoodwill,GW-018,Vintage Pyrex mixing bowl set,Collectibles,Used - Acceptable,2026-07-23T09:00:00-04:00,2026-08-04T11:00:00-04:00,2026-08-20T17:00:00-04:00,,SGW-LST-000800,true
SGW-ITM-000801,ShopGoodwill,GW-002,"Levi's denim jacket, size L",Apparel,Used - Very Good,2026-08-08T09:00:00-04:00,2026-08-19T11:00:00-04:00,2026-08-26T17:00:00-04:00,,SGW-LST-000801,true
SGW-ITM-000802,ShopGoodwill,GW-015,"Patagonia fleece jacket, size M",Apparel,For parts / repair,2026-07-16T09:00:00-04:00,2026-07-30T11:00:00-04:00,2026-08-30T17:00:00-04:00,,SGW-LST-000802,true
SGW-ITM-000803,ShopGoodwill,GW-020,"Stoneware dinner service, 12 pieces",Home,For parts / repair,2026-07-06T09:00:00-04:00,2026-07-08T11:00:00-04:00,2026-08-02T17:00:00-04:00,,SGW-LST-000803,true
SGW-ITM-000804,ShopGoodwill,GW-021,Vintage Pyrex mixing bowl set,Collectibles,Used - Acceptable,2026-07-08T09:00:00-04:00,2026-07-20T11:00:00-04:00,2026-08-20T17:00:00-04:00,,SGW-LST-000804,true
SGW-ITM-000805,ShopGoodwill,GW-022,"Bose portable speaker, cosmetic wear",Electronics,Used - Very Good,2026-07-21T09:00:00-04:00,2026-08-01T11:00:00-04:00,2026-08-24T17:00:00-04:00,,SGW-LST-000805,true
SGW-ITM-000806,ShopGoodwill,GW-017,Vintage Stanley hand plane,Tools,For parts / repair,2026-07-11T09:00:00-04:00,2026-07-14T11:00:00-04:00,2026-08-14T17:00:00-04:00,,SGW-LST-000806,true
SGW-ITM-000807,ShopGoodwill,GW-021,"Craftsman socket set, 32 pieces",Tools,Used - Good,2026-08-16T09:00:00-04:00,2026-08-23T11:00:00-04:00,2026-08-28T17:00:00-04:00,,SGW-LST-000807,true
SGW-ITM-000808,ShopGoodwill,GW-018,"DeWalt cordless drill, tool only",Tools,Used - Acceptable,2026-07-13T09:00:00-04:00,2026-07-18T11:00:00-04:00,2026-08-16T17:00:00-04:00,,SGW-LST-000808,true
SGW-ITM-000809,ShopGoodwill,GW-020,"Illustrated field guide, revised edition",Books,Used - Good,2026-07-23T09:00:00-04:00,2026-07-31T11:00:00-04:00,2026-08-23T17:00:00-04:00,,SGW-LST-000809,true
SGW-ITM-000810,ShopGoodwill,GW-018,"Mystery paperback lot, 6 books",Books,Used - Good,2026-07-17T09:00:00-04:00,2026-07-29T11:00:00-04:00,2026-08-24T17:00:00-04:00,,SGW-LST-000810,true
SGW-ITM-000811,ShopGoodwill,GW-012,KitchenAid hand mixer with beaters,Home,Used - Good,2026-06-30T09:00:00-04:00,2026-07-08T11:00:00-04:00,2026-08-02T17:00:00-04:00,,SGW-LST-000811,true
SGW-ITM-000812,ShopGoodwill,GW-004,"Die-cast vehicle lot, assorted",Collectibles,For parts / repair,2026-08-05T09:00:00-04:00,2026-08-19T11:00:00-04:00,2026-08-22T17:00:00-04:00,,SGW-LST-000812,true
SGW-ITM-000813,ShopGoodwill,GW-013,"Brass table lamp, tested",Home,For parts / repair,2026-08-02T09:00:00-04:00,2026-08-14T11:00:00-04:00,2026-08-23T17:00:00-04:00,,SGW-LST-000813,true
SGW-ITM-000814,ShopGoodwill,GW-004,"Canon EF zoom lens, 75–300mm",Electronics,Used - Very Good,2026-07-18T09:00:00-04:00,2026-07-30T11:00:00-04:00,2026-08-24T17:00:00-04:00,,SGW-LST-000814,true
SGW-ITM-000815,ShopGoodwill,GW-009,Vintage belt with brass buckle,Accessories,Used - Good,2026-07-06T09:00:00-04:00,2026-07-08T11:00:00-04:00,2026-08-07T17:00:00-04:00,,SGW-LST-000815,true
SGW-ITM-000816,ShopGoodwill,GW-004,"Brass table lamp, tested",Home,Used - Acceptable,2026-07-27T09:00:00-04:00,2026-07-31T11:00:00-04:00,2026-08-29T17:00:00-04:00,,SGW-LST-000816,true
SGW-ITM-000817,ShopGoodwill,GW-017,"Patagonia fleece jacket, size M",Apparel,Used - Acceptable,2026-07-28T09:00:00-04:00,2026-08-05T11:00:00-04:00,2026-08-18T17:00:00-04:00,,SGW-LST-000817,true
SGW-ITM-000818,ShopGoodwill,GW-002,"Vintage concert T-shirt, size XL",Apparel,For parts / repair,2026-08-03T09:00:00-04:00,2026-08-09T11:00:00-04:00,2026-08-24T17:00:00-04:00,,SGW-LST-000818,true
SGW-ITM-000819,ShopGoodwill,GW-001,"Digital multimeter, tested",Tools,For parts / repair,2026-07-17T09:00:00-04:00,2026-07-30T11:00:00-04:00,2026-08-30T17:00:00-04:00,,SGW-LST-000819,true
SGW-ITM-000820,ShopGoodwill,GW-008,"Silk scarf, floral print",Accessories,Used - Good,2026-07-29T09:00:00-04:00,2026-08-02T11:00:00-04:00,2026-08-27T17:00:00-04:00,,SGW-LST-000820,true
SGW-ITM-000821,ShopGoodwill,GW-024,Signed studio pottery vase,Collectibles,Used - Acceptable,2026-07-08T09:00:00-04:00,2026-07-21T11:00:00-04:00,2026-08-05T17:00:00-04:00,,SGW-LST-000821,true
SGW-ITM-000822,ShopGoodwill,GW-007,Tennis racquet pair with covers,Sporting Goods,Used - Acceptable,2026-07-07T09:00:00-04:00,2026-07-11T11:00:00-04:00,2026-08-16T17:00:00-04:00,,SGW-LST-000822,true
SGW-ITM-000823,ShopGoodwill,GW-012,KitchenAid hand mixer with beaters,Home,Used - Very Good,2026-07-20T09:00:00-04:00,2026-08-01T11:00:00-04:00,2026-08-03T17:00:00-04:00,,SGW-LST-000823,true
SGW-ITM-000824,ShopGoodwill,GW-001,"Stoneware dinner service, 12 pieces",Home,Used - Acceptable,2026-07-18T09:00:00-04:00,2026-07-20T11:00:00-04:00,2026-08-20T17:00:00-04:00,,SGW-LST-000824,true
SGW-ITM-000825,ShopGoodwill,GW-009,"Hiking backpack, 40L",Sporting Goods,Used - Acceptable,2026-07-19T09:00:00-04:00,2026-07-25T11:00:00-04:00,2026-08-07T17:00:00-04:00,,SGW-LST-000825,true
SGW-ITM-000826,ShopGoodwill,GW-002,"Patagonia fleece jacket, size M",Apparel,Used - Acceptable,2026-08-05T09:00:00-04:00,2026-08-11T11:00:00-04:00,2026-08-16T17:00:00-04:00,,SGW-LST-000826,true
SGW-ITM-000827,ShopGoodwill,GW-022,Fishing reel with spare spool,Sporting Goods,Used - Acceptable,2026-07-27T09:00:00-04:00,2026-08-09T11:00:00-04:00,2026-08-31T17:00:00-04:00,,SGW-LST-000827,true
SGW-ITM-000828,ShopGoodwill,GW-008,Sony stereo receiver — tested,Electronics,Used - Very Good,2026-07-31T09:00:00-04:00,2026-08-02T11:00:00-04:00,2026-08-21T17:00:00-04:00,,SGW-LST-000828,true
SGW-ITM-000829,ShopGoodwill,GW-019,"Patagonia fleece jacket, size M",Apparel,Used - Good,2026-07-10T09:00:00-04:00,2026-07-24T11:00:00-04:00,2026-08-25T17:00:00-04:00,,SGW-LST-000829,true
SGW-ITM-000830,ShopGoodwill,GW-023,Nintendo DS console with charger,Electronics,Used - Acceptable,2026-08-07T09:00:00-04:00,2026-08-16T11:00:00-04:00,2026-08-19T17:00:00-04:00,,SGW-LST-000830,true
SGW-ITM-000831,ShopGoodwill,GW-012,"Model train locomotive, boxed",Collectibles,For parts / repair,2026-07-27T09:00:00-04:00,2026-08-07T11:00:00-04:00,2026-08-25T17:00:00-04:00,,SGW-LST-000831,true
SGW-ITM-000832,ShopGoodwill,GW-008,Hardcover regional cookbook,Books,For parts / repair,2026-07-13T09:00:00-04:00,2026-07-24T11:00:00-04:00,2026-08-20T17:00:00-04:00,,SGW-LST-000832,true
SGW-ITM-000833,ShopGoodwill,GW-011,"Digital multimeter, tested",Tools,Used - Acceptable,2026-07-21T09:00:00-04:00,2026-07-30T11:00:00-04:00,2026-08-08T17:00:00-04:00,,SGW-LST-000833,true
SGW-ITM-000834,ShopGoodwill,GW-019,Nintendo DS console with charger,Electronics,Used - Acceptable,2026-07-23T09:00:00-04:00,2026-08-01T11:00:00-04:00,2026-08-23T17:00:00-04:00,,SGW-LST-000834,true
SGW-ITM-000835,ShopGoodwill,GW-003,"Model train locomotive, boxed",Collectibles,Used - Very Good,2026-07-20T09:00:00-04:00,2026-07-29T11:00:00-04:00,2026-08-16T17:00:00-04:00,,SGW-LST-000835,true
SGW-ITM-000836,ShopGoodwill,GW-002,"Hiking backpack, 40L",Sporting Goods,For parts / repair,2026-07-22T09:00:00-04:00,2026-07-25T11:00:00-04:00,2026-08-15T17:00:00-04:00,,SGW-LST-000836,true
SGW-ITM-000837,ShopGoodwill,GW-002,Sony stereo receiver — tested,Electronics,Used - Acceptable,2026-06-20T09:00:00-04:00,2026-06-28T11:00:00-04:00,2026-08-02T17:00:00-04:00,,SGW-LST-000837,true
SGW-ITM-000838,ShopGoodwill,GW-012,"Digital multimeter, tested",Tools,Used - Very Good,2026-07-23T09:00:00-04:00,2026-07-29T11:00:00-04:00,2026-08-09T17:00:00-04:00,,SGW-LST-000838,true
SGW-ITM-000839,ShopGoodwill,GW-017,"Bose portable speaker, cosmetic wear",Electronics,Used - Good,2026-07-25T09:00:00-04:00,2026-07-31T11:00:00-04:00,2026-08-16T17:00:00-04:00,,SGW-LST-000839,true
SGW-ITM-000840,ShopGoodwill,GW-020,"Gold-tone wristwatch, untested",Jewelry,Used - Good,2026-07-24T09:00:00-04:00,2026-07-25T11:00:00-04:00,2026-08-10T17:00:00-04:00,,SGW-LST-000840,true
SGW-ITM-000841,ShopGoodwill,GW-001,Sony stereo receiver — tested,Electronics,For parts / repair,2026-07-04T09:00:00-04:00,2026-07-14T11:00:00-04:00,2026-08-11T17:00:00-04:00,,SGW-LST-000841,true
SGW-ITM-000842,ShopGoodwill,GW-002,"Estate postcard collection, 80 pieces",Collectibles,For parts / repair,2026-06-19T09:00:00-04:00,2026-07-03T11:00:00-04:00,2026-08-04T17:00:00-04:00,,SGW-LST-000842,true
SGW-ITM-000843,ShopGoodwill,GW-020,"Model train locomotive, boxed",Collectibles,Used - Very Good,2026-08-18T09:00:00-04:00,2026-08-20T11:00:00-04:00,2026-08-31T17:00:00-04:00,,SGW-LST-000843,true
SGW-ITM-000844,ShopGoodwill,,"Craftsman socket set, 32 pieces",Tools,Used - Very Good,2026-07-15T09:00:00-04:00,2026-07-24T11:00:00-04:00,2026-08-26T17:00:00-04:00,,SGW-LST-000844,true
SGW-ITM-000845,ShopGoodwill,GW-012,"Model train locomotive, boxed",Collectibles,Used - Acceptable,2026-07-24T09:00:00-04:00,2026-08-03T11:00:00-04:00,2026-08-07T17:00:00-04:00,,SGW-LST-000845,true
SGW-ITM-000846,ShopGoodwill,GW-008,Vintage Pyrex mixing bowl set,Collectibles,Used - Very Good,2026-08-14T09:00:00-04:00,2026-08-18T11:00:00-04:00,2026-08-22T17:00:00-04:00,,SGW-LST-000846,true
SGW-ITM-000847,ShopGoodwill,GW-007,"Patagonia fleece jacket, size M",Apparel,Used - Very Good,2026-07-16T09:00:00-04:00,2026-07-19T11:00:00-04:00,2026-08-13T17:00:00-04:00,,SGW-LST-000847,true
SGW-ITM-000848,ShopGoodwill,GW-008,"Sterling ring, size 7",Jewelry,Used - Very Good,2026-07-20T09:00:00-04:00,2026-07-29T11:00:00-04:00,2026-08-27T17:00:00-04:00,,SGW-LST-000848,true
SGW-ITM-000849,ShopGoodwill,GW-019,"Sterling silver necklace, 18 inch",Jewelry,Used - Good,2026-07-19T09:00:00-04:00,2026-07-25T11:00:00-04:00,2026-08-17T17:00:00-04:00,,SGW-LST-000849,true
SGW-ITM-000850,ShopGoodwill,GW-002,"Stoneware dinner service, 12 pieces",Home,Used - Very Good,2026-07-23T09:00:00-04:00,2026-07-24T11:00:00-04:00,2026-08-05T17:00:00-04:00,,SGW-LST-000850,true
SGW-ITM-000851,ShopGoodwill,GW-004,"Canon EF zoom lens, 75–300mm",Electronics,For parts / repair,2026-07-10T09:00:00-04:00,2026-07-11T11:00:00-04:00,2026-08-04T17:00:00-04:00,,SGW-LST-000851,true
SGW-ITM-000852,ShopGoodwill,GW-011,Vintage Stanley hand plane,Tools,Used - Very Good,2026-08-09T09:00:00-04:00,2026-08-12T11:00:00-04:00,2026-08-26T17:00:00-04:00,,SGW-LST-000852,true
SGW-ITM-000853,ShopGoodwill,GW-008,Sony stereo receiver — tested,Electronics,Used - Good,2026-08-08T09:00:00-04:00,2026-08-11T11:00:00-04:00,2026-08-31T17:00:00-04:00,,SGW-LST-000853,true
SGW-ITM-000854,ShopGoodwill,GW-010,"Estate postcard collection, 80 pieces",Collectibles,For parts / repair,2026-07-06T09:00:00-04:00,2026-07-09T11:00:00-04:00,2026-08-06T17:00:00-04:00,,SGW-LST-000854,true
SGW-ITM-000855,ShopGoodwill,GW-016,"Patagonia fleece jacket, size M",Apparel,Used - Acceptable,2026-07-20T09:00:00-04:00,2026-07-24T11:00:00-04:00,2026-08-23T17:00:00-04:00,,SGW-LST-000855,true
SGW-ITM-000856,ShopGoodwill,GW-018,"Sterling silver necklace, 18 inch",Jewelry,Used - Acceptable,2026-07-02T09:00:00-04:00,2026-07-14T11:00:00-04:00,2026-08-21T17:00:00-04:00,,SGW-LST-000856,true
SGW-ITM-000857,ShopGoodwill,GW-012,"Gold-tone wristwatch, untested",Jewelry,Used - Good,2026-07-12T09:00:00-04:00,2026-07-14T11:00:00-04:00,2026-08-10T17:00:00-04:00,,SGW-LST-000857,true
SGW-ITM-000858,ShopGoodwill,GW-018,"Model train locomotive, boxed",Collectibles,For parts / repair,2026-07-25T09:00:00-04:00,2026-07-31T11:00:00-04:00,2026-08-21T17:00:00-04:00,,SGW-LST-000858,true
SGW-ITM-000859,ShopGoodwill,GW-004,"Bose portable speaker, cosmetic wear",Electronics,Used - Acceptable,2026-06-25T09:00:00-04:00,2026-07-02T11:00:00-04:00,2026-08-08T17:00:00-04:00,,SGW-LST-000859,true
SGW-ITM-000860,ShopGoodwill,GW-008,Tennis racquet pair with covers,Sporting Goods,Used - Acceptable,2026-07-27T09:00:00-04:00,2026-08-06T11:00:00-04:00,2026-08-16T17:00:00-04:00,,SGW-LST-000860,true
SGW-ITM-000861,ShopGoodwill,GW-016,"Illustrated field guide, revised edition",Books,Used - Very Good,2026-07-17T09:00:00-04:00,2026-07-21T11:00:00-04:00,2026-08-03T17:00:00-04:00,,SGW-LST-000861,true
SGW-ITM-000862,ShopGoodwill,GW-019,"Brass table lamp, tested",Home,Used - Good,2026-07-04T09:00:00-04:00,2026-07-15T11:00:00-04:00,2026-08-01T17:00:00-04:00,,SGW-LST-000862,true
SGW-ITM-000863,ShopGoodwill,GW-014,"Brass table lamp, tested",Home,Used - Acceptable,2026-08-01T09:00:00-04:00,2026-08-06T11:00:00-04:00,2026-08-26T17:00:00-04:00,,SGW-LST-000863,true
SGW-ITM-000864,ShopGoodwill,GW-008,"Brass table lamp, tested",Home,Used - Very Good,2026-07-24T09:00:00-04:00,2026-07-26T11:00:00-04:00,2026-08-05T17:00:00-04:00,,SGW-LST-000864,true
SGW-ITM-000865,ShopGoodwill,GW-006,"Stoneware dinner service, 12 pieces",Home,Used - Acceptable,2026-07-17T09:00:00-04:00,2026-07-20T11:00:00-04:00,2026-08-05T17:00:00-04:00,,SGW-LST-000865,true
SGW-ITM-000866,ShopGoodwill,GW-012,Signed studio pottery vase,Collectibles,Used - Very Good,2026-08-15T09:00:00-04:00,2026-08-16T11:00:00-04:00,2026-08-30T17:00:00-04:00,,SGW-LST-000866,true
SGW-ITM-000867,ShopGoodwill,GW-004,"Vintage concert T-shirt, size XL",Apparel,Used - Very Good,2026-07-16T09:00:00-04:00,2026-07-19T11:00:00-04:00,2026-08-11T17:00:00-04:00,,SGW-LST-000867,true
SGW-ITM-000868,ShopGoodwill,GW-010,"Patagonia fleece jacket, size M",Apparel,Used - Very Good,2026-07-12T09:00:00-04:00,2026-07-21T11:00:00-04:00,2026-08-14T17:00:00-04:00,,SGW-LST-000868,true
SGW-ITM-000869,ShopGoodwill,GW-005,"Stoneware dinner service, 12 pieces",Home,Used - Acceptable,2026-07-10T09:00:00-04:00,2026-07-16T11:00:00-04:00,2026-08-16T17:00:00-04:00,,SGW-LST-000869,true
SGW-ITM-000870,ShopGoodwill,GW-016,"Die-cast vehicle lot, assorted",Collectibles,Used - Very Good,2026-07-21T09:00:00-04:00,2026-07-25T11:00:00-04:00,2026-08-30T17:00:00-04:00,,SGW-LST-000870,true
SGW-ITM-000871,ShopGoodwill,GW-016,"Golf iron set, right handed",Sporting Goods,For parts / repair,2026-08-11T09:00:00-04:00,2026-08-17T11:00:00-04:00,2026-08-27T17:00:00-04:00,,SGW-LST-000871,true
SGW-ITM-000872,ShopGoodwill,GW-024,"Model train locomotive, boxed",Collectibles,Used - Acceptable,2026-07-21T09:00:00-04:00,2026-07-27T11:00:00-04:00,2026-08-09T17:00:00-04:00,,SGW-LST-000872,true
SGW-ITM-000873,ShopGoodwill,GW-008,"Golf iron set, right handed",Sporting Goods,Used - Very Good,2026-08-17T09:00:00-04:00,2026-08-20T11:00:00-04:00,2026-08-30T17:00:00-04:00,,SGW-LST-000873,true
SGW-ITM-000874,ShopGoodwill,GW-014,"Bose portable speaker, cosmetic wear",Electronics,Used - Very Good,2026-08-05T09:00:00-04:00,2026-08-17T11:00:00-04:00,2026-08-28T17:00:00-04:00,,SGW-LST-000874,true
SGW-ITM-000875,ShopGoodwill,GW-022,Fishing reel with spare spool,Sporting Goods,Used - Good,2026-07-21T09:00:00-04:00,2026-07-22T11:00:00-04:00,2026-08-13T17:00:00-04:00,,SGW-LST-000875,true
SGW-ITM-000876,ShopGoodwill,GW-015,"Bose portable speaker, cosmetic wear",Electronics,Used - Very Good,2026-07-05T09:00:00-04:00,2026-07-09T11:00:00-04:00,2026-08-14T17:00:00-04:00,,SGW-LST-000876,true
SGW-ITM-000877,ShopGoodwill,GW-020,"Digital multimeter, tested",Tools,Used - Very Good,2026-08-14T09:00:00-04:00,2026-08-16T11:00:00-04:00,2026-08-30T17:00:00-04:00,,SGW-LST-000877,true
SGW-ITM-000878,ShopGoodwill,GW-015,"Die-cast vehicle lot, assorted",Collectibles,Used - Acceptable,2026-06-23T09:00:00-04:00,2026-07-04T11:00:00-04:00,2026-08-02T17:00:00-04:00,,SGW-LST-000878,true
SGW-ITM-000879,ShopGoodwill,GW-012,"Bose portable speaker, cosmetic wear",Electronics,For parts / repair,2026-07-27T09:00:00-04:00,2026-08-04T11:00:00-04:00,2026-08-22T17:00:00-04:00,,SGW-LST-000879,true
SGW-ITM-000880,ShopGoodwill,GW-012,"Canon EF zoom lens, 75–300mm",Electronics,For parts / repair,2026-07-12T09:00:00-04:00,2026-07-26T11:00:00-04:00,2026-08-02T17:00:00-04:00,,SGW-LST-000880,true
SGW-ITM-000881,ShopGoodwill,GW-004,"Bose portable speaker, cosmetic wear",Electronics,Used - Acceptable,2026-07-29T09:00:00-04:00,2026-08-03T11:00:00-04:00,2026-08-16T17:00:00-04:00,,SGW-LST-000881,true
SGW-ITM-000882,ShopGoodwill,GW-014,"Model train locomotive, boxed",Collectibles,Used - Very Good,2026-07-27T09:00:00-04:00,2026-08-08T11:00:00-04:00,2026-08-24T17:00:00-04:00,,SGW-LST-000882,true
SGW-ITM-000883,ShopGoodwill,GW-018,"Sterling ring, size 7",Jewelry,For parts / repair,2026-08-01T09:00:00-04:00,2026-08-02T11:00:00-04:00,2026-08-24T17:00:00-04:00,,SGW-LST-000883,true
SGW-ITM-000884,ShopGoodwill,GW-020,Nintendo DS console with charger,Electronics,For parts / repair,2026-07-05T09:00:00-04:00,2026-07-07T11:00:00-04:00,2026-08-09T17:00:00-04:00,,SGW-LST-000884,true
SGW-ITM-000885,ShopGoodwill,GW-018,"Silk scarf, floral print",Accessories,For parts / repair,2026-07-20T09:00:00-04:00,2026-07-26T11:00:00-04:00,2026-08-01T17:00:00-04:00,,SGW-LST-000885,true
SGW-ITM-000886,ShopGoodwill,GW-008,"Die-cast vehicle lot, assorted",Collectibles,Used - Good,2026-07-06T09:00:00-04:00,2026-07-10T11:00:00-04:00,2026-08-02T17:00:00-04:00,,SGW-LST-000886,true
SGW-ITM-000887,ShopGoodwill,GW-018,"Mystery paperback lot, 6 books",Books,For parts / repair,2026-07-13T09:00:00-04:00,2026-07-19T11:00:00-04:00,2026-08-01T17:00:00-04:00,,SGW-LST-000887,true
SGW-ITM-000888,ShopGoodwill,GW-006,"Gold-tone wristwatch, untested",Jewelry,Used - Very Good,2026-08-14T09:00:00-04:00,2026-08-19T11:00:00-04:00,2026-08-28T17:00:00-04:00,,SGW-LST-000888,true
SGW-ITM-000889,ShopGoodwill,GW-005,Vintage Stanley hand plane,Tools,Used - Good,2026-07-31T09:00:00-04:00,2026-08-06T11:00:00-04:00,2026-08-31T17:00:00-04:00,,SGW-LST-000889,true
SGW-ITM-000890,ShopGoodwill,GW-016,Vintage Pyrex mixing bowl set,Collectibles,Used - Very Good,2026-06-24T09:00:00-04:00,2026-07-05T11:00:00-04:00,2026-08-10T17:00:00-04:00,,SGW-LST-000890,true
SGW-ITM-000891,ShopGoodwill,GW-005,"Patagonia fleece jacket, size M",Apparel,Used - Good,2026-07-02T09:00:00-04:00,2026-07-13T11:00:00-04:00,2026-08-12T17:00:00-04:00,,SGW-LST-000891,true
SGW-ITM-000892,ShopGoodwill,GW-008,"Stoneware dinner service, 12 pieces",Home,Used - Acceptable,2026-07-31T09:00:00-04:00,2026-08-12T11:00:00-04:00,2026-08-22T17:00:00-04:00,,SGW-LST-000892,true
SGW-ITM-000893,ShopGoodwill,GW-004,"Patagonia fleece jacket, size M",Apparel,Used - Very Good,2026-07-03T09:00:00-04:00,2026-07-17T11:00:00-04:00,2026-08-23T17:00:00-04:00,,SGW-LST-000893,true
SGW-ITM-000894,ShopGoodwill,GW-024,Sony stereo receiver — tested,Electronics,Used - Good,2026-07-17T09:00:00-04:00,2026-07-20T11:00:00-04:00,2026-08-08T17:00:00-04:00,,SGW-LST-000894,true
SGW-ITM-000895,ShopGoodwill,GW-024,Vintage costume jewelry lot,Jewelry,Used - Very Good,2026-07-05T09:00:00-04:00,2026-07-12T11:00:00-04:00,2026-08-04T17:00:00-04:00,,SGW-LST-000895,true
SGW-ITM-000896,ShopGoodwill,GW-001,"Levi's denim jacket, size L",Apparel,For parts / repair,2026-07-21T09:00:00-04:00,2026-07-28T11:00:00-04:00,2026-08-25T17:00:00-04:00,,SGW-LST-000896,true
SGW-ITM-000897,ShopGoodwill,GW-012,"Bose portable speaker, cosmetic wear",Electronics,Used - Good,2026-07-22T09:00:00-04:00,2026-08-04T11:00:00-04:00,2026-08-28T17:00:00-04:00,,SGW-LST-000897,true
SGW-ITM-000898,ShopGoodwill,GW-006,"Vintage cassette deck, powers on",Electronics,Used - Acceptable,2026-08-01T09:00:00-04:00,2026-08-14T11:00:00-04:00,2026-08-31T17:00:00-04:00,,SGW-LST-000898,true
SGW-ITM-000899,ShopGoodwill,GW-018,Hardcover regional cookbook,Books,Used - Good,2026-08-08T09:00:00-04:00,2026-08-19T11:00:00-04:00,2026-08-27T17:00:00-04:00,,SGW-LST-000899,true
SGW-ITM-000900,ShopGoodwill,GW-001,"Canon EF zoom lens, 75–300mm",Electronics,Used - Very Good,2026-06-22T09:00:00-04:00,2026-06-30T11:00:00-04:00,2026-08-02T17:00:00-04:00,,SGW-LST-000900,true
SGW-ITM-000901,ShopGoodwill,GW-011,"Bose portable speaker, cosmetic wear",Electronics,For parts / repair,2026-07-18T09:00:00-04:00,2026-07-25T11:00:00-04:00,2026-08-19T17:00:00-04:00,,SGW-LST-000901,true
SGW-ITM-000902,ShopGoodwill,GW-020,"Mystery paperback lot, 6 books",Books,Used - Very Good,2026-06-24T09:00:00-04:00,2026-07-07T11:00:00-04:00,2026-08-12T17:00:00-04:00,,SGW-LST-000902,true
SGW-ITM-000903,ShopGoodwill,GW-006,"Art history volume, dust jacket",Books,Used - Very Good,2026-07-12T09:00:00-04:00,2026-07-13T11:00:00-04:00,2026-08-01T17:00:00-04:00,,SGW-LST-000903,true
SGW-ITM-000904,ShopGoodwill,GW-012,"DeWalt cordless drill, tool only",Tools,Used - Very Good,2026-07-26T09:00:00-04:00,2026-07-30T11:00:00-04:00,2026-08-02T17:00:00-04:00,,SGW-LST-000904,true
SGW-ITM-000905,ShopGoodwill,GW-004,"Leather tote bag, brown",Accessories,For parts / repair,2026-08-14T09:00:00-04:00,2026-08-24T11:00:00-04:00,2026-08-30T17:00:00-04:00,,SGW-LST-000905,true
SGW-ITM-000906,ShopGoodwill,GW-001,"Craftsman socket set, 32 pieces",Tools,Used - Very Good,2026-07-29T09:00:00-04:00,2026-07-30T11:00:00-04:00,2026-08-04T17:00:00-04:00,,SGW-LST-000906,true
SGW-ITM-000907,ShopGoodwill,GW-002,"Art history volume, dust jacket",Books,Used - Good,2026-08-12T09:00:00-04:00,2026-08-24T11:00:00-04:00,2026-08-30T17:00:00-04:00,,SGW-LST-000907,true
SGW-ITM-000908,ShopGoodwill,GW-004,"Brass table lamp, tested",Home,Used - Good,2026-07-26T09:00:00-04:00,2026-07-27T11:00:00-04:00,2026-08-26T17:00:00-04:00,,SGW-LST-000908,true
SGW-ITM-000909,ShopGoodwill,GW-004,"Vintage cassette deck, powers on",Electronics,Used - Good,2026-07-27T09:00:00-04:00,2026-07-31T11:00:00-04:00,2026-08-21T17:00:00-04:00,,SGW-LST-000909,true
SGW-ITM-000910,ShopGoodwill,GW-012,"Levi's denim jacket, size L",Apparel,Used - Good,2026-07-08T09:00:00-04:00,2026-07-21T11:00:00-04:00,2026-08-15T17:00:00-04:00,,SGW-LST-000910,true
SGW-ITM-000911,ShopGoodwill,GW-020,Sony stereo receiver — tested,Electronics,For parts / repair,2026-07-12T09:00:00-04:00,2026-07-18T11:00:00-04:00,2026-08-19T17:00:00-04:00,,SGW-LST-000911,true
SGW-ITM-000912,ShopGoodwill,GW-017,"Bose portable speaker, cosmetic wear",Electronics,Used - Good,2026-07-17T09:00:00-04:00,2026-07-27T11:00:00-04:00,2026-08-13T17:00:00-04:00,,SGW-LST-000912,true
SGW-ITM-000913,ShopGoodwill,GW-012,"Patagonia fleece jacket, size M",Apparel,Used - Acceptable,2026-08-06T09:00:00-04:00,2026-08-13T11:00:00-04:00,2026-08-22T17:00:00-04:00,,SGW-LST-000913,true
SGW-ITM-000914,ShopGoodwill,GW-018,"Die-cast vehicle lot, assorted",Collectibles,Used - Good,2026-07-23T09:00:00-04:00,2026-07-26T11:00:00-04:00,2026-08-10T17:00:00-04:00,,SGW-LST-000914,true
SGW-ITM-000915,ShopGoodwill,GW-007,Vintage Pyrex mixing bowl set,Collectibles,Used - Acceptable,2026-08-20T09:00:00-04:00,2026-08-27T11:00:00-04:00,2026-08-31T17:00:00-04:00,,SGW-LST-000915,true
SGW-ITM-000916,ShopGoodwill,GW-013,"Levi's denim jacket, size L",Apparel,Used - Acceptable,2026-06-25T09:00:00-04:00,2026-06-27T11:00:00-04:00,2026-08-01T17:00:00-04:00,,SGW-LST-000916,true
SGW-ITM-000917,ShopGoodwill,GW-022,KitchenAid hand mixer with beaters,Home,For parts / repair,2026-08-18T09:00:00-04:00,2026-08-25T11:00:00-04:00,2026-08-31T17:00:00-04:00,,SGW-LST-000917,true
SGW-ITM-000918,ShopGoodwill,GW-008,Signed studio pottery vase,Collectibles,Used - Very Good,2026-08-05T09:00:00-04:00,2026-08-11T11:00:00-04:00,2026-08-30T17:00:00-04:00,,SGW-LST-000918,true
SGW-ITM-000919,ShopGoodwill,GW-019,"Vintage cassette deck, powers on",Electronics,Used - Very Good,2026-07-28T09:00:00-04:00,2026-08-07T11:00:00-04:00,2026-08-17T17:00:00-04:00,,SGW-LST-000919,true
SGW-ITM-000920,ShopGoodwill,GW-003,"Canon EF zoom lens, 75–300mm",Electronics,For parts / repair,2026-08-08T09:00:00-04:00,2026-08-12T11:00:00-04:00,2026-08-30T17:00:00-04:00,,SGW-LST-000920,true
SGW-ITM-000921,ShopGoodwill,GW-019,Tennis racquet pair with covers,Sporting Goods,Used - Very Good,2026-08-06T09:00:00-04:00,2026-08-10T11:00:00-04:00,2026-08-21T17:00:00-04:00,,SGW-LST-000921,true
SGW-ITM-000922,ShopGoodwill,GW-008,"Hiking backpack, 40L",Sporting Goods,Used - Very Good,2026-08-09T09:00:00-04:00,2026-08-21T11:00:00-04:00,2026-08-30T17:00:00-04:00,,SGW-LST-000922,true
SGW-ITM-000923,ShopGoodwill,GW-008,"Vintage cassette deck, powers on",Electronics,For parts / repair,2026-07-24T09:00:00-04:00,2026-08-06T11:00:00-04:00,2026-08-09T17:00:00-04:00,,SGW-LST-000923,true
SGW-ITM-000924,ShopGoodwill,GW-011,"Craftsman socket set, 32 pieces",Tools,Used - Acceptable,2026-07-16T09:00:00-04:00,2026-07-19T11:00:00-04:00,2026-08-10T17:00:00-04:00,,SGW-LST-000924,true
SGW-ITM-000925,ShopGoodwill,GW-018,Fishing reel with spare spool,Sporting Goods,For parts / repair,2026-06-20T09:00:00-04:00,2026-07-03T11:00:00-04:00,2026-08-03T17:00:00-04:00,,SGW-LST-000925,true
SGW-ITM-000926,ShopGoodwill,GW-022,Sony stereo receiver — tested,Electronics,Used - Acceptable,2026-08-12T09:00:00-04:00,2026-08-15T11:00:00-04:00,2026-08-29T17:00:00-04:00,,SGW-LST-000926,true
SGW-ITM-000927,ShopGoodwill,GW-020,"Canon EF zoom lens, 75–300mm",Electronics,Used - Good,2026-07-15T09:00:00-04:00,2026-07-24T11:00:00-04:00,2026-08-08T17:00:00-04:00,,SGW-LST-000927,true
SGW-ITM-000928,ShopGoodwill,GW-024,"Die-cast vehicle lot, assorted",Collectibles,Used - Very Good,2026-07-20T09:00:00-04:00,2026-07-23T11:00:00-04:00,2026-08-16T17:00:00-04:00,,SGW-LST-000928,true
SGW-ITM-000929,ShopGoodwill,GW-020,"Die-cast vehicle lot, assorted",Collectibles,Used - Acceptable,2026-06-24T09:00:00-04:00,2026-06-30T11:00:00-04:00,2026-08-02T17:00:00-04:00,,SGW-LST-000929,true
SGW-ITM-000930,ShopGoodwill,GW-009,"Levi's denim jacket, size L",Apparel,Used - Acceptable,2026-08-13T09:00:00-04:00,2026-08-19T11:00:00-04:00,2026-08-21T17:00:00-04:00,,SGW-LST-000930,true
SGW-ITM-000931,ShopGoodwill,GW-001,"Handwoven wool rug, 3 × 5 ft",Home,Used - Acceptable,2026-07-19T09:00:00-04:00,2026-07-29T11:00:00-04:00,2026-08-29T17:00:00-04:00,,SGW-LST-000931,true
SGW-ITM-000932,ShopGoodwill,GW-021,"Bose portable speaker, cosmetic wear",Electronics,For parts / repair,2026-06-28T09:00:00-04:00,2026-07-08T11:00:00-04:00,2026-08-14T17:00:00-04:00,,SGW-LST-000932,true
SGW-ITM-000933,ShopGoodwill,GW-002,Sony stereo receiver — tested,Electronics,Used - Good,2026-07-27T09:00:00-04:00,2026-07-31T11:00:00-04:00,2026-08-31T17:00:00-04:00,,SGW-LST-000933,true
SGW-ITM-000934,ShopGoodwill,GW-022,"Vintage concert T-shirt, size XL",Apparel,Used - Very Good,2026-07-08T09:00:00-04:00,2026-07-21T11:00:00-04:00,2026-08-11T17:00:00-04:00,,SGW-LST-000934,true
SGW-ITM-000935,ShopGoodwill,GW-009,Signed studio pottery vase,Collectibles,Used - Acceptable,2026-07-27T09:00:00-04:00,2026-08-01T11:00:00-04:00,2026-08-21T17:00:00-04:00,,SGW-LST-000935,true
SGW-ITM-000936,ShopGoodwill,GW-017,Vintage costume jewelry lot,Jewelry,For parts / repair,2026-07-21T09:00:00-04:00,2026-07-28T11:00:00-04:00,2026-08-10T17:00:00-04:00,,SGW-LST-000936,true
SGW-ITM-000937,ShopGoodwill,GW-002,"Brass table lamp, tested",Home,Used - Good,2026-07-19T09:00:00-04:00,2026-08-01T11:00:00-04:00,2026-08-10T17:00:00-04:00,,SGW-LST-000937,true
SGW-ITM-000938,ShopGoodwill,GW-013,"Wool cardigan, size S",Apparel,For parts / repair,2026-07-17T09:00:00-04:00,2026-07-18T11:00:00-04:00,2026-08-08T17:00:00-04:00,,SGW-LST-000938,true
SGW-ITM-000939,ShopGoodwill,GW-016,"DeWalt cordless drill, tool only",Tools,Used - Acceptable,2026-07-16T09:00:00-04:00,2026-07-22T11:00:00-04:00,2026-08-17T17:00:00-04:00,,SGW-LST-000939,true
SGW-ITM-000940,ShopGoodwill,GW-006,Hardcover regional cookbook,Books,For parts / repair,2026-08-01T09:00:00-04:00,2026-08-11T11:00:00-04:00,2026-08-21T17:00:00-04:00,,SGW-LST-000940,true
SGW-ITM-000941,ShopGoodwill,GW-022,"Levi's denim jacket, size L",Apparel,Used - Very Good,2026-07-16T09:00:00-04:00,2026-07-27T11:00:00-04:00,2026-08-07T17:00:00-04:00,,SGW-LST-000941,true
SGW-ITM-000942,ShopGoodwill,GW-019,Engineering reference manual,Books,Used - Very Good,2026-07-14T09:00:00-04:00,2026-07-23T11:00:00-04:00,2026-08-04T17:00:00-04:00,,SGW-LST-000942,true
SGW-ITM-000943,ShopGoodwill,GW-021,"Sterling silver necklace, 18 inch",Jewelry,For parts / repair,2026-07-16T09:00:00-04:00,2026-07-30T11:00:00-04:00,2026-08-23T17:00:00-04:00,,SGW-LST-000943,true
SGW-ITM-000944,ShopGoodwill,GW-012,Hardcover regional cookbook,Books,Used - Acceptable,2026-07-09T09:00:00-04:00,2026-07-19T11:00:00-04:00,2026-08-18T17:00:00-04:00,,SGW-LST-000944,true
SGW-ITM-000945,ShopGoodwill,GW-023,"Model train locomotive, boxed",Collectibles,Used - Good,2026-08-08T09:00:00-04:00,2026-08-12T11:00:00-04:00,2026-08-28T17:00:00-04:00,,SGW-LST-000945,true
SGW-ITM-000946,ShopGoodwill,GW-002,"Illustrated field guide, revised edition",Books,Used - Acceptable,2026-07-21T09:00:00-04:00,2026-07-27T11:00:00-04:00,2026-08-06T17:00:00-04:00,,SGW-LST-000946,true
SGW-ITM-000947,ShopGoodwill,GW-008,"Patagonia fleece jacket, size M",Apparel,For parts / repair,2026-07-21T09:00:00-04:00,2026-08-01T11:00:00-04:00,2026-08-14T17:00:00-04:00,,SGW-LST-000947,true
SGW-ITM-000948,ShopGoodwill,GW-008,"Handwoven wool rug, 3 × 5 ft",Home,Used - Good,2026-07-16T09:00:00-04:00,2026-07-19T11:00:00-04:00,2026-08-13T17:00:00-04:00,,SGW-LST-000948,true
SGW-ITM-000949,ShopGoodwill,GW-014,"Die-cast vehicle lot, assorted",Collectibles,For parts / repair,2026-08-15T09:00:00-04:00,2026-08-22T11:00:00-04:00,2026-08-30T17:00:00-04:00,,SGW-LST-000949,true
SGW-ITM-000950,ShopGoodwill,GW-010,"Illustrated field guide, revised edition",Books,Used - Good,2026-07-26T09:00:00-04:00,2026-07-31T11:00:00-04:00,2026-08-18T17:00:00-04:00,,SGW-LST-000950,true
SGW-ITM-000951,ShopGoodwill,GW-006,Sony stereo receiver — tested,Electronics,For parts / repair,2026-07-15T09:00:00-04:00,2026-07-21T11:00:00-04:00,2026-08-10T17:00:00-04:00,,SGW-LST-000951,true
SGW-ITM-000952,ShopGoodwill,GW-012,"Canon EF zoom lens, 75–300mm",Electronics,Used - Very Good,2026-07-23T09:00:00-04:00,2026-07-29T11:00:00-04:00,2026-08-04T17:00:00-04:00,,SGW-LST-000952,true
SGW-ITM-000953,ShopGoodwill,GW-024,"Hiking backpack, 40L",Sporting Goods,Used - Acceptable,2026-07-20T09:00:00-04:00,2026-07-25T11:00:00-04:00,2026-08-08T17:00:00-04:00,,SGW-LST-000953,true
SGW-ITM-000954,ShopGoodwill,GW-009,"Canon EF zoom lens, 75–300mm",Electronics,Used - Very Good,2026-07-19T09:00:00-04:00,2026-07-31T11:00:00-04:00,2026-08-20T17:00:00-04:00,,SGW-LST-000954,true
SGW-ITM-000955,ShopGoodwill,GW-018,"Handwoven wool rug, 3 × 5 ft",Home,Used - Good,2026-07-19T09:00:00-04:00,2026-07-26T11:00:00-04:00,2026-08-17T17:00:00-04:00,,SGW-LST-000955,true
SGW-ITM-000956,ShopGoodwill,GW-009,Nintendo DS console with charger,Electronics,Used - Good,2026-07-09T09:00:00-04:00,2026-07-11T11:00:00-04:00,2026-08-15T17:00:00-04:00,,SGW-LST-000956,true
SGW-ITM-000957,ShopGoodwill,GW-002,"DeWalt cordless drill, tool only",Tools,Used - Very Good,2026-07-09T09:00:00-04:00,2026-07-23T11:00:00-04:00,2026-08-21T17:00:00-04:00,,SGW-LST-000957,true
SGW-ITM-000958,ShopGoodwill,GW-023,Sony stereo receiver — tested,Electronics,Used - Very Good,2026-07-22T09:00:00-04:00,2026-08-02T11:00:00-04:00,2026-08-21T17:00:00-04:00,,SGW-LST-000958,true
SGW-ITM-000959,ShopGoodwill,GW-017,"Bose portable speaker, cosmetic wear",Electronics,Used - Very Good,2026-07-01T09:00:00-04:00,2026-07-03T11:00:00-04:00,2026-08-01T17:00:00-04:00,,SGW-LST-000959,true
SGW-ITM-000960,ShopGoodwill,GW-014,KitchenAid hand mixer with beaters,Home,Used - Good,2026-07-25T09:00:00-04:00,2026-08-06T11:00:00-04:00,2026-08-27T17:00:00-04:00,,SGW-LST-000960,true
SGW-ITM-000961,ShopGoodwill,GW-011,"Bose portable speaker, cosmetic wear",Electronics,Used - Good,2026-07-14T09:00:00-04:00,2026-07-26T11:00:00-04:00,2026-08-29T17:00:00-04:00,,SGW-LST-000961,true
SGW-ITM-000962,ShopGoodwill,GW-023,"Die-cast vehicle lot, assorted",Collectibles,Used - Good,2026-07-21T09:00:00-04:00,2026-07-24T11:00:00-04:00,2026-08-18T17:00:00-04:00,,SGW-LST-000962,true
SGW-ITM-000963,ShopGoodwill,GW-024,"Patagonia fleece jacket, size M",Apparel,Used - Good,2026-06-30T09:00:00-04:00,2026-07-13T11:00:00-04:00,2026-08-08T17:00:00-04:00,,SGW-LST-000963,true
SGW-ITM-000964,ShopGoodwill,GW-004,Sony stereo receiver — tested,Electronics,Used - Very Good,2026-07-30T09:00:00-04:00,2026-08-04T11:00:00-04:00,2026-08-17T17:00:00-04:00,,SGW-LST-000964,true
SGW-ITM-000965,ShopGoodwill,GW-018,"Gold-tone wristwatch, untested",Jewelry,Used - Acceptable,2026-07-14T09:00:00-04:00,2026-07-18T11:00:00-04:00,2026-08-21T17:00:00-04:00,,SGW-LST-000965,true
SGW-ITM-000966,ShopGoodwill,GW-009,"Canon EF zoom lens, 75–300mm",Electronics,Used - Good,2026-06-28T09:00:00-04:00,2026-07-03T11:00:00-04:00,2026-08-10T17:00:00-04:00,,SGW-LST-000966,true
SGW-ITM-000967,ShopGoodwill,GW-007,"Vintage cassette deck, powers on",Electronics,Used - Acceptable,2026-07-30T09:00:00-04:00,2026-08-01T11:00:00-04:00,2026-08-12T17:00:00-04:00,,SGW-LST-000967,true
SGW-ITM-000968,ShopGoodwill,GW-023,"Wool cardigan, size S",Apparel,Used - Good,2026-06-26T09:00:00-04:00,2026-07-09T11:00:00-04:00,2026-08-06T17:00:00-04:00,,SGW-LST-000968,true
SGW-ITM-000969,ShopGoodwill,GW-021,Nintendo DS console with charger,Electronics,Used - Good,2026-07-18T09:00:00-04:00,2026-08-01T11:00:00-04:00,2026-08-29T17:00:00-04:00,,SGW-LST-000969,true
SGW-ITM-000970,ShopGoodwill,GW-001,"Patagonia fleece jacket, size M",Apparel,For parts / repair,2026-07-02T09:00:00-04:00,2026-07-16T11:00:00-04:00,2026-08-20T17:00:00-04:00,,SGW-LST-000970,true
SGW-ITM-000971,ShopGoodwill,GW-001,Signed studio pottery vase,Collectibles,For parts / repair,2026-08-11T09:00:00-04:00,2026-08-23T11:00:00-04:00,2026-08-30T17:00:00-04:00,,SGW-LST-000971,true
SGW-ITM-000972,ShopGoodwill,GW-003,"Brass table lamp, tested",Home,For parts / repair,2026-07-05T09:00:00-04:00,2026-07-06T11:00:00-04:00,2026-08-10T17:00:00-04:00,,SGW-LST-000972,true
SGW-ITM-000973,ShopGoodwill,GW-022,"Travel duffel, navy",Accessories,Used - Very Good,2026-07-14T09:00:00-04:00,2026-07-18T11:00:00-04:00,2026-08-08T17:00:00-04:00,,SGW-LST-000973,true
SGW-ITM-000974,ShopGoodwill,GW-001,Vintage Pyrex mixing bowl set,Collectibles,For parts / repair,2026-07-27T09:00:00-04:00,2026-08-03T11:00:00-04:00,2026-08-11T17:00:00-04:00,,SGW-LST-000974,true
SGW-ITM-000975,ShopGoodwill,GW-012,Sony stereo receiver — tested,Electronics,For parts / repair,2026-07-17T09:00:00-04:00,2026-07-22T11:00:00-04:00,2026-08-27T17:00:00-04:00,,SGW-LST-000975,true
SGW-ITM-000976,ShopGoodwill,GW-008,"Wool cardigan, size S",Apparel,Used - Good,2026-07-29T09:00:00-04:00,2026-07-30T11:00:00-04:00,2026-08-29T17:00:00-04:00,,SGW-LST-000976,true
SGW-ITM-000977,ShopGoodwill,GW-024,"Craftsman socket set, 32 pieces",Tools,Used - Acceptable,2026-06-28T09:00:00-04:00,2026-07-07T11:00:00-04:00,2026-08-04T17:00:00-04:00,2026-08-12T21:00:00-04:00,SGW-LST-000977,true
SGW-ITM-000978,ShopGoodwill,GW-001,Vintage Stanley hand plane,Tools,Used - Good,2026-06-18T09:00:00-04:00,2026-06-30T11:00:00-04:00,2026-08-01T17:00:00-04:00,,SGW-LST-000978,true
SGW-ITM-000979,ShopGoodwill,GW-010,Nintendo DS console with charger,Electronics,Used - Acceptable,2026-08-09T09:00:00-04:00,2026-08-17T11:00:00-04:00,2026-08-26T17:00:00-04:00,,SGW-LST-000979,true
SGW-ITM-000980,ShopGoodwill,GW-014,"Model train locomotive, boxed",Collectibles,For parts / repair,2026-08-14T09:00:00-04:00,2026-08-18T11:00:00-04:00,2026-08-28T17:00:00-04:00,,SGW-LST-000980,true
SGW-ITM-000981,ShopGoodwill,GW-021,"Digital multimeter, tested",Tools,Used - Good,2026-07-23T09:00:00-04:00,2026-08-04T11:00:00-04:00,2026-08-08T17:00:00-04:00,,SGW-LST-000981,true
SGW-ITM-000982,ShopGoodwill,GW-021,"Art history volume, dust jacket",Books,Used - Good,2026-08-12T09:00:00-04:00,2026-08-25T11:00:00-04:00,2026-08-30T17:00:00-04:00,,SGW-LST-000982,true
SGW-ITM-000983,ShopGoodwill,GW-017,"Sterling ring, size 7",Jewelry,Used - Acceptable,2026-08-17T09:00:00-04:00,2026-08-26T11:00:00-04:00,2026-08-29T17:00:00-04:00,,SGW-LST-000983,true
SGW-ITM-000984,ShopGoodwill,GW-014,"Stoneware dinner service, 12 pieces",Home,Used - Good,2026-08-02T09:00:00-04:00,2026-08-08T11:00:00-04:00,2026-08-21T17:00:00-04:00,,SGW-LST-000984,true
SGW-ITM-000985,ShopGoodwill,GW-021,"Hiking backpack, 40L",Sporting Goods,For parts / repair,2026-07-05T09:00:00-04:00,2026-07-19T11:00:00-04:00,2026-08-09T17:00:00-04:00,,SGW-LST-000985,true
SGW-ITM-000986,ShopGoodwill,GW-022,"DeWalt cordless drill, tool only",Tools,Used - Very Good,2026-07-19T09:00:00-04:00,2026-07-30T11:00:00-04:00,2026-08-30T17:00:00-04:00,2026-08-30T21:00:00-04:00,SGW-LST-000986,true
SGW-ITM-000987,ShopGoodwill,GW-019,Signed studio pottery vase,Collectibles,Used - Acceptable,2026-07-19T09:00:00-04:00,2026-07-25T11:00:00-04:00,2026-08-12T17:00:00-04:00,,SGW-LST-000987,true
SGW-ITM-000988,ShopGoodwill,GW-003,"Vintage cassette deck, powers on",Electronics,Used - Acceptable,2026-08-12T09:00:00-04:00,2026-08-20T11:00:00-04:00,2026-08-27T17:00:00-04:00,,SGW-LST-000988,true
SGW-ITM-000989,ShopGoodwill,GW-023,"Stoneware dinner service, 12 pieces",Home,For parts / repair,2026-07-01T09:00:00-04:00,2026-07-07T11:00:00-04:00,2026-08-06T17:00:00-04:00,,SGW-LST-000989,true
SGW-ITM-000990,ShopGoodwill,GW-012,"Leather tote bag, brown",Accessories,For parts / repair,2026-06-26T09:00:00-04:00,2026-06-30T11:00:00-04:00,2026-08-06T17:00:00-04:00,,SGW-LST-000990,true
SGW-ITM-000991,ShopGoodwill,GW-015,"Model train locomotive, boxed",Collectibles,Used - Acceptable,2026-07-21T09:00:00-04:00,2026-07-22T11:00:00-04:00,2026-08-10T17:00:00-04:00,,SGW-LST-000991,true
SGW-ITM-000992,ShopGoodwill,GW-024,"Vintage concert T-shirt, size XL",Apparel,Used - Very Good,2026-08-10T09:00:00-04:00,2026-08-23T11:00:00-04:00,2026-08-26T17:00:00-04:00,,SGW-LST-000992,true
SGW-ITM-000993,ShopGoodwill,GW-012,"Die-cast vehicle lot, assorted",Collectibles,Used - Very Good,2026-08-03T09:00:00-04:00,2026-08-17T11:00:00-04:00,2026-08-20T17:00:00-04:00,,SGW-LST-000993,true
SGW-ITM-000994,ShopGoodwill,GW-001,Nintendo DS console with charger,Electronics,For parts / repair,2026-08-04T09:00:00-04:00,2026-08-07T11:00:00-04:00,2026-08-21T17:00:00-04:00,,SGW-LST-000994,true
SGW-ITM-000995,ShopGoodwill,GW-009,"Craftsman socket set, 32 pieces",Tools,Used - Very Good,2026-07-10T09:00:00-04:00,2026-07-14T11:00:00-04:00,2026-08-14T17:00:00-04:00,,SGW-LST-000995,true
SGW-ITM-000996,ShopGoodwill,GW-009,Sony stereo receiver — tested,Electronics,Used - Good,2026-07-28T09:00:00-04:00,2026-08-10T11:00:00-04:00,2026-08-23T17:00:00-04:00,,SGW-LST-000996,true
SGW-ITM-000997,ShopGoodwill,GW-017,KitchenAid hand mixer with beaters,Home,Used - Good,2026-08-10T09:00:00-04:00,2026-08-16T11:00:00-04:00,2026-08-23T17:00:00-04:00,2026-08-31T21:00:00-04:00,SGW-LST-000997,true
SGW-ITM-000998,ShopGoodwill,GW-012,"Estate postcard collection, 80 pieces",Collectibles,Used - Acceptable,2026-07-18T09:00:00-04:00,2026-07-20T11:00:00-04:00,2026-08-24T17:00:00-04:00,,SGW-LST-000998,true
SGW-ITM-000999,ShopGoodwill,GW-008,Vintage costume jewelry lot,Jewelry,Used - Very Good,2026-07-29T09:00:00-04:00,2026-08-04T11:00:00-04:00,2026-08-12T17:00:00-04:00,,SGW-LST-000999,true
SGW-ITM-001000,ShopGoodwill,GW-003,Engineering reference manual,Books,Used - Acceptable,2026-07-29T09:00:00-04:00,2026-08-03T11:00:00-04:00,2026-08-31T17:00:00-04:00,,SGW-LST-001000,true
SGW-ITM-001001,ShopGoodwill,GW-021,Hardcover regional cookbook,Books,Used - Acceptable,2026-08-02T09:00:00-04:00,2026-08-13T11:00:00-04:00,2026-08-27T17:00:00-04:00,,SGW-LST-001001,true
SGW-ITM-001002,ShopGoodwill,GW-022,KitchenAid hand mixer with beaters,Home,Used - Good,2026-06-15T09:00:00-04:00,2026-06-27T11:00:00-04:00,2026-08-03T17:00:00-04:00,,SGW-LST-001002,true
SGW-ITM-001003,ShopGoodwill,GW-021,"Art history volume, dust jacket",Books,Used - Good,2026-07-14T09:00:00-04:00,2026-07-27T11:00:00-04:00,2026-08-28T17:00:00-04:00,,SGW-LST-001003,true
SGW-ITM-001004,ShopGoodwill,GW-014,"Patagonia fleece jacket, size M",Apparel,Used - Acceptable,2026-07-25T09:00:00-04:00,2026-08-04T11:00:00-04:00,2026-08-29T17:00:00-04:00,2026-08-30T21:00:00-04:00,SGW-LST-001004,true
SGW-ITM-001005,ShopGoodwill,GW-004,KitchenAid hand mixer with beaters,Home,Used - Acceptable,2026-07-25T09:00:00-04:00,2026-07-28T11:00:00-04:00,2026-08-01T17:00:00-04:00,,SGW-LST-001005,true
SGW-ITM-001006,ShopGoodwill,GW-005,"Brass table lamp, tested",Home,Used - Good,2026-07-31T09:00:00-04:00,2026-08-06T11:00:00-04:00,2026-08-15T17:00:00-04:00,,SGW-LST-001006,true
SGW-ITM-001007,ShopGoodwill,GW-019,Signed studio pottery vase,Collectibles,For parts / repair,2026-08-15T09:00:00-04:00,2026-08-22T11:00:00-04:00,2026-08-25T17:00:00-04:00,,SGW-LST-001007,true
SGW-ITM-001008,ShopGoodwill,GW-004,"Brass table lamp, tested",Home,Used - Good,2026-06-18T09:00:00-04:00,2026-06-28T11:00:00-04:00,2026-08-04T17:00:00-04:00,,SGW-LST-001008,true
SGW-ITM-001009,ShopGoodwill,GW-002,"Illustrated field guide, revised edition",Books,Used - Good,2026-07-20T09:00:00-04:00,2026-07-31T11:00:00-04:00,2026-08-23T17:00:00-04:00,,SGW-LST-001009,true
SGW-ITM-001010,ShopGoodwill,GW-012,"Bose portable speaker, cosmetic wear",Electronics,Used - Acceptable,2026-08-01T09:00:00-04:00,2026-08-07T11:00:00-04:00,2026-08-10T17:00:00-04:00,,SGW-LST-001010,true
SGW-ITM-001011,ShopGoodwill,GW-003,"Levi's denim jacket, size L",Apparel,For parts / repair,2026-07-16T09:00:00-04:00,2026-07-29T11:00:00-04:00,2026-08-22T17:00:00-04:00,,SGW-LST-001011,true
SGW-ITM-001012,ShopGoodwill,GW-002,Signed studio pottery vase,Collectibles,Used - Very Good,2026-08-03T09:00:00-04:00,2026-08-07T11:00:00-04:00,2026-08-10T17:00:00-04:00,,SGW-LST-001012,true
SGW-ITM-001013,ShopGoodwill,GW-002,Nintendo DS console with charger,Electronics,Used - Very Good,2026-07-20T09:00:00-04:00,2026-07-24T11:00:00-04:00,2026-08-28T17:00:00-04:00,,SGW-LST-001013,true
SGW-ITM-001014,ShopGoodwill,GW-022,Sony stereo receiver — tested,Electronics,Used - Very Good,2026-07-03T09:00:00-04:00,2026-07-17T11:00:00-04:00,2026-08-08T17:00:00-04:00,,SGW-LST-001014,true
SGW-ITM-001015,ShopGoodwill,GW-023,"DeWalt cordless drill, tool only",Tools,Used - Good,2026-07-14T09:00:00-04:00,2026-07-28T11:00:00-04:00,2026-08-22T17:00:00-04:00,,SGW-LST-001015,true
SGW-ITM-001016,ShopGoodwill,GW-022,Engineering reference manual,Books,Used - Good,2026-07-08T09:00:00-04:00,2026-07-09T11:00:00-04:00,2026-08-12T17:00:00-04:00,,SGW-LST-001016,true
SGW-ITM-001017,ShopGoodwill,GW-004,"Art history volume, dust jacket",Books,Used - Acceptable,2026-07-12T09:00:00-04:00,2026-07-22T11:00:00-04:00,2026-08-02T17:00:00-04:00,,SGW-LST-001017,true
SGW-ITM-001018,ShopGoodwill,GW-001,"Art history volume, dust jacket",Books,Used - Acceptable,2026-08-15T09:00:00-04:00,2026-08-27T11:00:00-04:00,2026-08-30T17:00:00-04:00,,SGW-LST-001018,true
SGW-ITM-001019,ShopGoodwill,GW-012,Vintage Stanley hand plane,Tools,Used - Good,2026-07-18T09:00:00-04:00,2026-07-20T11:00:00-04:00,2026-08-16T17:00:00-04:00,,SGW-LST-001019,true
SGW-ITM-001020,ShopGoodwill,GW-012,"Stoneware dinner service, 12 pieces",Home,Used - Acceptable,2026-07-14T09:00:00-04:00,2026-07-25T11:00:00-04:00,2026-08-22T17:00:00-04:00,,SGW-LST-001020,true
SGW-ITM-001021,ShopGoodwill,GW-005,"Vintage concert T-shirt, size XL",Apparel,Used - Acceptable,2026-07-28T09:00:00-04:00,2026-07-29T11:00:00-04:00,2026-08-18T17:00:00-04:00,,SGW-LST-001021,true
SGW-ITM-001022,ShopGoodwill,GW-014,"Bose portable speaker, cosmetic wear",Electronics,Used - Very Good,2026-07-02T09:00:00-04:00,2026-07-08T11:00:00-04:00,2026-08-09T17:00:00-04:00,,SGW-LST-001022,true
SGW-ITM-001023,ShopGoodwill,GW-008,"Brass table lamp, tested",Home,Used - Very Good,2026-07-24T09:00:00-04:00,2026-08-04T11:00:00-04:00,2026-08-22T17:00:00-04:00,,SGW-LST-001023,true
SGW-ITM-001024,ShopGoodwill,GW-024,Nintendo DS console with charger,Electronics,Used - Good,2026-07-20T09:00:00-04:00,2026-07-27T11:00:00-04:00,2026-08-19T17:00:00-04:00,,SGW-LST-001024,true
SGW-ITM-001025,ShopGoodwill,GW-012,"Die-cast vehicle lot, assorted",Collectibles,Used - Acceptable,2026-07-04T09:00:00-04:00,2026-07-15T11:00:00-04:00,2026-08-21T17:00:00-04:00,,SGW-LST-001025,true
SGW-ITM-001026,ShopGoodwill,GW-019,Signed studio pottery vase,Collectibles,For parts / repair,2026-06-28T09:00:00-04:00,2026-07-11T11:00:00-04:00,2026-08-03T17:00:00-04:00,,SGW-LST-001026,true
SGW-ITM-001027,ShopGoodwill,GW-015,"Sterling ring, size 7",Jewelry,For parts / repair,2026-07-19T09:00:00-04:00,2026-07-20T11:00:00-04:00,2026-08-08T17:00:00-04:00,,SGW-LST-001027,true
SGW-ITM-001028,ShopGoodwill,GW-015,Vintage Stanley hand plane,Tools,Used - Good,2026-07-18T09:00:00-04:00,2026-07-26T11:00:00-04:00,2026-08-08T17:00:00-04:00,,SGW-LST-001028,true
SGW-ITM-001029,ShopGoodwill,GW-021,"Illustrated field guide, revised edition",Books,Used - Good,2026-06-23T09:00:00-04:00,2026-06-25T11:00:00-04:00,2026-08-02T17:00:00-04:00,,SGW-LST-001029,true
SGW-ITM-001030,ShopGoodwill,GW-009,"Estate postcard collection, 80 pieces",Collectibles,Used - Very Good,2026-07-31T09:00:00-04:00,2026-08-05T11:00:00-04:00,2026-08-21T17:00:00-04:00,,SGW-LST-001030,true
SGW-ITM-001031,ShopGoodwill,GW-009,"Die-cast vehicle lot, assorted",Collectibles,For parts / repair,2026-08-04T09:00:00-04:00,2026-08-06T11:00:00-04:00,2026-08-18T17:00:00-04:00,,SGW-LST-001031,true
SGW-ITM-001032,ShopGoodwill,GW-013,"Golf iron set, right handed",Sporting Goods,Used - Good,2026-08-03T09:00:00-04:00,2026-08-15T11:00:00-04:00,2026-08-30T17:00:00-04:00,,SGW-LST-001032,true
SGW-ITM-001033,ShopGoodwill,GW-007,"Golf iron set, right handed",Sporting Goods,For parts / repair,2026-08-10T09:00:00-04:00,2026-08-15T11:00:00-04:00,2026-08-25T17:00:00-04:00,,SGW-LST-001033,true
SGW-ITM-001034,ShopGoodwill,GW-024,"Handwoven wool rug, 3 × 5 ft",Home,For parts / repair,2026-07-31T09:00:00-04:00,2026-08-06T11:00:00-04:00,2026-08-25T17:00:00-04:00,,SGW-LST-001034,true
SGW-ITM-001035,ShopGoodwill,GW-012,"Model train locomotive, boxed",Collectibles,Used - Very Good,2026-08-04T09:00:00-04:00,2026-08-10T11:00:00-04:00,2026-08-18T17:00:00-04:00,,SGW-LST-001035,true
SGW-ITM-001036,ShopGoodwill,GW-020,Hardcover regional cookbook,Books,Used - Very Good,2026-06-23T09:00:00-04:00,2026-06-29T11:00:00-04:00,2026-08-02T17:00:00-04:00,,SGW-LST-001036,true
SGW-ITM-001037,ShopGoodwill,GW-020,"Sterling ring, size 7",Jewelry,Used - Acceptable,2026-07-23T09:00:00-04:00,2026-08-01T11:00:00-04:00,2026-08-25T17:00:00-04:00,,SGW-LST-001037,true
SGW-ITM-001038,ShopGoodwill,GW-014,"Sterling ring, size 7",Jewelry,Used - Very Good,2026-06-29T09:00:00-04:00,2026-07-04T11:00:00-04:00,2026-08-02T17:00:00-04:00,,SGW-LST-001038,true
SGW-ITM-001039,ShopGoodwill,GW-013,"Sterling ring, size 7",Jewelry,Used - Acceptable,2026-07-07T09:00:00-04:00,2026-07-21T11:00:00-04:00,2026-08-08T17:00:00-04:00,,SGW-LST-001039,true
SGW-ITM-001040,ShopGoodwill,GW-002,"Patagonia fleece jacket, size M",Apparel,Used - Very Good,2026-07-14T09:00:00-04:00,2026-07-16T11:00:00-04:00,2026-08-04T17:00:00-04:00,,SGW-LST-001040,true
SGW-ITM-001041,ShopGoodwill,GW-004,Vintage belt with brass buckle,Accessories,For parts / repair,2026-08-20T09:00:00-04:00,2026-08-27T11:00:00-04:00,2026-08-31T17:00:00-04:00,,SGW-LST-001041,true
SGW-ITM-001042,ShopGoodwill,GW-004,"Estate postcard collection, 80 pieces",Collectibles,For parts / repair,2026-07-07T09:00:00-04:00,2026-07-15T11:00:00-04:00,2026-08-03T17:00:00-04:00,,SGW-LST-001042,true
SGW-ITM-001043,ShopGoodwill,GW-011,Sony stereo receiver — tested,Electronics,Used - Acceptable,2026-07-06T09:00:00-04:00,2026-07-13T11:00:00-04:00,2026-08-01T17:00:00-04:00,,SGW-LST-001043,true
SGW-ITM-001044,ShopGoodwill,GW-004,Vintage Pyrex mixing bowl set,Collectibles,For parts / repair,2026-07-02T09:00:00-04:00,2026-07-04T11:00:00-04:00,2026-08-04T17:00:00-04:00,2026-08-10T21:00:00-04:00,SGW-LST-001044,true
SGW-ITM-001045,ShopGoodwill,GW-019,"Digital multimeter, tested",Tools,Used - Very Good,2026-07-14T09:00:00-04:00,2026-07-25T11:00:00-04:00,2026-08-30T17:00:00-04:00,2026-08-31T21:00:00-04:00,SGW-LST-001045,true
SGW-ITM-001046,ShopGoodwill,GW-015,"Sterling silver necklace, 18 inch",Jewelry,Used - Acceptable,2026-07-02T09:00:00-04:00,2026-07-14T11:00:00-04:00,2026-08-18T17:00:00-04:00,,SGW-LST-001046,true
SGW-ITM-001047,ShopGoodwill,GW-016,"Sterling ring, size 7",Jewelry,Used - Very Good,2026-07-24T09:00:00-04:00,2026-08-01T11:00:00-04:00,2026-08-22T17:00:00-04:00,,SGW-LST-001047,true
SGW-ITM-001048,ShopGoodwill,GW-010,Nintendo DS console with charger,Electronics,Used - Acceptable,2026-07-17T09:00:00-04:00,2026-07-21T11:00:00-04:00,2026-08-06T17:00:00-04:00,,SGW-LST-001048,true
SGW-ITM-001049,ShopGoodwill,GW-015,Engineering reference manual,Books,Used - Good,2026-07-25T09:00:00-04:00,2026-07-26T11:00:00-04:00,2026-08-28T17:00:00-04:00,,SGW-LST-001049,true
SGW-ITM-001050,ShopGoodwill,GW-020,Engineering reference manual,Books,For parts / repair,2026-08-02T09:00:00-04:00,2026-08-13T11:00:00-04:00,2026-08-21T17:00:00-04:00,,SGW-LST-001050,true
SGW-ITM-001051,ShopGoodwill,GW-021,"Canon EF zoom lens, 75–300mm",Electronics,Used - Very Good,2026-07-22T09:00:00-04:00,2026-07-25T11:00:00-04:00,2026-08-29T17:00:00-04:00,,SGW-LST-001051,true
SGW-ITM-001052,ShopGoodwill,GW-013,"Craftsman socket set, 32 pieces",Tools,Used - Good,2026-07-28T09:00:00-04:00,2026-08-04T11:00:00-04:00,2026-08-27T17:00:00-04:00,,SGW-LST-001052,true
SGW-ITM-001053,ShopGoodwill,GW-008,"Sterling silver necklace, 18 inch",Jewelry,Used - Good,2026-07-28T09:00:00-04:00,2026-08-09T11:00:00-04:00,2026-08-30T17:00:00-04:00,,SGW-LST-001053,true
SGW-ITM-001054,ShopGoodwill,GW-001,"Art history volume, dust jacket",Books,Used - Acceptable,2026-06-25T09:00:00-04:00,2026-07-06T11:00:00-04:00,2026-08-07T17:00:00-04:00,,SGW-LST-001054,true
SGW-ITM-001055,ShopGoodwill,,"Wool cardigan, size S",Apparel,Used - Acceptable,2026-08-08T09:00:00-04:00,2026-08-17T11:00:00-04:00,2026-08-21T17:00:00-04:00,,SGW-LST-001055,true
SGW-ITM-001056,ShopGoodwill,GW-018,Nintendo DS console with charger,Electronics,Used - Good,2026-07-18T09:00:00-04:00,2026-07-20T11:00:00-04:00,2026-08-16T17:00:00-04:00,,SGW-LST-001056,true
SGW-ITM-001057,ShopGoodwill,GW-020,"Levi's denim jacket, size L",Apparel,Used - Acceptable,2026-07-02T09:00:00-04:00,2026-07-15T11:00:00-04:00,2026-08-08T17:00:00-04:00,,SGW-LST-001057,true
SGW-ITM-001058,ShopGoodwill,GW-018,"Canon EF zoom lens, 75–300mm",Electronics,Used - Very Good,2026-07-23T09:00:00-04:00,2026-07-25T11:00:00-04:00,2026-08-02T17:00:00-04:00,,SGW-LST-001058,true
SGW-ITM-001059,ShopGoodwill,GW-002,Vintage costume jewelry lot,Jewelry,Used - Very Good,2026-07-14T09:00:00-04:00,2026-07-28T11:00:00-04:00,2026-08-02T17:00:00-04:00,,SGW-LST-001059,true
SGW-ITM-001060,ShopGoodwill,GW-023,"Vintage cassette deck, powers on",Electronics,Used - Very Good,2026-07-29T09:00:00-04:00,2026-08-04T11:00:00-04:00,2026-08-14T17:00:00-04:00,,SGW-LST-001060,true
SGW-ITM-001061,ShopGoodwill,GW-002,"Levi's denim jacket, size L",Apparel,Used - Good,2026-07-12T09:00:00-04:00,2026-07-16T11:00:00-04:00,2026-08-22T17:00:00-04:00,,SGW-LST-001061,true
SGW-ITM-001062,ShopGoodwill,GW-024,"DeWalt cordless drill, tool only",Tools,Used - Acceptable,2026-07-10T09:00:00-04:00,2026-07-13T11:00:00-04:00,2026-08-07T17:00:00-04:00,,SGW-LST-001062,true
SGW-ITM-001063,ShopGoodwill,GW-024,Signed studio pottery vase,Collectibles,Used - Acceptable,2026-08-05T09:00:00-04:00,2026-08-10T11:00:00-04:00,2026-08-16T17:00:00-04:00,,SGW-LST-001063,true
SGW-ITM-001064,ShopGoodwill,GW-020,"Craftsman socket set, 32 pieces",Tools,Used - Acceptable,2026-07-15T09:00:00-04:00,2026-07-20T11:00:00-04:00,2026-08-06T17:00:00-04:00,,SGW-LST-001064,true
SGW-ITM-001065,ShopGoodwill,GW-018,"Art history volume, dust jacket",Books,For parts / repair,2026-08-06T09:00:00-04:00,2026-08-11T11:00:00-04:00,2026-08-31T17:00:00-04:00,,SGW-LST-001065,true
SGW-ITM-001066,ShopGoodwill,GW-009,"Art history volume, dust jacket",Books,Used - Acceptable,2026-07-25T09:00:00-04:00,2026-08-01T11:00:00-04:00,2026-08-17T17:00:00-04:00,,SGW-LST-001066,true
SGW-ITM-001067,ShopGoodwill,GW-009,"Wool cardigan, size S",Apparel,Used - Very Good,2026-07-13T09:00:00-04:00,2026-07-22T11:00:00-04:00,2026-08-15T17:00:00-04:00,,SGW-LST-001067,true
SGW-ITM-001068,ShopGoodwill,GW-007,"Illustrated field guide, revised edition",Books,Used - Acceptable,2026-07-26T09:00:00-04:00,2026-07-28T11:00:00-04:00,2026-08-23T17:00:00-04:00,,SGW-LST-001068,true
SGW-ITM-001069,ShopGoodwill,GW-017,"Sterling silver necklace, 18 inch",Jewelry,Used - Good,2026-07-27T09:00:00-04:00,2026-07-31T11:00:00-04:00,2026-08-28T17:00:00-04:00,2026-08-30T21:00:00-04:00,SGW-LST-001069,true
SGW-ITM-001070,ShopGoodwill,GW-020,"Silk scarf, floral print",Accessories,Used - Acceptable,2026-07-13T09:00:00-04:00,2026-07-17T11:00:00-04:00,2026-08-17T17:00:00-04:00,,SGW-LST-001070,true
SGW-ITM-001071,ShopGoodwill,GW-020,"Art history volume, dust jacket",Books,Used - Good,2026-08-08T09:00:00-04:00,2026-08-12T11:00:00-04:00,2026-08-16T17:00:00-04:00,,SGW-LST-001071,true
SGW-ITM-001072,ShopGoodwill,GW-009,"Handwoven wool rug, 3 × 5 ft",Home,Used - Acceptable,2026-07-24T09:00:00-04:00,2026-08-02T11:00:00-04:00,2026-08-10T17:00:00-04:00,,SGW-LST-001072,true
SGW-ITM-001073,ShopGoodwill,GW-018,Nintendo DS console with charger,Electronics,Used - Good,2026-07-16T09:00:00-04:00,2026-07-20T11:00:00-04:00,2026-08-25T17:00:00-04:00,,SGW-LST-001073,true
SGW-ITM-001074,ShopGoodwill,GW-001,"Brass table lamp, tested",Home,Used - Very Good,2026-07-03T09:00:00-04:00,2026-07-17T11:00:00-04:00,2026-08-09T17:00:00-04:00,,SGW-LST-001074,true
SGW-ITM-001075,ShopGoodwill,GW-012,"Estate postcard collection, 80 pieces",Collectibles,Used - Good,2026-07-14T09:00:00-04:00,2026-07-16T11:00:00-04:00,2026-08-07T17:00:00-04:00,,SGW-LST-001075,true
SGW-ITM-001076,ShopGoodwill,GW-008,"Handwoven wool rug, 3 × 5 ft",Home,For parts / repair,2026-07-25T09:00:00-04:00,2026-08-03T11:00:00-04:00,2026-08-21T17:00:00-04:00,,SGW-LST-001076,true
SGW-ITM-001077,ShopGoodwill,GW-024,"Brass table lamp, tested",Home,Used - Good,2026-07-16T09:00:00-04:00,2026-07-30T11:00:00-04:00,2026-08-13T17:00:00-04:00,,SGW-LST-001077,true
SGW-ITM-001078,ShopGoodwill,GW-012,"Canon EF zoom lens, 75–300mm",Electronics,Used - Very Good,2026-07-26T09:00:00-04:00,2026-07-28T11:00:00-04:00,2026-08-14T17:00:00-04:00,,SGW-LST-001078,true
SGW-ITM-001079,ShopGoodwill,GW-020,Sony stereo receiver — tested,Electronics,For parts / repair,2026-07-11T09:00:00-04:00,2026-07-17T11:00:00-04:00,2026-08-10T17:00:00-04:00,,SGW-LST-001079,true
SGW-ITM-001080,ShopGoodwill,GW-022,"Vintage concert T-shirt, size XL",Apparel,Used - Good,2026-08-02T09:00:00-04:00,2026-08-11T11:00:00-04:00,2026-08-22T17:00:00-04:00,,SGW-LST-001080,true
SGW-ITM-001081,ShopGoodwill,GW-006,"Model train locomotive, boxed",Collectibles,For parts / repair,2026-08-03T09:00:00-04:00,2026-08-12T11:00:00-04:00,2026-08-31T17:00:00-04:00,,SGW-LST-001081,true
SGW-ITM-001082,ShopGoodwill,GW-020,"Craftsman socket set, 32 pieces",Tools,For parts / repair,2026-07-16T09:00:00-04:00,2026-07-18T11:00:00-04:00,2026-08-15T17:00:00-04:00,,SGW-LST-001082,true
SGW-ITM-001083,ShopGoodwill,GW-002,"Golf iron set, right handed",Sporting Goods,Used - Acceptable,2026-08-07T09:00:00-04:00,2026-08-09T11:00:00-04:00,2026-08-17T17:00:00-04:00,,SGW-LST-001083,true
SGW-ITM-001084,ShopGoodwill,GW-001,"DeWalt cordless drill, tool only",Tools,For parts / repair,2026-07-10T09:00:00-04:00,2026-07-23T11:00:00-04:00,2026-08-08T17:00:00-04:00,,SGW-LST-001084,true
SGW-ITM-001085,ShopGoodwill,GW-022,Signed studio pottery vase,Collectibles,Used - Acceptable,2026-07-26T09:00:00-04:00,2026-07-27T11:00:00-04:00,2026-08-21T17:00:00-04:00,,SGW-LST-001085,true
SGW-ITM-001086,ShopGoodwill,GW-001,"Hiking backpack, 40L",Sporting Goods,Used - Very Good,2026-08-01T09:00:00-04:00,2026-08-08T11:00:00-04:00,2026-08-24T17:00:00-04:00,,SGW-LST-001086,true
SGW-ITM-001087,ShopGoodwill,GW-012,"Wool cardigan, size S",Apparel,Used - Acceptable,2026-07-26T09:00:00-04:00,2026-08-09T11:00:00-04:00,2026-08-31T17:00:00-04:00,,SGW-LST-001087,true
SGW-ITM-001088,ShopGoodwill,GW-006,Vintage costume jewelry lot,Jewelry,Used - Acceptable,2026-07-01T09:00:00-04:00,2026-07-06T11:00:00-04:00,2026-08-08T17:00:00-04:00,,SGW-LST-001088,true
SGW-ITM-001089,ShopGoodwill,GW-001,"Digital multimeter, tested",Tools,Used - Very Good,2026-07-20T09:00:00-04:00,2026-07-28T11:00:00-04:00,2026-08-13T17:00:00-04:00,,SGW-LST-001089,true
SGW-ITM-001090,ShopGoodwill,GW-001,"Levi's denim jacket, size L",Apparel,For parts / repair,2026-07-16T09:00:00-04:00,2026-07-25T11:00:00-04:00,2026-08-15T17:00:00-04:00,,SGW-LST-001090,true
SGW-ITM-001091,ShopGoodwill,GW-001,Nintendo DS console with charger,Electronics,Used - Good,2026-07-22T09:00:00-04:00,2026-08-03T11:00:00-04:00,2026-08-24T17:00:00-04:00,,SGW-LST-001091,true
SGW-ITM-001092,ShopGoodwill,GW-009,"Stoneware dinner service, 12 pieces",Home,Used - Very Good,2026-07-12T09:00:00-04:00,2026-07-20T11:00:00-04:00,2026-08-15T17:00:00-04:00,,SGW-LST-001092,true
SGW-ITM-001093,ShopGoodwill,GW-001,KitchenAid hand mixer with beaters,Home,For parts / repair,2026-07-08T09:00:00-04:00,2026-07-11T11:00:00-04:00,2026-08-15T17:00:00-04:00,,SGW-LST-001093,true
SGW-ITM-001094,ShopGoodwill,GW-011,"Levi's denim jacket, size L",Apparel,Used - Very Good,2026-07-18T09:00:00-04:00,2026-07-22T11:00:00-04:00,2026-08-20T17:00:00-04:00,,SGW-LST-001094,true
SGW-ITM-001095,ShopGoodwill,GW-007,Engineering reference manual,Books,Used - Acceptable,2026-08-10T09:00:00-04:00,2026-08-12T11:00:00-04:00,2026-08-27T17:00:00-04:00,,SGW-LST-001095,true
SGW-ITM-001096,ShopGoodwill,GW-012,Signed studio pottery vase,Collectibles,Used - Very Good,2026-07-19T09:00:00-04:00,2026-07-26T11:00:00-04:00,2026-08-12T17:00:00-04:00,,SGW-LST-001096,true
SGW-ITM-001097,ShopGoodwill,GW-017,"Wool cardigan, size S",Apparel,Used - Acceptable,2026-07-13T09:00:00-04:00,2026-07-16T11:00:00-04:00,2026-08-09T17:00:00-04:00,,SGW-LST-001097,true
SGW-ITM-001098,ShopGoodwill,GW-009,"Die-cast vehicle lot, assorted",Collectibles,Used - Acceptable,2026-07-15T09:00:00-04:00,2026-07-18T11:00:00-04:00,2026-08-10T17:00:00-04:00,,SGW-LST-001098,true
SGW-ITM-001099,ShopGoodwill,GW-024,Tennis racquet pair with covers,Sporting Goods,Used - Acceptable,2026-07-26T09:00:00-04:00,2026-08-06T11:00:00-04:00,2026-08-15T17:00:00-04:00,,SGW-LST-001099,true
SGW-ITM-001100,ShopGoodwill,GW-014,"Bose portable speaker, cosmetic wear",Electronics,Used - Good,2026-07-12T09:00:00-04:00,2026-07-16T11:00:00-04:00,2026-08-13T17:00:00-04:00,,SGW-LST-001100,true
SGW-ITM-001101,ShopGoodwill,GW-023,"Die-cast vehicle lot, assorted",Collectibles,Used - Good,2026-07-06T09:00:00-04:00,2026-07-07T11:00:00-04:00,2026-08-12T17:00:00-04:00,2026-08-14T21:00:00-04:00,SGW-LST-001101,true
SGW-ITM-001102,ShopGoodwill,GW-001,"Silk scarf, floral print",Accessories,Used - Very Good,2026-07-02T09:00:00-04:00,2026-07-16T11:00:00-04:00,2026-08-17T17:00:00-04:00,,SGW-LST-001102,true
SGW-ITM-001103,ShopGoodwill,GW-015,"Wool cardigan, size S",Apparel,Used - Acceptable,2026-08-10T09:00:00-04:00,2026-08-21T11:00:00-04:00,2026-08-29T17:00:00-04:00,,SGW-LST-001103,true
SGW-ITM-001104,ShopGoodwill,GW-002,Vintage costume jewelry lot,Jewelry,For parts / repair,2026-07-21T09:00:00-04:00,2026-08-02T11:00:00-04:00,2026-08-16T17:00:00-04:00,,SGW-LST-001104,true
SGW-ITM-001105,ShopGoodwill,GW-010,"Estate postcard collection, 80 pieces",Collectibles,Used - Good,2026-08-06T09:00:00-04:00,2026-08-17T11:00:00-04:00,2026-08-26T17:00:00-04:00,,SGW-LST-001105,true
SGW-ITM-001106,ShopGoodwill,GW-005,"Canon EF zoom lens, 75–300mm",Electronics,For parts / repair,2026-07-06T09:00:00-04:00,2026-07-19T11:00:00-04:00,2026-08-17T17:00:00-04:00,,SGW-LST-001106,true
SGW-ITM-001107,ShopGoodwill,GW-013,"Art history volume, dust jacket",Books,Used - Acceptable,2026-08-05T09:00:00-04:00,2026-08-16T11:00:00-04:00,2026-08-29T17:00:00-04:00,,SGW-LST-001107,true
SGW-ITM-001108,ShopGoodwill,GW-004,"Mystery paperback lot, 6 books",Books,Used - Acceptable,2026-07-06T09:00:00-04:00,2026-07-18T11:00:00-04:00,2026-08-06T17:00:00-04:00,,SGW-LST-001108,true
SGW-ITM-001109,ShopGoodwill,GW-005,"Handwoven wool rug, 3 × 5 ft",Home,Used - Acceptable,2026-08-11T09:00:00-04:00,2026-08-17T11:00:00-04:00,2026-08-29T17:00:00-04:00,,SGW-LST-001109,true
SGW-ITM-001110,ShopGoodwill,GW-001,"Vintage cassette deck, powers on",Electronics,Used - Good,2026-07-18T09:00:00-04:00,2026-07-28T11:00:00-04:00,2026-08-29T17:00:00-04:00,,SGW-LST-001110,true
SGW-ITM-001111,ShopGoodwill,GW-024,"Canon EF zoom lens, 75–300mm",Electronics,Used - Very Good,2026-08-27T09:00:00-04:00,2026-08-28T11:00:00-04:00,2026-08-31T17:00:00-04:00,,SGW-LST-001111,true
SGW-ITM-001112,ShopGoodwill,GW-009,"Bose portable speaker, cosmetic wear",Electronics,For parts / repair,2026-07-07T09:00:00-04:00,2026-07-08T11:00:00-04:00,2026-08-13T17:00:00-04:00,,SGW-LST-001112,true
SGW-ITM-001113,ShopGoodwill,GW-005,"Bose portable speaker, cosmetic wear",Electronics,Used - Acceptable,2026-07-22T09:00:00-04:00,2026-07-31T11:00:00-04:00,2026-08-25T17:00:00-04:00,,SGW-LST-001113,true
SGW-ITM-001114,ShopGoodwill,GW-002,"Illustrated field guide, revised edition",Books,Used - Acceptable,2026-08-24T09:00:00-04:00,2026-08-27T11:00:00-04:00,2026-08-30T17:00:00-04:00,,SGW-LST-001114,true
SGW-ITM-001115,ShopGoodwill,GW-004,"Estate postcard collection, 80 pieces",Collectibles,Used - Good,2026-06-27T09:00:00-04:00,2026-07-09T11:00:00-04:00,2026-08-11T17:00:00-04:00,,SGW-LST-001115,true
SGW-ITM-001116,ShopGoodwill,GW-005,Sony stereo receiver — tested,Electronics,Used - Good,2026-06-24T09:00:00-04:00,2026-06-30T11:00:00-04:00,2026-08-04T17:00:00-04:00,,SGW-LST-001116,true
SGW-ITM-001117,ShopGoodwill,GW-015,"Stoneware dinner service, 12 pieces",Home,For parts / repair,2026-07-12T09:00:00-04:00,2026-07-21T11:00:00-04:00,2026-08-19T17:00:00-04:00,,SGW-LST-001117,true
SGW-ITM-001118,ShopGoodwill,GW-004,Signed studio pottery vase,Collectibles,Used - Acceptable,2026-07-16T09:00:00-04:00,2026-07-24T11:00:00-04:00,2026-08-29T17:00:00-04:00,,SGW-LST-001118,true
SGW-ITM-001119,ShopGoodwill,GW-016,Nintendo DS console with charger,Electronics,For parts / repair,2026-07-03T09:00:00-04:00,2026-07-15T11:00:00-04:00,2026-08-16T17:00:00-04:00,,SGW-LST-001119,true
SGW-ITM-001120,ShopGoodwill,GW-015,"Art history volume, dust jacket",Books,For parts / repair,2026-06-30T09:00:00-04:00,2026-07-12T11:00:00-04:00,2026-08-14T17:00:00-04:00,2026-08-23T21:00:00-04:00,SGW-LST-001120,true
SGW-ITM-001121,ShopGoodwill,GW-020,"Vintage cassette deck, powers on",Electronics,For parts / repair,2026-08-09T09:00:00-04:00,2026-08-10T11:00:00-04:00,2026-08-23T17:00:00-04:00,,SGW-LST-001121,true
SGW-ITM-001122,ShopGoodwill,GW-018,"Illustrated field guide, revised edition",Books,Used - Acceptable,2026-07-01T09:00:00-04:00,2026-07-13T11:00:00-04:00,2026-08-16T17:00:00-04:00,,SGW-LST-001122,true
SGW-ITM-001123,ShopGoodwill,GW-012,"Die-cast vehicle lot, assorted",Collectibles,Used - Acceptable,2026-07-23T09:00:00-04:00,2026-07-29T11:00:00-04:00,2026-08-13T17:00:00-04:00,,SGW-LST-001123,true
SGW-ITM-001124,ShopGoodwill,GW-024,Vintage Pyrex mixing bowl set,Collectibles,Used - Acceptable,2026-07-25T09:00:00-04:00,2026-07-29T11:00:00-04:00,2026-08-15T17:00:00-04:00,,SGW-LST-001124,true
SGW-ITM-001125,ShopGoodwill,GW-012,"Levi's denim jacket, size L",Apparel,Used - Acceptable,2026-06-18T09:00:00-04:00,2026-06-26T11:00:00-04:00,2026-08-03T17:00:00-04:00,,SGW-LST-001125,true
SGW-ITM-001126,ShopGoodwill,GW-004,"Mystery paperback lot, 6 books",Books,Used - Acceptable,2026-06-15T09:00:00-04:00,2026-06-26T11:00:00-04:00,2026-08-02T17:00:00-04:00,,SGW-LST-001126,true
SGW-ITM-001127,ShopGoodwill,GW-004,"Vintage concert T-shirt, size XL",Apparel,Used - Acceptable,2026-06-10T09:00:00-04:00,2026-06-24T11:00:00-04:00,2026-08-01T17:00:00-04:00,,SGW-LST-001127,true
SGW-ITM-001128,ShopGoodwill,GW-008,"Hiking backpack, 40L",Sporting Goods,For parts / repair,2026-07-18T09:00:00-04:00,2026-07-23T11:00:00-04:00,2026-08-21T17:00:00-04:00,,SGW-LST-001128,true
SGW-ITM-001129,ShopGoodwill,GW-001,"Brass table lamp, tested",Home,For parts / repair,2026-07-19T09:00:00-04:00,2026-07-26T11:00:00-04:00,2026-08-03T17:00:00-04:00,,SGW-LST-001129,true
SGW-ITM-001130,ShopGoodwill,GW-004,Signed studio pottery vase,Collectibles,Used - Good,2026-08-01T09:00:00-04:00,2026-08-08T11:00:00-04:00,2026-08-15T17:00:00-04:00,,SGW-LST-001130,true
SGW-ITM-001131,ShopGoodwill,GW-008,"Patagonia fleece jacket, size M",Apparel,Used - Acceptable,2026-08-13T09:00:00-04:00,2026-08-19T11:00:00-04:00,2026-08-26T17:00:00-04:00,,SGW-LST-001131,true
SGW-ITM-001132,ShopGoodwill,GW-023,"Patagonia fleece jacket, size M",Apparel,Used - Acceptable,2026-07-02T09:00:00-04:00,2026-07-13T11:00:00-04:00,2026-08-14T17:00:00-04:00,,SGW-LST-001132,true
SGW-ITM-001133,ShopGoodwill,GW-017,"Handwoven wool rug, 3 × 5 ft",Home,Used - Acceptable,2026-06-26T09:00:00-04:00,2026-07-03T11:00:00-04:00,2026-08-01T17:00:00-04:00,,SGW-LST-001133,true
SGW-ITM-001134,ShopGoodwill,GW-021,"Canon EF zoom lens, 75–300mm",Electronics,Used - Good,2026-07-10T09:00:00-04:00,2026-07-19T11:00:00-04:00,2026-08-04T17:00:00-04:00,,SGW-LST-001134,true
SGW-ITM-001135,ShopGoodwill,GW-005,Tennis racquet pair with covers,Sporting Goods,Used - Good,2026-06-29T09:00:00-04:00,2026-07-11T11:00:00-04:00,2026-08-13T17:00:00-04:00,,SGW-LST-001135,true
SGW-ITM-001136,ShopGoodwill,GW-024,"Die-cast vehicle lot, assorted",Collectibles,Used - Very Good,2026-07-13T09:00:00-04:00,2026-07-23T11:00:00-04:00,2026-08-04T17:00:00-04:00,,SGW-LST-001136,true
SGW-ITM-001137,ShopGoodwill,GW-011,Sony stereo receiver — tested,Electronics,Used - Good,2026-06-30T09:00:00-04:00,2026-07-01T11:00:00-04:00,2026-08-05T17:00:00-04:00,,SGW-LST-001137,true
SGW-ITM-001138,ShopGoodwill,GW-022,Sony stereo receiver — tested,Electronics,Used - Very Good,2026-07-08T09:00:00-04:00,2026-07-15T11:00:00-04:00,2026-08-08T17:00:00-04:00,,SGW-LST-001138,true
SGW-ITM-001139,ShopGoodwill,GW-009,"Golf iron set, right handed",Sporting Goods,For parts / repair,2026-08-01T09:00:00-04:00,2026-08-02T11:00:00-04:00,2026-08-22T17:00:00-04:00,,SGW-LST-001139,true
SGW-ITM-001140,ShopGoodwill,GW-017,Nintendo DS console with charger,Electronics,For parts / repair,2026-07-05T09:00:00-04:00,2026-07-17T11:00:00-04:00,2026-08-07T17:00:00-04:00,,SGW-LST-001140,true
SGW-ITM-001141,ShopGoodwill,GW-007,"DeWalt cordless drill, tool only",Tools,For parts / repair,2026-08-08T09:00:00-04:00,2026-08-12T11:00:00-04:00,2026-08-22T17:00:00-04:00,,SGW-LST-001141,true
SGW-ITM-001142,ShopGoodwill,GW-022,"Model train locomotive, boxed",Collectibles,For parts / repair,2026-08-04T09:00:00-04:00,2026-08-05T11:00:00-04:00,2026-08-23T17:00:00-04:00,,SGW-LST-001142,true
SGW-ITM-001143,ShopGoodwill,GW-014,"Bose portable speaker, cosmetic wear",Electronics,For parts / repair,2026-07-14T09:00:00-04:00,2026-07-19T11:00:00-04:00,2026-08-11T17:00:00-04:00,,SGW-LST-001143,true
SGW-ITM-001144,ShopGoodwill,GW-017,"Wool cardigan, size S",Apparel,For parts / repair,2026-07-01T09:00:00-04:00,2026-07-14T11:00:00-04:00,2026-08-05T17:00:00-04:00,,SGW-LST-001144,true
SGW-ITM-001145,ShopGoodwill,GW-024,Signed studio pottery vase,Collectibles,Used - Good,2026-07-08T09:00:00-04:00,2026-07-18T11:00:00-04:00,2026-08-23T17:00:00-04:00,,SGW-LST-001145,true
SGW-ITM-001146,ShopGoodwill,GW-021,"Canon EF zoom lens, 75–300mm",Electronics,Used - Acceptable,2026-07-20T09:00:00-04:00,2026-08-01T11:00:00-04:00,2026-08-03T17:00:00-04:00,,SGW-LST-001146,true
SGW-ITM-001147,ShopGoodwill,GW-020,KitchenAid hand mixer with beaters,Home,Used - Very Good,2026-07-17T09:00:00-04:00,2026-07-25T11:00:00-04:00,2026-08-22T17:00:00-04:00,,SGW-LST-001147,true
SGW-ITM-001148,ShopGoodwill,GW-016,"Craftsman socket set, 32 pieces",Tools,Used - Very Good,2026-06-26T09:00:00-04:00,2026-07-10T11:00:00-04:00,2026-08-01T17:00:00-04:00,,SGW-LST-001148,true
SGW-ITM-001149,ShopGoodwill,GW-008,"Travel duffel, navy",Accessories,Used - Acceptable,2026-07-28T09:00:00-04:00,2026-08-11T11:00:00-04:00,2026-08-17T17:00:00-04:00,,SGW-LST-001149,true
SGW-ITM-001150,ShopGoodwill,GW-013,Engineering reference manual,Books,Used - Acceptable,2026-07-25T09:00:00-04:00,2026-07-29T11:00:00-04:00,2026-08-28T17:00:00-04:00,,SGW-LST-001150,true
SGW-ITM-001151,ShopGoodwill,GW-011,"Wool cardigan, size S",Apparel,For parts / repair,2026-07-23T09:00:00-04:00,2026-07-28T11:00:00-04:00,2026-08-03T17:00:00-04:00,,SGW-LST-001151,true
SGW-ITM-001152,ShopGoodwill,GW-017,Nintendo DS console with charger,Electronics,Used - Acceptable,2026-06-29T09:00:00-04:00,2026-07-13T11:00:00-04:00,2026-08-11T17:00:00-04:00,,SGW-LST-001152,true
SGW-ITM-001153,ShopGoodwill,GW-001,"DeWalt cordless drill, tool only",Tools,Used - Good,2026-07-26T09:00:00-04:00,2026-08-07T11:00:00-04:00,2026-08-15T17:00:00-04:00,,SGW-LST-001153,true
SGW-ITM-001154,ShopGoodwill,GW-015,"Brass table lamp, tested",Home,Used - Good,2026-07-21T09:00:00-04:00,2026-07-26T11:00:00-04:00,2026-08-30T17:00:00-04:00,,SGW-LST-001154,true
SGW-ITM-001155,ShopGoodwill,GW-024,Vintage Pyrex mixing bowl set,Collectibles,Used - Good,2026-08-03T09:00:00-04:00,2026-08-17T11:00:00-04:00,2026-08-26T17:00:00-04:00,,SGW-LST-001155,true
SGW-ITM-001156,ShopGoodwill,GW-016,"Handwoven wool rug, 3 × 5 ft",Home,For parts / repair,2026-07-13T09:00:00-04:00,2026-07-23T11:00:00-04:00,2026-08-21T17:00:00-04:00,,SGW-LST-001156,true
SGW-ITM-001157,ShopGoodwill,GW-011,Vintage costume jewelry lot,Jewelry,Used - Acceptable,2026-07-10T09:00:00-04:00,2026-07-17T11:00:00-04:00,2026-08-04T17:00:00-04:00,,SGW-LST-001157,true
SGW-ITM-001158,ShopGoodwill,GW-009,Engineering reference manual,Books,Used - Good,2026-07-25T09:00:00-04:00,2026-07-26T11:00:00-04:00,2026-08-01T17:00:00-04:00,,SGW-LST-001158,true
SGW-ITM-001159,ShopGoodwill,GW-020,Vintage belt with brass buckle,Accessories,Used - Good,2026-07-26T09:00:00-04:00,2026-08-07T11:00:00-04:00,2026-08-11T17:00:00-04:00,,SGW-LST-001159,true
SGW-ITM-001160,ShopGoodwill,GW-013,"Wool cardigan, size S",Apparel,Used - Acceptable,2026-07-26T09:00:00-04:00,2026-08-03T11:00:00-04:00,2026-08-30T17:00:00-04:00,,SGW-LST-001160,true
SGW-ITM-001161,ShopGoodwill,GW-008,"Illustrated field guide, revised edition",Books,Used - Good,2026-06-24T09:00:00-04:00,2026-06-25T11:00:00-04:00,2026-08-01T17:00:00-04:00,,SGW-LST-001161,true
SGW-ITM-001162,ShopGoodwill,GW-018,"Golf iron set, right handed",Sporting Goods,For parts / repair,2026-07-05T09:00:00-04:00,2026-07-19T11:00:00-04:00,2026-08-08T17:00:00-04:00,,SGW-LST-001162,true
SGW-ITM-001163,ShopGoodwill,GW-015,"Golf iron set, right handed",Sporting Goods,Used - Acceptable,2026-08-18T09:00:00-04:00,2026-08-24T11:00:00-04:00,2026-08-30T17:00:00-04:00,,SGW-LST-001163,true
SGW-ITM-001164,ShopGoodwill,GW-015,"Model train locomotive, boxed",Collectibles,For parts / repair,2026-07-20T09:00:00-04:00,2026-07-21T11:00:00-04:00,2026-08-22T17:00:00-04:00,,SGW-LST-001164,true
SGW-ITM-001165,ShopGoodwill,GW-006,"Wool cardigan, size S",Apparel,For parts / repair,2026-08-09T09:00:00-04:00,2026-08-17T11:00:00-04:00,2026-08-20T17:00:00-04:00,,SGW-LST-001165,true
SGW-ITM-001166,ShopGoodwill,GW-001,Vintage Pyrex mixing bowl set,Collectibles,Used - Very Good,2026-07-17T09:00:00-04:00,2026-07-28T11:00:00-04:00,2026-08-20T17:00:00-04:00,,SGW-LST-001166,true
SGW-ITM-001167,ShopGoodwill,GW-001,Nintendo DS console with charger,Electronics,For parts / repair,2026-07-17T09:00:00-04:00,2026-07-18T11:00:00-04:00,2026-08-17T17:00:00-04:00,,SGW-LST-001167,true
SGW-ITM-001168,ShopGoodwill,GW-013,"Hiking backpack, 40L",Sporting Goods,Used - Good,2026-06-29T09:00:00-04:00,2026-07-13T11:00:00-04:00,2026-08-11T17:00:00-04:00,,SGW-LST-001168,true
SGW-ITM-001169,ShopGoodwill,GW-012,"Illustrated field guide, revised edition",Books,Used - Very Good,2026-07-17T09:00:00-04:00,2026-07-22T11:00:00-04:00,2026-08-09T17:00:00-04:00,,SGW-LST-001169,true
SGW-ITM-001170,ShopGoodwill,GW-016,"Leather tote bag, brown",Accessories,For parts / repair,2026-07-31T09:00:00-04:00,2026-08-13T11:00:00-04:00,2026-08-28T17:00:00-04:00,,SGW-LST-001170,true
SGW-ITM-001171,ShopGoodwill,GW-016,Sony stereo receiver — tested,Electronics,Used - Acceptable,2026-07-12T09:00:00-04:00,2026-07-15T11:00:00-04:00,2026-08-13T17:00:00-04:00,,SGW-LST-001171,true
SGW-ITM-001172,ShopGoodwill,GW-012,Fishing reel with spare spool,Sporting Goods,Used - Acceptable,2026-08-15T09:00:00-04:00,2026-08-17T11:00:00-04:00,2026-08-28T17:00:00-04:00,,SGW-LST-001172,true
SGW-ITM-001173,ShopGoodwill,GW-007,Sony stereo receiver — tested,Electronics,For parts / repair,2026-08-04T09:00:00-04:00,2026-08-06T11:00:00-04:00,2026-08-14T17:00:00-04:00,,SGW-LST-001173,true
SGW-ITM-001174,ShopGoodwill,GW-015,"Leather tote bag, brown",Accessories,Used - Good,2026-08-11T09:00:00-04:00,2026-08-22T11:00:00-04:00,2026-08-30T17:00:00-04:00,,SGW-LST-001174,true
SGW-ITM-001175,ShopGoodwill,GW-012,"Model train locomotive, boxed",Collectibles,For parts / repair,2026-07-17T09:00:00-04:00,2026-07-18T11:00:00-04:00,2026-08-05T17:00:00-04:00,,SGW-LST-001175,true
SGW-ITM-001176,ShopGoodwill,GW-016,"Leather tote bag, brown",Accessories,For parts / repair,2026-07-23T09:00:00-04:00,2026-08-03T11:00:00-04:00,2026-08-22T17:00:00-04:00,,SGW-LST-001176,true
SGW-ITM-001177,ShopGoodwill,GW-005,"Bose portable speaker, cosmetic wear",Electronics,Used - Good,2026-07-21T09:00:00-04:00,2026-07-27T11:00:00-04:00,2026-08-15T17:00:00-04:00,,SGW-LST-001177,true
SGW-ITM-001178,ShopGoodwill,GW-004,"Craftsman socket set, 32 pieces",Tools,Used - Good,2026-06-26T09:00:00-04:00,2026-06-28T11:00:00-04:00,2026-08-03T17:00:00-04:00,,SGW-LST-001178,true
SGW-ITM-001179,ShopGoodwill,GW-015,"Illustrated field guide, revised edition",Books,Used - Acceptable,2026-06-26T09:00:00-04:00,2026-07-01T11:00:00-04:00,2026-08-04T17:00:00-04:00,,SGW-LST-001179,true
SGW-ITM-001180,ShopGoodwill,GW-020,"Leather tote bag, brown",Accessories,Used - Good,2026-07-22T09:00:00-04:00,2026-07-26T11:00:00-04:00,2026-08-27T17:00:00-04:00,,SGW-LST-001180,true
SGW-ITM-001181,ShopGoodwill,GW-008,"Die-cast vehicle lot, assorted",Collectibles,Used - Good,2026-07-13T09:00:00-04:00,2026-07-18T11:00:00-04:00,2026-08-02T17:00:00-04:00,,SGW-LST-001181,true
SGW-ITM-001182,ShopGoodwill,GW-006,Signed studio pottery vase,Collectibles,Used - Very Good,2026-07-18T09:00:00-04:00,2026-07-19T11:00:00-04:00,2026-08-02T17:00:00-04:00,,SGW-LST-001182,true
SGW-ITM-001183,ShopGoodwill,GW-017,Engineering reference manual,Books,Used - Very Good,2026-07-06T09:00:00-04:00,2026-07-13T11:00:00-04:00,2026-08-11T17:00:00-04:00,,SGW-LST-001183,true
SGW-ITM-001184,ShopGoodwill,GW-004,"Vintage cassette deck, powers on",Electronics,Used - Very Good,2026-07-09T09:00:00-04:00,2026-07-13T11:00:00-04:00,2026-08-12T17:00:00-04:00,,SGW-LST-001184,true
SGW-ITM-001185,ShopGoodwill,GW-012,"Vintage cassette deck, powers on",Electronics,Used - Very Good,2026-06-28T09:00:00-04:00,2026-07-11T11:00:00-04:00,2026-08-16T17:00:00-04:00,,SGW-LST-001185,true
SGW-ITM-001186,ShopGoodwill,GW-015,Nintendo DS console with charger,Electronics,Used - Acceptable,2026-07-12T09:00:00-04:00,2026-07-15T11:00:00-04:00,2026-08-06T17:00:00-04:00,,SGW-LST-001186,true
SGW-ITM-001187,ShopGoodwill,GW-011,KitchenAid hand mixer with beaters,Home,Used - Very Good,2026-07-28T09:00:00-04:00,2026-08-09T11:00:00-04:00,2026-08-23T17:00:00-04:00,,SGW-LST-001187,true
SGW-ITM-001188,ShopGoodwill,GW-024,Vintage costume jewelry lot,Jewelry,Used - Very Good,2026-08-13T09:00:00-04:00,2026-08-22T11:00:00-04:00,2026-08-30T17:00:00-04:00,,SGW-LST-001188,true
SGW-ITM-001189,ShopGoodwill,GW-009,Vintage Stanley hand plane,Tools,Used - Acceptable,2026-08-02T09:00:00-04:00,2026-08-14T11:00:00-04:00,2026-08-17T17:00:00-04:00,,SGW-LST-001189,true
SGW-ITM-001190,ShopGoodwill,GW-007,Signed studio pottery vase,Collectibles,Used - Very Good,2026-07-15T09:00:00-04:00,2026-07-18T11:00:00-04:00,2026-08-04T17:00:00-04:00,,SGW-LST-001190,true
SGW-ITM-001191,ShopGoodwill,GW-018,Signed studio pottery vase,Collectibles,Used - Good,2026-08-12T09:00:00-04:00,2026-08-13T11:00:00-04:00,2026-08-16T17:00:00-04:00,,SGW-LST-001191,true
SGW-ITM-001192,ShopGoodwill,GW-001,Nintendo DS console with charger,Electronics,Used - Very Good,2026-07-11T09:00:00-04:00,2026-07-22T11:00:00-04:00,2026-08-20T17:00:00-04:00,,SGW-LST-001192,true
SGW-ITM-001193,ShopGoodwill,GW-003,Vintage Pyrex mixing bowl set,Collectibles,Used - Acceptable,2026-07-21T09:00:00-04:00,2026-07-25T11:00:00-04:00,2026-08-04T17:00:00-04:00,,SGW-LST-001193,true
SGW-ITM-001194,ShopGoodwill,GW-005,"Vintage cassette deck, powers on",Electronics,For parts / repair,2026-07-20T09:00:00-04:00,2026-07-24T11:00:00-04:00,2026-08-01T17:00:00-04:00,,SGW-LST-001194,true
SGW-ITM-001195,ShopGoodwill,GW-023,"Travel duffel, navy",Accessories,For parts / repair,2026-06-27T09:00:00-04:00,2026-07-08T11:00:00-04:00,2026-08-06T17:00:00-04:00,,SGW-LST-001195,true
SGW-ITM-001196,ShopGoodwill,GW-024,"Canon EF zoom lens, 75–300mm",Electronics,Used - Acceptable,2026-07-11T09:00:00-04:00,2026-07-15T11:00:00-04:00,2026-08-15T17:00:00-04:00,,SGW-LST-001196,true
SGW-ITM-001197,ShopGoodwill,GW-015,"Model train locomotive, boxed",Collectibles,Used - Very Good,2026-07-23T09:00:00-04:00,2026-07-24T11:00:00-04:00,2026-08-30T17:00:00-04:00,,SGW-LST-001197,true
SGW-ITM-001198,ShopGoodwill,GW-006,"Die-cast vehicle lot, assorted",Collectibles,Used - Good,2026-08-01T09:00:00-04:00,2026-08-13T11:00:00-04:00,2026-08-22T17:00:00-04:00,,SGW-LST-001198,true
SGW-ITM-001199,ShopGoodwill,GW-020,"Patagonia fleece jacket, size M",Apparel,Used - Very Good,2026-07-13T09:00:00-04:00,2026-07-21T11:00:00-04:00,2026-08-17T17:00:00-04:00,,SGW-LST-001199,true
SGW-ITM-001200,ShopGoodwill,GW-024,Vintage Pyrex mixing bowl set,Collectibles,For parts / repair,2026-07-31T09:00:00-04:00,2026-08-07T11:00:00-04:00,2026-08-31T17:00:00-04:00,2026-08-31T21:00:00-04:00,SGW-LST-001200,true
SGW-ITM-001201,ShopGoodwill,GW-017,Sony stereo receiver — tested,Electronics,For parts / repair,2026-07-17T09:00:00-04:00,2026-07-27T11:00:00-04:00,2026-08-29T17:00:00-04:00,,SGW-LST-001201,true
SGW-ITM-001202,ShopGoodwill,GW-020,"Die-cast vehicle lot, assorted",Collectibles,For parts / repair,2026-08-16T09:00:00-04:00,2026-08-27T11:00:00-04:00,2026-08-31T17:00:00-04:00,,SGW-LST-001202,true
SGW-ITM-001203,ShopGoodwill,GW-024,Signed studio pottery vase,Collectibles,Used - Very Good,2026-07-01T09:00:00-04:00,2026-07-11T11:00:00-04:00,2026-08-06T17:00:00-04:00,,SGW-LST-001203,true
SGW-ITM-001204,ShopGoodwill,GW-019,Vintage Stanley hand plane,Tools,Used - Very Good,2026-07-31T09:00:00-04:00,2026-08-03T11:00:00-04:00,2026-08-29T17:00:00-04:00,,SGW-LST-001204,true
SGW-ITM-001205,ShopGoodwill,GW-022,KitchenAid hand mixer with beaters,Home,Used - Acceptable,2026-08-11T09:00:00-04:00,2026-08-12T11:00:00-04:00,2026-08-21T17:00:00-04:00,,SGW-LST-001205,true
SGW-ITM-001206,ShopGoodwill,GW-001,Fishing reel with spare spool,Sporting Goods,Used - Very Good,2026-07-29T09:00:00-04:00,2026-08-08T11:00:00-04:00,2026-08-30T17:00:00-04:00,,SGW-LST-001206,true
SGW-ITM-001207,ShopGoodwill,GW-004,Nintendo DS console with charger,Electronics,Used - Acceptable,2026-07-30T09:00:00-04:00,2026-08-08T11:00:00-04:00,2026-08-24T17:00:00-04:00,,SGW-LST-001207,true
SGW-ITM-001208,ShopGoodwill,GW-013,"Illustrated field guide, revised edition",Books,Used - Good,2026-07-02T09:00:00-04:00,2026-07-14T11:00:00-04:00,2026-08-16T17:00:00-04:00,,SGW-LST-001208,true
SGW-ITM-001209,ShopGoodwill,GW-012,Sony stereo receiver — tested,Electronics,Used - Acceptable,2026-07-10T09:00:00-04:00,2026-07-18T11:00:00-04:00,2026-08-02T17:00:00-04:00,,SGW-LST-001209,true
SGW-ITM-001210,ShopGoodwill,GW-004,"Leather tote bag, brown",Accessories,For parts / repair,2026-06-24T09:00:00-04:00,2026-06-28T11:00:00-04:00,2026-08-01T17:00:00-04:00,,SGW-LST-001210,true
SGW-ITM-001211,ShopGoodwill,GW-015,"Die-cast vehicle lot, assorted",Collectibles,Used - Very Good,2026-07-25T09:00:00-04:00,2026-08-06T11:00:00-04:00,2026-08-28T17:00:00-04:00,,SGW-LST-001211,true
SGW-ITM-001212,ShopGoodwill,GW-016,KitchenAid hand mixer with beaters,Home,Used - Good,2026-07-17T09:00:00-04:00,2026-07-19T11:00:00-04:00,2026-08-22T17:00:00-04:00,,SGW-LST-001212,true
SGW-ITM-001213,ShopGoodwill,GW-004,Nintendo DS console with charger,Electronics,Used - Very Good,2026-07-13T09:00:00-04:00,2026-07-27T11:00:00-04:00,2026-08-10T17:00:00-04:00,,SGW-LST-001213,true
SGW-ITM-001214,ShopGoodwill,GW-018,"Model train locomotive, boxed",Collectibles,For parts / repair,2026-07-30T09:00:00-04:00,2026-08-01T11:00:00-04:00,2026-08-23T17:00:00-04:00,,SGW-LST-001214,true
SGW-ITM-001215,ShopGoodwill,GW-015,"Bose portable speaker, cosmetic wear",Electronics,Used - Very Good,2026-07-24T09:00:00-04:00,2026-08-05T11:00:00-04:00,2026-08-23T17:00:00-04:00,,SGW-LST-001215,true
SGW-ITM-001216,ShopGoodwill,GW-006,"Bose portable speaker, cosmetic wear",Electronics,Used - Good,2026-08-15T09:00:00-04:00,2026-08-17T11:00:00-04:00,2026-08-22T17:00:00-04:00,,SGW-LST-001216,true
SGW-ITM-001217,ShopGoodwill,GW-021,"Canon EF zoom lens, 75–300mm",Electronics,Used - Acceptable,2026-07-04T09:00:00-04:00,2026-07-15T11:00:00-04:00,2026-08-10T17:00:00-04:00,,SGW-LST-001217,true
SGW-ITM-001218,ShopGoodwill,GW-007,"Levi's denim jacket, size L",Apparel,Used - Very Good,2026-07-26T09:00:00-04:00,2026-07-27T11:00:00-04:00,2026-08-15T17:00:00-04:00,,SGW-LST-001218,true
SGW-ITM-001219,ShopGoodwill,GW-012,KitchenAid hand mixer with beaters,Home,Used - Very Good,2026-07-11T09:00:00-04:00,2026-07-25T11:00:00-04:00,2026-08-16T17:00:00-04:00,,SGW-LST-001219,true
SGW-ITM-001220,ShopGoodwill,GW-022,Nintendo DS console with charger,Electronics,Used - Very Good,2026-07-07T09:00:00-04:00,2026-07-08T11:00:00-04:00,2026-08-04T17:00:00-04:00,,SGW-LST-001220,true
SGW-ITM-001221,ShopGoodwill,GW-015,"Travel duffel, navy",Accessories,Used - Good,2026-07-30T09:00:00-04:00,2026-08-01T11:00:00-04:00,2026-08-28T17:00:00-04:00,,SGW-LST-001221,true
SGW-ITM-001222,ShopGoodwill,GW-001,"Bose portable speaker, cosmetic wear",Electronics,Used - Very Good,2026-08-21T09:00:00-04:00,2026-08-22T11:00:00-04:00,2026-08-29T17:00:00-04:00,,SGW-LST-001222,true
SGW-ITM-001223,ShopGoodwill,GW-006,"Gold-tone wristwatch, untested",Jewelry,Used - Very Good,2026-07-24T09:00:00-04:00,2026-07-29T11:00:00-04:00,2026-08-08T17:00:00-04:00,,SGW-LST-001223,true
SGW-ITM-001224,ShopGoodwill,GW-004,"Silk scarf, floral print",Accessories,Used - Good,2026-06-25T09:00:00-04:00,2026-07-09T11:00:00-04:00,2026-08-14T17:00:00-04:00,,SGW-LST-001224,true
SGW-ITM-001225,ShopGoodwill,GW-019,Vintage Pyrex mixing bowl set,Collectibles,Used - Very Good,2026-08-01T09:00:00-04:00,2026-08-09T11:00:00-04:00,2026-08-15T17:00:00-04:00,,SGW-LST-001225,true
SGW-ITM-001226,ShopGoodwill,GW-024,"Bose portable speaker, cosmetic wear",Electronics,Used - Good,2026-07-02T09:00:00-04:00,2026-07-11T11:00:00-04:00,2026-08-14T17:00:00-04:00,,SGW-LST-001226,true
SGW-ITM-001227,ShopGoodwill,GW-015,"Model train locomotive, boxed",Collectibles,For parts / repair,2026-07-10T09:00:00-04:00,2026-07-24T11:00:00-04:00,2026-08-10T17:00:00-04:00,,SGW-LST-001227,true
SGW-ITM-001228,ShopGoodwill,GW-008,Engineering reference manual,Books,Used - Acceptable,2026-07-11T09:00:00-04:00,2026-07-20T11:00:00-04:00,2026-08-08T17:00:00-04:00,,SGW-LST-001228,true
SGW-ITM-001229,ShopGoodwill,GW-006,"Estate postcard collection, 80 pieces",Collectibles,Used - Very Good,2026-07-08T09:00:00-04:00,2026-07-14T11:00:00-04:00,2026-08-20T17:00:00-04:00,,SGW-LST-001229,true
SGW-ITM-001230,ShopGoodwill,GW-010,Hardcover regional cookbook,Books,Used - Acceptable,2026-07-28T09:00:00-04:00,2026-07-30T11:00:00-04:00,2026-08-29T17:00:00-04:00,,SGW-LST-001230,true
SGW-ITM-001231,ShopGoodwill,GW-009,"Die-cast vehicle lot, assorted",Collectibles,Used - Very Good,2026-06-23T09:00:00-04:00,2026-06-30T11:00:00-04:00,2026-08-02T17:00:00-04:00,,SGW-LST-001231,true
SGW-ITM-001232,ShopGoodwill,GW-016,KitchenAid hand mixer with beaters,Home,Used - Very Good,2026-07-11T09:00:00-04:00,2026-07-17T11:00:00-04:00,2026-08-12T17:00:00-04:00,,SGW-LST-001232,true
SGW-ITM-001233,ShopGoodwill,GW-020,"Travel duffel, navy",Accessories,Used - Acceptable,2026-07-10T09:00:00-04:00,2026-07-15T11:00:00-04:00,2026-08-20T17:00:00-04:00,,SGW-LST-001233,true
SGW-ITM-001234,ShopGoodwill,GW-010,Signed studio pottery vase,Collectibles,For parts / repair,2026-08-13T09:00:00-04:00,2026-08-23T11:00:00-04:00,2026-08-27T17:00:00-04:00,,SGW-LST-001234,true
SGW-ITM-001235,ShopGoodwill,GW-004,"Leather tote bag, brown",Accessories,Used - Good,2026-07-25T09:00:00-04:00,2026-08-08T11:00:00-04:00,2026-08-23T17:00:00-04:00,,SGW-LST-001235,true
SGW-ITM-001236,ShopGoodwill,GW-021,"Brass table lamp, tested",Home,Used - Good,2026-07-21T09:00:00-04:00,2026-08-03T11:00:00-04:00,2026-08-31T17:00:00-04:00,,SGW-LST-001236,true
SGW-ITM-001237,ShopGoodwill,GW-016,"Estate postcard collection, 80 pieces",Collectibles,Used - Acceptable,2026-07-24T09:00:00-04:00,2026-07-27T11:00:00-04:00,2026-08-29T17:00:00-04:00,,SGW-LST-001237,true
SGW-ITM-001238,ShopGoodwill,GW-008,"Digital multimeter, tested",Tools,Used - Good,2026-08-10T09:00:00-04:00,2026-08-13T11:00:00-04:00,2026-08-15T17:00:00-04:00,,SGW-LST-001238,true
SGW-ITM-001239,ShopGoodwill,GW-003,"Silk scarf, floral print",Accessories,Used - Very Good,2026-07-10T09:00:00-04:00,2026-07-16T11:00:00-04:00,2026-08-17T17:00:00-04:00,,SGW-LST-001239,true
SGW-ITM-001240,ShopGoodwill,GW-016,Sony stereo receiver — tested,Electronics,Used - Acceptable,2026-06-30T09:00:00-04:00,2026-07-12T11:00:00-04:00,2026-08-02T17:00:00-04:00,,SGW-LST-001240,true
SGW-ITM-001241,ShopGoodwill,GW-021,"Illustrated field guide, revised edition",Books,Used - Very Good,2026-07-16T09:00:00-04:00,2026-07-26T11:00:00-04:00,2026-08-15T17:00:00-04:00,,SGW-LST-001241,true
SGW-ITM-001242,ShopGoodwill,GW-001,"Sterling ring, size 7",Jewelry,Used - Acceptable,2026-07-14T09:00:00-04:00,2026-07-15T11:00:00-04:00,2026-08-14T17:00:00-04:00,,SGW-LST-001242,true
SGW-ITM-001243,ShopGoodwill,GW-005,"Digital multimeter, tested",Tools,For parts / repair,2026-07-13T09:00:00-04:00,2026-07-26T11:00:00-04:00,2026-08-15T17:00:00-04:00,,SGW-LST-001243,true
SGW-ITM-001244,ShopGoodwill,GW-001,"Patagonia fleece jacket, size M",Apparel,Used - Acceptable,2026-06-27T09:00:00-04:00,2026-06-29T11:00:00-04:00,2026-08-02T17:00:00-04:00,,SGW-LST-001244,true
SGW-ITM-001245,ShopGoodwill,GW-008,"Estate postcard collection, 80 pieces",Collectibles,Used - Acceptable,2026-07-26T09:00:00-04:00,2026-07-27T11:00:00-04:00,2026-08-26T17:00:00-04:00,,SGW-LST-001245,true
SGW-ITM-001246,ShopGoodwill,GW-004,"Patagonia fleece jacket, size M",Apparel,Used - Very Good,2026-07-01T09:00:00-04:00,2026-07-14T11:00:00-04:00,2026-08-04T17:00:00-04:00,,SGW-LST-001246,true
SGW-ITM-001247,ShopGoodwill,GW-024,"Brass table lamp, tested",Home,Used - Good,2026-06-16T09:00:00-04:00,2026-06-28T11:00:00-04:00,2026-08-04T17:00:00-04:00,,SGW-LST-001247,true
SGW-ITM-001248,ShopGoodwill,GW-008,KitchenAid hand mixer with beaters,Home,Used - Acceptable,2026-08-12T09:00:00-04:00,2026-08-26T11:00:00-04:00,2026-08-31T17:00:00-04:00,,SGW-LST-001248,true
SGW-ITM-001249,ShopGoodwill,GW-001,"Vintage cassette deck, powers on",Electronics,Used - Good,2026-08-09T09:00:00-04:00,2026-08-10T11:00:00-04:00,2026-08-27T17:00:00-04:00,,SGW-LST-001249,true
SGW-ITM-001250,ShopGoodwill,GW-011,"Model train locomotive, boxed",Collectibles,Used - Very Good,2026-07-21T09:00:00-04:00,2026-07-22T11:00:00-04:00,2026-08-09T17:00:00-04:00,,SGW-LST-001250,true
SGW-ITM-001251,ShopGoodwill,GW-017,Vintage Pyrex mixing bowl set,Collectibles,Used - Good,2026-08-05T09:00:00-04:00,2026-08-14T11:00:00-04:00,2026-08-16T17:00:00-04:00,,SGW-LST-001251,true
SGW-ITM-001252,ShopGoodwill,GW-016,Tennis racquet pair with covers,Sporting Goods,For parts / repair,2026-08-07T09:00:00-04:00,2026-08-08T11:00:00-04:00,2026-08-18T17:00:00-04:00,,SGW-LST-001252,true
SGW-ITM-001253,ShopGoodwill,GW-021,"Bose portable speaker, cosmetic wear",Electronics,Used - Acceptable,2026-07-16T09:00:00-04:00,2026-07-27T11:00:00-04:00,2026-08-23T17:00:00-04:00,,SGW-LST-001253,true
SGW-ITM-001254,ShopGoodwill,GW-006,"Mystery paperback lot, 6 books",Books,Used - Good,2026-08-11T09:00:00-04:00,2026-08-14T11:00:00-04:00,2026-08-21T17:00:00-04:00,,SGW-LST-001254,true
SGW-ITM-001255,ShopGoodwill,GW-004,Sony stereo receiver — tested,Electronics,Used - Acceptable,2026-07-25T09:00:00-04:00,2026-08-08T11:00:00-04:00,2026-08-10T17:00:00-04:00,,SGW-LST-001255,true
SGW-ITM-001256,ShopGoodwill,GW-009,"Art history volume, dust jacket",Books,For parts / repair,2026-07-02T09:00:00-04:00,2026-07-13T11:00:00-04:00,2026-08-07T17:00:00-04:00,,SGW-LST-001256,true
SGW-ITM-001257,ShopGoodwill,GW-014,"Vintage cassette deck, powers on",Electronics,Used - Very Good,2026-07-29T09:00:00-04:00,2026-07-30T11:00:00-04:00,2026-08-02T17:00:00-04:00,,SGW-LST-001257,true
SGW-ITM-001258,ShopGoodwill,GW-024,"Bose portable speaker, cosmetic wear",Electronics,Used - Very Good,2026-07-18T09:00:00-04:00,2026-07-22T11:00:00-04:00,2026-08-02T17:00:00-04:00,,SGW-LST-001258,true
SGW-ITM-001259,ShopGoodwill,GW-007,Sony stereo receiver — tested,Electronics,Used - Very Good,2026-07-20T09:00:00-04:00,2026-08-02T11:00:00-04:00,2026-08-18T17:00:00-04:00,,SGW-LST-001259,true
SGW-ITM-001260,ShopGoodwill,GW-005,Hardcover regional cookbook,Books,Used - Very Good,2026-07-30T09:00:00-04:00,2026-08-03T11:00:00-04:00,2026-08-08T17:00:00-04:00,,SGW-LST-001260,true
SGW-ITM-001261,ShopGoodwill,GW-004,"Estate postcard collection, 80 pieces",Collectibles,Used - Very Good,2026-08-19T09:00:00-04:00,2026-08-26T11:00:00-04:00,2026-08-29T17:00:00-04:00,,SGW-LST-001261,true
SGW-ITM-001262,ShopGoodwill,GW-002,Vintage costume jewelry lot,Jewelry,For parts / repair,2026-07-12T09:00:00-04:00,2026-07-18T11:00:00-04:00,2026-08-17T17:00:00-04:00,,SGW-LST-001262,true
SGW-ITM-001263,ShopGoodwill,GW-014,"Hiking backpack, 40L",Sporting Goods,For parts / repair,2026-07-11T09:00:00-04:00,2026-07-18T11:00:00-04:00,2026-08-12T17:00:00-04:00,,SGW-LST-001263,true
SGW-ITM-001264,ShopGoodwill,GW-016,Engineering reference manual,Books,Used - Acceptable,2026-07-24T09:00:00-04:00,2026-08-03T11:00:00-04:00,2026-08-21T17:00:00-04:00,,SGW-LST-001264,true
SGW-ITM-001265,ShopGoodwill,GW-009,"Hiking backpack, 40L",Sporting Goods,Used - Good,2026-06-28T09:00:00-04:00,2026-07-06T11:00:00-04:00,2026-08-01T17:00:00-04:00,,SGW-LST-001265,true
SGW-ITM-001266,ShopGoodwill,,Hardcover regional cookbook,Books,For parts / repair,2026-07-27T09:00:00-04:00,2026-08-03T11:00:00-04:00,2026-08-30T17:00:00-04:00,,SGW-LST-001266,true
SGW-ITM-001267,ShopGoodwill,GW-002,"Brass table lamp, tested",Home,For parts / repair,2026-08-07T09:00:00-04:00,2026-08-12T11:00:00-04:00,2026-08-25T17:00:00-04:00,,SGW-LST-001267,true
SGW-ITM-001268,ShopGoodwill,GW-009,"Stoneware dinner service, 12 pieces",Home,For parts / repair,2026-07-13T09:00:00-04:00,2026-07-14T11:00:00-04:00,2026-08-05T17:00:00-04:00,,SGW-LST-001268,true
SGW-ITM-001269,ShopGoodwill,GW-017,"Wool cardigan, size S",Apparel,Used - Acceptable,2026-08-20T09:00:00-04:00,2026-08-24T11:00:00-04:00,2026-08-27T17:00:00-04:00,,SGW-LST-001269,true
SGW-ITM-001270,ShopGoodwill,GW-001,"Vintage cassette deck, powers on",Electronics,Used - Good,2026-07-01T09:00:00-04:00,2026-07-09T11:00:00-04:00,2026-08-12T17:00:00-04:00,,SGW-LST-001270,true
SGW-ITM-001271,ShopGoodwill,GW-009,"DeWalt cordless drill, tool only",Tools,Used - Good,2026-08-06T09:00:00-04:00,2026-08-09T11:00:00-04:00,2026-08-18T17:00:00-04:00,,SGW-LST-001271,true
SGW-ITM-001272,ShopGoodwill,GW-021,"Model train locomotive, boxed",Collectibles,Used - Very Good,2026-07-08T09:00:00-04:00,2026-07-13T11:00:00-04:00,2026-08-19T17:00:00-04:00,,SGW-LST-001272,true
SGW-ITM-001273,ShopGoodwill,GW-010,Vintage Stanley hand plane,Tools,Used - Acceptable,2026-07-11T09:00:00-04:00,2026-07-25T11:00:00-04:00,2026-08-31T17:00:00-04:00,,SGW-LST-001273,true
SGW-ITM-001274,ShopGoodwill,GW-023,"Vintage cassette deck, powers on",Electronics,For parts / repair,2026-07-02T09:00:00-04:00,2026-07-12T11:00:00-04:00,2026-08-13T17:00:00-04:00,,SGW-LST-001274,true
SGW-ITM-001275,ShopGoodwill,GW-016,"Art history volume, dust jacket",Books,Used - Acceptable,2026-07-21T09:00:00-04:00,2026-08-01T11:00:00-04:00,2026-08-17T17:00:00-04:00,,SGW-LST-001275,true
SGW-ITM-001276,ShopGoodwill,GW-012,"Brass table lamp, tested",Home,Used - Acceptable,2026-07-19T09:00:00-04:00,2026-07-24T11:00:00-04:00,2026-08-08T17:00:00-04:00,,SGW-LST-001276,true
SGW-ITM-001277,ShopGoodwill,GW-010,"Die-cast vehicle lot, assorted",Collectibles,Used - Very Good,2026-08-10T09:00:00-04:00,2026-08-17T11:00:00-04:00,2026-08-19T17:00:00-04:00,,SGW-LST-001277,true
SGW-ITM-001278,ShopGoodwill,GW-004,"Wool cardigan, size S",Apparel,Used - Good,2026-07-20T09:00:00-04:00,2026-08-01T11:00:00-04:00,2026-08-25T17:00:00-04:00,,SGW-LST-001278,true
SGW-ITM-001279,ShopGoodwill,GW-016,"Bose portable speaker, cosmetic wear",Electronics,Used - Acceptable,2026-07-13T09:00:00-04:00,2026-07-27T11:00:00-04:00,2026-08-18T17:00:00-04:00,,SGW-LST-001279,true
SGW-ITM-001280,ShopGoodwill,GW-008,"Estate postcard collection, 80 pieces",Collectibles,Used - Good,2026-08-19T09:00:00-04:00,2026-08-23T11:00:00-04:00,2026-08-27T17:00:00-04:00,,SGW-LST-001280,true
SGW-ITM-001281,ShopGoodwill,GW-006,"Digital multimeter, tested",Tools,Used - Very Good,2026-08-12T09:00:00-04:00,2026-08-20T11:00:00-04:00,2026-08-25T17:00:00-04:00,,SGW-LST-001281,true
SGW-ITM-001282,ShopGoodwill,GW-009,Fishing reel with spare spool,Sporting Goods,For parts / repair,2026-07-14T09:00:00-04:00,2026-07-21T11:00:00-04:00,2026-08-24T17:00:00-04:00,,SGW-LST-001282,true
SGW-ITM-001283,ShopGoodwill,GW-017,"Handwoven wool rug, 3 × 5 ft",Home,Used - Very Good,2026-07-10T09:00:00-04:00,2026-07-20T11:00:00-04:00,2026-08-18T17:00:00-04:00,,SGW-LST-001283,true
SGW-ITM-001284,ShopGoodwill,GW-002,"Brass table lamp, tested",Home,Used - Good,2026-07-06T09:00:00-04:00,2026-07-19T11:00:00-04:00,2026-08-02T17:00:00-04:00,,SGW-LST-001284,true
SGW-ITM-001285,ShopGoodwill,GW-022,"Vintage cassette deck, powers on",Electronics,Used - Very Good,2026-07-12T09:00:00-04:00,2026-07-24T11:00:00-04:00,2026-08-16T17:00:00-04:00,,SGW-LST-001285,true
SGW-ITM-001286,ShopGoodwill,GW-001,"Canon EF zoom lens, 75–300mm",Electronics,Used - Good,2026-07-08T09:00:00-04:00,2026-07-10T11:00:00-04:00,2026-08-05T17:00:00-04:00,,SGW-LST-001286,true
SGW-ITM-001287,ShopGoodwill,GW-003,"Bose portable speaker, cosmetic wear",Electronics,Used - Very Good,2026-07-28T09:00:00-04:00,2026-07-29T11:00:00-04:00,2026-08-09T17:00:00-04:00,,SGW-LST-001287,true
SGW-ITM-001288,ShopGoodwill,GW-019,"Vintage cassette deck, powers on",Electronics,Used - Acceptable,2026-07-22T09:00:00-04:00,2026-08-01T11:00:00-04:00,2026-08-24T17:00:00-04:00,,SGW-LST-001288,true
SGW-ITM-001289,ShopGoodwill,GW-005,"Art history volume, dust jacket",Books,For parts / repair,2026-06-28T09:00:00-04:00,2026-07-11T11:00:00-04:00,2026-08-01T17:00:00-04:00,,SGW-LST-001289,true
SGW-ITM-001290,ShopGoodwill,GW-005,KitchenAid hand mixer with beaters,Home,For parts / repair,2026-07-21T09:00:00-04:00,2026-07-29T11:00:00-04:00,2026-08-22T17:00:00-04:00,,SGW-LST-001290,true
SGW-ITM-001291,ShopGoodwill,GW-020,"Patagonia fleece jacket, size M",Apparel,For parts / repair,2026-07-10T09:00:00-04:00,2026-07-21T11:00:00-04:00,2026-08-19T17:00:00-04:00,,SGW-LST-001291,true
SGW-ITM-001292,ShopGoodwill,GW-016,"Digital multimeter, tested",Tools,Used - Very Good,2026-07-06T09:00:00-04:00,2026-07-12T11:00:00-04:00,2026-08-15T17:00:00-04:00,2026-08-20T21:00:00-04:00,SGW-LST-001292,true
SGW-ITM-001293,ShopGoodwill,GW-002,KitchenAid hand mixer with beaters,Home,Used - Acceptable,2026-07-07T09:00:00-04:00,2026-07-17T11:00:00-04:00,2026-08-15T17:00:00-04:00,,SGW-LST-001293,true
SGW-ITM-001294,ShopGoodwill,GW-004,"Mystery paperback lot, 6 books",Books,Used - Acceptable,2026-07-31T09:00:00-04:00,2026-08-01T11:00:00-04:00,2026-08-18T17:00:00-04:00,,SGW-LST-001294,true
SGW-ITM-001295,ShopGoodwill,GW-004,Vintage Pyrex mixing bowl set,Collectibles,For parts / repair,2026-07-29T09:00:00-04:00,2026-08-05T11:00:00-04:00,2026-08-10T17:00:00-04:00,,SGW-LST-001295,true
SGW-ITM-001296,ShopGoodwill,GW-012,"Handwoven wool rug, 3 × 5 ft",Home,For parts / repair,2026-07-26T09:00:00-04:00,2026-07-27T11:00:00-04:00,2026-08-14T17:00:00-04:00,,SGW-LST-001296,true
SGW-ITM-001297,ShopGoodwill,GW-008,"Art history volume, dust jacket",Books,For parts / repair,2026-07-31T09:00:00-04:00,2026-08-02T11:00:00-04:00,2026-08-27T17:00:00-04:00,,SGW-LST-001297,true
SGW-ITM-001298,ShopGoodwill,GW-008,Vintage Stanley hand plane,Tools,Used - Acceptable,2026-07-26T09:00:00-04:00,2026-08-04T11:00:00-04:00,2026-08-08T17:00:00-04:00,,SGW-LST-001298,true
SGW-ITM-001299,ShopGoodwill,GW-002,"Estate postcard collection, 80 pieces",Collectibles,Used - Acceptable,2026-06-20T09:00:00-04:00,2026-06-27T11:00:00-04:00,2026-08-04T17:00:00-04:00,,SGW-LST-001299,true
SGW-ITM-001300,ShopGoodwill,GW-012,Hardcover regional cookbook,Books,Used - Good,2026-07-07T09:00:00-04:00,2026-07-14T11:00:00-04:00,2026-08-05T17:00:00-04:00,,SGW-LST-001300,true
SGW-ITM-001301,ShopGoodwill,GW-007,"Leather tote bag, brown",Accessories,Used - Very Good,2026-07-15T09:00:00-04:00,2026-07-26T11:00:00-04:00,2026-08-16T17:00:00-04:00,,SGW-LST-001301,true
SGW-ITM-001302,ShopGoodwill,GW-008,Engineering reference manual,Books,Used - Very Good,2026-08-15T09:00:00-04:00,2026-08-29T11:00:00-04:00,2026-08-31T17:00:00-04:00,,SGW-LST-001302,true
SGW-ITM-001303,ShopGoodwill,GW-023,Sony stereo receiver — tested,Electronics,Used - Acceptable,2026-07-04T09:00:00-04:00,2026-07-12T11:00:00-04:00,2026-08-01T17:00:00-04:00,,SGW-LST-001303,true
SGW-ITM-001304,ShopGoodwill,GW-008,"Travel duffel, navy",Accessories,Used - Very Good,2026-07-24T09:00:00-04:00,2026-08-03T11:00:00-04:00,2026-08-14T17:00:00-04:00,,SGW-LST-001304,true
SGW-ITM-001305,ShopGoodwill,GW-020,Sony stereo receiver — tested,Electronics,For parts / repair,2026-07-22T09:00:00-04:00,2026-07-23T11:00:00-04:00,2026-08-21T17:00:00-04:00,,SGW-LST-001305,true
SGW-ITM-001306,ShopGoodwill,GW-001,"Vintage concert T-shirt, size XL",Apparel,Used - Very Good,2026-08-05T09:00:00-04:00,2026-08-18T11:00:00-04:00,2026-08-31T17:00:00-04:00,,SGW-LST-001306,true
SGW-ITM-001307,ShopGoodwill,GW-018,"Illustrated field guide, revised edition",Books,For parts / repair,2026-08-05T09:00:00-04:00,2026-08-19T11:00:00-04:00,2026-08-31T17:00:00-04:00,,SGW-LST-001307,true
SGW-ITM-001308,ShopGoodwill,GW-008,"Gold-tone wristwatch, untested",Jewelry,Used - Very Good,2026-07-27T09:00:00-04:00,2026-07-29T11:00:00-04:00,2026-08-21T17:00:00-04:00,,SGW-LST-001308,true
SGW-ITM-001309,ShopGoodwill,GW-001,"Vintage cassette deck, powers on",Electronics,For parts / repair,2026-07-04T09:00:00-04:00,2026-07-07T11:00:00-04:00,2026-08-08T17:00:00-04:00,,SGW-LST-001309,true
SGW-ITM-001310,ShopGoodwill,GW-020,"Vintage concert T-shirt, size XL",Apparel,Used - Good,2026-07-15T09:00:00-04:00,2026-07-21T11:00:00-04:00,2026-08-21T17:00:00-04:00,,SGW-LST-001310,true
SGW-ITM-001311,ShopGoodwill,GW-006,Nintendo DS console with charger,Electronics,For parts / repair,2026-07-19T09:00:00-04:00,2026-07-30T11:00:00-04:00,2026-08-26T17:00:00-04:00,,SGW-LST-001311,true
SGW-ITM-001312,ShopGoodwill,GW-004,"Estate postcard collection, 80 pieces",Collectibles,Used - Acceptable,2026-07-15T09:00:00-04:00,2026-07-26T11:00:00-04:00,2026-08-14T17:00:00-04:00,,SGW-LST-001312,true
SGW-ITM-001313,ShopGoodwill,GW-024,"Brass table lamp, tested",Home,Used - Acceptable,2026-07-31T09:00:00-04:00,2026-08-12T11:00:00-04:00,2026-08-22T17:00:00-04:00,,SGW-LST-001313,true
SGW-ITM-001314,ShopGoodwill,GW-018,"Mystery paperback lot, 6 books",Books,Used - Very Good,2026-08-13T09:00:00-04:00,2026-08-19T11:00:00-04:00,2026-08-22T17:00:00-04:00,,SGW-LST-001314,true
SGW-ITM-001315,ShopGoodwill,GW-019,"DeWalt cordless drill, tool only",Tools,Used - Very Good,2026-08-12T09:00:00-04:00,2026-08-18T11:00:00-04:00,2026-08-28T17:00:00-04:00,2026-08-30T21:00:00-04:00,SGW-LST-001315,true
SGW-ITM-001316,ShopGoodwill,GW-008,"Illustrated field guide, revised edition",Books,Used - Very Good,2026-08-11T09:00:00-04:00,2026-08-23T11:00:00-04:00,2026-08-26T17:00:00-04:00,,SGW-LST-001316,true
SGW-ITM-001317,ShopGoodwill,GW-024,Sony stereo receiver — tested,Electronics,Used - Acceptable,2026-08-06T09:00:00-04:00,2026-08-09T11:00:00-04:00,2026-08-26T17:00:00-04:00,,SGW-LST-001317,true
SGW-ITM-001318,ShopGoodwill,GW-011,"Vintage cassette deck, powers on",Electronics,For parts / repair,2026-08-17T09:00:00-04:00,2026-08-18T11:00:00-04:00,2026-08-29T17:00:00-04:00,2026-08-30T21:00:00-04:00,SGW-LST-001318,true
SGW-ITM-001319,ShopGoodwill,GW-002,Vintage Stanley hand plane,Tools,Used - Acceptable,2026-07-09T09:00:00-04:00,2026-07-11T11:00:00-04:00,2026-08-15T17:00:00-04:00,,SGW-LST-001319,true
SGW-ITM-001320,ShopGoodwill,GW-020,"Vintage concert T-shirt, size XL",Apparel,For parts / repair,2026-06-24T09:00:00-04:00,2026-07-08T11:00:00-04:00,2026-08-14T17:00:00-04:00,,SGW-LST-001320,true
SGW-ITM-001321,ShopGoodwill,GW-019,"Brass table lamp, tested",Home,Used - Very Good,2026-07-21T09:00:00-04:00,2026-07-22T11:00:00-04:00,2026-08-14T17:00:00-04:00,,SGW-LST-001321,true
SGW-ITM-001322,ShopGoodwill,GW-008,"Digital multimeter, tested",Tools,Used - Acceptable,2026-07-16T09:00:00-04:00,2026-07-22T11:00:00-04:00,2026-08-10T17:00:00-04:00,,SGW-LST-001322,true
SGW-ITM-001323,ShopGoodwill,GW-024,"Vintage cassette deck, powers on",Electronics,Used - Acceptable,2026-07-20T09:00:00-04:00,2026-08-03T11:00:00-04:00,2026-08-20T17:00:00-04:00,,SGW-LST-001323,true
SGW-ITM-001324,ShopGoodwill,GW-010,"Sterling ring, size 7",Jewelry,Used - Acceptable,2026-06-27T09:00:00-04:00,2026-07-10T11:00:00-04:00,2026-08-10T17:00:00-04:00,,SGW-LST-001324,true
SGW-ITM-001325,ShopGoodwill,GW-016,"Vintage concert T-shirt, size XL",Apparel,Used - Very Good,2026-06-18T09:00:00-04:00,2026-07-02T11:00:00-04:00,2026-08-08T17:00:00-04:00,,SGW-LST-001325,true
SGW-ITM-001326,ShopGoodwill,GW-001,"Canon EF zoom lens, 75–300mm",Electronics,Used - Good,2026-07-26T09:00:00-04:00,2026-07-29T11:00:00-04:00,2026-08-07T17:00:00-04:00,,SGW-LST-001326,true
SGW-ITM-001327,ShopGoodwill,GW-012,Sony stereo receiver — tested,Electronics,For parts / repair,2026-06-29T09:00:00-04:00,2026-07-01T11:00:00-04:00,2026-08-05T17:00:00-04:00,,SGW-LST-001327,true
SGW-ITM-001328,ShopGoodwill,GW-018,"Bose portable speaker, cosmetic wear",Electronics,Used - Good,2026-07-26T09:00:00-04:00,2026-08-07T11:00:00-04:00,2026-08-15T17:00:00-04:00,,SGW-LST-001328,true
SGW-ITM-001329,ShopGoodwill,GW-005,"Bose portable speaker, cosmetic wear",Electronics,Used - Very Good,2026-08-01T09:00:00-04:00,2026-08-07T11:00:00-04:00,2026-08-14T17:00:00-04:00,,SGW-LST-001329,true
SGW-ITM-001330,ShopGoodwill,GW-015,"Hiking backpack, 40L",Sporting Goods,Used - Acceptable,2026-06-29T09:00:00-04:00,2026-07-11T11:00:00-04:00,2026-08-08T17:00:00-04:00,,SGW-LST-001330,true
SGW-ITM-001331,ShopGoodwill,GW-009,"Brass table lamp, tested",Home,Used - Very Good,2026-08-02T09:00:00-04:00,2026-08-12T11:00:00-04:00,2026-08-29T17:00:00-04:00,,SGW-LST-001331,true
SGW-ITM-001332,ShopGoodwill,GW-012,"Illustrated field guide, revised edition",Books,Used - Acceptable,2026-07-12T09:00:00-04:00,2026-07-19T11:00:00-04:00,2026-08-09T17:00:00-04:00,,SGW-LST-001332,true
SGW-ITM-001333,ShopGoodwill,GW-017,"Bose portable speaker, cosmetic wear",Electronics,Used - Very Good,2026-06-25T09:00:00-04:00,2026-07-08T11:00:00-04:00,2026-08-15T17:00:00-04:00,,SGW-LST-001333,true
SGW-ITM-001334,ShopGoodwill,GW-001,Vintage Pyrex mixing bowl set,Collectibles,Used - Very Good,2026-07-03T09:00:00-04:00,2026-07-14T11:00:00-04:00,2026-08-11T17:00:00-04:00,,SGW-LST-001334,true
SGW-ITM-001335,ShopGoodwill,GW-018,"Digital multimeter, tested",Tools,Used - Acceptable,2026-08-11T09:00:00-04:00,2026-08-13T11:00:00-04:00,2026-08-25T17:00:00-04:00,,SGW-LST-001335,true
SGW-ITM-001336,ShopGoodwill,GW-006,KitchenAid hand mixer with beaters,Home,Used - Good,2026-06-29T09:00:00-04:00,2026-07-13T11:00:00-04:00,2026-08-11T17:00:00-04:00,,SGW-LST-001336,true
SGW-ITM-001337,ShopGoodwill,GW-024,"Canon EF zoom lens, 75–300mm",Electronics,Used - Acceptable,2026-06-26T09:00:00-04:00,2026-07-07T11:00:00-04:00,2026-08-06T17:00:00-04:00,,SGW-LST-001337,true
SGW-ITM-001338,ShopGoodwill,GW-015,"Stoneware dinner service, 12 pieces",Home,Used - Very Good,2026-07-11T09:00:00-04:00,2026-07-12T11:00:00-04:00,2026-08-18T17:00:00-04:00,,SGW-LST-001338,true
SGW-ITM-001339,ShopGoodwill,GW-020,Signed studio pottery vase,Collectibles,For parts / repair,2026-07-04T09:00:00-04:00,2026-07-11T11:00:00-04:00,2026-08-11T17:00:00-04:00,,SGW-LST-001339,true
SGW-ITM-001340,ShopGoodwill,GW-018,"Model train locomotive, boxed",Collectibles,Used - Very Good,2026-06-17T09:00:00-04:00,2026-06-29T11:00:00-04:00,2026-08-05T17:00:00-04:00,,SGW-LST-001340,true
SGW-ITM-001341,ShopGoodwill,GW-009,"Model train locomotive, boxed",Collectibles,Used - Very Good,2026-07-23T09:00:00-04:00,2026-08-01T11:00:00-04:00,2026-08-24T17:00:00-04:00,,SGW-LST-001341,true
SGW-ITM-001342,ShopGoodwill,GW-004,Nintendo DS console with charger,Electronics,Used - Acceptable,2026-07-18T09:00:00-04:00,2026-07-23T11:00:00-04:00,2026-08-13T17:00:00-04:00,,SGW-LST-001342,true
SGW-ITM-001343,ShopGoodwill,GW-001,Sony stereo receiver — tested,Electronics,For parts / repair,2026-08-16T09:00:00-04:00,2026-08-17T11:00:00-04:00,2026-08-25T17:00:00-04:00,,SGW-LST-001343,true
SGW-ITM-001344,ShopGoodwill,GW-006,Sony stereo receiver — tested,Electronics,Used - Good,2026-07-28T09:00:00-04:00,2026-08-03T11:00:00-04:00,2026-08-08T17:00:00-04:00,,SGW-LST-001344,true
SGW-ITM-001345,ShopGoodwill,GW-011,"Levi's denim jacket, size L",Apparel,Used - Very Good,2026-07-20T09:00:00-04:00,2026-07-26T11:00:00-04:00,2026-08-13T17:00:00-04:00,,SGW-LST-001345,true
SGW-ITM-001346,ShopGoodwill,GW-018,"Levi's denim jacket, size L",Apparel,Used - Very Good,2026-08-17T09:00:00-04:00,2026-08-29T11:00:00-04:00,2026-08-31T17:00:00-04:00,,SGW-LST-001346,true
SGW-ITM-001347,ShopGoodwill,GW-005,"Sterling silver necklace, 18 inch",Jewelry,Used - Good,2026-07-10T09:00:00-04:00,2026-07-17T11:00:00-04:00,2026-08-11T17:00:00-04:00,,SGW-LST-001347,true
SGW-ITM-001348,ShopGoodwill,GW-022,KitchenAid hand mixer with beaters,Home,Used - Acceptable,2026-08-03T09:00:00-04:00,2026-08-11T11:00:00-04:00,2026-08-19T17:00:00-04:00,,SGW-LST-001348,true
SGW-ITM-001349,ShopGoodwill,GW-010,"Estate postcard collection, 80 pieces",Collectibles,Used - Good,2026-07-16T09:00:00-04:00,2026-07-18T11:00:00-04:00,2026-08-09T17:00:00-04:00,,SGW-LST-001349,true
SGW-ITM-001350,ShopGoodwill,GW-004,"Digital multimeter, tested",Tools,Used - Acceptable,2026-06-29T09:00:00-04:00,2026-07-07T11:00:00-04:00,2026-08-11T17:00:00-04:00,,SGW-LST-001350,true
SGW-ITM-001351,ShopGoodwill,GW-007,KitchenAid hand mixer with beaters,Home,For parts / repair,2026-07-23T09:00:00-04:00,2026-07-25T11:00:00-04:00,2026-08-23T17:00:00-04:00,,SGW-LST-001351,true
SGW-ITM-001352,ShopGoodwill,GW-018,"Model train locomotive, boxed",Collectibles,Used - Very Good,2026-07-21T09:00:00-04:00,2026-07-29T11:00:00-04:00,2026-08-20T17:00:00-04:00,,SGW-LST-001352,true
SGW-ITM-001353,ShopGoodwill,GW-006,Vintage costume jewelry lot,Jewelry,Used - Acceptable,2026-08-08T09:00:00-04:00,2026-08-10T11:00:00-04:00,2026-08-13T17:00:00-04:00,,SGW-LST-001353,true
SGW-ITM-001354,ShopGoodwill,GW-023,"Vintage concert T-shirt, size XL",Apparel,Used - Acceptable,2026-07-24T09:00:00-04:00,2026-08-03T11:00:00-04:00,2026-08-22T17:00:00-04:00,,SGW-LST-001354,true
SGW-ITM-001355,ShopGoodwill,GW-001,"Bose portable speaker, cosmetic wear",Electronics,Used - Very Good,2026-07-12T09:00:00-04:00,2026-07-14T11:00:00-04:00,2026-08-16T17:00:00-04:00,,SGW-LST-001355,true
SGW-ITM-001356,ShopGoodwill,GW-010,Sony stereo receiver — tested,Electronics,Used - Good,2026-08-02T09:00:00-04:00,2026-08-06T11:00:00-04:00,2026-08-27T17:00:00-04:00,,SGW-LST-001356,true
SGW-ITM-001357,ShopGoodwill,GW-011,"Canon EF zoom lens, 75–300mm",Electronics,For parts / repair,2026-07-16T09:00:00-04:00,2026-07-23T11:00:00-04:00,2026-08-20T17:00:00-04:00,,SGW-LST-001357,true
SGW-ITM-001358,ShopGoodwill,GW-002,"Handwoven wool rug, 3 × 5 ft",Home,Used - Acceptable,2026-07-25T09:00:00-04:00,2026-08-07T11:00:00-04:00,2026-08-13T17:00:00-04:00,,SGW-LST-001358,true
SGW-ITM-001359,ShopGoodwill,GW-010,Vintage Stanley hand plane,Tools,Used - Good,2026-08-03T09:00:00-04:00,2026-08-09T11:00:00-04:00,2026-08-17T17:00:00-04:00,,SGW-LST-001359,true
SGW-ITM-001360,ShopGoodwill,GW-004,"Sterling silver necklace, 18 inch",Jewelry,Used - Very Good,2026-06-22T09:00:00-04:00,2026-07-03T11:00:00-04:00,2026-08-03T17:00:00-04:00,,SGW-LST-001360,true
SGW-ITM-001361,ShopGoodwill,GW-020,"Mystery paperback lot, 6 books",Books,For parts / repair,2026-08-07T09:00:00-04:00,2026-08-10T11:00:00-04:00,2026-08-28T17:00:00-04:00,,SGW-LST-001361,true
SGW-ITM-001362,ShopGoodwill,GW-011,"Canon EF zoom lens, 75–300mm",Electronics,For parts / repair,2026-07-11T09:00:00-04:00,2026-07-13T11:00:00-04:00,2026-08-17T17:00:00-04:00,,SGW-LST-001362,true
SGW-ITM-001363,ShopGoodwill,GW-018,"Art history volume, dust jacket",Books,Used - Good,2026-07-16T09:00:00-04:00,2026-07-17T11:00:00-04:00,2026-08-13T17:00:00-04:00,,SGW-LST-001363,true
SGW-ITM-001364,ShopGoodwill,GW-011,"Levi's denim jacket, size L",Apparel,For parts / repair,2026-07-19T09:00:00-04:00,2026-07-24T11:00:00-04:00,2026-08-07T17:00:00-04:00,,SGW-LST-001364,true
SGW-ITM-001365,ShopGoodwill,GW-013,"Model train locomotive, boxed",Collectibles,Used - Good,2026-07-17T09:00:00-04:00,2026-07-20T11:00:00-04:00,2026-08-03T17:00:00-04:00,,SGW-LST-001365,true
SGW-ITM-001366,ShopGoodwill,GW-007,"Mystery paperback lot, 6 books",Books,For parts / repair,2026-07-24T09:00:00-04:00,2026-08-02T11:00:00-04:00,2026-08-19T17:00:00-04:00,,SGW-LST-001366,true
SGW-ITM-001367,ShopGoodwill,GW-004,"Canon EF zoom lens, 75–300mm",Electronics,Used - Good,2026-07-09T09:00:00-04:00,2026-07-19T11:00:00-04:00,2026-08-04T17:00:00-04:00,,SGW-LST-001367,true
SGW-ITM-001368,ShopGoodwill,GW-012,Vintage Pyrex mixing bowl set,Collectibles,Used - Acceptable,2026-08-03T09:00:00-04:00,2026-08-13T11:00:00-04:00,2026-08-29T17:00:00-04:00,,SGW-LST-001368,true
SGW-ITM-001369,ShopGoodwill,GW-011,"Stoneware dinner service, 12 pieces",Home,Used - Acceptable,2026-07-26T09:00:00-04:00,2026-07-29T11:00:00-04:00,2026-08-13T17:00:00-04:00,,SGW-LST-001369,true
SGW-ITM-001370,ShopGoodwill,GW-004,"Canon EF zoom lens, 75–300mm",Electronics,Used - Good,2026-06-28T09:00:00-04:00,2026-07-11T11:00:00-04:00,2026-08-09T17:00:00-04:00,,SGW-LST-001370,true
SGW-ITM-001371,ShopGoodwill,GW-001,"Stoneware dinner service, 12 pieces",Home,Used - Good,2026-08-09T09:00:00-04:00,2026-08-20T11:00:00-04:00,2026-08-23T17:00:00-04:00,,SGW-LST-001371,true
SGW-ITM-001372,ShopGoodwill,GW-012,"Gold-tone wristwatch, untested",Jewelry,Used - Very Good,2026-07-13T09:00:00-04:00,2026-07-19T11:00:00-04:00,2026-08-20T17:00:00-04:00,,SGW-LST-001372,true
SGW-ITM-001373,ShopGoodwill,GW-024,"Die-cast vehicle lot, assorted",Collectibles,For parts / repair,2026-06-30T09:00:00-04:00,2026-07-06T11:00:00-04:00,2026-08-03T17:00:00-04:00,,SGW-LST-001373,true
SGW-ITM-001374,ShopGoodwill,GW-022,"Handwoven wool rug, 3 × 5 ft",Home,Used - Very Good,2026-07-12T09:00:00-04:00,2026-07-13T11:00:00-04:00,2026-08-04T17:00:00-04:00,,SGW-LST-001374,true
SGW-ITM-001375,ShopGoodwill,GW-009,"Golf iron set, right handed",Sporting Goods,Used - Very Good,2026-07-28T09:00:00-04:00,2026-08-08T11:00:00-04:00,2026-08-18T17:00:00-04:00,,SGW-LST-001375,true
SGW-ITM-001376,ShopGoodwill,GW-005,"Canon EF zoom lens, 75–300mm",Electronics,Used - Acceptable,2026-07-26T09:00:00-04:00,2026-08-02T11:00:00-04:00,2026-08-08T17:00:00-04:00,,SGW-LST-001376,true
SGW-ITM-001377,ShopGoodwill,GW-017,"Handwoven wool rug, 3 × 5 ft",Home,Used - Very Good,2026-07-15T09:00:00-04:00,2026-07-21T11:00:00-04:00,2026-08-03T17:00:00-04:00,,SGW-LST-001377,true
SGW-ITM-001378,ShopGoodwill,GW-017,"Die-cast vehicle lot, assorted",Collectibles,Used - Good,2026-07-09T09:00:00-04:00,2026-07-22T11:00:00-04:00,2026-08-10T17:00:00-04:00,,SGW-LST-001378,true
SGW-ITM-001379,ShopGoodwill,GW-021,"Art history volume, dust jacket",Books,Used - Good,2026-07-28T09:00:00-04:00,2026-07-31T11:00:00-04:00,2026-08-20T17:00:00-04:00,,SGW-LST-001379,true
SGW-ITM-001380,ShopGoodwill,GW-016,Sony stereo receiver — tested,Electronics,Used - Very Good,2026-07-04T09:00:00-04:00,2026-07-16T11:00:00-04:00,2026-08-19T17:00:00-04:00,,SGW-LST-001380,true
SGW-ITM-001381,ShopGoodwill,GW-004,Vintage costume jewelry lot,Jewelry,Used - Good,2026-07-11T09:00:00-04:00,2026-07-12T11:00:00-04:00,2026-08-09T17:00:00-04:00,,SGW-LST-001381,true
SGW-ITM-001382,ShopGoodwill,GW-004,"Craftsman socket set, 32 pieces",Tools,Used - Good,2026-07-14T09:00:00-04:00,2026-07-17T11:00:00-04:00,2026-08-21T17:00:00-04:00,,SGW-LST-001382,true
SGW-ITM-001383,ShopGoodwill,GW-012,Fishing reel with spare spool,Sporting Goods,For parts / repair,2026-08-20T09:00:00-04:00,2026-08-23T11:00:00-04:00,2026-08-28T17:00:00-04:00,,SGW-LST-001383,true
SGW-ITM-001384,ShopGoodwill,GW-002,"Estate postcard collection, 80 pieces",Collectibles,Used - Good,2026-06-17T09:00:00-04:00,2026-07-01T11:00:00-04:00,2026-08-05T17:00:00-04:00,,SGW-LST-001384,true
SGW-ITM-001385,ShopGoodwill,GW-008,"Patagonia fleece jacket, size M",Apparel,Used - Good,2026-07-25T09:00:00-04:00,2026-08-01T11:00:00-04:00,2026-08-22T17:00:00-04:00,,SGW-LST-001385,true
SGW-ITM-001386,ShopGoodwill,GW-009,Vintage Pyrex mixing bowl set,Collectibles,Used - Acceptable,2026-06-23T09:00:00-04:00,2026-06-29T11:00:00-04:00,2026-08-03T17:00:00-04:00,,SGW-LST-001386,true
SGW-ITM-001387,ShopGoodwill,GW-018,"Canon EF zoom lens, 75–300mm",Electronics,Used - Good,2026-08-02T09:00:00-04:00,2026-08-09T11:00:00-04:00,2026-08-29T17:00:00-04:00,,SGW-LST-001387,true
SGW-ITM-001388,ShopGoodwill,GW-012,Nintendo DS console with charger,Electronics,For parts / repair,2026-07-24T09:00:00-04:00,2026-07-25T11:00:00-04:00,2026-08-01T17:00:00-04:00,,SGW-LST-001388,true
SGW-ITM-001389,ShopGoodwill,GW-020,"Gold-tone wristwatch, untested",Jewelry,Used - Very Good,2026-06-22T09:00:00-04:00,2026-06-25T11:00:00-04:00,2026-08-02T17:00:00-04:00,,SGW-LST-001389,true
SGW-ITM-001390,ShopGoodwill,GW-001,Sony stereo receiver — tested,Electronics,Used - Acceptable,2026-08-03T09:00:00-04:00,2026-08-04T11:00:00-04:00,2026-08-23T17:00:00-04:00,,SGW-LST-001390,true
SGW-ITM-001391,ShopGoodwill,GW-016,KitchenAid hand mixer with beaters,Home,For parts / repair,2026-06-26T09:00:00-04:00,2026-07-05T11:00:00-04:00,2026-08-08T17:00:00-04:00,,SGW-LST-001391,true
SGW-ITM-001392,ShopGoodwill,GW-002,Vintage Stanley hand plane,Tools,Used - Good,2026-07-11T09:00:00-04:00,2026-07-16T11:00:00-04:00,2026-08-21T17:00:00-04:00,,SGW-LST-001392,true
SGW-ITM-001393,ShopGoodwill,GW-004,KitchenAid hand mixer with beaters,Home,Used - Good,2026-07-05T09:00:00-04:00,2026-07-07T11:00:00-04:00,2026-08-12T17:00:00-04:00,,SGW-LST-001393,true
SGW-ITM-001394,ShopGoodwill,GW-010,"Model train locomotive, boxed",Collectibles,For parts / repair,2026-06-21T09:00:00-04:00,2026-07-05T11:00:00-04:00,2026-08-08T17:00:00-04:00,,SGW-LST-001394,true
SGW-ITM-001395,ShopGoodwill,GW-024,"Bose portable speaker, cosmetic wear",Electronics,Used - Very Good,2026-08-02T09:00:00-04:00,2026-08-07T11:00:00-04:00,2026-08-14T17:00:00-04:00,,SGW-LST-001395,true
SGW-ITM-001396,ShopGoodwill,GW-003,"Patagonia fleece jacket, size M",Apparel,Used - Very Good,2026-08-13T09:00:00-04:00,2026-08-20T11:00:00-04:00,2026-08-26T17:00:00-04:00,,SGW-LST-001396,true
SGW-ITM-001397,ShopGoodwill,GW-020,Nintendo DS console with charger,Electronics,Used - Very Good,2026-07-16T09:00:00-04:00,2026-07-21T11:00:00-04:00,2026-08-24T17:00:00-04:00,,SGW-LST-001397,true
SGW-ITM-001398,ShopGoodwill,GW-007,"Patagonia fleece jacket, size M",Apparel,Used - Very Good,2026-07-11T09:00:00-04:00,2026-07-12T11:00:00-04:00,2026-08-03T17:00:00-04:00,,SGW-LST-001398,true
SGW-ITM-001399,ShopGoodwill,GW-017,"Sterling ring, size 7",Jewelry,Used - Good,2026-07-11T09:00:00-04:00,2026-07-24T11:00:00-04:00,2026-08-21T17:00:00-04:00,,SGW-LST-001399,true
SGW-ITM-001400,ShopGoodwill,GW-009,"Model train locomotive, boxed",Collectibles,Used - Good,2026-07-13T09:00:00-04:00,2026-07-23T11:00:00-04:00,2026-08-13T17:00:00-04:00,,SGW-LST-001400,true
SGW-ITM-001401,ShopGoodwill,GW-001,"Bose portable speaker, cosmetic wear",Electronics,Used - Very Good,2026-06-26T09:00:00-04:00,2026-07-03T11:00:00-04:00,2026-08-07T17:00:00-04:00,,SGW-LST-001401,true
SGW-ITM-001402,ShopGoodwill,GW-004,"Handwoven wool rug, 3 × 5 ft",Home,Used - Very Good,2026-07-05T09:00:00-04:00,2026-07-11T11:00:00-04:00,2026-08-16T17:00:00-04:00,,SGW-LST-001402,true
SGW-ITM-001403,ShopGoodwill,GW-009,"Brass table lamp, tested",Home,For parts / repair,2026-07-14T09:00:00-04:00,2026-07-28T11:00:00-04:00,2026-08-01T17:00:00-04:00,,SGW-LST-001403,true
SGW-ITM-001404,ShopGoodwill,GW-020,"Levi's denim jacket, size L",Apparel,For parts / repair,2026-07-10T09:00:00-04:00,2026-07-20T11:00:00-04:00,2026-08-11T17:00:00-04:00,,SGW-LST-001404,true
SGW-ITM-001405,ShopGoodwill,GW-005,"Bose portable speaker, cosmetic wear",Electronics,Used - Good,2026-06-29T09:00:00-04:00,2026-07-03T11:00:00-04:00,2026-08-09T17:00:00-04:00,,SGW-LST-001405,true
SGW-ITM-001406,ShopGoodwill,GW-024,"Wool cardigan, size S",Apparel,Used - Very Good,2026-06-30T09:00:00-04:00,2026-07-06T11:00:00-04:00,2026-08-10T17:00:00-04:00,,SGW-LST-001406,true
SGW-ITM-001407,ShopGoodwill,GW-001,Fishing reel with spare spool,Sporting Goods,Used - Very Good,2026-07-11T09:00:00-04:00,2026-07-20T11:00:00-04:00,2026-08-09T17:00:00-04:00,,SGW-LST-001407,true
SGW-ITM-001408,ShopGoodwill,GW-021,Signed studio pottery vase,Collectibles,Used - Very Good,2026-07-21T09:00:00-04:00,2026-07-25T11:00:00-04:00,2026-08-19T17:00:00-04:00,,SGW-LST-001408,true
SGW-ITM-001409,ShopGoodwill,GW-023,Nintendo DS console with charger,Electronics,Used - Acceptable,2026-08-01T09:00:00-04:00,2026-08-04T11:00:00-04:00,2026-08-30T17:00:00-04:00,,SGW-LST-001409,true
SGW-ITM-001410,ShopGoodwill,GW-008,Vintage Pyrex mixing bowl set,Collectibles,Used - Acceptable,2026-08-01T09:00:00-04:00,2026-08-04T11:00:00-04:00,2026-08-14T17:00:00-04:00,,SGW-LST-001410,true
SGW-ITM-001411,ShopGoodwill,GW-016,Fishing reel with spare spool,Sporting Goods,Used - Acceptable,2026-08-10T09:00:00-04:00,2026-08-12T11:00:00-04:00,2026-08-14T17:00:00-04:00,,SGW-LST-001411,true
SGW-ITM-001412,ShopGoodwill,GW-017,"Die-cast vehicle lot, assorted",Collectibles,Used - Very Good,2026-07-03T09:00:00-04:00,2026-07-15T11:00:00-04:00,2026-08-11T17:00:00-04:00,,SGW-LST-001412,true
SGW-ITM-001413,ShopGoodwill,GW-020,Signed studio pottery vase,Collectibles,Used - Good,2026-07-23T09:00:00-04:00,2026-08-01T11:00:00-04:00,2026-08-07T17:00:00-04:00,,SGW-LST-001413,true
SGW-ITM-001414,ShopGoodwill,GW-016,"Vintage cassette deck, powers on",Electronics,Used - Very Good,2026-06-28T09:00:00-04:00,2026-07-06T11:00:00-04:00,2026-08-08T17:00:00-04:00,,SGW-LST-001414,true
SGW-ITM-001415,ShopGoodwill,GW-004,"Bose portable speaker, cosmetic wear",Electronics,Used - Very Good,2026-07-26T09:00:00-04:00,2026-08-07T11:00:00-04:00,2026-08-31T17:00:00-04:00,,SGW-LST-001415,true
SGW-ITM-001416,ShopGoodwill,GW-006,"Golf iron set, right handed",Sporting Goods,Used - Acceptable,2026-06-23T09:00:00-04:00,2026-07-03T11:00:00-04:00,2026-08-04T17:00:00-04:00,,SGW-LST-001416,true
SGW-ITM-001417,ShopGoodwill,GW-003,Sony stereo receiver — tested,Electronics,Used - Good,2026-07-26T09:00:00-04:00,2026-07-28T11:00:00-04:00,2026-08-17T17:00:00-04:00,,SGW-LST-001417,true
SGW-ITM-001418,ShopGoodwill,GW-014,"Vintage cassette deck, powers on",Electronics,For parts / repair,2026-07-14T09:00:00-04:00,2026-07-17T11:00:00-04:00,2026-08-12T17:00:00-04:00,,SGW-LST-001418,true
SGW-ITM-001419,ShopGoodwill,GW-019,"Brass table lamp, tested",Home,Used - Acceptable,2026-08-06T09:00:00-04:00,2026-08-09T11:00:00-04:00,2026-08-18T17:00:00-04:00,,SGW-LST-001419,true
SGW-ITM-001420,ShopGoodwill,GW-024,"Estate postcard collection, 80 pieces",Collectibles,Used - Very Good,2026-07-18T09:00:00-04:00,2026-07-31T11:00:00-04:00,2026-08-12T17:00:00-04:00,,SGW-LST-001420,true
SGW-ITM-001421,ShopGoodwill,GW-018,Vintage Stanley hand plane,Tools,Used - Acceptable,2026-07-27T09:00:00-04:00,2026-08-05T11:00:00-04:00,2026-08-24T17:00:00-04:00,,SGW-LST-001421,true
SGW-ITM-001422,ShopGoodwill,GW-004,"Handwoven wool rug, 3 × 5 ft",Home,Used - Acceptable,2026-07-14T09:00:00-04:00,2026-07-23T11:00:00-04:00,2026-08-27T17:00:00-04:00,,SGW-LST-001422,true
SGW-ITM-001423,ShopGoodwill,GW-009,Vintage Pyrex mixing bowl set,Collectibles,Used - Very Good,2026-07-05T09:00:00-04:00,2026-07-18T11:00:00-04:00,2026-08-05T17:00:00-04:00,,SGW-LST-001423,true
SGW-ITM-001424,ShopGoodwill,GW-004,"Handwoven wool rug, 3 × 5 ft",Home,Used - Acceptable,2026-07-10T09:00:00-04:00,2026-07-22T11:00:00-04:00,2026-08-01T17:00:00-04:00,,SGW-LST-001424,true
SGW-ITM-001425,ShopGoodwill,GW-016,Sony stereo receiver — tested,Electronics,Used - Very Good,2026-07-30T09:00:00-04:00,2026-08-09T11:00:00-04:00,2026-08-13T17:00:00-04:00,,SGW-LST-001425,true
SGW-ITM-001426,ShopGoodwill,GW-014,Signed studio pottery vase,Collectibles,Used - Good,2026-07-23T09:00:00-04:00,2026-07-24T11:00:00-04:00,2026-08-14T17:00:00-04:00,,SGW-LST-001426,true
SGW-ITM-001427,ShopGoodwill,GW-009,Signed studio pottery vase,Collectibles,For parts / repair,2026-08-09T09:00:00-04:00,2026-08-14T11:00:00-04:00,2026-08-24T17:00:00-04:00,,SGW-LST-001427,true
SGW-ITM-001428,ShopGoodwill,GW-006,"Model train locomotive, boxed",Collectibles,For parts / repair,2026-08-13T09:00:00-04:00,2026-08-15T11:00:00-04:00,2026-08-22T17:00:00-04:00,,SGW-LST-001428,true
SGW-ITM-001429,ShopGoodwill,GW-011,Sony stereo receiver — tested,Electronics,Used - Good,2026-07-12T09:00:00-04:00,2026-07-26T11:00:00-04:00,2026-08-26T17:00:00-04:00,,SGW-LST-001429,true
SGW-ITM-001430,ShopGoodwill,GW-021,"Sterling silver necklace, 18 inch",Jewelry,For parts / repair,2026-08-04T09:00:00-04:00,2026-08-11T11:00:00-04:00,2026-08-14T17:00:00-04:00,,SGW-LST-001430,true
SGW-ITM-001431,ShopGoodwill,GW-008,"Silk scarf, floral print",Accessories,Used - Acceptable,2026-07-05T09:00:00-04:00,2026-07-17T11:00:00-04:00,2026-08-19T17:00:00-04:00,,SGW-LST-001431,true
SGW-ITM-001432,ShopGoodwill,GW-018,"Golf iron set, right handed",Sporting Goods,Used - Good,2026-07-19T09:00:00-04:00,2026-07-26T11:00:00-04:00,2026-08-10T17:00:00-04:00,,SGW-LST-001432,true
SGW-ITM-001433,ShopGoodwill,GW-018,"Patagonia fleece jacket, size M",Apparel,Used - Good,2026-06-29T09:00:00-04:00,2026-07-13T11:00:00-04:00,2026-08-08T17:00:00-04:00,,SGW-LST-001433,true
SGW-ITM-001434,ShopGoodwill,GW-017,Hardcover regional cookbook,Books,Used - Acceptable,2026-07-14T09:00:00-04:00,2026-07-19T11:00:00-04:00,2026-08-07T17:00:00-04:00,,SGW-LST-001434,true
SGW-ITM-001435,ShopGoodwill,GW-009,"Craftsman socket set, 32 pieces",Tools,Used - Good,2026-06-28T09:00:00-04:00,2026-07-11T11:00:00-04:00,2026-08-03T17:00:00-04:00,,SGW-LST-001435,true
SGW-ITM-001436,ShopGoodwill,GW-011,Sony stereo receiver — tested,Electronics,Used - Acceptable,2026-07-23T09:00:00-04:00,2026-07-28T11:00:00-04:00,2026-08-30T17:00:00-04:00,,SGW-LST-001436,true
SGW-ITM-001437,ShopGoodwill,GW-011,"Gold-tone wristwatch, untested",Jewelry,For parts / repair,2026-07-21T09:00:00-04:00,2026-07-28T11:00:00-04:00,2026-08-23T17:00:00-04:00,,SGW-LST-001437,true
SGW-ITM-001438,ShopGoodwill,GW-014,Engineering reference manual,Books,Used - Acceptable,2026-07-21T09:00:00-04:00,2026-07-29T11:00:00-04:00,2026-08-15T17:00:00-04:00,,SGW-LST-001438,true
SGW-ITM-001439,ShopGoodwill,GW-003,"Wool cardigan, size S",Apparel,Used - Very Good,2026-08-02T09:00:00-04:00,2026-08-09T11:00:00-04:00,2026-08-15T17:00:00-04:00,,SGW-LST-001439,true
SGW-ITM-001440,ShopGoodwill,GW-018,Signed studio pottery vase,Collectibles,Used - Acceptable,2026-07-03T09:00:00-04:00,2026-07-07T11:00:00-04:00,2026-08-11T17:00:00-04:00,,SGW-LST-001440,true
SGW-ITM-001441,ShopGoodwill,GW-011,"Levi's denim jacket, size L",Apparel,Used - Acceptable,2026-07-18T09:00:00-04:00,2026-07-29T11:00:00-04:00,2026-08-26T17:00:00-04:00,,SGW-LST-001441,true
SGW-ITM-001442,ShopGoodwill,GW-014,Vintage belt with brass buckle,Accessories,For parts / repair,2026-07-06T09:00:00-04:00,2026-07-12T11:00:00-04:00,2026-08-03T17:00:00-04:00,,SGW-LST-001442,true
SGW-ITM-001443,ShopGoodwill,GW-024,"Craftsman socket set, 32 pieces",Tools,Used - Good,2026-08-13T09:00:00-04:00,2026-08-16T11:00:00-04:00,2026-08-30T17:00:00-04:00,,SGW-LST-001443,true
SGW-ITM-001444,ShopGoodwill,GW-010,Engineering reference manual,Books,Used - Acceptable,2026-07-30T09:00:00-04:00,2026-08-08T11:00:00-04:00,2026-08-20T17:00:00-04:00,,SGW-LST-001444,true
SGW-ITM-001445,ShopGoodwill,GW-005,"Gold-tone wristwatch, untested",Jewelry,For parts / repair,2026-06-29T09:00:00-04:00,2026-07-04T11:00:00-04:00,2026-08-04T17:00:00-04:00,,SGW-LST-001445,true
SGW-ITM-001446,ShopGoodwill,GW-024,Vintage Pyrex mixing bowl set,Collectibles,For parts / repair,2026-07-19T09:00:00-04:00,2026-07-21T11:00:00-04:00,2026-08-28T17:00:00-04:00,,SGW-LST-001446,true
SGW-ITM-001447,ShopGoodwill,GW-020,"Handwoven wool rug, 3 × 5 ft",Home,Used - Good,2026-07-21T09:00:00-04:00,2026-07-26T11:00:00-04:00,2026-08-10T17:00:00-04:00,,SGW-LST-001447,true
SGW-ITM-001448,ShopGoodwill,GW-022,"Bose portable speaker, cosmetic wear",Electronics,Used - Acceptable,2026-08-09T09:00:00-04:00,2026-08-12T11:00:00-04:00,2026-08-14T17:00:00-04:00,,SGW-LST-001448,true
SGW-ITM-001449,ShopGoodwill,GW-004,"Vintage concert T-shirt, size XL",Apparel,Used - Acceptable,2026-07-29T09:00:00-04:00,2026-08-07T11:00:00-04:00,2026-08-17T17:00:00-04:00,,SGW-LST-001449,true
SGW-ITM-001450,ShopGoodwill,GW-016,"Golf iron set, right handed",Sporting Goods,For parts / repair,2026-07-18T09:00:00-04:00,2026-07-29T11:00:00-04:00,2026-08-28T17:00:00-04:00,,SGW-LST-001450,true
SGW-ITM-001451,ShopGoodwill,GW-006,"DeWalt cordless drill, tool only",Tools,Used - Acceptable,2026-07-04T09:00:00-04:00,2026-07-16T11:00:00-04:00,2026-08-04T17:00:00-04:00,,SGW-LST-001451,true
SGW-ITM-001452,ShopGoodwill,GW-004,"Art history volume, dust jacket",Books,For parts / repair,2026-08-21T09:00:00-04:00,2026-08-24T11:00:00-04:00,2026-08-26T17:00:00-04:00,,SGW-LST-001452,true
SGW-ITM-001453,ShopGoodwill,GW-010,"Levi's denim jacket, size L",Apparel,Used - Acceptable,2026-07-17T09:00:00-04:00,2026-07-24T11:00:00-04:00,2026-08-24T17:00:00-04:00,,SGW-LST-001453,true
SGW-ITM-001454,ShopGoodwill,GW-010,"Vintage cassette deck, powers on",Electronics,Used - Very Good,2026-07-11T09:00:00-04:00,2026-07-16T11:00:00-04:00,2026-08-22T17:00:00-04:00,,SGW-LST-001454,true
SGW-ITM-001455,ShopGoodwill,GW-012,"Levi's denim jacket, size L",Apparel,Used - Good,2026-08-01T09:00:00-04:00,2026-08-05T11:00:00-04:00,2026-08-27T17:00:00-04:00,,SGW-LST-001455,true
SGW-ITM-001456,ShopGoodwill,GW-020,Vintage Pyrex mixing bowl set,Collectibles,Used - Acceptable,2026-07-01T09:00:00-04:00,2026-07-15T11:00:00-04:00,2026-08-15T17:00:00-04:00,,SGW-LST-001456,true
SGW-ITM-001457,ShopGoodwill,GW-004,"Levi's denim jacket, size L",Apparel,Used - Good,2026-07-13T09:00:00-04:00,2026-07-18T11:00:00-04:00,2026-08-19T17:00:00-04:00,,SGW-LST-001457,true
SGW-ITM-001458,ShopGoodwill,GW-016,Signed studio pottery vase,Collectibles,Used - Good,2026-07-15T09:00:00-04:00,2026-07-27T11:00:00-04:00,2026-08-19T17:00:00-04:00,,SGW-LST-001458,true
SGW-ITM-001459,ShopGoodwill,GW-008,"Gold-tone wristwatch, untested",Jewelry,Used - Very Good,2026-07-18T09:00:00-04:00,2026-07-27T11:00:00-04:00,2026-08-12T17:00:00-04:00,2026-08-19T21:00:00-04:00,SGW-LST-001459,true
SGW-ITM-001460,ShopGoodwill,GW-014,Signed studio pottery vase,Collectibles,Used - Acceptable,2026-07-17T09:00:00-04:00,2026-07-23T11:00:00-04:00,2026-08-17T17:00:00-04:00,,SGW-LST-001460,true
SGW-ITM-001461,ShopGoodwill,GW-002,"Die-cast vehicle lot, assorted",Collectibles,For parts / repair,2026-07-13T09:00:00-04:00,2026-07-26T11:00:00-04:00,2026-08-07T17:00:00-04:00,,SGW-LST-001461,true
SGW-ITM-001462,ShopGoodwill,GW-012,"Estate postcard collection, 80 pieces",Collectibles,For parts / repair,2026-07-04T09:00:00-04:00,2026-07-11T11:00:00-04:00,2026-08-01T17:00:00-04:00,,SGW-LST-001462,true
SGW-ITM-001463,ShopGoodwill,GW-008,Signed studio pottery vase,Collectibles,Used - Acceptable,2026-07-05T09:00:00-04:00,2026-07-14T11:00:00-04:00,2026-08-10T17:00:00-04:00,,SGW-LST-001463,true
SGW-ITM-001464,ShopGoodwill,GW-024,Fishing reel with spare spool,Sporting Goods,Used - Good,2026-08-09T09:00:00-04:00,2026-08-19T11:00:00-04:00,2026-08-21T17:00:00-04:00,,SGW-LST-001464,true
SGW-ITM-001465,ShopGoodwill,GW-005,"Brass table lamp, tested",Home,Used - Acceptable,2026-07-17T09:00:00-04:00,2026-07-29T11:00:00-04:00,2026-08-28T17:00:00-04:00,,SGW-LST-001465,true
SGW-ITM-001466,ShopGoodwill,GW-004,"Sterling ring, size 7",Jewelry,Used - Acceptable,2026-07-10T09:00:00-04:00,2026-07-12T11:00:00-04:00,2026-08-19T17:00:00-04:00,,SGW-LST-001466,true
SGW-ITM-001467,ShopGoodwill,GW-008,Nintendo DS console with charger,Electronics,Used - Acceptable,2026-07-02T09:00:00-04:00,2026-07-15T11:00:00-04:00,2026-08-14T17:00:00-04:00,,SGW-LST-001467,true
SGW-ITM-001468,ShopGoodwill,GW-002,"Model train locomotive, boxed",Collectibles,Used - Acceptable,2026-07-08T09:00:00-04:00,2026-07-16T11:00:00-04:00,2026-08-01T17:00:00-04:00,,SGW-LST-001468,true
SGW-ITM-001469,ShopGoodwill,GW-002,"Bose portable speaker, cosmetic wear",Electronics,Used - Acceptable,2026-07-12T09:00:00-04:00,2026-07-18T11:00:00-04:00,2026-08-06T17:00:00-04:00,,SGW-LST-001469,true
SGW-ITM-001470,ShopGoodwill,GW-010,"Sterling silver necklace, 18 inch",Jewelry,Used - Good,2026-07-17T09:00:00-04:00,2026-07-23T11:00:00-04:00,2026-08-12T17:00:00-04:00,,SGW-LST-001470,true
SGW-ITM-001471,ShopGoodwill,GW-008,"Model train locomotive, boxed",Collectibles,Used - Acceptable,2026-07-07T09:00:00-04:00,2026-07-21T11:00:00-04:00,2026-08-28T17:00:00-04:00,,SGW-LST-001471,true
SGW-ITM-001472,ShopGoodwill,GW-016,"Model train locomotive, boxed",Collectibles,Used - Very Good,2026-08-08T09:00:00-04:00,2026-08-15T11:00:00-04:00,2026-08-26T17:00:00-04:00,,SGW-LST-001472,true
SGW-ITM-001473,ShopGoodwill,GW-004,"Patagonia fleece jacket, size M",Apparel,Used - Good,2026-07-27T09:00:00-04:00,2026-08-06T11:00:00-04:00,2026-08-22T17:00:00-04:00,,SGW-LST-001473,true
SGW-ITM-001474,ShopGoodwill,GW-015,"Patagonia fleece jacket, size M",Apparel,Used - Good,2026-07-08T09:00:00-04:00,2026-07-09T11:00:00-04:00,2026-08-11T17:00:00-04:00,,SGW-LST-001474,true
SGW-ITM-001475,ShopGoodwill,GW-018,Tennis racquet pair with covers,Sporting Goods,For parts / repair,2026-07-25T09:00:00-04:00,2026-08-03T11:00:00-04:00,2026-08-20T17:00:00-04:00,,SGW-LST-001475,true
SGW-ITM-001476,ShopGoodwill,GW-002,"Illustrated field guide, revised edition",Books,Used - Acceptable,2026-08-13T09:00:00-04:00,2026-08-14T11:00:00-04:00,2026-08-24T17:00:00-04:00,,SGW-LST-001476,true
SGW-ITM-001477,ShopGoodwill,,Sony stereo receiver — tested,Electronics,For parts / repair,2026-08-12T09:00:00-04:00,2026-08-17T11:00:00-04:00,2026-08-30T17:00:00-04:00,,SGW-LST-001477,true
SGW-ITM-001478,ShopGoodwill,GW-006,"Leather tote bag, brown",Accessories,Used - Good,2026-07-18T09:00:00-04:00,2026-07-27T11:00:00-04:00,2026-08-08T17:00:00-04:00,,SGW-LST-001478,true
SGW-ITM-001479,ShopGoodwill,GW-014,"Illustrated field guide, revised edition",Books,Used - Very Good,2026-06-27T09:00:00-04:00,2026-07-05T11:00:00-04:00,2026-08-08T17:00:00-04:00,,SGW-LST-001479,true
SGW-ITM-001480,ShopGoodwill,GW-001,"Handwoven wool rug, 3 × 5 ft",Home,For parts / repair,2026-06-27T09:00:00-04:00,2026-06-28T11:00:00-04:00,2026-08-03T17:00:00-04:00,2026-08-05T21:00:00-04:00,SGW-LST-001480,true
SGW-ITM-001481,ShopGoodwill,GW-024,"Sterling silver necklace, 18 inch",Jewelry,For parts / repair,2026-07-11T09:00:00-04:00,2026-07-21T11:00:00-04:00,2026-08-13T17:00:00-04:00,,SGW-LST-001481,true
SGW-ITM-001482,ShopGoodwill,GW-024,Vintage Pyrex mixing bowl set,Collectibles,Used - Acceptable,2026-07-16T09:00:00-04:00,2026-07-24T11:00:00-04:00,2026-08-13T17:00:00-04:00,,SGW-LST-001482,true
SGW-ITM-001483,ShopGoodwill,GW-004,"Brass table lamp, tested",Home,Used - Good,2026-06-22T09:00:00-04:00,2026-07-04T11:00:00-04:00,2026-08-07T17:00:00-04:00,,SGW-LST-001483,true
SGW-ITM-001484,ShopGoodwill,GW-003,"Vintage cassette deck, powers on",Electronics,Used - Very Good,2026-06-27T09:00:00-04:00,2026-07-03T11:00:00-04:00,2026-08-09T17:00:00-04:00,,SGW-LST-001484,true
SGW-ITM-001485,ShopGoodwill,GW-004,"Vintage cassette deck, powers on",Electronics,Used - Acceptable,2026-07-13T09:00:00-04:00,2026-07-19T11:00:00-04:00,2026-08-04T17:00:00-04:00,,SGW-LST-001485,true
SGW-ITM-001486,ShopGoodwill,GW-024,Tennis racquet pair with covers,Sporting Goods,Used - Acceptable,2026-08-11T09:00:00-04:00,2026-08-14T11:00:00-04:00,2026-08-28T17:00:00-04:00,,SGW-LST-001486,true
SGW-ITM-001487,ShopGoodwill,GW-018,"Stoneware dinner service, 12 pieces",Home,Used - Acceptable,2026-07-21T09:00:00-04:00,2026-07-26T11:00:00-04:00,2026-08-25T17:00:00-04:00,,SGW-LST-001487,true
SGW-ITM-001488,ShopGoodwill,GW-023,Nintendo DS console with charger,Electronics,Used - Good,2026-07-06T09:00:00-04:00,2026-07-18T11:00:00-04:00,2026-08-16T17:00:00-04:00,,SGW-LST-001488,true
SGW-ITM-001489,ShopGoodwill,GW-009,Sony stereo receiver — tested,Electronics,Used - Acceptable,2026-06-19T09:00:00-04:00,2026-06-28T11:00:00-04:00,2026-08-05T17:00:00-04:00,,SGW-LST-001489,true
SGW-ITM-001490,ShopGoodwill,GW-002,"Model train locomotive, boxed",Collectibles,For parts / repair,2026-07-24T09:00:00-04:00,2026-08-06T11:00:00-04:00,2026-08-08T17:00:00-04:00,,SGW-LST-001490,true
SGW-ITM-001491,ShopGoodwill,GW-007,"Bose portable speaker, cosmetic wear",Electronics,Used - Good,2026-07-30T09:00:00-04:00,2026-08-13T11:00:00-04:00,2026-08-26T17:00:00-04:00,,SGW-LST-001491,true
SGW-ITM-001492,ShopGoodwill,GW-009,"Estate postcard collection, 80 pieces",Collectibles,For parts / repair,2026-07-21T09:00:00-04:00,2026-07-30T11:00:00-04:00,2026-08-09T17:00:00-04:00,,SGW-LST-001492,true
SGW-ITM-001493,ShopGoodwill,GW-009,"Vintage concert T-shirt, size XL",Apparel,For parts / repair,2026-08-01T09:00:00-04:00,2026-08-07T11:00:00-04:00,2026-08-20T17:00:00-04:00,,SGW-LST-001493,true
SGW-ITM-001494,ShopGoodwill,GW-017,"Model train locomotive, boxed",Collectibles,Used - Acceptable,2026-07-20T09:00:00-04:00,2026-07-21T11:00:00-04:00,2026-08-09T17:00:00-04:00,,SGW-LST-001494,true
SGW-ITM-001495,ShopGoodwill,GW-015,Vintage costume jewelry lot,Jewelry,Used - Acceptable,2026-07-31T09:00:00-04:00,2026-08-08T11:00:00-04:00,2026-08-16T17:00:00-04:00,,SGW-LST-001495,true
SGW-ITM-001496,ShopGoodwill,GW-019,"Bose portable speaker, cosmetic wear",Electronics,Used - Acceptable,2026-07-24T09:00:00-04:00,2026-07-31T11:00:00-04:00,2026-08-07T17:00:00-04:00,,SGW-LST-001496,true
SGW-ITM-001497,ShopGoodwill,GW-004,"Bose portable speaker, cosmetic wear",Electronics,For parts / repair,2026-08-01T09:00:00-04:00,2026-08-12T11:00:00-04:00,2026-08-20T17:00:00-04:00,,SGW-LST-001497,true
SGW-ITM-001498,ShopGoodwill,GW-013,"Vintage concert T-shirt, size XL",Apparel,Used - Very Good,2026-07-27T09:00:00-04:00,2026-08-10T11:00:00-04:00,2026-08-30T17:00:00-04:00,,SGW-LST-001498,true
SGW-ITM-001499,ShopGoodwill,GW-008,Engineering reference manual,Books,Used - Acceptable,2026-07-28T09:00:00-04:00,2026-08-06T11:00:00-04:00,2026-08-22T17:00:00-04:00,,SGW-LST-001499,true
SGW-ITM-001500,ShopGoodwill,GW-005,"Levi's denim jacket, size L",Apparel,Used - Acceptable,2026-08-15T09:00:00-04:00,2026-08-17T11:00:00-04:00,2026-08-21T17:00:00-04:00,,SGW-LST-001500,true
SGW-ITM-001501,ShopGoodwill,GW-022,"Brass table lamp, tested",Home,Used - Acceptable,2026-07-15T09:00:00-04:00,2026-07-27T11:00:00-04:00,2026-08-12T17:00:00-04:00,,SGW-LST-001501,true
SGW-ITM-001502,ShopGoodwill,GW-024,"Hiking backpack, 40L",Sporting Goods,Used - Acceptable,2026-07-16T09:00:00-04:00,2026-07-23T11:00:00-04:00,2026-08-27T17:00:00-04:00,,SGW-LST-001502,true
SGW-ITM-001503,ShopGoodwill,GW-020,Sony stereo receiver — tested,Electronics,For parts / repair,2026-07-23T09:00:00-04:00,2026-08-05T11:00:00-04:00,2026-08-11T17:00:00-04:00,,SGW-LST-001503,true
SGW-ITM-001504,ShopGoodwill,GW-001,"Canon EF zoom lens, 75–300mm",Electronics,Used - Very Good,2026-07-30T09:00:00-04:00,2026-08-01T11:00:00-04:00,2026-08-22T17:00:00-04:00,,SGW-LST-001504,true
SGW-ITM-001505,ShopGoodwill,GW-015,"Levi's denim jacket, size L",Apparel,Used - Good,2026-07-09T09:00:00-04:00,2026-07-16T11:00:00-04:00,2026-08-23T17:00:00-04:00,,SGW-LST-001505,true
SGW-ITM-001506,ShopGoodwill,GW-012,Tennis racquet pair with covers,Sporting Goods,Used - Good,2026-07-20T09:00:00-04:00,2026-07-26T11:00:00-04:00,2026-08-19T17:00:00-04:00,,SGW-LST-001506,true
SGW-ITM-001507,ShopGoodwill,GW-012,Hardcover regional cookbook,Books,Used - Good,2026-07-11T09:00:00-04:00,2026-07-25T11:00:00-04:00,2026-08-25T17:00:00-04:00,,SGW-LST-001507,true
SGW-ITM-001508,ShopGoodwill,GW-024,"Craftsman socket set, 32 pieces",Tools,Used - Acceptable,2026-07-21T09:00:00-04:00,2026-07-31T11:00:00-04:00,2026-08-19T17:00:00-04:00,,SGW-LST-001508,true
SGW-ITM-001509,ShopGoodwill,GW-002,"Patagonia fleece jacket, size M",Apparel,Used - Acceptable,2026-07-24T09:00:00-04:00,2026-07-31T11:00:00-04:00,2026-08-04T17:00:00-04:00,,SGW-LST-001509,true
SGW-ITM-001510,ShopGoodwill,GW-009,"Die-cast vehicle lot, assorted",Collectibles,Used - Acceptable,2026-07-23T09:00:00-04:00,2026-08-06T11:00:00-04:00,2026-08-16T17:00:00-04:00,,SGW-LST-001510,true
SGW-ITM-001511,ShopGoodwill,GW-001,Nintendo DS console with charger,Electronics,Used - Good,2026-08-11T09:00:00-04:00,2026-08-13T11:00:00-04:00,2026-08-30T17:00:00-04:00,,SGW-LST-001511,true
SGW-ITM-001512,ShopGoodwill,GW-022,"Stoneware dinner service, 12 pieces",Home,For parts / repair,2026-07-23T09:00:00-04:00,2026-08-02T11:00:00-04:00,2026-08-17T17:00:00-04:00,,SGW-LST-001512,true
SGW-ITM-001513,ShopGoodwill,GW-001,"Golf iron set, right handed",Sporting Goods,Used - Acceptable,2026-08-20T09:00:00-04:00,2026-08-23T11:00:00-04:00,2026-08-26T17:00:00-04:00,,SGW-LST-001513,true
SGW-ITM-001514,ShopGoodwill,GW-014,"Gold-tone wristwatch, untested",Jewelry,Used - Acceptable,2026-07-22T09:00:00-04:00,2026-08-02T11:00:00-04:00,2026-08-15T17:00:00-04:00,,SGW-LST-001514,true
SGW-ITM-001515,ShopGoodwill,GW-001,"Vintage cassette deck, powers on",Electronics,For parts / repair,2026-07-13T09:00:00-04:00,2026-07-24T11:00:00-04:00,2026-08-13T17:00:00-04:00,,SGW-LST-001515,true
SGW-ITM-001516,ShopGoodwill,GW-024,"Art history volume, dust jacket",Books,Used - Very Good,2026-07-30T09:00:00-04:00,2026-08-10T11:00:00-04:00,2026-08-30T17:00:00-04:00,,SGW-LST-001516,true
SGW-ITM-001517,ShopGoodwill,GW-004,"Mystery paperback lot, 6 books",Books,For parts / repair,2026-07-15T09:00:00-04:00,2026-07-18T11:00:00-04:00,2026-08-02T17:00:00-04:00,,SGW-LST-001517,true
SGW-ITM-001518,ShopGoodwill,GW-002,"Die-cast vehicle lot, assorted",Collectibles,For parts / repair,2026-07-28T09:00:00-04:00,2026-08-02T11:00:00-04:00,2026-08-14T17:00:00-04:00,,SGW-LST-001518,true
SGW-ITM-001519,ShopGoodwill,GW-012,"Canon EF zoom lens, 75–300mm",Electronics,Used - Very Good,2026-07-20T09:00:00-04:00,2026-07-28T11:00:00-04:00,2026-08-11T17:00:00-04:00,,SGW-LST-001519,true
SGW-ITM-001520,ShopGoodwill,GW-001,Nintendo DS console with charger,Electronics,Used - Very Good,2026-07-11T09:00:00-04:00,2026-07-17T11:00:00-04:00,2026-08-08T17:00:00-04:00,,SGW-LST-001520,true
SGW-ITM-001521,ShopGoodwill,GW-001,"Bose portable speaker, cosmetic wear",Electronics,Used - Acceptable,2026-07-15T09:00:00-04:00,2026-07-28T11:00:00-04:00,2026-08-18T17:00:00-04:00,,SGW-LST-001521,true
SGW-ITM-001522,ShopGoodwill,GW-010,"Canon EF zoom lens, 75–300mm",Electronics,Used - Very Good,2026-07-31T09:00:00-04:00,2026-08-03T11:00:00-04:00,2026-08-26T17:00:00-04:00,,SGW-LST-001522,true
SGW-ITM-001523,ShopGoodwill,GW-001,Sony stereo receiver — tested,Electronics,Used - Good,2026-07-19T09:00:00-04:00,2026-07-23T11:00:00-04:00,2026-08-09T17:00:00-04:00,,SGW-LST-001523,true
SGW-ITM-001524,ShopGoodwill,GW-023,"Bose portable speaker, cosmetic wear",Electronics,Used - Acceptable,2026-07-14T09:00:00-04:00,2026-07-25T11:00:00-04:00,2026-08-17T17:00:00-04:00,,SGW-LST-001524,true
SGW-ITM-001525,ShopGoodwill,GW-012,Hardcover regional cookbook,Books,For parts / repair,2026-07-12T09:00:00-04:00,2026-07-16T11:00:00-04:00,2026-08-12T17:00:00-04:00,,SGW-LST-001525,true
SGW-ITM-001526,ShopGoodwill,GW-008,Fishing reel with spare spool,Sporting Goods,Used - Very Good,2026-07-14T09:00:00-04:00,2026-07-26T11:00:00-04:00,2026-08-29T17:00:00-04:00,,SGW-LST-001526,true
SGW-ITM-001527,ShopGoodwill,GW-005,"Estate postcard collection, 80 pieces",Collectibles,Used - Acceptable,2026-07-20T09:00:00-04:00,2026-07-26T11:00:00-04:00,2026-08-29T17:00:00-04:00,,SGW-LST-001527,true
SGW-ITM-001528,ShopGoodwill,GW-005,"Craftsman socket set, 32 pieces",Tools,Used - Very Good,2026-07-10T09:00:00-04:00,2026-07-21T11:00:00-04:00,2026-08-17T17:00:00-04:00,,SGW-LST-001528,true
SGW-ITM-001529,ShopGoodwill,GW-016,"Vintage cassette deck, powers on",Electronics,Used - Very Good,2026-07-04T09:00:00-04:00,2026-07-13T11:00:00-04:00,2026-08-15T17:00:00-04:00,,SGW-LST-001529,true
SGW-ITM-001530,ShopGoodwill,GW-006,"Levi's denim jacket, size L",Apparel,Used - Very Good,2026-06-24T09:00:00-04:00,2026-07-07T11:00:00-04:00,2026-08-06T17:00:00-04:00,,SGW-LST-001530,true
SGW-ITM-001531,ShopGoodwill,GW-010,Sony stereo receiver — tested,Electronics,For parts / repair,2026-06-30T09:00:00-04:00,2026-07-08T11:00:00-04:00,2026-08-11T17:00:00-04:00,,SGW-LST-001531,true
SGW-ITM-001532,ShopGoodwill,GW-022,"Stoneware dinner service, 12 pieces",Home,Used - Acceptable,2026-07-16T09:00:00-04:00,2026-07-23T11:00:00-04:00,2026-08-23T17:00:00-04:00,,SGW-LST-001532,true
SGW-ITM-001533,ShopGoodwill,GW-023,"Handwoven wool rug, 3 × 5 ft",Home,Used - Very Good,2026-07-17T09:00:00-04:00,2026-07-26T11:00:00-04:00,2026-08-29T17:00:00-04:00,,SGW-LST-001533,true
SGW-ITM-001534,ShopGoodwill,GW-016,"Vintage concert T-shirt, size XL",Apparel,Used - Acceptable,2026-07-09T09:00:00-04:00,2026-07-20T11:00:00-04:00,2026-08-17T17:00:00-04:00,,SGW-LST-001534,true
SGW-ITM-001535,ShopGoodwill,GW-018,"Canon EF zoom lens, 75–300mm",Electronics,Used - Very Good,2026-08-09T09:00:00-04:00,2026-08-12T11:00:00-04:00,2026-08-14T17:00:00-04:00,,SGW-LST-001535,true
SGW-ITM-001536,ShopGoodwill,GW-008,"Brass table lamp, tested",Home,Used - Good,2026-07-13T09:00:00-04:00,2026-07-22T11:00:00-04:00,2026-08-18T17:00:00-04:00,,SGW-LST-001536,true
SGW-ITM-001537,ShopGoodwill,GW-021,"Sterling ring, size 7",Jewelry,Used - Good,2026-08-22T09:00:00-04:00,2026-08-28T11:00:00-04:00,2026-08-30T17:00:00-04:00,,SGW-LST-001537,true
SGW-ITM-001538,ShopGoodwill,GW-016,"Canon EF zoom lens, 75–300mm",Electronics,For parts / repair,2026-07-18T09:00:00-04:00,2026-08-01T11:00:00-04:00,2026-08-23T17:00:00-04:00,,SGW-LST-001538,true
SGW-ITM-001539,ShopGoodwill,GW-023,Nintendo DS console with charger,Electronics,Used - Very Good,2026-07-07T09:00:00-04:00,2026-07-17T11:00:00-04:00,2026-08-09T17:00:00-04:00,,SGW-LST-001539,true
SGW-ITM-001540,ShopGoodwill,GW-006,"Craftsman socket set, 32 pieces",Tools,For parts / repair,2026-06-22T09:00:00-04:00,2026-07-02T11:00:00-04:00,2026-08-09T17:00:00-04:00,,SGW-LST-001540,true
SGW-ITM-001541,ShopGoodwill,GW-004,"Levi's denim jacket, size L",Apparel,For parts / repair,2026-08-09T09:00:00-04:00,2026-08-21T11:00:00-04:00,2026-08-27T17:00:00-04:00,,SGW-LST-001541,true
SGW-ITM-001542,ShopGoodwill,GW-016,"Mystery paperback lot, 6 books",Books,Used - Very Good,2026-07-26T09:00:00-04:00,2026-08-06T11:00:00-04:00,2026-08-08T17:00:00-04:00,,SGW-LST-001542,true
SGW-ITM-001543,ShopGoodwill,GW-014,"Canon EF zoom lens, 75–300mm",Electronics,Used - Very Good,2026-07-12T09:00:00-04:00,2026-07-19T11:00:00-04:00,2026-08-09T17:00:00-04:00,,SGW-LST-001543,true
SGW-ITM-001544,ShopGoodwill,GW-012,Vintage Pyrex mixing bowl set,Collectibles,Used - Acceptable,2026-08-21T09:00:00-04:00,2026-08-22T11:00:00-04:00,2026-08-31T17:00:00-04:00,,SGW-LST-001544,true
SGW-ITM-001545,ShopGoodwill,GW-002,"Golf iron set, right handed",Sporting Goods,Used - Very Good,2026-08-07T09:00:00-04:00,2026-08-19T11:00:00-04:00,2026-08-29T17:00:00-04:00,,SGW-LST-001545,true
SGW-ITM-001546,ShopGoodwill,GW-015,"Mystery paperback lot, 6 books",Books,Used - Very Good,2026-07-17T09:00:00-04:00,2026-07-20T11:00:00-04:00,2026-08-23T17:00:00-04:00,2026-08-28T21:00:00-04:00,SGW-LST-001546,true
SGW-ITM-001547,ShopGoodwill,GW-011,"Wool cardigan, size S",Apparel,For parts / repair,2026-07-27T09:00:00-04:00,2026-08-09T11:00:00-04:00,2026-08-14T17:00:00-04:00,,SGW-LST-001547,true
SGW-ITM-001548,ShopGoodwill,GW-014,"Handwoven wool rug, 3 × 5 ft",Home,Used - Very Good,2026-07-24T09:00:00-04:00,2026-08-04T11:00:00-04:00,2026-08-20T17:00:00-04:00,,SGW-LST-001548,true
SGW-ITM-001549,ShopGoodwill,GW-023,"Vintage concert T-shirt, size XL",Apparel,For parts / repair,2026-07-15T09:00:00-04:00,2026-07-28T11:00:00-04:00,2026-08-28T17:00:00-04:00,,SGW-LST-001549,true
SGW-ITM-001550,ShopGoodwill,GW-001,Sony stereo receiver — tested,Electronics,Used - Very Good,2026-07-24T09:00:00-04:00,2026-08-07T11:00:00-04:00,2026-08-27T17:00:00-04:00,,SGW-LST-001550,true
SGW-ITM-001551,ShopGoodwill,GW-008,"Canon EF zoom lens, 75–300mm",Electronics,For parts / repair,2026-07-16T09:00:00-04:00,2026-07-20T11:00:00-04:00,2026-08-05T17:00:00-04:00,,SGW-LST-001551,true
SGW-ITM-001552,ShopGoodwill,GW-017,"Bose portable speaker, cosmetic wear",Electronics,Used - Good,2026-07-23T09:00:00-04:00,2026-07-27T11:00:00-04:00,2026-08-07T17:00:00-04:00,,SGW-LST-001552,true
SGW-ITM-001553,ShopGoodwill,GW-018,"Die-cast vehicle lot, assorted",Collectibles,Used - Very Good,2026-06-25T09:00:00-04:00,2026-07-09T11:00:00-04:00,2026-08-02T17:00:00-04:00,,SGW-LST-001553,true
SGW-ITM-001554,ShopGoodwill,GW-004,"Wool cardigan, size S",Apparel,Used - Good,2026-07-10T09:00:00-04:00,2026-07-19T11:00:00-04:00,2026-08-21T17:00:00-04:00,,SGW-LST-001554,true
SGW-ITM-001555,ShopGoodwill,GW-002,Vintage Pyrex mixing bowl set,Collectibles,Used - Very Good,2026-06-29T09:00:00-04:00,2026-07-06T11:00:00-04:00,2026-08-10T17:00:00-04:00,,SGW-LST-001555,true
SGW-ITM-001556,ShopGoodwill,GW-015,Vintage costume jewelry lot,Jewelry,Used - Very Good,2026-07-12T09:00:00-04:00,2026-07-13T11:00:00-04:00,2026-08-18T17:00:00-04:00,,SGW-LST-001556,true
SGW-ITM-001557,ShopGoodwill,GW-008,Nintendo DS console with charger,Electronics,Used - Good,2026-07-29T09:00:00-04:00,2026-08-06T11:00:00-04:00,2026-08-23T17:00:00-04:00,,SGW-LST-001557,true
SGW-ITM-001558,ShopGoodwill,GW-003,"Bose portable speaker, cosmetic wear",Electronics,For parts / repair,2026-08-11T09:00:00-04:00,2026-08-16T11:00:00-04:00,2026-08-24T17:00:00-04:00,,SGW-LST-001558,true
SGW-ITM-001559,ShopGoodwill,GW-005,"Digital multimeter, tested",Tools,Used - Very Good,2026-07-16T09:00:00-04:00,2026-07-23T11:00:00-04:00,2026-08-19T17:00:00-04:00,,SGW-LST-001559,true
SGW-ITM-001560,ShopGoodwill,GW-016,"Levi's denim jacket, size L",Apparel,Used - Good,2026-07-24T09:00:00-04:00,2026-08-03T11:00:00-04:00,2026-08-22T17:00:00-04:00,,SGW-LST-001560,true
SGW-ITM-001561,ShopGoodwill,GW-017,"Bose portable speaker, cosmetic wear",Electronics,Used - Acceptable,2026-07-22T09:00:00-04:00,2026-07-26T11:00:00-04:00,2026-08-12T17:00:00-04:00,,SGW-LST-001561,true
SGW-ITM-001562,ShopGoodwill,GW-004,"Estate postcard collection, 80 pieces",Collectibles,For parts / repair,2026-06-26T09:00:00-04:00,2026-07-08T11:00:00-04:00,2026-08-02T17:00:00-04:00,,SGW-LST-001562,true
SGW-ITM-001563,ShopGoodwill,GW-009,"Vintage cassette deck, powers on",Electronics,Used - Good,2026-06-25T09:00:00-04:00,2026-06-27T11:00:00-04:00,2026-08-04T17:00:00-04:00,,SGW-LST-001563,true
SGW-ITM-001564,ShopGoodwill,GW-012,Tennis racquet pair with covers,Sporting Goods,Used - Acceptable,2026-07-22T09:00:00-04:00,2026-07-29T11:00:00-04:00,2026-08-24T17:00:00-04:00,,SGW-LST-001564,true
SGW-ITM-001565,ShopGoodwill,GW-002,KitchenAid hand mixer with beaters,Home,Used - Acceptable,2026-07-07T09:00:00-04:00,2026-07-12T11:00:00-04:00,2026-08-14T17:00:00-04:00,,SGW-LST-001565,true
SGW-ITM-001566,ShopGoodwill,GW-001,"Stoneware dinner service, 12 pieces",Home,Used - Good,2026-07-30T09:00:00-04:00,2026-08-12T11:00:00-04:00,2026-08-29T17:00:00-04:00,,SGW-LST-001566,true
SGW-ITM-001567,ShopGoodwill,GW-023,Vintage Pyrex mixing bowl set,Collectibles,Used - Very Good,2026-07-21T09:00:00-04:00,2026-08-04T11:00:00-04:00,2026-08-16T17:00:00-04:00,,SGW-LST-001567,true
SGW-ITM-001568,ShopGoodwill,GW-012,"Patagonia fleece jacket, size M",Apparel,Used - Very Good,2026-07-21T09:00:00-04:00,2026-07-29T11:00:00-04:00,2026-08-12T17:00:00-04:00,,SGW-LST-001568,true
SGW-ITM-001569,ShopGoodwill,GW-017,Nintendo DS console with charger,Electronics,Used - Good,2026-08-04T09:00:00-04:00,2026-08-08T11:00:00-04:00,2026-08-25T17:00:00-04:00,,SGW-LST-001569,true
SGW-ITM-001570,ShopGoodwill,GW-011,"Bose portable speaker, cosmetic wear",Electronics,For parts / repair,2026-07-18T09:00:00-04:00,2026-07-21T11:00:00-04:00,2026-08-24T17:00:00-04:00,,SGW-LST-001570,true
SGW-ITM-001571,ShopGoodwill,GW-011,"Estate postcard collection, 80 pieces",Collectibles,Used - Acceptable,2026-06-22T09:00:00-04:00,2026-07-04T11:00:00-04:00,2026-08-06T17:00:00-04:00,,SGW-LST-001571,true
SGW-ITM-001572,ShopGoodwill,GW-024,"Model train locomotive, boxed",Collectibles,Used - Good,2026-08-08T09:00:00-04:00,2026-08-15T11:00:00-04:00,2026-08-28T17:00:00-04:00,,SGW-LST-001572,true
SGW-ITM-001573,ShopGoodwill,GW-008,"Levi's denim jacket, size L",Apparel,For parts / repair,2026-07-22T09:00:00-04:00,2026-07-27T11:00:00-04:00,2026-08-25T17:00:00-04:00,,SGW-LST-001573,true
SGW-ITM-001574,ShopGoodwill,GW-011,Vintage belt with brass buckle,Accessories,For parts / repair,2026-07-13T09:00:00-04:00,2026-07-15T11:00:00-04:00,2026-08-18T17:00:00-04:00,,SGW-LST-001574,true
SGW-ITM-001575,ShopGoodwill,GW-019,"Patagonia fleece jacket, size M",Apparel,Used - Very Good,2026-06-29T09:00:00-04:00,2026-07-12T11:00:00-04:00,2026-08-16T17:00:00-04:00,,SGW-LST-001575,true
SGW-ITM-001576,ShopGoodwill,GW-015,"Model train locomotive, boxed",Collectibles,Used - Acceptable,2026-07-01T09:00:00-04:00,2026-07-14T11:00:00-04:00,2026-08-02T17:00:00-04:00,,SGW-LST-001576,true
SGW-ITM-001577,ShopGoodwill,GW-004,Vintage Pyrex mixing bowl set,Collectibles,Used - Good,2026-07-27T09:00:00-04:00,2026-08-02T11:00:00-04:00,2026-08-04T17:00:00-04:00,,SGW-LST-001577,true
SGW-ITM-001578,ShopGoodwill,GW-020,"Vintage cassette deck, powers on",Electronics,Used - Good,2026-08-13T09:00:00-04:00,2026-08-19T11:00:00-04:00,2026-08-22T17:00:00-04:00,,SGW-LST-001578,true
SGW-ITM-001579,ShopGoodwill,GW-004,"Model train locomotive, boxed",Collectibles,For parts / repair,2026-06-21T09:00:00-04:00,2026-07-02T11:00:00-04:00,2026-08-03T17:00:00-04:00,,SGW-LST-001579,true
SGW-ITM-001580,ShopGoodwill,GW-012,Fishing reel with spare spool,Sporting Goods,Used - Very Good,2026-07-16T09:00:00-04:00,2026-07-26T11:00:00-04:00,2026-08-25T17:00:00-04:00,,SGW-LST-001580,true
SGW-ITM-001581,ShopGoodwill,GW-020,"Patagonia fleece jacket, size M",Apparel,Used - Acceptable,2026-06-16T09:00:00-04:00,2026-06-30T11:00:00-04:00,2026-08-06T17:00:00-04:00,,SGW-LST-001581,true
SGW-ITM-001582,ShopGoodwill,GW-001,Engineering reference manual,Books,Used - Very Good,2026-08-04T09:00:00-04:00,2026-08-06T11:00:00-04:00,2026-08-14T17:00:00-04:00,,SGW-LST-001582,true
SGW-ITM-001583,ShopGoodwill,GW-002,KitchenAid hand mixer with beaters,Home,Used - Acceptable,2026-07-06T09:00:00-04:00,2026-07-14T11:00:00-04:00,2026-08-21T17:00:00-04:00,,SGW-LST-001583,true
SGW-ITM-001584,ShopGoodwill,GW-010,Nintendo DS console with charger,Electronics,Used - Very Good,2026-07-15T09:00:00-04:00,2026-07-20T11:00:00-04:00,2026-08-02T17:00:00-04:00,,SGW-LST-001584,true
SGW-ITM-001585,ShopGoodwill,GW-017,"Levi's denim jacket, size L",Apparel,Used - Good,2026-07-26T09:00:00-04:00,2026-07-30T11:00:00-04:00,2026-08-22T17:00:00-04:00,,SGW-LST-001585,true
SGW-ITM-001586,ShopGoodwill,GW-022,"Mystery paperback lot, 6 books",Books,For parts / repair,2026-07-07T09:00:00-04:00,2026-07-15T11:00:00-04:00,2026-08-20T17:00:00-04:00,,SGW-LST-001586,true
SGW-ITM-001587,ShopGoodwill,GW-021,Tennis racquet pair with covers,Sporting Goods,Used - Very Good,2026-07-09T09:00:00-04:00,2026-07-23T11:00:00-04:00,2026-08-29T17:00:00-04:00,,SGW-LST-001587,true
SGW-ITM-001588,ShopGoodwill,GW-009,"DeWalt cordless drill, tool only",Tools,For parts / repair,2026-07-21T09:00:00-04:00,2026-07-28T11:00:00-04:00,2026-08-25T17:00:00-04:00,,SGW-LST-001588,true
SGW-ITM-001589,ShopGoodwill,GW-021,"DeWalt cordless drill, tool only",Tools,Used - Good,2026-06-29T09:00:00-04:00,2026-07-08T11:00:00-04:00,2026-08-06T17:00:00-04:00,,SGW-LST-001589,true
SGW-ITM-001590,ShopGoodwill,GW-024,"Patagonia fleece jacket, size M",Apparel,Used - Acceptable,2026-07-30T09:00:00-04:00,2026-08-05T11:00:00-04:00,2026-08-30T17:00:00-04:00,,SGW-LST-001590,true
SGW-ITM-001591,ShopGoodwill,GW-004,Tennis racquet pair with covers,Sporting Goods,For parts / repair,2026-07-27T09:00:00-04:00,2026-08-03T11:00:00-04:00,2026-08-31T17:00:00-04:00,,SGW-LST-001591,true
SGW-ITM-001592,ShopGoodwill,GW-007,Nintendo DS console with charger,Electronics,Used - Good,2026-07-18T09:00:00-04:00,2026-07-30T11:00:00-04:00,2026-08-02T17:00:00-04:00,,SGW-LST-001592,true
SGW-ITM-001593,ShopGoodwill,GW-002,Tennis racquet pair with covers,Sporting Goods,Used - Acceptable,2026-07-21T09:00:00-04:00,2026-07-26T11:00:00-04:00,2026-08-03T17:00:00-04:00,,SGW-LST-001593,true
SGW-ITM-001594,ShopGoodwill,GW-013,Sony stereo receiver — tested,Electronics,Used - Acceptable,2026-07-18T09:00:00-04:00,2026-07-25T11:00:00-04:00,2026-08-28T17:00:00-04:00,,SGW-LST-001594,true
SGW-ITM-001595,ShopGoodwill,GW-023,"Stoneware dinner service, 12 pieces",Home,Used - Good,2026-08-10T09:00:00-04:00,2026-08-12T11:00:00-04:00,2026-08-31T17:00:00-04:00,,SGW-LST-001595,true
SGW-ITM-001596,ShopGoodwill,GW-024,"Mystery paperback lot, 6 books",Books,Used - Acceptable,2026-07-09T09:00:00-04:00,2026-07-20T11:00:00-04:00,2026-08-13T17:00:00-04:00,,SGW-LST-001596,true
SGW-ITM-001597,ShopGoodwill,GW-011,"Model train locomotive, boxed",Collectibles,Used - Very Good,2026-07-17T09:00:00-04:00,2026-07-24T11:00:00-04:00,2026-08-05T17:00:00-04:00,,SGW-LST-001597,true
SGW-ITM-001598,ShopGoodwill,GW-009,Sony stereo receiver — tested,Electronics,Used - Acceptable,2026-08-05T09:00:00-04:00,2026-08-09T11:00:00-04:00,2026-08-31T17:00:00-04:00,,SGW-LST-001598,true
SGW-ITM-001599,ShopGoodwill,GW-005,"Golf iron set, right handed",Sporting Goods,For parts / repair,2026-06-30T09:00:00-04:00,2026-07-03T11:00:00-04:00,2026-08-08T17:00:00-04:00,,SGW-LST-001599,true
SGW-ITM-001600,ShopGoodwill,GW-018,"Wool cardigan, size S",Apparel,Used - Very Good,2026-08-21T09:00:00-04:00,2026-08-22T11:00:00-04:00,2026-08-25T17:00:00-04:00,,SGW-LST-001600,true
SGW-ITM-001601,ShopGoodwill,GW-020,"Canon EF zoom lens, 75–300mm",Electronics,Used - Very Good,2026-06-27T09:00:00-04:00,2026-07-04T11:00:00-04:00,2026-08-03T17:00:00-04:00,,SGW-LST-001601,true
SGW-ITM-001602,ShopGoodwill,GW-019,"Canon EF zoom lens, 75–300mm",Electronics,Used - Good,2026-07-11T09:00:00-04:00,2026-07-19T11:00:00-04:00,2026-08-17T17:00:00-04:00,,SGW-LST-001602,true
SGW-ITM-001603,ShopGoodwill,GW-021,"Art history volume, dust jacket",Books,For parts / repair,2026-07-31T09:00:00-04:00,2026-08-06T11:00:00-04:00,2026-08-20T17:00:00-04:00,,SGW-LST-001603,true
SGW-ITM-001604,ShopGoodwill,GW-016,KitchenAid hand mixer with beaters,Home,For parts / repair,2026-07-27T09:00:00-04:00,2026-08-10T11:00:00-04:00,2026-08-15T17:00:00-04:00,,SGW-LST-001604,true
SGW-ITM-001605,ShopGoodwill,GW-002,"Wool cardigan, size S",Apparel,For parts / repair,2026-07-20T09:00:00-04:00,2026-08-01T11:00:00-04:00,2026-08-21T17:00:00-04:00,,SGW-LST-001605,true
SGW-ITM-001606,ShopGoodwill,GW-020,Signed studio pottery vase,Collectibles,Used - Very Good,2026-07-06T09:00:00-04:00,2026-07-15T11:00:00-04:00,2026-08-03T17:00:00-04:00,,SGW-LST-001606,true
SGW-ITM-001607,ShopGoodwill,GW-012,Signed studio pottery vase,Collectibles,Used - Very Good,2026-07-27T09:00:00-04:00,2026-08-07T11:00:00-04:00,2026-08-22T17:00:00-04:00,,SGW-LST-001607,true
SGW-ITM-001608,ShopGoodwill,GW-002,Vintage costume jewelry lot,Jewelry,Used - Good,2026-07-18T09:00:00-04:00,2026-07-27T11:00:00-04:00,2026-08-04T17:00:00-04:00,,SGW-LST-001608,true
SGW-ITM-001609,ShopGoodwill,GW-012,Vintage Pyrex mixing bowl set,Collectibles,Used - Acceptable,2026-06-27T09:00:00-04:00,2026-07-11T11:00:00-04:00,2026-08-16T17:00:00-04:00,,SGW-LST-001609,true
SGW-ITM-001610,ShopGoodwill,GW-020,Fishing reel with spare spool,Sporting Goods,Used - Very Good,2026-07-16T09:00:00-04:00,2026-07-30T11:00:00-04:00,2026-08-20T17:00:00-04:00,,SGW-LST-001610,true
SGW-ITM-001611,ShopGoodwill,GW-002,"Bose portable speaker, cosmetic wear",Electronics,Used - Good,2026-07-02T09:00:00-04:00,2026-07-12T11:00:00-04:00,2026-08-02T17:00:00-04:00,,SGW-LST-001611,true
SGW-ITM-001612,ShopGoodwill,GW-002,"Stoneware dinner service, 12 pieces",Home,For parts / repair,2026-07-14T09:00:00-04:00,2026-07-27T11:00:00-04:00,2026-08-27T17:00:00-04:00,,SGW-LST-001612,true
SGW-ITM-001613,ShopGoodwill,GW-017,"Canon EF zoom lens, 75–300mm",Electronics,Used - Very Good,2026-07-26T09:00:00-04:00,2026-08-01T11:00:00-04:00,2026-08-25T17:00:00-04:00,,SGW-LST-001613,true
SGW-ITM-001614,ShopGoodwill,GW-002,"Die-cast vehicle lot, assorted",Collectibles,Used - Acceptable,2026-07-28T09:00:00-04:00,2026-08-05T11:00:00-04:00,2026-08-13T17:00:00-04:00,,SGW-LST-001614,true
SGW-ITM-001615,ShopGoodwill,GW-004,Vintage Pyrex mixing bowl set,Collectibles,For parts / repair,2026-07-06T09:00:00-04:00,2026-07-15T11:00:00-04:00,2026-08-03T17:00:00-04:00,,SGW-LST-001615,true
SGW-ITM-001616,ShopGoodwill,GW-004,Vintage Pyrex mixing bowl set,Collectibles,Used - Very Good,2026-07-22T09:00:00-04:00,2026-07-25T11:00:00-04:00,2026-08-29T17:00:00-04:00,,SGW-LST-001616,true
SGW-ITM-001617,ShopGoodwill,GW-018,"Art history volume, dust jacket",Books,Used - Good,2026-07-27T09:00:00-04:00,2026-08-09T11:00:00-04:00,2026-08-31T17:00:00-04:00,,SGW-LST-001617,true
SGW-ITM-001618,ShopGoodwill,GW-013,Hardcover regional cookbook,Books,For parts / repair,2026-07-27T09:00:00-04:00,2026-08-02T11:00:00-04:00,2026-08-29T17:00:00-04:00,,SGW-LST-001618,true
SGW-ITM-001619,ShopGoodwill,GW-013,"Levi's denim jacket, size L",Apparel,For parts / repair,2026-08-04T09:00:00-04:00,2026-08-05T11:00:00-04:00,2026-08-23T17:00:00-04:00,,SGW-LST-001619,true
SGW-ITM-001620,ShopGoodwill,GW-010,"Bose portable speaker, cosmetic wear",Electronics,For parts / repair,2026-07-24T09:00:00-04:00,2026-07-29T11:00:00-04:00,2026-08-24T17:00:00-04:00,,SGW-LST-001620,true
SGW-ITM-001621,ShopGoodwill,GW-012,"Sterling ring, size 7",Jewelry,Used - Very Good,2026-07-18T09:00:00-04:00,2026-07-19T11:00:00-04:00,2026-08-09T17:00:00-04:00,,SGW-LST-001621,true
SGW-ITM-001622,ShopGoodwill,GW-017,Vintage costume jewelry lot,Jewelry,Used - Acceptable,2026-07-15T09:00:00-04:00,2026-07-26T11:00:00-04:00,2026-08-25T17:00:00-04:00,,SGW-LST-001622,true
SGW-ITM-001623,ShopGoodwill,GW-004,"Stoneware dinner service, 12 pieces",Home,For parts / repair,2026-07-17T09:00:00-04:00,2026-07-22T11:00:00-04:00,2026-08-04T17:00:00-04:00,,SGW-LST-001623,true
SGW-ITM-001624,ShopGoodwill,GW-018,Signed studio pottery vase,Collectibles,Used - Very Good,2026-07-21T09:00:00-04:00,2026-07-28T11:00:00-04:00,2026-08-30T17:00:00-04:00,,SGW-LST-001624,true
SGW-ITM-001625,ShopGoodwill,GW-021,"Estate postcard collection, 80 pieces",Collectibles,Used - Acceptable,2026-06-28T09:00:00-04:00,2026-06-30T11:00:00-04:00,2026-08-03T17:00:00-04:00,,SGW-LST-001625,true
SGW-ITM-001626,ShopGoodwill,GW-015,Vintage Pyrex mixing bowl set,Collectibles,Used - Very Good,2026-07-16T09:00:00-04:00,2026-07-28T11:00:00-04:00,2026-08-11T17:00:00-04:00,,SGW-LST-001626,true
SGW-ITM-001627,ShopGoodwill,GW-022,"Stoneware dinner service, 12 pieces",Home,Used - Good,2026-07-20T09:00:00-04:00,2026-07-25T11:00:00-04:00,2026-08-08T17:00:00-04:00,,SGW-LST-001627,true
SGW-ITM-001628,ShopGoodwill,GW-011,"Hiking backpack, 40L",Sporting Goods,Used - Acceptable,2026-07-17T09:00:00-04:00,2026-07-21T11:00:00-04:00,2026-08-27T17:00:00-04:00,,SGW-LST-001628,true
SGW-ITM-001629,ShopGoodwill,GW-004,Sony stereo receiver — tested,Electronics,For parts / repair,2026-06-29T09:00:00-04:00,2026-07-08T11:00:00-04:00,2026-08-13T17:00:00-04:00,,SGW-LST-001629,true
SGW-ITM-001630,ShopGoodwill,GW-006,"Vintage cassette deck, powers on",Electronics,Used - Very Good,2026-07-13T09:00:00-04:00,2026-07-26T11:00:00-04:00,2026-08-05T17:00:00-04:00,,SGW-LST-001630,true
SGW-ITM-001631,ShopGoodwill,GW-019,"Die-cast vehicle lot, assorted",Collectibles,For parts / repair,2026-07-03T09:00:00-04:00,2026-07-11T11:00:00-04:00,2026-08-18T17:00:00-04:00,,SGW-LST-001631,true
SGW-ITM-001632,ShopGoodwill,GW-014,Hardcover regional cookbook,Books,Used - Very Good,2026-07-14T09:00:00-04:00,2026-07-23T11:00:00-04:00,2026-08-27T17:00:00-04:00,,SGW-LST-001632,true
SGW-ITM-001633,ShopGoodwill,GW-005,"Brass table lamp, tested",Home,Used - Very Good,2026-08-01T09:00:00-04:00,2026-08-02T11:00:00-04:00,2026-08-08T17:00:00-04:00,,SGW-LST-001633,true
SGW-ITM-001634,ShopGoodwill,GW-001,Vintage Pyrex mixing bowl set,Collectibles,Used - Acceptable,2026-07-27T09:00:00-04:00,2026-08-06T11:00:00-04:00,2026-08-10T17:00:00-04:00,,SGW-LST-001634,true
SGW-ITM-001635,ShopGoodwill,GW-024,"Canon EF zoom lens, 75–300mm",Electronics,Used - Acceptable,2026-08-04T09:00:00-04:00,2026-08-11T11:00:00-04:00,2026-08-27T17:00:00-04:00,,SGW-LST-001635,true
SGW-ITM-001636,ShopGoodwill,GW-008,Engineering reference manual,Books,Used - Very Good,2026-06-19T09:00:00-04:00,2026-06-29T11:00:00-04:00,2026-08-01T17:00:00-04:00,,SGW-LST-001636,true
SGW-ITM-001637,ShopGoodwill,GW-001,Vintage Stanley hand plane,Tools,Used - Good,2026-06-27T09:00:00-04:00,2026-07-03T11:00:00-04:00,2026-08-07T17:00:00-04:00,,SGW-LST-001637,true
SGW-ITM-001638,ShopGoodwill,GW-006,"Handwoven wool rug, 3 × 5 ft",Home,For parts / repair,2026-07-16T09:00:00-04:00,2026-07-24T11:00:00-04:00,2026-08-04T17:00:00-04:00,,SGW-LST-001638,true
SGW-ITM-001639,ShopGoodwill,GW-005,"Sterling silver necklace, 18 inch",Jewelry,Used - Very Good,2026-07-27T09:00:00-04:00,2026-08-09T11:00:00-04:00,2026-08-20T17:00:00-04:00,,SGW-LST-001639,true
SGW-ITM-001640,ShopGoodwill,GW-008,"Gold-tone wristwatch, untested",Jewelry,Used - Very Good,2026-07-30T09:00:00-04:00,2026-08-04T11:00:00-04:00,2026-08-31T17:00:00-04:00,,SGW-LST-001640,true
SGW-ITM-001641,ShopGoodwill,GW-009,"Illustrated field guide, revised edition",Books,Used - Good,2026-06-25T09:00:00-04:00,2026-07-02T11:00:00-04:00,2026-08-03T17:00:00-04:00,,SGW-LST-001641,true
SGW-ITM-001642,ShopGoodwill,GW-020,Hardcover regional cookbook,Books,Used - Good,2026-08-12T09:00:00-04:00,2026-08-26T11:00:00-04:00,2026-08-30T17:00:00-04:00,,SGW-LST-001642,true
SGW-ITM-001643,ShopGoodwill,GW-020,"Art history volume, dust jacket",Books,Used - Acceptable,2026-07-26T09:00:00-04:00,2026-08-07T11:00:00-04:00,2026-08-31T17:00:00-04:00,,SGW-LST-001643,true
SGW-ITM-001644,ShopGoodwill,GW-002,"Hiking backpack, 40L",Sporting Goods,Used - Acceptable,2026-07-20T09:00:00-04:00,2026-07-24T11:00:00-04:00,2026-08-31T17:00:00-04:00,,SGW-LST-001644,true
SGW-ITM-001645,ShopGoodwill,GW-015,"Art history volume, dust jacket",Books,Used - Good,2026-07-29T09:00:00-04:00,2026-08-12T11:00:00-04:00,2026-08-31T17:00:00-04:00,,SGW-LST-001645,true
SGW-ITM-001646,ShopGoodwill,GW-008,"Mystery paperback lot, 6 books",Books,Used - Good,2026-07-27T09:00:00-04:00,2026-08-03T11:00:00-04:00,2026-08-16T17:00:00-04:00,,SGW-LST-001646,true
SGW-ITM-001647,ShopGoodwill,GW-012,"Digital multimeter, tested",Tools,Used - Acceptable,2026-08-18T09:00:00-04:00,2026-08-20T11:00:00-04:00,2026-08-28T17:00:00-04:00,,SGW-LST-001647,true
SGW-ITM-001648,ShopGoodwill,GW-001,"Canon EF zoom lens, 75–300mm",Electronics,For parts / repair,2026-08-12T09:00:00-04:00,2026-08-14T11:00:00-04:00,2026-08-30T17:00:00-04:00,,SGW-LST-001648,true
SGW-ITM-001649,ShopGoodwill,GW-004,"Wool cardigan, size S",Apparel,Used - Acceptable,2026-07-24T09:00:00-04:00,2026-08-02T11:00:00-04:00,2026-08-15T17:00:00-04:00,,SGW-LST-001649,true
SGW-ITM-001650,ShopGoodwill,GW-024,Vintage Pyrex mixing bowl set,Collectibles,For parts / repair,2026-07-24T09:00:00-04:00,2026-08-01T11:00:00-04:00,2026-08-26T17:00:00-04:00,,SGW-LST-001650,true
SGW-ITM-001651,ShopGoodwill,GW-001,"Levi's denim jacket, size L",Apparel,Used - Acceptable,2026-08-07T09:00:00-04:00,2026-08-12T11:00:00-04:00,2026-08-23T17:00:00-04:00,,SGW-LST-001651,true
SGW-ITM-001652,ShopGoodwill,GW-018,"Vintage cassette deck, powers on",Electronics,Used - Acceptable,2026-07-21T09:00:00-04:00,2026-07-25T11:00:00-04:00,2026-08-04T17:00:00-04:00,,SGW-LST-001652,true
SGW-ITM-001653,ShopGoodwill,GW-009,Nintendo DS console with charger,Electronics,Used - Very Good,2026-07-10T09:00:00-04:00,2026-07-12T11:00:00-04:00,2026-08-05T17:00:00-04:00,,SGW-LST-001653,true
SGW-ITM-001654,ShopGoodwill,GW-022,"Bose portable speaker, cosmetic wear",Electronics,For parts / repair,2026-07-09T09:00:00-04:00,2026-07-12T11:00:00-04:00,2026-08-18T17:00:00-04:00,,SGW-LST-001654,true
SGW-ITM-001655,ShopGoodwill,GW-006,"Illustrated field guide, revised edition",Books,Used - Very Good,2026-07-26T09:00:00-04:00,2026-08-07T11:00:00-04:00,2026-08-16T17:00:00-04:00,,SGW-LST-001655,true
SGW-ITM-001656,ShopGoodwill,GW-022,"Illustrated field guide, revised edition",Books,Used - Good,2026-07-14T09:00:00-04:00,2026-07-20T11:00:00-04:00,2026-08-21T17:00:00-04:00,,SGW-LST-001656,true
SGW-ITM-001657,ShopGoodwill,GW-006,KitchenAid hand mixer with beaters,Home,Used - Acceptable,2026-07-01T09:00:00-04:00,2026-07-15T11:00:00-04:00,2026-08-05T17:00:00-04:00,,SGW-LST-001657,true
SGW-ITM-001658,ShopGoodwill,GW-009,"Golf iron set, right handed",Sporting Goods,Used - Very Good,2026-07-19T09:00:00-04:00,2026-07-27T11:00:00-04:00,2026-08-16T17:00:00-04:00,,SGW-LST-001658,true
SGW-ITM-001659,ShopGoodwill,GW-009,KitchenAid hand mixer with beaters,Home,Used - Acceptable,2026-06-20T09:00:00-04:00,2026-06-27T11:00:00-04:00,2026-08-01T17:00:00-04:00,,SGW-LST-001659,true
SGW-ITM-001660,ShopGoodwill,GW-018,Signed studio pottery vase,Collectibles,Used - Good,2026-07-27T09:00:00-04:00,2026-08-01T11:00:00-04:00,2026-08-20T17:00:00-04:00,,SGW-LST-001660,true
SGW-ITM-001661,ShopGoodwill,GW-017,"Die-cast vehicle lot, assorted",Collectibles,Used - Very Good,2026-07-08T09:00:00-04:00,2026-07-19T11:00:00-04:00,2026-08-13T17:00:00-04:00,,SGW-LST-001661,true
SGW-ITM-001662,ShopGoodwill,GW-004,Vintage Pyrex mixing bowl set,Collectibles,For parts / repair,2026-07-15T09:00:00-04:00,2026-07-27T11:00:00-04:00,2026-08-20T17:00:00-04:00,,SGW-LST-001662,true
SGW-ITM-001663,ShopGoodwill,GW-013,"Craftsman socket set, 32 pieces",Tools,Used - Very Good,2026-08-07T09:00:00-04:00,2026-08-16T11:00:00-04:00,2026-08-23T17:00:00-04:00,,SGW-LST-001663,true
SGW-ITM-001664,ShopGoodwill,GW-022,"Vintage cassette deck, powers on",Electronics,For parts / repair,2026-07-26T09:00:00-04:00,2026-07-28T11:00:00-04:00,2026-08-07T17:00:00-04:00,,SGW-LST-001664,true
SGW-ITM-001665,ShopGoodwill,GW-008,"Model train locomotive, boxed",Collectibles,Used - Good,2026-07-01T09:00:00-04:00,2026-07-12T11:00:00-04:00,2026-08-05T17:00:00-04:00,,SGW-LST-001665,true
SGW-ITM-001666,ShopGoodwill,GW-002,Vintage belt with brass buckle,Accessories,For parts / repair,2026-06-24T09:00:00-04:00,2026-07-05T11:00:00-04:00,2026-08-01T17:00:00-04:00,,SGW-LST-001666,true
SGW-ITM-001667,ShopGoodwill,GW-002,Vintage costume jewelry lot,Jewelry,Used - Acceptable,2026-08-07T09:00:00-04:00,2026-08-12T11:00:00-04:00,2026-08-20T17:00:00-04:00,,SGW-LST-001667,true
SGW-ITM-001668,ShopGoodwill,GW-005,"Vintage cassette deck, powers on",Electronics,For parts / repair,2026-08-02T09:00:00-04:00,2026-08-08T11:00:00-04:00,2026-08-16T17:00:00-04:00,,SGW-LST-001668,true
SGW-ITM-001669,ShopGoodwill,GW-006,"Patagonia fleece jacket, size M",Apparel,Used - Good,2026-08-03T09:00:00-04:00,2026-08-12T11:00:00-04:00,2026-08-17T17:00:00-04:00,,SGW-LST-001669,true
SGW-ITM-001670,ShopGoodwill,GW-005,"Handwoven wool rug, 3 × 5 ft",Home,Used - Good,2026-06-17T09:00:00-04:00,2026-07-01T11:00:00-04:00,2026-08-05T17:00:00-04:00,,SGW-LST-001670,true
SGW-ITM-001671,ShopGoodwill,GW-020,"Golf iron set, right handed",Sporting Goods,Used - Acceptable,2026-07-19T09:00:00-04:00,2026-07-20T11:00:00-04:00,2026-08-06T17:00:00-04:00,,SGW-LST-001671,true
SGW-ITM-001672,ShopGoodwill,GW-009,Sony stereo receiver — tested,Electronics,Used - Acceptable,2026-06-28T09:00:00-04:00,2026-07-08T11:00:00-04:00,2026-08-07T17:00:00-04:00,,SGW-LST-001672,true
SGW-ITM-001673,ShopGoodwill,GW-020,"Hiking backpack, 40L",Sporting Goods,For parts / repair,2026-08-08T09:00:00-04:00,2026-08-22T11:00:00-04:00,2026-08-29T17:00:00-04:00,,SGW-LST-001673,true
SGW-ITM-001674,ShopGoodwill,GW-009,"Vintage concert T-shirt, size XL",Apparel,Used - Acceptable,2026-06-30T09:00:00-04:00,2026-07-04T11:00:00-04:00,2026-08-09T17:00:00-04:00,,SGW-LST-001674,true
SGW-ITM-001675,ShopGoodwill,GW-020,"Brass table lamp, tested",Home,Used - Very Good,2026-07-05T09:00:00-04:00,2026-07-17T11:00:00-04:00,2026-08-14T17:00:00-04:00,,SGW-LST-001675,true
SGW-ITM-001676,ShopGoodwill,GW-022,KitchenAid hand mixer with beaters,Home,For parts / repair,2026-06-14T09:00:00-04:00,2026-06-27T11:00:00-04:00,2026-08-04T17:00:00-04:00,,SGW-LST-001676,true
SGW-ITM-001677,ShopGoodwill,GW-004,"Vintage concert T-shirt, size XL",Apparel,Used - Very Good,2026-07-27T09:00:00-04:00,2026-08-03T11:00:00-04:00,2026-08-09T17:00:00-04:00,,SGW-LST-001677,true
SGW-ITM-001678,ShopGoodwill,GW-008,"Patagonia fleece jacket, size M",Apparel,For parts / repair,2026-08-08T09:00:00-04:00,2026-08-17T11:00:00-04:00,2026-08-20T17:00:00-04:00,,SGW-LST-001678,true
SGW-ITM-001679,ShopGoodwill,GW-008,"Model train locomotive, boxed",Collectibles,Used - Acceptable,2026-08-10T09:00:00-04:00,2026-08-11T11:00:00-04:00,2026-08-22T17:00:00-04:00,,SGW-LST-001679,true
SGW-ITM-001680,ShopGoodwill,GW-024,"Vintage concert T-shirt, size XL",Apparel,Used - Acceptable,2026-08-06T09:00:00-04:00,2026-08-09T11:00:00-04:00,2026-08-31T17:00:00-04:00,,SGW-LST-001680,true
SGW-ITM-001681,ShopGoodwill,GW-006,"Mystery paperback lot, 6 books",Books,Used - Acceptable,2026-07-23T09:00:00-04:00,2026-07-29T11:00:00-04:00,2026-08-23T17:00:00-04:00,,SGW-LST-001681,true
SGW-ITM-001682,ShopGoodwill,GW-009,Signed studio pottery vase,Collectibles,For parts / repair,2026-08-01T09:00:00-04:00,2026-08-11T11:00:00-04:00,2026-08-19T17:00:00-04:00,,SGW-LST-001682,true
SGW-ITM-001683,ShopGoodwill,GW-004,Sony stereo receiver — tested,Electronics,Used - Acceptable,2026-07-13T09:00:00-04:00,2026-07-26T11:00:00-04:00,2026-08-11T17:00:00-04:00,,SGW-LST-001683,true
SGW-ITM-001684,ShopGoodwill,GW-008,"Bose portable speaker, cosmetic wear",Electronics,For parts / repair,2026-06-25T09:00:00-04:00,2026-07-07T11:00:00-04:00,2026-08-06T17:00:00-04:00,,SGW-LST-001684,true
SGW-ITM-001685,ShopGoodwill,GW-013,KitchenAid hand mixer with beaters,Home,Used - Acceptable,2026-08-03T09:00:00-04:00,2026-08-08T11:00:00-04:00,2026-08-30T17:00:00-04:00,,SGW-LST-001685,true
SGW-ITM-001686,ShopGoodwill,GW-017,Vintage costume jewelry lot,Jewelry,Used - Very Good,2026-07-20T09:00:00-04:00,2026-07-25T11:00:00-04:00,2026-08-23T17:00:00-04:00,,SGW-LST-001686,true
SGW-ITM-001687,ShopGoodwill,GW-020,Hardcover regional cookbook,Books,For parts / repair,2026-08-06T09:00:00-04:00,2026-08-20T11:00:00-04:00,2026-08-31T17:00:00-04:00,,SGW-LST-001687,true
SGW-ITM-001688,ShopGoodwill,,"Canon EF zoom lens, 75–300mm",Electronics,For parts / repair,2026-07-29T09:00:00-04:00,2026-08-03T11:00:00-04:00,2026-08-19T17:00:00-04:00,,SGW-LST-001688,true
SGW-ITM-001689,ShopGoodwill,GW-012,Vintage belt with brass buckle,Accessories,Used - Acceptable,2026-08-19T09:00:00-04:00,2026-08-25T11:00:00-04:00,2026-08-29T17:00:00-04:00,,SGW-LST-001689,true
SGW-ITM-001690,ShopGoodwill,GW-011,"Vintage concert T-shirt, size XL",Apparel,For parts / repair,2026-06-29T09:00:00-04:00,2026-07-02T11:00:00-04:00,2026-08-04T17:00:00-04:00,,SGW-LST-001690,true
SGW-ITM-001691,ShopGoodwill,GW-005,Nintendo DS console with charger,Electronics,Used - Acceptable,2026-06-29T09:00:00-04:00,2026-07-07T11:00:00-04:00,2026-08-04T17:00:00-04:00,,SGW-LST-001691,true
SGW-ITM-001692,ShopGoodwill,GW-011,Vintage Pyrex mixing bowl set,Collectibles,Used - Acceptable,2026-06-28T09:00:00-04:00,2026-07-02T11:00:00-04:00,2026-08-07T17:00:00-04:00,,SGW-LST-001692,true
SGW-ITM-001693,ShopGoodwill,GW-005,"Vintage cassette deck, powers on",Electronics,Used - Good,2026-08-01T09:00:00-04:00,2026-08-10T11:00:00-04:00,2026-08-26T17:00:00-04:00,,SGW-LST-001693,true
SGW-ITM-001694,ShopGoodwill,GW-007,"DeWalt cordless drill, tool only",Tools,Used - Good,2026-07-15T09:00:00-04:00,2026-07-18T11:00:00-04:00,2026-08-24T17:00:00-04:00,,SGW-LST-001694,true
SGW-ITM-001695,ShopGoodwill,GW-024,"Model train locomotive, boxed",Collectibles,For parts / repair,2026-08-01T09:00:00-04:00,2026-08-07T11:00:00-04:00,2026-08-29T17:00:00-04:00,,SGW-LST-001695,true
SGW-ITM-001696,ShopGoodwill,GW-008,"Stoneware dinner service, 12 pieces",Home,Used - Good,2026-07-20T09:00:00-04:00,2026-07-24T11:00:00-04:00,2026-08-15T17:00:00-04:00,,SGW-LST-001696,true
SGW-ITM-001697,ShopGoodwill,GW-004,"Patagonia fleece jacket, size M",Apparel,Used - Acceptable,2026-07-31T09:00:00-04:00,2026-08-08T11:00:00-04:00,2026-08-18T17:00:00-04:00,,SGW-LST-001697,true
SGW-ITM-001698,ShopGoodwill,GW-001,"Art history volume, dust jacket",Books,Used - Good,2026-07-16T09:00:00-04:00,2026-07-22T11:00:00-04:00,2026-08-09T17:00:00-04:00,,SGW-LST-001698,true
SGW-ITM-001699,ShopGoodwill,GW-012,"Hiking backpack, 40L",Sporting Goods,Used - Very Good,2026-07-31T09:00:00-04:00,2026-08-10T11:00:00-04:00,2026-08-22T17:00:00-04:00,,SGW-LST-001699,true
SGW-ITM-001700,ShopGoodwill,GW-008,"Handwoven wool rug, 3 × 5 ft",Home,Used - Acceptable,2026-07-02T09:00:00-04:00,2026-07-15T11:00:00-04:00,2026-08-09T17:00:00-04:00,,SGW-LST-001700,true
SGW-ITM-001701,ShopGoodwill,GW-014,Vintage Stanley hand plane,Tools,Used - Very Good,2026-07-18T09:00:00-04:00,2026-08-01T11:00:00-04:00,2026-08-30T17:00:00-04:00,,SGW-LST-001701,true
SGW-ITM-001702,ShopGoodwill,GW-020,"Golf iron set, right handed",Sporting Goods,Used - Very Good,2026-07-14T09:00:00-04:00,2026-07-18T11:00:00-04:00,2026-08-15T17:00:00-04:00,,SGW-LST-001702,true
SGW-ITM-001703,ShopGoodwill,GW-017,"Sterling ring, size 7",Jewelry,Used - Very Good,2026-06-21T09:00:00-04:00,2026-06-28T11:00:00-04:00,2026-08-02T17:00:00-04:00,,SGW-LST-001703,true
SGW-ITM-001704,ShopGoodwill,GW-009,"Vintage concert T-shirt, size XL",Apparel,Used - Good,2026-06-20T09:00:00-04:00,2026-06-29T11:00:00-04:00,2026-08-04T17:00:00-04:00,,SGW-LST-001704,true
SGW-ITM-001705,ShopGoodwill,GW-010,Sony stereo receiver — tested,Electronics,For parts / repair,2026-07-26T09:00:00-04:00,2026-08-01T11:00:00-04:00,2026-08-20T17:00:00-04:00,,SGW-LST-001705,true
SGW-ITM-001706,ShopGoodwill,GW-001,"Levi's denim jacket, size L",Apparel,Used - Acceptable,2026-08-15T09:00:00-04:00,2026-08-26T11:00:00-04:00,2026-08-30T17:00:00-04:00,,SGW-LST-001706,true
SGW-ITM-001707,ShopGoodwill,GW-014,Sony stereo receiver — tested,Electronics,For parts / repair,2026-07-29T09:00:00-04:00,2026-08-01T11:00:00-04:00,2026-08-08T17:00:00-04:00,,SGW-LST-001707,true
SGW-ITM-001708,ShopGoodwill,GW-017,Vintage Pyrex mixing bowl set,Collectibles,For parts / repair,2026-07-22T09:00:00-04:00,2026-08-05T11:00:00-04:00,2026-08-16T17:00:00-04:00,,SGW-LST-001708,true
SGW-ITM-001709,ShopGoodwill,GW-006,"Golf iron set, right handed",Sporting Goods,Used - Acceptable,2026-07-11T09:00:00-04:00,2026-07-24T11:00:00-04:00,2026-08-31T17:00:00-04:00,,SGW-LST-001709,true
SGW-ITM-001710,ShopGoodwill,GW-007,"Bose portable speaker, cosmetic wear",Electronics,Used - Good,2026-08-01T09:00:00-04:00,2026-08-13T11:00:00-04:00,2026-08-25T17:00:00-04:00,,SGW-LST-001710,true
SGW-ITM-001711,ShopGoodwill,GW-020,"DeWalt cordless drill, tool only",Tools,Used - Good,2026-08-04T09:00:00-04:00,2026-08-07T11:00:00-04:00,2026-08-09T17:00:00-04:00,,SGW-LST-001711,true
SGW-ITM-001712,ShopGoodwill,GW-022,"Handwoven wool rug, 3 × 5 ft",Home,Used - Acceptable,2026-07-13T09:00:00-04:00,2026-07-23T11:00:00-04:00,2026-08-02T17:00:00-04:00,,SGW-LST-001712,true
SGW-ITM-001713,ShopGoodwill,GW-009,Vintage Pyrex mixing bowl set,Collectibles,Used - Acceptable,2026-07-12T09:00:00-04:00,2026-07-14T11:00:00-04:00,2026-08-02T17:00:00-04:00,,SGW-LST-001713,true
SGW-ITM-001714,ShopGoodwill,GW-012,"Canon EF zoom lens, 75–300mm",Electronics,For parts / repair,2026-06-21T09:00:00-04:00,2026-06-28T11:00:00-04:00,2026-08-03T17:00:00-04:00,,SGW-LST-001714,true
SGW-ITM-001715,ShopGoodwill,GW-001,Signed studio pottery vase,Collectibles,Used - Good,2026-07-22T09:00:00-04:00,2026-07-31T11:00:00-04:00,2026-08-19T17:00:00-04:00,,SGW-LST-001715,true
SGW-ITM-001716,ShopGoodwill,GW-002,"Brass table lamp, tested",Home,Used - Very Good,2026-08-18T09:00:00-04:00,2026-08-27T11:00:00-04:00,2026-08-29T17:00:00-04:00,,SGW-LST-001716,true
SGW-ITM-001717,ShopGoodwill,GW-004,"Bose portable speaker, cosmetic wear",Electronics,Used - Good,2026-07-16T09:00:00-04:00,2026-07-19T11:00:00-04:00,2026-08-17T17:00:00-04:00,,SGW-LST-001717,true
SGW-ITM-001718,ShopGoodwill,GW-019,Vintage Stanley hand plane,Tools,Used - Acceptable,2026-07-18T09:00:00-04:00,2026-07-27T11:00:00-04:00,2026-08-03T17:00:00-04:00,,SGW-LST-001718,true
SGW-ITM-001719,ShopGoodwill,GW-024,"Vintage concert T-shirt, size XL",Apparel,Used - Good,2026-07-22T09:00:00-04:00,2026-07-28T11:00:00-04:00,2026-08-28T17:00:00-04:00,,SGW-LST-001719,true
SGW-ITM-001720,ShopGoodwill,GW-001,"Stoneware dinner service, 12 pieces",Home,Used - Acceptable,2026-07-19T09:00:00-04:00,2026-07-31T11:00:00-04:00,2026-08-14T17:00:00-04:00,,SGW-LST-001720,true
SGW-ITM-001721,ShopGoodwill,GW-023,Fishing reel with spare spool,Sporting Goods,Used - Acceptable,2026-07-30T09:00:00-04:00,2026-08-06T11:00:00-04:00,2026-08-23T17:00:00-04:00,,SGW-LST-001721,true
SGW-ITM-001722,ShopGoodwill,GW-012,"Handwoven wool rug, 3 × 5 ft",Home,Used - Acceptable,2026-06-29T09:00:00-04:00,2026-07-12T11:00:00-04:00,2026-08-17T17:00:00-04:00,,SGW-LST-001722,true
SGW-ITM-001723,ShopGoodwill,GW-017,"Vintage concert T-shirt, size XL",Apparel,Used - Good,2026-07-19T09:00:00-04:00,2026-07-28T11:00:00-04:00,2026-08-11T17:00:00-04:00,,SGW-LST-001723,true
SGW-ITM-001724,ShopGoodwill,GW-023,Sony stereo receiver — tested,Electronics,Used - Good,2026-08-07T09:00:00-04:00,2026-08-09T11:00:00-04:00,2026-08-16T17:00:00-04:00,,SGW-LST-001724,true
SGW-ITM-001725,ShopGoodwill,GW-017,"Bose portable speaker, cosmetic wear",Electronics,Used - Good,2026-07-18T09:00:00-04:00,2026-07-26T11:00:00-04:00,2026-08-27T17:00:00-04:00,,SGW-LST-001725,true
SGW-ITM-001726,ShopGoodwill,GW-004,"Gold-tone wristwatch, untested",Jewelry,Used - Good,2026-07-22T09:00:00-04:00,2026-08-02T11:00:00-04:00,2026-08-13T17:00:00-04:00,,SGW-LST-001726,true
SGW-ITM-001727,ShopGoodwill,GW-016,"Wool cardigan, size S",Apparel,Used - Very Good,2026-07-19T09:00:00-04:00,2026-07-29T11:00:00-04:00,2026-08-02T17:00:00-04:00,,SGW-LST-001727,true
SGW-ITM-001728,ShopGoodwill,GW-002,"Canon EF zoom lens, 75–300mm",Electronics,For parts / repair,2026-06-27T09:00:00-04:00,2026-07-04T11:00:00-04:00,2026-08-06T17:00:00-04:00,,SGW-LST-001728,true
SGW-ITM-001729,ShopGoodwill,GW-001,"Brass table lamp, tested",Home,Used - Acceptable,2026-08-01T09:00:00-04:00,2026-08-06T11:00:00-04:00,2026-08-17T17:00:00-04:00,,SGW-LST-001729,true
SGW-ITM-001730,ShopGoodwill,GW-024,"Levi's denim jacket, size L",Apparel,Used - Very Good,2026-07-26T09:00:00-04:00,2026-07-27T11:00:00-04:00,2026-08-29T17:00:00-04:00,,SGW-LST-001730,true
SGW-ITM-001731,ShopGoodwill,GW-016,Vintage belt with brass buckle,Accessories,Used - Good,2026-07-05T09:00:00-04:00,2026-07-08T11:00:00-04:00,2026-08-15T17:00:00-04:00,,SGW-LST-001731,true
SGW-ITM-001732,ShopGoodwill,GW-011,Signed studio pottery vase,Collectibles,Used - Very Good,2026-07-17T09:00:00-04:00,2026-07-18T11:00:00-04:00,2026-08-11T17:00:00-04:00,,SGW-LST-001732,true
SGW-ITM-001733,ShopGoodwill,GW-016,Vintage Stanley hand plane,Tools,Used - Acceptable,2026-08-01T09:00:00-04:00,2026-08-12T11:00:00-04:00,2026-08-22T17:00:00-04:00,,SGW-LST-001733,true
SGW-ITM-001734,ShopGoodwill,GW-004,"Bose portable speaker, cosmetic wear",Electronics,For parts / repair,2026-07-17T09:00:00-04:00,2026-07-21T11:00:00-04:00,2026-08-06T17:00:00-04:00,,SGW-LST-001734,true
SGW-ITM-001735,ShopGoodwill,GW-016,Signed studio pottery vase,Collectibles,Used - Very Good,2026-07-15T09:00:00-04:00,2026-07-22T11:00:00-04:00,2026-08-05T17:00:00-04:00,,SGW-LST-001735,true
SGW-ITM-001736,ShopGoodwill,GW-007,Signed studio pottery vase,Collectibles,Used - Acceptable,2026-08-11T09:00:00-04:00,2026-08-14T11:00:00-04:00,2026-08-28T17:00:00-04:00,,SGW-LST-001736,true
SGW-ITM-001737,ShopGoodwill,GW-021,"Hiking backpack, 40L",Sporting Goods,Used - Good,2026-08-16T09:00:00-04:00,2026-08-22T11:00:00-04:00,2026-08-26T17:00:00-04:00,,SGW-LST-001737,true
SGW-ITM-001738,ShopGoodwill,GW-005,Nintendo DS console with charger,Electronics,Used - Very Good,2026-07-22T09:00:00-04:00,2026-08-05T11:00:00-04:00,2026-08-14T17:00:00-04:00,,SGW-LST-001738,true
SGW-ITM-001739,ShopGoodwill,GW-019,"Estate postcard collection, 80 pieces",Collectibles,Used - Good,2026-07-29T09:00:00-04:00,2026-08-07T11:00:00-04:00,2026-08-23T17:00:00-04:00,,SGW-LST-001739,true
SGW-ITM-001740,ShopGoodwill,GW-016,Vintage Stanley hand plane,Tools,Used - Good,2026-08-04T09:00:00-04:00,2026-08-05T11:00:00-04:00,2026-08-11T17:00:00-04:00,,SGW-LST-001740,true
SGW-ITM-001741,ShopGoodwill,GW-016,"Handwoven wool rug, 3 × 5 ft",Home,For parts / repair,2026-07-19T09:00:00-04:00,2026-07-24T11:00:00-04:00,2026-08-24T17:00:00-04:00,,SGW-LST-001741,true
SGW-ITM-001742,ShopGoodwill,GW-007,Hardcover regional cookbook,Books,Used - Very Good,2026-08-02T09:00:00-04:00,2026-08-12T11:00:00-04:00,2026-08-21T17:00:00-04:00,,SGW-LST-001742,true
SGW-ITM-001743,ShopGoodwill,GW-004,"Die-cast vehicle lot, assorted",Collectibles,Used - Acceptable,2026-07-01T09:00:00-04:00,2026-07-05T11:00:00-04:00,2026-08-12T17:00:00-04:00,,SGW-LST-001743,true
SGW-ITM-001744,ShopGoodwill,GW-018,Sony stereo receiver — tested,Electronics,Used - Very Good,2026-06-30T09:00:00-04:00,2026-07-07T11:00:00-04:00,2026-08-06T17:00:00-04:00,,SGW-LST-001744,true
SGW-ITM-001745,ShopGoodwill,GW-008,Vintage Pyrex mixing bowl set,Collectibles,Used - Very Good,2026-07-04T09:00:00-04:00,2026-07-14T11:00:00-04:00,2026-08-21T17:00:00-04:00,,SGW-LST-001745,true
SGW-ITM-001746,ShopGoodwill,GW-008,"Bose portable speaker, cosmetic wear",Electronics,Used - Good,2026-07-08T09:00:00-04:00,2026-07-17T11:00:00-04:00,2026-08-17T17:00:00-04:00,2026-08-27T21:00:00-04:00,SGW-LST-001746,true
SGW-ITM-001747,ShopGoodwill,GW-012,Engineering reference manual,Books,Used - Acceptable,2026-07-07T09:00:00-04:00,2026-07-19T11:00:00-04:00,2026-08-04T17:00:00-04:00,,SGW-LST-001747,true
SGW-ITM-001748,ShopGoodwill,GW-024,"Hiking backpack, 40L",Sporting Goods,Used - Very Good,2026-07-15T09:00:00-04:00,2026-07-26T11:00:00-04:00,2026-08-04T17:00:00-04:00,,SGW-LST-001748,true
SGW-ITM-001749,ShopGoodwill,GW-010,Signed studio pottery vase,Collectibles,Used - Acceptable,2026-08-01T09:00:00-04:00,2026-08-13T11:00:00-04:00,2026-08-15T17:00:00-04:00,,SGW-LST-001749,true
SGW-ITM-001750,ShopGoodwill,GW-006,"Vintage concert T-shirt, size XL",Apparel,Used - Good,2026-08-08T09:00:00-04:00,2026-08-16T11:00:00-04:00,2026-08-31T17:00:00-04:00,,SGW-LST-001750,true
SGW-ITM-001751,ShopGoodwill,GW-015,"Illustrated field guide, revised edition",Books,Used - Good,2026-06-26T09:00:00-04:00,2026-07-09T11:00:00-04:00,2026-08-01T17:00:00-04:00,,SGW-LST-001751,true
SGW-ITM-001752,ShopGoodwill,GW-002,"Golf iron set, right handed",Sporting Goods,Used - Very Good,2026-07-30T09:00:00-04:00,2026-07-31T11:00:00-04:00,2026-08-16T17:00:00-04:00,,SGW-LST-001752,true
SGW-ITM-001753,ShopGoodwill,GW-010,"Brass table lamp, tested",Home,Used - Good,2026-06-24T09:00:00-04:00,2026-07-08T11:00:00-04:00,2026-08-14T17:00:00-04:00,,SGW-LST-001753,true
SGW-ITM-001754,ShopGoodwill,GW-014,KitchenAid hand mixer with beaters,Home,Used - Good,2026-07-27T09:00:00-04:00,2026-07-30T11:00:00-04:00,2026-08-09T17:00:00-04:00,,SGW-LST-001754,true
SGW-ITM-001755,ShopGoodwill,GW-009,Sony stereo receiver — tested,Electronics,Used - Very Good,2026-07-21T09:00:00-04:00,2026-07-22T11:00:00-04:00,2026-08-03T17:00:00-04:00,,SGW-LST-001755,true
SGW-ITM-001756,ShopGoodwill,GW-021,Nintendo DS console with charger,Electronics,Used - Good,2026-07-22T09:00:00-04:00,2026-07-29T11:00:00-04:00,2026-08-27T17:00:00-04:00,,SGW-LST-001756,true
SGW-ITM-001757,ShopGoodwill,GW-011,"Model train locomotive, boxed",Collectibles,Used - Very Good,2026-06-30T09:00:00-04:00,2026-07-07T11:00:00-04:00,2026-08-05T17:00:00-04:00,,SGW-LST-001757,true
SGW-ITM-001758,ShopGoodwill,GW-007,"Stoneware dinner service, 12 pieces",Home,Used - Very Good,2026-07-10T09:00:00-04:00,2026-07-23T11:00:00-04:00,2026-08-24T17:00:00-04:00,,SGW-LST-001758,true
SGW-ITM-001759,ShopGoodwill,GW-005,"Stoneware dinner service, 12 pieces",Home,For parts / repair,2026-06-22T09:00:00-04:00,2026-07-04T11:00:00-04:00,2026-08-11T17:00:00-04:00,,SGW-LST-001759,true
SGW-ITM-001760,ShopGoodwill,GW-009,"Hiking backpack, 40L",Sporting Goods,Used - Good,2026-08-14T09:00:00-04:00,2026-08-16T11:00:00-04:00,2026-08-31T17:00:00-04:00,,SGW-LST-001760,true
SGW-ITM-001761,ShopGoodwill,GW-016,Vintage Pyrex mixing bowl set,Collectibles,Used - Very Good,2026-06-30T09:00:00-04:00,2026-07-02T11:00:00-04:00,2026-08-09T17:00:00-04:00,,SGW-LST-001761,true
SGW-ITM-001762,ShopGoodwill,GW-017,"Levi's denim jacket, size L",Apparel,Used - Very Good,2026-07-13T09:00:00-04:00,2026-07-23T11:00:00-04:00,2026-08-01T17:00:00-04:00,,SGW-LST-001762,true
SGW-ITM-001763,ShopGoodwill,GW-008,"Wool cardigan, size S",Apparel,For parts / repair,2026-07-21T09:00:00-04:00,2026-07-26T11:00:00-04:00,2026-08-16T17:00:00-04:00,,SGW-LST-001763,true
SGW-ITM-001764,ShopGoodwill,GW-009,"Wool cardigan, size S",Apparel,Used - Very Good,2026-07-07T09:00:00-04:00,2026-07-13T11:00:00-04:00,2026-08-16T17:00:00-04:00,,SGW-LST-001764,true
SGW-ITM-001765,ShopGoodwill,GW-001,Sony stereo receiver — tested,Electronics,For parts / repair,2026-07-06T09:00:00-04:00,2026-07-12T11:00:00-04:00,2026-08-13T17:00:00-04:00,,SGW-LST-001765,true
SGW-ITM-001766,ShopGoodwill,GW-019,Nintendo DS console with charger,Electronics,Used - Good,2026-08-06T09:00:00-04:00,2026-08-12T11:00:00-04:00,2026-08-28T17:00:00-04:00,,SGW-LST-001766,true
SGW-ITM-001767,ShopGoodwill,GW-024,"Die-cast vehicle lot, assorted",Collectibles,For parts / repair,2026-07-30T09:00:00-04:00,2026-08-12T11:00:00-04:00,2026-08-28T17:00:00-04:00,,SGW-LST-001767,true
SGW-ITM-001768,ShopGoodwill,GW-002,"Hiking backpack, 40L",Sporting Goods,Used - Acceptable,2026-07-06T09:00:00-04:00,2026-07-12T11:00:00-04:00,2026-08-14T17:00:00-04:00,,SGW-LST-001768,true
SGW-ITM-001769,ShopGoodwill,GW-001,"Brass table lamp, tested",Home,Used - Acceptable,2026-07-10T09:00:00-04:00,2026-07-11T11:00:00-04:00,2026-08-13T17:00:00-04:00,,SGW-LST-001769,true
SGW-ITM-001770,ShopGoodwill,GW-015,"Bose portable speaker, cosmetic wear",Electronics,Used - Very Good,2026-07-29T09:00:00-04:00,2026-08-06T11:00:00-04:00,2026-08-12T17:00:00-04:00,,SGW-LST-001770,true
SGW-ITM-001771,ShopGoodwill,GW-022,"Canon EF zoom lens, 75–300mm",Electronics,Used - Very Good,2026-08-06T09:00:00-04:00,2026-08-07T11:00:00-04:00,2026-08-23T17:00:00-04:00,,SGW-LST-001771,true
SGW-ITM-001772,ShopGoodwill,GW-005,"DeWalt cordless drill, tool only",Tools,Used - Acceptable,2026-07-08T09:00:00-04:00,2026-07-21T11:00:00-04:00,2026-08-17T17:00:00-04:00,,SGW-LST-001772,true
SGW-ITM-001773,ShopGoodwill,GW-006,Signed studio pottery vase,Collectibles,Used - Very Good,2026-07-05T09:00:00-04:00,2026-07-06T11:00:00-04:00,2026-08-01T17:00:00-04:00,,SGW-LST-001773,true
SGW-ITM-001774,ShopGoodwill,GW-009,"Model train locomotive, boxed",Collectibles,Used - Good,2026-07-04T09:00:00-04:00,2026-07-08T11:00:00-04:00,2026-08-15T17:00:00-04:00,,SGW-LST-001774,true
SGW-ITM-001775,ShopGoodwill,GW-023,"Bose portable speaker, cosmetic wear",Electronics,Used - Good,2026-07-20T09:00:00-04:00,2026-07-31T11:00:00-04:00,2026-08-24T17:00:00-04:00,,SGW-LST-001775,true
SGW-ITM-001776,ShopGoodwill,GW-012,"Silk scarf, floral print",Accessories,Used - Very Good,2026-07-19T09:00:00-04:00,2026-07-29T11:00:00-04:00,2026-08-02T17:00:00-04:00,,SGW-LST-001776,true
SGW-ITM-001777,ShopGoodwill,GW-006,Vintage costume jewelry lot,Jewelry,Used - Very Good,2026-07-04T09:00:00-04:00,2026-07-16T11:00:00-04:00,2026-08-12T17:00:00-04:00,,SGW-LST-001777,true
SGW-ITM-001778,ShopGoodwill,GW-012,"Levi's denim jacket, size L",Apparel,For parts / repair,2026-08-03T09:00:00-04:00,2026-08-15T11:00:00-04:00,2026-08-28T17:00:00-04:00,,SGW-LST-001778,true
SGW-ITM-001779,ShopGoodwill,GW-006,Sony stereo receiver — tested,Electronics,Used - Acceptable,2026-07-06T09:00:00-04:00,2026-07-20T11:00:00-04:00,2026-08-08T17:00:00-04:00,,SGW-LST-001779,true
SGW-ITM-001780,ShopGoodwill,GW-011,"Model train locomotive, boxed",Collectibles,For parts / repair,2026-08-06T09:00:00-04:00,2026-08-16T11:00:00-04:00,2026-08-29T17:00:00-04:00,,SGW-LST-001780,true
SGW-ITM-001781,ShopGoodwill,GW-006,"Levi's denim jacket, size L",Apparel,For parts / repair,2026-07-10T09:00:00-04:00,2026-07-22T11:00:00-04:00,2026-08-05T17:00:00-04:00,,SGW-LST-001781,true
SGW-ITM-001782,ShopGoodwill,GW-005,"Brass table lamp, tested",Home,Used - Good,2026-07-28T09:00:00-04:00,2026-08-02T11:00:00-04:00,2026-08-27T17:00:00-04:00,,SGW-LST-001782,true
SGW-ITM-001783,ShopGoodwill,GW-024,"Bose portable speaker, cosmetic wear",Electronics,Used - Acceptable,2026-07-04T09:00:00-04:00,2026-07-13T11:00:00-04:00,2026-08-14T17:00:00-04:00,,SGW-LST-001783,true
SGW-ITM-001784,ShopGoodwill,GW-004,"Art history volume, dust jacket",Books,Used - Good,2026-07-31T09:00:00-04:00,2026-08-04T11:00:00-04:00,2026-08-06T17:00:00-04:00,,SGW-LST-001784,true
SGW-ITM-001785,ShopGoodwill,GW-011,"Canon EF zoom lens, 75–300mm",Electronics,Used - Good,2026-07-07T09:00:00-04:00,2026-07-09T11:00:00-04:00,2026-08-09T17:00:00-04:00,,SGW-LST-001785,true
SGW-ITM-001786,ShopGoodwill,GW-010,"Vintage concert T-shirt, size XL",Apparel,Used - Good,2026-06-30T09:00:00-04:00,2026-07-14T11:00:00-04:00,2026-08-07T17:00:00-04:00,,SGW-LST-001786,true
SGW-ITM-001787,ShopGoodwill,GW-008,"Vintage cassette deck, powers on",Electronics,Used - Very Good,2026-08-12T09:00:00-04:00,2026-08-23T11:00:00-04:00,2026-08-30T17:00:00-04:00,2026-08-30T21:00:00-04:00,SGW-LST-001787,true
SGW-ITM-001788,ShopGoodwill,GW-018,"Handwoven wool rug, 3 × 5 ft",Home,For parts / repair,2026-07-10T09:00:00-04:00,2026-07-23T11:00:00-04:00,2026-08-26T17:00:00-04:00,,SGW-LST-001788,true
SGW-ITM-001789,ShopGoodwill,GW-009,Fishing reel with spare spool,Sporting Goods,For parts / repair,2026-07-31T09:00:00-04:00,2026-08-03T11:00:00-04:00,2026-08-09T17:00:00-04:00,,SGW-LST-001789,true
SGW-ITM-001790,ShopGoodwill,GW-017,"Leather tote bag, brown",Accessories,Used - Good,2026-08-12T09:00:00-04:00,2026-08-24T11:00:00-04:00,2026-08-26T17:00:00-04:00,,SGW-LST-001790,true
SGW-ITM-001791,ShopGoodwill,GW-014,Nintendo DS console with charger,Electronics,Used - Acceptable,2026-07-24T09:00:00-04:00,2026-07-31T11:00:00-04:00,2026-08-29T17:00:00-04:00,,SGW-LST-001791,true
SGW-ITM-001792,ShopGoodwill,GW-004,Vintage Stanley hand plane,Tools,For parts / repair,2026-07-13T09:00:00-04:00,2026-07-24T11:00:00-04:00,2026-08-02T17:00:00-04:00,,SGW-LST-001792,true
SGW-ITM-001793,ShopGoodwill,GW-020,Vintage costume jewelry lot,Jewelry,For parts / repair,2026-07-09T09:00:00-04:00,2026-07-21T11:00:00-04:00,2026-08-11T17:00:00-04:00,,SGW-LST-001793,true
SGW-ITM-001794,ShopGoodwill,GW-008,"Handwoven wool rug, 3 × 5 ft",Home,Used - Very Good,2026-07-05T09:00:00-04:00,2026-07-18T11:00:00-04:00,2026-08-10T17:00:00-04:00,,SGW-LST-001794,true
SGW-ITM-001795,ShopGoodwill,GW-023,"Gold-tone wristwatch, untested",Jewelry,Used - Good,2026-07-06T09:00:00-04:00,2026-07-19T11:00:00-04:00,2026-08-19T17:00:00-04:00,,SGW-LST-001795,true
SGW-ITM-001796,ShopGoodwill,GW-012,"Die-cast vehicle lot, assorted",Collectibles,For parts / repair,2026-08-03T09:00:00-04:00,2026-08-04T11:00:00-04:00,2026-08-08T17:00:00-04:00,,SGW-LST-001796,true
SGW-ITM-001797,ShopGoodwill,GW-001,"Estate postcard collection, 80 pieces",Collectibles,Used - Good,2026-07-21T09:00:00-04:00,2026-08-01T11:00:00-04:00,2026-08-29T17:00:00-04:00,,SGW-LST-001797,true
SGW-ITM-001798,ShopGoodwill,GW-020,"Sterling silver necklace, 18 inch",Jewelry,Used - Acceptable,2026-07-27T09:00:00-04:00,2026-08-07T11:00:00-04:00,2026-08-17T17:00:00-04:00,,SGW-LST-001798,true
SGW-ITM-001799,ShopGoodwill,GW-001,"Wool cardigan, size S",Apparel,For parts / repair,2026-07-06T09:00:00-04:00,2026-07-12T11:00:00-04:00,2026-08-12T17:00:00-04:00,,SGW-LST-001799,true
SGW-ITM-001800,ShopGoodwill,GW-002,"Die-cast vehicle lot, assorted",Collectibles,Used - Acceptable,2026-07-23T09:00:00-04:00,2026-07-24T11:00:00-04:00,2026-08-06T17:00:00-04:00,,SGW-LST-001800,true
SGW-UNSOLD-000001,ShopGoodwill,GW-002,Vintage Stanley hand plane,Tools,Used - Good,2026-08-13T09:00:00-04:00,,,,,true
SGW-UNSOLD-000002,ShopGoodwill,GW-016,"Bose portable speaker, cosmetic wear",Electronics,Used - Very Good,2026-08-08T09:00:00-04:00,,,,,true
SGW-UNSOLD-000003,ShopGoodwill,GW-001,"Hiking backpack, 40L",Sporting Goods,Used - Acceptable,2026-08-27T09:00:00-04:00,,,,,true
SGW-UNSOLD-000004,ShopGoodwill,GW-004,"Digital multimeter, tested",Tools,Used - Very Good,2026-07-21T09:00:00-04:00,,,,,true
SGW-UNSOLD-000007,ShopGoodwill,GW-001,"Estate postcard collection, 80 pieces",Collectibles,For parts / repair,2026-07-19T09:00:00-04:00,,,,,true
SGW-UNSOLD-000008,ShopGoodwill,GW-022,"Hiking backpack, 40L",Sporting Goods,Used - Good,2026-08-03T09:00:00-04:00,2026-08-25T11:00:00-04:00,,,SGW-OPEN-000008,true
SGW-UNSOLD-000009,ShopGoodwill,GW-021,"Die-cast vehicle lot, assorted",Collectibles,Used - Good,2026-07-25T09:00:00-04:00,2026-07-27T11:00:00-04:00,,,SGW-OPEN-000009,true
SGW-UNSOLD-000010,ShopGoodwill,GW-020,"Craftsman socket set, 32 pieces",Tools,Used - Good,2026-08-03T09:00:00-04:00,,,,,true
SGW-UNSOLD-000011,ShopGoodwill,GW-006,Fishing reel with spare spool,Sporting Goods,Used - Good,2026-08-24T09:00:00-04:00,,,,,true
SGW-UNSOLD-000012,ShopGoodwill,GW-012,"Hiking backpack, 40L",Sporting Goods,For parts / repair,2026-07-28T09:00:00-04:00,2026-08-06T11:00:00-04:00,,,SGW-OPEN-000012,true
SGW-UNSOLD-000013,ShopGoodwill,GW-017,"Travel duffel, navy",Accessories,Used - Good,2026-08-06T09:00:00-04:00,,,,,true
SGW-UNSOLD-000014,ShopGoodwill,GW-008,"Canon EF zoom lens, 75–300mm",Electronics,Used - Very Good,2026-08-24T09:00:00-04:00,,,,,true
SGW-UNSOLD-000016,ShopGoodwill,GW-022,"Stoneware dinner service, 12 pieces",Home,For parts / repair,2026-07-21T09:00:00-04:00,2026-07-28T11:00:00-04:00,,,SGW-OPEN-000016,true
SGW-UNSOLD-000017,ShopGoodwill,GW-007,Vintage costume jewelry lot,Jewelry,For parts / repair,2026-08-27T09:00:00-04:00,2026-08-29T11:00:00-04:00,,,SGW-OPEN-000017,true
SGW-UNSOLD-000020,ShopGoodwill,GW-009,Fishing reel with spare spool,Sporting Goods,Used - Acceptable,2026-07-21T09:00:00-04:00,2026-08-14T11:00:00-04:00,,,SGW-OPEN-000020,true
SGW-UNSOLD-000024,ShopGoodwill,GW-023,"Brass table lamp, tested",Home,Used - Acceptable,2026-08-30T09:00:00-04:00,,,,,true
SGW-UNSOLD-000025,ShopGoodwill,GW-011,"Wool cardigan, size S",Apparel,For parts / repair,2026-08-29T09:00:00-04:00,,,,,true
SGW-UNSOLD-000026,ShopGoodwill,GW-018,"Canon EF zoom lens, 75–300mm",Electronics,For parts / repair,2026-08-31T09:00:00-04:00,,,,,true
SGW-UNSOLD-000027,ShopGoodwill,GW-023,Tennis racquet pair with covers,Sporting Goods,Used - Acceptable,2026-08-18T09:00:00-04:00,,,,,true
SGW-UNSOLD-000028,ShopGoodwill,GW-004,Engineering reference manual,Books,For parts / repair,2026-08-21T09:00:00-04:00,,,,,true
SGW-UNSOLD-000029,ShopGoodwill,GW-012,Vintage Pyrex mixing bowl set,Collectibles,For parts / repair,2026-08-09T09:00:00-04:00,,,,,true
SGW-UNSOLD-000030,ShopGoodwill,GW-009,"Golf iron set, right handed",Sporting Goods,Used - Good,2026-08-13T09:00:00-04:00,2026-08-27T11:00:00-04:00,,,SGW-OPEN-000030,true
SGW-UNSOLD-000032,ShopGoodwill,GW-016,"Vintage concert T-shirt, size XL",Apparel,Used - Very Good,2026-08-11T09:00:00-04:00,,,,,true
SGW-UNSOLD-000033,ShopGoodwill,GW-012,"Vintage concert T-shirt, size XL",Apparel,Used - Good,2026-08-18T09:00:00-04:00,,,,,true
SGW-UNSOLD-000034,ShopGoodwill,GW-006,"Wool cardigan, size S",Apparel,Used - Good,2026-08-10T09:00:00-04:00,,,,,true
SGW-UNSOLD-000035,ShopGoodwill,GW-015,Nintendo DS console with charger,Electronics,Used - Very Good,2026-07-15T09:00:00-04:00,,,,,true
SGW-UNSOLD-000036,ShopGoodwill,GW-008,"Model train locomotive, boxed",Collectibles,Used - Acceptable,2026-08-02T09:00:00-04:00,2026-08-13T11:00:00-04:00,,,SGW-OPEN-000036,true
SGW-UNSOLD-000037,ShopGoodwill,GW-008,"Stoneware dinner service, 12 pieces",Home,Used - Very Good,2026-07-26T09:00:00-04:00,,,,,true
SGW-UNSOLD-000038,ShopGoodwill,GW-010,Tennis racquet pair with covers,Sporting Goods,Used - Acceptable,2026-07-13T09:00:00-04:00,,,,,true
SGW-UNSOLD-000039,ShopGoodwill,GW-001,"Digital multimeter, tested",Tools,For parts / repair,2026-08-01T09:00:00-04:00,,,,,true
SGW-UNSOLD-000041,ShopGoodwill,GW-009,Vintage Pyrex mixing bowl set,Collectibles,Used - Very Good,2026-08-06T09:00:00-04:00,2026-08-09T11:00:00-04:00,,,SGW-OPEN-000041,true
SGW-UNSOLD-000042,ShopGoodwill,GW-005,"Leather tote bag, brown",Accessories,Used - Acceptable,2026-07-21T09:00:00-04:00,,,,,true
SGW-UNSOLD-000044,ShopGoodwill,GW-001,Hardcover regional cookbook,Books,Used - Acceptable,2026-08-06T09:00:00-04:00,,,,,true
SGW-UNSOLD-000045,ShopGoodwill,GW-004,"Die-cast vehicle lot, assorted",Collectibles,Used - Very Good,2026-07-26T09:00:00-04:00,2026-08-16T11:00:00-04:00,,,SGW-OPEN-000045,true
SGW-UNSOLD-000047,ShopGoodwill,GW-004,Engineering reference manual,Books,Used - Very Good,2026-08-09T09:00:00-04:00,2026-08-31T11:00:00-04:00,,,SGW-OPEN-000047,true
SGW-UNSOLD-000048,ShopGoodwill,GW-002,"DeWalt cordless drill, tool only",Tools,For parts / repair,2026-07-29T09:00:00-04:00,2026-08-14T11:00:00-04:00,,,SGW-OPEN-000048,true
SGW-UNSOLD-000052,ShopGoodwill,GW-008,"Craftsman socket set, 32 pieces",Tools,Used - Acceptable,2026-08-17T09:00:00-04:00,,,,,true
SGW-UNSOLD-000054,ShopGoodwill,GW-005,"Illustrated field guide, revised edition",Books,Used - Acceptable,2026-07-27T09:00:00-04:00,2026-08-19T11:00:00-04:00,,,SGW-OPEN-000054,true
SGW-UNSOLD-000055,ShopGoodwill,GW-024,"Levi's denim jacket, size L",Apparel,Used - Acceptable,2026-07-17T09:00:00-04:00,,,,,true
SGW-UNSOLD-000056,ShopGoodwill,GW-017,"Silk scarf, floral print",Accessories,For parts / repair,2026-08-16T09:00:00-04:00,,,,,true
SGW-UNSOLD-000057,ShopGoodwill,GW-018,Vintage costume jewelry lot,Jewelry,Used - Good,2026-08-03T09:00:00-04:00,,,,,true
SGW-UNSOLD-000058,ShopGoodwill,GW-016,"DeWalt cordless drill, tool only",Tools,Used - Acceptable,2026-07-20T09:00:00-04:00,2026-07-27T11:00:00-04:00,,,SGW-OPEN-000058,true
SGW-UNSOLD-000059,ShopGoodwill,GW-012,"Estate postcard collection, 80 pieces",Collectibles,For parts / repair,2026-08-13T09:00:00-04:00,2026-08-30T11:00:00-04:00,,,SGW-OPEN-000059,true
SGW-UNSOLD-000060,ShopGoodwill,GW-016,"Handwoven wool rug, 3 × 5 ft",Home,Used - Good,2026-08-04T09:00:00-04:00,,,,,true
SGW-UNSOLD-000061,ShopGoodwill,GW-009,"Golf iron set, right handed",Sporting Goods,For parts / repair,2026-08-17T09:00:00-04:00,,,,,true
SGW-UNSOLD-000062,ShopGoodwill,GW-014,"Levi's denim jacket, size L",Apparel,Used - Good,2026-07-14T09:00:00-04:00,,,,,true
SGW-UNSOLD-000063,ShopGoodwill,GW-020,"Leather tote bag, brown",Accessories,Used - Very Good,2026-08-29T09:00:00-04:00,2026-08-31T11:00:00-04:00,,,SGW-OPEN-000063,true
SGW-UNSOLD-000064,ShopGoodwill,GW-015,"Hiking backpack, 40L",Sporting Goods,For parts / repair,2026-08-26T09:00:00-04:00,,,,,true
SGW-UNSOLD-000065,ShopGoodwill,GW-012,"Vintage cassette deck, powers on",Electronics,Used - Good,2026-08-26T09:00:00-04:00,2026-08-31T11:00:00-04:00,,,SGW-OPEN-000065,true
SGW-UNSOLD-000067,ShopGoodwill,GW-022,Tennis racquet pair with covers,Sporting Goods,Used - Very Good,2026-08-21T09:00:00-04:00,2026-08-26T11:00:00-04:00,,,SGW-OPEN-000067,true
SGW-UNSOLD-000068,ShopGoodwill,GW-011,"Art history volume, dust jacket",Books,Used - Very Good,2026-07-18T09:00:00-04:00,,,,,true
SGW-UNSOLD-000069,ShopGoodwill,GW-004,"Craftsman socket set, 32 pieces",Tools,Used - Very Good,2026-07-30T09:00:00-04:00,,,,,true
SGW-UNSOLD-000071,ShopGoodwill,GW-017,"Travel duffel, navy",Accessories,Used - Acceptable,2026-08-02T09:00:00-04:00,,,,,true
SGW-UNSOLD-000073,ShopGoodwill,GW-022,"Leather tote bag, brown",Accessories,Used - Good,2026-07-29T09:00:00-04:00,2026-08-11T11:00:00-04:00,,,SGW-OPEN-000073,true
SGW-UNSOLD-000074,ShopGoodwill,GW-005,Sony stereo receiver — tested,Electronics,Used - Good,2026-07-19T09:00:00-04:00,,,,,true
SGW-UNSOLD-000075,ShopGoodwill,GW-011,"Model train locomotive, boxed",Collectibles,Used - Good,2026-08-05T09:00:00-04:00,,,,,true
SGW-UNSOLD-000079,ShopGoodwill,GW-007,"Sterling ring, size 7",Jewelry,Used - Acceptable,2026-08-05T09:00:00-04:00,2026-08-20T11:00:00-04:00,,,SGW-OPEN-000079,true
SGW-UNSOLD-000080,ShopGoodwill,GW-008,"Model train locomotive, boxed",Collectibles,Used - Good,2026-08-07T09:00:00-04:00,2026-08-19T11:00:00-04:00,,,SGW-OPEN-000080,true
SGW-UNSOLD-000082,ShopGoodwill,GW-001,"Hiking backpack, 40L",Sporting Goods,Used - Very Good,2026-08-24T09:00:00-04:00,2026-08-30T11:00:00-04:00,,,SGW-OPEN-000082,true
SGW-UNSOLD-000083,ShopGoodwill,GW-023,Vintage Pyrex mixing bowl set,Collectibles,Used - Good,2026-07-22T09:00:00-04:00,,,,,true
SGW-UNSOLD-000084,ShopGoodwill,GW-018,Signed studio pottery vase,Collectibles,Used - Good,2026-07-16T09:00:00-04:00,2026-08-01T11:00:00-04:00,,,SGW-OPEN-000084,true
SGW-UNSOLD-000085,ShopGoodwill,GW-008,KitchenAid hand mixer with beaters,Home,Used - Good,2026-08-25T09:00:00-04:00,,,,,true
SGW-UNSOLD-000086,ShopGoodwill,GW-018,Vintage Stanley hand plane,Tools,Used - Good,2026-07-20T09:00:00-04:00,,,,,true
SGW-UNSOLD-000087,ShopGoodwill,GW-024,"Stoneware dinner service, 12 pieces",Home,Used - Good,2026-08-13T09:00:00-04:00,2026-08-25T11:00:00-04:00,,,SGW-OPEN-000087,true
SGW-UNSOLD-000088,ShopGoodwill,GW-018,"Sterling ring, size 7",Jewelry,Used - Good,2026-08-16T09:00:00-04:00,,,,,true
SGW-UNSOLD-000089,ShopGoodwill,GW-016,"Silk scarf, floral print",Accessories,For parts / repair,2026-07-25T09:00:00-04:00,,,,,true
SGW-UNSOLD-000091,ShopGoodwill,GW-008,"Sterling ring, size 7",Jewelry,Used - Acceptable,2026-08-04T09:00:00-04:00,,,,,true
SGW-UNSOLD-000092,ShopGoodwill,GW-024,"Model train locomotive, boxed",Collectibles,Used - Good,2026-07-25T09:00:00-04:00,,,,,true
SGW-UNSOLD-000094,ShopGoodwill,GW-021,"Silk scarf, floral print",Accessories,For parts / repair,2026-07-15T09:00:00-04:00,2026-07-28T11:00:00-04:00,,,SGW-OPEN-000094,true
SGW-UNSOLD-000095,ShopGoodwill,GW-023,"Vintage cassette deck, powers on",Electronics,For parts / repair,2026-08-18T09:00:00-04:00,,,,,true
SGW-UNSOLD-000096,ShopGoodwill,GW-021,"Hiking backpack, 40L",Sporting Goods,Used - Good,2026-08-13T09:00:00-04:00,,,,,true
SGW-UNSOLD-000097,ShopGoodwill,GW-017,Engineering reference manual,Books,Used - Acceptable,2026-08-14T09:00:00-04:00,,,,,true
SGW-UNSOLD-000098,ShopGoodwill,GW-010,"Levi's denim jacket, size L",Apparel,Used - Acceptable,2026-07-22T09:00:00-04:00,2026-07-31T11:00:00-04:00,,,SGW-OPEN-000098,true
SGW-UNSOLD-000099,ShopGoodwill,GW-012,"Silk scarf, floral print",Accessories,For parts / repair,2026-08-23T09:00:00-04:00,2026-08-28T11:00:00-04:00,,,SGW-OPEN-000099,true
SGW-UNSOLD-000100,ShopGoodwill,GW-015,Hardcover regional cookbook,Books,Used - Very Good,2026-08-25T09:00:00-04:00,,,,,true
SGW-UNSOLD-000101,ShopGoodwill,GW-002,"Handwoven wool rug, 3 × 5 ft",Home,Used - Acceptable,2026-07-15T09:00:00-04:00,2026-07-22T11:00:00-04:00,,,SGW-OPEN-000101,true
SGW-UNSOLD-000104,ShopGoodwill,GW-023,Signed studio pottery vase,Collectibles,Used - Very Good,2026-08-12T09:00:00-04:00,2026-08-14T11:00:00-04:00,,,SGW-OPEN-000104,true
SGW-UNSOLD-000105,ShopGoodwill,GW-017,"Mystery paperback lot, 6 books",Books,Used - Acceptable,2026-08-16T09:00:00-04:00,,,,,true
SGW-UNSOLD-000106,ShopGoodwill,GW-024,Nintendo DS console with charger,Electronics,Used - Very Good,2026-08-21T09:00:00-04:00,,,,,true
SGW-UNSOLD-000108,ShopGoodwill,GW-020,"Model train locomotive, boxed",Collectibles,Used - Good,2026-08-03T09:00:00-04:00,,,,,true
SGW-UNSOLD-000109,ShopGoodwill,GW-024,Sony stereo receiver — tested,Electronics,For parts / repair,2026-08-03T09:00:00-04:00,,,,,true
SGW-UNSOLD-000110,ShopGoodwill,GW-006,Signed studio pottery vase,Collectibles,Used - Acceptable,2026-08-29T09:00:00-04:00,,,,,true
SGW-UNSOLD-000111,ShopGoodwill,GW-017,"Bose portable speaker, cosmetic wear",Electronics,Used - Good,2026-08-30T09:00:00-04:00,,,,,true
SGW-UNSOLD-000112,ShopGoodwill,GW-009,"Die-cast vehicle lot, assorted",Collectibles,Used - Very Good,2026-08-06T09:00:00-04:00,2026-08-18T11:00:00-04:00,,,SGW-OPEN-000112,true
SGW-UNSOLD-000113,ShopGoodwill,GW-002,"Art history volume, dust jacket",Books,Used - Very Good,2026-07-27T09:00:00-04:00,,,,,true
SGW-UNSOLD-000115,ShopGoodwill,GW-008,Vintage Pyrex mixing bowl set,Collectibles,For parts / repair,2026-07-18T09:00:00-04:00,,,,,true
SGW-UNSOLD-000116,ShopGoodwill,GW-017,"Art history volume, dust jacket",Books,Used - Very Good,2026-08-14T09:00:00-04:00,2026-08-22T11:00:00-04:00,,,SGW-OPEN-000116,true
SGW-UNSOLD-000119,ShopGoodwill,GW-004,"Vintage cassette deck, powers on",Electronics,For parts / repair,2026-07-19T09:00:00-04:00,,,,,true
SGW-UNSOLD-000122,ShopGoodwill,GW-016,"Estate postcard collection, 80 pieces",Collectibles,Used - Acceptable,2026-07-27T09:00:00-04:00,2026-08-14T11:00:00-04:00,,,SGW-OPEN-000122,true
SGW-UNSOLD-000124,ShopGoodwill,GW-019,"Gold-tone wristwatch, untested",Jewelry,Used - Acceptable,2026-07-26T09:00:00-04:00,,,,,true
SGW-UNSOLD-000125,ShopGoodwill,GW-023,"Silk scarf, floral print",Accessories,For parts / repair,2026-07-10T09:00:00-04:00,,,,,true
SGW-UNSOLD-000129,ShopGoodwill,GW-022,Tennis racquet pair with covers,Sporting Goods,For parts / repair,2026-08-23T09:00:00-04:00,,,,,true
SGW-UNSOLD-000130,ShopGoodwill,GW-005,"DeWalt cordless drill, tool only",Tools,Used - Acceptable,2026-07-21T09:00:00-04:00,2026-08-02T11:00:00-04:00,,,SGW-OPEN-000130,true
SGW-UNSOLD-000131,ShopGoodwill,GW-017,"Brass table lamp, tested",Home,Used - Very Good,2026-08-24T09:00:00-04:00,,,,,true
SGW-UNSOLD-000132,ShopGoodwill,GW-005,"Travel duffel, navy",Accessories,Used - Very Good,2026-08-20T09:00:00-04:00,,,,,true
SGW-UNSOLD-000133,ShopGoodwill,GW-017,Nintendo DS console with charger,Electronics,Used - Acceptable,2026-08-16T09:00:00-04:00,,,,,true
SGW-UNSOLD-000135,ShopGoodwill,GW-004,"Die-cast vehicle lot, assorted",Collectibles,For parts / repair,2026-08-20T09:00:00-04:00,,,,,true
SGW-UNSOLD-000136,ShopGoodwill,GW-001,KitchenAid hand mixer with beaters,Home,Used - Good,2026-07-29T09:00:00-04:00,2026-08-04T11:00:00-04:00,,,SGW-OPEN-000136,true
SGW-UNSOLD-000137,ShopGoodwill,GW-009,Vintage Pyrex mixing bowl set,Collectibles,Used - Good,2026-08-10T09:00:00-04:00,,,,,true
SGW-UNSOLD-000138,ShopGoodwill,GW-004,"Digital multimeter, tested",Tools,Used - Acceptable,2026-08-13T09:00:00-04:00,,,,,true
SGW-UNSOLD-000140,ShopGoodwill,GW-022,"Art history volume, dust jacket",Books,Used - Acceptable,2026-08-02T09:00:00-04:00,2026-08-22T11:00:00-04:00,,,SGW-OPEN-000140,true
SGW-UNSOLD-000141,ShopGoodwill,GW-015,"Gold-tone wristwatch, untested",Jewelry,For parts / repair,2026-07-16T09:00:00-04:00,2026-08-06T11:00:00-04:00,,,SGW-OPEN-000141,true
SGW-UNSOLD-000142,ShopGoodwill,GW-023,"Canon EF zoom lens, 75–300mm",Electronics,Used - Good,2026-08-06T09:00:00-04:00,,,,,true
SGW-UNSOLD-000143,ShopGoodwill,GW-003,"Silk scarf, floral print",Accessories,Used - Acceptable,2026-08-13T09:00:00-04:00,2026-08-25T11:00:00-04:00,,,SGW-OPEN-000143,true
SGW-UNSOLD-000145,ShopGoodwill,GW-006,Engineering reference manual,Books,For parts / repair,2026-08-05T09:00:00-04:00,,,,,true
SGW-UNSOLD-000146,ShopGoodwill,GW-013,"Illustrated field guide, revised edition",Books,Used - Good,2026-07-30T09:00:00-04:00,2026-08-20T11:00:00-04:00,,,SGW-OPEN-000146,true
SGW-UNSOLD-000147,ShopGoodwill,GW-005,"Wool cardigan, size S",Apparel,Used - Acceptable,2026-07-29T09:00:00-04:00,,,,,true
SGW-UNSOLD-000148,ShopGoodwill,GW-010,"Mystery paperback lot, 6 books",Books,Used - Good,2026-08-11T09:00:00-04:00,2026-08-30T11:00:00-04:00,,,SGW-OPEN-000148,true
SGW-UNSOLD-000149,ShopGoodwill,GW-001,"Gold-tone wristwatch, untested",Jewelry,Used - Acceptable,2026-07-15T09:00:00-04:00,2026-08-03T11:00:00-04:00,,,SGW-OPEN-000149,true
SGW-UNSOLD-000150,ShopGoodwill,GW-009,"Sterling ring, size 7",Jewelry,Used - Very Good,2026-08-14T09:00:00-04:00,,,,,true
SGW-UNSOLD-000151,ShopGoodwill,GW-004,"Silk scarf, floral print",Accessories,Used - Very Good,2026-08-15T09:00:00-04:00,,,,,true
SGW-UNSOLD-000152,ShopGoodwill,GW-018,"DeWalt cordless drill, tool only",Tools,Used - Good,2026-07-25T09:00:00-04:00,2026-08-18T11:00:00-04:00,,,SGW-OPEN-000152,true
SGW-UNSOLD-000153,ShopGoodwill,GW-004,"DeWalt cordless drill, tool only",Tools,Used - Acceptable,2026-08-19T09:00:00-04:00,,,,,true
SGW-UNSOLD-000154,ShopGoodwill,GW-017,"Wool cardigan, size S",Apparel,Used - Good,2026-08-10T09:00:00-04:00,2026-08-22T11:00:00-04:00,,,SGW-OPEN-000154,true
SGW-UNSOLD-000155,ShopGoodwill,GW-024,Nintendo DS console with charger,Electronics,Used - Acceptable,2026-07-27T09:00:00-04:00,,,,,true
SGW-UNSOLD-000158,ShopGoodwill,GW-008,"Golf iron set, right handed",Sporting Goods,Used - Very Good,2026-08-17T09:00:00-04:00,,,,,true
SGW-UNSOLD-000159,ShopGoodwill,GW-015,Vintage Stanley hand plane,Tools,For parts / repair,2026-08-28T09:00:00-04:00,,,,,true
SGW-UNSOLD-000160,ShopGoodwill,GW-022,"Sterling ring, size 7",Jewelry,For parts / repair,2026-08-22T09:00:00-04:00,,,,,true
SGW-UNSOLD-000161,ShopGoodwill,GW-012,"Sterling ring, size 7",Jewelry,For parts / repair,2026-08-25T09:00:00-04:00,2026-08-27T11:00:00-04:00,,,SGW-OPEN-000161,true
SGW-UNSOLD-000162,ShopGoodwill,GW-008,"Craftsman socket set, 32 pieces",Tools,Used - Good,2026-07-29T09:00:00-04:00,,,,,true
SGW-UNSOLD-000163,ShopGoodwill,GW-018,Tennis racquet pair with covers,Sporting Goods,Used - Very Good,2026-07-18T09:00:00-04:00,2026-08-07T11:00:00-04:00,,,SGW-OPEN-000163,true
SGW-UNSOLD-000165,ShopGoodwill,GW-002,"Patagonia fleece jacket, size M",Apparel,For parts / repair,2026-08-20T09:00:00-04:00,,,,,true
SGW-UNSOLD-000166,ShopGoodwill,GW-022,"Sterling silver necklace, 18 inch",Jewelry,Used - Very Good,2026-07-23T09:00:00-04:00,,,,,true
SGW-UNSOLD-000167,ShopGoodwill,GW-012,"Canon EF zoom lens, 75–300mm",Electronics,Used - Good,2026-07-30T09:00:00-04:00,2026-08-08T11:00:00-04:00,,,SGW-OPEN-000167,true
SGW-UNSOLD-000168,ShopGoodwill,GW-022,Engineering reference manual,Books,Used - Very Good,2026-07-16T09:00:00-04:00,2026-08-08T11:00:00-04:00,,,SGW-OPEN-000168,true
SGW-UNSOLD-000169,ShopGoodwill,GW-004,Vintage belt with brass buckle,Accessories,Used - Good,2026-08-15T09:00:00-04:00,,,,,true
SGW-UNSOLD-000170,ShopGoodwill,GW-007,"Leather tote bag, brown",Accessories,Used - Acceptable,2026-07-22T09:00:00-04:00,,,,,true
SGW-UNSOLD-000172,ShopGoodwill,GW-013,Vintage belt with brass buckle,Accessories,Used - Acceptable,2026-07-10T09:00:00-04:00,,,,,true
SGW-UNSOLD-000174,ShopGoodwill,GW-012,"Stoneware dinner service, 12 pieces",Home,For parts / repair,2026-08-04T09:00:00-04:00,2026-08-09T11:00:00-04:00,,,SGW-OPEN-000174,true
SGW-UNSOLD-000175,ShopGoodwill,GW-003,"Gold-tone wristwatch, untested",Jewelry,For parts / repair,2026-08-29T09:00:00-04:00,,,,,true
SGW-UNSOLD-000176,ShopGoodwill,GW-021,"Wool cardigan, size S",Apparel,Used - Acceptable,2026-08-13T09:00:00-04:00,,,,,true
SGW-UNSOLD-000180,ShopGoodwill,GW-022,Vintage Pyrex mixing bowl set,Collectibles,For parts / repair,2026-08-22T09:00:00-04:00,,,,,true
SGW-UNSOLD-000181,ShopGoodwill,GW-004,"Art history volume, dust jacket",Books,For parts / repair,2026-07-18T09:00:00-04:00,,,,,true
SGW-UNSOLD-000183,ShopGoodwill,GW-024,"Mystery paperback lot, 6 books",Books,Used - Good,2026-08-17T09:00:00-04:00,,,,,true
SGW-UNSOLD-000185,ShopGoodwill,GW-006,"Canon EF zoom lens, 75–300mm",Electronics,For parts / repair,2026-07-30T09:00:00-04:00,2026-08-23T11:00:00-04:00,,,SGW-OPEN-000185,true
SGW-UNSOLD-000187,ShopGoodwill,GW-014,"Wool cardigan, size S",Apparel,Used - Good,2026-07-22T09:00:00-04:00,2026-08-11T11:00:00-04:00,,,SGW-OPEN-000187,true
SGW-UNSOLD-000188,ShopGoodwill,GW-007,Nintendo DS console with charger,Electronics,Used - Good,2026-08-02T09:00:00-04:00,2026-08-18T11:00:00-04:00,,,SGW-OPEN-000188,true
SGW-UNSOLD-000189,ShopGoodwill,GW-012,Signed studio pottery vase,Collectibles,For parts / repair,2026-07-23T09:00:00-04:00,,,,,true
SGW-UNSOLD-000191,ShopGoodwill,GW-001,"Wool cardigan, size S",Apparel,Used - Very Good,2026-08-01T09:00:00-04:00,,,,,true
SGW-UNSOLD-000192,ShopGoodwill,GW-017,"Digital multimeter, tested",Tools,Used - Good,2026-07-29T09:00:00-04:00,,,,,true
SGW-UNSOLD-000193,ShopGoodwill,GW-018,"Golf iron set, right handed",Sporting Goods,For parts / repair,2026-08-06T09:00:00-04:00,2026-08-21T11:00:00-04:00,,,SGW-OPEN-000193,true
SGW-UNSOLD-000194,ShopGoodwill,GW-007,"Hiking backpack, 40L",Sporting Goods,Used - Good,2026-08-09T09:00:00-04:00,2026-08-30T11:00:00-04:00,,,SGW-OPEN-000194,true
SGW-UNSOLD-000195,ShopGoodwill,GW-018,Vintage belt with brass buckle,Accessories,Used - Acceptable,2026-07-16T09:00:00-04:00,,,,,true
SGW-UNSOLD-000197,ShopGoodwill,GW-008,Vintage Pyrex mixing bowl set,Collectibles,Used - Acceptable,2026-08-19T09:00:00-04:00,2026-08-29T11:00:00-04:00,,,SGW-OPEN-000197,true
SGW-UNSOLD-000198,ShopGoodwill,GW-023,"Wool cardigan, size S",Apparel,Used - Good,2026-08-03T09:00:00-04:00,2026-08-05T11:00:00-04:00,,,SGW-OPEN-000198,true
SGW-UNSOLD-000199,ShopGoodwill,GW-005,"Canon EF zoom lens, 75–300mm",Electronics,Used - Very Good,2026-08-13T09:00:00-04:00,2026-08-31T11:00:00-04:00,,,SGW-OPEN-000199,true
SGW-UNSOLD-000201,ShopGoodwill,GW-005,Vintage costume jewelry lot,Jewelry,Used - Very Good,2026-08-13T09:00:00-04:00,,,,,true
SGW-UNSOLD-000204,ShopGoodwill,GW-024,"Estate postcard collection, 80 pieces",Collectibles,For parts / repair,2026-07-17T09:00:00-04:00,,,,,true
SGW-UNSOLD-000207,ShopGoodwill,GW-008,"Vintage concert T-shirt, size XL",Apparel,Used - Very Good,2026-08-09T09:00:00-04:00,,,,,true
SGW-UNSOLD-000208,ShopGoodwill,GW-001,Tennis racquet pair with covers,Sporting Goods,Used - Good,2026-08-23T09:00:00-04:00,2026-08-29T11:00:00-04:00,,,SGW-OPEN-000208,true
SGW-UNSOLD-000209,ShopGoodwill,GW-014,"Handwoven wool rug, 3 × 5 ft",Home,Used - Good,2026-07-22T09:00:00-04:00,,,,,true
SGW-UNSOLD-000210,ShopGoodwill,GW-009,"Digital multimeter, tested",Tools,Used - Acceptable,2026-08-31T09:00:00-04:00,,,,,true
SGW-UNSOLD-000211,ShopGoodwill,GW-018,Signed studio pottery vase,Collectibles,For parts / repair,2026-08-25T09:00:00-04:00,,,,,true
SGW-UNSOLD-000212,ShopGoodwill,GW-017,"Golf iron set, right handed",Sporting Goods,Used - Good,2026-08-10T09:00:00-04:00,,,,,true
SGW-UNSOLD-000215,ShopGoodwill,GW-020,"Brass table lamp, tested",Home,Used - Good,2026-08-02T09:00:00-04:00,,,,,true
SGW-UNSOLD-000216,ShopGoodwill,GW-002,"Handwoven wool rug, 3 × 5 ft",Home,Used - Good,2026-07-26T09:00:00-04:00,2026-08-03T11:00:00-04:00,,,SGW-OPEN-000216,true
SGW-UNSOLD-000218,ShopGoodwill,GW-015,"Leather tote bag, brown",Accessories,Used - Very Good,2026-07-24T09:00:00-04:00,2026-08-16T11:00:00-04:00,,,SGW-OPEN-000218,true
SGW-UNSOLD-000219,ShopGoodwill,GW-006,"Estate postcard collection, 80 pieces",Collectibles,Used - Very Good,2026-08-23T09:00:00-04:00,2026-08-25T11:00:00-04:00,,,SGW-OPEN-000219,true
SGW-UNSOLD-000220,ShopGoodwill,GW-001,"Wool cardigan, size S",Apparel,Used - Very Good,2026-08-25T09:00:00-04:00,2026-08-29T11:00:00-04:00,,,SGW-OPEN-000220,true
SGW-UNSOLD-000221,ShopGoodwill,GW-022,"Patagonia fleece jacket, size M",Apparel,For parts / repair,2026-07-15T09:00:00-04:00,2026-07-28T11:00:00-04:00,,,SGW-OPEN-000221,true
SGW-UNSOLD-000223,ShopGoodwill,GW-009,"Sterling silver necklace, 18 inch",Jewelry,For parts / repair,2026-07-27T09:00:00-04:00,,,,,true
SGW-UNSOLD-000225,ShopGoodwill,GW-018,"Patagonia fleece jacket, size M",Apparel,Used - Acceptable,2026-07-12T09:00:00-04:00,2026-07-23T11:00:00-04:00,,,SGW-OPEN-000225,true
SGW-UNSOLD-000227,ShopGoodwill,GW-001,Vintage belt with brass buckle,Accessories,For parts / repair,2026-08-14T09:00:00-04:00,2026-08-17T11:00:00-04:00,,,SGW-OPEN-000227,true
SGW-UNSOLD-000229,ShopGoodwill,GW-011,Vintage costume jewelry lot,Jewelry,Used - Acceptable,2026-08-09T09:00:00-04:00,2026-08-20T11:00:00-04:00,,,SGW-OPEN-000229,true
SGW-UNSOLD-000231,ShopGoodwill,GW-020,"Estate postcard collection, 80 pieces",Collectibles,For parts / repair,2026-07-24T09:00:00-04:00,2026-08-12T11:00:00-04:00,,,SGW-OPEN-000231,true
SGW-UNSOLD-000232,ShopGoodwill,GW-024,Vintage belt with brass buckle,Accessories,Used - Acceptable,2026-08-03T09:00:00-04:00,,,,,true
SGW-UNSOLD-000234,ShopGoodwill,GW-017,"Sterling ring, size 7",Jewelry,Used - Good,2026-08-17T09:00:00-04:00,,,,,true
SGW-UNSOLD-000235,ShopGoodwill,GW-013,"Hiking backpack, 40L",Sporting Goods,Used - Good,2026-07-15T09:00:00-04:00,,,,,true
SGW-UNSOLD-000236,ShopGoodwill,GW-024,"Hiking backpack, 40L",Sporting Goods,Used - Acceptable,2026-08-23T09:00:00-04:00,,,,,true
SGW-UNSOLD-000237,ShopGoodwill,GW-008,Vintage Stanley hand plane,Tools,For parts / repair,2026-07-13T09:00:00-04:00,2026-08-06T11:00:00-04:00,,,SGW-OPEN-000237,true
SGW-UNSOLD-000239,ShopGoodwill,GW-016,Signed studio pottery vase,Collectibles,Used - Very Good,2026-08-17T09:00:00-04:00,2026-08-30T11:00:00-04:00,,,SGW-OPEN-000239,true
SGW-UNSOLD-000241,ShopGoodwill,GW-001,"Levi's denim jacket, size L",Apparel,Used - Very Good,2026-07-18T09:00:00-04:00,,,,,true
SGW-UNSOLD-000242,ShopGoodwill,GW-011,"Sterling silver necklace, 18 inch",Jewelry,For parts / repair,2026-08-11T09:00:00-04:00,2026-08-16T11:00:00-04:00,,,SGW-OPEN-000242,true
SGW-UNSOLD-000243,ShopGoodwill,GW-020,"Sterling ring, size 7",Jewelry,For parts / repair,2026-08-19T09:00:00-04:00,2026-08-25T11:00:00-04:00,,,SGW-OPEN-000243,true
SGW-UNSOLD-000244,ShopGoodwill,GW-001,Nintendo DS console with charger,Electronics,Used - Good,2026-08-28T09:00:00-04:00,,,,,true
SGW-UNSOLD-000246,ShopGoodwill,GW-014,"Vintage cassette deck, powers on",Electronics,Used - Acceptable,2026-08-27T09:00:00-04:00,,,,,true
SGW-UNSOLD-000247,ShopGoodwill,GW-011,"Travel duffel, navy",Accessories,For parts / repair,2026-07-21T09:00:00-04:00,2026-08-03T11:00:00-04:00,,,SGW-OPEN-000247,true
SGW-UNSOLD-000248,ShopGoodwill,GW-008,Hardcover regional cookbook,Books,Used - Acceptable,2026-07-12T09:00:00-04:00,2026-07-25T11:00:00-04:00,,,SGW-OPEN-000248,true
SGW-UNSOLD-000250,ShopGoodwill,GW-008,"Gold-tone wristwatch, untested",Jewelry,Used - Good,2026-08-22T09:00:00-04:00,2026-08-27T11:00:00-04:00,,,SGW-OPEN-000250,true
SGW-UNSOLD-000251,ShopGoodwill,GW-014,"Illustrated field guide, revised edition",Books,Used - Good,2026-08-23T09:00:00-04:00,,,,,true
SGW-UNSOLD-000252,ShopGoodwill,GW-023,Vintage Pyrex mixing bowl set,Collectibles,Used - Acceptable,2026-08-08T09:00:00-04:00,2026-08-21T11:00:00-04:00,,,SGW-OPEN-000252,true
SGW-UNSOLD-000254,ShopGoodwill,GW-008,"Hiking backpack, 40L",Sporting Goods,For parts / repair,2026-08-04T09:00:00-04:00,,,,,true
SGW-UNSOLD-000256,ShopGoodwill,GW-024,"Wool cardigan, size S",Apparel,For parts / repair,2026-07-29T09:00:00-04:00,,,,,true
SGW-UNSOLD-000257,ShopGoodwill,GW-021,Sony stereo receiver — tested,Electronics,For parts / repair,2026-08-30T09:00:00-04:00,,,,,true
SGW-UNSOLD-000258,ShopGoodwill,GW-018,"Patagonia fleece jacket, size M",Apparel,Used - Good,2026-08-15T09:00:00-04:00,,,,,true
SGW-UNSOLD-000259,ShopGoodwill,GW-015,Sony stereo receiver — tested,Electronics,Used - Acceptable,2026-07-14T09:00:00-04:00,,,,,true
SGW-UNSOLD-000260,ShopGoodwill,GW-020,Vintage belt with brass buckle,Accessories,For parts / repair,2026-07-11T09:00:00-04:00,,,,,true
SGW-UNSOLD-000261,ShopGoodwill,GW-001,"Estate postcard collection, 80 pieces",Collectibles,Used - Good,2026-08-11T09:00:00-04:00,,,,,true
SGW-UNSOLD-000262,ShopGoodwill,GW-014,"Handwoven wool rug, 3 × 5 ft",Home,For parts / repair,2026-08-24T09:00:00-04:00,,,,,true
SGW-UNSOLD-000264,ShopGoodwill,GW-017,"Model train locomotive, boxed",Collectibles,For parts / repair,2026-08-20T09:00:00-04:00,2026-08-25T11:00:00-04:00,,,SGW-OPEN-000264,true
SGW-UNSOLD-000265,ShopGoodwill,GW-011,"Golf iron set, right handed",Sporting Goods,Used - Good,2026-08-08T09:00:00-04:00,,,,,true
SGW-UNSOLD-000266,ShopGoodwill,GW-013,Vintage costume jewelry lot,Jewelry,For parts / repair,2026-07-17T09:00:00-04:00,,,,,true
SGW-UNSOLD-000267,ShopGoodwill,GW-012,"Golf iron set, right handed",Sporting Goods,Used - Very Good,2026-07-18T09:00:00-04:00,,,,,true
SGW-UNSOLD-000268,ShopGoodwill,GW-022,"Sterling silver necklace, 18 inch",Jewelry,For parts / repair,2026-07-29T09:00:00-04:00,2026-08-18T11:00:00-04:00,,,SGW-OPEN-000268,true
SGW-UNSOLD-000269,ShopGoodwill,GW-005,"Sterling ring, size 7",Jewelry,Used - Good,2026-07-11T09:00:00-04:00,,,,,true
SGW-UNSOLD-000270,ShopGoodwill,GW-011,Vintage costume jewelry lot,Jewelry,Used - Very Good,2026-07-15T09:00:00-04:00,,,,,true
SGW-UNSOLD-000273,ShopGoodwill,GW-009,"Gold-tone wristwatch, untested",Jewelry,Used - Good,2026-08-21T09:00:00-04:00,,,,,true
SGW-UNSOLD-000274,ShopGoodwill,GW-008,Hardcover regional cookbook,Books,For parts / repair,2026-07-10T09:00:00-04:00,,,,,true
SGW-UNSOLD-000276,ShopGoodwill,GW-024,"Bose portable speaker, cosmetic wear",Electronics,Used - Acceptable,2026-07-14T09:00:00-04:00,2026-07-18T11:00:00-04:00,,,SGW-OPEN-000276,true
SGW-UNSOLD-000277,ShopGoodwill,GW-002,"Brass table lamp, tested",Home,Used - Acceptable,2026-07-12T09:00:00-04:00,2026-07-28T11:00:00-04:00,,,SGW-OPEN-000277,true
SGW-UNSOLD-000278,ShopGoodwill,GW-019,Tennis racquet pair with covers,Sporting Goods,Used - Good,2026-08-30T09:00:00-04:00,,,,,true
SGW-UNSOLD-000279,ShopGoodwill,GW-021,"Handwoven wool rug, 3 × 5 ft",Home,Used - Good,2026-07-24T09:00:00-04:00,2026-07-30T11:00:00-04:00,,,SGW-OPEN-000279,true
SGW-UNSOLD-000280,ShopGoodwill,GW-012,"Gold-tone wristwatch, untested",Jewelry,Used - Acceptable,2026-08-29T09:00:00-04:00,,,,,true
SGW-UNSOLD-000281,ShopGoodwill,GW-010,"Estate postcard collection, 80 pieces",Collectibles,Used - Acceptable,2026-07-27T09:00:00-04:00,2026-08-06T11:00:00-04:00,,,SGW-OPEN-000281,true
SGW-UNSOLD-000282,ShopGoodwill,GW-018,"Die-cast vehicle lot, assorted",Collectibles,Used - Acceptable,2026-07-27T09:00:00-04:00,2026-08-15T11:00:00-04:00,,,SGW-OPEN-000282,true
SGW-UNSOLD-000283,ShopGoodwill,GW-002,Sony stereo receiver — tested,Electronics,For parts / repair,2026-08-11T09:00:00-04:00,,,,,true
SGW-UNSOLD-000284,ShopGoodwill,GW-017,"Stoneware dinner service, 12 pieces",Home,Used - Very Good,2026-08-17T09:00:00-04:00,2026-08-27T11:00:00-04:00,,,SGW-OPEN-000284,true
SGW-UNSOLD-000285,ShopGoodwill,GW-005,"Golf iron set, right handed",Sporting Goods,Used - Good,2026-08-23T09:00:00-04:00,,,,,true
SGW-UNSOLD-000286,ShopGoodwill,GW-006,"Wool cardigan, size S",Apparel,For parts / repair,2026-08-21T09:00:00-04:00,2026-08-26T11:00:00-04:00,,,SGW-OPEN-000286,true
SGW-UNSOLD-000287,ShopGoodwill,GW-005,Tennis racquet pair with covers,Sporting Goods,For parts / repair,2026-08-31T09:00:00-04:00,,,,,true
SGW-UNSOLD-000288,ShopGoodwill,GW-024,"Craftsman socket set, 32 pieces",Tools,Used - Acceptable,2026-08-01T09:00:00-04:00,2026-08-10T11:00:00-04:00,,,SGW-OPEN-000288,true
SGW-UNSOLD-000291,ShopGoodwill,GW-004,Fishing reel with spare spool,Sporting Goods,For parts / repair,2026-08-16T09:00:00-04:00,,,,,true
SGW-UNSOLD-000292,ShopGoodwill,GW-017,"Illustrated field guide, revised edition",Books,For parts / repair,2026-07-31T09:00:00-04:00,,,,,true
SGW-UNSOLD-000293,ShopGoodwill,GW-009,Vintage Stanley hand plane,Tools,For parts / repair,2026-08-16T09:00:00-04:00,2026-08-18T11:00:00-04:00,,,SGW-OPEN-000293,true
SGW-UNSOLD-000295,ShopGoodwill,GW-009,"Hiking backpack, 40L",Sporting Goods,For parts / repair,2026-08-14T09:00:00-04:00,,,,,true
SGW-UNSOLD-000296,ShopGoodwill,GW-015,"Silk scarf, floral print",Accessories,Used - Very Good,2026-08-08T09:00:00-04:00,,,,,true
SGW-UNSOLD-000297,ShopGoodwill,GW-015,Nintendo DS console with charger,Electronics,Used - Very Good,2026-08-01T09:00:00-04:00,2026-08-06T11:00:00-04:00,,,SGW-OPEN-000297,true
SGW-UNSOLD-000298,ShopGoodwill,GW-020,"Sterling silver necklace, 18 inch",Jewelry,Used - Very Good,2026-07-31T09:00:00-04:00,,,,,true
SGW-UNSOLD-000299,ShopGoodwill,GW-009,"Travel duffel, navy",Accessories,Used - Good,2026-08-25T09:00:00-04:00,,,,,true
SGW-UNSOLD-000300,ShopGoodwill,GW-012,"Sterling silver necklace, 18 inch",Jewelry,Used - Very Good,2026-08-17T09:00:00-04:00,2026-08-29T11:00:00-04:00,,,SGW-OPEN-000300,true
SGW-UNSOLD-000304,ShopGoodwill,GW-008,Vintage belt with brass buckle,Accessories,Used - Very Good,2026-07-25T09:00:00-04:00,2026-08-12T11:00:00-04:00,,,SGW-OPEN-000304,true
SGW-UNSOLD-000305,ShopGoodwill,GW-016,Engineering reference manual,Books,Used - Acceptable,2026-07-12T09:00:00-04:00,2026-07-28T11:00:00-04:00,,,SGW-OPEN-000305,true
SGW-UNSOLD-000306,ShopGoodwill,GW-004,"Stoneware dinner service, 12 pieces",Home,For parts / repair,2026-07-28T09:00:00-04:00,,,,,true
SGW-UNSOLD-000307,ShopGoodwill,GW-001,Fishing reel with spare spool,Sporting Goods,Used - Good,2026-08-15T09:00:00-04:00,2026-08-18T11:00:00-04:00,,,SGW-OPEN-000307,true
SGW-UNSOLD-000311,ShopGoodwill,GW-012,Engineering reference manual,Books,Used - Very Good,2026-07-27T09:00:00-04:00,,,,,true
SGW-UNSOLD-000312,ShopGoodwill,GW-003,"Golf iron set, right handed",Sporting Goods,Used - Very Good,2026-08-12T09:00:00-04:00,,,,,true
SGW-UNSOLD-000314,ShopGoodwill,GW-004,Vintage belt with brass buckle,Accessories,Used - Good,2026-07-14T09:00:00-04:00,2026-07-21T11:00:00-04:00,,,SGW-OPEN-000314,true
SGW-UNSOLD-000315,ShopGoodwill,GW-010,"Bose portable speaker, cosmetic wear",Electronics,Used - Very Good,2026-08-16T09:00:00-04:00,2026-08-18T11:00:00-04:00,,,SGW-OPEN-000315,true
SGW-UNSOLD-000316,ShopGoodwill,GW-006,"Levi's denim jacket, size L",Apparel,Used - Very Good,2026-08-27T09:00:00-04:00,,,,,true
SGW-UNSOLD-000319,ShopGoodwill,GW-014,"Digital multimeter, tested",Tools,For parts / repair,2026-07-26T09:00:00-04:00,2026-08-14T11:00:00-04:00,,,SGW-OPEN-000319,true
SGW-UNSOLD-000321,ShopGoodwill,GW-017,"Estate postcard collection, 80 pieces",Collectibles,Used - Acceptable,2026-08-24T09:00:00-04:00,,,,,true
SGW-UNSOLD-000322,ShopGoodwill,GW-005,"Craftsman socket set, 32 pieces",Tools,Used - Acceptable,2026-08-19T09:00:00-04:00,,,,,true
SGW-UNSOLD-000323,ShopGoodwill,GW-018,"Sterling silver necklace, 18 inch",Jewelry,Used - Acceptable,2026-08-07T09:00:00-04:00,,,,,true
SGW-UNSOLD-000324,ShopGoodwill,GW-018,"DeWalt cordless drill, tool only",Tools,For parts / repair,2026-08-02T09:00:00-04:00,,,,,true
SGW-UNSOLD-000325,ShopGoodwill,GW-018,"Estate postcard collection, 80 pieces",Collectibles,Used - Very Good,2026-07-31T09:00:00-04:00,,,,,true
SGW-UNSOLD-000326,ShopGoodwill,GW-023,"Digital multimeter, tested",Tools,Used - Very Good,2026-08-31T09:00:00-04:00,,,,,true
SGW-UNSOLD-000328,ShopGoodwill,GW-024,"Canon EF zoom lens, 75–300mm",Electronics,Used - Very Good,2026-08-08T09:00:00-04:00,2026-08-30T11:00:00-04:00,,,SGW-OPEN-000328,true
SGW-UNSOLD-000329,ShopGoodwill,GW-001,Vintage Pyrex mixing bowl set,Collectibles,Used - Very Good,2026-08-23T09:00:00-04:00,,,,,true
SGW-UNSOLD-000330,ShopGoodwill,GW-016,"Silk scarf, floral print",Accessories,For parts / repair,2026-07-25T09:00:00-04:00,,,,,true
SGW-UNSOLD-000331,ShopGoodwill,GW-008,"Illustrated field guide, revised edition",Books,Used - Very Good,2026-08-31T09:00:00-04:00,,,,,true
SGW-UNSOLD-000335,ShopGoodwill,GW-002,"Vintage concert T-shirt, size XL",Apparel,Used - Good,2026-07-16T09:00:00-04:00,2026-08-06T11:00:00-04:00,,,SGW-OPEN-000335,true
SGW-UNSOLD-000337,ShopGoodwill,GW-024,"Golf iron set, right handed",Sporting Goods,Used - Very Good,2026-07-22T09:00:00-04:00,2026-08-10T11:00:00-04:00,,,SGW-OPEN-000337,true
SGW-UNSOLD-000341,ShopGoodwill,GW-003,KitchenAid hand mixer with beaters,Home,Used - Very Good,2026-07-20T09:00:00-04:00,,,,,true
SGW-UNSOLD-000342,ShopGoodwill,GW-021,"DeWalt cordless drill, tool only",Tools,Used - Very Good,2026-08-20T09:00:00-04:00,,,,,true
SGW-UNSOLD-000344,ShopGoodwill,GW-016,"Handwoven wool rug, 3 × 5 ft",Home,For parts / repair,2026-08-03T09:00:00-04:00,,,,,true
SGW-UNSOLD-000345,ShopGoodwill,GW-005,"DeWalt cordless drill, tool only",Tools,Used - Good,2026-08-26T09:00:00-04:00,,,,,true
SGW-UNSOLD-000346,ShopGoodwill,GW-012,"Silk scarf, floral print",Accessories,Used - Good,2026-08-18T09:00:00-04:00,,,,,true
SGW-UNSOLD-000347,ShopGoodwill,GW-007,"Brass table lamp, tested",Home,Used - Very Good,2026-08-17T09:00:00-04:00,,,,,true
SGW-UNSOLD-000348,ShopGoodwill,GW-018,Engineering reference manual,Books,Used - Good,2026-07-15T09:00:00-04:00,,,,,true
SGW-UNSOLD-000350,ShopGoodwill,GW-011,"Silk scarf, floral print",Accessories,Used - Very Good,2026-08-23T09:00:00-04:00,,,,,true
SGW-UNSOLD-000351,ShopGoodwill,GW-007,"Silk scarf, floral print",Accessories,Used - Good,2026-07-21T09:00:00-04:00,2026-07-31T11:00:00-04:00,,,SGW-OPEN-000351,true
SGW-UNSOLD-000353,ShopGoodwill,GW-010,"Patagonia fleece jacket, size M",Apparel,Used - Very Good,2026-08-08T09:00:00-04:00,2026-08-29T11:00:00-04:00,,,SGW-OPEN-000353,true
SGW-UNSOLD-000354,ShopGoodwill,GW-010,Engineering reference manual,Books,Used - Good,2026-07-22T09:00:00-04:00,2026-08-06T11:00:00-04:00,,,SGW-OPEN-000354,true
SGW-UNSOLD-000355,ShopGoodwill,GW-014,Vintage costume jewelry lot,Jewelry,Used - Acceptable,2026-08-23T09:00:00-04:00,,,,,true
SGW-UNSOLD-000356,ShopGoodwill,GW-013,"Handwoven wool rug, 3 × 5 ft",Home,Used - Good,2026-08-23T09:00:00-04:00,,,,,true
SGW-UNSOLD-000358,ShopGoodwill,GW-001,"Canon EF zoom lens, 75–300mm",Electronics,Used - Very Good,2026-07-30T09:00:00-04:00,2026-08-04T11:00:00-04:00,,,SGW-OPEN-000358,true
SGW-UNSOLD-000359,ShopGoodwill,GW-017,"Brass table lamp, tested",Home,Used - Acceptable,2026-07-16T09:00:00-04:00,,,,,true
SGW-UNSOLD-000360,ShopGoodwill,GW-018,"Sterling silver necklace, 18 inch",Jewelry,Used - Acceptable,2026-08-28T09:00:00-04:00,,,,,true
SGW-UNSOLD-000362,ShopGoodwill,GW-016,"Bose portable speaker, cosmetic wear",Electronics,Used - Very Good,2026-08-01T09:00:00-04:00,,,,,true
SGW-UNSOLD-000364,ShopGoodwill,GW-015,"Silk scarf, floral print",Accessories,Used - Very Good,2026-08-05T09:00:00-04:00,,,,,true
SGW-UNSOLD-000366,ShopGoodwill,GW-003,Nintendo DS console with charger,Electronics,Used - Good,2026-08-19T09:00:00-04:00,,,,,true
SGW-UNSOLD-000367,ShopGoodwill,GW-012,"Gold-tone wristwatch, untested",Jewelry,Used - Acceptable,2026-08-30T09:00:00-04:00,,,,,true
SGW-UNSOLD-000368,ShopGoodwill,GW-015,Sony stereo receiver — tested,Electronics,Used - Good,2026-08-17T09:00:00-04:00,,,,,true
SGW-UNSOLD-000369,ShopGoodwill,GW-023,"Illustrated field guide, revised edition",Books,Used - Very Good,2026-08-13T09:00:00-04:00,2026-08-22T11:00:00-04:00,,,SGW-OPEN-000369,true
SGW-UNSOLD-000371,ShopGoodwill,GW-004,"Craftsman socket set, 32 pieces",Tools,Used - Acceptable,2026-07-23T09:00:00-04:00,2026-08-12T11:00:00-04:00,,,SGW-OPEN-000371,true
SGW-UNSOLD-000372,ShopGoodwill,GW-012,"Golf iron set, right handed",Sporting Goods,For parts / repair,2026-08-21T09:00:00-04:00,,,,,true
SGW-UNSOLD-000373,ShopGoodwill,GW-018,"Silk scarf, floral print",Accessories,Used - Very Good,2026-08-15T09:00:00-04:00,,,,,true
SGW-UNSOLD-000374,ShopGoodwill,GW-004,"Craftsman socket set, 32 pieces",Tools,Used - Very Good,2026-08-01T09:00:00-04:00,2026-08-13T11:00:00-04:00,,,SGW-OPEN-000374,true
SGW-UNSOLD-000375,ShopGoodwill,GW-017,"Golf iron set, right handed",Sporting Goods,Used - Good,2026-08-21T09:00:00-04:00,,,,,true
SGW-UNSOLD-000376,ShopGoodwill,GW-002,Vintage Stanley hand plane,Tools,Used - Good,2026-08-24T09:00:00-04:00,2026-08-29T11:00:00-04:00,,,SGW-OPEN-000376,true
SGW-UNSOLD-000377,ShopGoodwill,GW-011,KitchenAid hand mixer with beaters,Home,Used - Acceptable,2026-08-26T09:00:00-04:00,2026-08-29T11:00:00-04:00,,,SGW-OPEN-000377,true
SGW-UNSOLD-000378,ShopGoodwill,GW-009,Nintendo DS console with charger,Electronics,Used - Acceptable,2026-08-04T09:00:00-04:00,,,,,true
SGW-UNSOLD-000379,ShopGoodwill,GW-006,"Art history volume, dust jacket",Books,Used - Good,2026-07-16T09:00:00-04:00,2026-08-07T11:00:00-04:00,,,SGW-OPEN-000379,true
SGW-UNSOLD-000382,ShopGoodwill,GW-009,Vintage Pyrex mixing bowl set,Collectibles,Used - Good,2026-08-30T09:00:00-04:00,,,,,true
SGW-UNSOLD-000383,ShopGoodwill,GW-010,"Vintage concert T-shirt, size XL",Apparel,For parts / repair,2026-07-11T09:00:00-04:00,2026-08-01T11:00:00-04:00,,,SGW-OPEN-000383,true
SGW-UNSOLD-000384,ShopGoodwill,GW-001,KitchenAid hand mixer with beaters,Home,Used - Acceptable,2026-08-26T09:00:00-04:00,,,,,true
SGW-UNSOLD-000385,ShopGoodwill,GW-009,Vintage costume jewelry lot,Jewelry,For parts / repair,2026-08-13T09:00:00-04:00,2026-08-27T11:00:00-04:00,,,SGW-OPEN-000385,true
SGW-UNSOLD-000387,ShopGoodwill,GW-014,"Bose portable speaker, cosmetic wear",Electronics,Used - Acceptable,2026-07-10T09:00:00-04:00,,,,,true
SGW-UNSOLD-000389,ShopGoodwill,GW-013,"Stoneware dinner service, 12 pieces",Home,For parts / repair,2026-08-02T09:00:00-04:00,2026-08-14T11:00:00-04:00,,,SGW-OPEN-000389,true
SGW-UNSOLD-000390,ShopGoodwill,GW-022,KitchenAid hand mixer with beaters,Home,Used - Very Good,2026-07-17T09:00:00-04:00,2026-08-05T11:00:00-04:00,,,SGW-OPEN-000390,true
SGW-UNSOLD-000391,ShopGoodwill,GW-017,"Art history volume, dust jacket",Books,Used - Very Good,2026-08-22T09:00:00-04:00,,,,,true
SGW-UNSOLD-000392,ShopGoodwill,GW-012,"Mystery paperback lot, 6 books",Books,Used - Acceptable,2026-07-18T09:00:00-04:00,2026-08-07T11:00:00-04:00,,,SGW-OPEN-000392,true
SGW-UNSOLD-000393,ShopGoodwill,GW-002,"Art history volume, dust jacket",Books,Used - Very Good,2026-07-28T09:00:00-04:00,2026-08-15T11:00:00-04:00,,,SGW-OPEN-000393,true
SGW-UNSOLD-000395,ShopGoodwill,GW-004,Signed studio pottery vase,Collectibles,Used - Good,2026-07-11T09:00:00-04:00,2026-07-20T11:00:00-04:00,,,SGW-OPEN-000395,true
SGW-UNSOLD-000396,ShopGoodwill,GW-010,"Sterling silver necklace, 18 inch",Jewelry,For parts / repair,2026-08-05T09:00:00-04:00,2026-08-10T11:00:00-04:00,,,SGW-OPEN-000396,true
SGW-UNSOLD-000399,ShopGoodwill,GW-011,"Gold-tone wristwatch, untested",Jewelry,Used - Acceptable,2026-08-17T09:00:00-04:00,2026-08-30T11:00:00-04:00,,,SGW-OPEN-000399,true
SGW-UNSOLD-000400,ShopGoodwill,GW-014,Engineering reference manual,Books,Used - Acceptable,2026-08-11T09:00:00-04:00,,,,,true
SGW-UNSOLD-000401,ShopGoodwill,GW-012,"Wool cardigan, size S",Apparel,Used - Very Good,2026-08-02T09:00:00-04:00,2026-08-08T11:00:00-04:00,,,SGW-OPEN-000401,true
SGW-UNSOLD-000403,ShopGoodwill,GW-004,Nintendo DS console with charger,Electronics,Used - Acceptable,2026-08-23T09:00:00-04:00,,,,,true
SGW-UNSOLD-000406,ShopGoodwill,GW-014,"Bose portable speaker, cosmetic wear",Electronics,Used - Very Good,2026-08-02T09:00:00-04:00,,,,,true
SGW-UNSOLD-000408,ShopGoodwill,GW-012,Tennis racquet pair with covers,Sporting Goods,For parts / repair,2026-08-06T09:00:00-04:00,,,,,true
SGW-UNSOLD-000409,ShopGoodwill,GW-008,"Travel duffel, navy",Accessories,Used - Good,2026-08-29T09:00:00-04:00,,,,,true
SGW-UNSOLD-000410,ShopGoodwill,GW-017,"Digital multimeter, tested",Tools,Used - Good,2026-07-14T09:00:00-04:00,2026-07-30T11:00:00-04:00,,,SGW-OPEN-000410,true
SGW-UNSOLD-000411,ShopGoodwill,GW-018,"Vintage cassette deck, powers on",Electronics,Used - Good,2026-07-25T09:00:00-04:00,2026-08-03T11:00:00-04:00,,,SGW-OPEN-000411,true
SGW-UNSOLD-000412,ShopGoodwill,GW-004,"Golf iron set, right handed",Sporting Goods,Used - Good,2026-07-24T09:00:00-04:00,2026-07-26T11:00:00-04:00,,,SGW-OPEN-000412,true
SGW-UNSOLD-000413,ShopGoodwill,GW-024,"Stoneware dinner service, 12 pieces",Home,For parts / repair,2026-08-27T09:00:00-04:00,,,,,true
SGW-UNSOLD-000415,ShopGoodwill,GW-024,"Art history volume, dust jacket",Books,Used - Acceptable,2026-08-06T09:00:00-04:00,2026-08-21T11:00:00-04:00,,,SGW-OPEN-000415,true
SGW-UNSOLD-000416,ShopGoodwill,GW-009,"DeWalt cordless drill, tool only",Tools,For parts / repair,2026-08-06T09:00:00-04:00,,,,,true
SGW-UNSOLD-000417,ShopGoodwill,GW-014,"Craftsman socket set, 32 pieces",Tools,Used - Acceptable,2026-08-06T09:00:00-04:00,,,,,true
SGW-UNSOLD-000418,ShopGoodwill,GW-001,KitchenAid hand mixer with beaters,Home,Used - Acceptable,2026-08-12T09:00:00-04:00,,,,,true
SGW-UNSOLD-000419,ShopGoodwill,GW-004,"Die-cast vehicle lot, assorted",Collectibles,For parts / repair,2026-08-22T09:00:00-04:00,,,,,true
SGW-UNSOLD-000420,ShopGoodwill,GW-022,KitchenAid hand mixer with beaters,Home,Used - Very Good,2026-07-27T09:00:00-04:00,2026-08-15T11:00:00-04:00,,,SGW-OPEN-000420,true
SGW-UNSOLD-000421,ShopGoodwill,GW-008,"Hiking backpack, 40L",Sporting Goods,For parts / repair,2026-08-25T09:00:00-04:00,,,,,true
SGW-UNSOLD-000422,ShopGoodwill,GW-012,"Vintage cassette deck, powers on",Electronics,Used - Very Good,2026-08-11T09:00:00-04:00,,,,,true
SGW-UNSOLD-000424,ShopGoodwill,GW-023,Vintage belt with brass buckle,Accessories,Used - Very Good,2026-07-14T09:00:00-04:00,,,,,true
SGW-UNSOLD-000425,ShopGoodwill,GW-006,"Silk scarf, floral print",Accessories,Used - Good,2026-08-30T09:00:00-04:00,,,,,true
SGW-UNSOLD-000427,ShopGoodwill,GW-010,"Canon EF zoom lens, 75–300mm",Electronics,Used - Very Good,2026-08-24T09:00:00-04:00,,,,,true
SGW-UNSOLD-000428,ShopGoodwill,GW-008,"Canon EF zoom lens, 75–300mm",Electronics,For parts / repair,2026-08-14T09:00:00-04:00,2026-08-23T11:00:00-04:00,,,SGW-OPEN-000428,true
SGW-UNSOLD-000429,ShopGoodwill,GW-012,"Hiking backpack, 40L",Sporting Goods,Used - Very Good,2026-08-29T09:00:00-04:00,,,,,true
SGW-UNSOLD-000431,ShopGoodwill,GW-001,"Leather tote bag, brown",Accessories,Used - Very Good,2026-07-26T09:00:00-04:00,,,,,true
SGW-UNSOLD-000432,ShopGoodwill,GW-024,"DeWalt cordless drill, tool only",Tools,Used - Very Good,2026-08-18T09:00:00-04:00,2026-08-27T11:00:00-04:00,,,SGW-OPEN-000432,true
SGW-UNSOLD-000433,ShopGoodwill,GW-022,"DeWalt cordless drill, tool only",Tools,Used - Very Good,2026-07-26T09:00:00-04:00,,,,,true
SGW-UNSOLD-000434,ShopGoodwill,GW-012,"Brass table lamp, tested",Home,Used - Good,2026-07-25T09:00:00-04:00,,,,,true
SGW-UNSOLD-000437,ShopGoodwill,GW-006,"Craftsman socket set, 32 pieces",Tools,Used - Good,2026-07-26T09:00:00-04:00,,,,,true
SGW-UNSOLD-000438,ShopGoodwill,GW-006,"Die-cast vehicle lot, assorted",Collectibles,For parts / repair,2026-08-23T09:00:00-04:00,,,,,true
SGW-UNSOLD-000441,ShopGoodwill,GW-019,"Wool cardigan, size S",Apparel,Used - Acceptable,2026-08-21T09:00:00-04:00,,,,,true
SGW-UNSOLD-000442,ShopGoodwill,GW-023,"Stoneware dinner service, 12 pieces",Home,Used - Good,2026-07-10T09:00:00-04:00,,,,,true
SGW-UNSOLD-000443,ShopGoodwill,GW-024,Sony stereo receiver — tested,Electronics,Used - Very Good,2026-08-15T09:00:00-04:00,,,,,true
SGW-UNSOLD-000444,ShopGoodwill,GW-009,"Vintage concert T-shirt, size XL",Apparel,Used - Very Good,2026-08-26T09:00:00-04:00,,,,,true
SGW-UNSOLD-000445,ShopGoodwill,GW-011,Vintage belt with brass buckle,Accessories,For parts / repair,2026-08-11T09:00:00-04:00,2026-08-22T11:00:00-04:00,,,SGW-OPEN-000445,true
SGW-UNSOLD-000446,ShopGoodwill,GW-021,"Hiking backpack, 40L",Sporting Goods,Used - Acceptable,2026-08-05T09:00:00-04:00,,,,,true
SGW-UNSOLD-000447,ShopGoodwill,GW-022,"Silk scarf, floral print",Accessories,Used - Good,2026-07-28T09:00:00-04:00,2026-08-10T11:00:00-04:00,,,SGW-OPEN-000447,true
SGW-UNSOLD-000448,ShopGoodwill,GW-002,"Patagonia fleece jacket, size M",Apparel,Used - Good,2026-08-30T09:00:00-04:00,,,,,true
SGW-UNSOLD-000450,ShopGoodwill,GW-012,"Bose portable speaker, cosmetic wear",Electronics,For parts / repair,2026-07-23T09:00:00-04:00,2026-08-06T11:00:00-04:00,,,SGW-OPEN-000450,true
SGW-UNSOLD-000452,ShopGoodwill,GW-004,"Gold-tone wristwatch, untested",Jewelry,For parts / repair,2026-08-23T09:00:00-04:00,,,,,true
SGW-UNSOLD-000453,ShopGoodwill,GW-022,"Canon EF zoom lens, 75–300mm",Electronics,Used - Very Good,2026-07-24T09:00:00-04:00,,,,,true
SGW-UNSOLD-000455,ShopGoodwill,GW-017,"Illustrated field guide, revised edition",Books,Used - Very Good,2026-08-05T09:00:00-04:00,2026-08-25T11:00:00-04:00,,,SGW-OPEN-000455,true
SGW-UNSOLD-000456,ShopGoodwill,GW-020,"Mystery paperback lot, 6 books",Books,Used - Good,2026-08-28T09:00:00-04:00,,,,,true
SGW-UNSOLD-000457,ShopGoodwill,GW-001,"Travel duffel, navy",Accessories,Used - Very Good,2026-07-23T09:00:00-04:00,2026-07-25T11:00:00-04:00,,,SGW-OPEN-000457,true
SGW-UNSOLD-000458,ShopGoodwill,GW-023,"Vintage cassette deck, powers on",Electronics,Used - Acceptable,2026-07-21T09:00:00-04:00,2026-08-03T11:00:00-04:00,,,SGW-OPEN-000458,true
SGW-UNSOLD-000459,ShopGoodwill,GW-019,"Die-cast vehicle lot, assorted",Collectibles,Used - Good,2026-07-24T09:00:00-04:00,2026-08-15T11:00:00-04:00,,,SGW-OPEN-000459,true
SGW-UNSOLD-000461,ShopGoodwill,GW-007,Vintage Stanley hand plane,Tools,Used - Acceptable,2026-08-16T09:00:00-04:00,2026-08-21T11:00:00-04:00,,,SGW-OPEN-000461,true
SGW-UNSOLD-000463,ShopGoodwill,GW-017,Engineering reference manual,Books,For parts / repair,2026-07-13T09:00:00-04:00,,,,,true
SGW-UNSOLD-000464,ShopGoodwill,GW-014,"Leather tote bag, brown",Accessories,Used - Acceptable,2026-08-17T09:00:00-04:00,2026-08-26T11:00:00-04:00,,,SGW-OPEN-000464,true
SGW-UNSOLD-000465,ShopGoodwill,GW-020,"Handwoven wool rug, 3 × 5 ft",Home,For parts / repair,2026-07-29T09:00:00-04:00,2026-08-20T11:00:00-04:00,,,SGW-OPEN-000465,true
SGW-UNSOLD-000467,ShopGoodwill,GW-007,"Silk scarf, floral print",Accessories,Used - Acceptable,2026-07-19T09:00:00-04:00,2026-08-10T11:00:00-04:00,,,SGW-OPEN-000467,true
SGW-UNSOLD-000468,ShopGoodwill,GW-018,Engineering reference manual,Books,Used - Very Good,2026-07-22T09:00:00-04:00,2026-08-06T11:00:00-04:00,,,SGW-OPEN-000468,true
SGW-UNSOLD-000469,ShopGoodwill,GW-023,"Golf iron set, right handed",Sporting Goods,Used - Very Good,2026-07-12T09:00:00-04:00,2026-07-31T11:00:00-04:00,,,SGW-OPEN-000469,true
SGW-UNSOLD-000470,ShopGoodwill,GW-012,"Art history volume, dust jacket",Books,Used - Good,2026-08-07T09:00:00-04:00,2026-08-13T11:00:00-04:00,,,SGW-OPEN-000470,true
SGW-UNSOLD-000473,ShopGoodwill,GW-024,"Art history volume, dust jacket",Books,Used - Acceptable,2026-08-09T09:00:00-04:00,2026-08-21T11:00:00-04:00,,,SGW-OPEN-000473,true
SGW-UNSOLD-000475,ShopGoodwill,GW-016,"Hiking backpack, 40L",Sporting Goods,Used - Very Good,2026-07-12T09:00:00-04:00,2026-07-19T11:00:00-04:00,,,SGW-OPEN-000475,true
SGW-UNSOLD-000477,ShopGoodwill,GW-016,"Vintage cassette deck, powers on",Electronics,Used - Good,2026-08-26T09:00:00-04:00,,,,,true
SGW-UNSOLD-000478,ShopGoodwill,GW-008,"Golf iron set, right handed",Sporting Goods,Used - Acceptable,2026-07-24T09:00:00-04:00,2026-08-12T11:00:00-04:00,,,SGW-OPEN-000478,true
SGW-UNSOLD-000480,ShopGoodwill,GW-024,"Estate postcard collection, 80 pieces",Collectibles,Used - Very Good,2026-07-29T09:00:00-04:00,,,,,true
SGW-UNSOLD-000481,ShopGoodwill,GW-017,"Travel duffel, navy",Accessories,For parts / repair,2026-08-01T09:00:00-04:00,2026-08-08T11:00:00-04:00,,,SGW-OPEN-000481,true
SGW-UNSOLD-000483,ShopGoodwill,GW-009,"Wool cardigan, size S",Apparel,Used - Acceptable,2026-07-22T09:00:00-04:00,,,,,true
SGW-UNSOLD-000484,ShopGoodwill,GW-024,Sony stereo receiver — tested,Electronics,Used - Acceptable,2026-07-17T09:00:00-04:00,,,,,true
SGW-UNSOLD-000485,ShopGoodwill,GW-007,"Levi's denim jacket, size L",Apparel,Used - Acceptable,2026-07-11T09:00:00-04:00,2026-07-17T11:00:00-04:00,,,SGW-OPEN-000485,true
SGW-UNSOLD-000486,ShopGoodwill,GW-016,"Handwoven wool rug, 3 × 5 ft",Home,Used - Acceptable,2026-07-21T09:00:00-04:00,,,,,true
SGW-UNSOLD-000487,ShopGoodwill,GW-022,Sony stereo receiver — tested,Electronics,Used - Good,2026-07-16T09:00:00-04:00,2026-07-19T11:00:00-04:00,,,SGW-OPEN-000487,true
SGW-UNSOLD-000488,ShopGoodwill,GW-012,"Levi's denim jacket, size L",Apparel,Used - Acceptable,2026-08-04T09:00:00-04:00,2026-08-18T11:00:00-04:00,,,SGW-OPEN-000488,true
SGW-UNSOLD-000489,ShopGoodwill,GW-020,"Canon EF zoom lens, 75–300mm",Electronics,For parts / repair,2026-08-15T09:00:00-04:00,,,,,true
SGW-UNSOLD-000490,ShopGoodwill,GW-010,"Leather tote bag, brown",Accessories,Used - Acceptable,2026-07-14T09:00:00-04:00,,,,,true
SGW-UNSOLD-000491,ShopGoodwill,GW-002,"Art history volume, dust jacket",Books,Used - Acceptable,2026-07-30T09:00:00-04:00,,,,,true
SGW-UNSOLD-000492,ShopGoodwill,GW-011,"Stoneware dinner service, 12 pieces",Home,Used - Acceptable,2026-08-14T09:00:00-04:00,2026-08-20T11:00:00-04:00,,,SGW-OPEN-000492,true
SGW-UNSOLD-000495,ShopGoodwill,GW-005,"Stoneware dinner service, 12 pieces",Home,For parts / repair,2026-07-31T09:00:00-04:00,,,,,true
SGW-UNSOLD-000498,ShopGoodwill,GW-011,"Art history volume, dust jacket",Books,Used - Very Good,2026-08-20T09:00:00-04:00,2026-08-25T11:00:00-04:00,,,SGW-OPEN-000498,true
SGW-UNSOLD-000499,ShopGoodwill,GW-012,Engineering reference manual,Books,For parts / repair,2026-07-26T09:00:00-04:00,2026-08-18T11:00:00-04:00,,,SGW-OPEN-000499,true
SGW-UNSOLD-000502,ShopGoodwill,GW-017,"Levi's denim jacket, size L",Apparel,For parts / repair,2026-07-29T09:00:00-04:00,,,,,true
SGW-UNSOLD-000503,ShopGoodwill,GW-009,"Wool cardigan, size S",Apparel,Used - Very Good,2026-07-24T09:00:00-04:00,2026-08-01T11:00:00-04:00,,,SGW-OPEN-000503,true
SGW-UNSOLD-000504,ShopGoodwill,GW-011,Tennis racquet pair with covers,Sporting Goods,Used - Very Good,2026-07-28T09:00:00-04:00,,,,,true
SGW-UNSOLD-000505,ShopGoodwill,GW-010,"Illustrated field guide, revised edition",Books,Used - Acceptable,2026-07-21T09:00:00-04:00,,,,,true
SGW-UNSOLD-000506,ShopGoodwill,GW-012,"Leather tote bag, brown",Accessories,Used - Good,2026-07-22T09:00:00-04:00,2026-08-12T11:00:00-04:00,,,SGW-OPEN-000506,true
SGW-UNSOLD-000507,ShopGoodwill,GW-006,"Silk scarf, floral print",Accessories,For parts / repair,2026-08-15T09:00:00-04:00,2026-08-21T11:00:00-04:00,,,SGW-OPEN-000507,true
SGW-UNSOLD-000508,ShopGoodwill,GW-018,"Wool cardigan, size S",Apparel,Used - Acceptable,2026-08-16T09:00:00-04:00,2026-08-24T11:00:00-04:00,,,SGW-OPEN-000508,true
SGW-UNSOLD-000509,ShopGoodwill,GW-017,"Bose portable speaker, cosmetic wear",Electronics,Used - Good,2026-08-21T09:00:00-04:00,,,,,true
SGW-UNSOLD-000510,ShopGoodwill,GW-014,Signed studio pottery vase,Collectibles,For parts / repair,2026-08-31T09:00:00-04:00,,,,,true
SGW-UNSOLD-000511,ShopGoodwill,GW-011,KitchenAid hand mixer with beaters,Home,Used - Good,2026-07-22T09:00:00-04:00,2026-07-25T11:00:00-04:00,,,SGW-OPEN-000511,true
SGW-UNSOLD-000512,ShopGoodwill,GW-004,"Vintage concert T-shirt, size XL",Apparel,For parts / repair,2026-07-10T09:00:00-04:00,,,,,true
SGW-UNSOLD-000513,ShopGoodwill,GW-002,"Craftsman socket set, 32 pieces",Tools,Used - Very Good,2026-07-16T09:00:00-04:00,2026-07-30T11:00:00-04:00,,,SGW-OPEN-000513,true
SGW-UNSOLD-000514,ShopGoodwill,GW-015,"Vintage cassette deck, powers on",Electronics,Used - Acceptable,2026-08-11T09:00:00-04:00,2026-08-17T11:00:00-04:00,,,SGW-OPEN-000514,true
SGW-UNSOLD-000515,ShopGoodwill,GW-002,"Sterling ring, size 7",Jewelry,For parts / repair,2026-07-31T09:00:00-04:00,2026-08-04T11:00:00-04:00,,,SGW-OPEN-000515,true
SGW-UNSOLD-000516,ShopGoodwill,GW-012,Nintendo DS console with charger,Electronics,Used - Acceptable,2026-08-10T09:00:00-04:00,,,,,true
SGW-UNSOLD-000517,ShopGoodwill,GW-020,"Canon EF zoom lens, 75–300mm",Electronics,Used - Acceptable,2026-07-22T09:00:00-04:00,2026-08-10T11:00:00-04:00,,,SGW-OPEN-000517,true
SGW-UNSOLD-000518,ShopGoodwill,GW-001,"Wool cardigan, size S",Apparel,Used - Good,2026-07-14T09:00:00-04:00,2026-07-30T11:00:00-04:00,,,SGW-OPEN-000518,true
SGW-UNSOLD-000519,ShopGoodwill,GW-009,Vintage Stanley hand plane,Tools,Used - Good,2026-07-22T09:00:00-04:00,2026-07-27T11:00:00-04:00,,,SGW-OPEN-000519,true
SGW-UNSOLD-000520,ShopGoodwill,GW-016,Tennis racquet pair with covers,Sporting Goods,Used - Very Good,2026-07-27T09:00:00-04:00,2026-08-04T11:00:00-04:00,,,SGW-OPEN-000520,true
SGW-UNSOLD-000522,ShopGoodwill,GW-020,"Hiking backpack, 40L",Sporting Goods,Used - Acceptable,2026-08-26T09:00:00-04:00,,,,,true
SGW-UNSOLD-000523,ShopGoodwill,GW-007,"Canon EF zoom lens, 75–300mm",Electronics,Used - Good,2026-08-12T09:00:00-04:00,2026-08-23T11:00:00-04:00,,,SGW-OPEN-000523,true
SGW-UNSOLD-000526,ShopGoodwill,GW-017,"DeWalt cordless drill, tool only",Tools,Used - Good,2026-07-15T09:00:00-04:00,2026-07-22T11:00:00-04:00,,,SGW-OPEN-000526,true
SGW-UNSOLD-000527,ShopGoodwill,GW-016,"Vintage concert T-shirt, size XL",Apparel,Used - Very Good,2026-08-15T09:00:00-04:00,2026-08-19T11:00:00-04:00,,,SGW-OPEN-000527,true
SGW-UNSOLD-000528,ShopGoodwill,GW-022,"Craftsman socket set, 32 pieces",Tools,Used - Good,2026-08-06T09:00:00-04:00,,,,,true
SGW-UNSOLD-000530,ShopGoodwill,GW-016,"Silk scarf, floral print",Accessories,Used - Very Good,2026-07-18T09:00:00-04:00,2026-07-31T11:00:00-04:00,,,SGW-OPEN-000530,true
SGW-UNSOLD-000531,ShopGoodwill,GW-016,"Craftsman socket set, 32 pieces",Tools,Used - Good,2026-08-04T09:00:00-04:00,,,,,true
SGW-UNSOLD-000532,ShopGoodwill,GW-012,"Canon EF zoom lens, 75–300mm",Electronics,Used - Very Good,2026-08-29T09:00:00-04:00,,,,,true
SGW-UNSOLD-000533,ShopGoodwill,GW-004,Signed studio pottery vase,Collectibles,Used - Very Good,2026-08-04T09:00:00-04:00,2026-08-16T11:00:00-04:00,,,SGW-OPEN-000533,true
SGW-UNSOLD-000536,ShopGoodwill,GW-014,"Handwoven wool rug, 3 × 5 ft",Home,For parts / repair,2026-08-19T09:00:00-04:00,,,,,true
SGW-UNSOLD-000537,ShopGoodwill,GW-009,"Levi's denim jacket, size L",Apparel,Used - Very Good,2026-08-11T09:00:00-04:00,,,,,true
SGW-UNSOLD-000539,ShopGoodwill,GW-017,"Canon EF zoom lens, 75–300mm",Electronics,Used - Good,2026-08-29T09:00:00-04:00,,,,,true
SGW-UNSOLD-000541,ShopGoodwill,GW-015,Signed studio pottery vase,Collectibles,Used - Very Good,2026-08-19T09:00:00-04:00,,,,,true
SGW-UNSOLD-000542,ShopGoodwill,GW-022,"Vintage cassette deck, powers on",Electronics,For parts / repair,2026-07-17T09:00:00-04:00,,,,,true
SGW-UNSOLD-000543,ShopGoodwill,GW-001,"Handwoven wool rug, 3 × 5 ft",Home,Used - Very Good,2026-08-17T09:00:00-04:00,,,,,true
SGW-UNSOLD-000544,ShopGoodwill,GW-003,"Sterling ring, size 7",Jewelry,Used - Good,2026-07-19T09:00:00-04:00,,,,,true
SGW-UNSOLD-000545,ShopGoodwill,GW-015,Vintage Stanley hand plane,Tools,Used - Acceptable,2026-08-31T09:00:00-04:00,,,,,true
SGW-UNSOLD-000546,ShopGoodwill,GW-018,"Golf iron set, right handed",Sporting Goods,For parts / repair,2026-07-20T09:00:00-04:00,,,,,true
SGW-UNSOLD-000548,ShopGoodwill,GW-010,"Estate postcard collection, 80 pieces",Collectibles,For parts / repair,2026-08-21T09:00:00-04:00,2026-08-24T11:00:00-04:00,,,SGW-OPEN-000548,true
SGW-UNSOLD-000551,ShopGoodwill,GW-014,Signed studio pottery vase,Collectibles,Used - Very Good,2026-08-06T09:00:00-04:00,2026-08-25T11:00:00-04:00,,,SGW-OPEN-000551,true
SGW-UNSOLD-000552,ShopGoodwill,GW-018,"Handwoven wool rug, 3 × 5 ft",Home,For parts / repair,2026-08-28T09:00:00-04:00,,,,,true
SGW-UNSOLD-000553,ShopGoodwill,GW-004,"DeWalt cordless drill, tool only",Tools,Used - Very Good,2026-07-15T09:00:00-04:00,2026-07-21T11:00:00-04:00,,,SGW-OPEN-000553,true
SGW-UNSOLD-000554,ShopGoodwill,GW-017,Nintendo DS console with charger,Electronics,Used - Very Good,2026-07-24T09:00:00-04:00,2026-08-16T11:00:00-04:00,,,SGW-OPEN-000554,true
SGW-UNSOLD-000557,ShopGoodwill,GW-023,"Digital multimeter, tested",Tools,For parts / repair,2026-07-15T09:00:00-04:00,,,,,true
SGW-UNSOLD-000558,ShopGoodwill,GW-004,"Bose portable speaker, cosmetic wear",Electronics,Used - Very Good,2026-07-14T09:00:00-04:00,2026-08-07T11:00:00-04:00,,,SGW-OPEN-000558,true
SGW-UNSOLD-000560,ShopGoodwill,GW-012,"Canon EF zoom lens, 75–300mm",Electronics,Used - Good,2026-08-13T09:00:00-04:00,,,,,true
SGW-UNSOLD-000562,ShopGoodwill,GW-020,"Digital multimeter, tested",Tools,For parts / repair,2026-08-25T09:00:00-04:00,,,,,true
SGW-UNSOLD-000563,ShopGoodwill,GW-017,"Craftsman socket set, 32 pieces",Tools,Used - Acceptable,2026-08-15T09:00:00-04:00,,,,,true
SGW-UNSOLD-000564,ShopGoodwill,GW-001,"Sterling ring, size 7",Jewelry,Used - Good,2026-08-14T09:00:00-04:00,2026-08-20T11:00:00-04:00,,,SGW-OPEN-000564,true
SGW-UNSOLD-000565,ShopGoodwill,GW-020,"Mystery paperback lot, 6 books",Books,Used - Good,2026-08-23T09:00:00-04:00,,,,,true
SGW-UNSOLD-000566,ShopGoodwill,GW-004,"Patagonia fleece jacket, size M",Apparel,For parts / repair,2026-07-11T09:00:00-04:00,2026-08-02T11:00:00-04:00,,,SGW-OPEN-000566,true
SGW-UNSOLD-000567,ShopGoodwill,GW-008,"Gold-tone wristwatch, untested",Jewelry,Used - Good,2026-08-05T09:00:00-04:00,2026-08-13T11:00:00-04:00,,,SGW-OPEN-000567,true
SGW-UNSOLD-000569,ShopGoodwill,GW-018,"Hiking backpack, 40L",Sporting Goods,Used - Good,2026-08-17T09:00:00-04:00,,,,,true
SGW-UNSOLD-000570,ShopGoodwill,GW-003,"Die-cast vehicle lot, assorted",Collectibles,For parts / repair,2026-08-08T09:00:00-04:00,2026-08-17T11:00:00-04:00,,,SGW-OPEN-000570,true
SGW-UNSOLD-000571,ShopGoodwill,GW-017,"Golf iron set, right handed",Sporting Goods,Used - Very Good,2026-08-22T09:00:00-04:00,,,,,true
SGW-UNSOLD-000573,ShopGoodwill,GW-015,"Stoneware dinner service, 12 pieces",Home,Used - Good,2026-08-24T09:00:00-04:00,,,,,true
SGW-UNSOLD-000574,ShopGoodwill,GW-020,Vintage belt with brass buckle,Accessories,Used - Acceptable,2026-07-21T09:00:00-04:00,2026-08-04T11:00:00-04:00,,,SGW-OPEN-000574,true
SGW-UNSOLD-000575,ShopGoodwill,GW-017,Vintage Stanley hand plane,Tools,Used - Acceptable,2026-08-21T09:00:00-04:00,2026-08-25T11:00:00-04:00,,,SGW-OPEN-000575,true
SGW-UNSOLD-000576,ShopGoodwill,GW-001,Engineering reference manual,Books,Used - Acceptable,2026-07-11T09:00:00-04:00,2026-07-25T11:00:00-04:00,,,SGW-OPEN-000576,true
SGW-UNSOLD-000579,ShopGoodwill,GW-004,Nintendo DS console with charger,Electronics,For parts / repair,2026-08-16T09:00:00-04:00,2026-08-22T11:00:00-04:00,,,SGW-OPEN-000579,true
SGW-UNSOLD-000582,ShopGoodwill,GW-020,"Estate postcard collection, 80 pieces",Collectibles,For parts / repair,2026-07-28T09:00:00-04:00,2026-08-14T11:00:00-04:00,,,SGW-OPEN-000582,true
SGW-UNSOLD-000583,ShopGoodwill,GW-002,"Sterling silver necklace, 18 inch",Jewelry,Used - Very Good,2026-08-09T09:00:00-04:00,2026-08-22T11:00:00-04:00,,,SGW-OPEN-000583,true
SGW-UNSOLD-000585,ShopGoodwill,GW-015,"Sterling ring, size 7",Jewelry,Used - Good,2026-08-28T09:00:00-04:00,,,,,true
SGW-UNSOLD-000586,ShopGoodwill,GW-004,"Gold-tone wristwatch, untested",Jewelry,For parts / repair,2026-07-22T09:00:00-04:00,,,,,true
SGW-UNSOLD-000587,ShopGoodwill,GW-016,"Illustrated field guide, revised edition",Books,For parts / repair,2026-07-31T09:00:00-04:00,2026-08-10T11:00:00-04:00,,,SGW-OPEN-000587,true
SGW-UNSOLD-000588,ShopGoodwill,GW-022,Hardcover regional cookbook,Books,For parts / repair,2026-07-12T09:00:00-04:00,2026-07-14T11:00:00-04:00,,,SGW-OPEN-000588,true
SGW-UNSOLD-000589,ShopGoodwill,GW-003,"DeWalt cordless drill, tool only",Tools,Used - Very Good,2026-07-15T09:00:00-04:00,2026-07-28T11:00:00-04:00,,,SGW-OPEN-000589,true
SGW-UNSOLD-000590,ShopGoodwill,GW-014,"Sterling ring, size 7",Jewelry,Used - Very Good,2026-08-24T09:00:00-04:00,,,,,true
SGW-UNSOLD-000591,ShopGoodwill,GW-002,Sony stereo receiver — tested,Electronics,For parts / repair,2026-08-02T09:00:00-04:00,2026-08-11T11:00:00-04:00,,,SGW-OPEN-000591,true
SGW-UNSOLD-000592,ShopGoodwill,GW-005,"Illustrated field guide, revised edition",Books,Used - Good,2026-08-11T09:00:00-04:00,2026-08-15T11:00:00-04:00,,,SGW-OPEN-000592,true
SGW-UNSOLD-000593,ShopGoodwill,GW-014,"Hiking backpack, 40L",Sporting Goods,Used - Very Good,2026-08-24T09:00:00-04:00,,,,,true
SGW-UNSOLD-000595,ShopGoodwill,GW-001,Signed studio pottery vase,Collectibles,Used - Good,2026-08-18T09:00:00-04:00,2026-08-24T11:00:00-04:00,,,SGW-OPEN-000595,true
SGW-UNSOLD-000596,ShopGoodwill,GW-004,KitchenAid hand mixer with beaters,Home,For parts / repair,2026-08-26T09:00:00-04:00,,,,,true
SGW-UNSOLD-000598,ShopGoodwill,GW-012,"Sterling silver necklace, 18 inch",Jewelry,For parts / repair,2026-08-09T09:00:00-04:00,,,,,true
SGW-UNSOLD-000599,ShopGoodwill,GW-012,"Canon EF zoom lens, 75–300mm",Electronics,For parts / repair,2026-08-20T09:00:00-04:00,,,,,true
SGW-UNSOLD-000601,ShopGoodwill,GW-021,"DeWalt cordless drill, tool only",Tools,Used - Very Good,2026-08-08T09:00:00-04:00,,,,,true
SGW-UNSOLD-000602,ShopGoodwill,GW-008,"Gold-tone wristwatch, untested",Jewelry,Used - Good,2026-08-03T09:00:00-04:00,,,,,true
SGW-UNSOLD-000605,ShopGoodwill,GW-001,"Art history volume, dust jacket",Books,Used - Good,2026-08-09T09:00:00-04:00,,,,,true
SGW-UNSOLD-000606,ShopGoodwill,GW-016,"Leather tote bag, brown",Accessories,For parts / repair,2026-08-16T09:00:00-04:00,,,,,true
SGW-UNSOLD-000607,ShopGoodwill,GW-019,Vintage costume jewelry lot,Jewelry,Used - Very Good,2026-08-25T09:00:00-04:00,,,,,true
SGW-UNSOLD-000608,ShopGoodwill,GW-001,"Illustrated field guide, revised edition",Books,Used - Good,2026-08-28T09:00:00-04:00,,,,,true
SGW-UNSOLD-000611,ShopGoodwill,GW-008,Sony stereo receiver — tested,Electronics,Used - Good,2026-08-24T09:00:00-04:00,,,,,true
SGW-UNSOLD-000613,ShopGoodwill,GW-024,Hardcover regional cookbook,Books,Used - Acceptable,2026-08-27T09:00:00-04:00,,,,,true
SGW-UNSOLD-000615,ShopGoodwill,GW-020,"Sterling silver necklace, 18 inch",Jewelry,Used - Very Good,2026-08-13T09:00:00-04:00,,,,,true
SGW-UNSOLD-000617,ShopGoodwill,GW-013,Engineering reference manual,Books,Used - Acceptable,2026-08-08T09:00:00-04:00,2026-08-22T11:00:00-04:00,,,SGW-OPEN-000617,true
SGW-UNSOLD-000618,ShopGoodwill,GW-006,"Canon EF zoom lens, 75–300mm",Electronics,Used - Acceptable,2026-08-05T09:00:00-04:00,2026-08-25T11:00:00-04:00,,,SGW-OPEN-000618,true
SGW-UNSOLD-000619,ShopGoodwill,GW-004,"Craftsman socket set, 32 pieces",Tools,Used - Good,2026-07-28T09:00:00-04:00,,,,,true
SGW-UNSOLD-000622,ShopGoodwill,GW-018,"Bose portable speaker, cosmetic wear",Electronics,Used - Good,2026-07-25T09:00:00-04:00,2026-08-05T11:00:00-04:00,,,SGW-OPEN-000622,true
SGW-UNSOLD-000625,ShopGoodwill,GW-005,KitchenAid hand mixer with beaters,Home,Used - Acceptable,2026-08-08T09:00:00-04:00,2026-08-27T11:00:00-04:00,,,SGW-OPEN-000625,true
SGW-UNSOLD-000626,ShopGoodwill,GW-022,"Vintage concert T-shirt, size XL",Apparel,Used - Good,2026-08-11T09:00:00-04:00,,,,,true
SGW-UNSOLD-000627,ShopGoodwill,GW-001,Vintage Pyrex mixing bowl set,Collectibles,For parts / repair,2026-07-13T09:00:00-04:00,,,,,true
SGW-UNSOLD-000628,ShopGoodwill,GW-003,KitchenAid hand mixer with beaters,Home,For parts / repair,2026-08-15T09:00:00-04:00,,,,,true
SGW-UNSOLD-000629,ShopGoodwill,GW-024,"DeWalt cordless drill, tool only",Tools,Used - Good,2026-08-05T09:00:00-04:00,2026-08-21T11:00:00-04:00,,,SGW-OPEN-000629,true
SGW-UNSOLD-000630,ShopGoodwill,GW-021,KitchenAid hand mixer with beaters,Home,Used - Acceptable,2026-07-10T09:00:00-04:00,2026-07-16T11:00:00-04:00,,,SGW-OPEN-000630,true
SGW-UNSOLD-000631,ShopGoodwill,GW-018,Fishing reel with spare spool,Sporting Goods,Used - Good,2026-07-30T09:00:00-04:00,,,,,true
SGW-UNSOLD-000632,ShopGoodwill,GW-024,KitchenAid hand mixer with beaters,Home,Used - Acceptable,2026-08-07T09:00:00-04:00,,,,,true
SGW-UNSOLD-000633,ShopGoodwill,GW-014,"Stoneware dinner service, 12 pieces",Home,Used - Acceptable,2026-07-21T09:00:00-04:00,2026-08-09T11:00:00-04:00,,,SGW-OPEN-000633,true
SGW-UNSOLD-000634,ShopGoodwill,GW-021,Fishing reel with spare spool,Sporting Goods,Used - Good,2026-07-10T09:00:00-04:00,2026-07-27T11:00:00-04:00,,,SGW-OPEN-000634,true
SGW-UNSOLD-000635,ShopGoodwill,GW-024,"Stoneware dinner service, 12 pieces",Home,Used - Good,2026-07-10T09:00:00-04:00,,,,,true
SGW-UNSOLD-000637,ShopGoodwill,GW-017,KitchenAid hand mixer with beaters,Home,Used - Good,2026-08-26T09:00:00-04:00,,,,,true
SGW-UNSOLD-000638,ShopGoodwill,GW-014,Tennis racquet pair with covers,Sporting Goods,Used - Very Good,2026-08-10T09:00:00-04:00,,,,,true
SGW-UNSOLD-000639,ShopGoodwill,GW-009,"Patagonia fleece jacket, size M",Apparel,For parts / repair,2026-08-28T09:00:00-04:00,,,,,true
SGW-UNSOLD-000640,ShopGoodwill,GW-004,"Estate postcard collection, 80 pieces",Collectibles,For parts / repair,2026-07-20T09:00:00-04:00,,,,,true
SGW-UNSOLD-000641,ShopGoodwill,GW-024,"Patagonia fleece jacket, size M",Apparel,For parts / repair,2026-08-07T09:00:00-04:00,2026-08-24T11:00:00-04:00,,,SGW-OPEN-000641,true
SGW-UNSOLD-000642,ShopGoodwill,GW-018,"Patagonia fleece jacket, size M",Apparel,Used - Very Good,2026-07-11T09:00:00-04:00,,,,,true
SGW-UNSOLD-000643,ShopGoodwill,GW-006,"Wool cardigan, size S",Apparel,Used - Very Good,2026-07-26T09:00:00-04:00,2026-08-02T11:00:00-04:00,,,SGW-OPEN-000643,true
SGW-UNSOLD-000644,ShopGoodwill,GW-009,"Wool cardigan, size S",Apparel,Used - Good,2026-07-27T09:00:00-04:00,2026-08-16T11:00:00-04:00,,,SGW-OPEN-000644,true
SGW-UNSOLD-000645,ShopGoodwill,GW-001,Vintage costume jewelry lot,Jewelry,Used - Acceptable,2026-07-28T09:00:00-04:00,,,,,true
SGW-UNSOLD-000646,ShopGoodwill,GW-006,"Digital multimeter, tested",Tools,Used - Very Good,2026-08-12T09:00:00-04:00,,,,,true
SGW-UNSOLD-000647,ShopGoodwill,GW-016,"Brass table lamp, tested",Home,For parts / repair,2026-08-10T09:00:00-04:00,,,,,true
SGW-UNSOLD-000648,ShopGoodwill,GW-011,Nintendo DS console with charger,Electronics,Used - Very Good,2026-08-16T09:00:00-04:00,,,,,true
SGW-UNSOLD-000649,ShopGoodwill,GW-011,"Leather tote bag, brown",Accessories,Used - Good,2026-07-22T09:00:00-04:00,2026-07-31T11:00:00-04:00,,,SGW-OPEN-000649,true
SGW-UNSOLD-000650,ShopGoodwill,GW-011,"Hiking backpack, 40L",Sporting Goods,Used - Good,2026-08-25T09:00:00-04:00,,,,,true
SGW-UNSOLD-000651,ShopGoodwill,GW-006,"Hiking backpack, 40L",Sporting Goods,Used - Very Good,2026-08-29T09:00:00-04:00,,,,,true
SGW-UNSOLD-000652,ShopGoodwill,GW-018,"Gold-tone wristwatch, untested",Jewelry,Used - Very Good,2026-07-11T09:00:00-04:00,2026-07-23T11:00:00-04:00,,,SGW-OPEN-000652,true
SGW-UNSOLD-000653,ShopGoodwill,GW-001,"Bose portable speaker, cosmetic wear",Electronics,For parts / repair,2026-08-05T09:00:00-04:00,,,,,true
SGW-UNSOLD-000655,ShopGoodwill,GW-024,"Patagonia fleece jacket, size M",Apparel,Used - Very Good,2026-07-25T09:00:00-04:00,,,,,true
SGW-UNSOLD-000657,ShopGoodwill,GW-012,Vintage costume jewelry lot,Jewelry,For parts / repair,2026-07-16T09:00:00-04:00,2026-07-29T11:00:00-04:00,,,SGW-OPEN-000657,true
SGW-UNSOLD-000658,ShopGoodwill,GW-024,"Digital multimeter, tested",Tools,Used - Acceptable,2026-08-08T09:00:00-04:00,,,,,true
SGW-UNSOLD-000659,ShopGoodwill,GW-014,"Brass table lamp, tested",Home,For parts / repair,2026-07-29T09:00:00-04:00,,,,,true
SGW-UNSOLD-000660,ShopGoodwill,GW-009,"Craftsman socket set, 32 pieces",Tools,Used - Very Good,2026-08-22T09:00:00-04:00,,,,,true
SGW-UNSOLD-000661,ShopGoodwill,GW-015,"Hiking backpack, 40L",Sporting Goods,For parts / repair,2026-08-14T09:00:00-04:00,2026-08-23T11:00:00-04:00,,,SGW-OPEN-000661,true
SGW-UNSOLD-000662,ShopGoodwill,GW-010,"Golf iron set, right handed",Sporting Goods,Used - Good,2026-08-01T09:00:00-04:00,2026-08-19T11:00:00-04:00,,,SGW-OPEN-000662,true
SGW-UNSOLD-000663,ShopGoodwill,GW-008,"Silk scarf, floral print",Accessories,Used - Very Good,2026-08-29T09:00:00-04:00,,,,,true
SGW-UNSOLD-000664,ShopGoodwill,GW-001,"Golf iron set, right handed",Sporting Goods,For parts / repair,2026-08-24T09:00:00-04:00,,,,,true
SGW-UNSOLD-000665,ShopGoodwill,GW-010,"Illustrated field guide, revised edition",Books,Used - Very Good,2026-07-19T09:00:00-04:00,,,,,true
SGW-UNSOLD-000669,ShopGoodwill,GW-022,"Gold-tone wristwatch, untested",Jewelry,Used - Good,2026-07-13T09:00:00-04:00,2026-07-28T11:00:00-04:00,,,SGW-OPEN-000669,true
SGW-UNSOLD-000670,ShopGoodwill,GW-016,Vintage Stanley hand plane,Tools,Used - Good,2026-07-26T09:00:00-04:00,2026-08-17T11:00:00-04:00,,,SGW-OPEN-000670,true
SGW-UNSOLD-000671,ShopGoodwill,GW-019,"Wool cardigan, size S",Apparel,Used - Good,2026-08-16T09:00:00-04:00,,,,,true
SGW-UNSOLD-000672,ShopGoodwill,GW-001,"Silk scarf, floral print",Accessories,Used - Good,2026-08-03T09:00:00-04:00,2026-08-06T11:00:00-04:00,,,SGW-OPEN-000672,true
SGW-UNSOLD-000673,ShopGoodwill,GW-015,"Levi's denim jacket, size L",Apparel,Used - Good,2026-07-27T09:00:00-04:00,2026-07-29T11:00:00-04:00,,,SGW-OPEN-000673,true
SGW-UNSOLD-000674,ShopGoodwill,GW-008,KitchenAid hand mixer with beaters,Home,For parts / repair,2026-08-06T09:00:00-04:00,,,,,true
SGW-UNSOLD-000677,ShopGoodwill,GW-008,KitchenAid hand mixer with beaters,Home,Used - Acceptable,2026-08-04T09:00:00-04:00,2026-08-09T11:00:00-04:00,,,SGW-OPEN-000677,true
SGW-UNSOLD-000678,ShopGoodwill,GW-001,"Die-cast vehicle lot, assorted",Collectibles,Used - Good,2026-08-21T09:00:00-04:00,,,,,true
SGW-UNSOLD-000679,ShopGoodwill,GW-009,KitchenAid hand mixer with beaters,Home,Used - Very Good,2026-07-28T09:00:00-04:00,,,,,true
SGW-UNSOLD-000681,ShopGoodwill,GW-004,"Brass table lamp, tested",Home,Used - Acceptable,2026-08-06T09:00:00-04:00,2026-08-09T11:00:00-04:00,,,SGW-OPEN-000681,true
SGW-UNSOLD-000682,ShopGoodwill,GW-020,KitchenAid hand mixer with beaters,Home,Used - Very Good,2026-08-09T09:00:00-04:00,2026-08-26T11:00:00-04:00,,,SGW-OPEN-000682,true
SGW-UNSOLD-000686,ShopGoodwill,GW-008,"Vintage concert T-shirt, size XL",Apparel,Used - Good,2026-08-30T09:00:00-04:00,,,,,true
SGW-UNSOLD-000687,ShopGoodwill,GW-018,"Travel duffel, navy",Accessories,Used - Acceptable,2026-08-16T09:00:00-04:00,2026-08-22T11:00:00-04:00,,,SGW-OPEN-000687,true
SGW-UNSOLD-000688,ShopGoodwill,GW-011,Vintage costume jewelry lot,Jewelry,Used - Very Good,2026-08-01T09:00:00-04:00,,,,,true
SGW-UNSOLD-000690,ShopGoodwill,GW-024,Hardcover regional cookbook,Books,For parts / repair,2026-07-12T09:00:00-04:00,2026-07-16T11:00:00-04:00,,,SGW-OPEN-000690,true
SGW-UNSOLD-000691,ShopGoodwill,GW-021,"Levi's denim jacket, size L",Apparel,Used - Very Good,2026-08-30T09:00:00-04:00,,,,,true
SGW-UNSOLD-000693,ShopGoodwill,GW-020,"Levi's denim jacket, size L",Apparel,Used - Acceptable,2026-08-11T09:00:00-04:00,2026-08-24T11:00:00-04:00,,,SGW-OPEN-000693,true
SGW-UNSOLD-000694,ShopGoodwill,GW-017,"Sterling ring, size 7",Jewelry,For parts / repair,2026-08-04T09:00:00-04:00,2026-08-27T11:00:00-04:00,,,SGW-OPEN-000694,true
SGW-UNSOLD-000695,ShopGoodwill,GW-024,"Bose portable speaker, cosmetic wear",Electronics,Used - Very Good,2026-08-06T09:00:00-04:00,,,,,true
SGW-UNSOLD-000696,ShopGoodwill,GW-004,"Golf iron set, right handed",Sporting Goods,Used - Acceptable,2026-08-30T09:00:00-04:00,,,,,true
SGW-UNSOLD-000697,ShopGoodwill,GW-001,"Brass table lamp, tested",Home,Used - Acceptable,2026-08-16T09:00:00-04:00,,,,,true
SGW-UNSOLD-000698,ShopGoodwill,GW-016,"Bose portable speaker, cosmetic wear",Electronics,For parts / repair,2026-07-23T09:00:00-04:00,2026-08-06T11:00:00-04:00,,,SGW-OPEN-000698,true
SGW-UNSOLD-000699,ShopGoodwill,GW-008,"Craftsman socket set, 32 pieces",Tools,For parts / repair,2026-08-14T09:00:00-04:00,,,,,true
SGW-UNSOLD-000700,ShopGoodwill,GW-007,"Craftsman socket set, 32 pieces",Tools,Used - Acceptable,2026-07-14T09:00:00-04:00,2026-08-07T11:00:00-04:00,,,SGW-OPEN-000700,true
SGW-UNSOLD-000701,ShopGoodwill,GW-021,"Die-cast vehicle lot, assorted",Collectibles,For parts / repair,2026-07-28T09:00:00-04:00,2026-08-05T11:00:00-04:00,,,SGW-OPEN-000701,true
SGW-UNSOLD-000702,ShopGoodwill,GW-004,Sony stereo receiver — tested,Electronics,For parts / repair,2026-07-18T09:00:00-04:00,2026-08-08T11:00:00-04:00,,,SGW-OPEN-000702,true
SGW-UNSOLD-000704,ShopGoodwill,GW-015,Vintage costume jewelry lot,Jewelry,Used - Acceptable,2026-07-17T09:00:00-04:00,,,,,true
SGW-UNSOLD-000706,ShopGoodwill,GW-013,"Stoneware dinner service, 12 pieces",Home,Used - Very Good,2026-08-30T09:00:00-04:00,,,,,true
SGW-UNSOLD-000708,ShopGoodwill,GW-001,Sony stereo receiver — tested,Electronics,Used - Acceptable,2026-08-09T09:00:00-04:00,,,,,true
SGW-UNSOLD-000709,ShopGoodwill,GW-017,"DeWalt cordless drill, tool only",Tools,Used - Good,2026-07-30T09:00:00-04:00,,,,,true
SGW-UNSOLD-000710,ShopGoodwill,GW-022,Tennis racquet pair with covers,Sporting Goods,Used - Good,2026-08-25T09:00:00-04:00,,,,,true
SGW-UNSOLD-000712,ShopGoodwill,GW-015,"Illustrated field guide, revised edition",Books,Used - Acceptable,2026-07-11T09:00:00-04:00,,,,,true
SGW-UNSOLD-000713,ShopGoodwill,GW-009,"Sterling silver necklace, 18 inch",Jewelry,For parts / repair,2026-07-17T09:00:00-04:00,2026-07-25T11:00:00-04:00,,,SGW-OPEN-000713,true
SGW-UNSOLD-000714,ShopGoodwill,GW-008,"Golf iron set, right handed",Sporting Goods,Used - Very Good,2026-07-19T09:00:00-04:00,2026-07-30T11:00:00-04:00,,,SGW-OPEN-000714,true
SGW-UNSOLD-000715,ShopGoodwill,GW-022,"Gold-tone wristwatch, untested",Jewelry,Used - Very Good,2026-07-19T09:00:00-04:00,,,,,true
SGW-UNSOLD-000716,ShopGoodwill,GW-006,Fishing reel with spare spool,Sporting Goods,Used - Acceptable,2026-08-02T09:00:00-04:00,2026-08-05T11:00:00-04:00,,,SGW-OPEN-000716,true
SGW-UNSOLD-000717,ShopGoodwill,GW-016,Vintage Pyrex mixing bowl set,Collectibles,Used - Good,2026-08-11T09:00:00-04:00,,,,,true
SGW-UNSOLD-000719,ShopGoodwill,GW-002,Engineering reference manual,Books,Used - Acceptable,2026-08-02T09:00:00-04:00,,,,,true
SGW-UNSOLD-000720,ShopGoodwill,GW-015,KitchenAid hand mixer with beaters,Home,Used - Good,2026-08-14T09:00:00-04:00,,,,,true
SGW-UNSOLD-000722,ShopGoodwill,GW-012,"Sterling silver necklace, 18 inch",Jewelry,Used - Acceptable,2026-08-17T09:00:00-04:00,,,,,true
SGW-UNSOLD-000726,ShopGoodwill,GW-021,"DeWalt cordless drill, tool only",Tools,Used - Acceptable,2026-08-19T09:00:00-04:00,,,,,true
SGW-UNSOLD-000727,ShopGoodwill,GW-014,"Stoneware dinner service, 12 pieces",Home,For parts / repair,2026-08-03T09:00:00-04:00,,,,,true
SGW-UNSOLD-000728,ShopGoodwill,GW-007,"Craftsman socket set, 32 pieces",Tools,Used - Good,2026-08-10T09:00:00-04:00,,,,,true
SGW-UNSOLD-000729,ShopGoodwill,GW-024,Hardcover regional cookbook,Books,For parts / repair,2026-07-14T09:00:00-04:00,2026-07-27T11:00:00-04:00,,,SGW-OPEN-000729,true
SGW-UNSOLD-000730,ShopGoodwill,GW-012,"Wool cardigan, size S",Apparel,Used - Acceptable,2026-07-13T09:00:00-04:00,2026-08-03T11:00:00-04:00,,,SGW-OPEN-000730,true
SGW-UNSOLD-000733,ShopGoodwill,GW-006,"Sterling ring, size 7",Jewelry,For parts / repair,2026-08-06T09:00:00-04:00,2026-08-20T11:00:00-04:00,,,SGW-OPEN-000733,true
SGW-UNSOLD-000734,ShopGoodwill,GW-024,Fishing reel with spare spool,Sporting Goods,Used - Acceptable,2026-07-25T09:00:00-04:00,2026-08-16T11:00:00-04:00,,,SGW-OPEN-000734,true
SGW-UNSOLD-000735,ShopGoodwill,GW-004,"Hiking backpack, 40L",Sporting Goods,For parts / repair,2026-07-30T09:00:00-04:00,2026-08-12T11:00:00-04:00,,,SGW-OPEN-000735,true
SGW-UNSOLD-000736,ShopGoodwill,GW-024,"Golf iron set, right handed",Sporting Goods,Used - Good,2026-08-19T09:00:00-04:00,,,,,true
SGW-UNSOLD-000738,ShopGoodwill,GW-001,"Gold-tone wristwatch, untested",Jewelry,For parts / repair,2026-08-23T09:00:00-04:00,,,,,true
SGW-UNSOLD-000739,ShopGoodwill,GW-019,"Gold-tone wristwatch, untested",Jewelry,Used - Very Good,2026-08-03T09:00:00-04:00,2026-08-27T11:00:00-04:00,,,SGW-OPEN-000739,true
SGW-UNSOLD-000741,ShopGoodwill,GW-005,Vintage Stanley hand plane,Tools,For parts / repair,2026-07-15T09:00:00-04:00,2026-07-24T11:00:00-04:00,,,SGW-OPEN-000741,true
SGW-UNSOLD-000742,ShopGoodwill,GW-004,Vintage Pyrex mixing bowl set,Collectibles,Used - Very Good,2026-08-26T09:00:00-04:00,,,,,true
SGW-UNSOLD-000743,ShopGoodwill,GW-022,"DeWalt cordless drill, tool only",Tools,Used - Very Good,2026-07-20T09:00:00-04:00,,,,,true
SGW-UNSOLD-000744,ShopGoodwill,GW-008,"Gold-tone wristwatch, untested",Jewelry,Used - Good,2026-08-13T09:00:00-04:00,,,,,true
SGW-UNSOLD-000745,ShopGoodwill,GW-024,"Silk scarf, floral print",Accessories,Used - Good,2026-08-04T09:00:00-04:00,,,,,true
SGW-UNSOLD-000746,ShopGoodwill,GW-018,"Mystery paperback lot, 6 books",Books,Used - Acceptable,2026-08-14T09:00:00-04:00,,,,,true
SGW-UNSOLD-000747,ShopGoodwill,GW-001,"Brass table lamp, tested",Home,Used - Acceptable,2026-07-11T09:00:00-04:00,2026-07-29T11:00:00-04:00,,,SGW-OPEN-000747,true
SGW-UNSOLD-000748,ShopGoodwill,GW-020,"Craftsman socket set, 32 pieces",Tools,Used - Very Good,2026-07-19T09:00:00-04:00,2026-07-29T11:00:00-04:00,,,SGW-OPEN-000748,true
SGW-UNSOLD-000749,ShopGoodwill,GW-012,"Golf iron set, right handed",Sporting Goods,Used - Acceptable,2026-07-25T09:00:00-04:00,,,,,true
SGW-UNSOLD-000750,ShopGoodwill,GW-015,"Vintage cassette deck, powers on",Electronics,Used - Acceptable,2026-08-26T09:00:00-04:00,,,,,true
SGW-UNSOLD-000751,ShopGoodwill,GW-016,"Gold-tone wristwatch, untested",Jewelry,Used - Good,2026-08-23T09:00:00-04:00,,,,,true
SGW-UNSOLD-000753,ShopGoodwill,GW-006,Sony stereo receiver — tested,Electronics,Used - Very Good,2026-08-13T09:00:00-04:00,2026-08-25T11:00:00-04:00,,,SGW-OPEN-000753,true
SGW-UNSOLD-000756,ShopGoodwill,GW-005,Fishing reel with spare spool,Sporting Goods,Used - Very Good,2026-07-22T09:00:00-04:00,2026-08-10T11:00:00-04:00,,,SGW-OPEN-000756,true
SGW-UNSOLD-000757,ShopGoodwill,GW-016,Tennis racquet pair with covers,Sporting Goods,For parts / repair,2026-07-29T09:00:00-04:00,2026-08-14T11:00:00-04:00,,,SGW-OPEN-000757,true
SGW-UNSOLD-000758,ShopGoodwill,GW-004,"Digital multimeter, tested",Tools,Used - Good,2026-07-28T09:00:00-04:00,2026-08-21T11:00:00-04:00,,,SGW-OPEN-000758,true
SGW-UNSOLD-000759,ShopGoodwill,GW-001,"Levi's denim jacket, size L",Apparel,Used - Very Good,2026-08-28T09:00:00-04:00,,,,,true
SGW-UNSOLD-000760,ShopGoodwill,GW-008,"Stoneware dinner service, 12 pieces",Home,Used - Good,2026-08-23T09:00:00-04:00,2026-08-28T11:00:00-04:00,,,SGW-OPEN-000760,true
SGW-UNSOLD-000761,ShopGoodwill,GW-012,"Wool cardigan, size S",Apparel,For parts / repair,2026-08-22T09:00:00-04:00,,,,,true
SGW-UNSOLD-000764,ShopGoodwill,GW-012,"DeWalt cordless drill, tool only",Tools,For parts / repair,2026-08-12T09:00:00-04:00,,,,,true
SGW-UNSOLD-000765,ShopGoodwill,GW-018,Vintage costume jewelry lot,Jewelry,Used - Acceptable,2026-07-14T09:00:00-04:00,2026-07-23T11:00:00-04:00,,,SGW-OPEN-000765,true
SGW-UNSOLD-000767,ShopGoodwill,GW-010,Sony stereo receiver — tested,Electronics,Used - Acceptable,2026-08-09T09:00:00-04:00,2026-08-13T11:00:00-04:00,,,SGW-OPEN-000767,true
SGW-UNSOLD-000768,ShopGoodwill,GW-009,"Bose portable speaker, cosmetic wear",Electronics,For parts / repair,2026-08-30T09:00:00-04:00,,,,,true
SGW-UNSOLD-000769,ShopGoodwill,GW-011,"Digital multimeter, tested",Tools,Used - Good,2026-08-16T09:00:00-04:00,,,,,true
SGW-UNSOLD-000771,ShopGoodwill,GW-012,"Travel duffel, navy",Accessories,Used - Good,2026-07-27T09:00:00-04:00,2026-08-18T11:00:00-04:00,,,SGW-OPEN-000771,true
SGW-UNSOLD-000772,ShopGoodwill,GW-006,"Model train locomotive, boxed",Collectibles,For parts / repair,2026-07-14T09:00:00-04:00,2026-07-19T11:00:00-04:00,,,SGW-OPEN-000772,true
SGW-UNSOLD-000775,ShopGoodwill,GW-009,Hardcover regional cookbook,Books,Used - Very Good,2026-08-19T09:00:00-04:00,,,,,true
SGW-UNSOLD-000776,ShopGoodwill,GW-022,"Die-cast vehicle lot, assorted",Collectibles,For parts / repair,2026-07-30T09:00:00-04:00,2026-08-11T11:00:00-04:00,,,SGW-OPEN-000776,true
SGW-UNSOLD-000777,ShopGoodwill,GW-007,"Handwoven wool rug, 3 × 5 ft",Home,Used - Acceptable,2026-08-27T09:00:00-04:00,,,,,true
SGW-UNSOLD-000778,ShopGoodwill,GW-017,Hardcover regional cookbook,Books,Used - Very Good,2026-08-24T09:00:00-04:00,,,,,true
SGW-UNSOLD-000779,ShopGoodwill,GW-018,KitchenAid hand mixer with beaters,Home,Used - Good,2026-07-15T09:00:00-04:00,2026-07-22T11:00:00-04:00,,,SGW-OPEN-000779,true
SGW-UNSOLD-000780,ShopGoodwill,GW-004,Tennis racquet pair with covers,Sporting Goods,Used - Very Good,2026-08-06T09:00:00-04:00,,,,,true
SGW-UNSOLD-000781,ShopGoodwill,GW-005,"Vintage cassette deck, powers on",Electronics,Used - Very Good,2026-08-20T09:00:00-04:00,2026-08-30T11:00:00-04:00,,,SGW-OPEN-000781,true
SGW-UNSOLD-000782,ShopGoodwill,GW-008,"Vintage cassette deck, powers on",Electronics,Used - Acceptable,2026-08-14T09:00:00-04:00,2026-08-22T11:00:00-04:00,,,SGW-OPEN-000782,true
SGW-UNSOLD-000783,ShopGoodwill,GW-018,"Golf iron set, right handed",Sporting Goods,Used - Good,2026-08-31T09:00:00-04:00,,,,,true
SGW-UNSOLD-000784,ShopGoodwill,GW-022,"Stoneware dinner service, 12 pieces",Home,For parts / repair,2026-08-06T09:00:00-04:00,,,,,true
SGW-UNSOLD-000785,ShopGoodwill,GW-023,"Bose portable speaker, cosmetic wear",Electronics,Used - Very Good,2026-07-26T09:00:00-04:00,2026-08-01T11:00:00-04:00,,,SGW-OPEN-000785,true
SGW-UNSOLD-000786,ShopGoodwill,GW-015,"Digital multimeter, tested",Tools,Used - Acceptable,2026-08-06T09:00:00-04:00,2026-08-12T11:00:00-04:00,,,SGW-OPEN-000786,true
SGW-UNSOLD-000788,ShopGoodwill,GW-023,"Sterling silver necklace, 18 inch",Jewelry,Used - Very Good,2026-07-15T09:00:00-04:00,,,,,true
SGW-UNSOLD-000793,ShopGoodwill,GW-004,"Silk scarf, floral print",Accessories,Used - Acceptable,2026-07-24T09:00:00-04:00,,,,,true
SGW-UNSOLD-000797,ShopGoodwill,GW-004,Hardcover regional cookbook,Books,Used - Good,2026-07-16T09:00:00-04:00,,,,,true
SGW-UNSOLD-000798,ShopGoodwill,GW-004,"Art history volume, dust jacket",Books,Used - Acceptable,2026-07-18T09:00:00-04:00,,,,,true
SGW-UNSOLD-000799,ShopGoodwill,GW-004,"Gold-tone wristwatch, untested",Jewelry,Used - Very Good,2026-07-15T09:00:00-04:00,2026-07-19T11:00:00-04:00,,,SGW-OPEN-000799,true
SGW-UNSOLD-000800,ShopGoodwill,GW-013,Sony stereo receiver — tested,Electronics,Used - Good,2026-07-28T09:00:00-04:00,2026-08-03T11:00:00-04:00,,,SGW-OPEN-000800,true
SGW-UNSOLD-000801,ShopGoodwill,GW-006,"Craftsman socket set, 32 pieces",Tools,Used - Very Good,2026-07-15T09:00:00-04:00,,,,,true
SGW-UNSOLD-000802,ShopGoodwill,GW-018,"Hiking backpack, 40L",Sporting Goods,Used - Acceptable,2026-08-26T09:00:00-04:00,,,,,true
SGW-UNSOLD-000804,ShopGoodwill,GW-004,"Golf iron set, right handed",Sporting Goods,For parts / repair,2026-08-10T09:00:00-04:00,2026-08-13T11:00:00-04:00,,,SGW-OPEN-000804,true
SGW-UNSOLD-000806,ShopGoodwill,GW-006,"Golf iron set, right handed",Sporting Goods,Used - Acceptable,2026-08-22T09:00:00-04:00,,,,,true
SGW-UNSOLD-000807,ShopGoodwill,GW-001,"Vintage cassette deck, powers on",Electronics,Used - Good,2026-08-29T09:00:00-04:00,,,,,true
SGW-UNSOLD-000808,ShopGoodwill,GW-004,"Digital multimeter, tested",Tools,Used - Acceptable,2026-08-07T09:00:00-04:00,2026-08-15T11:00:00-04:00,,,SGW-OPEN-000808,true
SGW-UNSOLD-000810,ShopGoodwill,GW-013,Fishing reel with spare spool,Sporting Goods,Used - Very Good,2026-08-06T09:00:00-04:00,,,,,true
SGW-UNSOLD-000811,ShopGoodwill,GW-004,Engineering reference manual,Books,Used - Acceptable,2026-08-02T09:00:00-04:00,,,,,true
SGW-UNSOLD-000812,ShopGoodwill,GW-005,"Levi's denim jacket, size L",Apparel,Used - Very Good,2026-07-22T09:00:00-04:00,,,,,true
SGW-UNSOLD-000813,ShopGoodwill,GW-019,"Silk scarf, floral print",Accessories,Used - Acceptable,2026-08-04T09:00:00-04:00,2026-08-14T11:00:00-04:00,,,SGW-OPEN-000813,true
SGW-UNSOLD-000815,ShopGoodwill,GW-017,"Sterling silver necklace, 18 inch",Jewelry,Used - Acceptable,2026-08-17T09:00:00-04:00,,,,,true
SGW-UNSOLD-000816,ShopGoodwill,GW-008,"Estate postcard collection, 80 pieces",Collectibles,Used - Very Good,2026-08-12T09:00:00-04:00,,,,,true
SGW-UNSOLD-000817,ShopGoodwill,GW-011,"Art history volume, dust jacket",Books,Used - Very Good,2026-07-22T09:00:00-04:00,2026-08-14T11:00:00-04:00,,,SGW-OPEN-000817,true
SGW-UNSOLD-000818,ShopGoodwill,GW-016,"Digital multimeter, tested",Tools,Used - Acceptable,2026-08-05T09:00:00-04:00,,,,,true
SGW-UNSOLD-000819,ShopGoodwill,GW-022,Vintage Stanley hand plane,Tools,Used - Very Good,2026-07-31T09:00:00-04:00,,,,,true
SGW-UNSOLD-000820,ShopGoodwill,GW-010,"Leather tote bag, brown",Accessories,Used - Acceptable,2026-07-16T09:00:00-04:00,2026-07-21T11:00:00-04:00,,,SGW-OPEN-000820,true
SGW-UNSOLD-000823,ShopGoodwill,GW-013,"Handwoven wool rug, 3 × 5 ft",Home,Used - Good,2026-08-11T09:00:00-04:00,2026-08-15T11:00:00-04:00,,,SGW-OPEN-000823,true
SGW-UNSOLD-000825,ShopGoodwill,GW-011,Vintage Pyrex mixing bowl set,Collectibles,For parts / repair,2026-07-25T09:00:00-04:00,,,,,true
SGW-UNSOLD-000826,ShopGoodwill,GW-009,"Illustrated field guide, revised edition",Books,Used - Acceptable,2026-07-24T09:00:00-04:00,2026-08-06T11:00:00-04:00,,,SGW-OPEN-000826,true
SGW-UNSOLD-000827,ShopGoodwill,GW-017,"Patagonia fleece jacket, size M",Apparel,Used - Good,2026-08-05T09:00:00-04:00,2026-08-23T11:00:00-04:00,,,SGW-OPEN-000827,true
SGW-UNSOLD-000828,ShopGoodwill,GW-022,"Sterling silver necklace, 18 inch",Jewelry,For parts / repair,2026-07-16T09:00:00-04:00,2026-08-09T11:00:00-04:00,,,SGW-OPEN-000828,true
SGW-UNSOLD-000829,ShopGoodwill,GW-015,"Digital multimeter, tested",Tools,For parts / repair,2026-08-26T09:00:00-04:00,,,,,true
SGW-UNSOLD-000830,ShopGoodwill,GW-014,"Wool cardigan, size S",Apparel,Used - Good,2026-07-11T09:00:00-04:00,2026-07-22T11:00:00-04:00,,,SGW-OPEN-000830,true
SGW-UNSOLD-000833,ShopGoodwill,GW-018,"Travel duffel, navy",Accessories,Used - Very Good,2026-07-29T09:00:00-04:00,,,,,true
SGW-UNSOLD-000834,ShopGoodwill,GW-024,"Gold-tone wristwatch, untested",Jewelry,For parts / repair,2026-08-13T09:00:00-04:00,2026-08-30T11:00:00-04:00,,,SGW-OPEN-000834,true
SGW-UNSOLD-000835,ShopGoodwill,GW-016,Tennis racquet pair with covers,Sporting Goods,Used - Good,2026-08-09T09:00:00-04:00,,,,,true
SGW-UNSOLD-000836,ShopGoodwill,GW-014,"Illustrated field guide, revised edition",Books,Used - Acceptable,2026-07-26T09:00:00-04:00,2026-08-11T11:00:00-04:00,,,SGW-OPEN-000836,true
SGW-UNSOLD-000840,ShopGoodwill,GW-014,"DeWalt cordless drill, tool only",Tools,Used - Good,2026-08-11T09:00:00-04:00,2026-08-20T11:00:00-04:00,,,SGW-OPEN-000840,true
SGW-UNSOLD-000841,ShopGoodwill,GW-024,KitchenAid hand mixer with beaters,Home,Used - Acceptable,2026-08-22T09:00:00-04:00,2026-08-28T11:00:00-04:00,,,SGW-OPEN-000841,true
SGW-UNSOLD-000842,ShopGoodwill,GW-009,"Patagonia fleece jacket, size M",Apparel,For parts / repair,2026-07-29T09:00:00-04:00,2026-08-14T11:00:00-04:00,,,SGW-OPEN-000842,true
SGW-UNSOLD-000843,ShopGoodwill,GW-024,"Model train locomotive, boxed",Collectibles,Used - Good,2026-08-21T09:00:00-04:00,,,,,true
SGW-UNSOLD-000844,ShopGoodwill,GW-021,"Levi's denim jacket, size L",Apparel,Used - Acceptable,2026-08-10T09:00:00-04:00,2026-08-16T11:00:00-04:00,,,SGW-OPEN-000844,true
SGW-UNSOLD-000845,ShopGoodwill,GW-007,Vintage costume jewelry lot,Jewelry,Used - Very Good,2026-08-11T09:00:00-04:00,2026-08-27T11:00:00-04:00,,,SGW-OPEN-000845,true
SGW-UNSOLD-000846,ShopGoodwill,GW-012,"Mystery paperback lot, 6 books",Books,Used - Very Good,2026-08-24T09:00:00-04:00,,,,,true
SGW-UNSOLD-000848,ShopGoodwill,GW-011,"Stoneware dinner service, 12 pieces",Home,For parts / repair,2026-07-20T09:00:00-04:00,,,,,true
SGW-UNSOLD-000850,ShopGoodwill,GW-012,"Bose portable speaker, cosmetic wear",Electronics,Used - Acceptable,2026-08-19T09:00:00-04:00,,,,,true
SGW-UNSOLD-000851,ShopGoodwill,GW-013,"Travel duffel, navy",Accessories,Used - Very Good,2026-07-25T09:00:00-04:00,2026-07-27T11:00:00-04:00,,,SGW-OPEN-000851,true
SGW-UNSOLD-000852,ShopGoodwill,GW-017,Engineering reference manual,Books,For parts / repair,2026-07-19T09:00:00-04:00,,,,,true
SGW-UNSOLD-000853,ShopGoodwill,GW-014,Nintendo DS console with charger,Electronics,Used - Very Good,2026-07-30T09:00:00-04:00,,,,,true
SGW-UNSOLD-000854,ShopGoodwill,GW-006,Nintendo DS console with charger,Electronics,Used - Very Good,2026-07-17T09:00:00-04:00,,,,,true
SGW-UNSOLD-000855,ShopGoodwill,GW-001,Fishing reel with spare spool,Sporting Goods,Used - Good,2026-08-18T09:00:00-04:00,2026-08-24T11:00:00-04:00,,,SGW-OPEN-000855,true
SGW-UNSOLD-000856,ShopGoodwill,GW-004,"Illustrated field guide, revised edition",Books,Used - Good,2026-08-29T09:00:00-04:00,,,,,true
SGW-UNSOLD-000857,ShopGoodwill,GW-023,"Mystery paperback lot, 6 books",Books,For parts / repair,2026-08-04T09:00:00-04:00,,,,,true
SGW-UNSOLD-000858,ShopGoodwill,GW-001,"Art history volume, dust jacket",Books,Used - Acceptable,2026-08-17T09:00:00-04:00,,,,,true
SGW-UNSOLD-000859,ShopGoodwill,GW-003,"Travel duffel, navy",Accessories,Used - Very Good,2026-08-25T09:00:00-04:00,,,,,true
SGW-UNSOLD-000860,ShopGoodwill,GW-008,"Vintage cassette deck, powers on",Electronics,Used - Good,2026-07-19T09:00:00-04:00,2026-08-12T11:00:00-04:00,,,SGW-OPEN-000860,true
SGW-UNSOLD-000861,ShopGoodwill,GW-016,"Levi's denim jacket, size L",Apparel,Used - Good,2026-07-17T09:00:00-04:00,2026-07-20T11:00:00-04:00,,,SGW-OPEN-000861,true
SGW-UNSOLD-000862,ShopGoodwill,GW-024,"Model train locomotive, boxed",Collectibles,Used - Good,2026-07-26T09:00:00-04:00,,,,,true
SGW-UNSOLD-000863,ShopGoodwill,GW-015,Hardcover regional cookbook,Books,Used - Very Good,2026-08-22T09:00:00-04:00,,,,,true
SGW-UNSOLD-000864,ShopGoodwill,GW-017,"Golf iron set, right handed",Sporting Goods,Used - Very Good,2026-08-31T09:00:00-04:00,,,,,true
SGW-UNSOLD-000865,ShopGoodwill,GW-001,"Vintage cassette deck, powers on",Electronics,Used - Very Good,2026-07-11T09:00:00-04:00,,,,,true
SGW-UNSOLD-000867,ShopGoodwill,GW-012,"Sterling ring, size 7",Jewelry,Used - Very Good,2026-07-22T09:00:00-04:00,2026-08-15T11:00:00-04:00,,,SGW-OPEN-000867,true
SGW-UNSOLD-000868,ShopGoodwill,GW-001,Nintendo DS console with charger,Electronics,Used - Very Good,2026-08-06T09:00:00-04:00,2026-08-20T11:00:00-04:00,,,SGW-OPEN-000868,true
SGW-UNSOLD-000869,ShopGoodwill,GW-009,Vintage belt with brass buckle,Accessories,Used - Very Good,2026-08-23T09:00:00-04:00,,,,,true
SGW-UNSOLD-000871,ShopGoodwill,GW-002,"Vintage concert T-shirt, size XL",Apparel,Used - Good,2026-07-29T09:00:00-04:00,,,,,true
SGW-UNSOLD-000872,ShopGoodwill,GW-015,"Canon EF zoom lens, 75–300mm",Electronics,Used - Good,2026-07-29T09:00:00-04:00,,,,,true
SGW-UNSOLD-000873,ShopGoodwill,GW-023,"Brass table lamp, tested",Home,Used - Very Good,2026-07-28T09:00:00-04:00,,,,,true
SGW-UNSOLD-000874,ShopGoodwill,GW-014,"Bose portable speaker, cosmetic wear",Electronics,Used - Acceptable,2026-07-22T09:00:00-04:00,,,,,true
SGW-UNSOLD-000875,ShopGoodwill,GW-017,Fishing reel with spare spool,Sporting Goods,Used - Good,2026-08-19T09:00:00-04:00,2026-08-21T11:00:00-04:00,,,SGW-OPEN-000875,true
SGW-UNSOLD-000876,ShopGoodwill,GW-006,"Patagonia fleece jacket, size M",Apparel,Used - Very Good,2026-08-22T09:00:00-04:00,,,,,true
SGW-UNSOLD-000877,ShopGoodwill,GW-015,"Travel duffel, navy",Accessories,Used - Good,2026-07-17T09:00:00-04:00,2026-07-21T11:00:00-04:00,,,SGW-OPEN-000877,true
SGW-UNSOLD-000880,ShopGoodwill,GW-014,"Craftsman socket set, 32 pieces",Tools,Used - Very Good,2026-08-25T09:00:00-04:00,2026-08-28T11:00:00-04:00,,,SGW-OPEN-000880,true
SGW-UNSOLD-000881,ShopGoodwill,GW-018,Fishing reel with spare spool,Sporting Goods,Used - Very Good,2026-07-24T09:00:00-04:00,,,,,true
SGW-UNSOLD-000883,ShopGoodwill,GW-008,"Silk scarf, floral print",Accessories,Used - Acceptable,2026-08-13T09:00:00-04:00,,,,,true
SGW-UNSOLD-000884,ShopGoodwill,GW-009,"Art history volume, dust jacket",Books,Used - Good,2026-07-25T09:00:00-04:00,2026-08-08T11:00:00-04:00,,,SGW-OPEN-000884,true
SGW-UNSOLD-000885,ShopGoodwill,GW-016,"Estate postcard collection, 80 pieces",Collectibles,For parts / repair,2026-07-18T09:00:00-04:00,,,,,true
SGW-UNSOLD-000886,ShopGoodwill,GW-009,"Mystery paperback lot, 6 books",Books,Used - Acceptable,2026-07-19T09:00:00-04:00,,,,,true
SGW-UNSOLD-000887,ShopGoodwill,GW-008,Vintage belt with brass buckle,Accessories,Used - Good,2026-08-02T09:00:00-04:00,2026-08-24T11:00:00-04:00,,,SGW-OPEN-000887,true
SGW-UNSOLD-000888,ShopGoodwill,GW-011,Signed studio pottery vase,Collectibles,Used - Good,2026-08-11T09:00:00-04:00,2026-08-19T11:00:00-04:00,,,SGW-OPEN-000888,true
SGW-UNSOLD-000889,ShopGoodwill,GW-006,Tennis racquet pair with covers,Sporting Goods,Used - Very Good,2026-07-10T09:00:00-04:00,,,,,true
SGW-UNSOLD-000890,ShopGoodwill,GW-007,"Silk scarf, floral print",Accessories,Used - Acceptable,2026-08-11T09:00:00-04:00,2026-08-22T11:00:00-04:00,,,SGW-OPEN-000890,true
SGW-UNSOLD-000891,ShopGoodwill,GW-001,"Travel duffel, navy",Accessories,Used - Good,2026-08-01T09:00:00-04:00,2026-08-04T11:00:00-04:00,,,SGW-OPEN-000891,true
SGW-UNSOLD-000893,ShopGoodwill,GW-005,"Model train locomotive, boxed",Collectibles,Used - Very Good,2026-07-20T09:00:00-04:00,,,,,true
SGW-UNSOLD-000895,ShopGoodwill,GW-019,"Die-cast vehicle lot, assorted",Collectibles,For parts / repair,2026-07-10T09:00:00-04:00,,,,,true
SGW-UNSOLD-000896,ShopGoodwill,GW-004,Signed studio pottery vase,Collectibles,Used - Very Good,2026-08-17T09:00:00-04:00,2026-08-27T11:00:00-04:00,,,SGW-OPEN-000896,true
SGW-UNSOLD-000897,ShopGoodwill,GW-021,"Patagonia fleece jacket, size M",Apparel,Used - Very Good,2026-08-20T09:00:00-04:00,,,,,true
SGW-UNSOLD-000898,ShopGoodwill,GW-009,"Stoneware dinner service, 12 pieces",Home,For parts / repair,2026-08-02T09:00:00-04:00,2026-08-25T11:00:00-04:00,,,SGW-OPEN-000898,true
SGW-UNSOLD-000899,ShopGoodwill,GW-018,"Vintage concert T-shirt, size XL",Apparel,Used - Acceptable,2026-07-16T09:00:00-04:00,,,,,true
SGW-UNSOLD-000900,ShopGoodwill,GW-008,"Silk scarf, floral print",Accessories,Used - Good,2026-07-12T09:00:00-04:00,2026-07-23T11:00:00-04:00,,,SGW-OPEN-000900,true
SGW-UNSOLD-000901,ShopGoodwill,GW-009,"Leather tote bag, brown",Accessories,Used - Good,2026-07-23T09:00:00-04:00,,,,,true
SGW-UNSOLD-000903,ShopGoodwill,GW-001,"Craftsman socket set, 32 pieces",Tools,Used - Very Good,2026-08-26T09:00:00-04:00,,,,,true
SGW-UNSOLD-000905,ShopGoodwill,GW-008,"Vintage cassette deck, powers on",Electronics,Used - Very Good,2026-07-27T09:00:00-04:00,2026-07-30T11:00:00-04:00,,,SGW-OPEN-000905,true
SGW-UNSOLD-000906,ShopGoodwill,GW-024,Tennis racquet pair with covers,Sporting Goods,For parts / repair,2026-08-07T09:00:00-04:00,,,,,true
SGW-UNSOLD-000907,ShopGoodwill,GW-012,"Sterling ring, size 7",Jewelry,Used - Very Good,2026-08-07T09:00:00-04:00,2026-08-14T11:00:00-04:00,,,SGW-OPEN-000907,true
SGW-UNSOLD-000908,ShopGoodwill,GW-024,Vintage Stanley hand plane,Tools,Used - Good,2026-08-01T09:00:00-04:00,2026-08-25T11:00:00-04:00,,,SGW-OPEN-000908,true
SGW-UNSOLD-000909,ShopGoodwill,GW-016,"Handwoven wool rug, 3 × 5 ft",Home,For parts / repair,2026-08-17T09:00:00-04:00,,,,,true
SGW-UNSOLD-000911,ShopGoodwill,GW-022,"Brass table lamp, tested",Home,Used - Very Good,2026-08-16T09:00:00-04:00,2026-08-18T11:00:00-04:00,,,SGW-OPEN-000911,true
SGW-UNSOLD-000912,ShopGoodwill,GW-018,Vintage costume jewelry lot,Jewelry,Used - Good,2026-08-05T09:00:00-04:00,2026-08-29T11:00:00-04:00,,,SGW-OPEN-000912,true
SGW-UNSOLD-000913,ShopGoodwill,GW-001,Signed studio pottery vase,Collectibles,Used - Acceptable,2026-08-13T09:00:00-04:00,,,,,true
SGW-UNSOLD-000914,ShopGoodwill,GW-004,"Canon EF zoom lens, 75–300mm",Electronics,Used - Good,2026-08-25T09:00:00-04:00,,,,,true
SGW-UNSOLD-000916,ShopGoodwill,GW-002,"Levi's denim jacket, size L",Apparel,Used - Good,2026-07-18T09:00:00-04:00,2026-08-03T11:00:00-04:00,,,SGW-OPEN-000916,true
SGW-UNSOLD-000918,ShopGoodwill,GW-003,"Golf iron set, right handed",Sporting Goods,Used - Good,2026-07-28T09:00:00-04:00,,,,,true
SGW-UNSOLD-000919,ShopGoodwill,GW-022,KitchenAid hand mixer with beaters,Home,Used - Acceptable,2026-08-19T09:00:00-04:00,,,,,true
SGW-UNSOLD-000920,ShopGoodwill,GW-004,"Vintage concert T-shirt, size XL",Apparel,Used - Very Good,2026-08-13T09:00:00-04:00,2026-08-25T11:00:00-04:00,,,SGW-OPEN-000920,true
SGW-UNSOLD-000921,ShopGoodwill,GW-012,"Brass table lamp, tested",Home,Used - Good,2026-08-16T09:00:00-04:00,2026-08-18T11:00:00-04:00,,,SGW-OPEN-000921,true
SGW-UNSOLD-000922,ShopGoodwill,GW-006,"DeWalt cordless drill, tool only",Tools,Used - Good,2026-08-24T09:00:00-04:00,,,,,true
SGW-UNSOLD-000923,ShopGoodwill,GW-012,Engineering reference manual,Books,Used - Acceptable,2026-08-24T09:00:00-04:00,,,,,true
SGW-UNSOLD-000925,ShopGoodwill,GW-024,"Mystery paperback lot, 6 books",Books,Used - Good,2026-07-28T09:00:00-04:00,,,,,true
SGW-UNSOLD-000930,ShopGoodwill,GW-020,KitchenAid hand mixer with beaters,Home,For parts / repair,2026-07-28T09:00:00-04:00,,,,,true
SGW-UNSOLD-000933,ShopGoodwill,GW-001,"Travel duffel, navy",Accessories,Used - Good,2026-07-21T09:00:00-04:00,,,,,true
SGW-UNSOLD-000934,ShopGoodwill,GW-020,"Art history volume, dust jacket",Books,For parts / repair,2026-08-22T09:00:00-04:00,,,,,true
SGW-UNSOLD-000935,ShopGoodwill,GW-012,Sony stereo receiver — tested,Electronics,Used - Very Good,2026-07-31T09:00:00-04:00,,,,,true
SGW-UNSOLD-000937,ShopGoodwill,GW-004,Tennis racquet pair with covers,Sporting Goods,Used - Very Good,2026-07-12T09:00:00-04:00,,,,,true
SGW-UNSOLD-000939,ShopGoodwill,GW-011,"Mystery paperback lot, 6 books",Books,For parts / repair,2026-07-20T09:00:00-04:00,2026-07-23T11:00:00-04:00,,,SGW-OPEN-000939,true
SGW-UNSOLD-000940,ShopGoodwill,GW-018,"Estate postcard collection, 80 pieces",Collectibles,Used - Acceptable,2026-08-19T09:00:00-04:00,,,,,true
SGW-UNSOLD-000941,ShopGoodwill,GW-023,"Illustrated field guide, revised edition",Books,Used - Good,2026-07-25T09:00:00-04:00,2026-08-14T11:00:00-04:00,,,SGW-OPEN-000941,true
SGW-UNSOLD-000943,ShopGoodwill,GW-009,Vintage Pyrex mixing bowl set,Collectibles,Used - Good,2026-07-30T09:00:00-04:00,2026-08-18T11:00:00-04:00,,,SGW-OPEN-000943,true
SGW-UNSOLD-000945,ShopGoodwill,GW-024,"Vintage concert T-shirt, size XL",Apparel,Used - Good,2026-07-28T09:00:00-04:00,2026-08-13T11:00:00-04:00,,,SGW-OPEN-000945,true
SGW-UNSOLD-000946,ShopGoodwill,GW-006,Signed studio pottery vase,Collectibles,For parts / repair,2026-08-10T09:00:00-04:00,2026-08-25T11:00:00-04:00,,,SGW-OPEN-000946,true
SGW-UNSOLD-000947,ShopGoodwill,GW-011,Vintage Stanley hand plane,Tools,For parts / repair,2026-08-11T09:00:00-04:00,,,,,true
SGW-UNSOLD-000949,ShopGoodwill,GW-024,"Canon EF zoom lens, 75–300mm",Electronics,Used - Very Good,2026-08-01T09:00:00-04:00,,,,,true
SGW-UNSOLD-000950,ShopGoodwill,GW-008,Nintendo DS console with charger,Electronics,Used - Very Good,2026-07-11T09:00:00-04:00,,,,,true
SGW-UNSOLD-000951,ShopGoodwill,GW-001,"Canon EF zoom lens, 75–300mm",Electronics,For parts / repair,2026-08-19T09:00:00-04:00,,,,,true
SGW-UNSOLD-000952,ShopGoodwill,GW-004,"Model train locomotive, boxed",Collectibles,Used - Very Good,2026-08-08T09:00:00-04:00,2026-08-14T11:00:00-04:00,,,SGW-OPEN-000952,true
SGW-UNSOLD-000953,ShopGoodwill,GW-010,Signed studio pottery vase,Collectibles,Used - Good,2026-07-10T09:00:00-04:00,,,,,true
SGW-UNSOLD-000954,ShopGoodwill,GW-024,Nintendo DS console with charger,Electronics,Used - Very Good,2026-07-30T09:00:00-04:00,,,,,true
SGW-UNSOLD-000955,ShopGoodwill,GW-008,"Vintage cassette deck, powers on",Electronics,Used - Good,2026-08-22T09:00:00-04:00,,,,,true
SGW-UNSOLD-000957,ShopGoodwill,GW-008,"Bose portable speaker, cosmetic wear",Electronics,Used - Very Good,2026-08-03T09:00:00-04:00,2026-08-17T11:00:00-04:00,,,SGW-OPEN-000957,true
SGW-UNSOLD-000958,ShopGoodwill,GW-012,"Sterling silver necklace, 18 inch",Jewelry,For parts / repair,2026-08-24T09:00:00-04:00,,,,,true
SGW-UNSOLD-000959,ShopGoodwill,GW-012,"Levi's denim jacket, size L",Apparel,Used - Good,2026-07-16T09:00:00-04:00,2026-08-05T11:00:00-04:00,,,SGW-OPEN-000959,true
SGW-UNSOLD-000961,ShopGoodwill,GW-018,"Gold-tone wristwatch, untested",Jewelry,For parts / repair,2026-08-04T09:00:00-04:00,,,,,true
SGW-UNSOLD-000962,ShopGoodwill,GW-016,"Levi's denim jacket, size L",Apparel,Used - Good,2026-08-06T09:00:00-04:00,,,,,true
SGW-UNSOLD-000963,ShopGoodwill,GW-017,"Vintage concert T-shirt, size XL",Apparel,Used - Acceptable,2026-08-20T09:00:00-04:00,,,,,true
SGW-UNSOLD-000965,ShopGoodwill,GW-008,"Leather tote bag, brown",Accessories,Used - Very Good,2026-08-11T09:00:00-04:00,2026-08-15T11:00:00-04:00,,,SGW-OPEN-000965,true
SGW-UNSOLD-000966,ShopGoodwill,GW-010,Tennis racquet pair with covers,Sporting Goods,For parts / repair,2026-08-23T09:00:00-04:00,,,,,true
SGW-UNSOLD-000967,ShopGoodwill,GW-001,Engineering reference manual,Books,Used - Acceptable,2026-07-26T09:00:00-04:00,,,,,true
SGW-UNSOLD-000969,ShopGoodwill,GW-017,"Digital multimeter, tested",Tools,Used - Good,2026-07-22T09:00:00-04:00,,,,,true
SGW-UNSOLD-000970,ShopGoodwill,GW-024,"Craftsman socket set, 32 pieces",Tools,Used - Very Good,2026-07-24T09:00:00-04:00,,,,,true
SGW-UNSOLD-000972,ShopGoodwill,GW-012,"Vintage concert T-shirt, size XL",Apparel,For parts / repair,2026-07-12T09:00:00-04:00,2026-08-05T11:00:00-04:00,,,SGW-OPEN-000972,true
SGW-UNSOLD-000973,ShopGoodwill,GW-020,"Leather tote bag, brown",Accessories,For parts / repair,2026-08-30T09:00:00-04:00,,,,,true
SGW-UNSOLD-000974,ShopGoodwill,GW-009,"Canon EF zoom lens, 75–300mm",Electronics,Used - Very Good,2026-08-26T09:00:00-04:00,,,,,true
SGW-UNSOLD-000975,ShopGoodwill,GW-006,"Bose portable speaker, cosmetic wear",Electronics,Used - Acceptable,2026-07-20T09:00:00-04:00,,,,,true
SGW-UNSOLD-000978,ShopGoodwill,GW-022,"Estate postcard collection, 80 pieces",Collectibles,Used - Acceptable,2026-08-16T09:00:00-04:00,,,,,true
SGW-UNSOLD-000982,ShopGoodwill,GW-001,"Silk scarf, floral print",Accessories,Used - Acceptable,2026-08-25T09:00:00-04:00,,,,,true
SGW-UNSOLD-000983,ShopGoodwill,GW-004,"Leather tote bag, brown",Accessories,For parts / repair,2026-07-16T09:00:00-04:00,2026-07-31T11:00:00-04:00,,,SGW-OPEN-000983,true
SGW-UNSOLD-000985,ShopGoodwill,GW-014,"Craftsman socket set, 32 pieces",Tools,Used - Very Good,2026-08-02T09:00:00-04:00,2026-08-11T11:00:00-04:00,,,SGW-OPEN-000985,true
SGW-UNSOLD-000986,ShopGoodwill,GW-017,"Gold-tone wristwatch, untested",Jewelry,Used - Good,2026-07-24T09:00:00-04:00,2026-08-08T11:00:00-04:00,,,SGW-OPEN-000986,true
SGW-UNSOLD-000988,ShopGoodwill,GW-018,"Leather tote bag, brown",Accessories,Used - Good,2026-07-19T09:00:00-04:00,,,,,true
SGW-UNSOLD-000989,ShopGoodwill,GW-002,Signed studio pottery vase,Collectibles,Used - Very Good,2026-08-06T09:00:00-04:00,2026-08-09T11:00:00-04:00,,,SGW-OPEN-000989,true
SGW-UNSOLD-000990,ShopGoodwill,GW-024,Vintage Pyrex mixing bowl set,Collectibles,Used - Very Good,2026-08-15T09:00:00-04:00,,,,,true
SGW-UNSOLD-000991,ShopGoodwill,GW-014,Nintendo DS console with charger,Electronics,Used - Acceptable,2026-08-22T09:00:00-04:00,,,,,true
SGW-UNSOLD-000992,ShopGoodwill,GW-016,"Handwoven wool rug, 3 × 5 ft",Home,Used - Acceptable,2026-07-13T09:00:00-04:00,,,,,true
SGW-UNSOLD-000993,ShopGoodwill,GW-017,Tennis racquet pair with covers,Sporting Goods,For parts / repair,2026-07-17T09:00:00-04:00,,,,,true
SGW-UNSOLD-000994,ShopGoodwill,GW-021,Vintage Stanley hand plane,Tools,For parts / repair,2026-07-29T09:00:00-04:00,,,,,true
SGW-UNSOLD-000997,ShopGoodwill,GW-004,Vintage costume jewelry lot,Jewelry,Used - Good,2026-07-14T09:00:00-04:00,,,,,true
SGW-UNSOLD-000998,ShopGoodwill,GW-005,"Estate postcard collection, 80 pieces",Collectibles,For parts / repair,2026-08-22T09:00:00-04:00,,,,,true
SGW-UNSOLD-000999,ShopGoodwill,GW-020,"Leather tote bag, brown",Accessories,For parts / repair,2026-07-27T09:00:00-04:00,,,,,true
SGW-UNSOLD-001000,ShopGoodwill,GW-020,"Wool cardigan, size S",Apparel,Used - Good,2026-08-02T09:00:00-04:00,,,,,true
SGW-UNSOLD-001003,ShopGoodwill,GW-018,Vintage belt with brass buckle,Accessories,For parts / repair,2026-08-31T09:00:00-04:00,,,,,true
SGW-UNSOLD-001008,ShopGoodwill,GW-009,KitchenAid hand mixer with beaters,Home,Used - Very Good,2026-07-26T09:00:00-04:00,,,,,true
SGW-UNSOLD-001009,ShopGoodwill,GW-015,"Silk scarf, floral print",Accessories,For parts / repair,2026-08-08T09:00:00-04:00,,,,,true
SGW-UNSOLD-001010,ShopGoodwill,GW-019,"Illustrated field guide, revised edition",Books,For parts / repair,2026-08-19T09:00:00-04:00,,,,,true
SGW-UNSOLD-001011,ShopGoodwill,GW-020,"Travel duffel, navy",Accessories,Used - Good,2026-08-26T09:00:00-04:00,,,,,true
SGW-UNSOLD-001012,ShopGoodwill,GW-007,"Bose portable speaker, cosmetic wear",Electronics,Used - Good,2026-07-12T09:00:00-04:00,2026-07-23T11:00:00-04:00,,,SGW-OPEN-001012,true
SGW-UNSOLD-001013,ShopGoodwill,GW-006,"Craftsman socket set, 32 pieces",Tools,Used - Acceptable,2026-08-11T09:00:00-04:00,2026-08-26T11:00:00-04:00,,,SGW-OPEN-001013,true
SGW-UNSOLD-001015,ShopGoodwill,GW-019,"Brass table lamp, tested",Home,For parts / repair,2026-07-28T09:00:00-04:00,,,,,true
SGW-UNSOLD-001017,ShopGoodwill,GW-006,"Patagonia fleece jacket, size M",Apparel,Used - Good,2026-08-12T09:00:00-04:00,2026-08-28T11:00:00-04:00,,,SGW-OPEN-001017,true
SGW-UNSOLD-001018,ShopGoodwill,GW-006,"Gold-tone wristwatch, untested",Jewelry,Used - Good,2026-08-06T09:00:00-04:00,,,,,true
SGW-UNSOLD-001019,ShopGoodwill,GW-012,"Travel duffel, navy",Accessories,Used - Very Good,2026-08-30T09:00:00-04:00,,,,,true
SGW-UNSOLD-001021,ShopGoodwill,GW-003,"Model train locomotive, boxed",Collectibles,Used - Acceptable,2026-07-30T09:00:00-04:00,2026-08-17T11:00:00-04:00,,,SGW-OPEN-001021,true
SGW-UNSOLD-001022,ShopGoodwill,GW-012,Vintage Pyrex mixing bowl set,Collectibles,Used - Very Good,2026-08-20T09:00:00-04:00,2026-08-25T11:00:00-04:00,,,SGW-OPEN-001022,true
SGW-UNSOLD-001024,ShopGoodwill,GW-016,Engineering reference manual,Books,Used - Good,2026-08-01T09:00:00-04:00,2026-08-09T11:00:00-04:00,,,SGW-OPEN-001024,true
SGW-UNSOLD-001025,ShopGoodwill,GW-009,Fishing reel with spare spool,Sporting Goods,For parts / repair,2026-08-19T09:00:00-04:00,2026-08-23T11:00:00-04:00,,,SGW-OPEN-001025,true
SGW-UNSOLD-001027,ShopGoodwill,GW-024,"Stoneware dinner service, 12 pieces",Home,Used - Very Good,2026-07-25T09:00:00-04:00,2026-08-05T11:00:00-04:00,,,SGW-OPEN-001027,true
SGW-UNSOLD-001028,ShopGoodwill,GW-021,Sony stereo receiver — tested,Electronics,Used - Good,2026-08-22T09:00:00-04:00,,,,,true
SGW-UNSOLD-001029,ShopGoodwill,GW-009,"Bose portable speaker, cosmetic wear",Electronics,Used - Good,2026-08-18T09:00:00-04:00,,,,,true
SGW-UNSOLD-001030,ShopGoodwill,GW-006,Signed studio pottery vase,Collectibles,Used - Acceptable,2026-07-27T09:00:00-04:00,,,,,true
SGW-UNSOLD-001033,ShopGoodwill,GW-017,"Vintage concert T-shirt, size XL",Apparel,Used - Very Good,2026-08-07T09:00:00-04:00,2026-08-09T11:00:00-04:00,,,SGW-OPEN-001033,true
SGW-UNSOLD-001037,ShopGoodwill,GW-018,"Hiking backpack, 40L",Sporting Goods,Used - Very Good,2026-08-02T09:00:00-04:00,2026-08-18T11:00:00-04:00,,,SGW-OPEN-001037,true
SGW-UNSOLD-001038,ShopGoodwill,GW-002,"Die-cast vehicle lot, assorted",Collectibles,Used - Acceptable,2026-07-17T09:00:00-04:00,2026-08-05T11:00:00-04:00,,,SGW-OPEN-001038,true
SGW-UNSOLD-001039,ShopGoodwill,GW-001,"Sterling ring, size 7",Jewelry,Used - Good,2026-07-21T09:00:00-04:00,2026-08-11T11:00:00-04:00,,,SGW-OPEN-001039,true
SGW-UNSOLD-001040,ShopGoodwill,GW-011,Hardcover regional cookbook,Books,For parts / repair,2026-08-27T09:00:00-04:00,,,,,true
SGW-UNSOLD-001041,ShopGoodwill,GW-001,"Art history volume, dust jacket",Books,Used - Acceptable,2026-07-22T09:00:00-04:00,2026-07-27T11:00:00-04:00,,,SGW-OPEN-001041,true
SGW-UNSOLD-001042,ShopGoodwill,GW-018,"Brass table lamp, tested",Home,For parts / repair,2026-08-02T09:00:00-04:00,,,,,true
SGW-UNSOLD-001044,ShopGoodwill,GW-010,Fishing reel with spare spool,Sporting Goods,Used - Very Good,2026-08-20T09:00:00-04:00,,,,,true
SGW-UNSOLD-001045,ShopGoodwill,GW-004,"Wool cardigan, size S",Apparel,Used - Very Good,2026-08-10T09:00:00-04:00,,,,,true
SGW-UNSOLD-001046,ShopGoodwill,GW-011,"Sterling ring, size 7",Jewelry,Used - Good,2026-08-03T09:00:00-04:00,2026-08-21T11:00:00-04:00,,,SGW-OPEN-001046,true
SGW-UNSOLD-001047,ShopGoodwill,GW-017,"Model train locomotive, boxed",Collectibles,For parts / repair,2026-08-05T09:00:00-04:00,2026-08-17T11:00:00-04:00,,,SGW-OPEN-001047,true
SGW-UNSOLD-001049,ShopGoodwill,GW-002,"Sterling silver necklace, 18 inch",Jewelry,Used - Acceptable,2026-07-23T09:00:00-04:00,,,,,true
SGW-UNSOLD-001051,ShopGoodwill,GW-005,"Illustrated field guide, revised edition",Books,For parts / repair,2026-07-13T09:00:00-04:00,2026-07-18T11:00:00-04:00,,,SGW-OPEN-001051,true
SGW-UNSOLD-001052,ShopGoodwill,GW-002,"Wool cardigan, size S",Apparel,Used - Acceptable,2026-08-01T09:00:00-04:00,2026-08-18T11:00:00-04:00,,,SGW-OPEN-001052,true
SGW-UNSOLD-001053,ShopGoodwill,GW-022,"Craftsman socket set, 32 pieces",Tools,Used - Acceptable,2026-08-23T09:00:00-04:00,,,,,true
SGW-UNSOLD-001054,ShopGoodwill,GW-011,"Die-cast vehicle lot, assorted",Collectibles,Used - Very Good,2026-08-29T09:00:00-04:00,,,,,true
SGW-UNSOLD-001056,ShopGoodwill,GW-020,Hardcover regional cookbook,Books,Used - Good,2026-07-29T09:00:00-04:00,,,,,true
SGW-UNSOLD-001058,ShopGoodwill,GW-012,"Travel duffel, navy",Accessories,Used - Good,2026-08-08T09:00:00-04:00,2026-08-22T11:00:00-04:00,,,SGW-OPEN-001058,true
SGW-UNSOLD-001059,ShopGoodwill,GW-001,"Handwoven wool rug, 3 × 5 ft",Home,Used - Acceptable,2026-08-21T09:00:00-04:00,,,,,true
SGW-UNSOLD-001061,ShopGoodwill,GW-008,"DeWalt cordless drill, tool only",Tools,For parts / repair,2026-07-28T09:00:00-04:00,,,,,true
SGW-UNSOLD-001062,ShopGoodwill,GW-012,"Handwoven wool rug, 3 × 5 ft",Home,Used - Very Good,2026-07-11T09:00:00-04:00,,,,,true
SGW-UNSOLD-001066,ShopGoodwill,GW-004,"Craftsman socket set, 32 pieces",Tools,Used - Good,2026-07-29T09:00:00-04:00,2026-08-06T11:00:00-04:00,,,SGW-OPEN-001066,true
SGW-UNSOLD-001070,ShopGoodwill,GW-020,Vintage belt with brass buckle,Accessories,Used - Good,2026-07-26T09:00:00-04:00,2026-08-17T11:00:00-04:00,,,SGW-OPEN-001070,true
SGW-UNSOLD-001071,ShopGoodwill,GW-011,KitchenAid hand mixer with beaters,Home,For parts / repair,2026-07-13T09:00:00-04:00,2026-07-19T11:00:00-04:00,,,SGW-OPEN-001071,true
SGW-UNSOLD-001072,ShopGoodwill,GW-010,"Brass table lamp, tested",Home,Used - Very Good,2026-07-24T09:00:00-04:00,2026-07-27T11:00:00-04:00,,,SGW-OPEN-001072,true
SGW-UNSOLD-001073,ShopGoodwill,GW-020,Engineering reference manual,Books,Used - Very Good,2026-08-06T09:00:00-04:00,2026-08-23T11:00:00-04:00,,,SGW-OPEN-001073,true
SGW-UNSOLD-001074,ShopGoodwill,GW-009,"DeWalt cordless drill, tool only",Tools,Used - Very Good,2026-07-13T09:00:00-04:00,2026-07-19T11:00:00-04:00,,,SGW-OPEN-001074,true
SGW-UNSOLD-001075,ShopGoodwill,GW-007,"Brass table lamp, tested",Home,Used - Very Good,2026-08-09T09:00:00-04:00,,,,,true
SGW-UNSOLD-001077,ShopGoodwill,GW-017,"Travel duffel, navy",Accessories,Used - Very Good,2026-07-24T09:00:00-04:00,,,,,true
SGW-UNSOLD-001078,ShopGoodwill,GW-002,"Golf iron set, right handed",Sporting Goods,Used - Acceptable,2026-07-14T09:00:00-04:00,,,,,true
SGW-UNSOLD-001079,ShopGoodwill,GW-002,"Levi's denim jacket, size L",Apparel,For parts / repair,2026-08-01T09:00:00-04:00,,,,,true
SGW-UNSOLD-001080,ShopGoodwill,GW-024,"Art history volume, dust jacket",Books,Used - Very Good,2026-08-12T09:00:00-04:00,,,,,true
SGW-UNSOLD-001081,ShopGoodwill,GW-001,"Canon EF zoom lens, 75–300mm",Electronics,Used - Acceptable,2026-07-19T09:00:00-04:00,,,,,true
SGW-UNSOLD-001082,ShopGoodwill,GW-002,Vintage Stanley hand plane,Tools,Used - Good,2026-07-28T09:00:00-04:00,,,,,true
SGW-UNSOLD-001083,ShopGoodwill,GW-004,"DeWalt cordless drill, tool only",Tools,Used - Acceptable,2026-08-03T09:00:00-04:00,,,,,true
SGW-UNSOLD-001084,ShopGoodwill,GW-018,"Vintage cassette deck, powers on",Electronics,Used - Good,2026-07-16T09:00:00-04:00,,,,,true
SGW-UNSOLD-001085,ShopGoodwill,GW-004,"Gold-tone wristwatch, untested",Jewelry,Used - Good,2026-07-15T09:00:00-04:00,2026-08-03T11:00:00-04:00,,,SGW-OPEN-001085,true
SGW-UNSOLD-001086,ShopGoodwill,GW-008,"Wool cardigan, size S",Apparel,Used - Good,2026-08-16T09:00:00-04:00,,,,,true
SGW-UNSOLD-001087,ShopGoodwill,GW-009,"Bose portable speaker, cosmetic wear",Electronics,Used - Good,2026-08-19T09:00:00-04:00,2026-08-30T11:00:00-04:00,,,SGW-OPEN-001087,true
SGW-UNSOLD-001089,ShopGoodwill,GW-009,Vintage belt with brass buckle,Accessories,For parts / repair,2026-08-14T09:00:00-04:00,,,,,true
SGW-UNSOLD-001090,ShopGoodwill,GW-022,"Silk scarf, floral print",Accessories,For parts / repair,2026-07-15T09:00:00-04:00,,,,,true
SGW-UNSOLD-001092,ShopGoodwill,GW-001,"Brass table lamp, tested",Home,Used - Acceptable,2026-08-11T09:00:00-04:00,,,,,true
SGW-UNSOLD-001093,ShopGoodwill,GW-018,"Sterling ring, size 7",Jewelry,Used - Very Good,2026-07-11T09:00:00-04:00,,,,,true
SGW-UNSOLD-001095,ShopGoodwill,GW-008,Nintendo DS console with charger,Electronics,For parts / repair,2026-08-11T09:00:00-04:00,,,,,true
SGW-UNSOLD-001096,ShopGoodwill,GW-011,Hardcover regional cookbook,Books,Used - Very Good,2026-07-21T09:00:00-04:00,,,,,true
SGW-UNSOLD-001097,ShopGoodwill,GW-018,KitchenAid hand mixer with beaters,Home,Used - Very Good,2026-08-16T09:00:00-04:00,,,,,true
SGW-UNSOLD-001098,ShopGoodwill,GW-016,"Hiking backpack, 40L",Sporting Goods,Used - Good,2026-08-01T09:00:00-04:00,2026-08-21T11:00:00-04:00,,,SGW-OPEN-001098,true
SGW-UNSOLD-001100,ShopGoodwill,GW-008,"Sterling silver necklace, 18 inch",Jewelry,Used - Acceptable,2026-08-10T09:00:00-04:00,,,,,true
SGW-UNSOLD-001101,ShopGoodwill,GW-004,"Wool cardigan, size S",Apparel,Used - Good,2026-07-10T09:00:00-04:00,2026-07-15T11:00:00-04:00,,,SGW-OPEN-001101,true
SGW-UNSOLD-001103,ShopGoodwill,GW-013,"Leather tote bag, brown",Accessories,For parts / repair,2026-07-18T09:00:00-04:00,,,,,true
SGW-UNSOLD-001104,ShopGoodwill,GW-022,"Levi's denim jacket, size L",Apparel,Used - Acceptable,2026-08-30T09:00:00-04:00,,,,,true
SGW-UNSOLD-001105,ShopGoodwill,GW-001,Tennis racquet pair with covers,Sporting Goods,Used - Good,2026-07-26T09:00:00-04:00,2026-08-08T11:00:00-04:00,,,SGW-OPEN-001105,true
SGW-UNSOLD-001106,ShopGoodwill,GW-005,"Leather tote bag, brown",Accessories,Used - Very Good,2026-07-12T09:00:00-04:00,2026-07-22T11:00:00-04:00,,,SGW-OPEN-001106,true
SGW-UNSOLD-001108,ShopGoodwill,GW-024,"Vintage concert T-shirt, size XL",Apparel,Used - Good,2026-08-20T09:00:00-04:00,,,,,true
SGW-UNSOLD-001109,ShopGoodwill,GW-024,"Wool cardigan, size S",Apparel,Used - Good,2026-07-23T09:00:00-04:00,2026-08-05T11:00:00-04:00,,,SGW-OPEN-001109,true
SGW-UNSOLD-001110,ShopGoodwill,GW-011,"Model train locomotive, boxed",Collectibles,Used - Acceptable,2026-07-21T09:00:00-04:00,,,,,true
SGW-UNSOLD-001111,ShopGoodwill,GW-010,Vintage belt with brass buckle,Accessories,Used - Acceptable,2026-07-20T09:00:00-04:00,,,,,true
SGW-UNSOLD-001112,ShopGoodwill,GW-009,"Stoneware dinner service, 12 pieces",Home,Used - Good,2026-08-27T09:00:00-04:00,,,,,true
SGW-UNSOLD-001114,ShopGoodwill,GW-013,"Vintage concert T-shirt, size XL",Apparel,For parts / repair,2026-08-27T09:00:00-04:00,,,,,true
SGW-UNSOLD-001117,ShopGoodwill,GW-011,"DeWalt cordless drill, tool only",Tools,For parts / repair,2026-08-31T09:00:00-04:00,,,,,true
SGW-UNSOLD-001118,ShopGoodwill,GW-014,"Die-cast vehicle lot, assorted",Collectibles,Used - Good,2026-07-18T09:00:00-04:00,,,,,true
SGW-UNSOLD-001119,ShopGoodwill,GW-009,"Model train locomotive, boxed",Collectibles,Used - Very Good,2026-07-18T09:00:00-04:00,,,,,true
SGW-UNSOLD-001121,ShopGoodwill,GW-007,"Sterling silver necklace, 18 inch",Jewelry,Used - Very Good,2026-07-15T09:00:00-04:00,,,,,true
SGW-UNSOLD-001123,ShopGoodwill,GW-016,"Leather tote bag, brown",Accessories,Used - Very Good,2026-07-16T09:00:00-04:00,2026-08-08T11:00:00-04:00,,,SGW-OPEN-001123,true
SGW-UNSOLD-001124,ShopGoodwill,GW-024,"Canon EF zoom lens, 75–300mm",Electronics,Used - Very Good,2026-07-13T09:00:00-04:00,2026-07-20T11:00:00-04:00,,,SGW-OPEN-001124,true
SGW-UNSOLD-001125,ShopGoodwill,GW-012,KitchenAid hand mixer with beaters,Home,Used - Acceptable,2026-08-16T09:00:00-04:00,2026-08-18T11:00:00-04:00,,,SGW-OPEN-001125,true
SGW-UNSOLD-001127,ShopGoodwill,GW-016,"Canon EF zoom lens, 75–300mm",Electronics,Used - Acceptable,2026-08-20T09:00:00-04:00,,,,,true
SGW-UNSOLD-001131,ShopGoodwill,GW-020,"Levi's denim jacket, size L",Apparel,Used - Good,2026-08-20T09:00:00-04:00,,,,,true
SGW-UNSOLD-001132,ShopGoodwill,GW-003,Sony stereo receiver — tested,Electronics,Used - Very Good,2026-08-20T09:00:00-04:00,,,,,true
SGW-UNSOLD-001133,ShopGoodwill,GW-018,"Die-cast vehicle lot, assorted",Collectibles,Used - Good,2026-08-26T09:00:00-04:00,,,,,true
SGW-UNSOLD-001134,ShopGoodwill,GW-009,"Brass table lamp, tested",Home,For parts / repair,2026-08-11T09:00:00-04:00,,,,,true
SGW-UNSOLD-001135,ShopGoodwill,GW-021,"Digital multimeter, tested",Tools,Used - Acceptable,2026-08-04T09:00:00-04:00,2026-08-28T11:00:00-04:00,,,SGW-OPEN-001135,true
SGW-UNSOLD-001136,ShopGoodwill,GW-003,"Illustrated field guide, revised edition",Books,Used - Good,2026-08-26T09:00:00-04:00,,,,,true
SGW-UNSOLD-001137,ShopGoodwill,GW-001,"Model train locomotive, boxed",Collectibles,Used - Good,2026-07-16T09:00:00-04:00,2026-07-31T11:00:00-04:00,,,SGW-OPEN-001137,true
SGW-UNSOLD-001138,ShopGoodwill,GW-023,"Handwoven wool rug, 3 × 5 ft",Home,Used - Very Good,2026-08-07T09:00:00-04:00,2026-08-23T11:00:00-04:00,,,SGW-OPEN-001138,true
SGW-UNSOLD-001139,ShopGoodwill,GW-008,"Art history volume, dust jacket",Books,Used - Very Good,2026-08-29T09:00:00-04:00,,,,,true
SGW-UNSOLD-001140,ShopGoodwill,GW-007,"Patagonia fleece jacket, size M",Apparel,Used - Very Good,2026-08-14T09:00:00-04:00,,,,,true
SGW-UNSOLD-001141,ShopGoodwill,GW-011,"DeWalt cordless drill, tool only",Tools,For parts / repair,2026-08-04T09:00:00-04:00,2026-08-08T11:00:00-04:00,,,SGW-OPEN-001141,true
SGW-UNSOLD-001142,ShopGoodwill,GW-008,"Travel duffel, navy",Accessories,Used - Very Good,2026-07-16T09:00:00-04:00,,,,,true
SGW-UNSOLD-001143,ShopGoodwill,GW-008,"Handwoven wool rug, 3 × 5 ft",Home,Used - Very Good,2026-08-20T09:00:00-04:00,,,,,true
SGW-UNSOLD-001144,ShopGoodwill,GW-002,Vintage costume jewelry lot,Jewelry,Used - Good,2026-08-13T09:00:00-04:00,2026-08-28T11:00:00-04:00,,,SGW-OPEN-001144,true
SGW-UNSOLD-001145,ShopGoodwill,GW-021,Signed studio pottery vase,Collectibles,Used - Very Good,2026-08-31T09:00:00-04:00,,,,,true
SGW-UNSOLD-001146,ShopGoodwill,GW-018,"Sterling ring, size 7",Jewelry,Used - Acceptable,2026-08-05T09:00:00-04:00,2026-08-09T11:00:00-04:00,,,SGW-OPEN-001146,true
SGW-UNSOLD-001147,ShopGoodwill,GW-009,Vintage Pyrex mixing bowl set,Collectibles,Used - Good,2026-08-18T09:00:00-04:00,,,,,true
SGW-UNSOLD-001149,ShopGoodwill,GW-001,"DeWalt cordless drill, tool only",Tools,Used - Good,2026-07-16T09:00:00-04:00,,,,,true
SGW-UNSOLD-001151,ShopGoodwill,GW-008,"Digital multimeter, tested",Tools,For parts / repair,2026-07-10T09:00:00-04:00,2026-07-21T11:00:00-04:00,,,SGW-OPEN-001151,true
SGW-UNSOLD-001152,ShopGoodwill,GW-020,"Travel duffel, navy",Accessories,Used - Good,2026-08-06T09:00:00-04:00,2026-08-16T11:00:00-04:00,,,SGW-OPEN-001152,true
SGW-UNSOLD-001154,ShopGoodwill,GW-017,"Bose portable speaker, cosmetic wear",Electronics,Used - Good,2026-07-21T09:00:00-04:00,2026-08-04T11:00:00-04:00,,,SGW-OPEN-001154,true
SGW-UNSOLD-001155,ShopGoodwill,GW-016,"Wool cardigan, size S",Apparel,Used - Good,2026-08-22T09:00:00-04:00,2026-08-28T11:00:00-04:00,,,SGW-OPEN-001155,true
SGW-UNSOLD-001157,ShopGoodwill,GW-022,Vintage Stanley hand plane,Tools,Used - Acceptable,2026-08-22T09:00:00-04:00,,,,,true
SGW-UNSOLD-001158,ShopGoodwill,GW-014,"Craftsman socket set, 32 pieces",Tools,For parts / repair,2026-08-25T09:00:00-04:00,,,,,true
SGW-UNSOLD-001159,ShopGoodwill,GW-017,Vintage Stanley hand plane,Tools,Used - Good,2026-08-31T09:00:00-04:00,,,,,true
SGW-UNSOLD-001163,ShopGoodwill,GW-017,Engineering reference manual,Books,Used - Very Good,2026-08-12T09:00:00-04:00,2026-08-17T11:00:00-04:00,,,SGW-OPEN-001163,true
SGW-UNSOLD-001164,ShopGoodwill,GW-004,"Gold-tone wristwatch, untested",Jewelry,Used - Very Good,2026-08-16T09:00:00-04:00,2026-08-29T11:00:00-04:00,,,SGW-OPEN-001164,true
SGW-UNSOLD-001165,ShopGoodwill,GW-007,"Handwoven wool rug, 3 × 5 ft",Home,Used - Very Good,2026-08-01T09:00:00-04:00,2026-08-20T11:00:00-04:00,,,SGW-OPEN-001165,true
SGW-UNSOLD-001166,ShopGoodwill,GW-009,Signed studio pottery vase,Collectibles,Used - Acceptable,2026-08-12T09:00:00-04:00,,,,,true
SGW-UNSOLD-001167,ShopGoodwill,GW-024,"Estate postcard collection, 80 pieces",Collectibles,For parts / repair,2026-08-05T09:00:00-04:00,2026-08-27T11:00:00-04:00,,,SGW-OPEN-001167,true
SGW-UNSOLD-001168,ShopGoodwill,GW-001,Signed studio pottery vase,Collectibles,Used - Acceptable,2026-08-25T09:00:00-04:00,,,,,true
SGW-UNSOLD-001169,ShopGoodwill,GW-012,Signed studio pottery vase,Collectibles,Used - Acceptable,2026-07-31T09:00:00-04:00,2026-08-06T11:00:00-04:00,,,SGW-OPEN-001169,true
SGW-UNSOLD-001170,ShopGoodwill,GW-004,"Die-cast vehicle lot, assorted",Collectibles,For parts / repair,2026-08-09T09:00:00-04:00,,,,,true
SGW-UNSOLD-001171,ShopGoodwill,GW-022,"Sterling ring, size 7",Jewelry,Used - Good,2026-08-28T09:00:00-04:00,,,,,true
SGW-UNSOLD-001173,ShopGoodwill,GW-013,"Stoneware dinner service, 12 pieces",Home,Used - Good,2026-08-31T09:00:00-04:00,,,,,true
SGW-UNSOLD-001175,ShopGoodwill,GW-018,"Golf iron set, right handed",Sporting Goods,Used - Acceptable,2026-07-17T09:00:00-04:00,2026-08-07T11:00:00-04:00,,,SGW-OPEN-001175,true
SGW-UNSOLD-001176,ShopGoodwill,GW-004,Vintage costume jewelry lot,Jewelry,Used - Acceptable,2026-08-20T09:00:00-04:00,,,,,true
SGW-UNSOLD-001178,ShopGoodwill,GW-022,Nintendo DS console with charger,Electronics,Used - Acceptable,2026-07-25T09:00:00-04:00,2026-07-29T11:00:00-04:00,,,SGW-OPEN-001178,true
SGW-UNSOLD-001179,ShopGoodwill,GW-021,"Handwoven wool rug, 3 × 5 ft",Home,Used - Good,2026-07-31T09:00:00-04:00,,,,,true
SGW-UNSOLD-001180,ShopGoodwill,GW-015,"Golf iron set, right handed",Sporting Goods,Used - Good,2026-07-11T09:00:00-04:00,2026-07-21T11:00:00-04:00,,,SGW-OPEN-001180,true
SGW-UNSOLD-001181,ShopGoodwill,GW-009,"Silk scarf, floral print",Accessories,Used - Good,2026-08-14T09:00:00-04:00,2026-08-18T11:00:00-04:00,,,SGW-OPEN-001181,true
SGW-UNSOLD-001182,ShopGoodwill,GW-004,"Gold-tone wristwatch, untested",Jewelry,Used - Good,2026-08-31T09:00:00-04:00,,,,,true
SGW-UNSOLD-001183,ShopGoodwill,GW-016,"Canon EF zoom lens, 75–300mm",Electronics,Used - Acceptable,2026-07-24T09:00:00-04:00,,,,,true
SGW-UNSOLD-001184,ShopGoodwill,GW-011,"Estate postcard collection, 80 pieces",Collectibles,For parts / repair,2026-08-15T09:00:00-04:00,,,,,true
SGW-UNSOLD-001185,ShopGoodwill,GW-012,"Sterling ring, size 7",Jewelry,For parts / repair,2026-08-02T09:00:00-04:00,,,,,true
SGW-UNSOLD-001187,ShopGoodwill,GW-024,"Handwoven wool rug, 3 × 5 ft",Home,Used - Very Good,2026-07-21T09:00:00-04:00,2026-07-28T11:00:00-04:00,,,SGW-OPEN-001187,true
SGW-UNSOLD-001188,ShopGoodwill,GW-014,"Handwoven wool rug, 3 × 5 ft",Home,For parts / repair,2026-08-20T09:00:00-04:00,,,,,true
SGW-UNSOLD-001189,ShopGoodwill,GW-016,"Travel duffel, navy",Accessories,For parts / repair,2026-07-30T09:00:00-04:00,2026-08-07T11:00:00-04:00,,,SGW-OPEN-001189,true
SGW-UNSOLD-001192,ShopGoodwill,GW-017,"Vintage cassette deck, powers on",Electronics,Used - Acceptable,2026-07-13T09:00:00-04:00,2026-07-31T11:00:00-04:00,,,SGW-OPEN-001192,true
SGW-UNSOLD-001193,ShopGoodwill,GW-011,"Digital multimeter, tested",Tools,For parts / repair,2026-08-13T09:00:00-04:00,,,,,true
SGW-UNSOLD-001194,ShopGoodwill,GW-019,"Levi's denim jacket, size L",Apparel,For parts / repair,2026-07-17T09:00:00-04:00,2026-08-09T11:00:00-04:00,,,SGW-OPEN-001194,true
SGW-UNSOLD-001195,ShopGoodwill,GW-009,Sony stereo receiver — tested,Electronics,Used - Good,2026-08-01T09:00:00-04:00,2026-08-17T11:00:00-04:00,,,SGW-OPEN-001195,true
SGW-UNSOLD-001196,ShopGoodwill,GW-011,"Hiking backpack, 40L",Sporting Goods,For parts / repair,2026-08-15T09:00:00-04:00,,,,,true
SGW-UNSOLD-001197,ShopGoodwill,GW-010,"Model train locomotive, boxed",Collectibles,For parts / repair,2026-08-24T09:00:00-04:00,,,,,true
SGW-UNSOLD-001198,ShopGoodwill,GW-001,"Sterling ring, size 7",Jewelry,Used - Acceptable,2026-08-30T09:00:00-04:00,,,,,true
SGW-UNSOLD-001199,ShopGoodwill,GW-016,"Vintage concert T-shirt, size XL",Apparel,Used - Good,2026-07-12T09:00:00-04:00,2026-07-15T11:00:00-04:00,,,SGW-OPEN-001199,true
