source_file,source_row_id,order_id,ordered_at,ship_date,fulfillment_status,refund_recorded_at,currency,synthetic
09_amazon_payments_summary_aug2026.csv,95,AMZ-2608-000001,2026-08-06T08:00:00-04:00,2026-08-10,shipped,,USD,true
09_amazon_payments_summary_aug2026.csv,375,AMZ-2608-000002,2026-08-20T08:00:00-04:00,2026-08-21,shipped,,USD,true
09_amazon_payments_summary_aug2026.csv,483,AMZ-2608-000003,2026-08-25T08:00:00-04:00,2026-08-26,shipped,,USD,true
09_amazon_payments_summary_aug2026.csv,256,AMZ-2608-000004,2026-08-14T08:00:00-04:00,2026-08-17,shipped,,USD,true
09_amazon_payments_summary_aug2026.csv,62,AMZ-2608-000005,2026-08-04T08:00:00-04:00,2026-08-05,shipped,,USD,true
09_amazon_payments_summary_aug2026.csv,516,AMZ-2608-000006,2026-08-26T08:00:00-04:00,2026-08-31,shipped,,USD,true
09_amazon_payments_summary_aug2026.csv,134,AMZ-2608-000007,2026-08-08T08:00:00-04:00,2026-08-10,shipped,,USD,true
09_amazon_payments_summary_aug2026.csv,484,AMZ-2608-000008,2026-08-25T08:00:00-04:00,2026-08-26,shipped,,USD,true
09_amazon_payments_summary_aug2026.csv,417,AMZ-2608-000009,2026-08-22T08:00:00-04:00,2026-08-24,shipped,,USD,true
09_amazon_payments_summary_aug2026.csv,517,AMZ-2608-000010,2026-08-26T08:00:00-04:00,2026-08-31,shipped,,USD,true
09_amazon_payments_summary_aug2026.csv,135,AMZ-2608-000011,2026-08-08T08:00:00-04:00,2026-08-10,shipped,,USD,true
09_amazon_payments_summary_aug2026.csv,418,AMZ-2608-000012,2026-08-22T08:00:00-04:00,2026-08-26,shipped,,USD,true
09_amazon_payments_summary_aug2026.csv,194,AMZ-2608-000013,2026-08-10T08:00:00-04:00,2026-08-11,shipped,,USD,true
09_amazon_payments_summary_aug2026.csv,303,AMZ-2608-000014,2026-08-16T08:00:00-04:00,2026-08-18,shipped,,USD,true
09_amazon_payments_summary_aug2026.csv,365,AMZ-2608-000015,2026-08-19T08:00:00-04:00,2026-08-20,shipped,,USD,true
09_amazon_payments_summary_aug2026.csv,210,AMZ-2608-000016,2026-08-11T08:00:00-04:00,2026-08-12,shipped,,USD,true
09_amazon_payments_summary_aug2026.csv,564,AMZ-2608-000017,2026-08-28T08:00:00-04:00,,local_pickup,,USD,true
09_amazon_payments_summary_aug2026.csv,401,AMZ-2608-000018,2026-08-21T08:00:00-04:00,2026-08-24,shipped,,USD,true
09_amazon_payments_summary_aug2026.csv,565,AMZ-2608-000019,2026-08-28T08:00:00-04:00,2026-08-31,shipped,2026-08-31T21:00:00-04:00,USD,true
09_amazon_payments_summary_aug2026.csv,1,AMZ-2608-000020,2026-08-01T08:00:00-04:00,2026-08-03,shipped,,USD,true
09_amazon_payments_summary_aug2026.csv,441,AMZ-2608-000021,2026-08-23T08:00:00-04:00,2026-08-25,shipped,,USD,true
09_amazon_payments_summary_aug2026.csv,442,AMZ-2608-000022,2026-08-23T08:00:00-04:00,2026-08-24,shipped,,USD,true
09_amazon_payments_summary_aug2026.csv,633,AMZ-2608-000023,2026-08-31T08:00:00-04:00,,pending_fulfillment,,USD,true
09_amazon_payments_summary_aug2026.csv,2,AMZ-2608-000024,2026-08-01T08:00:00-04:00,2026-08-03,shipped,,USD,true
09_amazon_payments_summary_aug2026.csv,419,AMZ-2608-000025,2026-08-22T08:00:00-04:00,2026-08-27,shipped,,USD,true
09_amazon_payments_summary_aug2026.csv,211,AMZ-2608-000026,2026-08-11T08:00:00-04:00,2026-08-17,shipped,,USD,true
09_amazon_payments_summary_aug2026.csv,376,AMZ-2608-000027,2026-08-20T08:00:00-04:00,2026-08-25,shipped,,USD,true
09_amazon_payments_summary_aug2026.csv,63,AMZ-2608-000028,2026-08-04T08:00:00-04:00,2026-08-07,shipped,,USD,true
09_amazon_payments_summary_aug2026.csv,587,AMZ-2608-000029,2026-08-29T08:00:00-04:00,,canceled_before_fulfillment,2026-08-30T21:00:00-04:00,USD,true
09_amazon_payments_summary_aug2026.csv,518,AMZ-2608-000030,2026-08-26T08:00:00-04:00,2026-08-28,shipped,,USD,true
09_amazon_payments_summary_aug2026.csv,114,AMZ-2608-000031,2026-08-07T08:00:00-04:00,2026-08-10,shipped,,USD,true
09_amazon_payments_summary_aug2026.csv,96,AMZ-2608-000032,2026-08-06T08:00:00-04:00,2026-08-10,shipped,,USD,true
09_amazon_payments_summary_aug2026.csv,342,AMZ-2608-000033,2026-08-18T08:00:00-04:00,2026-08-20,shipped,,USD,true
09_amazon_payments_summary_aug2026.csv,377,AMZ-2608-000034,2026-08-20T08:00:00-04:00,2026-08-24,shipped,,USD,true
09_amazon_payments_summary_aug2026.csv,463,AMZ-2608-000035,2026-08-24T08:00:00-04:00,2026-08-28,shipped,,USD,true
09_amazon_payments_summary_aug2026.csv,284,AMZ-2608-000036,2026-08-15T08:00:00-04:00,2026-08-17,shipped,,USD,true
09_amazon_payments_summary_aug2026.csv,317,AMZ-2608-000037,2026-08-17T08:00:00-04:00,2026-08-20,shipped,,USD,true
09_amazon_payments_summary_aug2026.csv,566,AMZ-2608-000038,2026-08-28T08:00:00-04:00,2026-08-31,shipped,,USD,true
09_amazon_payments_summary_aug2026.csv,42,AMZ-2608-000039,2026-08-03T08:00:00-04:00,2026-08-05,shipped,,USD,true
09_amazon_payments_summary_aug2026.csv,3,AMZ-2608-000040,2026-08-01T08:00:00-04:00,2026-08-03,shipped,,USD,true
09_amazon_payments_summary_aug2026.csv,588,AMZ-2608-000041,2026-08-29T08:00:00-04:00,2026-08-31,shipped,,USD,true
09_amazon_payments_summary_aug2026.csv,226,AMZ-2608-000042,2026-08-12T08:00:00-04:00,2026-08-17,shipped,,USD,true
09_amazon_payments_summary_aug2026.csv,464,AMZ-2608-000043,2026-08-24T08:00:00-04:00,2026-08-27,shipped,,USD,true
09_amazon_payments_summary_aug2026.csv,567,AMZ-2608-000044,2026-08-28T08:00:00-04:00,2026-08-31,shipped,,USD,true
09_amazon_payments_summary_aug2026.csv,420,AMZ-2608-000045,2026-08-22T08:00:00-04:00,2026-08-25,shipped,,USD,true
09_amazon_payments_summary_aug2026.csv,634,AMZ-2608-000046,2026-08-31T08:00:00-04:00,,pending_fulfillment,,USD,true
09_amazon_payments_summary_aug2026.csv,238,AMZ-2608-000047,2026-08-13T08:00:00-04:00,2026-08-17,shipped,,USD,true
09_amazon_payments_summary_aug2026.csv,606,AMZ-2608-000048,2026-08-30T08:00:00-04:00,2026-08-31,shipped,,USD,true
09_amazon_payments_summary_aug2026.csv,257,AMZ-2608-000049,2026-08-14T08:00:00-04:00,2026-08-17,shipped,,USD,true
09_amazon_payments_summary_aug2026.csv,43,AMZ-2608-000050,2026-08-03T08:00:00-04:00,2026-08-05,shipped,,USD,true
09_amazon_payments_summary_aug2026.csv,519,AMZ-2608-000051,2026-08-26T08:00:00-04:00,2026-08-28,shipped,,USD,true
09_amazon_payments_summary_aug2026.csv,343,AMZ-2608-000052,2026-08-18T08:00:00-04:00,2026-08-19,shipped,,USD,true
09_amazon_payments_summary_aug2026.csv,607,AMZ-2608-000053,2026-08-30T08:00:00-04:00,2026-08-31,shipped,,USD,true
09_amazon_payments_summary_aug2026.csv,318,AMZ-2608-000054,2026-08-17T08:00:00-04:00,2026-08-19,shipped,,USD,true
09_amazon_payments_summary_aug2026.csv,485,AMZ-2608-000055,2026-08-25T08:00:00-04:00,2026-08-26,shipped,,USD,true
09_amazon_payments_summary_aug2026.csv,486,AMZ-2608-000056,2026-08-25T08:00:00-04:00,2026-08-26,shipped,,USD,true
09_amazon_payments_summary_aug2026.csv,285,AMZ-2608-000057,2026-08-15T08:00:00-04:00,2026-08-17,shipped,,USD,true
09_amazon_payments_summary_aug2026.csv,44,AMZ-2608-000058,2026-08-03T08:00:00-04:00,2026-08-04,shipped,,USD,true
09_amazon_payments_summary_aug2026.csv,45,AMZ-2608-000059,2026-08-03T08:00:00-04:00,,local_pickup,,USD,true
09_amazon_payments_summary_aug2026.csv,21,AMZ-2608-000060,2026-08-02T08:00:00-04:00,2026-08-04,shipped,,USD,true
09_amazon_payments_summary_aug2026.csv,97,AMZ-2608-000061,2026-08-06T08:00:00-04:00,2026-08-10,shipped,2026-08-12T21:00:00-04:00,USD,true
09_amazon_payments_summary_aug2026.csv,344,AMZ-2608-000062,2026-08-18T08:00:00-04:00,2026-08-20,shipped,,USD,true
09_amazon_payments_summary_aug2026.csv,167,AMZ-2608-000063,2026-08-09T08:00:00-04:00,2026-08-11,shipped,,USD,true
09_amazon_payments_summary_aug2026.csv,22,AMZ-2608-000064,2026-08-02T08:00:00-04:00,,local_pickup,,USD,true
09_amazon_payments_summary_aug2026.csv,168,AMZ-2608-000065,2026-08-09T08:00:00-04:00,2026-08-11,shipped,,USD,true
09_amazon_payments_summary_aug2026.csv,195,AMZ-2608-000066,2026-08-10T08:00:00-04:00,2026-08-13,shipped,,USD,true
09_amazon_payments_summary_aug2026.csv,78,AMZ-2608-000067,2026-08-05T08:00:00-04:00,2026-08-06,shipped,,USD,true
09_amazon_payments_summary_aug2026.csv,239,AMZ-2608-000068,2026-08-13T08:00:00-04:00,2026-08-14,shipped,,USD,true
09_amazon_payments_summary_aug2026.csv,443,AMZ-2608-000069,2026-08-23T08:00:00-04:00,2026-08-24,shipped,,USD,true
09_amazon_payments_summary_aug2026.csv,444,AMZ-2608-000070,2026-08-23T08:00:00-04:00,2026-08-25,shipped,,USD,true
09_amazon_payments_summary_aug2026.csv,169,AMZ-2608-000071,2026-08-09T08:00:00-04:00,2026-08-10,shipped,,USD,true
09_amazon_payments_summary_aug2026.csv,304,AMZ-2608-000072,2026-08-16T08:00:00-04:00,2026-08-17,shipped,,USD,true
09_amazon_payments_summary_aug2026.csv,520,AMZ-2608-000073,2026-08-26T08:00:00-04:00,2026-08-28,shipped,,USD,true
09_amazon_payments_summary_aug2026.csv,258,AMZ-2608-000074,2026-08-14T08:00:00-04:00,,local_pickup,,USD,true
09_amazon_payments_summary_aug2026.csv,286,AMZ-2608-000075,2026-08-15T08:00:00-04:00,2026-08-18,shipped,,USD,true
09_amazon_payments_summary_aug2026.csv,64,AMZ-2608-000076,2026-08-04T08:00:00-04:00,2026-08-05,shipped,,USD,true
09_amazon_payments_summary_aug2026.csv,319,AMZ-2608-000077,2026-08-17T08:00:00-04:00,2026-08-20,shipped,2026-08-26T21:00:00-04:00,USD,true
09_amazon_payments_summary_aug2026.csv,345,AMZ-2608-000078,2026-08-18T08:00:00-04:00,,canceled_before_fulfillment,2026-08-25T21:00:00-04:00,USD,true
09_amazon_payments_summary_aug2026.csv,98,AMZ-2608-000079,2026-08-06T08:00:00-04:00,2026-08-10,shipped,,USD,true
09_amazon_payments_summary_aug2026.csv,378,AMZ-2608-000080,2026-08-20T08:00:00-04:00,2026-08-24,shipped,,USD,true
09_amazon_payments_summary_aug2026.csv,402,AMZ-2608-000081,2026-08-21T08:00:00-04:00,2026-08-24,shipped,2026-08-29T21:00:00-04:00,USD,true
09_amazon_payments_summary_aug2026.csv,136,AMZ-2608-000082,2026-08-08T08:00:00-04:00,2026-08-10,shipped,,USD,true
09_amazon_payments_summary_aug2026.csv,227,AMZ-2608-000083,2026-08-12T08:00:00-04:00,2026-08-17,shipped,,USD,true
09_amazon_payments_summary_aug2026.csv,240,AMZ-2608-000084,2026-08-13T08:00:00-04:00,2026-08-17,shipped,,USD,true
09_amazon_payments_summary_aug2026.csv,23,AMZ-2608-000085,2026-08-02T08:00:00-04:00,2026-08-04,shipped,,USD,true
09_amazon_payments_summary_aug2026.csv,487,AMZ-2608-000086,2026-08-25T08:00:00-04:00,2026-08-31,shipped,,USD,true
09_amazon_payments_summary_aug2026.csv,241,AMZ-2608-000087,2026-08-13T08:00:00-04:00,2026-08-17,shipped,,USD,true
09_amazon_payments_summary_aug2026.csv,589,AMZ-2608-000088,2026-08-29T08:00:00-04:00,2026-08-31,shipped,,USD,true
09_amazon_payments_summary_aug2026.csv,115,AMZ-2608-000089,2026-08-07T08:00:00-04:00,2026-08-11,shipped,,USD,true
09_amazon_payments_summary_aug2026.csv,196,AMZ-2608-000090,2026-08-10T08:00:00-04:00,,local_pickup,,USD,true
09_amazon_payments_summary_aug2026.csv,228,AMZ-2608-000091,2026-08-12T08:00:00-04:00,2026-08-14,shipped,,USD,true
09_amazon_payments_summary_aug2026.csv,488,AMZ-2608-000092,2026-08-25T08:00:00-04:00,2026-08-27,shipped,,USD,true
09_amazon_payments_summary_aug2026.csv,547,AMZ-2608-000093,2026-08-27T08:00:00-04:00,2026-08-28,shipped,,USD,true
09_amazon_payments_summary_aug2026.csv,590,AMZ-2608-000094,2026-08-29T08:00:00-04:00,2026-08-31,shipped,,USD,true
09_amazon_payments_summary_aug2026.csv,320,AMZ-2608-000095,2026-08-17T08:00:00-04:00,2026-08-18,shipped,,USD,true
09_amazon_payments_summary_aug2026.csv,137,AMZ-2608-000096,2026-08-08T08:00:00-04:00,2026-08-10,shipped,,USD,true
09_amazon_payments_summary_aug2026.csv,421,AMZ-2608-000097,2026-08-22T08:00:00-04:00,2026-08-24,shipped,,USD,true
09_amazon_payments_summary_aug2026.csv,79,AMZ-2608-000098,2026-08-05T08:00:00-04:00,2026-08-10,shipped,,USD,true
09_amazon_payments_summary_aug2026.csv,379,AMZ-2608-000099,2026-08-20T08:00:00-04:00,2026-08-24,shipped,,USD,true
09_amazon_payments_summary_aug2026.csv,116,AMZ-2608-000100,2026-08-07T08:00:00-04:00,2026-08-10,shipped,,USD,true
09_amazon_payments_summary_aug2026.csv,321,AMZ-2608-000101,2026-08-17T08:00:00-04:00,2026-08-19,shipped,,USD,true
09_amazon_payments_summary_aug2026.csv,170,AMZ-2608-000102,2026-08-09T08:00:00-04:00,2026-08-10,shipped,,USD,true
09_amazon_payments_summary_aug2026.csv,80,AMZ-2608-000103,2026-08-05T08:00:00-04:00,2026-08-06,shipped,,USD,true
09_amazon_payments_summary_aug2026.csv,346,AMZ-2608-000104,2026-08-18T08:00:00-04:00,2026-08-20,shipped,,USD,true
09_amazon_payments_summary_aug2026.csv,287,AMZ-2608-000105,2026-08-15T08:00:00-04:00,2026-08-18,shipped,,USD,true
09_amazon_payments_summary_aug2026.csv,197,AMZ-2608-000106,2026-08-10T08:00:00-04:00,2026-08-12,shipped,,USD,true
09_amazon_payments_summary_aug2026.csv,635,AMZ-2608-000107,2026-08-31T08:00:00-04:00,,pending_fulfillment,,USD,true
09_amazon_payments_summary_aug2026.csv,422,AMZ-2608-000108,2026-08-22T08:00:00-04:00,2026-08-24,shipped,,USD,true
09_amazon_payments_summary_aug2026.csv,259,AMZ-2608-000109,2026-08-14T08:00:00-04:00,2026-08-17,shipped,,USD,true
09_amazon_payments_summary_aug2026.csv,46,AMZ-2608-000110,2026-08-03T08:00:00-04:00,2026-08-04,shipped,,USD,true
09_amazon_payments_summary_aug2026.csv,305,AMZ-2608-000111,2026-08-16T08:00:00-04:00,2026-08-17,shipped,,USD,true
09_amazon_payments_summary_aug2026.csv,322,AMZ-2608-000112,2026-08-17T08:00:00-04:00,2026-08-18,shipped,,USD,true
09_amazon_payments_summary_aug2026.csv,242,AMZ-2608-000113,2026-08-13T08:00:00-04:00,2026-08-17,shipped,,USD,true
09_amazon_payments_summary_aug2026.csv,260,AMZ-2608-000114,2026-08-14T08:00:00-04:00,2026-08-17,shipped,,USD,true
09_amazon_payments_summary_aug2026.csv,521,AMZ-2608-000115,2026-08-26T08:00:00-04:00,2026-08-27,shipped,,USD,true
09_amazon_payments_summary_aug2026.csv,465,AMZ-2608-000116,2026-08-24T08:00:00-04:00,2026-08-26,shipped,,USD,true
09_amazon_payments_summary_aug2026.csv,4,AMZ-2608-000117,2026-08-01T08:00:00-04:00,2026-08-04,shipped,,USD,true
09_amazon_payments_summary_aug2026.csv,24,AMZ-2608-000118,2026-08-02T08:00:00-04:00,2026-08-03,shipped,,USD,true
09_amazon_payments_summary_aug2026.csv,445,AMZ-2608-000119,2026-08-23T08:00:00-04:00,2026-08-24,shipped,,USD,true
09_amazon_payments_summary_aug2026.csv,522,AMZ-2608-000120,2026-08-26T08:00:00-04:00,2026-08-28,shipped,,USD,true
09_amazon_payments_summary_aug2026.csv,288,AMZ-2608-000121,2026-08-15T08:00:00-04:00,2026-08-17,shipped,,USD,true
09_amazon_payments_summary_aug2026.csv,138,AMZ-2608-000122,2026-08-08T08:00:00-04:00,,local_pickup,,USD,true
09_amazon_payments_summary_aug2026.csv,380,AMZ-2608-000123,2026-08-20T08:00:00-04:00,2026-08-24,shipped,,USD,true
09_amazon_payments_summary_aug2026.csv,99,AMZ-2608-000124,2026-08-06T08:00:00-04:00,2026-08-10,shipped,,USD,true
09_amazon_payments_summary_aug2026.csv,261,AMZ-2608-000125,2026-08-14T08:00:00-04:00,2026-08-17,shipped,,USD,true
09_amazon_payments_summary_aug2026.csv,568,AMZ-2608-000126,2026-08-28T08:00:00-04:00,2026-08-31,shipped,,USD,true
09_amazon_payments_summary_aug2026.csv,446,AMZ-2608-000127,2026-08-23T08:00:00-04:00,2026-08-24,shipped,,USD,true
09_amazon_payments_summary_aug2026.csv,262,AMZ-2608-000128,2026-08-14T08:00:00-04:00,2026-08-17,shipped,,USD,true
09_amazon_payments_summary_aug2026.csv,489,AMZ-2608-000129,2026-08-25T08:00:00-04:00,2026-08-28,shipped,,USD,true
09_amazon_payments_summary_aug2026.csv,263,AMZ-2608-000130,2026-08-14T08:00:00-04:00,2026-08-17,shipped,,USD,true
09_amazon_payments_summary_aug2026.csv,289,AMZ-2608-000131,2026-08-15T08:00:00-04:00,2026-08-17,shipped,,USD,true
09_amazon_payments_summary_aug2026.csv,447,AMZ-2608-000132,2026-08-23T08:00:00-04:00,2026-08-25,shipped,,USD,true
09_amazon_payments_summary_aug2026.csv,65,AMZ-2608-000133,2026-08-04T08:00:00-04:00,2026-08-06,shipped,,USD,true
09_amazon_payments_summary_aug2026.csv,403,AMZ-2608-000134,2026-08-21T08:00:00-04:00,2026-08-24,shipped,,USD,true
09_amazon_payments_summary_aug2026.csv,229,AMZ-2608-000135,2026-08-12T08:00:00-04:00,2026-08-13,shipped,,USD,true
09_amazon_payments_summary_aug2026.csv,264,AMZ-2608-000136,2026-08-14T08:00:00-04:00,2026-08-17,shipped,,USD,true
09_amazon_payments_summary_aug2026.csv,81,AMZ-2608-000137,2026-08-05T08:00:00-04:00,2026-08-07,shipped,,USD,true
09_amazon_payments_summary_aug2026.csv,139,AMZ-2608-000138,2026-08-08T08:00:00-04:00,2026-08-10,shipped,,USD,true
09_amazon_payments_summary_aug2026.csv,5,AMZ-2608-000139,2026-08-01T08:00:00-04:00,,local_pickup,,USD,true
09_amazon_payments_summary_aug2026.csv,466,AMZ-2608-000140,2026-08-24T08:00:00-04:00,2026-08-25,shipped,,USD,true
09_amazon_payments_summary_aug2026.csv,47,AMZ-2608-000141,2026-08-03T08:00:00-04:00,2026-08-05,shipped,,USD,true
09_amazon_payments_summary_aug2026.csv,140,AMZ-2608-000142,2026-08-08T08:00:00-04:00,2026-08-10,shipped,,USD,true
09_amazon_payments_summary_aug2026.csv,171,AMZ-2608-000143,2026-08-09T08:00:00-04:00,2026-08-10,shipped,,USD,true
09_amazon_payments_summary_aug2026.csv,141,AMZ-2608-000144,2026-08-08T08:00:00-04:00,2026-08-10,shipped,,USD,true
09_amazon_payments_summary_aug2026.csv,347,AMZ-2608-000145,2026-08-18T08:00:00-04:00,2026-08-21,shipped,,USD,true
09_amazon_payments_summary_aug2026.csv,591,AMZ-2608-000146,2026-08-29T08:00:00-04:00,2026-08-31,shipped,,USD,true
09_amazon_payments_summary_aug2026.csv,66,AMZ-2608-000147,2026-08-04T08:00:00-04:00,2026-08-05,shipped,,USD,true
09_amazon_payments_summary_aug2026.csv,100,AMZ-2608-000148,2026-08-06T08:00:00-04:00,2026-08-07,shipped,2026-08-16T21:00:00-04:00,USD,true
09_amazon_payments_summary_aug2026.csv,423,AMZ-2608-000149,2026-08-22T08:00:00-04:00,2026-08-24,shipped,,USD,true
09_amazon_payments_summary_aug2026.csv,101,AMZ-2608-000150,2026-08-06T08:00:00-04:00,2026-08-10,shipped,,USD,true
09_amazon_payments_summary_aug2026.csv,490,AMZ-2608-000151,2026-08-25T08:00:00-04:00,2026-08-26,shipped,,USD,true
09_amazon_payments_summary_aug2026.csv,243,AMZ-2608-000152,2026-08-13T08:00:00-04:00,2026-08-14,shipped,,USD,true
09_amazon_payments_summary_aug2026.csv,424,AMZ-2608-000153,2026-08-22T08:00:00-04:00,2026-08-24,shipped,,USD,true
09_amazon_payments_summary_aug2026.csv,523,AMZ-2608-000154,2026-08-26T08:00:00-04:00,2026-08-31,shipped,,USD,true
09_amazon_payments_summary_aug2026.csv,265,AMZ-2608-000155,2026-08-14T08:00:00-04:00,2026-08-17,shipped,,USD,true
09_amazon_payments_summary_aug2026.csv,102,AMZ-2608-000156,2026-08-06T08:00:00-04:00,2026-08-10,shipped,,USD,true
09_amazon_payments_summary_aug2026.csv,198,AMZ-2608-000157,2026-08-10T08:00:00-04:00,2026-08-14,shipped,,USD,true
09_amazon_payments_summary_aug2026.csv,48,AMZ-2608-000158,2026-08-03T08:00:00-04:00,2026-08-04,shipped,,USD,true
09_amazon_payments_summary_aug2026.csv,49,AMZ-2608-000159,2026-08-03T08:00:00-04:00,2026-08-07,shipped,,USD,true
09_amazon_payments_summary_aug2026.csv,366,AMZ-2608-000160,2026-08-19T08:00:00-04:00,2026-08-21,shipped,,USD,true
09_amazon_payments_summary_aug2026.csv,404,AMZ-2608-000161,2026-08-21T08:00:00-04:00,2026-08-24,shipped,,USD,true
09_amazon_payments_summary_aug2026.csv,569,AMZ-2608-000162,2026-08-28T08:00:00-04:00,2026-08-31,shipped,,USD,true
09_amazon_payments_summary_aug2026.csv,608,AMZ-2608-000163,2026-08-30T08:00:00-04:00,2026-08-31,shipped,,USD,true
09_amazon_payments_summary_aug2026.csv,323,AMZ-2608-000164,2026-08-17T08:00:00-04:00,,local_pickup,,USD,true
09_amazon_payments_summary_aug2026.csv,25,AMZ-2608-000165,2026-08-02T08:00:00-04:00,2026-08-03,shipped,,USD,true
09_amazon_payments_summary_aug2026.csv,592,AMZ-2608-000166,2026-08-29T08:00:00-04:00,2026-08-31,shipped,,USD,true
09_amazon_payments_summary_aug2026.csv,50,AMZ-2608-000167,2026-08-03T08:00:00-04:00,2026-08-06,shipped,,USD,true
09_amazon_payments_summary_aug2026.csv,570,AMZ-2608-000168,2026-08-28T08:00:00-04:00,2026-08-31,shipped,,USD,true
09_amazon_payments_summary_aug2026.csv,6,AMZ-2608-000169,2026-08-01T08:00:00-04:00,2026-08-03,shipped,,USD,true
09_amazon_payments_summary_aug2026.csv,212,AMZ-2608-000170,2026-08-11T08:00:00-04:00,2026-08-12,shipped,,USD,true
09_amazon_payments_summary_aug2026.csv,290,AMZ-2608-000171,2026-08-15T08:00:00-04:00,2026-08-17,shipped,,USD,true
09_amazon_payments_summary_aug2026.csv,491,AMZ-2608-000172,2026-08-25T08:00:00-04:00,2026-08-31,shipped,,USD,true
09_amazon_payments_summary_aug2026.csv,492,AMZ-2608-000173,2026-08-25T08:00:00-04:00,2026-08-27,shipped,,USD,true
09_amazon_payments_summary_aug2026.csv,266,AMZ-2608-000174,2026-08-14T08:00:00-04:00,2026-08-17,shipped,,USD,true
09_amazon_payments_summary_aug2026.csv,199,AMZ-2608-000175,2026-08-10T08:00:00-04:00,2026-08-11,shipped,,USD,true
09_amazon_payments_summary_aug2026.csv,367,AMZ-2608-000176,2026-08-19T08:00:00-04:00,2026-08-24,shipped,,USD,true
09_amazon_payments_summary_aug2026.csv,230,AMZ-2608-000177,2026-08-12T08:00:00-04:00,,local_pickup,,USD,true
09_amazon_payments_summary_aug2026.csv,609,AMZ-2608-000178,2026-08-30T08:00:00-04:00,,pending_fulfillment,,USD,true
09_amazon_payments_summary_aug2026.csv,26,AMZ-2608-000179,2026-08-02T08:00:00-04:00,2026-08-03,shipped,,USD,true
09_amazon_payments_summary_aug2026.csv,103,AMZ-2608-000180,2026-08-06T08:00:00-04:00,2026-08-10,shipped,,USD,true
09_amazon_payments_summary_aug2026.csv,381,AMZ-2608-000181,2026-08-20T08:00:00-04:00,2026-08-21,shipped,,USD,true
09_amazon_payments_summary_aug2026.csv,368,AMZ-2608-000182,2026-08-19T08:00:00-04:00,2026-08-24,shipped,,USD,true
09_amazon_payments_summary_aug2026.csv,213,AMZ-2608-000183,2026-08-11T08:00:00-04:00,2026-08-17,shipped,,USD,true
09_amazon_payments_summary_aug2026.csv,142,AMZ-2608-000184,2026-08-08T08:00:00-04:00,2026-08-11,shipped,,USD,true
09_amazon_payments_summary_aug2026.csv,324,AMZ-2608-000185,2026-08-17T08:00:00-04:00,,local_pickup,,USD,true
09_amazon_payments_summary_aug2026.csv,231,AMZ-2608-000186,2026-08-12T08:00:00-04:00,2026-08-13,shipped,2026-08-22T21:00:00-04:00,USD,true
09_amazon_payments_summary_aug2026.csv,636,AMZ-2608-000187,2026-08-31T08:00:00-04:00,,pending_fulfillment,,USD,true
09_amazon_payments_summary_aug2026.csv,244,AMZ-2608-000188,2026-08-13T08:00:00-04:00,2026-08-17,shipped,,USD,true
09_amazon_payments_summary_aug2026.csv,291,AMZ-2608-000189,2026-08-15T08:00:00-04:00,2026-08-17,shipped,2026-08-21T21:00:00-04:00,USD,true
09_amazon_payments_summary_aug2026.csv,200,AMZ-2608-000190,2026-08-10T08:00:00-04:00,2026-08-13,shipped,,USD,true
09_amazon_payments_summary_aug2026.csv,117,AMZ-2608-000191,2026-08-07T08:00:00-04:00,2026-08-10,shipped,,USD,true
09_amazon_payments_summary_aug2026.csv,610,AMZ-2608-000192,2026-08-30T08:00:00-04:00,,pending_fulfillment,,USD,true
09_amazon_payments_summary_aug2026.csv,172,AMZ-2608-000193,2026-08-09T08:00:00-04:00,2026-08-11,shipped,,USD,true
09_amazon_payments_summary_aug2026.csv,548,AMZ-2608-000194,2026-08-27T08:00:00-04:00,,pending_fulfillment,,USD,true
09_amazon_payments_summary_aug2026.csv,214,AMZ-2608-000195,2026-08-11T08:00:00-04:00,2026-08-12,shipped,,USD,true
09_amazon_payments_summary_aug2026.csv,382,AMZ-2608-000196,2026-08-20T08:00:00-04:00,2026-08-21,shipped,,USD,true
09_amazon_payments_summary_aug2026.csv,448,AMZ-2608-000197,2026-08-23T08:00:00-04:00,2026-08-25,shipped,,USD,true
09_amazon_payments_summary_aug2026.csv,143,AMZ-2608-000198,2026-08-08T08:00:00-04:00,2026-08-10,shipped,,USD,true
09_amazon_payments_summary_aug2026.csv,67,AMZ-2608-000199,2026-08-04T08:00:00-04:00,2026-08-07,shipped,,USD,true
09_amazon_payments_summary_aug2026.csv,173,AMZ-2608-000200,2026-08-09T08:00:00-04:00,2026-08-10,shipped,,USD,true
09_amazon_payments_summary_aug2026.csv,348,AMZ-2608-000201,2026-08-18T08:00:00-04:00,2026-08-19,shipped,,USD,true
09_amazon_payments_summary_aug2026.csv,405,AMZ-2608-000202,2026-08-21T08:00:00-04:00,2026-08-24,shipped,,USD,true
09_amazon_payments_summary_aug2026.csv,68,AMZ-2608-000203,2026-08-04T08:00:00-04:00,2026-08-05,shipped,,USD,true
09_amazon_payments_summary_aug2026.csv,549,AMZ-2608-000204,2026-08-27T08:00:00-04:00,2026-08-31,shipped,,USD,true
09_amazon_payments_summary_aug2026.csv,550,AMZ-2608-000205,2026-08-27T08:00:00-04:00,2026-08-28,shipped,,USD,true
09_amazon_payments_summary_aug2026.csv,306,AMZ-2608-000206,2026-08-16T08:00:00-04:00,,local_pickup,,USD,true
09_amazon_payments_summary_aug2026.csv,82,AMZ-2608-000207,2026-08-05T08:00:00-04:00,2026-08-06,shipped,,USD,true
09_amazon_payments_summary_aug2026.csv,27,AMZ-2608-000208,2026-08-02T08:00:00-04:00,2026-08-05,shipped,,USD,true
09_amazon_payments_summary_aug2026.csv,593,AMZ-2608-000209,2026-08-29T08:00:00-04:00,,local_pickup,,USD,true
09_amazon_payments_summary_aug2026.csv,524,AMZ-2608-000210,2026-08-26T08:00:00-04:00,2026-08-27,shipped,,USD,true
09_amazon_payments_summary_aug2026.csv,349,AMZ-2608-000211,2026-08-18T08:00:00-04:00,,canceled_before_fulfillment,2026-08-25T21:00:00-04:00,USD,true
09_amazon_payments_summary_aug2026.csv,350,AMZ-2608-000212,2026-08-18T08:00:00-04:00,2026-08-24,shipped,,USD,true
09_amazon_payments_summary_aug2026.csv,571,AMZ-2608-000213,2026-08-28T08:00:00-04:00,2026-08-31,shipped,,USD,true
09_amazon_payments_summary_aug2026.csv,118,AMZ-2608-000214,2026-08-07T08:00:00-04:00,2026-08-10,shipped,,USD,true
09_amazon_payments_summary_aug2026.csv,325,AMZ-2608-000215,2026-08-17T08:00:00-04:00,2026-08-19,shipped,,USD,true
09_amazon_payments_summary_aug2026.csv,351,AMZ-2608-000216,2026-08-18T08:00:00-04:00,2026-08-21,shipped,,USD,true
09_amazon_payments_summary_aug2026.csv,611,AMZ-2608-000217,2026-08-30T08:00:00-04:00,2026-08-31,shipped,,USD,true
09_amazon_payments_summary_aug2026.csv,352,AMZ-2608-000218,2026-08-18T08:00:00-04:00,2026-08-19,shipped,,USD,true
09_amazon_payments_summary_aug2026.csv,245,AMZ-2608-000219,2026-08-13T08:00:00-04:00,2026-08-17,shipped,,USD,true
09_amazon_payments_summary_aug2026.csv,572,AMZ-2608-000220,2026-08-28T08:00:00-04:00,2026-08-31,shipped,,USD,true
09_amazon_payments_summary_aug2026.csv,525,AMZ-2608-000221,2026-08-26T08:00:00-04:00,2026-08-27,shipped,,USD,true
09_amazon_payments_summary_aug2026.csv,383,AMZ-2608-000222,2026-08-20T08:00:00-04:00,2026-08-24,shipped,,USD,true
09_amazon_payments_summary_aug2026.csv,174,AMZ-2608-000223,2026-08-09T08:00:00-04:00,,local_pickup,,USD,true
09_amazon_payments_summary_aug2026.csv,526,AMZ-2608-000224,2026-08-26T08:00:00-04:00,2026-08-27,shipped,,USD,true
09_amazon_payments_summary_aug2026.csv,119,AMZ-2608-000225,2026-08-07T08:00:00-04:00,2026-08-10,shipped,,USD,true
09_amazon_payments_summary_aug2026.csv,120,AMZ-2608-000226,2026-08-07T08:00:00-04:00,2026-08-11,shipped,2026-08-12T21:00:00-04:00,USD,true
09_amazon_payments_summary_aug2026.csv,201,AMZ-2608-000227,2026-08-10T08:00:00-04:00,2026-08-12,shipped,2026-08-22T21:00:00-04:00,USD,true
09_amazon_payments_summary_aug2026.csv,202,AMZ-2608-000228,2026-08-10T08:00:00-04:00,2026-08-11,shipped,2026-08-15T21:00:00-04:00,USD,true
09_amazon_payments_summary_aug2026.csv,573,AMZ-2608-000229,2026-08-28T08:00:00-04:00,,pending_fulfillment,,USD,true
09_amazon_payments_summary_aug2026.csv,493,AMZ-2608-000230,2026-08-25T08:00:00-04:00,2026-08-28,shipped,2026-08-28T21:00:00-04:00,USD,true
09_amazon_payments_summary_aug2026.csv,104,AMZ-2608-000231,2026-08-06T08:00:00-04:00,,canceled_before_fulfillment,2026-08-12T21:00:00-04:00,USD,true
09_amazon_payments_summary_aug2026.csv,28,AMZ-2608-000232,2026-08-02T08:00:00-04:00,2026-08-03,shipped,,USD,true
09_amazon_payments_summary_aug2026.csv,51,AMZ-2608-000233,2026-08-03T08:00:00-04:00,2026-08-04,shipped,,USD,true
09_amazon_payments_summary_aug2026.csv,527,AMZ-2608-000234,2026-08-26T08:00:00-04:00,2026-08-28,shipped,,USD,true
09_amazon_payments_summary_aug2026.csv,326,AMZ-2608-000235,2026-08-17T08:00:00-04:00,2026-08-18,shipped,,USD,true
09_amazon_payments_summary_aug2026.csv,292,AMZ-2608-000236,2026-08-15T08:00:00-04:00,2026-08-17,shipped,,USD,true
09_amazon_payments_summary_aug2026.csv,467,AMZ-2608-000237,2026-08-24T08:00:00-04:00,2026-08-26,shipped,,USD,true
09_amazon_payments_summary_aug2026.csv,144,AMZ-2608-000238,2026-08-08T08:00:00-04:00,2026-08-10,shipped,,USD,true
09_amazon_payments_summary_aug2026.csv,494,AMZ-2608-000239,2026-08-25T08:00:00-04:00,2026-08-27,shipped,,USD,true
09_amazon_payments_summary_aug2026.csv,7,AMZ-2608-000240,2026-08-01T08:00:00-04:00,2026-08-03,shipped,,USD,true
09_amazon_payments_summary_aug2026.csv,551,AMZ-2608-000241,2026-08-27T08:00:00-04:00,2026-08-31,shipped,,USD,true
09_amazon_payments_summary_aug2026.csv,145,AMZ-2608-000242,2026-08-08T08:00:00-04:00,2026-08-12,shipped,,USD,true
09_amazon_payments_summary_aug2026.csv,246,AMZ-2608-000243,2026-08-13T08:00:00-04:00,2026-08-14,shipped,,USD,true
09_amazon_payments_summary_aug2026.csv,612,AMZ-2608-000244,2026-08-30T08:00:00-04:00,2026-08-31,shipped,,USD,true
09_amazon_payments_summary_aug2026.csv,203,AMZ-2608-000245,2026-08-10T08:00:00-04:00,2026-08-13,shipped,,USD,true
09_amazon_payments_summary_aug2026.csv,574,AMZ-2608-000246,2026-08-28T08:00:00-04:00,2026-08-31,shipped,,USD,true
09_amazon_payments_summary_aug2026.csv,425,AMZ-2608-000247,2026-08-22T08:00:00-04:00,2026-08-24,shipped,,USD,true
09_amazon_payments_summary_aug2026.csv,327,AMZ-2608-000248,2026-08-17T08:00:00-04:00,2026-08-18,shipped,,USD,true
09_amazon_payments_summary_aug2026.csv,468,AMZ-2608-000249,2026-08-24T08:00:00-04:00,2026-08-25,shipped,,USD,true
09_amazon_payments_summary_aug2026.csv,307,AMZ-2608-000250,2026-08-16T08:00:00-04:00,2026-08-18,shipped,,USD,true
09_amazon_payments_summary_aug2026.csv,83,AMZ-2608-000251,2026-08-05T08:00:00-04:00,2026-08-06,shipped,,USD,true
09_amazon_payments_summary_aug2026.csv,369,AMZ-2608-000252,2026-08-19T08:00:00-04:00,2026-08-20,shipped,,USD,true
09_amazon_payments_summary_aug2026.csv,353,AMZ-2608-000253,2026-08-18T08:00:00-04:00,2026-08-19,shipped,,USD,true
09_amazon_payments_summary_aug2026.csv,469,AMZ-2608-000254,2026-08-24T08:00:00-04:00,2026-08-25,shipped,,USD,true
09_amazon_payments_summary_aug2026.csv,328,AMZ-2608-000255,2026-08-17T08:00:00-04:00,2026-08-18,shipped,,USD,true
09_amazon_payments_summary_aug2026.csv,528,AMZ-2608-000256,2026-08-26T08:00:00-04:00,2026-08-31,shipped,,USD,true
09_amazon_payments_summary_aug2026.csv,267,AMZ-2608-000257,2026-08-14T08:00:00-04:00,2026-08-18,shipped,,USD,true
09_amazon_payments_summary_aug2026.csv,426,AMZ-2608-000258,2026-08-22T08:00:00-04:00,2026-08-24,shipped,,USD,true
09_amazon_payments_summary_aug2026.csv,384,AMZ-2608-000259,2026-08-20T08:00:00-04:00,2026-08-21,shipped,,USD,true
09_amazon_payments_summary_aug2026.csv,594,AMZ-2608-000260,2026-08-29T08:00:00-04:00,,pending_fulfillment,,USD,true
09_amazon_payments_summary_aug2026.csv,495,AMZ-2608-000261,2026-08-25T08:00:00-04:00,2026-08-31,shipped,,USD,true
09_amazon_payments_summary_aug2026.csv,268,AMZ-2608-000262,2026-08-14T08:00:00-04:00,2026-08-18,shipped,,USD,true
09_amazon_payments_summary_aug2026.csv,84,AMZ-2608-000263,2026-08-05T08:00:00-04:00,,canceled_before_fulfillment,2026-08-14T21:00:00-04:00,USD,true
09_amazon_payments_summary_aug2026.csv,215,AMZ-2608-000264,2026-08-11T08:00:00-04:00,2026-08-12,shipped,,USD,true
09_amazon_payments_summary_aug2026.csv,354,AMZ-2608-000265,2026-08-18T08:00:00-04:00,2026-08-19,shipped,,USD,true
09_amazon_payments_summary_aug2026.csv,204,AMZ-2608-000266,2026-08-10T08:00:00-04:00,2026-08-11,shipped,,USD,true
09_amazon_payments_summary_aug2026.csv,613,AMZ-2608-000267,2026-08-30T08:00:00-04:00,2026-08-31,shipped,,USD,true
09_amazon_payments_summary_aug2026.csv,205,AMZ-2608-000268,2026-08-10T08:00:00-04:00,2026-08-11,shipped,,USD,true
09_amazon_payments_summary_aug2026.csv,552,AMZ-2608-000269,2026-08-27T08:00:00-04:00,,local_pickup,,USD,true
09_amazon_payments_summary_aug2026.csv,370,AMZ-2608-000270,2026-08-19T08:00:00-04:00,2026-08-24,shipped,,USD,true
09_amazon_payments_summary_aug2026.csv,595,AMZ-2608-000271,2026-08-29T08:00:00-04:00,2026-08-31,shipped,,USD,true
09_amazon_payments_summary_aug2026.csv,637,AMZ-2608-000272,2026-08-31T08:00:00-04:00,,pending_fulfillment,,USD,true
09_amazon_payments_summary_aug2026.csv,146,AMZ-2608-000273,2026-08-08T08:00:00-04:00,2026-08-10,shipped,,USD,true
09_amazon_payments_summary_aug2026.csv,406,AMZ-2608-000274,2026-08-21T08:00:00-04:00,2026-08-24,shipped,,USD,true
09_amazon_payments_summary_aug2026.csv,355,AMZ-2608-000275,2026-08-18T08:00:00-04:00,,local_pickup,2026-08-24T21:00:00-04:00,USD,true
09_amazon_payments_summary_aug2026.csv,206,AMZ-2608-000276,2026-08-10T08:00:00-04:00,2026-08-12,shipped,,USD,true
09_amazon_payments_summary_aug2026.csv,121,AMZ-2608-000277,2026-08-07T08:00:00-04:00,2026-08-12,shipped,,USD,true
09_amazon_payments_summary_aug2026.csv,175,AMZ-2608-000278,2026-08-09T08:00:00-04:00,2026-08-12,shipped,,USD,true
09_amazon_payments_summary_aug2026.csv,69,AMZ-2608-000279,2026-08-04T08:00:00-04:00,,canceled_before_fulfillment,2026-08-14T21:00:00-04:00,USD,true
09_amazon_payments_summary_aug2026.csv,614,AMZ-2608-000280,2026-08-30T08:00:00-04:00,,pending_fulfillment,,USD,true
09_amazon_payments_summary_aug2026.csv,427,AMZ-2608-000281,2026-08-22T08:00:00-04:00,2026-08-24,shipped,,USD,true
09_amazon_payments_summary_aug2026.csv,269,AMZ-2608-000282,2026-08-14T08:00:00-04:00,2026-08-17,shipped,,USD,true
09_amazon_payments_summary_aug2026.csv,449,AMZ-2608-000283,2026-08-23T08:00:00-04:00,2026-08-25,shipped,,USD,true
09_amazon_payments_summary_aug2026.csv,496,AMZ-2608-000284,2026-08-25T08:00:00-04:00,2026-08-26,shipped,,USD,true
09_amazon_payments_summary_aug2026.csv,385,AMZ-2608-000285,2026-08-20T08:00:00-04:00,2026-08-21,shipped,,USD,true
09_amazon_payments_summary_aug2026.csv,529,AMZ-2608-000286,2026-08-26T08:00:00-04:00,2026-08-27,shipped,,USD,true
09_amazon_payments_summary_aug2026.csv,147,AMZ-2608-000287,2026-08-08T08:00:00-04:00,,canceled_before_fulfillment,2026-08-16T21:00:00-04:00,USD,true
09_amazon_payments_summary_aug2026.csv,553,AMZ-2608-000288,2026-08-27T08:00:00-04:00,2026-08-28,shipped,,USD,true
09_amazon_payments_summary_aug2026.csv,232,AMZ-2608-000289,2026-08-12T08:00:00-04:00,2026-08-14,shipped,,USD,true
09_amazon_payments_summary_aug2026.csv,428,AMZ-2608-000290,2026-08-22T08:00:00-04:00,2026-08-24,shipped,,USD,true
09_amazon_payments_summary_aug2026.csv,371,AMZ-2608-000291,2026-08-19T08:00:00-04:00,2026-08-21,shipped,,USD,true
09_amazon_payments_summary_aug2026.csv,596,AMZ-2608-000292,2026-08-29T08:00:00-04:00,,pending_fulfillment,,USD,true
09_amazon_payments_summary_aug2026.csv,615,AMZ-2608-000293,2026-08-30T08:00:00-04:00,,pending_fulfillment,,USD,true
09_amazon_payments_summary_aug2026.csv,148,AMZ-2608-000294,2026-08-08T08:00:00-04:00,2026-08-10,shipped,,USD,true
09_amazon_payments_summary_aug2026.csv,386,AMZ-2608-000295,2026-08-20T08:00:00-04:00,2026-08-21,shipped,,USD,true
09_amazon_payments_summary_aug2026.csv,247,AMZ-2608-000296,2026-08-13T08:00:00-04:00,,local_pickup,,USD,true
09_amazon_payments_summary_aug2026.csv,470,AMZ-2608-000297,2026-08-24T08:00:00-04:00,2026-08-26,shipped,,USD,true
09_amazon_payments_summary_aug2026.csv,248,AMZ-2608-000298,2026-08-13T08:00:00-04:00,2026-08-14,shipped,,USD,true
09_amazon_payments_summary_aug2026.csv,497,AMZ-2608-000299,2026-08-25T08:00:00-04:00,,local_pickup,,USD,true
09_amazon_payments_summary_aug2026.csv,308,AMZ-2608-000300,2026-08-16T08:00:00-04:00,2026-08-19,shipped,,USD,true
09_amazon_payments_summary_aug2026.csv,616,AMZ-2608-000301,2026-08-30T08:00:00-04:00,,pending_fulfillment,,USD,true
09_amazon_payments_summary_aug2026.csv,122,AMZ-2608-000302,2026-08-07T08:00:00-04:00,2026-08-10,shipped,,USD,true
09_amazon_payments_summary_aug2026.csv,270,AMZ-2608-000303,2026-08-14T08:00:00-04:00,2026-08-17,shipped,,USD,true
09_amazon_payments_summary_aug2026.csv,8,AMZ-2608-000304,2026-08-01T08:00:00-04:00,2026-08-03,shipped,,USD,true
09_amazon_payments_summary_aug2026.csv,176,AMZ-2608-000305,2026-08-09T08:00:00-04:00,2026-08-12,shipped,,USD,true
09_amazon_payments_summary_aug2026.csv,9,AMZ-2608-000306,2026-08-01T08:00:00-04:00,2026-08-03,shipped,,USD,true
09_amazon_payments_summary_aug2026.csv,85,AMZ-2608-000307,2026-08-05T08:00:00-04:00,2026-08-10,shipped,,USD,true
09_amazon_payments_summary_aug2026.csv,293,AMZ-2608-000308,2026-08-15T08:00:00-04:00,2026-08-17,shipped,,USD,true
09_amazon_payments_summary_aug2026.csv,149,AMZ-2608-000309,2026-08-08T08:00:00-04:00,2026-08-10,shipped,,USD,true
09_amazon_payments_summary_aug2026.csv,617,AMZ-2608-000310,2026-08-30T08:00:00-04:00,2026-08-31,shipped,,USD,true
09_amazon_payments_summary_aug2026.csv,294,AMZ-2608-000311,2026-08-15T08:00:00-04:00,,local_pickup,,USD,true
09_amazon_payments_summary_aug2026.csv,554,AMZ-2608-000312,2026-08-27T08:00:00-04:00,2026-08-31,shipped,,USD,true
09_amazon_payments_summary_aug2026.csv,29,AMZ-2608-000313,2026-08-02T08:00:00-04:00,,local_pickup,,USD,true
09_amazon_payments_summary_aug2026.csv,450,AMZ-2608-000314,2026-08-23T08:00:00-04:00,2026-08-24,shipped,,USD,true
09_amazon_payments_summary_aug2026.csv,150,AMZ-2608-000315,2026-08-08T08:00:00-04:00,2026-08-11,shipped,,USD,true
09_amazon_payments_summary_aug2026.csv,429,AMZ-2608-000316,2026-08-22T08:00:00-04:00,2026-08-24,shipped,,USD,true
09_amazon_payments_summary_aug2026.csv,451,AMZ-2608-000317,2026-08-23T08:00:00-04:00,2026-08-24,shipped,,USD,true
09_amazon_payments_summary_aug2026.csv,638,AMZ-2608-000318,2026-08-31T08:00:00-04:00,,pending_fulfillment,,USD,true
09_amazon_payments_summary_aug2026.csv,555,AMZ-2608-000319,2026-08-27T08:00:00-04:00,2026-08-28,shipped,,USD,true
09_amazon_payments_summary_aug2026.csv,249,AMZ-2608-000320,2026-08-13T08:00:00-04:00,2026-08-17,shipped,2026-08-17T21:00:00-04:00,USD,true
09_amazon_payments_summary_aug2026.csv,216,AMZ-2608-000321,2026-08-11T08:00:00-04:00,2026-08-17,shipped,,USD,true
09_amazon_payments_summary_aug2026.csv,530,AMZ-2608-000322,2026-08-26T08:00:00-04:00,2026-08-27,shipped,,USD,true
09_amazon_payments_summary_aug2026.csv,105,AMZ-2608-000323,2026-08-06T08:00:00-04:00,2026-08-10,shipped,,USD,true
09_amazon_payments_summary_aug2026.csv,10,AMZ-2608-000324,2026-08-01T08:00:00-04:00,2026-08-03,shipped,,USD,true
09_amazon_payments_summary_aug2026.csv,295,AMZ-2608-000325,2026-08-15T08:00:00-04:00,2026-08-18,shipped,,USD,true
09_amazon_payments_summary_aug2026.csv,556,AMZ-2608-000326,2026-08-27T08:00:00-04:00,2026-08-31,shipped,,USD,true
09_amazon_payments_summary_aug2026.csv,639,AMZ-2608-000327,2026-08-31T08:00:00-04:00,,pending_fulfillment,,USD,true
09_amazon_payments_summary_aug2026.csv,452,AMZ-2608-000328,2026-08-23T08:00:00-04:00,2026-08-24,shipped,,USD,true
09_amazon_payments_summary_aug2026.csv,271,AMZ-2608-000329,2026-08-14T08:00:00-04:00,2026-08-17,shipped,,USD,true
09_amazon_payments_summary_aug2026.csv,329,AMZ-2608-000330,2026-08-17T08:00:00-04:00,2026-08-18,shipped,,USD,true
09_amazon_payments_summary_aug2026.csv,498,AMZ-2608-000331,2026-08-25T08:00:00-04:00,2026-08-28,shipped,,USD,true
09_amazon_payments_summary_aug2026.csv,557,AMZ-2608-000332,2026-08-27T08:00:00-04:00,2026-08-28,shipped,,USD,true
09_amazon_payments_summary_aug2026.csv,531,AMZ-2608-000333,2026-08-26T08:00:00-04:00,2026-08-31,shipped,,USD,true
09_amazon_payments_summary_aug2026.csv,250,AMZ-2608-000334,2026-08-13T08:00:00-04:00,2026-08-17,shipped,,USD,true
09_amazon_payments_summary_aug2026.csv,356,AMZ-2608-000335,2026-08-18T08:00:00-04:00,2026-08-24,shipped,,USD,true
09_amazon_payments_summary_aug2026.csv,177,AMZ-2608-000336,2026-08-09T08:00:00-04:00,2026-08-11,shipped,,USD,true
09_amazon_payments_summary_aug2026.csv,532,AMZ-2608-000337,2026-08-26T08:00:00-04:00,2026-08-28,shipped,,USD,true
09_amazon_payments_summary_aug2026.csv,471,AMZ-2608-000338,2026-08-24T08:00:00-04:00,2026-08-26,shipped,,USD,true
09_amazon_payments_summary_aug2026.csv,52,AMZ-2608-000339,2026-08-03T08:00:00-04:00,2026-08-04,shipped,,USD,true
09_amazon_payments_summary_aug2026.csv,11,AMZ-2608-000340,2026-08-01T08:00:00-04:00,2026-08-03,shipped,,USD,true
09_amazon_payments_summary_aug2026.csv,330,AMZ-2608-000341,2026-08-17T08:00:00-04:00,2026-08-19,shipped,,USD,true
09_amazon_payments_summary_aug2026.csv,387,AMZ-2608-000342,2026-08-20T08:00:00-04:00,,local_pickup,,USD,true
09_amazon_payments_summary_aug2026.csv,331,AMZ-2608-000343,2026-08-17T08:00:00-04:00,2026-08-19,shipped,,USD,true
09_amazon_payments_summary_aug2026.csv,178,AMZ-2608-000344,2026-08-09T08:00:00-04:00,2026-08-11,shipped,,USD,true
09_amazon_payments_summary_aug2026.csv,30,AMZ-2608-000345,2026-08-02T08:00:00-04:00,2026-08-03,shipped,,USD,true
09_amazon_payments_summary_aug2026.csv,151,AMZ-2608-000346,2026-08-08T08:00:00-04:00,2026-08-10,shipped,,USD,true
09_amazon_payments_summary_aug2026.csv,332,AMZ-2608-000347,2026-08-17T08:00:00-04:00,2026-08-18,shipped,,USD,true
09_amazon_payments_summary_aug2026.csv,179,AMZ-2608-000348,2026-08-09T08:00:00-04:00,2026-08-11,shipped,,USD,true
09_amazon_payments_summary_aug2026.csv,430,AMZ-2608-000349,2026-08-22T08:00:00-04:00,,local_pickup,,USD,true
09_amazon_payments_summary_aug2026.csv,431,AMZ-2608-000350,2026-08-22T08:00:00-04:00,2026-08-24,shipped,,USD,true
09_amazon_payments_summary_aug2026.csv,640,AMZ-2608-000351,2026-08-31T08:00:00-04:00,,pending_fulfillment,,USD,true
09_amazon_payments_summary_aug2026.csv,499,AMZ-2608-000352,2026-08-25T08:00:00-04:00,2026-08-26,shipped,,USD,true
09_amazon_payments_summary_aug2026.csv,251,AMZ-2608-000353,2026-08-13T08:00:00-04:00,2026-08-17,shipped,,USD,true
09_amazon_payments_summary_aug2026.csv,388,AMZ-2608-000354,2026-08-20T08:00:00-04:00,2026-08-24,shipped,,USD,true
09_amazon_payments_summary_aug2026.csv,333,AMZ-2608-000355,2026-08-17T08:00:00-04:00,,local_pickup,,USD,true
09_amazon_payments_summary_aug2026.csv,357,AMZ-2608-000356,2026-08-18T08:00:00-04:00,2026-08-19,shipped,,USD,true
09_amazon_payments_summary_aug2026.csv,432,AMZ-2608-000357,2026-08-22T08:00:00-04:00,2026-08-24,shipped,,USD,true
09_amazon_payments_summary_aug2026.csv,618,AMZ-2608-000358,2026-08-30T08:00:00-04:00,2026-08-31,shipped,,USD,true
09_amazon_payments_summary_aug2026.csv,217,AMZ-2608-000359,2026-08-11T08:00:00-04:00,2026-08-13,shipped,,USD,true
09_amazon_payments_summary_aug2026.csv,106,AMZ-2608-000360,2026-08-06T08:00:00-04:00,2026-08-11,shipped,,USD,true
09_amazon_payments_summary_aug2026.csv,597,AMZ-2608-000361,2026-08-29T08:00:00-04:00,2026-08-31,shipped,2026-08-31T21:00:00-04:00,USD,true
09_amazon_payments_summary_aug2026.csv,619,AMZ-2608-000362,2026-08-30T08:00:00-04:00,,pending_fulfillment,,USD,true
09_amazon_payments_summary_aug2026.csv,180,AMZ-2608-000363,2026-08-09T08:00:00-04:00,2026-08-11,shipped,,USD,true
09_amazon_payments_summary_aug2026.csv,152,AMZ-2608-000364,2026-08-08T08:00:00-04:00,2026-08-10,shipped,,USD,true
09_amazon_payments_summary_aug2026.csv,296,AMZ-2608-000365,2026-08-15T08:00:00-04:00,2026-08-17,shipped,,USD,true
09_amazon_payments_summary_aug2026.csv,272,AMZ-2608-000366,2026-08-14T08:00:00-04:00,2026-08-17,shipped,,USD,true
09_amazon_payments_summary_aug2026.csv,433,AMZ-2608-000367,2026-08-22T08:00:00-04:00,2026-08-24,shipped,,USD,true
09_amazon_payments_summary_aug2026.csv,252,AMZ-2608-000368,2026-08-13T08:00:00-04:00,2026-08-17,shipped,,USD,true
09_amazon_payments_summary_aug2026.csv,53,AMZ-2608-000369,2026-08-03T08:00:00-04:00,2026-08-07,shipped,,USD,true
09_amazon_payments_summary_aug2026.csv,334,AMZ-2608-000370,2026-08-17T08:00:00-04:00,2026-08-18,shipped,,USD,true
09_amazon_payments_summary_aug2026.csv,218,AMZ-2608-000371,2026-08-11T08:00:00-04:00,2026-08-12,shipped,,USD,true
09_amazon_payments_summary_aug2026.csv,273,AMZ-2608-000372,2026-08-14T08:00:00-04:00,2026-08-17,shipped,,USD,true
09_amazon_payments_summary_aug2026.csv,533,AMZ-2608-000373,2026-08-26T08:00:00-04:00,2026-08-28,shipped,,USD,true
09_amazon_payments_summary_aug2026.csv,12,AMZ-2608-000374,2026-08-01T08:00:00-04:00,2026-08-03,shipped,,USD,true
09_amazon_payments_summary_aug2026.csv,123,AMZ-2608-000375,2026-08-07T08:00:00-04:00,,local_pickup,,USD,true
09_amazon_payments_summary_aug2026.csv,219,AMZ-2608-000376,2026-08-11T08:00:00-04:00,,local_pickup,,USD,true
09_amazon_payments_summary_aug2026.csv,70,AMZ-2608-000377,2026-08-04T08:00:00-04:00,2026-08-05,shipped,,USD,true
09_amazon_payments_summary_aug2026.csv,641,AMZ-2608-000378,2026-08-31T08:00:00-04:00,,pending_fulfillment,,USD,true
09_amazon_payments_summary_aug2026.csv,153,AMZ-2608-000379,2026-08-08T08:00:00-04:00,2026-08-10,shipped,,USD,true
09_amazon_payments_summary_aug2026.csv,434,AMZ-2608-000380,2026-08-22T08:00:00-04:00,2026-08-24,shipped,,USD,true
09_amazon_payments_summary_aug2026.csv,154,AMZ-2608-000381,2026-08-08T08:00:00-04:00,2026-08-10,shipped,2026-08-15T21:00:00-04:00,USD,true
09_amazon_payments_summary_aug2026.csv,181,AMZ-2608-000382,2026-08-09T08:00:00-04:00,2026-08-12,shipped,,USD,true
09_amazon_payments_summary_aug2026.csv,642,AMZ-2608-000383,2026-08-31T08:00:00-04:00,,pending_fulfillment,,USD,true
09_amazon_payments_summary_aug2026.csv,155,AMZ-2608-000384,2026-08-08T08:00:00-04:00,2026-08-10,shipped,,USD,true
09_amazon_payments_summary_aug2026.csv,274,AMZ-2608-000385,2026-08-14T08:00:00-04:00,2026-08-17,shipped,,USD,true
09_amazon_payments_summary_aug2026.csv,156,AMZ-2608-000386,2026-08-08T08:00:00-04:00,2026-08-10,shipped,,USD,true
09_amazon_payments_summary_aug2026.csv,575,AMZ-2608-000387,2026-08-28T08:00:00-04:00,2026-08-31,shipped,,USD,true
09_amazon_payments_summary_aug2026.csv,86,AMZ-2608-000388,2026-08-05T08:00:00-04:00,2026-08-10,shipped,,USD,true
09_amazon_payments_summary_aug2026.csv,576,AMZ-2608-000389,2026-08-28T08:00:00-04:00,2026-08-31,shipped,,USD,true
09_amazon_payments_summary_aug2026.csv,453,AMZ-2608-000390,2026-08-23T08:00:00-04:00,2026-08-24,shipped,,USD,true
09_amazon_payments_summary_aug2026.csv,124,AMZ-2608-000391,2026-08-07T08:00:00-04:00,2026-08-10,shipped,,USD,true
09_amazon_payments_summary_aug2026.csv,182,AMZ-2608-000392,2026-08-09T08:00:00-04:00,2026-08-11,shipped,,USD,true
09_amazon_payments_summary_aug2026.csv,500,AMZ-2608-000393,2026-08-25T08:00:00-04:00,2026-08-26,shipped,,USD,true
09_amazon_payments_summary_aug2026.csv,534,AMZ-2608-000394,2026-08-26T08:00:00-04:00,2026-08-27,shipped,,USD,true
09_amazon_payments_summary_aug2026.csv,87,AMZ-2608-000395,2026-08-05T08:00:00-04:00,2026-08-06,shipped,,USD,true
09_amazon_payments_summary_aug2026.csv,501,AMZ-2608-000396,2026-08-25T08:00:00-04:00,2026-08-27,shipped,,USD,true
09_amazon_payments_summary_aug2026.csv,407,AMZ-2608-000397,2026-08-21T08:00:00-04:00,2026-08-24,shipped,,USD,true
09_amazon_payments_summary_aug2026.csv,183,AMZ-2608-000398,2026-08-09T08:00:00-04:00,2026-08-10,shipped,,USD,true
09_amazon_payments_summary_aug2026.csv,335,AMZ-2608-000399,2026-08-17T08:00:00-04:00,2026-08-20,shipped,,USD,true
09_amazon_payments_summary_aug2026.csv,107,AMZ-2608-000400,2026-08-06T08:00:00-04:00,2026-08-07,shipped,,USD,true
09_amazon_payments_summary_aug2026.csv,31,AMZ-2608-000401,2026-08-02T08:00:00-04:00,2026-08-03,shipped,,USD,true
09_amazon_payments_summary_aug2026.csv,435,AMZ-2608-000402,2026-08-22T08:00:00-04:00,2026-08-24,shipped,,USD,true
09_amazon_payments_summary_aug2026.csv,54,AMZ-2608-000403,2026-08-03T08:00:00-04:00,2026-08-05,shipped,,USD,true
09_amazon_payments_summary_aug2026.csv,184,AMZ-2608-000404,2026-08-09T08:00:00-04:00,2026-08-14,shipped,,USD,true
09_amazon_payments_summary_aug2026.csv,88,AMZ-2608-000405,2026-08-05T08:00:00-04:00,2026-08-10,shipped,,USD,true
09_amazon_payments_summary_aug2026.csv,643,AMZ-2608-000406,2026-08-31T08:00:00-04:00,,pending_fulfillment,,USD,true
09_amazon_payments_summary_aug2026.csv,620,AMZ-2608-000407,2026-08-30T08:00:00-04:00,,pending_fulfillment,,USD,true
09_amazon_payments_summary_aug2026.csv,454,AMZ-2608-000408,2026-08-23T08:00:00-04:00,2026-08-27,shipped,,USD,true
09_amazon_payments_summary_aug2026.csv,71,AMZ-2608-000409,2026-08-04T08:00:00-04:00,2026-08-05,shipped,,USD,true
09_amazon_payments_summary_aug2026.csv,157,AMZ-2608-000410,2026-08-08T08:00:00-04:00,2026-08-12,shipped,,USD,true
09_amazon_payments_summary_aug2026.csv,185,AMZ-2608-000411,2026-08-09T08:00:00-04:00,2026-08-10,shipped,2026-08-11T21:00:00-04:00,USD,true
09_amazon_payments_summary_aug2026.csv,358,AMZ-2608-000412,2026-08-18T08:00:00-04:00,2026-08-24,shipped,,USD,true
09_amazon_payments_summary_aug2026.csv,455,AMZ-2608-000413,2026-08-23T08:00:00-04:00,2026-08-25,shipped,,USD,true
09_amazon_payments_summary_aug2026.csv,55,AMZ-2608-000414,2026-08-03T08:00:00-04:00,2026-08-05,shipped,,USD,true
09_amazon_payments_summary_aug2026.csv,472,AMZ-2608-000415,2026-08-24T08:00:00-04:00,2026-08-31,shipped,,USD,true
09_amazon_payments_summary_aug2026.csv,359,AMZ-2608-000416,2026-08-18T08:00:00-04:00,2026-08-20,shipped,,USD,true
09_amazon_payments_summary_aug2026.csv,336,AMZ-2608-000417,2026-08-17T08:00:00-04:00,2026-08-18,shipped,,USD,true
09_amazon_payments_summary_aug2026.csv,89,AMZ-2608-000418,2026-08-05T08:00:00-04:00,2026-08-06,shipped,,USD,true
09_amazon_payments_summary_aug2026.csv,220,AMZ-2608-000419,2026-08-11T08:00:00-04:00,2026-08-17,shipped,,USD,true
09_amazon_payments_summary_aug2026.csv,309,AMZ-2608-000420,2026-08-16T08:00:00-04:00,2026-08-20,shipped,,USD,true
09_amazon_payments_summary_aug2026.csv,108,AMZ-2608-000421,2026-08-06T08:00:00-04:00,2026-08-07,shipped,,USD,true
09_amazon_payments_summary_aug2026.csv,436,AMZ-2608-000422,2026-08-22T08:00:00-04:00,2026-08-24,shipped,,USD,true
09_amazon_payments_summary_aug2026.csv,473,AMZ-2608-000423,2026-08-24T08:00:00-04:00,2026-08-25,shipped,,USD,true
09_amazon_payments_summary_aug2026.csv,437,AMZ-2608-000424,2026-08-22T08:00:00-04:00,2026-08-24,shipped,,USD,true
09_amazon_payments_summary_aug2026.csv,621,AMZ-2608-000425,2026-08-30T08:00:00-04:00,2026-08-31,shipped,,USD,true
09_amazon_payments_summary_aug2026.csv,297,AMZ-2608-000426,2026-08-15T08:00:00-04:00,2026-08-18,shipped,,USD,true
09_amazon_payments_summary_aug2026.csv,72,AMZ-2608-000427,2026-08-04T08:00:00-04:00,,local_pickup,,USD,true
09_amazon_payments_summary_aug2026.csv,622,AMZ-2608-000428,2026-08-30T08:00:00-04:00,,pending_fulfillment,,USD,true
09_amazon_payments_summary_aug2026.csv,73,AMZ-2608-000429,2026-08-04T08:00:00-04:00,,local_pickup,,USD,true
09_amazon_payments_summary_aug2026.csv,535,AMZ-2608-000430,2026-08-26T08:00:00-04:00,2026-08-27,shipped,,USD,true
09_amazon_payments_summary_aug2026.csv,109,AMZ-2608-000431,2026-08-06T08:00:00-04:00,2026-08-07,shipped,,USD,true
09_amazon_payments_summary_aug2026.csv,502,AMZ-2608-000432,2026-08-25T08:00:00-04:00,2026-08-28,shipped,,USD,true
09_amazon_payments_summary_aug2026.csv,456,AMZ-2608-000433,2026-08-23T08:00:00-04:00,2026-08-24,shipped,,USD,true
09_amazon_payments_summary_aug2026.csv,298,AMZ-2608-000434,2026-08-15T08:00:00-04:00,2026-08-17,shipped,,USD,true
09_amazon_payments_summary_aug2026.csv,474,AMZ-2608-000435,2026-08-24T08:00:00-04:00,2026-08-26,shipped,,USD,true
09_amazon_payments_summary_aug2026.csv,186,AMZ-2608-000436,2026-08-09T08:00:00-04:00,2026-08-11,shipped,,USD,true
09_amazon_payments_summary_aug2026.csv,598,AMZ-2608-000437,2026-08-29T08:00:00-04:00,,pending_fulfillment,,USD,true
09_amazon_payments_summary_aug2026.csv,74,AMZ-2608-000438,2026-08-04T08:00:00-04:00,2026-08-07,shipped,,USD,true
09_amazon_payments_summary_aug2026.csv,503,AMZ-2608-000439,2026-08-25T08:00:00-04:00,2026-08-27,shipped,,USD,true
09_amazon_payments_summary_aug2026.csv,221,AMZ-2608-000440,2026-08-11T08:00:00-04:00,2026-08-12,shipped,2026-08-17T21:00:00-04:00,USD,true
09_amazon_payments_summary_aug2026.csv,187,AMZ-2608-000441,2026-08-09T08:00:00-04:00,2026-08-11,shipped,,USD,true
09_amazon_payments_summary_aug2026.csv,558,AMZ-2608-000442,2026-08-27T08:00:00-04:00,,canceled_before_fulfillment,2026-08-29T21:00:00-04:00,USD,true
09_amazon_payments_summary_aug2026.csv,13,AMZ-2608-000443,2026-08-01T08:00:00-04:00,2026-08-03,shipped,,USD,true
09_amazon_payments_summary_aug2026.csv,110,AMZ-2608-000444,2026-08-06T08:00:00-04:00,2026-08-10,shipped,,USD,true
09_amazon_payments_summary_aug2026.csv,233,AMZ-2608-000445,2026-08-12T08:00:00-04:00,2026-08-13,shipped,2026-08-17T21:00:00-04:00,USD,true
09_amazon_payments_summary_aug2026.csv,275,AMZ-2608-000446,2026-08-14T08:00:00-04:00,2026-08-17,shipped,,USD,true
09_amazon_payments_summary_aug2026.csv,276,AMZ-2608-000447,2026-08-14T08:00:00-04:00,2026-08-17,shipped,,USD,true
09_amazon_payments_summary_aug2026.csv,577,AMZ-2608-000448,2026-08-28T08:00:00-04:00,2026-08-31,shipped,,USD,true
09_amazon_payments_summary_aug2026.csv,623,AMZ-2608-000449,2026-08-30T08:00:00-04:00,2026-08-31,shipped,,USD,true
09_amazon_payments_summary_aug2026.csv,536,AMZ-2608-000450,2026-08-26T08:00:00-04:00,2026-08-31,shipped,,USD,true
09_amazon_payments_summary_aug2026.csv,310,AMZ-2608-000451,2026-08-16T08:00:00-04:00,2026-08-17,shipped,,USD,true
09_amazon_payments_summary_aug2026.csv,372,AMZ-2608-000452,2026-08-19T08:00:00-04:00,2026-08-21,shipped,,USD,true
09_amazon_payments_summary_aug2026.csv,644,AMZ-2608-000453,2026-08-31T08:00:00-04:00,,pending_fulfillment,,USD,true
09_amazon_payments_summary_aug2026.csv,75,AMZ-2608-000454,2026-08-04T08:00:00-04:00,2026-08-07,shipped,,USD,true
09_amazon_payments_summary_aug2026.csv,14,AMZ-2608-000455,2026-08-01T08:00:00-04:00,2026-08-03,shipped,,USD,true
09_amazon_payments_summary_aug2026.csv,56,AMZ-2608-000456,2026-08-03T08:00:00-04:00,2026-08-04,shipped,,USD,true
09_amazon_payments_summary_aug2026.csv,90,AMZ-2608-000457,2026-08-05T08:00:00-04:00,2026-08-06,shipped,,USD,true
09_amazon_payments_summary_aug2026.csv,253,AMZ-2608-000458,2026-08-13T08:00:00-04:00,2026-08-14,shipped,,USD,true
09_amazon_payments_summary_aug2026.csv,389,AMZ-2608-000459,2026-08-20T08:00:00-04:00,2026-08-21,shipped,,USD,true
09_amazon_payments_summary_aug2026.csv,311,AMZ-2608-000460,2026-08-16T08:00:00-04:00,2026-08-17,shipped,,USD,true
09_amazon_payments_summary_aug2026.csv,32,AMZ-2608-000461,2026-08-02T08:00:00-04:00,2026-08-04,shipped,,USD,true
09_amazon_payments_summary_aug2026.csv,360,AMZ-2608-000462,2026-08-18T08:00:00-04:00,2026-08-19,shipped,,USD,true
09_amazon_payments_summary_aug2026.csv,277,AMZ-2608-000463,2026-08-14T08:00:00-04:00,2026-08-17,shipped,,USD,true
09_amazon_payments_summary_aug2026.csv,91,AMZ-2608-000464,2026-08-05T08:00:00-04:00,2026-08-06,shipped,,USD,true
09_amazon_payments_summary_aug2026.csv,457,AMZ-2608-000465,2026-08-23T08:00:00-04:00,2026-08-26,shipped,,USD,true
09_amazon_payments_summary_aug2026.csv,361,AMZ-2608-000466,2026-08-18T08:00:00-04:00,2026-08-19,shipped,,USD,true
09_amazon_payments_summary_aug2026.csv,504,AMZ-2608-000467,2026-08-25T08:00:00-04:00,2026-08-28,shipped,,USD,true
09_amazon_payments_summary_aug2026.csv,645,AMZ-2608-000468,2026-08-31T08:00:00-04:00,,pending_fulfillment,,USD,true
09_amazon_payments_summary_aug2026.csv,33,AMZ-2608-000469,2026-08-02T08:00:00-04:00,2026-08-03,shipped,,USD,true
09_amazon_payments_summary_aug2026.csv,278,AMZ-2608-000470,2026-08-14T08:00:00-04:00,2026-08-17,shipped,,USD,true
09_amazon_payments_summary_aug2026.csv,158,AMZ-2608-000471,2026-08-08T08:00:00-04:00,2026-08-11,shipped,,USD,true
09_amazon_payments_summary_aug2026.csv,537,AMZ-2608-000472,2026-08-26T08:00:00-04:00,2026-08-31,shipped,,USD,true
09_amazon_payments_summary_aug2026.csv,76,AMZ-2608-000473,2026-08-04T08:00:00-04:00,2026-08-07,shipped,,USD,true
09_amazon_payments_summary_aug2026.csv,57,AMZ-2608-000474,2026-08-03T08:00:00-04:00,2026-08-05,shipped,2026-08-09T21:00:00-04:00,USD,true
09_amazon_payments_summary_aug2026.csv,599,AMZ-2608-000475,2026-08-29T08:00:00-04:00,,pending_fulfillment,,USD,true
09_amazon_payments_summary_aug2026.csv,390,AMZ-2608-000476,2026-08-20T08:00:00-04:00,2026-08-21,shipped,,USD,true
09_amazon_payments_summary_aug2026.csv,188,AMZ-2608-000477,2026-08-09T08:00:00-04:00,2026-08-10,shipped,,USD,true
09_amazon_payments_summary_aug2026.csv,159,AMZ-2608-000478,2026-08-08T08:00:00-04:00,2026-08-10,shipped,,USD,true
09_amazon_payments_summary_aug2026.csv,578,AMZ-2608-000479,2026-08-28T08:00:00-04:00,,pending_fulfillment,,USD,true
09_amazon_payments_summary_aug2026.csv,559,AMZ-2608-000480,2026-08-27T08:00:00-04:00,2026-08-31,shipped,,USD,true
09_amazon_payments_summary_aug2026.csv,624,AMZ-2608-000481,2026-08-30T08:00:00-04:00,,pending_fulfillment,,USD,true
09_amazon_payments_summary_aug2026.csv,299,AMZ-2608-000482,2026-08-15T08:00:00-04:00,2026-08-17,shipped,,USD,true
09_amazon_payments_summary_aug2026.csv,391,AMZ-2608-000483,2026-08-20T08:00:00-04:00,2026-08-24,shipped,,USD,true
09_amazon_payments_summary_aug2026.csv,505,AMZ-2608-000484,2026-08-25T08:00:00-04:00,2026-08-31,shipped,,USD,true
09_amazon_payments_summary_aug2026.csv,222,AMZ-2608-000485,2026-08-11T08:00:00-04:00,2026-08-12,shipped,,USD,true
09_amazon_payments_summary_aug2026.csv,408,AMZ-2608-000486,2026-08-21T08:00:00-04:00,2026-08-24,shipped,,USD,true
09_amazon_payments_summary_aug2026.csv,625,AMZ-2608-000487,2026-08-30T08:00:00-04:00,2026-08-31,shipped,,USD,true
09_amazon_payments_summary_aug2026.csv,34,AMZ-2608-000488,2026-08-02T08:00:00-04:00,2026-08-04,shipped,,USD,true
09_amazon_payments_summary_aug2026.csv,92,AMZ-2608-000489,2026-08-05T08:00:00-04:00,2026-08-10,shipped,,USD,true
09_amazon_payments_summary_aug2026.csv,93,AMZ-2608-000490,2026-08-05T08:00:00-04:00,2026-08-06,shipped,,USD,true
09_amazon_payments_summary_aug2026.csv,646,AMZ-2608-000491,2026-08-31T08:00:00-04:00,,pending_fulfillment,,USD,true
09_amazon_payments_summary_aug2026.csv,111,AMZ-2608-000492,2026-08-06T08:00:00-04:00,,local_pickup,,USD,true
09_amazon_payments_summary_aug2026.csv,538,AMZ-2608-000493,2026-08-26T08:00:00-04:00,2026-08-31,shipped,,USD,true
09_amazon_payments_summary_aug2026.csv,506,AMZ-2608-000494,2026-08-25T08:00:00-04:00,,local_pickup,,USD,true
09_amazon_payments_summary_aug2026.csv,579,AMZ-2608-000495,2026-08-28T08:00:00-04:00,2026-08-31,shipped,,USD,true
09_amazon_payments_summary_aug2026.csv,600,AMZ-2608-000496,2026-08-29T08:00:00-04:00,,pending_fulfillment,,USD,true
09_amazon_payments_summary_aug2026.csv,647,AMZ-2608-000497,2026-08-31T08:00:00-04:00,,pending_fulfillment,,USD,true
09_amazon_payments_summary_aug2026.csv,601,AMZ-2608-000498,2026-08-29T08:00:00-04:00,2026-08-31,shipped,,USD,true
09_amazon_payments_summary_aug2026.csv,409,AMZ-2608-000499,2026-08-21T08:00:00-04:00,2026-08-24,shipped,,USD,true
09_amazon_payments_summary_aug2026.csv,475,AMZ-2608-000500,2026-08-24T08:00:00-04:00,2026-08-25,shipped,,USD,true
09_amazon_payments_summary_aug2026.csv,410,AMZ-2608-000501,2026-08-21T08:00:00-04:00,2026-08-24,shipped,,USD,true
09_amazon_payments_summary_aug2026.csv,373,AMZ-2608-000502,2026-08-19T08:00:00-04:00,2026-08-21,shipped,,USD,true
09_amazon_payments_summary_aug2026.csv,626,AMZ-2608-000503,2026-08-30T08:00:00-04:00,,pending_fulfillment,,USD,true
09_amazon_payments_summary_aug2026.csv,15,AMZ-2608-000504,2026-08-01T08:00:00-04:00,2026-08-03,shipped,,USD,true
09_amazon_payments_summary_aug2026.csv,337,AMZ-2608-000505,2026-08-17T08:00:00-04:00,2026-08-18,shipped,,USD,true
09_amazon_payments_summary_aug2026.csv,476,AMZ-2608-000506,2026-08-24T08:00:00-04:00,2026-08-27,shipped,,USD,true
09_amazon_payments_summary_aug2026.csv,507,AMZ-2608-000507,2026-08-25T08:00:00-04:00,2026-08-27,shipped,,USD,true
09_amazon_payments_summary_aug2026.csv,234,AMZ-2608-000508,2026-08-12T08:00:00-04:00,2026-08-13,shipped,,USD,true
09_amazon_payments_summary_aug2026.csv,392,AMZ-2608-000509,2026-08-20T08:00:00-04:00,2026-08-21,shipped,,USD,true
09_amazon_payments_summary_aug2026.csv,300,AMZ-2608-000510,2026-08-15T08:00:00-04:00,2026-08-17,shipped,,USD,true
09_amazon_payments_summary_aug2026.csv,580,AMZ-2608-000511,2026-08-28T08:00:00-04:00,2026-08-31,shipped,,USD,true
09_amazon_payments_summary_aug2026.csv,581,AMZ-2608-000512,2026-08-28T08:00:00-04:00,2026-08-31,shipped,,USD,true
09_amazon_payments_summary_aug2026.csv,560,AMZ-2608-000513,2026-08-27T08:00:00-04:00,2026-08-31,shipped,,USD,true
09_amazon_payments_summary_aug2026.csv,602,AMZ-2608-000514,2026-08-29T08:00:00-04:00,2026-08-31,shipped,,USD,true
09_amazon_payments_summary_aug2026.csv,312,AMZ-2608-000515,2026-08-16T08:00:00-04:00,2026-08-18,shipped,,USD,true
09_amazon_payments_summary_aug2026.csv,411,AMZ-2608-000516,2026-08-21T08:00:00-04:00,2026-08-24,shipped,,USD,true
09_amazon_payments_summary_aug2026.csv,58,AMZ-2608-000517,2026-08-03T08:00:00-04:00,2026-08-04,shipped,,USD,true
09_amazon_payments_summary_aug2026.csv,235,AMZ-2608-000518,2026-08-12T08:00:00-04:00,2026-08-13,shipped,,USD,true
09_amazon_payments_summary_aug2026.csv,254,AMZ-2608-000519,2026-08-13T08:00:00-04:00,2026-08-14,shipped,,USD,true
09_amazon_payments_summary_aug2026.csv,508,AMZ-2608-000520,2026-08-25T08:00:00-04:00,2026-08-27,shipped,,USD,true
09_amazon_payments_summary_aug2026.csv,648,AMZ-2608-000521,2026-08-31T08:00:00-04:00,,pending_fulfillment,,USD,true
09_amazon_payments_summary_aug2026.csv,189,AMZ-2608-000522,2026-08-09T08:00:00-04:00,2026-08-10,shipped,,USD,true
09_amazon_payments_summary_aug2026.csv,338,AMZ-2608-000523,2026-08-17T08:00:00-04:00,2026-08-18,shipped,,USD,true
09_amazon_payments_summary_aug2026.csv,603,AMZ-2608-000524,2026-08-29T08:00:00-04:00,2026-08-31,shipped,2026-08-31T21:00:00-04:00,USD,true
09_amazon_payments_summary_aug2026.csv,393,AMZ-2608-000525,2026-08-20T08:00:00-04:00,2026-08-21,shipped,,USD,true
09_amazon_payments_summary_aug2026.csv,160,AMZ-2608-000526,2026-08-08T08:00:00-04:00,2026-08-11,shipped,,USD,true
09_amazon_payments_summary_aug2026.csv,190,AMZ-2608-000527,2026-08-09T08:00:00-04:00,2026-08-11,shipped,,USD,true
09_amazon_payments_summary_aug2026.csv,35,AMZ-2608-000528,2026-08-02T08:00:00-04:00,2026-08-04,shipped,,USD,true
09_amazon_payments_summary_aug2026.csv,627,AMZ-2608-000529,2026-08-30T08:00:00-04:00,2026-08-31,shipped,,USD,true
09_amazon_payments_summary_aug2026.csv,561,AMZ-2608-000530,2026-08-27T08:00:00-04:00,2026-08-31,shipped,,USD,true
09_amazon_payments_summary_aug2026.csv,125,AMZ-2608-000531,2026-08-07T08:00:00-04:00,2026-08-10,shipped,,USD,true
09_amazon_payments_summary_aug2026.csv,36,AMZ-2608-000532,2026-08-02T08:00:00-04:00,2026-08-04,shipped,,USD,true
09_amazon_payments_summary_aug2026.csv,412,AMZ-2608-000533,2026-08-21T08:00:00-04:00,2026-08-24,shipped,2026-08-24T21:00:00-04:00,USD,true
09_amazon_payments_summary_aug2026.csv,191,AMZ-2608-000534,2026-08-09T08:00:00-04:00,2026-08-11,shipped,,USD,true
09_amazon_payments_summary_aug2026.csv,413,AMZ-2608-000535,2026-08-21T08:00:00-04:00,2026-08-24,shipped,,USD,true
09_amazon_payments_summary_aug2026.csv,279,AMZ-2608-000536,2026-08-14T08:00:00-04:00,2026-08-17,shipped,,USD,true
09_amazon_payments_summary_aug2026.csv,223,AMZ-2608-000537,2026-08-11T08:00:00-04:00,2026-08-13,shipped,2026-08-18T21:00:00-04:00,USD,true
09_amazon_payments_summary_aug2026.csv,374,AMZ-2608-000538,2026-08-19T08:00:00-04:00,2026-08-24,shipped,,USD,true
09_amazon_payments_summary_aug2026.csv,509,AMZ-2608-000539,2026-08-25T08:00:00-04:00,2026-08-26,shipped,,USD,true
09_amazon_payments_summary_aug2026.csv,362,AMZ-2608-000540,2026-08-18T08:00:00-04:00,2026-08-20,shipped,,USD,true
09_amazon_payments_summary_aug2026.csv,161,AMZ-2608-000541,2026-08-08T08:00:00-04:00,2026-08-10,shipped,,USD,true
09_amazon_payments_summary_aug2026.csv,649,AMZ-2608-000542,2026-08-31T08:00:00-04:00,,pending_fulfillment,,USD,true
09_amazon_payments_summary_aug2026.csv,207,AMZ-2608-000543,2026-08-10T08:00:00-04:00,2026-08-11,shipped,,USD,true
09_amazon_payments_summary_aug2026.csv,112,AMZ-2608-000544,2026-08-06T08:00:00-04:00,2026-08-10,shipped,,USD,true
09_amazon_payments_summary_aug2026.csv,313,AMZ-2608-000545,2026-08-16T08:00:00-04:00,2026-08-18,shipped,,USD,true
09_amazon_payments_summary_aug2026.csv,126,AMZ-2608-000546,2026-08-07T08:00:00-04:00,2026-08-10,shipped,,USD,true
09_amazon_payments_summary_aug2026.csv,394,AMZ-2608-000547,2026-08-20T08:00:00-04:00,2026-08-24,shipped,,USD,true
09_amazon_payments_summary_aug2026.csv,582,AMZ-2608-000548,2026-08-28T08:00:00-04:00,2026-08-31,shipped,,USD,true
09_amazon_payments_summary_aug2026.csv,94,AMZ-2608-000549,2026-08-05T08:00:00-04:00,2026-08-10,shipped,,USD,true
09_amazon_payments_summary_aug2026.csv,314,AMZ-2608-000550,2026-08-16T08:00:00-04:00,2026-08-18,shipped,,USD,true
09_amazon_payments_summary_aug2026.csv,458,AMZ-2608-000551,2026-08-23T08:00:00-04:00,2026-08-26,shipped,,USD,true
09_amazon_payments_summary_aug2026.csv,162,AMZ-2608-000552,2026-08-08T08:00:00-04:00,2026-08-10,shipped,,USD,true
09_amazon_payments_summary_aug2026.csv,280,AMZ-2608-000553,2026-08-14T08:00:00-04:00,2026-08-17,shipped,,USD,true
09_amazon_payments_summary_aug2026.csv,438,AMZ-2608-000554,2026-08-22T08:00:00-04:00,,local_pickup,,USD,true
09_amazon_payments_summary_aug2026.csv,255,AMZ-2608-000555,2026-08-13T08:00:00-04:00,2026-08-17,shipped,,USD,true
09_amazon_payments_summary_aug2026.csv,459,AMZ-2608-000556,2026-08-23T08:00:00-04:00,2026-08-25,shipped,,USD,true
09_amazon_payments_summary_aug2026.csv,127,AMZ-2608-000557,2026-08-07T08:00:00-04:00,2026-08-11,shipped,,USD,true
09_amazon_payments_summary_aug2026.csv,628,AMZ-2608-000558,2026-08-30T08:00:00-04:00,2026-08-31,shipped,,USD,true
09_amazon_payments_summary_aug2026.csv,163,AMZ-2608-000559,2026-08-08T08:00:00-04:00,2026-08-10,shipped,,USD,true
09_amazon_payments_summary_aug2026.csv,281,AMZ-2608-000560,2026-08-14T08:00:00-04:00,2026-08-18,shipped,,USD,true
09_amazon_payments_summary_aug2026.csv,650,AMZ-2608-000561,2026-08-31T08:00:00-04:00,,pending_fulfillment,,USD,true
09_amazon_payments_summary_aug2026.csv,629,AMZ-2608-000562,2026-08-30T08:00:00-04:00,,canceled_before_fulfillment,2026-08-31T21:00:00-04:00,USD,true
09_amazon_payments_summary_aug2026.csv,128,AMZ-2608-000563,2026-08-07T08:00:00-04:00,2026-08-10,shipped,,USD,true
09_amazon_payments_summary_aug2026.csv,129,AMZ-2608-000564,2026-08-07T08:00:00-04:00,2026-08-10,shipped,,USD,true
09_amazon_payments_summary_aug2026.csv,539,AMZ-2608-000565,2026-08-26T08:00:00-04:00,2026-08-31,shipped,,USD,true
09_amazon_payments_summary_aug2026.csv,59,AMZ-2608-000566,2026-08-03T08:00:00-04:00,2026-08-05,shipped,,USD,true
09_amazon_payments_summary_aug2026.csv,510,AMZ-2608-000567,2026-08-25T08:00:00-04:00,2026-08-26,shipped,,USD,true
09_amazon_payments_summary_aug2026.csv,16,AMZ-2608-000568,2026-08-01T08:00:00-04:00,2026-08-04,shipped,,USD,true
09_amazon_payments_summary_aug2026.csv,540,AMZ-2608-000569,2026-08-26T08:00:00-04:00,2026-08-27,shipped,,USD,true
09_amazon_payments_summary_aug2026.csv,192,AMZ-2608-000570,2026-08-09T08:00:00-04:00,2026-08-11,shipped,,USD,true
09_amazon_payments_summary_aug2026.csv,17,AMZ-2608-000571,2026-08-01T08:00:00-04:00,2026-08-03,shipped,,USD,true
09_amazon_payments_summary_aug2026.csv,460,AMZ-2608-000572,2026-08-23T08:00:00-04:00,2026-08-26,shipped,,USD,true
09_amazon_payments_summary_aug2026.csv,630,AMZ-2608-000573,2026-08-30T08:00:00-04:00,2026-08-31,shipped,,USD,true
09_amazon_payments_summary_aug2026.csv,130,AMZ-2608-000574,2026-08-07T08:00:00-04:00,2026-08-10,shipped,,USD,true
09_amazon_payments_summary_aug2026.csv,583,AMZ-2608-000575,2026-08-28T08:00:00-04:00,2026-08-31,shipped,,USD,true
09_amazon_payments_summary_aug2026.csv,164,AMZ-2608-000576,2026-08-08T08:00:00-04:00,2026-08-10,shipped,,USD,true
09_amazon_payments_summary_aug2026.csv,395,AMZ-2608-000577,2026-08-20T08:00:00-04:00,2026-08-24,shipped,,USD,true
09_amazon_payments_summary_aug2026.csv,208,AMZ-2608-000578,2026-08-10T08:00:00-04:00,2026-08-12,shipped,2026-08-13T21:00:00-04:00,USD,true
09_amazon_payments_summary_aug2026.csv,541,AMZ-2608-000579,2026-08-26T08:00:00-04:00,2026-08-28,shipped,,USD,true
09_amazon_payments_summary_aug2026.csv,37,AMZ-2608-000580,2026-08-02T08:00:00-04:00,2026-08-04,shipped,,USD,true
09_amazon_payments_summary_aug2026.csv,165,AMZ-2608-000581,2026-08-08T08:00:00-04:00,2026-08-10,shipped,,USD,true
09_amazon_payments_summary_aug2026.csv,477,AMZ-2608-000582,2026-08-24T08:00:00-04:00,2026-08-25,shipped,,USD,true
09_amazon_payments_summary_aug2026.csv,166,AMZ-2608-000583,2026-08-08T08:00:00-04:00,,local_pickup,,USD,true
09_amazon_payments_summary_aug2026.csv,282,AMZ-2608-000584,2026-08-14T08:00:00-04:00,2026-08-17,shipped,,USD,true
09_amazon_payments_summary_aug2026.csv,542,AMZ-2608-000585,2026-08-26T08:00:00-04:00,2026-08-27,shipped,,USD,true
09_amazon_payments_summary_aug2026.csv,604,AMZ-2608-000586,2026-08-29T08:00:00-04:00,2026-08-31,shipped,,USD,true
09_amazon_payments_summary_aug2026.csv,38,AMZ-2608-000587,2026-08-02T08:00:00-04:00,2026-08-03,shipped,,USD,true
09_amazon_payments_summary_aug2026.csv,236,AMZ-2608-000588,2026-08-12T08:00:00-04:00,2026-08-14,shipped,,USD,true
09_amazon_payments_summary_aug2026.csv,113,AMZ-2608-000589,2026-08-06T08:00:00-04:00,2026-08-07,shipped,,USD,true
09_amazon_payments_summary_aug2026.csv,414,AMZ-2608-000590,2026-08-21T08:00:00-04:00,2026-08-24,shipped,,USD,true
09_amazon_payments_summary_aug2026.csv,461,AMZ-2608-000591,2026-08-23T08:00:00-04:00,2026-08-24,shipped,,USD,true
09_amazon_payments_summary_aug2026.csv,363,AMZ-2608-000592,2026-08-18T08:00:00-04:00,2026-08-21,shipped,,USD,true
09_amazon_payments_summary_aug2026.csv,478,AMZ-2608-000593,2026-08-24T08:00:00-04:00,2026-08-27,shipped,,USD,true
09_amazon_payments_summary_aug2026.csv,543,AMZ-2608-000594,2026-08-26T08:00:00-04:00,2026-08-27,shipped,2026-08-29T21:00:00-04:00,USD,true
09_amazon_payments_summary_aug2026.csv,562,AMZ-2608-000595,2026-08-27T08:00:00-04:00,2026-08-31,shipped,,USD,true
09_amazon_payments_summary_aug2026.csv,209,AMZ-2608-000596,2026-08-10T08:00:00-04:00,2026-08-12,shipped,,USD,true
09_amazon_payments_summary_aug2026.csv,631,AMZ-2608-000597,2026-08-30T08:00:00-04:00,2026-08-31,shipped,,USD,true
09_amazon_payments_summary_aug2026.csv,39,AMZ-2608-000598,2026-08-02T08:00:00-04:00,2026-08-03,shipped,,USD,true
09_amazon_payments_summary_aug2026.csv,60,AMZ-2608-000599,2026-08-03T08:00:00-04:00,2026-08-05,shipped,,USD,true
09_amazon_payments_summary_aug2026.csv,511,AMZ-2608-000600,2026-08-25T08:00:00-04:00,2026-08-27,shipped,,USD,true
09_amazon_payments_summary_aug2026.csv,544,AMZ-2608-000601,2026-08-26T08:00:00-04:00,2026-08-27,shipped,,USD,true
09_amazon_payments_summary_aug2026.csv,584,AMZ-2608-000602,2026-08-28T08:00:00-04:00,2026-08-31,shipped,,USD,true
09_amazon_payments_summary_aug2026.csv,415,AMZ-2608-000603,2026-08-21T08:00:00-04:00,2026-08-24,shipped,,USD,true
09_amazon_payments_summary_aug2026.csv,632,AMZ-2608-000604,2026-08-30T08:00:00-04:00,2026-08-31,shipped,,USD,true
09_amazon_payments_summary_aug2026.csv,18,AMZ-2608-000605,2026-08-01T08:00:00-04:00,2026-08-03,shipped,,USD,true
09_amazon_payments_summary_aug2026.csv,512,AMZ-2608-000606,2026-08-25T08:00:00-04:00,2026-08-28,shipped,,USD,true
09_amazon_payments_summary_aug2026.csv,479,AMZ-2608-000607,2026-08-24T08:00:00-04:00,2026-08-26,shipped,,USD,true
09_amazon_payments_summary_aug2026.csv,396,AMZ-2608-000608,2026-08-20T08:00:00-04:00,2026-08-24,shipped,,USD,true
09_amazon_payments_summary_aug2026.csv,397,AMZ-2608-000609,2026-08-20T08:00:00-04:00,2026-08-21,shipped,,USD,true
09_amazon_payments_summary_aug2026.csv,585,AMZ-2608-000610,2026-08-28T08:00:00-04:00,2026-08-31,shipped,,USD,true
09_amazon_payments_summary_aug2026.csv,398,AMZ-2608-000611,2026-08-20T08:00:00-04:00,2026-08-24,shipped,,USD,true
09_amazon_payments_summary_aug2026.csv,19,AMZ-2608-000612,2026-08-01T08:00:00-04:00,2026-08-03,shipped,,USD,true
09_amazon_payments_summary_aug2026.csv,40,AMZ-2608-000613,2026-08-02T08:00:00-04:00,2026-08-03,shipped,,USD,true
09_amazon_payments_summary_aug2026.csv,545,AMZ-2608-000614,2026-08-26T08:00:00-04:00,2026-08-27,shipped,,USD,true
09_amazon_payments_summary_aug2026.csv,131,AMZ-2608-000615,2026-08-07T08:00:00-04:00,2026-08-10,shipped,,USD,true
09_amazon_payments_summary_aug2026.csv,77,AMZ-2608-000616,2026-08-04T08:00:00-04:00,2026-08-06,shipped,,USD,true
09_amazon_payments_summary_aug2026.csv,224,AMZ-2608-000617,2026-08-11T08:00:00-04:00,,local_pickup,,USD,true
09_amazon_payments_summary_aug2026.csv,480,AMZ-2608-000618,2026-08-24T08:00:00-04:00,2026-08-25,shipped,,USD,true
09_amazon_payments_summary_aug2026.csv,416,AMZ-2608-000619,2026-08-21T08:00:00-04:00,2026-08-24,shipped,,USD,true
09_amazon_payments_summary_aug2026.csv,315,AMZ-2608-000620,2026-08-16T08:00:00-04:00,2026-08-17,shipped,,USD,true
09_amazon_payments_summary_aug2026.csv,513,AMZ-2608-000621,2026-08-25T08:00:00-04:00,2026-08-28,shipped,,USD,true
09_amazon_payments_summary_aug2026.csv,132,AMZ-2608-000622,2026-08-07T08:00:00-04:00,2026-08-10,shipped,,USD,true
09_amazon_payments_summary_aug2026.csv,20,AMZ-2608-000623,2026-08-01T08:00:00-04:00,2026-08-03,shipped,,USD,true
09_amazon_payments_summary_aug2026.csv,301,AMZ-2608-000624,2026-08-15T08:00:00-04:00,2026-08-17,shipped,,USD,true
09_amazon_payments_summary_aug2026.csv,302,AMZ-2608-000625,2026-08-15T08:00:00-04:00,2026-08-17,shipped,,USD,true
09_amazon_payments_summary_aug2026.csv,439,AMZ-2608-000626,2026-08-22T08:00:00-04:00,2026-08-25,shipped,,USD,true
09_amazon_payments_summary_aug2026.csv,339,AMZ-2608-000627,2026-08-17T08:00:00-04:00,2026-08-19,shipped,,USD,true
09_amazon_payments_summary_aug2026.csv,605,AMZ-2608-000628,2026-08-29T08:00:00-04:00,,pending_fulfillment,,USD,true
09_amazon_payments_summary_aug2026.csv,237,AMZ-2608-000629,2026-08-12T08:00:00-04:00,2026-08-17,shipped,,USD,true
09_amazon_payments_summary_aug2026.csv,546,AMZ-2608-000630,2026-08-26T08:00:00-04:00,,local_pickup,,USD,true
09_amazon_payments_summary_aug2026.csv,283,AMZ-2608-000631,2026-08-14T08:00:00-04:00,2026-08-17,shipped,,USD,true
09_amazon_payments_summary_aug2026.csv,399,AMZ-2608-000632,2026-08-20T08:00:00-04:00,2026-08-24,shipped,,USD,true
09_amazon_payments_summary_aug2026.csv,514,AMZ-2608-000633,2026-08-25T08:00:00-04:00,2026-08-26,shipped,,USD,true
09_amazon_payments_summary_aug2026.csv,316,AMZ-2608-000634,2026-08-16T08:00:00-04:00,2026-08-19,shipped,,USD,true
09_amazon_payments_summary_aug2026.csv,225,AMZ-2608-000635,2026-08-11T08:00:00-04:00,2026-08-12,shipped,,USD,true
09_amazon_payments_summary_aug2026.csv,41,AMZ-2608-000636,2026-08-02T08:00:00-04:00,2026-08-03,shipped,,USD,true
09_amazon_payments_summary_aug2026.csv,440,AMZ-2608-000637,2026-08-22T08:00:00-04:00,,local_pickup,,USD,true
09_amazon_payments_summary_aug2026.csv,61,AMZ-2608-000638,2026-08-03T08:00:00-04:00,2026-08-04,shipped,,USD,true
09_amazon_payments_summary_aug2026.csv,340,AMZ-2608-000639,2026-08-17T08:00:00-04:00,2026-08-18,shipped,,USD,true
09_amazon_payments_summary_aug2026.csv,515,AMZ-2608-000640,2026-08-25T08:00:00-04:00,2026-08-31,shipped,,USD,true
09_amazon_payments_summary_aug2026.csv,400,AMZ-2608-000641,2026-08-20T08:00:00-04:00,2026-08-24,shipped,,USD,true
09_amazon_payments_summary_aug2026.csv,586,AMZ-2608-000642,2026-08-28T08:00:00-04:00,2026-08-31,shipped,,USD,true
09_amazon_payments_summary_aug2026.csv,462,AMZ-2608-000643,2026-08-23T08:00:00-04:00,2026-08-24,shipped,,USD,true
09_amazon_payments_summary_aug2026.csv,481,AMZ-2608-000644,2026-08-24T08:00:00-04:00,2026-08-25,shipped,,USD,true
09_amazon_payments_summary_aug2026.csv,563,AMZ-2608-000645,2026-08-27T08:00:00-04:00,2026-08-28,shipped,,USD,true
09_amazon_payments_summary_aug2026.csv,341,AMZ-2608-000646,2026-08-17T08:00:00-04:00,2026-08-20,shipped,,USD,true
09_amazon_payments_summary_aug2026.csv,193,AMZ-2608-000647,2026-08-09T08:00:00-04:00,2026-08-11,shipped,,USD,true
09_amazon_payments_summary_aug2026.csv,133,AMZ-2608-000648,2026-08-07T08:00:00-04:00,2026-08-10,shipped,,USD,true
09_amazon_payments_summary_aug2026.csv,482,AMZ-2608-000649,2026-08-24T08:00:00-04:00,2026-08-26,shipped,,USD,true
09_amazon_payments_summary_aug2026.csv,364,AMZ-2608-000650,2026-08-18T08:00:00-04:00,2026-08-20,shipped,,USD,true
01_cash_monkey_orders_aug2026.csv,326,CM-2608-000001,2026-08-23T08:00:00-04:00,2026-08-27,shipped,,USD,true
01_cash_monkey_orders_aug2026.csv,384,CM-2608-000002,2026-08-26T08:00:00-04:00,2026-08-31,shipped,,USD,true
01_cash_monkey_orders_aug2026.csv,227,CM-2608-000003,2026-08-16T08:00:00-04:00,2026-08-17,shipped,,USD,true
01_cash_monkey_orders_aug2026.csv,216,CM-2608-000004,2026-08-15T08:00:00-04:00,2026-08-19,shipped,,USD,true
01_cash_monkey_orders_aug2026.csv,283,CM-2608-000005,2026-08-20T08:00:00-04:00,2026-08-21,shipped,,USD,true
01_cash_monkey_orders_aug2026.csv,47,CM-2608-000006,2026-08-04T08:00:00-04:00,2026-08-06,shipped,,USD,true
01_cash_monkey_orders_aug2026.csv,406,CM-2608-000007,2026-08-27T08:00:00-04:00,2026-08-28,shipped,,USD,true
01_cash_monkey_orders_aug2026.csv,385,CM-2608-000008,2026-08-26T08:00:00-04:00,2026-08-28,shipped,,USD,true
01_cash_monkey_orders_aug2026.csv,110,CM-2608-000009,2026-08-08T08:00:00-04:00,2026-08-10,shipped,2026-08-13T21:00:00-04:00,USD,true
01_cash_monkey_orders_aug2026.csv,37,CM-2608-000010,2026-08-03T08:00:00-04:00,2026-08-04,shipped,,USD,true
01_cash_monkey_orders_aug2026.csv,276,CM-2608-000011,2026-08-19T08:00:00-04:00,2026-08-24,shipped,,USD,true
01_cash_monkey_orders_aug2026.csv,246,CM-2608-000012,2026-08-17T08:00:00-04:00,2026-08-18,shipped,,USD,true
01_cash_monkey_orders_aug2026.csv,260,CM-2608-000013,2026-08-18T08:00:00-04:00,2026-08-19,shipped,,USD,true
01_cash_monkey_orders_aug2026.csv,138,CM-2608-000014,2026-08-10T08:00:00-04:00,2026-08-12,shipped,,USD,true
01_cash_monkey_orders_aug2026.csv,407,CM-2608-000015,2026-08-27T08:00:00-04:00,2026-08-28,shipped,,USD,true
01_cash_monkey_orders_aug2026.csv,408,CM-2608-000016,2026-08-27T08:00:00-04:00,2026-08-31,shipped,,USD,true
01_cash_monkey_orders_aug2026.csv,61,CM-2608-000017,2026-08-05T08:00:00-04:00,2026-08-06,shipped,,USD,true
01_cash_monkey_orders_aug2026.csv,277,CM-2608-000018,2026-08-19T08:00:00-04:00,2026-08-21,shipped,,USD,true
01_cash_monkey_orders_aug2026.csv,139,CM-2608-000019,2026-08-10T08:00:00-04:00,,canceled_before_fulfillment,2026-08-20T21:00:00-04:00,USD,true
01_cash_monkey_orders_aug2026.csv,463,CM-2608-000020,2026-08-30T08:00:00-04:00,2026-08-31,shipped,,USD,true
01_cash_monkey_orders_aug2026.csv,199,CM-2608-000021,2026-08-14T08:00:00-04:00,,local_pickup,,USD,true
01_cash_monkey_orders_aug2026.csv,261,CM-2608-000022,2026-08-18T08:00:00-04:00,2026-08-24,shipped,,USD,true
01_cash_monkey_orders_aug2026.csv,125,CM-2608-000023,2026-08-09T08:00:00-04:00,2026-08-12,shipped,,USD,true
01_cash_monkey_orders_aug2026.csv,126,CM-2608-000024,2026-08-09T08:00:00-04:00,2026-08-13,shipped,,USD,true
01_cash_monkey_orders_aug2026.csv,247,CM-2608-000025,2026-08-17T08:00:00-04:00,2026-08-18,shipped,,USD,true
01_cash_monkey_orders_aug2026.csv,1,CM-2608-000026,2026-08-01T08:00:00-04:00,2026-08-03,shipped,,USD,true
01_cash_monkey_orders_aug2026.csv,464,CM-2608-000027,2026-08-30T08:00:00-04:00,2026-08-31,shipped,,USD,true
01_cash_monkey_orders_aug2026.csv,167,CM-2608-000028,2026-08-12T08:00:00-04:00,2026-08-13,shipped,,USD,true
01_cash_monkey_orders_aug2026.csv,92,CM-2608-000029,2026-08-07T08:00:00-04:00,2026-08-10,shipped,,USD,true
01_cash_monkey_orders_aug2026.csv,351,CM-2608-000030,2026-08-24T08:00:00-04:00,,local_pickup,,USD,true
01_cash_monkey_orders_aug2026.csv,297,CM-2608-000031,2026-08-21T08:00:00-04:00,2026-08-24,shipped,,USD,true
01_cash_monkey_orders_aug2026.csv,327,CM-2608-000032,2026-08-23T08:00:00-04:00,2026-08-25,shipped,,USD,true
01_cash_monkey_orders_aug2026.csv,308,CM-2608-000033,2026-08-22T08:00:00-04:00,2026-08-24,shipped,,USD,true
01_cash_monkey_orders_aug2026.csv,443,CM-2608-000034,2026-08-29T08:00:00-04:00,2026-08-31,shipped,,USD,true
01_cash_monkey_orders_aug2026.csv,217,CM-2608-000035,2026-08-15T08:00:00-04:00,2026-08-17,shipped,,USD,true
01_cash_monkey_orders_aug2026.csv,200,CM-2608-000036,2026-08-14T08:00:00-04:00,2026-08-19,shipped,,USD,true
01_cash_monkey_orders_aug2026.csv,465,CM-2608-000037,2026-08-30T08:00:00-04:00,,local_pickup,,USD,true
01_cash_monkey_orders_aug2026.csv,62,CM-2608-000038,2026-08-05T08:00:00-04:00,2026-08-07,shipped,,USD,true
01_cash_monkey_orders_aug2026.csv,127,CM-2608-000039,2026-08-09T08:00:00-04:00,2026-08-11,shipped,,USD,true
01_cash_monkey_orders_aug2026.csv,48,CM-2608-000040,2026-08-04T08:00:00-04:00,2026-08-05,shipped,,USD,true
01_cash_monkey_orders_aug2026.csv,466,CM-2608-000041,2026-08-30T08:00:00-04:00,2026-08-31,shipped,,USD,true
01_cash_monkey_orders_aug2026.csv,284,CM-2608-000042,2026-08-20T08:00:00-04:00,2026-08-21,shipped,,USD,true
01_cash_monkey_orders_aug2026.csv,228,CM-2608-000043,2026-08-16T08:00:00-04:00,2026-08-21,shipped,,USD,true
01_cash_monkey_orders_aug2026.csv,409,CM-2608-000044,2026-08-27T08:00:00-04:00,2026-08-31,shipped,,USD,true
01_cash_monkey_orders_aug2026.csv,63,CM-2608-000045,2026-08-05T08:00:00-04:00,2026-08-06,shipped,,USD,true
01_cash_monkey_orders_aug2026.csv,218,CM-2608-000046,2026-08-15T08:00:00-04:00,2026-08-17,shipped,,USD,true
01_cash_monkey_orders_aug2026.csv,386,CM-2608-000047,2026-08-26T08:00:00-04:00,2026-08-27,shipped,,USD,true
01_cash_monkey_orders_aug2026.csv,38,CM-2608-000048,2026-08-03T08:00:00-04:00,2026-08-07,shipped,,USD,true
01_cash_monkey_orders_aug2026.csv,410,CM-2608-000049,2026-08-27T08:00:00-04:00,2026-08-31,shipped,,USD,true
01_cash_monkey_orders_aug2026.csv,182,CM-2608-000050,2026-08-13T08:00:00-04:00,2026-08-14,shipped,,USD,true
01_cash_monkey_orders_aug2026.csv,309,CM-2608-000051,2026-08-22T08:00:00-04:00,2026-08-24,shipped,,USD,true
01_cash_monkey_orders_aug2026.csv,111,CM-2608-000052,2026-08-08T08:00:00-04:00,2026-08-12,shipped,,USD,true
01_cash_monkey_orders_aug2026.csv,467,CM-2608-000053,2026-08-30T08:00:00-04:00,,pending_fulfillment,,USD,true
01_cash_monkey_orders_aug2026.csv,371,CM-2608-000054,2026-08-25T08:00:00-04:00,2026-08-28,shipped,,USD,true
01_cash_monkey_orders_aug2026.csv,310,CM-2608-000055,2026-08-22T08:00:00-04:00,2026-08-24,shipped,,USD,true
01_cash_monkey_orders_aug2026.csv,93,CM-2608-000056,2026-08-07T08:00:00-04:00,2026-08-10,shipped,,USD,true
01_cash_monkey_orders_aug2026.csv,201,CM-2608-000057,2026-08-14T08:00:00-04:00,2026-08-18,shipped,,USD,true
01_cash_monkey_orders_aug2026.csv,64,CM-2608-000058,2026-08-05T08:00:00-04:00,2026-08-06,shipped,,USD,true
01_cash_monkey_orders_aug2026.csv,262,CM-2608-000059,2026-08-18T08:00:00-04:00,2026-08-20,shipped,,USD,true
01_cash_monkey_orders_aug2026.csv,94,CM-2608-000060,2026-08-07T08:00:00-04:00,2026-08-10,shipped,,USD,true
01_cash_monkey_orders_aug2026.csv,112,CM-2608-000061,2026-08-08T08:00:00-04:00,2026-08-11,shipped,,USD,true
01_cash_monkey_orders_aug2026.csv,468,CM-2608-000062,2026-08-30T08:00:00-04:00,2026-08-31,shipped,,USD,true
01_cash_monkey_orders_aug2026.csv,39,CM-2608-000063,2026-08-03T08:00:00-04:00,2026-08-04,shipped,,USD,true
01_cash_monkey_orders_aug2026.csv,183,CM-2608-000064,2026-08-13T08:00:00-04:00,,local_pickup,,USD,true
01_cash_monkey_orders_aug2026.csv,352,CM-2608-000065,2026-08-24T08:00:00-04:00,2026-08-26,shipped,,USD,true
01_cash_monkey_orders_aug2026.csv,353,CM-2608-000066,2026-08-24T08:00:00-04:00,2026-08-27,shipped,,USD,true
01_cash_monkey_orders_aug2026.csv,469,CM-2608-000067,2026-08-30T08:00:00-04:00,2026-08-31,shipped,,USD,true
01_cash_monkey_orders_aug2026.csv,17,CM-2608-000068,2026-08-02T08:00:00-04:00,2026-08-03,shipped,,USD,true
01_cash_monkey_orders_aug2026.csv,168,CM-2608-000069,2026-08-12T08:00:00-04:00,2026-08-14,shipped,,USD,true
01_cash_monkey_orders_aug2026.csv,354,CM-2608-000070,2026-08-24T08:00:00-04:00,2026-08-25,shipped,,USD,true
01_cash_monkey_orders_aug2026.csv,202,CM-2608-000071,2026-08-14T08:00:00-04:00,2026-08-17,shipped,,USD,true
01_cash_monkey_orders_aug2026.csv,285,CM-2608-000072,2026-08-20T08:00:00-04:00,2026-08-21,shipped,,USD,true
01_cash_monkey_orders_aug2026.csv,229,CM-2608-000073,2026-08-16T08:00:00-04:00,2026-08-18,shipped,,USD,true
01_cash_monkey_orders_aug2026.csv,328,CM-2608-000074,2026-08-23T08:00:00-04:00,2026-08-25,shipped,,USD,true
01_cash_monkey_orders_aug2026.csv,169,CM-2608-000075,2026-08-12T08:00:00-04:00,2026-08-13,shipped,,USD,true
01_cash_monkey_orders_aug2026.csv,355,CM-2608-000076,2026-08-24T08:00:00-04:00,2026-08-26,shipped,,USD,true
01_cash_monkey_orders_aug2026.csv,431,CM-2608-000077,2026-08-28T08:00:00-04:00,2026-08-31,shipped,,USD,true
01_cash_monkey_orders_aug2026.csv,263,CM-2608-000078,2026-08-18T08:00:00-04:00,2026-08-20,shipped,,USD,true
01_cash_monkey_orders_aug2026.csv,18,CM-2608-000079,2026-08-02T08:00:00-04:00,2026-08-04,shipped,,USD,true
01_cash_monkey_orders_aug2026.csv,248,CM-2608-000080,2026-08-17T08:00:00-04:00,2026-08-19,shipped,,USD,true
01_cash_monkey_orders_aug2026.csv,170,CM-2608-000081,2026-08-12T08:00:00-04:00,2026-08-14,shipped,,USD,true
01_cash_monkey_orders_aug2026.csv,329,CM-2608-000082,2026-08-23T08:00:00-04:00,2026-08-24,shipped,,USD,true
01_cash_monkey_orders_aug2026.csv,372,CM-2608-000083,2026-08-25T08:00:00-04:00,2026-08-27,shipped,,USD,true
01_cash_monkey_orders_aug2026.csv,286,CM-2608-000084,2026-08-20T08:00:00-04:00,2026-08-24,shipped,,USD,true
01_cash_monkey_orders_aug2026.csv,249,CM-2608-000085,2026-08-17T08:00:00-04:00,2026-08-18,shipped,,USD,true
01_cash_monkey_orders_aug2026.csv,311,CM-2608-000086,2026-08-22T08:00:00-04:00,2026-08-26,shipped,,USD,true
01_cash_monkey_orders_aug2026.csv,95,CM-2608-000087,2026-08-07T08:00:00-04:00,2026-08-10,shipped,,USD,true
01_cash_monkey_orders_aug2026.csv,373,CM-2608-000088,2026-08-25T08:00:00-04:00,2026-08-26,shipped,,USD,true
01_cash_monkey_orders_aug2026.csv,113,CM-2608-000089,2026-08-08T08:00:00-04:00,2026-08-11,shipped,,USD,true
01_cash_monkey_orders_aug2026.csv,387,CM-2608-000090,2026-08-26T08:00:00-04:00,2026-08-31,shipped,,USD,true
01_cash_monkey_orders_aug2026.csv,312,CM-2608-000091,2026-08-22T08:00:00-04:00,2026-08-24,shipped,,USD,true
01_cash_monkey_orders_aug2026.csv,444,CM-2608-000092,2026-08-29T08:00:00-04:00,2026-08-31,shipped,,USD,true
01_cash_monkey_orders_aug2026.csv,114,CM-2608-000093,2026-08-08T08:00:00-04:00,2026-08-10,shipped,,USD,true
01_cash_monkey_orders_aug2026.csv,388,CM-2608-000094,2026-08-26T08:00:00-04:00,2026-08-27,shipped,,USD,true
01_cash_monkey_orders_aug2026.csv,230,CM-2608-000095,2026-08-16T08:00:00-04:00,2026-08-18,shipped,,USD,true
01_cash_monkey_orders_aug2026.csv,96,CM-2608-000096,2026-08-07T08:00:00-04:00,2026-08-10,shipped,,USD,true
01_cash_monkey_orders_aug2026.csv,155,CM-2608-000097,2026-08-11T08:00:00-04:00,2026-08-12,shipped,,USD,true
01_cash_monkey_orders_aug2026.csv,445,CM-2608-000098,2026-08-29T08:00:00-04:00,2026-08-31,shipped,,USD,true
01_cash_monkey_orders_aug2026.csv,432,CM-2608-000099,2026-08-28T08:00:00-04:00,2026-08-31,shipped,,USD,true
01_cash_monkey_orders_aug2026.csv,374,CM-2608-000100,2026-08-25T08:00:00-04:00,2026-08-26,shipped,,USD,true
01_cash_monkey_orders_aug2026.csv,140,CM-2608-000101,2026-08-10T08:00:00-04:00,2026-08-11,shipped,,USD,true
01_cash_monkey_orders_aug2026.csv,219,CM-2608-000102,2026-08-15T08:00:00-04:00,,canceled_before_fulfillment,2026-08-24T21:00:00-04:00,USD,true
01_cash_monkey_orders_aug2026.csv,264,CM-2608-000103,2026-08-18T08:00:00-04:00,2026-08-19,shipped,,USD,true
01_cash_monkey_orders_aug2026.csv,203,CM-2608-000104,2026-08-14T08:00:00-04:00,2026-08-18,shipped,,USD,true
01_cash_monkey_orders_aug2026.csv,486,CM-2608-000105,2026-08-31T08:00:00-04:00,,pending_fulfillment,,USD,true
01_cash_monkey_orders_aug2026.csv,446,CM-2608-000106,2026-08-29T08:00:00-04:00,2026-08-31,shipped,,USD,true
01_cash_monkey_orders_aug2026.csv,447,CM-2608-000107,2026-08-29T08:00:00-04:00,2026-08-31,shipped,,USD,true
01_cash_monkey_orders_aug2026.csv,375,CM-2608-000108,2026-08-25T08:00:00-04:00,2026-08-27,shipped,,USD,true
01_cash_monkey_orders_aug2026.csv,356,CM-2608-000109,2026-08-24T08:00:00-04:00,2026-08-26,shipped,,USD,true
01_cash_monkey_orders_aug2026.csv,204,CM-2608-000110,2026-08-14T08:00:00-04:00,,local_pickup,,USD,true
01_cash_monkey_orders_aug2026.csv,330,CM-2608-000111,2026-08-23T08:00:00-04:00,2026-08-24,shipped,,USD,true
01_cash_monkey_orders_aug2026.csv,49,CM-2608-000112,2026-08-04T08:00:00-04:00,2026-08-05,shipped,,USD,true
01_cash_monkey_orders_aug2026.csv,141,CM-2608-000113,2026-08-10T08:00:00-04:00,2026-08-11,shipped,,USD,true
01_cash_monkey_orders_aug2026.csv,389,CM-2608-000114,2026-08-26T08:00:00-04:00,2026-08-27,shipped,,USD,true
01_cash_monkey_orders_aug2026.csv,250,CM-2608-000115,2026-08-17T08:00:00-04:00,2026-08-20,shipped,,USD,true
01_cash_monkey_orders_aug2026.csv,50,CM-2608-000116,2026-08-04T08:00:00-04:00,2026-08-05,shipped,,USD,true
01_cash_monkey_orders_aug2026.csv,65,CM-2608-000117,2026-08-05T08:00:00-04:00,2026-08-06,shipped,,USD,true
01_cash_monkey_orders_aug2026.csv,77,CM-2608-000118,2026-08-06T08:00:00-04:00,2026-08-10,shipped,,USD,true
01_cash_monkey_orders_aug2026.csv,411,CM-2608-000119,2026-08-27T08:00:00-04:00,2026-08-31,shipped,,USD,true
01_cash_monkey_orders_aug2026.csv,78,CM-2608-000120,2026-08-06T08:00:00-04:00,,canceled_before_fulfillment,2026-08-11T21:00:00-04:00,USD,true
01_cash_monkey_orders_aug2026.csv,287,CM-2608-000121,2026-08-20T08:00:00-04:00,2026-08-24,shipped,,USD,true
01_cash_monkey_orders_aug2026.csv,142,CM-2608-000122,2026-08-10T08:00:00-04:00,,local_pickup,,USD,true
01_cash_monkey_orders_aug2026.csv,390,CM-2608-000123,2026-08-26T08:00:00-04:00,2026-08-27,shipped,,USD,true
01_cash_monkey_orders_aug2026.csv,376,CM-2608-000124,2026-08-25T08:00:00-04:00,2026-08-26,shipped,,USD,true
01_cash_monkey_orders_aug2026.csv,143,CM-2608-000125,2026-08-10T08:00:00-04:00,2026-08-14,shipped,,USD,true
01_cash_monkey_orders_aug2026.csv,313,CM-2608-000126,2026-08-22T08:00:00-04:00,2026-08-24,shipped,,USD,true
01_cash_monkey_orders_aug2026.csv,391,CM-2608-000127,2026-08-26T08:00:00-04:00,,local_pickup,,USD,true
01_cash_monkey_orders_aug2026.csv,487,CM-2608-000128,2026-08-31T08:00:00-04:00,,pending_fulfillment,,USD,true
01_cash_monkey_orders_aug2026.csv,40,CM-2608-000129,2026-08-03T08:00:00-04:00,,local_pickup,2026-08-09T21:00:00-04:00,USD,true
01_cash_monkey_orders_aug2026.csv,314,CM-2608-000130,2026-08-22T08:00:00-04:00,2026-08-25,shipped,,USD,true
01_cash_monkey_orders_aug2026.csv,265,CM-2608-000131,2026-08-18T08:00:00-04:00,2026-08-19,shipped,,USD,true
01_cash_monkey_orders_aug2026.csv,357,CM-2608-000132,2026-08-24T08:00:00-04:00,2026-08-25,shipped,,USD,true
01_cash_monkey_orders_aug2026.csv,288,CM-2608-000133,2026-08-20T08:00:00-04:00,2026-08-21,shipped,2026-08-24T21:00:00-04:00,USD,true
01_cash_monkey_orders_aug2026.csv,115,CM-2608-000134,2026-08-08T08:00:00-04:00,2026-08-10,shipped,,USD,true
01_cash_monkey_orders_aug2026.csv,315,CM-2608-000135,2026-08-22T08:00:00-04:00,2026-08-24,shipped,,USD,true
01_cash_monkey_orders_aug2026.csv,251,CM-2608-000136,2026-08-17T08:00:00-04:00,2026-08-18,shipped,,USD,true
01_cash_monkey_orders_aug2026.csv,116,CM-2608-000137,2026-08-08T08:00:00-04:00,2026-08-10,shipped,,USD,true
01_cash_monkey_orders_aug2026.csv,488,CM-2608-000138,2026-08-31T08:00:00-04:00,,pending_fulfillment,,USD,true
01_cash_monkey_orders_aug2026.csv,205,CM-2608-000139,2026-08-14T08:00:00-04:00,2026-08-18,shipped,,USD,true
01_cash_monkey_orders_aug2026.csv,331,CM-2608-000140,2026-08-23T08:00:00-04:00,2026-08-24,shipped,,USD,true
01_cash_monkey_orders_aug2026.csv,289,CM-2608-000141,2026-08-20T08:00:00-04:00,2026-08-24,shipped,,USD,true
01_cash_monkey_orders_aug2026.csv,79,CM-2608-000142,2026-08-06T08:00:00-04:00,2026-08-10,shipped,,USD,true
01_cash_monkey_orders_aug2026.csv,433,CM-2608-000143,2026-08-28T08:00:00-04:00,2026-08-31,shipped,,USD,true
01_cash_monkey_orders_aug2026.csv,332,CM-2608-000144,2026-08-23T08:00:00-04:00,2026-08-24,shipped,,USD,true
01_cash_monkey_orders_aug2026.csv,184,CM-2608-000145,2026-08-13T08:00:00-04:00,,local_pickup,,USD,true
01_cash_monkey_orders_aug2026.csv,171,CM-2608-000146,2026-08-12T08:00:00-04:00,2026-08-13,shipped,,USD,true
01_cash_monkey_orders_aug2026.csv,144,CM-2608-000147,2026-08-10T08:00:00-04:00,2026-08-12,shipped,,USD,true
01_cash_monkey_orders_aug2026.csv,316,CM-2608-000148,2026-08-22T08:00:00-04:00,2026-08-24,shipped,,USD,true
01_cash_monkey_orders_aug2026.csv,156,CM-2608-000149,2026-08-11T08:00:00-04:00,,canceled_before_fulfillment,2026-08-14T21:00:00-04:00,USD,true
01_cash_monkey_orders_aug2026.csv,80,CM-2608-000150,2026-08-06T08:00:00-04:00,2026-08-10,shipped,,USD,true
01_cash_monkey_orders_aug2026.csv,412,CM-2608-000151,2026-08-27T08:00:00-04:00,2026-08-31,shipped,,USD,true
01_cash_monkey_orders_aug2026.csv,2,CM-2608-000152,2026-08-01T08:00:00-04:00,2026-08-03,shipped,,USD,true
01_cash_monkey_orders_aug2026.csv,298,CM-2608-000153,2026-08-21T08:00:00-04:00,2026-08-24,shipped,,USD,true
01_cash_monkey_orders_aug2026.csv,81,CM-2608-000154,2026-08-06T08:00:00-04:00,2026-08-07,shipped,,USD,true
01_cash_monkey_orders_aug2026.csv,377,CM-2608-000155,2026-08-25T08:00:00-04:00,2026-08-26,shipped,,USD,true
01_cash_monkey_orders_aug2026.csv,317,CM-2608-000156,2026-08-22T08:00:00-04:00,,local_pickup,,USD,true
01_cash_monkey_orders_aug2026.csv,392,CM-2608-000157,2026-08-26T08:00:00-04:00,2026-08-28,shipped,,USD,true
01_cash_monkey_orders_aug2026.csv,333,CM-2608-000158,2026-08-23T08:00:00-04:00,2026-08-25,shipped,2026-08-31T21:00:00-04:00,USD,true
01_cash_monkey_orders_aug2026.csv,470,CM-2608-000159,2026-08-30T08:00:00-04:00,,pending_fulfillment,,USD,true
01_cash_monkey_orders_aug2026.csv,252,CM-2608-000160,2026-08-17T08:00:00-04:00,2026-08-18,shipped,,USD,true
01_cash_monkey_orders_aug2026.csv,378,CM-2608-000161,2026-08-25T08:00:00-04:00,2026-08-26,shipped,,USD,true
01_cash_monkey_orders_aug2026.csv,471,CM-2608-000162,2026-08-30T08:00:00-04:00,2026-08-31,shipped,,USD,true
01_cash_monkey_orders_aug2026.csv,66,CM-2608-000163,2026-08-05T08:00:00-04:00,2026-08-06,shipped,,USD,true
01_cash_monkey_orders_aug2026.csv,299,CM-2608-000164,2026-08-21T08:00:00-04:00,2026-08-24,shipped,,USD,true
01_cash_monkey_orders_aug2026.csv,172,CM-2608-000165,2026-08-12T08:00:00-04:00,2026-08-13,shipped,,USD,true
01_cash_monkey_orders_aug2026.csv,290,CM-2608-000166,2026-08-20T08:00:00-04:00,,local_pickup,,USD,true
01_cash_monkey_orders_aug2026.csv,448,CM-2608-000167,2026-08-29T08:00:00-04:00,,local_pickup,,USD,true
01_cash_monkey_orders_aug2026.csv,231,CM-2608-000168,2026-08-16T08:00:00-04:00,2026-08-18,shipped,,USD,true
01_cash_monkey_orders_aug2026.csv,19,CM-2608-000169,2026-08-02T08:00:00-04:00,2026-08-04,shipped,,USD,true
01_cash_monkey_orders_aug2026.csv,232,CM-2608-000170,2026-08-16T08:00:00-04:00,2026-08-19,shipped,,USD,true
01_cash_monkey_orders_aug2026.csv,67,CM-2608-000171,2026-08-05T08:00:00-04:00,2026-08-10,shipped,,USD,true
01_cash_monkey_orders_aug2026.csv,379,CM-2608-000172,2026-08-25T08:00:00-04:00,2026-08-26,shipped,,USD,true
01_cash_monkey_orders_aug2026.csv,220,CM-2608-000173,2026-08-15T08:00:00-04:00,2026-08-17,shipped,,USD,true
01_cash_monkey_orders_aug2026.csv,413,CM-2608-000174,2026-08-27T08:00:00-04:00,2026-08-31,shipped,,USD,true
01_cash_monkey_orders_aug2026.csv,206,CM-2608-000175,2026-08-14T08:00:00-04:00,2026-08-17,shipped,,USD,true
01_cash_monkey_orders_aug2026.csv,3,CM-2608-000176,2026-08-01T08:00:00-04:00,2026-08-03,shipped,,USD,true
01_cash_monkey_orders_aug2026.csv,334,CM-2608-000177,2026-08-23T08:00:00-04:00,2026-08-24,shipped,,USD,true
01_cash_monkey_orders_aug2026.csv,97,CM-2608-000178,2026-08-07T08:00:00-04:00,2026-08-10,shipped,,USD,true
01_cash_monkey_orders_aug2026.csv,233,CM-2608-000179,2026-08-16T08:00:00-04:00,2026-08-17,shipped,,USD,true
01_cash_monkey_orders_aug2026.csv,358,CM-2608-000180,2026-08-24T08:00:00-04:00,2026-08-25,shipped,,USD,true
01_cash_monkey_orders_aug2026.csv,291,CM-2608-000181,2026-08-20T08:00:00-04:00,2026-08-21,shipped,,USD,true
01_cash_monkey_orders_aug2026.csv,41,CM-2608-000182,2026-08-03T08:00:00-04:00,2026-08-05,shipped,,USD,true
01_cash_monkey_orders_aug2026.csv,393,CM-2608-000183,2026-08-26T08:00:00-04:00,2026-08-31,shipped,,USD,true
01_cash_monkey_orders_aug2026.csv,489,CM-2608-000184,2026-08-31T08:00:00-04:00,,pending_fulfillment,,USD,true
01_cash_monkey_orders_aug2026.csv,98,CM-2608-000185,2026-08-07T08:00:00-04:00,,local_pickup,,USD,true
01_cash_monkey_orders_aug2026.csv,234,CM-2608-000186,2026-08-16T08:00:00-04:00,2026-08-18,shipped,,USD,true
01_cash_monkey_orders_aug2026.csv,414,CM-2608-000187,2026-08-27T08:00:00-04:00,2026-08-28,shipped,,USD,true
01_cash_monkey_orders_aug2026.csv,207,CM-2608-000188,2026-08-14T08:00:00-04:00,2026-08-17,shipped,,USD,true
01_cash_monkey_orders_aug2026.csv,266,CM-2608-000189,2026-08-18T08:00:00-04:00,2026-08-19,shipped,,USD,true
01_cash_monkey_orders_aug2026.csv,4,CM-2608-000190,2026-08-01T08:00:00-04:00,2026-08-04,shipped,,USD,true
01_cash_monkey_orders_aug2026.csv,434,CM-2608-000191,2026-08-28T08:00:00-04:00,2026-08-31,shipped,,USD,true
01_cash_monkey_orders_aug2026.csv,173,CM-2608-000192,2026-08-12T08:00:00-04:00,2026-08-17,shipped,,USD,true
01_cash_monkey_orders_aug2026.csv,335,CM-2608-000193,2026-08-23T08:00:00-04:00,2026-08-26,shipped,,USD,true
01_cash_monkey_orders_aug2026.csv,472,CM-2608-000194,2026-08-30T08:00:00-04:00,,pending_fulfillment,,USD,true
01_cash_monkey_orders_aug2026.csv,128,CM-2608-000195,2026-08-09T08:00:00-04:00,2026-08-10,shipped,,USD,true
01_cash_monkey_orders_aug2026.csv,490,CM-2608-000196,2026-08-31T08:00:00-04:00,,pending_fulfillment,,USD,true
01_cash_monkey_orders_aug2026.csv,449,CM-2608-000197,2026-08-29T08:00:00-04:00,2026-08-31,shipped,,USD,true
01_cash_monkey_orders_aug2026.csv,491,CM-2608-000198,2026-08-31T08:00:00-04:00,,pending_fulfillment,,USD,true
01_cash_monkey_orders_aug2026.csv,99,CM-2608-000199,2026-08-07T08:00:00-04:00,2026-08-10,shipped,,USD,true
01_cash_monkey_orders_aug2026.csv,278,CM-2608-000200,2026-08-19T08:00:00-04:00,2026-08-24,shipped,,USD,true
01_cash_monkey_orders_aug2026.csv,473,CM-2608-000201,2026-08-30T08:00:00-04:00,2026-08-31,shipped,,USD,true
01_cash_monkey_orders_aug2026.csv,51,CM-2608-000202,2026-08-04T08:00:00-04:00,2026-08-05,shipped,,USD,true
01_cash_monkey_orders_aug2026.csv,435,CM-2608-000203,2026-08-28T08:00:00-04:00,2026-08-31,shipped,,USD,true
01_cash_monkey_orders_aug2026.csv,208,CM-2608-000204,2026-08-14T08:00:00-04:00,,canceled_before_fulfillment,2026-08-20T21:00:00-04:00,USD,true
01_cash_monkey_orders_aug2026.csv,100,CM-2608-000205,2026-08-07T08:00:00-04:00,2026-08-10,shipped,,USD,true
01_cash_monkey_orders_aug2026.csv,359,CM-2608-000206,2026-08-24T08:00:00-04:00,2026-08-25,shipped,2026-08-31T21:00:00-04:00,USD,true
01_cash_monkey_orders_aug2026.csv,267,CM-2608-000207,2026-08-18T08:00:00-04:00,2026-08-19,shipped,,USD,true
01_cash_monkey_orders_aug2026.csv,235,CM-2608-000208,2026-08-16T08:00:00-04:00,2026-08-18,shipped,,USD,true
01_cash_monkey_orders_aug2026.csv,292,CM-2608-000209,2026-08-20T08:00:00-04:00,2026-08-24,shipped,,USD,true
01_cash_monkey_orders_aug2026.csv,68,CM-2608-000210,2026-08-05T08:00:00-04:00,2026-08-10,shipped,,USD,true
01_cash_monkey_orders_aug2026.csv,492,CM-2608-000211,2026-08-31T08:00:00-04:00,,pending_fulfillment,,USD,true
01_cash_monkey_orders_aug2026.csv,185,CM-2608-000212,2026-08-13T08:00:00-04:00,2026-08-17,shipped,,USD,true
01_cash_monkey_orders_aug2026.csv,450,CM-2608-000213,2026-08-29T08:00:00-04:00,,pending_fulfillment,,USD,true
01_cash_monkey_orders_aug2026.csv,174,CM-2608-000214,2026-08-12T08:00:00-04:00,2026-08-17,shipped,,USD,true
01_cash_monkey_orders_aug2026.csv,186,CM-2608-000215,2026-08-13T08:00:00-04:00,,local_pickup,,USD,true
01_cash_monkey_orders_aug2026.csv,268,CM-2608-000216,2026-08-18T08:00:00-04:00,2026-08-21,shipped,,USD,true
01_cash_monkey_orders_aug2026.csv,236,CM-2608-000217,2026-08-16T08:00:00-04:00,2026-08-19,shipped,,USD,true
01_cash_monkey_orders_aug2026.csv,209,CM-2608-000218,2026-08-14T08:00:00-04:00,2026-08-17,shipped,,USD,true
01_cash_monkey_orders_aug2026.csv,5,CM-2608-000219,2026-08-01T08:00:00-04:00,,local_pickup,,USD,true
01_cash_monkey_orders_aug2026.csv,394,CM-2608-000220,2026-08-26T08:00:00-04:00,2026-08-31,shipped,,USD,true
01_cash_monkey_orders_aug2026.csv,237,CM-2608-000221,2026-08-16T08:00:00-04:00,2026-08-18,shipped,,USD,true
01_cash_monkey_orders_aug2026.csv,300,CM-2608-000222,2026-08-21T08:00:00-04:00,2026-08-24,shipped,,USD,true
01_cash_monkey_orders_aug2026.csv,145,CM-2608-000223,2026-08-10T08:00:00-04:00,,local_pickup,,USD,true
01_cash_monkey_orders_aug2026.csv,146,CM-2608-000224,2026-08-10T08:00:00-04:00,2026-08-11,shipped,,USD,true
01_cash_monkey_orders_aug2026.csv,269,CM-2608-000225,2026-08-18T08:00:00-04:00,2026-08-20,shipped,,USD,true
01_cash_monkey_orders_aug2026.csv,270,CM-2608-000226,2026-08-18T08:00:00-04:00,2026-08-19,shipped,,USD,true
01_cash_monkey_orders_aug2026.csv,395,CM-2608-000227,2026-08-26T08:00:00-04:00,2026-08-27,shipped,,USD,true
01_cash_monkey_orders_aug2026.csv,117,CM-2608-000228,2026-08-08T08:00:00-04:00,2026-08-10,shipped,,USD,true
01_cash_monkey_orders_aug2026.csv,69,CM-2608-000229,2026-08-05T08:00:00-04:00,2026-08-06,shipped,,USD,true
01_cash_monkey_orders_aug2026.csv,336,CM-2608-000230,2026-08-23T08:00:00-04:00,2026-08-24,shipped,,USD,true
01_cash_monkey_orders_aug2026.csv,337,CM-2608-000231,2026-08-23T08:00:00-04:00,2026-08-25,shipped,,USD,true
01_cash_monkey_orders_aug2026.csv,187,CM-2608-000232,2026-08-13T08:00:00-04:00,2026-08-17,shipped,,USD,true
01_cash_monkey_orders_aug2026.csv,301,CM-2608-000233,2026-08-21T08:00:00-04:00,,local_pickup,,USD,true
01_cash_monkey_orders_aug2026.csv,118,CM-2608-000234,2026-08-08T08:00:00-04:00,2026-08-10,shipped,,USD,true
01_cash_monkey_orders_aug2026.csv,415,CM-2608-000235,2026-08-27T08:00:00-04:00,2026-08-31,shipped,,USD,true
01_cash_monkey_orders_aug2026.csv,157,CM-2608-000236,2026-08-11T08:00:00-04:00,,local_pickup,,USD,true
01_cash_monkey_orders_aug2026.csv,318,CM-2608-000237,2026-08-22T08:00:00-04:00,,local_pickup,,USD,true
01_cash_monkey_orders_aug2026.csv,279,CM-2608-000238,2026-08-19T08:00:00-04:00,2026-08-24,shipped,,USD,true
01_cash_monkey_orders_aug2026.csv,52,CM-2608-000239,2026-08-04T08:00:00-04:00,2026-08-05,shipped,,USD,true
01_cash_monkey_orders_aug2026.csv,416,CM-2608-000240,2026-08-27T08:00:00-04:00,2026-08-31,shipped,,USD,true
01_cash_monkey_orders_aug2026.csv,221,CM-2608-000241,2026-08-15T08:00:00-04:00,2026-08-17,shipped,,USD,true
01_cash_monkey_orders_aug2026.csv,158,CM-2608-000242,2026-08-11T08:00:00-04:00,2026-08-13,shipped,,USD,true
01_cash_monkey_orders_aug2026.csv,360,CM-2608-000243,2026-08-24T08:00:00-04:00,2026-08-25,shipped,,USD,true
01_cash_monkey_orders_aug2026.csv,129,CM-2608-000244,2026-08-09T08:00:00-04:00,2026-08-10,shipped,,USD,true
01_cash_monkey_orders_aug2026.csv,396,CM-2608-000245,2026-08-26T08:00:00-04:00,2026-08-28,shipped,,USD,true
01_cash_monkey_orders_aug2026.csv,397,CM-2608-000246,2026-08-26T08:00:00-04:00,2026-08-28,shipped,,USD,true
01_cash_monkey_orders_aug2026.csv,398,CM-2608-000247,2026-08-26T08:00:00-04:00,2026-08-28,shipped,,USD,true
01_cash_monkey_orders_aug2026.csv,338,CM-2608-000248,2026-08-23T08:00:00-04:00,2026-08-24,shipped,,USD,true
01_cash_monkey_orders_aug2026.csv,101,CM-2608-000249,2026-08-07T08:00:00-04:00,2026-08-10,shipped,,USD,true
01_cash_monkey_orders_aug2026.csv,188,CM-2608-000250,2026-08-13T08:00:00-04:00,2026-08-17,shipped,,USD,true
01_cash_monkey_orders_aug2026.csv,159,CM-2608-000251,2026-08-11T08:00:00-04:00,2026-08-13,shipped,,USD,true
01_cash_monkey_orders_aug2026.csv,280,CM-2608-000252,2026-08-19T08:00:00-04:00,2026-08-21,shipped,,USD,true
01_cash_monkey_orders_aug2026.csv,160,CM-2608-000253,2026-08-11T08:00:00-04:00,2026-08-13,shipped,,USD,true
01_cash_monkey_orders_aug2026.csv,339,CM-2608-000254,2026-08-23T08:00:00-04:00,2026-08-25,shipped,,USD,true
01_cash_monkey_orders_aug2026.csv,361,CM-2608-000255,2026-08-24T08:00:00-04:00,2026-08-25,shipped,,USD,true
01_cash_monkey_orders_aug2026.csv,20,CM-2608-000256,2026-08-02T08:00:00-04:00,2026-08-04,shipped,,USD,true
01_cash_monkey_orders_aug2026.csv,253,CM-2608-000257,2026-08-17T08:00:00-04:00,2026-08-20,shipped,,USD,true
01_cash_monkey_orders_aug2026.csv,119,CM-2608-000258,2026-08-08T08:00:00-04:00,2026-08-10,shipped,,USD,true
01_cash_monkey_orders_aug2026.csv,238,CM-2608-000259,2026-08-16T08:00:00-04:00,2026-08-18,shipped,,USD,true
01_cash_monkey_orders_aug2026.csv,340,CM-2608-000260,2026-08-23T08:00:00-04:00,2026-08-25,shipped,,USD,true
01_cash_monkey_orders_aug2026.csv,493,CM-2608-000261,2026-08-31T08:00:00-04:00,,pending_fulfillment,,USD,true
01_cash_monkey_orders_aug2026.csv,380,CM-2608-000262,2026-08-25T08:00:00-04:00,2026-08-31,shipped,,USD,true
01_cash_monkey_orders_aug2026.csv,21,CM-2608-000263,2026-08-02T08:00:00-04:00,2026-08-03,shipped,,USD,true
01_cash_monkey_orders_aug2026.csv,239,CM-2608-000264,2026-08-16T08:00:00-04:00,2026-08-17,shipped,,USD,true
01_cash_monkey_orders_aug2026.csv,82,CM-2608-000265,2026-08-06T08:00:00-04:00,2026-08-07,shipped,,USD,true
01_cash_monkey_orders_aug2026.csv,474,CM-2608-000266,2026-08-30T08:00:00-04:00,,pending_fulfillment,,USD,true
01_cash_monkey_orders_aug2026.csv,271,CM-2608-000267,2026-08-18T08:00:00-04:00,2026-08-21,shipped,,USD,true
01_cash_monkey_orders_aug2026.csv,475,CM-2608-000268,2026-08-30T08:00:00-04:00,2026-08-31,shipped,,USD,true
01_cash_monkey_orders_aug2026.csv,451,CM-2608-000269,2026-08-29T08:00:00-04:00,2026-08-31,shipped,,USD,true
01_cash_monkey_orders_aug2026.csv,381,CM-2608-000270,2026-08-25T08:00:00-04:00,,local_pickup,,USD,true
01_cash_monkey_orders_aug2026.csv,189,CM-2608-000271,2026-08-13T08:00:00-04:00,2026-08-17,shipped,,USD,true
01_cash_monkey_orders_aug2026.csv,302,CM-2608-000272,2026-08-21T08:00:00-04:00,2026-08-24,shipped,,USD,true
01_cash_monkey_orders_aug2026.csv,452,CM-2608-000273,2026-08-29T08:00:00-04:00,,canceled_before_fulfillment,2026-08-30T21:00:00-04:00,USD,true
01_cash_monkey_orders_aug2026.csv,175,CM-2608-000274,2026-08-12T08:00:00-04:00,2026-08-14,shipped,,USD,true
01_cash_monkey_orders_aug2026.csv,341,CM-2608-000275,2026-08-23T08:00:00-04:00,2026-08-28,shipped,,USD,true
01_cash_monkey_orders_aug2026.csv,190,CM-2608-000276,2026-08-13T08:00:00-04:00,2026-08-17,shipped,,USD,true
01_cash_monkey_orders_aug2026.csv,22,CM-2608-000277,2026-08-02T08:00:00-04:00,2026-08-04,shipped,,USD,true
01_cash_monkey_orders_aug2026.csv,120,CM-2608-000278,2026-08-08T08:00:00-04:00,2026-08-12,shipped,,USD,true
01_cash_monkey_orders_aug2026.csv,417,CM-2608-000279,2026-08-27T08:00:00-04:00,2026-08-28,shipped,,USD,true
01_cash_monkey_orders_aug2026.csv,102,CM-2608-000280,2026-08-07T08:00:00-04:00,2026-08-10,shipped,,USD,true
01_cash_monkey_orders_aug2026.csv,42,CM-2608-000281,2026-08-03T08:00:00-04:00,2026-08-05,shipped,,USD,true
01_cash_monkey_orders_aug2026.csv,23,CM-2608-000282,2026-08-02T08:00:00-04:00,2026-08-04,shipped,,USD,true
01_cash_monkey_orders_aug2026.csv,24,CM-2608-000283,2026-08-02T08:00:00-04:00,2026-08-03,shipped,,USD,true
01_cash_monkey_orders_aug2026.csv,476,CM-2608-000284,2026-08-30T08:00:00-04:00,,local_pickup,,USD,true
01_cash_monkey_orders_aug2026.csv,6,CM-2608-000285,2026-08-01T08:00:00-04:00,2026-08-03,shipped,,USD,true
01_cash_monkey_orders_aug2026.csv,293,CM-2608-000286,2026-08-20T08:00:00-04:00,2026-08-24,shipped,,USD,true
01_cash_monkey_orders_aug2026.csv,342,CM-2608-000287,2026-08-23T08:00:00-04:00,2026-08-26,shipped,,USD,true
01_cash_monkey_orders_aug2026.csv,494,CM-2608-000288,2026-08-31T08:00:00-04:00,,pending_fulfillment,,USD,true
01_cash_monkey_orders_aug2026.csv,418,CM-2608-000289,2026-08-27T08:00:00-04:00,2026-08-31,shipped,,USD,true
01_cash_monkey_orders_aug2026.csv,294,CM-2608-000290,2026-08-20T08:00:00-04:00,2026-08-21,shipped,,USD,true
01_cash_monkey_orders_aug2026.csv,25,CM-2608-000291,2026-08-02T08:00:00-04:00,,local_pickup,,USD,true
01_cash_monkey_orders_aug2026.csv,26,CM-2608-000292,2026-08-02T08:00:00-04:00,2026-08-04,shipped,,USD,true
01_cash_monkey_orders_aug2026.csv,70,CM-2608-000293,2026-08-05T08:00:00-04:00,2026-08-06,shipped,,USD,true
01_cash_monkey_orders_aug2026.csv,130,CM-2608-000294,2026-08-09T08:00:00-04:00,2026-08-10,shipped,,USD,true
01_cash_monkey_orders_aug2026.csv,477,CM-2608-000295,2026-08-30T08:00:00-04:00,,pending_fulfillment,,USD,true
01_cash_monkey_orders_aug2026.csv,319,CM-2608-000296,2026-08-22T08:00:00-04:00,2026-08-25,shipped,,USD,true
01_cash_monkey_orders_aug2026.csv,176,CM-2608-000297,2026-08-12T08:00:00-04:00,2026-08-13,shipped,,USD,true
01_cash_monkey_orders_aug2026.csv,362,CM-2608-000298,2026-08-24T08:00:00-04:00,2026-08-26,shipped,,USD,true
01_cash_monkey_orders_aug2026.csv,436,CM-2608-000299,2026-08-28T08:00:00-04:00,2026-08-31,shipped,,USD,true
01_cash_monkey_orders_aug2026.csv,103,CM-2608-000300,2026-08-07T08:00:00-04:00,2026-08-10,shipped,,USD,true
01_cash_monkey_orders_aug2026.csv,343,CM-2608-000301,2026-08-23T08:00:00-04:00,2026-08-25,shipped,,USD,true
01_cash_monkey_orders_aug2026.csv,344,CM-2608-000302,2026-08-23T08:00:00-04:00,2026-08-24,shipped,,USD,true
01_cash_monkey_orders_aug2026.csv,27,CM-2608-000303,2026-08-02T08:00:00-04:00,2026-08-03,shipped,,USD,true
01_cash_monkey_orders_aug2026.csv,363,CM-2608-000304,2026-08-24T08:00:00-04:00,2026-08-27,shipped,,USD,true
01_cash_monkey_orders_aug2026.csv,191,CM-2608-000305,2026-08-13T08:00:00-04:00,2026-08-14,shipped,,USD,true
01_cash_monkey_orders_aug2026.csv,104,CM-2608-000306,2026-08-07T08:00:00-04:00,2026-08-10,shipped,,USD,true
01_cash_monkey_orders_aug2026.csv,177,CM-2608-000307,2026-08-12T08:00:00-04:00,2026-08-13,shipped,,USD,true
01_cash_monkey_orders_aug2026.csv,453,CM-2608-000308,2026-08-29T08:00:00-04:00,2026-08-31,shipped,,USD,true
01_cash_monkey_orders_aug2026.csv,320,CM-2608-000309,2026-08-22T08:00:00-04:00,2026-08-24,shipped,,USD,true
01_cash_monkey_orders_aug2026.csv,437,CM-2608-000310,2026-08-28T08:00:00-04:00,2026-08-31,shipped,,USD,true
01_cash_monkey_orders_aug2026.csv,321,CM-2608-000311,2026-08-22T08:00:00-04:00,2026-08-24,shipped,,USD,true
01_cash_monkey_orders_aug2026.csv,210,CM-2608-000312,2026-08-14T08:00:00-04:00,2026-08-18,shipped,,USD,true
01_cash_monkey_orders_aug2026.csv,71,CM-2608-000313,2026-08-05T08:00:00-04:00,2026-08-06,shipped,,USD,true
01_cash_monkey_orders_aug2026.csv,222,CM-2608-000314,2026-08-15T08:00:00-04:00,,canceled_before_fulfillment,2026-08-18T21:00:00-04:00,USD,true
01_cash_monkey_orders_aug2026.csv,419,CM-2608-000315,2026-08-27T08:00:00-04:00,2026-08-31,shipped,,USD,true
01_cash_monkey_orders_aug2026.csv,7,CM-2608-000316,2026-08-01T08:00:00-04:00,2026-08-03,shipped,,USD,true
01_cash_monkey_orders_aug2026.csv,83,CM-2608-000317,2026-08-06T08:00:00-04:00,2026-08-07,shipped,,USD,true
01_cash_monkey_orders_aug2026.csv,420,CM-2608-000318,2026-08-27T08:00:00-04:00,2026-08-31,shipped,,USD,true
01_cash_monkey_orders_aug2026.csv,495,CM-2608-000319,2026-08-31T08:00:00-04:00,,pending_fulfillment,,USD,true
01_cash_monkey_orders_aug2026.csv,345,CM-2608-000320,2026-08-23T08:00:00-04:00,2026-08-25,shipped,,USD,true
01_cash_monkey_orders_aug2026.csv,147,CM-2608-000321,2026-08-10T08:00:00-04:00,2026-08-12,shipped,,USD,true
01_cash_monkey_orders_aug2026.csv,399,CM-2608-000322,2026-08-26T08:00:00-04:00,2026-08-28,shipped,,USD,true
01_cash_monkey_orders_aug2026.csv,295,CM-2608-000323,2026-08-20T08:00:00-04:00,2026-08-21,shipped,,USD,true
01_cash_monkey_orders_aug2026.csv,478,CM-2608-000324,2026-08-30T08:00:00-04:00,,pending_fulfillment,,USD,true
01_cash_monkey_orders_aug2026.csv,105,CM-2608-000325,2026-08-07T08:00:00-04:00,2026-08-10,shipped,,USD,true
01_cash_monkey_orders_aug2026.csv,28,CM-2608-000326,2026-08-02T08:00:00-04:00,2026-08-04,shipped,,USD,true
01_cash_monkey_orders_aug2026.csv,84,CM-2608-000327,2026-08-06T08:00:00-04:00,2026-08-07,shipped,,USD,true
01_cash_monkey_orders_aug2026.csv,479,CM-2608-000328,2026-08-30T08:00:00-04:00,,pending_fulfillment,,USD,true
01_cash_monkey_orders_aug2026.csv,121,CM-2608-000329,2026-08-08T08:00:00-04:00,2026-08-10,shipped,,USD,true
01_cash_monkey_orders_aug2026.csv,8,CM-2608-000330,2026-08-01T08:00:00-04:00,2026-08-03,shipped,,USD,true
01_cash_monkey_orders_aug2026.csv,272,CM-2608-000331,2026-08-18T08:00:00-04:00,,canceled_before_fulfillment,2026-08-21T21:00:00-04:00,USD,true
01_cash_monkey_orders_aug2026.csv,364,CM-2608-000332,2026-08-24T08:00:00-04:00,2026-08-25,shipped,,USD,true
01_cash_monkey_orders_aug2026.csv,192,CM-2608-000333,2026-08-13T08:00:00-04:00,2026-08-14,shipped,,USD,true
01_cash_monkey_orders_aug2026.csv,9,CM-2608-000334,2026-08-01T08:00:00-04:00,2026-08-04,shipped,,USD,true
01_cash_monkey_orders_aug2026.csv,211,CM-2608-000335,2026-08-14T08:00:00-04:00,2026-08-17,shipped,,USD,true
01_cash_monkey_orders_aug2026.csv,161,CM-2608-000336,2026-08-11T08:00:00-04:00,2026-08-12,shipped,,USD,true
01_cash_monkey_orders_aug2026.csv,193,CM-2608-000337,2026-08-13T08:00:00-04:00,2026-08-14,shipped,,USD,true
01_cash_monkey_orders_aug2026.csv,303,CM-2608-000338,2026-08-21T08:00:00-04:00,2026-08-24,shipped,,USD,true
01_cash_monkey_orders_aug2026.csv,281,CM-2608-000339,2026-08-19T08:00:00-04:00,2026-08-20,shipped,,USD,true
01_cash_monkey_orders_aug2026.csv,454,CM-2608-000340,2026-08-29T08:00:00-04:00,,local_pickup,,USD,true
01_cash_monkey_orders_aug2026.csv,421,CM-2608-000341,2026-08-27T08:00:00-04:00,2026-08-31,shipped,,USD,true
01_cash_monkey_orders_aug2026.csv,43,CM-2608-000342,2026-08-03T08:00:00-04:00,2026-08-04,shipped,,USD,true
01_cash_monkey_orders_aug2026.csv,72,CM-2608-000343,2026-08-05T08:00:00-04:00,2026-08-07,shipped,,USD,true
01_cash_monkey_orders_aug2026.csv,29,CM-2608-000344,2026-08-02T08:00:00-04:00,2026-08-04,shipped,,USD,true
01_cash_monkey_orders_aug2026.csv,131,CM-2608-000345,2026-08-09T08:00:00-04:00,2026-08-10,shipped,2026-08-14T21:00:00-04:00,USD,true
01_cash_monkey_orders_aug2026.csv,304,CM-2608-000346,2026-08-21T08:00:00-04:00,2026-08-25,shipped,,USD,true
01_cash_monkey_orders_aug2026.csv,194,CM-2608-000347,2026-08-13T08:00:00-04:00,2026-08-17,shipped,,USD,true
01_cash_monkey_orders_aug2026.csv,30,CM-2608-000348,2026-08-02T08:00:00-04:00,2026-08-03,shipped,,USD,true
01_cash_monkey_orders_aug2026.csv,322,CM-2608-000349,2026-08-22T08:00:00-04:00,2026-08-24,shipped,,USD,true
01_cash_monkey_orders_aug2026.csv,422,CM-2608-000350,2026-08-27T08:00:00-04:00,2026-08-31,shipped,,USD,true
01_cash_monkey_orders_aug2026.csv,480,CM-2608-000351,2026-08-30T08:00:00-04:00,2026-08-31,shipped,,USD,true
01_cash_monkey_orders_aug2026.csv,212,CM-2608-000352,2026-08-14T08:00:00-04:00,2026-08-18,shipped,,USD,true
01_cash_monkey_orders_aug2026.csv,423,CM-2608-000353,2026-08-27T08:00:00-04:00,,local_pickup,,USD,true
01_cash_monkey_orders_aug2026.csv,455,CM-2608-000354,2026-08-29T08:00:00-04:00,,local_pickup,,USD,true
01_cash_monkey_orders_aug2026.csv,438,CM-2608-000355,2026-08-28T08:00:00-04:00,,local_pickup,,USD,true
01_cash_monkey_orders_aug2026.csv,162,CM-2608-000356,2026-08-11T08:00:00-04:00,2026-08-13,shipped,,USD,true
01_cash_monkey_orders_aug2026.csv,400,CM-2608-000357,2026-08-26T08:00:00-04:00,2026-08-28,shipped,,USD,true
01_cash_monkey_orders_aug2026.csv,85,CM-2608-000358,2026-08-06T08:00:00-04:00,2026-08-07,shipped,,USD,true
01_cash_monkey_orders_aug2026.csv,148,CM-2608-000359,2026-08-10T08:00:00-04:00,,local_pickup,,USD,true
01_cash_monkey_orders_aug2026.csv,496,CM-2608-000360,2026-08-31T08:00:00-04:00,,pending_fulfillment,,USD,true
01_cash_monkey_orders_aug2026.csv,149,CM-2608-000361,2026-08-10T08:00:00-04:00,,local_pickup,,USD,true
01_cash_monkey_orders_aug2026.csv,163,CM-2608-000362,2026-08-11T08:00:00-04:00,2026-08-12,shipped,,USD,true
01_cash_monkey_orders_aug2026.csv,44,CM-2608-000363,2026-08-03T08:00:00-04:00,2026-08-04,shipped,,USD,true
01_cash_monkey_orders_aug2026.csv,240,CM-2608-000364,2026-08-16T08:00:00-04:00,2026-08-18,shipped,,USD,true
01_cash_monkey_orders_aug2026.csv,106,CM-2608-000365,2026-08-07T08:00:00-04:00,2026-08-10,shipped,,USD,true
01_cash_monkey_orders_aug2026.csv,10,CM-2608-000366,2026-08-01T08:00:00-04:00,2026-08-03,shipped,,USD,true
01_cash_monkey_orders_aug2026.csv,241,CM-2608-000367,2026-08-16T08:00:00-04:00,2026-08-17,shipped,2026-08-17T21:00:00-04:00,USD,true
01_cash_monkey_orders_aug2026.csv,53,CM-2608-000368,2026-08-04T08:00:00-04:00,2026-08-06,shipped,,USD,true
01_cash_monkey_orders_aug2026.csv,178,CM-2608-000369,2026-08-12T08:00:00-04:00,2026-08-13,shipped,2026-08-20T21:00:00-04:00,USD,true
01_cash_monkey_orders_aug2026.csv,164,CM-2608-000370,2026-08-11T08:00:00-04:00,2026-08-13,shipped,,USD,true
01_cash_monkey_orders_aug2026.csv,11,CM-2608-000371,2026-08-01T08:00:00-04:00,2026-08-04,shipped,,USD,true
01_cash_monkey_orders_aug2026.csv,45,CM-2608-000372,2026-08-03T08:00:00-04:00,2026-08-05,shipped,,USD,true
01_cash_monkey_orders_aug2026.csv,456,CM-2608-000373,2026-08-29T08:00:00-04:00,2026-08-31,shipped,,USD,true
01_cash_monkey_orders_aug2026.csv,242,CM-2608-000374,2026-08-16T08:00:00-04:00,2026-08-17,shipped,,USD,true
01_cash_monkey_orders_aug2026.csv,54,CM-2608-000375,2026-08-04T08:00:00-04:00,2026-08-10,shipped,,USD,true
01_cash_monkey_orders_aug2026.csv,323,CM-2608-000376,2026-08-22T08:00:00-04:00,2026-08-25,shipped,,USD,true
01_cash_monkey_orders_aug2026.csv,365,CM-2608-000377,2026-08-24T08:00:00-04:00,2026-08-25,shipped,,USD,true
01_cash_monkey_orders_aug2026.csv,305,CM-2608-000378,2026-08-21T08:00:00-04:00,2026-08-24,shipped,,USD,true
01_cash_monkey_orders_aug2026.csv,424,CM-2608-000379,2026-08-27T08:00:00-04:00,2026-08-31,shipped,,USD,true
01_cash_monkey_orders_aug2026.csv,366,CM-2608-000380,2026-08-24T08:00:00-04:00,2026-08-26,shipped,,USD,true
01_cash_monkey_orders_aug2026.csv,439,CM-2608-000381,2026-08-28T08:00:00-04:00,2026-08-31,shipped,,USD,true
01_cash_monkey_orders_aug2026.csv,346,CM-2608-000382,2026-08-23T08:00:00-04:00,2026-08-25,shipped,,USD,true
01_cash_monkey_orders_aug2026.csv,324,CM-2608-000383,2026-08-22T08:00:00-04:00,2026-08-24,shipped,,USD,true
01_cash_monkey_orders_aug2026.csv,73,CM-2608-000384,2026-08-05T08:00:00-04:00,2026-08-06,shipped,,USD,true
01_cash_monkey_orders_aug2026.csv,55,CM-2608-000385,2026-08-04T08:00:00-04:00,2026-08-06,shipped,,USD,true
01_cash_monkey_orders_aug2026.csv,74,CM-2608-000386,2026-08-05T08:00:00-04:00,2026-08-06,shipped,,USD,true
01_cash_monkey_orders_aug2026.csv,86,CM-2608-000387,2026-08-06T08:00:00-04:00,2026-08-07,shipped,2026-08-17T21:00:00-04:00,USD,true
01_cash_monkey_orders_aug2026.csv,254,CM-2608-000388,2026-08-17T08:00:00-04:00,2026-08-20,shipped,,USD,true
01_cash_monkey_orders_aug2026.csv,46,CM-2608-000389,2026-08-03T08:00:00-04:00,2026-08-06,shipped,,USD,true
01_cash_monkey_orders_aug2026.csv,347,CM-2608-000390,2026-08-23T08:00:00-04:00,,local_pickup,,USD,true
01_cash_monkey_orders_aug2026.csv,165,CM-2608-000391,2026-08-11T08:00:00-04:00,2026-08-12,shipped,,USD,true
01_cash_monkey_orders_aug2026.csv,401,CM-2608-000392,2026-08-26T08:00:00-04:00,2026-08-27,shipped,,USD,true
01_cash_monkey_orders_aug2026.csv,150,CM-2608-000393,2026-08-10T08:00:00-04:00,2026-08-13,shipped,,USD,true
01_cash_monkey_orders_aug2026.csv,31,CM-2608-000394,2026-08-02T08:00:00-04:00,2026-08-04,shipped,,USD,true
01_cash_monkey_orders_aug2026.csv,481,CM-2608-000395,2026-08-30T08:00:00-04:00,,pending_fulfillment,,USD,true
01_cash_monkey_orders_aug2026.csv,179,CM-2608-000396,2026-08-12T08:00:00-04:00,2026-08-13,shipped,,USD,true
01_cash_monkey_orders_aug2026.csv,132,CM-2608-000397,2026-08-09T08:00:00-04:00,2026-08-10,shipped,,USD,true
01_cash_monkey_orders_aug2026.csv,32,CM-2608-000398,2026-08-02T08:00:00-04:00,2026-08-03,shipped,,USD,true
01_cash_monkey_orders_aug2026.csv,223,CM-2608-000399,2026-08-15T08:00:00-04:00,2026-08-17,shipped,,USD,true
01_cash_monkey_orders_aug2026.csv,402,CM-2608-000400,2026-08-26T08:00:00-04:00,2026-08-27,shipped,,USD,true
01_cash_monkey_orders_aug2026.csv,306,CM-2608-000401,2026-08-21T08:00:00-04:00,2026-08-24,shipped,,USD,true
01_cash_monkey_orders_aug2026.csv,243,CM-2608-000402,2026-08-16T08:00:00-04:00,,local_pickup,,USD,true
01_cash_monkey_orders_aug2026.csv,403,CM-2608-000403,2026-08-26T08:00:00-04:00,2026-08-27,shipped,,USD,true
01_cash_monkey_orders_aug2026.csv,273,CM-2608-000404,2026-08-18T08:00:00-04:00,2026-08-20,shipped,,USD,true
01_cash_monkey_orders_aug2026.csv,33,CM-2608-000405,2026-08-02T08:00:00-04:00,2026-08-05,shipped,,USD,true
01_cash_monkey_orders_aug2026.csv,75,CM-2608-000406,2026-08-05T08:00:00-04:00,2026-08-07,shipped,,USD,true
01_cash_monkey_orders_aug2026.csv,56,CM-2608-000407,2026-08-04T08:00:00-04:00,2026-08-05,shipped,,USD,true
01_cash_monkey_orders_aug2026.csv,367,CM-2608-000408,2026-08-24T08:00:00-04:00,2026-08-25,shipped,,USD,true
01_cash_monkey_orders_aug2026.csv,348,CM-2608-000409,2026-08-23T08:00:00-04:00,,canceled_before_fulfillment,2026-08-24T21:00:00-04:00,USD,true
01_cash_monkey_orders_aug2026.csv,255,CM-2608-000410,2026-08-17T08:00:00-04:00,2026-08-18,shipped,,USD,true
01_cash_monkey_orders_aug2026.csv,440,CM-2608-000411,2026-08-28T08:00:00-04:00,,local_pickup,,USD,true
01_cash_monkey_orders_aug2026.csv,224,CM-2608-000412,2026-08-15T08:00:00-04:00,2026-08-17,shipped,,USD,true
01_cash_monkey_orders_aug2026.csv,457,CM-2608-000413,2026-08-29T08:00:00-04:00,2026-08-31,shipped,,USD,true
01_cash_monkey_orders_aug2026.csv,76,CM-2608-000414,2026-08-05T08:00:00-04:00,2026-08-06,shipped,,USD,true
01_cash_monkey_orders_aug2026.csv,368,CM-2608-000415,2026-08-24T08:00:00-04:00,2026-08-26,shipped,,USD,true
01_cash_monkey_orders_aug2026.csv,244,CM-2608-000416,2026-08-16T08:00:00-04:00,2026-08-18,shipped,,USD,true
01_cash_monkey_orders_aug2026.csv,151,CM-2608-000417,2026-08-10T08:00:00-04:00,,canceled_before_fulfillment,2026-08-14T21:00:00-04:00,USD,true
01_cash_monkey_orders_aug2026.csv,245,CM-2608-000418,2026-08-16T08:00:00-04:00,2026-08-19,shipped,,USD,true
01_cash_monkey_orders_aug2026.csv,57,CM-2608-000419,2026-08-04T08:00:00-04:00,2026-08-05,shipped,,USD,true
01_cash_monkey_orders_aug2026.csv,404,CM-2608-000420,2026-08-26T08:00:00-04:00,2026-08-27,shipped,,USD,true
01_cash_monkey_orders_aug2026.csv,12,CM-2608-000421,2026-08-01T08:00:00-04:00,2026-08-03,shipped,,USD,true
01_cash_monkey_orders_aug2026.csv,58,CM-2608-000422,2026-08-04T08:00:00-04:00,2026-08-10,shipped,,USD,true
01_cash_monkey_orders_aug2026.csv,180,CM-2608-000423,2026-08-12T08:00:00-04:00,2026-08-14,shipped,,USD,true
01_cash_monkey_orders_aug2026.csv,13,CM-2608-000424,2026-08-01T08:00:00-04:00,2026-08-03,shipped,2026-08-09T21:00:00-04:00,USD,true
01_cash_monkey_orders_aug2026.csv,458,CM-2608-000425,2026-08-29T08:00:00-04:00,2026-08-31,shipped,,USD,true
01_cash_monkey_orders_aug2026.csv,459,CM-2608-000426,2026-08-29T08:00:00-04:00,2026-08-31,shipped,,USD,true
01_cash_monkey_orders_aug2026.csv,14,CM-2608-000427,2026-08-01T08:00:00-04:00,2026-08-03,shipped,,USD,true
01_cash_monkey_orders_aug2026.csv,133,CM-2608-000428,2026-08-09T08:00:00-04:00,2026-08-11,shipped,,USD,true
01_cash_monkey_orders_aug2026.csv,256,CM-2608-000429,2026-08-17T08:00:00-04:00,2026-08-19,shipped,,USD,true
01_cash_monkey_orders_aug2026.csv,482,CM-2608-000430,2026-08-30T08:00:00-04:00,,pending_fulfillment,,USD,true
01_cash_monkey_orders_aug2026.csv,134,CM-2608-000431,2026-08-09T08:00:00-04:00,2026-08-10,shipped,,USD,true
01_cash_monkey_orders_aug2026.csv,87,CM-2608-000432,2026-08-06T08:00:00-04:00,2026-08-07,shipped,,USD,true
01_cash_monkey_orders_aug2026.csv,135,CM-2608-000433,2026-08-09T08:00:00-04:00,2026-08-11,shipped,,USD,true
01_cash_monkey_orders_aug2026.csv,88,CM-2608-000434,2026-08-06T08:00:00-04:00,2026-08-07,shipped,,USD,true
01_cash_monkey_orders_aug2026.csv,152,CM-2608-000435,2026-08-10T08:00:00-04:00,2026-08-11,shipped,,USD,true
01_cash_monkey_orders_aug2026.csv,195,CM-2608-000436,2026-08-13T08:00:00-04:00,2026-08-14,shipped,,USD,true
01_cash_monkey_orders_aug2026.csv,89,CM-2608-000437,2026-08-06T08:00:00-04:00,2026-08-10,shipped,,USD,true
01_cash_monkey_orders_aug2026.csv,425,CM-2608-000438,2026-08-27T08:00:00-04:00,2026-08-31,shipped,,USD,true
01_cash_monkey_orders_aug2026.csv,196,CM-2608-000439,2026-08-13T08:00:00-04:00,2026-08-14,shipped,,USD,true
01_cash_monkey_orders_aug2026.csv,90,CM-2608-000440,2026-08-06T08:00:00-04:00,2026-08-10,shipped,,USD,true
01_cash_monkey_orders_aug2026.csv,382,CM-2608-000441,2026-08-25T08:00:00-04:00,2026-08-27,shipped,2026-08-30T21:00:00-04:00,USD,true
01_cash_monkey_orders_aug2026.csv,213,CM-2608-000442,2026-08-14T08:00:00-04:00,2026-08-17,shipped,,USD,true
01_cash_monkey_orders_aug2026.csv,426,CM-2608-000443,2026-08-27T08:00:00-04:00,2026-08-31,shipped,,USD,true
01_cash_monkey_orders_aug2026.csv,349,CM-2608-000444,2026-08-23T08:00:00-04:00,2026-08-24,shipped,,USD,true
01_cash_monkey_orders_aug2026.csv,350,CM-2608-000445,2026-08-23T08:00:00-04:00,2026-08-24,shipped,,USD,true
01_cash_monkey_orders_aug2026.csv,497,CM-2608-000446,2026-08-31T08:00:00-04:00,,pending_fulfillment,,USD,true
01_cash_monkey_orders_aug2026.csv,153,CM-2608-000447,2026-08-10T08:00:00-04:00,2026-08-12,shipped,,USD,true
01_cash_monkey_orders_aug2026.csv,427,CM-2608-000448,2026-08-27T08:00:00-04:00,2026-08-31,shipped,,USD,true
01_cash_monkey_orders_aug2026.csv,122,CM-2608-000449,2026-08-08T08:00:00-04:00,2026-08-10,shipped,,USD,true
01_cash_monkey_orders_aug2026.csv,274,CM-2608-000450,2026-08-18T08:00:00-04:00,2026-08-19,shipped,,USD,true
01_cash_monkey_orders_aug2026.csv,15,CM-2608-000451,2026-08-01T08:00:00-04:00,2026-08-04,shipped,,USD,true
01_cash_monkey_orders_aug2026.csv,225,CM-2608-000452,2026-08-15T08:00:00-04:00,,local_pickup,,USD,true
01_cash_monkey_orders_aug2026.csv,16,CM-2608-000453,2026-08-01T08:00:00-04:00,2026-08-03,shipped,,USD,true
01_cash_monkey_orders_aug2026.csv,34,CM-2608-000454,2026-08-02T08:00:00-04:00,2026-08-06,shipped,,USD,true
01_cash_monkey_orders_aug2026.csv,282,CM-2608-000455,2026-08-19T08:00:00-04:00,2026-08-20,shipped,,USD,true
01_cash_monkey_orders_aug2026.csv,107,CM-2608-000456,2026-08-07T08:00:00-04:00,,local_pickup,,USD,true
01_cash_monkey_orders_aug2026.csv,383,CM-2608-000457,2026-08-25T08:00:00-04:00,2026-08-26,shipped,,USD,true
01_cash_monkey_orders_aug2026.csv,91,CM-2608-000458,2026-08-06T08:00:00-04:00,2026-08-10,shipped,,USD,true
01_cash_monkey_orders_aug2026.csv,214,CM-2608-000459,2026-08-14T08:00:00-04:00,2026-08-17,shipped,,USD,true
01_cash_monkey_orders_aug2026.csv,498,CM-2608-000460,2026-08-31T08:00:00-04:00,,pending_fulfillment,,USD,true
01_cash_monkey_orders_aug2026.csv,136,CM-2608-000461,2026-08-09T08:00:00-04:00,2026-08-12,shipped,,USD,true
01_cash_monkey_orders_aug2026.csv,108,CM-2608-000462,2026-08-07T08:00:00-04:00,2026-08-10,shipped,,USD,true
01_cash_monkey_orders_aug2026.csv,215,CM-2608-000463,2026-08-14T08:00:00-04:00,2026-08-17,shipped,,USD,true
01_cash_monkey_orders_aug2026.csv,499,CM-2608-000464,2026-08-31T08:00:00-04:00,,pending_fulfillment,,USD,true
01_cash_monkey_orders_aug2026.csv,181,CM-2608-000465,2026-08-12T08:00:00-04:00,2026-08-17,shipped,,USD,true
01_cash_monkey_orders_aug2026.csv,137,CM-2608-000466,2026-08-09T08:00:00-04:00,2026-08-10,shipped,,USD,true
01_cash_monkey_orders_aug2026.csv,166,CM-2608-000467,2026-08-11T08:00:00-04:00,2026-08-13,shipped,,USD,true
01_cash_monkey_orders_aug2026.csv,197,CM-2608-000468,2026-08-13T08:00:00-04:00,,canceled_before_fulfillment,2026-08-15T21:00:00-04:00,USD,true
01_cash_monkey_orders_aug2026.csv,257,CM-2608-000469,2026-08-17T08:00:00-04:00,2026-08-18,shipped,,USD,true
01_cash_monkey_orders_aug2026.csv,441,CM-2608-000470,2026-08-28T08:00:00-04:00,2026-08-31,shipped,,USD,true
01_cash_monkey_orders_aug2026.csv,428,CM-2608-000471,2026-08-27T08:00:00-04:00,2026-08-31,shipped,,USD,true
01_cash_monkey_orders_aug2026.csv,35,CM-2608-000472,2026-08-02T08:00:00-04:00,,local_pickup,,USD,true
01_cash_monkey_orders_aug2026.csv,226,CM-2608-000473,2026-08-15T08:00:00-04:00,2026-08-17,shipped,,USD,true
01_cash_monkey_orders_aug2026.csv,59,CM-2608-000474,2026-08-04T08:00:00-04:00,2026-08-06,shipped,2026-08-06T21:00:00-04:00,USD,true
01_cash_monkey_orders_aug2026.csv,429,CM-2608-000475,2026-08-27T08:00:00-04:00,2026-08-28,shipped,,USD,true
01_cash_monkey_orders_aug2026.csv,109,CM-2608-000476,2026-08-07T08:00:00-04:00,2026-08-10,shipped,,USD,true
01_cash_monkey_orders_aug2026.csv,275,CM-2608-000477,2026-08-18T08:00:00-04:00,,local_pickup,,USD,true
01_cash_monkey_orders_aug2026.csv,198,CM-2608-000478,2026-08-13T08:00:00-04:00,2026-08-17,shipped,,USD,true
01_cash_monkey_orders_aug2026.csv,154,CM-2608-000479,2026-08-10T08:00:00-04:00,2026-08-11,shipped,,USD,true
01_cash_monkey_orders_aug2026.csv,460,CM-2608-000480,2026-08-29T08:00:00-04:00,2026-08-31,shipped,,USD,true
01_cash_monkey_orders_aug2026.csv,325,CM-2608-000481,2026-08-22T08:00:00-04:00,2026-08-24,shipped,,USD,true
01_cash_monkey_orders_aug2026.csv,461,CM-2608-000482,2026-08-29T08:00:00-04:00,2026-08-31,shipped,,USD,true
01_cash_monkey_orders_aug2026.csv,442,CM-2608-000483,2026-08-28T08:00:00-04:00,2026-08-31,shipped,,USD,true
01_cash_monkey_orders_aug2026.csv,369,CM-2608-000484,2026-08-24T08:00:00-04:00,2026-08-25,shipped,,USD,true
01_cash_monkey_orders_aug2026.csv,430,CM-2608-000485,2026-08-27T08:00:00-04:00,2026-08-31,shipped,,USD,true
01_cash_monkey_orders_aug2026.csv,307,CM-2608-000486,2026-08-21T08:00:00-04:00,2026-08-25,shipped,,USD,true
01_cash_monkey_orders_aug2026.csv,483,CM-2608-000487,2026-08-30T08:00:00-04:00,,local_pickup,2026-08-31T21:00:00-04:00,USD,true
01_cash_monkey_orders_aug2026.csv,405,CM-2608-000488,2026-08-26T08:00:00-04:00,2026-08-31,shipped,,USD,true
01_cash_monkey_orders_aug2026.csv,484,CM-2608-000489,2026-08-30T08:00:00-04:00,,pending_fulfillment,,USD,true
01_cash_monkey_orders_aug2026.csv,296,CM-2608-000490,2026-08-20T08:00:00-04:00,,local_pickup,,USD,true
01_cash_monkey_orders_aug2026.csv,123,CM-2608-000491,2026-08-08T08:00:00-04:00,2026-08-10,shipped,,USD,true
01_cash_monkey_orders_aug2026.csv,500,CM-2608-000492,2026-08-31T08:00:00-04:00,,pending_fulfillment,,USD,true
01_cash_monkey_orders_aug2026.csv,60,CM-2608-000493,2026-08-04T08:00:00-04:00,2026-08-06,shipped,,USD,true
01_cash_monkey_orders_aug2026.csv,462,CM-2608-000494,2026-08-29T08:00:00-04:00,2026-08-31,shipped,,USD,true
01_cash_monkey_orders_aug2026.csv,258,CM-2608-000495,2026-08-17T08:00:00-04:00,2026-08-19,shipped,,USD,true
01_cash_monkey_orders_aug2026.csv,370,CM-2608-000496,2026-08-24T08:00:00-04:00,2026-08-25,shipped,,USD,true
01_cash_monkey_orders_aug2026.csv,124,CM-2608-000497,2026-08-08T08:00:00-04:00,2026-08-10,shipped,,USD,true
01_cash_monkey_orders_aug2026.csv,259,CM-2608-000498,2026-08-17T08:00:00-04:00,2026-08-19,shipped,,USD,true
01_cash_monkey_orders_aug2026.csv,36,CM-2608-000499,2026-08-02T08:00:00-04:00,2026-08-06,shipped,,USD,true
01_cash_monkey_orders_aug2026.csv,485,CM-2608-000500,2026-08-30T08:00:00-04:00,,pending_fulfillment,,USD,true
08_ebay_listing_sales_aug2026.csv,659,EB-2608-000001,2026-08-25T08:00:00-04:00,2026-08-27,shipped,,USD,true
08_ebay_listing_sales_aug2026.csv,375,EB-2608-000002,2026-08-15T08:00:00-04:00,2026-08-20,shipped,,USD,true
08_ebay_listing_sales_aug2026.csv,740,EB-2608-000003,2026-08-28T08:00:00-04:00,2026-08-31,shipped,,USD,true
08_ebay_listing_sales_aug2026.csv,762,EB-2608-000004,2026-08-29T08:00:00-04:00,2026-08-31,shipped,,USD,true
08_ebay_listing_sales_aug2026.csv,660,EB-2608-000005,2026-08-25T08:00:00-04:00,2026-08-26,shipped,,USD,true
08_ebay_listing_sales_aug2026.csv,444,EB-2608-000006,2026-08-17T08:00:00-04:00,2026-08-20,shipped,,USD,true
08_ebay_listing_sales_aug2026.csv,811,EB-2608-000007,2026-08-30T08:00:00-04:00,,pending_fulfillment,,USD,true
08_ebay_listing_sales_aug2026.csv,812,EB-2608-000008,2026-08-30T08:00:00-04:00,,pending_fulfillment,,USD,true
08_ebay_listing_sales_aug2026.csv,308,EB-2608-000009,2026-08-12T08:00:00-04:00,2026-08-14,shipped,,USD,true
08_ebay_listing_sales_aug2026.csv,461,EB-2608-000010,2026-08-18T08:00:00-04:00,2026-08-21,shipped,,USD,true
08_ebay_listing_sales_aug2026.csv,410,EB-2608-000011,2026-08-16T08:00:00-04:00,2026-08-19,shipped,,USD,true
08_ebay_listing_sales_aug2026.csv,763,EB-2608-000012,2026-08-29T08:00:00-04:00,2026-08-31,shipped,,USD,true
08_ebay_listing_sales_aug2026.csv,497,EB-2608-000013,2026-08-19T08:00:00-04:00,2026-08-20,shipped,,USD,true
08_ebay_listing_sales_aug2026.csv,74,EB-2608-000014,2026-08-04T08:00:00-04:00,2026-08-05,shipped,,USD,true
08_ebay_listing_sales_aug2026.csv,99,EB-2608-000015,2026-08-05T08:00:00-04:00,2026-08-07,shipped,,USD,true
08_ebay_listing_sales_aug2026.csv,570,EB-2608-000016,2026-08-22T08:00:00-04:00,,canceled_before_fulfillment,2026-08-29T21:00:00-04:00,USD,true
08_ebay_listing_sales_aug2026.csv,661,EB-2608-000017,2026-08-25T08:00:00-04:00,2026-08-26,shipped,,USD,true
08_ebay_listing_sales_aug2026.csv,498,EB-2608-000018,2026-08-19T08:00:00-04:00,2026-08-20,shipped,,USD,true
08_ebay_listing_sales_aug2026.csv,221,EB-2608-000019,2026-08-09T08:00:00-04:00,2026-08-10,shipped,,USD,true
08_ebay_listing_sales_aug2026.csv,376,EB-2608-000020,2026-08-15T08:00:00-04:00,2026-08-17,shipped,,USD,true
08_ebay_listing_sales_aug2026.csv,130,EB-2608-000021,2026-08-06T08:00:00-04:00,2026-08-07,shipped,,USD,true
08_ebay_listing_sales_aug2026.csv,26,EB-2608-000022,2026-08-02T08:00:00-04:00,2026-08-03,shipped,,USD,true
08_ebay_listing_sales_aug2026.csv,714,EB-2608-000023,2026-08-27T08:00:00-04:00,2026-08-31,shipped,,USD,true
08_ebay_listing_sales_aug2026.csv,741,EB-2608-000024,2026-08-28T08:00:00-04:00,2026-08-31,shipped,,USD,true
08_ebay_listing_sales_aug2026.csv,715,EB-2608-000025,2026-08-27T08:00:00-04:00,2026-08-28,shipped,,USD,true
08_ebay_listing_sales_aug2026.csv,519,EB-2608-000026,2026-08-20T08:00:00-04:00,2026-08-21,shipped,,USD,true
08_ebay_listing_sales_aug2026.csv,355,EB-2608-000027,2026-08-14T08:00:00-04:00,2026-08-17,shipped,,USD,true
08_ebay_listing_sales_aug2026.csv,131,EB-2608-000028,2026-08-06T08:00:00-04:00,2026-08-10,shipped,,USD,true
08_ebay_listing_sales_aug2026.csv,685,EB-2608-000029,2026-08-26T08:00:00-04:00,2026-08-27,shipped,,USD,true
08_ebay_listing_sales_aug2026.csv,716,EB-2608-000030,2026-08-27T08:00:00-04:00,2026-08-31,shipped,,USD,true
08_ebay_listing_sales_aug2026.csv,100,EB-2608-000031,2026-08-05T08:00:00-04:00,2026-08-07,shipped,,USD,true
08_ebay_listing_sales_aug2026.csv,662,EB-2608-000032,2026-08-25T08:00:00-04:00,2026-08-31,shipped,,USD,true
08_ebay_listing_sales_aug2026.csv,742,EB-2608-000033,2026-08-28T08:00:00-04:00,2026-08-31,shipped,,USD,true
08_ebay_listing_sales_aug2026.csv,309,EB-2608-000034,2026-08-12T08:00:00-04:00,2026-08-17,shipped,,USD,true
08_ebay_listing_sales_aug2026.csv,813,EB-2608-000035,2026-08-30T08:00:00-04:00,,pending_fulfillment,,USD,true
08_ebay_listing_sales_aug2026.csv,154,EB-2608-000036,2026-08-07T08:00:00-04:00,2026-08-10,shipped,,USD,true
08_ebay_listing_sales_aug2026.csv,814,EB-2608-000037,2026-08-30T08:00:00-04:00,2026-08-31,shipped,,USD,true
08_ebay_listing_sales_aug2026.csv,815,EB-2608-000038,2026-08-30T08:00:00-04:00,,local_pickup,,USD,true
08_ebay_listing_sales_aug2026.csv,462,EB-2608-000039,2026-08-18T08:00:00-04:00,2026-08-21,shipped,,USD,true
08_ebay_listing_sales_aug2026.csv,864,EB-2608-000040,2026-08-31T08:00:00-04:00,,pending_fulfillment,,USD,true
08_ebay_listing_sales_aug2026.csv,571,EB-2608-000041,2026-08-22T08:00:00-04:00,2026-08-24,shipped,,USD,true
08_ebay_listing_sales_aug2026.csv,284,EB-2608-000042,2026-08-11T08:00:00-04:00,2026-08-14,shipped,,USD,true
08_ebay_listing_sales_aug2026.csv,463,EB-2608-000043,2026-08-18T08:00:00-04:00,2026-08-21,shipped,,USD,true
08_ebay_listing_sales_aug2026.csv,764,EB-2608-000044,2026-08-29T08:00:00-04:00,2026-08-31,shipped,,USD,true
08_ebay_listing_sales_aug2026.csv,445,EB-2608-000045,2026-08-17T08:00:00-04:00,,local_pickup,,USD,true
08_ebay_listing_sales_aug2026.csv,27,EB-2608-000046,2026-08-02T08:00:00-04:00,2026-08-03,shipped,2026-08-10T21:00:00-04:00,USD,true
08_ebay_listing_sales_aug2026.csv,257,EB-2608-000047,2026-08-10T08:00:00-04:00,2026-08-11,shipped,,USD,true
08_ebay_listing_sales_aug2026.csv,310,EB-2608-000048,2026-08-12T08:00:00-04:00,2026-08-14,shipped,,USD,true
08_ebay_listing_sales_aug2026.csv,334,EB-2608-000049,2026-08-13T08:00:00-04:00,2026-08-17,shipped,,USD,true
08_ebay_listing_sales_aug2026.csv,816,EB-2608-000050,2026-08-30T08:00:00-04:00,2026-08-31,shipped,,USD,true
08_ebay_listing_sales_aug2026.csv,544,EB-2608-000051,2026-08-21T08:00:00-04:00,2026-08-24,shipped,,USD,true
08_ebay_listing_sales_aug2026.csv,258,EB-2608-000052,2026-08-10T08:00:00-04:00,2026-08-12,shipped,,USD,true
08_ebay_listing_sales_aug2026.csv,520,EB-2608-000053,2026-08-20T08:00:00-04:00,2026-08-24,shipped,,USD,true
08_ebay_listing_sales_aug2026.csv,411,EB-2608-000054,2026-08-16T08:00:00-04:00,2026-08-17,shipped,,USD,true
08_ebay_listing_sales_aug2026.csv,101,EB-2608-000055,2026-08-05T08:00:00-04:00,2026-08-10,shipped,,USD,true
08_ebay_listing_sales_aug2026.csv,75,EB-2608-000056,2026-08-04T08:00:00-04:00,2026-08-06,shipped,,USD,true
08_ebay_listing_sales_aug2026.csv,102,EB-2608-000057,2026-08-05T08:00:00-04:00,2026-08-06,shipped,,USD,true
08_ebay_listing_sales_aug2026.csv,521,EB-2608-000058,2026-08-20T08:00:00-04:00,2026-08-21,shipped,,USD,true
08_ebay_listing_sales_aug2026.csv,1,EB-2608-000059,2026-08-01T08:00:00-04:00,2026-08-03,shipped,,USD,true
08_ebay_listing_sales_aug2026.csv,28,EB-2608-000060,2026-08-02T08:00:00-04:00,2026-08-04,shipped,,USD,true
08_ebay_listing_sales_aug2026.csv,103,EB-2608-000061,2026-08-05T08:00:00-04:00,2026-08-06,shipped,,USD,true
08_ebay_listing_sales_aug2026.csv,865,EB-2608-000062,2026-08-31T08:00:00-04:00,,pending_fulfillment,,USD,true
08_ebay_listing_sales_aug2026.csv,259,EB-2608-000063,2026-08-10T08:00:00-04:00,2026-08-11,shipped,,USD,true
08_ebay_listing_sales_aug2026.csv,54,EB-2608-000064,2026-08-03T08:00:00-04:00,2026-08-05,shipped,,USD,true
08_ebay_listing_sales_aug2026.csv,187,EB-2608-000065,2026-08-08T08:00:00-04:00,2026-08-10,shipped,,USD,true
08_ebay_listing_sales_aug2026.csv,817,EB-2608-000066,2026-08-30T08:00:00-04:00,,pending_fulfillment,,USD,true
08_ebay_listing_sales_aug2026.csv,104,EB-2608-000067,2026-08-05T08:00:00-04:00,2026-08-06,shipped,2026-08-16T21:00:00-04:00,USD,true
08_ebay_listing_sales_aug2026.csv,866,EB-2608-000068,2026-08-31T08:00:00-04:00,,pending_fulfillment,,USD,true
08_ebay_listing_sales_aug2026.csv,867,EB-2608-000069,2026-08-31T08:00:00-04:00,,pending_fulfillment,,USD,true
08_ebay_listing_sales_aug2026.csv,446,EB-2608-000070,2026-08-17T08:00:00-04:00,2026-08-18,shipped,,USD,true
08_ebay_listing_sales_aug2026.csv,601,EB-2608-000071,2026-08-23T08:00:00-04:00,2026-08-26,shipped,,USD,true
08_ebay_listing_sales_aug2026.csv,627,EB-2608-000072,2026-08-24T08:00:00-04:00,2026-08-27,shipped,,USD,true
08_ebay_listing_sales_aug2026.csv,285,EB-2608-000073,2026-08-11T08:00:00-04:00,2026-08-12,shipped,,USD,true
08_ebay_listing_sales_aug2026.csv,765,EB-2608-000074,2026-08-29T08:00:00-04:00,,pending_fulfillment,,USD,true
08_ebay_listing_sales_aug2026.csv,743,EB-2608-000075,2026-08-28T08:00:00-04:00,2026-08-31,shipped,,USD,true
08_ebay_listing_sales_aug2026.csv,356,EB-2608-000076,2026-08-14T08:00:00-04:00,2026-08-17,shipped,,USD,true
08_ebay_listing_sales_aug2026.csv,818,EB-2608-000077,2026-08-30T08:00:00-04:00,2026-08-31,shipped,,USD,true
08_ebay_listing_sales_aug2026.csv,522,EB-2608-000078,2026-08-20T08:00:00-04:00,2026-08-24,shipped,2026-08-24T21:00:00-04:00,USD,true
08_ebay_listing_sales_aug2026.csv,523,EB-2608-000079,2026-08-20T08:00:00-04:00,2026-08-21,shipped,,USD,true
08_ebay_listing_sales_aug2026.csv,717,EB-2608-000080,2026-08-27T08:00:00-04:00,2026-08-31,shipped,,USD,true
08_ebay_listing_sales_aug2026.csv,602,EB-2608-000081,2026-08-23T08:00:00-04:00,2026-08-27,shipped,,USD,true
08_ebay_listing_sales_aug2026.csv,260,EB-2608-000082,2026-08-10T08:00:00-04:00,2026-08-11,shipped,,USD,true
08_ebay_listing_sales_aug2026.csv,2,EB-2608-000083,2026-08-01T08:00:00-04:00,2026-08-03,shipped,,USD,true
08_ebay_listing_sales_aug2026.csv,55,EB-2608-000084,2026-08-03T08:00:00-04:00,2026-08-04,shipped,,USD,true
08_ebay_listing_sales_aug2026.csv,155,EB-2608-000085,2026-08-07T08:00:00-04:00,2026-08-10,shipped,2026-08-15T21:00:00-04:00,USD,true
08_ebay_listing_sales_aug2026.csv,868,EB-2608-000086,2026-08-31T08:00:00-04:00,,pending_fulfillment,,USD,true
08_ebay_listing_sales_aug2026.csv,76,EB-2608-000087,2026-08-04T08:00:00-04:00,2026-08-06,shipped,,USD,true
08_ebay_listing_sales_aug2026.csv,156,EB-2608-000088,2026-08-07T08:00:00-04:00,2026-08-10,shipped,,USD,true
08_ebay_listing_sales_aug2026.csv,29,EB-2608-000089,2026-08-02T08:00:00-04:00,2026-08-03,shipped,,USD,true
08_ebay_listing_sales_aug2026.csv,819,EB-2608-000090,2026-08-30T08:00:00-04:00,,pending_fulfillment,,USD,true
08_ebay_listing_sales_aug2026.csv,820,EB-2608-000091,2026-08-30T08:00:00-04:00,2026-08-31,shipped,,USD,true
08_ebay_listing_sales_aug2026.csv,77,EB-2608-000092,2026-08-04T08:00:00-04:00,2026-08-05,shipped,,USD,true
08_ebay_listing_sales_aug2026.csv,686,EB-2608-000093,2026-08-26T08:00:00-04:00,,local_pickup,,USD,true
08_ebay_listing_sales_aug2026.csv,766,EB-2608-000094,2026-08-29T08:00:00-04:00,2026-08-31,shipped,,USD,true
08_ebay_listing_sales_aug2026.csv,767,EB-2608-000095,2026-08-29T08:00:00-04:00,2026-08-31,shipped,,USD,true
08_ebay_listing_sales_aug2026.csv,603,EB-2608-000096,2026-08-23T08:00:00-04:00,2026-08-25,shipped,,USD,true
08_ebay_listing_sales_aug2026.csv,869,EB-2608-000097,2026-08-31T08:00:00-04:00,,local_pickup,2026-08-31T21:00:00-04:00,USD,true
08_ebay_listing_sales_aug2026.csv,78,EB-2608-000098,2026-08-04T08:00:00-04:00,2026-08-05,shipped,,USD,true
08_ebay_listing_sales_aug2026.csv,222,EB-2608-000099,2026-08-09T08:00:00-04:00,2026-08-10,shipped,,USD,true
08_ebay_listing_sales_aug2026.csv,261,EB-2608-000100,2026-08-10T08:00:00-04:00,2026-08-12,shipped,,USD,true
08_ebay_listing_sales_aug2026.csv,870,EB-2608-000101,2026-08-31T08:00:00-04:00,,local_pickup,,USD,true
08_ebay_listing_sales_aug2026.csv,188,EB-2608-000102,2026-08-08T08:00:00-04:00,2026-08-10,shipped,,USD,true
08_ebay_listing_sales_aug2026.csv,464,EB-2608-000103,2026-08-18T08:00:00-04:00,2026-08-21,shipped,,USD,true
08_ebay_listing_sales_aug2026.csv,465,EB-2608-000104,2026-08-18T08:00:00-04:00,2026-08-21,shipped,,USD,true
08_ebay_listing_sales_aug2026.csv,105,EB-2608-000105,2026-08-05T08:00:00-04:00,2026-08-06,shipped,,USD,true
08_ebay_listing_sales_aug2026.csv,572,EB-2608-000106,2026-08-22T08:00:00-04:00,2026-08-24,shipped,,USD,true
08_ebay_listing_sales_aug2026.csv,545,EB-2608-000107,2026-08-21T08:00:00-04:00,2026-08-24,shipped,,USD,true
08_ebay_listing_sales_aug2026.csv,768,EB-2608-000108,2026-08-29T08:00:00-04:00,2026-08-31,shipped,,USD,true
08_ebay_listing_sales_aug2026.csv,286,EB-2608-000109,2026-08-11T08:00:00-04:00,,local_pickup,,USD,true
08_ebay_listing_sales_aug2026.csv,821,EB-2608-000110,2026-08-30T08:00:00-04:00,2026-08-31,shipped,,USD,true
08_ebay_listing_sales_aug2026.csv,262,EB-2608-000111,2026-08-10T08:00:00-04:00,2026-08-11,shipped,,USD,true
08_ebay_listing_sales_aug2026.csv,30,EB-2608-000112,2026-08-02T08:00:00-04:00,2026-08-03,shipped,,USD,true
08_ebay_listing_sales_aug2026.csv,718,EB-2608-000113,2026-08-27T08:00:00-04:00,2026-08-31,shipped,,USD,true
08_ebay_listing_sales_aug2026.csv,31,EB-2608-000114,2026-08-02T08:00:00-04:00,2026-08-05,shipped,,USD,true
08_ebay_listing_sales_aug2026.csv,377,EB-2608-000115,2026-08-15T08:00:00-04:00,2026-08-17,shipped,2026-08-27T21:00:00-04:00,USD,true
08_ebay_listing_sales_aug2026.csv,546,EB-2608-000116,2026-08-21T08:00:00-04:00,,local_pickup,,USD,true
08_ebay_listing_sales_aug2026.csv,189,EB-2608-000117,2026-08-08T08:00:00-04:00,2026-08-11,shipped,,USD,true
08_ebay_listing_sales_aug2026.csv,822,EB-2608-000118,2026-08-30T08:00:00-04:00,,pending_fulfillment,,USD,true
08_ebay_listing_sales_aug2026.csv,769,EB-2608-000119,2026-08-29T08:00:00-04:00,2026-08-31,shipped,,USD,true
08_ebay_listing_sales_aug2026.csv,628,EB-2608-000120,2026-08-24T08:00:00-04:00,2026-08-25,shipped,,USD,true
08_ebay_listing_sales_aug2026.csv,604,EB-2608-000121,2026-08-23T08:00:00-04:00,2026-08-24,shipped,,USD,true
08_ebay_listing_sales_aug2026.csv,719,EB-2608-000122,2026-08-27T08:00:00-04:00,2026-08-28,shipped,,USD,true
08_ebay_listing_sales_aug2026.csv,605,EB-2608-000123,2026-08-23T08:00:00-04:00,2026-08-25,shipped,,USD,true
08_ebay_listing_sales_aug2026.csv,157,EB-2608-000124,2026-08-07T08:00:00-04:00,2026-08-11,shipped,,USD,true
08_ebay_listing_sales_aug2026.csv,357,EB-2608-000125,2026-08-14T08:00:00-04:00,2026-08-17,shipped,,USD,true
08_ebay_listing_sales_aug2026.csv,629,EB-2608-000126,2026-08-24T08:00:00-04:00,2026-08-27,shipped,,USD,true
08_ebay_listing_sales_aug2026.csv,223,EB-2608-000127,2026-08-09T08:00:00-04:00,2026-08-11,shipped,,USD,true
08_ebay_listing_sales_aug2026.csv,466,EB-2608-000128,2026-08-18T08:00:00-04:00,2026-08-19,shipped,,USD,true
08_ebay_listing_sales_aug2026.csv,56,EB-2608-000129,2026-08-03T08:00:00-04:00,2026-08-05,shipped,,USD,true
08_ebay_listing_sales_aug2026.csv,823,EB-2608-000130,2026-08-30T08:00:00-04:00,,pending_fulfillment,,USD,true
08_ebay_listing_sales_aug2026.csv,573,EB-2608-000131,2026-08-22T08:00:00-04:00,2026-08-24,shipped,,USD,true
08_ebay_listing_sales_aug2026.csv,106,EB-2608-000132,2026-08-05T08:00:00-04:00,,local_pickup,,USD,true
08_ebay_listing_sales_aug2026.csv,3,EB-2608-000133,2026-08-01T08:00:00-04:00,2026-08-03,shipped,,USD,true
08_ebay_listing_sales_aug2026.csv,871,EB-2608-000134,2026-08-31T08:00:00-04:00,,canceled_before_fulfillment,2026-08-31T21:00:00-04:00,USD,true
08_ebay_listing_sales_aug2026.csv,263,EB-2608-000135,2026-08-10T08:00:00-04:00,2026-08-13,shipped,,USD,true
08_ebay_listing_sales_aug2026.csv,824,EB-2608-000136,2026-08-30T08:00:00-04:00,,local_pickup,,USD,true
08_ebay_listing_sales_aug2026.csv,663,EB-2608-000137,2026-08-25T08:00:00-04:00,2026-08-28,shipped,,USD,true
08_ebay_listing_sales_aug2026.csv,132,EB-2608-000138,2026-08-06T08:00:00-04:00,2026-08-07,shipped,2026-08-08T21:00:00-04:00,USD,true
08_ebay_listing_sales_aug2026.csv,499,EB-2608-000139,2026-08-19T08:00:00-04:00,2026-08-20,shipped,,USD,true
08_ebay_listing_sales_aug2026.csv,358,EB-2608-000140,2026-08-14T08:00:00-04:00,2026-08-17,shipped,,USD,true
08_ebay_listing_sales_aug2026.csv,412,EB-2608-000141,2026-08-16T08:00:00-04:00,2026-08-21,shipped,,USD,true
08_ebay_listing_sales_aug2026.csv,224,EB-2608-000142,2026-08-09T08:00:00-04:00,,canceled_before_fulfillment,2026-08-11T21:00:00-04:00,USD,true
08_ebay_listing_sales_aug2026.csv,770,EB-2608-000143,2026-08-29T08:00:00-04:00,2026-08-31,shipped,,USD,true
08_ebay_listing_sales_aug2026.csv,687,EB-2608-000144,2026-08-26T08:00:00-04:00,2026-08-27,shipped,,USD,true
08_ebay_listing_sales_aug2026.csv,107,EB-2608-000145,2026-08-05T08:00:00-04:00,2026-08-07,shipped,,USD,true
08_ebay_listing_sales_aug2026.csv,547,EB-2608-000146,2026-08-21T08:00:00-04:00,2026-08-24,shipped,,USD,true
08_ebay_listing_sales_aug2026.csv,79,EB-2608-000147,2026-08-04T08:00:00-04:00,2026-08-05,shipped,,USD,true
08_ebay_listing_sales_aug2026.csv,108,EB-2608-000148,2026-08-05T08:00:00-04:00,2026-08-07,shipped,,USD,true
08_ebay_listing_sales_aug2026.csv,133,EB-2608-000149,2026-08-06T08:00:00-04:00,2026-08-10,shipped,,USD,true
08_ebay_listing_sales_aug2026.csv,109,EB-2608-000150,2026-08-05T08:00:00-04:00,2026-08-06,shipped,,USD,true
08_ebay_listing_sales_aug2026.csv,158,EB-2608-000151,2026-08-07T08:00:00-04:00,2026-08-10,shipped,,USD,true
08_ebay_listing_sales_aug2026.csv,872,EB-2608-000152,2026-08-31T08:00:00-04:00,,pending_fulfillment,,USD,true
08_ebay_listing_sales_aug2026.csv,110,EB-2608-000153,2026-08-05T08:00:00-04:00,2026-08-06,shipped,,USD,true
08_ebay_listing_sales_aug2026.csv,548,EB-2608-000154,2026-08-21T08:00:00-04:00,2026-08-24,shipped,,USD,true
08_ebay_listing_sales_aug2026.csv,413,EB-2608-000155,2026-08-16T08:00:00-04:00,2026-08-18,shipped,,USD,true
08_ebay_listing_sales_aug2026.csv,720,EB-2608-000156,2026-08-27T08:00:00-04:00,2026-08-28,shipped,,USD,true
08_ebay_listing_sales_aug2026.csv,630,EB-2608-000157,2026-08-24T08:00:00-04:00,2026-08-26,shipped,,USD,true
08_ebay_listing_sales_aug2026.csv,771,EB-2608-000158,2026-08-29T08:00:00-04:00,2026-08-31,shipped,,USD,true
08_ebay_listing_sales_aug2026.csv,335,EB-2608-000159,2026-08-13T08:00:00-04:00,2026-08-14,shipped,,USD,true
08_ebay_listing_sales_aug2026.csv,524,EB-2608-000160,2026-08-20T08:00:00-04:00,2026-08-21,shipped,,USD,true
08_ebay_listing_sales_aug2026.csv,574,EB-2608-000161,2026-08-22T08:00:00-04:00,2026-08-24,shipped,,USD,true
08_ebay_listing_sales_aug2026.csv,32,EB-2608-000162,2026-08-02T08:00:00-04:00,2026-08-04,shipped,,USD,true
08_ebay_listing_sales_aug2026.csv,287,EB-2608-000163,2026-08-11T08:00:00-04:00,2026-08-13,shipped,,USD,true
08_ebay_listing_sales_aug2026.csv,414,EB-2608-000164,2026-08-16T08:00:00-04:00,2026-08-18,shipped,,USD,true
08_ebay_listing_sales_aug2026.csv,688,EB-2608-000165,2026-08-26T08:00:00-04:00,2026-08-27,shipped,,USD,true
08_ebay_listing_sales_aug2026.csv,825,EB-2608-000166,2026-08-30T08:00:00-04:00,,pending_fulfillment,,USD,true
08_ebay_listing_sales_aug2026.csv,4,EB-2608-000167,2026-08-01T08:00:00-04:00,,local_pickup,,USD,true
08_ebay_listing_sales_aug2026.csv,826,EB-2608-000168,2026-08-30T08:00:00-04:00,,pending_fulfillment,,USD,true
08_ebay_listing_sales_aug2026.csv,873,EB-2608-000169,2026-08-31T08:00:00-04:00,,pending_fulfillment,,USD,true
08_ebay_listing_sales_aug2026.csv,415,EB-2608-000170,2026-08-16T08:00:00-04:00,2026-08-19,shipped,,USD,true
08_ebay_listing_sales_aug2026.csv,225,EB-2608-000171,2026-08-09T08:00:00-04:00,2026-08-11,shipped,,USD,true
08_ebay_listing_sales_aug2026.csv,288,EB-2608-000172,2026-08-11T08:00:00-04:00,2026-08-13,shipped,,USD,true
08_ebay_listing_sales_aug2026.csv,159,EB-2608-000173,2026-08-07T08:00:00-04:00,2026-08-10,shipped,,USD,true
08_ebay_listing_sales_aug2026.csv,631,EB-2608-000174,2026-08-24T08:00:00-04:00,2026-08-26,shipped,,USD,true
08_ebay_listing_sales_aug2026.csv,336,EB-2608-000175,2026-08-13T08:00:00-04:00,2026-08-14,shipped,,USD,true
08_ebay_listing_sales_aug2026.csv,190,EB-2608-000176,2026-08-08T08:00:00-04:00,2026-08-10,shipped,,USD,true
08_ebay_listing_sales_aug2026.csv,664,EB-2608-000177,2026-08-25T08:00:00-04:00,2026-08-27,shipped,,USD,true
08_ebay_listing_sales_aug2026.csv,378,EB-2608-000178,2026-08-15T08:00:00-04:00,2026-08-17,shipped,,USD,true
08_ebay_listing_sales_aug2026.csv,632,EB-2608-000179,2026-08-24T08:00:00-04:00,2026-08-25,shipped,,USD,true
08_ebay_listing_sales_aug2026.csv,191,EB-2608-000180,2026-08-08T08:00:00-04:00,2026-08-10,shipped,,USD,true
08_ebay_listing_sales_aug2026.csv,80,EB-2608-000181,2026-08-04T08:00:00-04:00,2026-08-07,shipped,,USD,true
08_ebay_listing_sales_aug2026.csv,160,EB-2608-000182,2026-08-07T08:00:00-04:00,2026-08-10,shipped,,USD,true
08_ebay_listing_sales_aug2026.csv,827,EB-2608-000183,2026-08-30T08:00:00-04:00,,pending_fulfillment,,USD,true
08_ebay_listing_sales_aug2026.csv,633,EB-2608-000184,2026-08-24T08:00:00-04:00,2026-08-28,shipped,,USD,true
08_ebay_listing_sales_aug2026.csv,828,EB-2608-000185,2026-08-30T08:00:00-04:00,2026-08-31,shipped,,USD,true
08_ebay_listing_sales_aug2026.csv,606,EB-2608-000186,2026-08-23T08:00:00-04:00,2026-08-26,shipped,,USD,true
08_ebay_listing_sales_aug2026.csv,689,EB-2608-000187,2026-08-26T08:00:00-04:00,2026-08-27,shipped,,USD,true
08_ebay_listing_sales_aug2026.csv,549,EB-2608-000188,2026-08-21T08:00:00-04:00,2026-08-24,shipped,,USD,true
08_ebay_listing_sales_aug2026.csv,289,EB-2608-000189,2026-08-11T08:00:00-04:00,2026-08-12,shipped,,USD,true
08_ebay_listing_sales_aug2026.csv,226,EB-2608-000190,2026-08-09T08:00:00-04:00,,local_pickup,,USD,true
08_ebay_listing_sales_aug2026.csv,772,EB-2608-000191,2026-08-29T08:00:00-04:00,,local_pickup,,USD,true
08_ebay_listing_sales_aug2026.csv,525,EB-2608-000192,2026-08-20T08:00:00-04:00,2026-08-24,shipped,,USD,true
08_ebay_listing_sales_aug2026.csv,359,EB-2608-000193,2026-08-14T08:00:00-04:00,2026-08-17,shipped,,USD,true
08_ebay_listing_sales_aug2026.csv,264,EB-2608-000194,2026-08-10T08:00:00-04:00,2026-08-12,shipped,,USD,true
08_ebay_listing_sales_aug2026.csv,575,EB-2608-000195,2026-08-22T08:00:00-04:00,2026-08-24,shipped,,USD,true
08_ebay_listing_sales_aug2026.csv,721,EB-2608-000196,2026-08-27T08:00:00-04:00,2026-08-28,shipped,,USD,true
08_ebay_listing_sales_aug2026.csv,311,EB-2608-000197,2026-08-12T08:00:00-04:00,2026-08-13,shipped,,USD,true
08_ebay_listing_sales_aug2026.csv,829,EB-2608-000198,2026-08-30T08:00:00-04:00,,pending_fulfillment,,USD,true
08_ebay_listing_sales_aug2026.csv,576,EB-2608-000199,2026-08-22T08:00:00-04:00,2026-08-24,shipped,,USD,true
08_ebay_listing_sales_aug2026.csv,312,EB-2608-000200,2026-08-12T08:00:00-04:00,2026-08-13,shipped,,USD,true
08_ebay_listing_sales_aug2026.csv,874,EB-2608-000201,2026-08-31T08:00:00-04:00,,local_pickup,,USD,true
08_ebay_listing_sales_aug2026.csv,313,EB-2608-000202,2026-08-12T08:00:00-04:00,2026-08-14,shipped,,USD,true
08_ebay_listing_sales_aug2026.csv,665,EB-2608-000203,2026-08-25T08:00:00-04:00,2026-08-27,shipped,,USD,true
08_ebay_listing_sales_aug2026.csv,634,EB-2608-000204,2026-08-24T08:00:00-04:00,2026-08-26,shipped,2026-08-26T21:00:00-04:00,USD,true
08_ebay_listing_sales_aug2026.csv,227,EB-2608-000205,2026-08-09T08:00:00-04:00,2026-08-10,shipped,,USD,true
08_ebay_listing_sales_aug2026.csv,875,EB-2608-000206,2026-08-31T08:00:00-04:00,,pending_fulfillment,,USD,true
08_ebay_listing_sales_aug2026.csv,550,EB-2608-000207,2026-08-21T08:00:00-04:00,2026-08-24,shipped,,USD,true
08_ebay_listing_sales_aug2026.csv,228,EB-2608-000208,2026-08-09T08:00:00-04:00,2026-08-11,shipped,,USD,true
08_ebay_listing_sales_aug2026.csv,551,EB-2608-000209,2026-08-21T08:00:00-04:00,,local_pickup,,USD,true
08_ebay_listing_sales_aug2026.csv,577,EB-2608-000210,2026-08-22T08:00:00-04:00,2026-08-26,shipped,,USD,true
08_ebay_listing_sales_aug2026.csv,379,EB-2608-000211,2026-08-15T08:00:00-04:00,2026-08-20,shipped,,USD,true
08_ebay_listing_sales_aug2026.csv,773,EB-2608-000212,2026-08-29T08:00:00-04:00,2026-08-31,shipped,,USD,true
08_ebay_listing_sales_aug2026.csv,416,EB-2608-000213,2026-08-16T08:00:00-04:00,2026-08-20,shipped,,USD,true
08_ebay_listing_sales_aug2026.csv,314,EB-2608-000214,2026-08-12T08:00:00-04:00,2026-08-13,shipped,,USD,true
08_ebay_listing_sales_aug2026.csv,229,EB-2608-000215,2026-08-09T08:00:00-04:00,2026-08-13,shipped,,USD,true
08_ebay_listing_sales_aug2026.csv,81,EB-2608-000216,2026-08-04T08:00:00-04:00,2026-08-06,shipped,,USD,true
08_ebay_listing_sales_aug2026.csv,315,EB-2608-000217,2026-08-12T08:00:00-04:00,2026-08-13,shipped,,USD,true
08_ebay_listing_sales_aug2026.csv,830,EB-2608-000218,2026-08-30T08:00:00-04:00,,pending_fulfillment,,USD,true
08_ebay_listing_sales_aug2026.csv,722,EB-2608-000219,2026-08-27T08:00:00-04:00,2026-08-31,shipped,,USD,true
08_ebay_listing_sales_aug2026.csv,57,EB-2608-000220,2026-08-03T08:00:00-04:00,2026-08-07,shipped,,USD,true
08_ebay_listing_sales_aug2026.csv,447,EB-2608-000221,2026-08-17T08:00:00-04:00,2026-08-20,shipped,,USD,true
08_ebay_listing_sales_aug2026.csv,448,EB-2608-000222,2026-08-17T08:00:00-04:00,2026-08-19,shipped,,USD,true
08_ebay_listing_sales_aug2026.csv,831,EB-2608-000223,2026-08-30T08:00:00-04:00,,pending_fulfillment,,USD,true
08_ebay_listing_sales_aug2026.csv,607,EB-2608-000224,2026-08-23T08:00:00-04:00,,local_pickup,,USD,true
08_ebay_listing_sales_aug2026.csv,723,EB-2608-000225,2026-08-27T08:00:00-04:00,2026-08-28,shipped,,USD,true
08_ebay_listing_sales_aug2026.csv,33,EB-2608-000226,2026-08-02T08:00:00-04:00,2026-08-03,shipped,,USD,true
08_ebay_listing_sales_aug2026.csv,690,EB-2608-000227,2026-08-26T08:00:00-04:00,2026-08-31,shipped,,USD,true
08_ebay_listing_sales_aug2026.csv,691,EB-2608-000228,2026-08-26T08:00:00-04:00,2026-08-27,shipped,,USD,true
08_ebay_listing_sales_aug2026.csv,876,EB-2608-000229,2026-08-31T08:00:00-04:00,,pending_fulfillment,,USD,true
08_ebay_listing_sales_aug2026.csv,290,EB-2608-000230,2026-08-11T08:00:00-04:00,2026-08-13,shipped,,USD,true
08_ebay_listing_sales_aug2026.csv,877,EB-2608-000231,2026-08-31T08:00:00-04:00,,pending_fulfillment,,USD,true
08_ebay_listing_sales_aug2026.csv,134,EB-2608-000232,2026-08-06T08:00:00-04:00,2026-08-07,shipped,,USD,true
08_ebay_listing_sales_aug2026.csv,878,EB-2608-000233,2026-08-31T08:00:00-04:00,,pending_fulfillment,,USD,true
08_ebay_listing_sales_aug2026.csv,291,EB-2608-000234,2026-08-11T08:00:00-04:00,2026-08-14,shipped,,USD,true
08_ebay_listing_sales_aug2026.csv,360,EB-2608-000235,2026-08-14T08:00:00-04:00,2026-08-17,shipped,,USD,true
08_ebay_listing_sales_aug2026.csv,230,EB-2608-000236,2026-08-09T08:00:00-04:00,2026-08-14,shipped,,USD,true
08_ebay_listing_sales_aug2026.csv,111,EB-2608-000237,2026-08-05T08:00:00-04:00,2026-08-07,shipped,,USD,true
08_ebay_listing_sales_aug2026.csv,578,EB-2608-000238,2026-08-22T08:00:00-04:00,2026-08-24,shipped,,USD,true
08_ebay_listing_sales_aug2026.csv,526,EB-2608-000239,2026-08-20T08:00:00-04:00,2026-08-24,shipped,,USD,true
08_ebay_listing_sales_aug2026.csv,692,EB-2608-000240,2026-08-26T08:00:00-04:00,2026-08-28,shipped,,USD,true
08_ebay_listing_sales_aug2026.csv,292,EB-2608-000241,2026-08-11T08:00:00-04:00,2026-08-13,shipped,,USD,true
08_ebay_listing_sales_aug2026.csv,832,EB-2608-000242,2026-08-30T08:00:00-04:00,2026-08-31,shipped,,USD,true
08_ebay_listing_sales_aug2026.csv,380,EB-2608-000243,2026-08-15T08:00:00-04:00,,local_pickup,,USD,true
08_ebay_listing_sales_aug2026.csv,774,EB-2608-000244,2026-08-29T08:00:00-04:00,2026-08-31,shipped,,USD,true
08_ebay_listing_sales_aug2026.csv,337,EB-2608-000245,2026-08-13T08:00:00-04:00,2026-08-14,shipped,,USD,true
08_ebay_listing_sales_aug2026.csv,635,EB-2608-000246,2026-08-24T08:00:00-04:00,2026-08-25,shipped,,USD,true
08_ebay_listing_sales_aug2026.csv,467,EB-2608-000247,2026-08-18T08:00:00-04:00,2026-08-20,shipped,,USD,true
08_ebay_listing_sales_aug2026.csv,608,EB-2608-000248,2026-08-23T08:00:00-04:00,2026-08-24,shipped,,USD,true
08_ebay_listing_sales_aug2026.csv,112,EB-2608-000249,2026-08-05T08:00:00-04:00,,local_pickup,,USD,true
08_ebay_listing_sales_aug2026.csv,879,EB-2608-000250,2026-08-31T08:00:00-04:00,,pending_fulfillment,,USD,true
08_ebay_listing_sales_aug2026.csv,775,EB-2608-000251,2026-08-29T08:00:00-04:00,2026-08-31,shipped,,USD,true
08_ebay_listing_sales_aug2026.csv,527,EB-2608-000252,2026-08-20T08:00:00-04:00,2026-08-24,shipped,,USD,true
08_ebay_listing_sales_aug2026.csv,265,EB-2608-000253,2026-08-10T08:00:00-04:00,2026-08-13,shipped,,USD,true
08_ebay_listing_sales_aug2026.csv,361,EB-2608-000254,2026-08-14T08:00:00-04:00,2026-08-17,shipped,,USD,true
08_ebay_listing_sales_aug2026.csv,362,EB-2608-000255,2026-08-14T08:00:00-04:00,2026-08-17,shipped,,USD,true
08_ebay_listing_sales_aug2026.csv,468,EB-2608-000256,2026-08-18T08:00:00-04:00,2026-08-21,shipped,,USD,true
08_ebay_listing_sales_aug2026.csv,5,EB-2608-000257,2026-08-01T08:00:00-04:00,2026-08-03,shipped,,USD,true
08_ebay_listing_sales_aug2026.csv,231,EB-2608-000258,2026-08-09T08:00:00-04:00,2026-08-10,shipped,,USD,true
08_ebay_listing_sales_aug2026.csv,58,EB-2608-000259,2026-08-03T08:00:00-04:00,2026-08-06,shipped,2026-08-08T21:00:00-04:00,USD,true
08_ebay_listing_sales_aug2026.csv,135,EB-2608-000260,2026-08-06T08:00:00-04:00,2026-08-07,shipped,,USD,true
08_ebay_listing_sales_aug2026.csv,417,EB-2608-000261,2026-08-16T08:00:00-04:00,2026-08-17,shipped,,USD,true
08_ebay_listing_sales_aug2026.csv,34,EB-2608-000262,2026-08-02T08:00:00-04:00,,local_pickup,,USD,true
08_ebay_listing_sales_aug2026.csv,418,EB-2608-000263,2026-08-16T08:00:00-04:00,2026-08-19,shipped,,USD,true
08_ebay_listing_sales_aug2026.csv,693,EB-2608-000264,2026-08-26T08:00:00-04:00,2026-08-28,shipped,,USD,true
08_ebay_listing_sales_aug2026.csv,666,EB-2608-000265,2026-08-25T08:00:00-04:00,2026-08-27,shipped,,USD,true
08_ebay_listing_sales_aug2026.csv,381,EB-2608-000266,2026-08-15T08:00:00-04:00,,local_pickup,,USD,true
08_ebay_listing_sales_aug2026.csv,724,EB-2608-000267,2026-08-27T08:00:00-04:00,2026-08-31,shipped,,USD,true
08_ebay_listing_sales_aug2026.csv,82,EB-2608-000268,2026-08-04T08:00:00-04:00,,canceled_before_fulfillment,2026-08-04T21:00:00-04:00,USD,true
08_ebay_listing_sales_aug2026.csv,500,EB-2608-000269,2026-08-19T08:00:00-04:00,2026-08-21,shipped,,USD,true
08_ebay_listing_sales_aug2026.csv,833,EB-2608-000270,2026-08-30T08:00:00-04:00,,pending_fulfillment,,USD,true
08_ebay_listing_sales_aug2026.csv,725,EB-2608-000271,2026-08-27T08:00:00-04:00,2026-08-31,shipped,,USD,true
08_ebay_listing_sales_aug2026.csv,834,EB-2608-000272,2026-08-30T08:00:00-04:00,,pending_fulfillment,,USD,true
08_ebay_listing_sales_aug2026.csv,694,EB-2608-000273,2026-08-26T08:00:00-04:00,2026-08-27,shipped,,USD,true
08_ebay_listing_sales_aug2026.csv,83,EB-2608-000274,2026-08-04T08:00:00-04:00,2026-08-07,shipped,2026-08-15T21:00:00-04:00,USD,true
08_ebay_listing_sales_aug2026.csv,695,EB-2608-000275,2026-08-26T08:00:00-04:00,2026-08-31,shipped,,USD,true
08_ebay_listing_sales_aug2026.csv,835,EB-2608-000276,2026-08-30T08:00:00-04:00,2026-08-31,shipped,,USD,true
08_ebay_listing_sales_aug2026.csv,338,EB-2608-000277,2026-08-13T08:00:00-04:00,2026-08-14,shipped,,USD,true
08_ebay_listing_sales_aug2026.csv,579,EB-2608-000278,2026-08-22T08:00:00-04:00,2026-08-24,shipped,,USD,true
08_ebay_listing_sales_aug2026.csv,726,EB-2608-000279,2026-08-27T08:00:00-04:00,2026-08-28,shipped,,USD,true
08_ebay_listing_sales_aug2026.csv,776,EB-2608-000280,2026-08-29T08:00:00-04:00,2026-08-31,shipped,,USD,true
08_ebay_listing_sales_aug2026.csv,836,EB-2608-000281,2026-08-30T08:00:00-04:00,2026-08-31,shipped,2026-08-31T21:00:00-04:00,USD,true
08_ebay_listing_sales_aug2026.csv,469,EB-2608-000282,2026-08-18T08:00:00-04:00,2026-08-24,shipped,,USD,true
08_ebay_listing_sales_aug2026.csv,449,EB-2608-000283,2026-08-17T08:00:00-04:00,2026-08-20,shipped,,USD,true
08_ebay_listing_sales_aug2026.csv,636,EB-2608-000284,2026-08-24T08:00:00-04:00,2026-08-26,shipped,,USD,true
08_ebay_listing_sales_aug2026.csv,552,EB-2608-000285,2026-08-21T08:00:00-04:00,2026-08-24,shipped,,USD,true
08_ebay_listing_sales_aug2026.csv,609,EB-2608-000286,2026-08-23T08:00:00-04:00,2026-08-26,shipped,,USD,true
08_ebay_listing_sales_aug2026.csv,161,EB-2608-000287,2026-08-07T08:00:00-04:00,2026-08-10,shipped,,USD,true
08_ebay_listing_sales_aug2026.csv,528,EB-2608-000288,2026-08-20T08:00:00-04:00,2026-08-21,shipped,,USD,true
08_ebay_listing_sales_aug2026.csv,6,EB-2608-000289,2026-08-01T08:00:00-04:00,2026-08-03,shipped,,USD,true
08_ebay_listing_sales_aug2026.csv,777,EB-2608-000290,2026-08-29T08:00:00-04:00,2026-08-31,shipped,,USD,true
08_ebay_listing_sales_aug2026.csv,136,EB-2608-000291,2026-08-06T08:00:00-04:00,2026-08-10,shipped,,USD,true
08_ebay_listing_sales_aug2026.csv,553,EB-2608-000292,2026-08-21T08:00:00-04:00,2026-08-25,shipped,,USD,true
08_ebay_listing_sales_aug2026.csv,778,EB-2608-000293,2026-08-29T08:00:00-04:00,2026-08-31,shipped,,USD,true
08_ebay_listing_sales_aug2026.csv,192,EB-2608-000294,2026-08-08T08:00:00-04:00,2026-08-10,shipped,,USD,true
08_ebay_listing_sales_aug2026.csv,193,EB-2608-000295,2026-08-08T08:00:00-04:00,,canceled_before_fulfillment,2026-08-13T21:00:00-04:00,USD,true
08_ebay_listing_sales_aug2026.csv,637,EB-2608-000296,2026-08-24T08:00:00-04:00,2026-08-26,shipped,,USD,true
08_ebay_listing_sales_aug2026.csv,162,EB-2608-000297,2026-08-07T08:00:00-04:00,,local_pickup,,USD,true
08_ebay_listing_sales_aug2026.csv,554,EB-2608-000298,2026-08-21T08:00:00-04:00,2026-08-24,shipped,,USD,true
08_ebay_listing_sales_aug2026.csv,59,EB-2608-000299,2026-08-03T08:00:00-04:00,2026-08-04,shipped,,USD,true
08_ebay_listing_sales_aug2026.csv,266,EB-2608-000300,2026-08-10T08:00:00-04:00,2026-08-13,shipped,,USD,true
08_ebay_listing_sales_aug2026.csv,419,EB-2608-000301,2026-08-16T08:00:00-04:00,2026-08-17,shipped,,USD,true
08_ebay_listing_sales_aug2026.csv,501,EB-2608-000302,2026-08-19T08:00:00-04:00,2026-08-20,shipped,,USD,true
08_ebay_listing_sales_aug2026.csv,610,EB-2608-000303,2026-08-23T08:00:00-04:00,2026-08-24,shipped,,USD,true
08_ebay_listing_sales_aug2026.csv,293,EB-2608-000304,2026-08-11T08:00:00-04:00,2026-08-12,shipped,,USD,true
08_ebay_listing_sales_aug2026.csv,727,EB-2608-000305,2026-08-27T08:00:00-04:00,2026-08-28,shipped,,USD,true
08_ebay_listing_sales_aug2026.csv,194,EB-2608-000306,2026-08-08T08:00:00-04:00,2026-08-10,shipped,,USD,true
08_ebay_listing_sales_aug2026.csv,696,EB-2608-000307,2026-08-26T08:00:00-04:00,,local_pickup,,USD,true
08_ebay_listing_sales_aug2026.csv,697,EB-2608-000308,2026-08-26T08:00:00-04:00,2026-08-28,shipped,,USD,true
08_ebay_listing_sales_aug2026.csv,837,EB-2608-000309,2026-08-30T08:00:00-04:00,2026-08-31,shipped,,USD,true
08_ebay_listing_sales_aug2026.csv,470,EB-2608-000310,2026-08-18T08:00:00-04:00,2026-08-19,shipped,,USD,true
08_ebay_listing_sales_aug2026.csv,744,EB-2608-000311,2026-08-28T08:00:00-04:00,2026-08-31,shipped,,USD,true
08_ebay_listing_sales_aug2026.csv,382,EB-2608-000312,2026-08-15T08:00:00-04:00,2026-08-19,shipped,,USD,true
08_ebay_listing_sales_aug2026.csv,745,EB-2608-000313,2026-08-28T08:00:00-04:00,2026-08-31,shipped,,USD,true
08_ebay_listing_sales_aug2026.csv,267,EB-2608-000314,2026-08-10T08:00:00-04:00,2026-08-11,shipped,,USD,true
08_ebay_listing_sales_aug2026.csv,838,EB-2608-000315,2026-08-30T08:00:00-04:00,,pending_fulfillment,,USD,true
08_ebay_listing_sales_aug2026.csv,163,EB-2608-000316,2026-08-07T08:00:00-04:00,2026-08-10,shipped,,USD,true
08_ebay_listing_sales_aug2026.csv,471,EB-2608-000317,2026-08-18T08:00:00-04:00,2026-08-19,shipped,,USD,true
08_ebay_listing_sales_aug2026.csv,529,EB-2608-000318,2026-08-20T08:00:00-04:00,2026-08-21,shipped,,USD,true
08_ebay_listing_sales_aug2026.csv,839,EB-2608-000319,2026-08-30T08:00:00-04:00,2026-08-31,shipped,,USD,true
08_ebay_listing_sales_aug2026.csv,840,EB-2608-000320,2026-08-30T08:00:00-04:00,2026-08-31,shipped,,USD,true
08_ebay_listing_sales_aug2026.csv,746,EB-2608-000321,2026-08-28T08:00:00-04:00,2026-08-31,shipped,,USD,true
08_ebay_listing_sales_aug2026.csv,84,EB-2608-000322,2026-08-04T08:00:00-04:00,2026-08-05,shipped,,USD,true
08_ebay_listing_sales_aug2026.csv,667,EB-2608-000323,2026-08-25T08:00:00-04:00,2026-08-27,shipped,,USD,true
08_ebay_listing_sales_aug2026.csv,383,EB-2608-000324,2026-08-15T08:00:00-04:00,2026-08-17,shipped,,USD,true
08_ebay_listing_sales_aug2026.csv,880,EB-2608-000325,2026-08-31T08:00:00-04:00,,pending_fulfillment,,USD,true
08_ebay_listing_sales_aug2026.csv,530,EB-2608-000326,2026-08-20T08:00:00-04:00,2026-08-24,shipped,,USD,true
08_ebay_listing_sales_aug2026.csv,881,EB-2608-000327,2026-08-31T08:00:00-04:00,,pending_fulfillment,,USD,true
08_ebay_listing_sales_aug2026.csv,85,EB-2608-000328,2026-08-04T08:00:00-04:00,2026-08-07,shipped,,USD,true
08_ebay_listing_sales_aug2026.csv,502,EB-2608-000329,2026-08-19T08:00:00-04:00,2026-08-21,shipped,,USD,true
08_ebay_listing_sales_aug2026.csv,384,EB-2608-000330,2026-08-15T08:00:00-04:00,2026-08-17,shipped,,USD,true
08_ebay_listing_sales_aug2026.csv,232,EB-2608-000331,2026-08-09T08:00:00-04:00,2026-08-11,shipped,,USD,true
08_ebay_listing_sales_aug2026.csv,420,EB-2608-000332,2026-08-16T08:00:00-04:00,2026-08-17,shipped,,USD,true
08_ebay_listing_sales_aug2026.csv,164,EB-2608-000333,2026-08-07T08:00:00-04:00,2026-08-10,shipped,,USD,true
08_ebay_listing_sales_aug2026.csv,165,EB-2608-000334,2026-08-07T08:00:00-04:00,2026-08-10,shipped,,USD,true
08_ebay_listing_sales_aug2026.csv,233,EB-2608-000335,2026-08-09T08:00:00-04:00,2026-08-13,shipped,,USD,true
08_ebay_listing_sales_aug2026.csv,779,EB-2608-000336,2026-08-29T08:00:00-04:00,2026-08-31,shipped,,USD,true
08_ebay_listing_sales_aug2026.csv,113,EB-2608-000337,2026-08-05T08:00:00-04:00,2026-08-07,shipped,,USD,true
08_ebay_listing_sales_aug2026.csv,339,EB-2608-000338,2026-08-13T08:00:00-04:00,2026-08-14,shipped,,USD,true
08_ebay_listing_sales_aug2026.csv,747,EB-2608-000339,2026-08-28T08:00:00-04:00,,pending_fulfillment,,USD,true
08_ebay_listing_sales_aug2026.csv,421,EB-2608-000340,2026-08-16T08:00:00-04:00,,local_pickup,,USD,true
08_ebay_listing_sales_aug2026.csv,668,EB-2608-000341,2026-08-25T08:00:00-04:00,2026-08-26,shipped,,USD,true
08_ebay_listing_sales_aug2026.csv,503,EB-2608-000342,2026-08-19T08:00:00-04:00,,local_pickup,,USD,true
08_ebay_listing_sales_aug2026.csv,504,EB-2608-000343,2026-08-19T08:00:00-04:00,2026-08-20,shipped,,USD,true
08_ebay_listing_sales_aug2026.csv,698,EB-2608-000344,2026-08-26T08:00:00-04:00,,local_pickup,,USD,true
08_ebay_listing_sales_aug2026.csv,505,EB-2608-000345,2026-08-19T08:00:00-04:00,,local_pickup,,USD,true
08_ebay_listing_sales_aug2026.csv,60,EB-2608-000346,2026-08-03T08:00:00-04:00,2026-08-05,shipped,,USD,true
08_ebay_listing_sales_aug2026.csv,422,EB-2608-000347,2026-08-16T08:00:00-04:00,2026-08-17,shipped,,USD,true
08_ebay_listing_sales_aug2026.csv,195,EB-2608-000348,2026-08-08T08:00:00-04:00,2026-08-12,shipped,,USD,true
08_ebay_listing_sales_aug2026.csv,137,EB-2608-000349,2026-08-06T08:00:00-04:00,2026-08-07,shipped,,USD,true
08_ebay_listing_sales_aug2026.csv,234,EB-2608-000350,2026-08-09T08:00:00-04:00,2026-08-13,shipped,,USD,true
08_ebay_listing_sales_aug2026.csv,166,EB-2608-000351,2026-08-07T08:00:00-04:00,2026-08-10,shipped,,USD,true
08_ebay_listing_sales_aug2026.csv,780,EB-2608-000352,2026-08-29T08:00:00-04:00,2026-08-31,shipped,,USD,true
08_ebay_listing_sales_aug2026.csv,882,EB-2608-000353,2026-08-31T08:00:00-04:00,,pending_fulfillment,,USD,true
08_ebay_listing_sales_aug2026.csv,340,EB-2608-000354,2026-08-13T08:00:00-04:00,2026-08-14,shipped,,USD,true
08_ebay_listing_sales_aug2026.csv,638,EB-2608-000355,2026-08-24T08:00:00-04:00,2026-08-27,shipped,,USD,true
08_ebay_listing_sales_aug2026.csv,472,EB-2608-000356,2026-08-18T08:00:00-04:00,2026-08-19,shipped,,USD,true
08_ebay_listing_sales_aug2026.csv,506,EB-2608-000357,2026-08-19T08:00:00-04:00,,canceled_before_fulfillment,2026-08-22T21:00:00-04:00,USD,true
08_ebay_listing_sales_aug2026.csv,167,EB-2608-000358,2026-08-07T08:00:00-04:00,2026-08-10,shipped,,USD,true
08_ebay_listing_sales_aug2026.csv,61,EB-2608-000359,2026-08-03T08:00:00-04:00,2026-08-04,shipped,,USD,true
08_ebay_listing_sales_aug2026.csv,841,EB-2608-000360,2026-08-30T08:00:00-04:00,,pending_fulfillment,,USD,true
08_ebay_listing_sales_aug2026.csv,728,EB-2608-000361,2026-08-27T08:00:00-04:00,2026-08-28,shipped,,USD,true
08_ebay_listing_sales_aug2026.csv,268,EB-2608-000362,2026-08-10T08:00:00-04:00,2026-08-11,shipped,,USD,true
08_ebay_listing_sales_aug2026.csv,86,EB-2608-000363,2026-08-04T08:00:00-04:00,2026-08-10,shipped,,USD,true
08_ebay_listing_sales_aug2026.csv,316,EB-2608-000364,2026-08-12T08:00:00-04:00,2026-08-13,shipped,,USD,true
08_ebay_listing_sales_aug2026.csv,168,EB-2608-000365,2026-08-07T08:00:00-04:00,2026-08-10,shipped,,USD,true
08_ebay_listing_sales_aug2026.csv,883,EB-2608-000366,2026-08-31T08:00:00-04:00,,local_pickup,,USD,true
08_ebay_listing_sales_aug2026.csv,169,EB-2608-000367,2026-08-07T08:00:00-04:00,2026-08-10,shipped,,USD,true
08_ebay_listing_sales_aug2026.csv,473,EB-2608-000368,2026-08-18T08:00:00-04:00,2026-08-20,shipped,,USD,true
08_ebay_listing_sales_aug2026.csv,269,EB-2608-000369,2026-08-10T08:00:00-04:00,2026-08-11,shipped,,USD,true
08_ebay_listing_sales_aug2026.csv,341,EB-2608-000370,2026-08-13T08:00:00-04:00,2026-08-14,shipped,,USD,true
08_ebay_listing_sales_aug2026.csv,87,EB-2608-000371,2026-08-04T08:00:00-04:00,2026-08-10,shipped,,USD,true
08_ebay_listing_sales_aug2026.csv,884,EB-2608-000372,2026-08-31T08:00:00-04:00,,pending_fulfillment,,USD,true
08_ebay_listing_sales_aug2026.csv,342,EB-2608-000373,2026-08-13T08:00:00-04:00,2026-08-14,shipped,,USD,true
08_ebay_listing_sales_aug2026.csv,196,EB-2608-000374,2026-08-08T08:00:00-04:00,2026-08-13,shipped,,USD,true
08_ebay_listing_sales_aug2026.csv,197,EB-2608-000375,2026-08-08T08:00:00-04:00,2026-08-10,shipped,,USD,true
08_ebay_listing_sales_aug2026.csv,294,EB-2608-000376,2026-08-11T08:00:00-04:00,2026-08-17,shipped,,USD,true
08_ebay_listing_sales_aug2026.csv,781,EB-2608-000377,2026-08-29T08:00:00-04:00,2026-08-31,shipped,,USD,true
08_ebay_listing_sales_aug2026.csv,170,EB-2608-000378,2026-08-07T08:00:00-04:00,2026-08-10,shipped,,USD,true
08_ebay_listing_sales_aug2026.csv,423,EB-2608-000379,2026-08-16T08:00:00-04:00,2026-08-19,shipped,,USD,true
08_ebay_listing_sales_aug2026.csv,748,EB-2608-000380,2026-08-28T08:00:00-04:00,2026-08-31,shipped,,USD,true
08_ebay_listing_sales_aug2026.csv,7,EB-2608-000381,2026-08-01T08:00:00-04:00,2026-08-03,shipped,2026-08-03T21:00:00-04:00,USD,true
08_ebay_listing_sales_aug2026.csv,639,EB-2608-000382,2026-08-24T08:00:00-04:00,2026-08-31,shipped,,USD,true
08_ebay_listing_sales_aug2026.csv,295,EB-2608-000383,2026-08-11T08:00:00-04:00,2026-08-12,shipped,,USD,true
08_ebay_listing_sales_aug2026.csv,35,EB-2608-000384,2026-08-02T08:00:00-04:00,2026-08-05,shipped,,USD,true
08_ebay_listing_sales_aug2026.csv,842,EB-2608-000385,2026-08-30T08:00:00-04:00,,pending_fulfillment,,USD,true
08_ebay_listing_sales_aug2026.csv,640,EB-2608-000386,2026-08-24T08:00:00-04:00,2026-08-31,shipped,,USD,true
08_ebay_listing_sales_aug2026.csv,296,EB-2608-000387,2026-08-11T08:00:00-04:00,,local_pickup,2026-08-12T21:00:00-04:00,USD,true
08_ebay_listing_sales_aug2026.csv,385,EB-2608-000388,2026-08-15T08:00:00-04:00,2026-08-19,shipped,,USD,true
08_ebay_listing_sales_aug2026.csv,729,EB-2608-000389,2026-08-27T08:00:00-04:00,2026-08-31,shipped,,USD,true
08_ebay_listing_sales_aug2026.csv,36,EB-2608-000390,2026-08-02T08:00:00-04:00,2026-08-03,shipped,,USD,true
08_ebay_listing_sales_aug2026.csv,138,EB-2608-000391,2026-08-06T08:00:00-04:00,2026-08-07,shipped,2026-08-07T21:00:00-04:00,USD,true
08_ebay_listing_sales_aug2026.csv,386,EB-2608-000392,2026-08-15T08:00:00-04:00,2026-08-17,shipped,,USD,true
08_ebay_listing_sales_aug2026.csv,37,EB-2608-000393,2026-08-02T08:00:00-04:00,2026-08-05,shipped,,USD,true
08_ebay_listing_sales_aug2026.csv,363,EB-2608-000394,2026-08-14T08:00:00-04:00,2026-08-17,shipped,,USD,true
08_ebay_listing_sales_aug2026.csv,450,EB-2608-000395,2026-08-17T08:00:00-04:00,2026-08-19,shipped,,USD,true
08_ebay_listing_sales_aug2026.csv,555,EB-2608-000396,2026-08-21T08:00:00-04:00,2026-08-24,shipped,,USD,true
08_ebay_listing_sales_aug2026.csv,198,EB-2608-000397,2026-08-08T08:00:00-04:00,2026-08-10,shipped,,USD,true
08_ebay_listing_sales_aug2026.csv,297,EB-2608-000398,2026-08-11T08:00:00-04:00,2026-08-12,shipped,,USD,true
08_ebay_listing_sales_aug2026.csv,364,EB-2608-000399,2026-08-14T08:00:00-04:00,2026-08-17,shipped,,USD,true
08_ebay_listing_sales_aug2026.csv,611,EB-2608-000400,2026-08-23T08:00:00-04:00,2026-08-25,shipped,,USD,true
08_ebay_listing_sales_aug2026.csv,343,EB-2608-000401,2026-08-13T08:00:00-04:00,2026-08-17,shipped,,USD,true
08_ebay_listing_sales_aug2026.csv,387,EB-2608-000402,2026-08-15T08:00:00-04:00,,local_pickup,,USD,true
08_ebay_listing_sales_aug2026.csv,612,EB-2608-000403,2026-08-23T08:00:00-04:00,2026-08-25,shipped,,USD,true
08_ebay_listing_sales_aug2026.csv,344,EB-2608-000404,2026-08-13T08:00:00-04:00,2026-08-18,shipped,,USD,true
08_ebay_listing_sales_aug2026.csv,8,EB-2608-000405,2026-08-01T08:00:00-04:00,2026-08-03,shipped,,USD,true
08_ebay_listing_sales_aug2026.csv,62,EB-2608-000406,2026-08-03T08:00:00-04:00,2026-08-07,shipped,,USD,true
08_ebay_listing_sales_aug2026.csv,531,EB-2608-000407,2026-08-20T08:00:00-04:00,,local_pickup,,USD,true
08_ebay_listing_sales_aug2026.csv,556,EB-2608-000408,2026-08-21T08:00:00-04:00,2026-08-24,shipped,,USD,true
08_ebay_listing_sales_aug2026.csv,38,EB-2608-000409,2026-08-02T08:00:00-04:00,2026-08-04,shipped,,USD,true
08_ebay_listing_sales_aug2026.csv,199,EB-2608-000410,2026-08-08T08:00:00-04:00,2026-08-10,shipped,,USD,true
08_ebay_listing_sales_aug2026.csv,782,EB-2608-000411,2026-08-29T08:00:00-04:00,2026-08-31,shipped,,USD,true
08_ebay_listing_sales_aug2026.csv,171,EB-2608-000412,2026-08-07T08:00:00-04:00,,local_pickup,,USD,true
08_ebay_listing_sales_aug2026.csv,532,EB-2608-000413,2026-08-20T08:00:00-04:00,2026-08-21,shipped,,USD,true
08_ebay_listing_sales_aug2026.csv,345,EB-2608-000414,2026-08-13T08:00:00-04:00,2026-08-17,shipped,2026-08-19T21:00:00-04:00,USD,true
08_ebay_listing_sales_aug2026.csv,139,EB-2608-000415,2026-08-06T08:00:00-04:00,2026-08-10,shipped,,USD,true
08_ebay_listing_sales_aug2026.csv,699,EB-2608-000416,2026-08-26T08:00:00-04:00,2026-08-27,shipped,,USD,true
08_ebay_listing_sales_aug2026.csv,885,EB-2608-000417,2026-08-31T08:00:00-04:00,,pending_fulfillment,,USD,true
08_ebay_listing_sales_aug2026.csv,172,EB-2608-000418,2026-08-07T08:00:00-04:00,,local_pickup,,USD,true
08_ebay_listing_sales_aug2026.csv,317,EB-2608-000419,2026-08-12T08:00:00-04:00,2026-08-13,shipped,,USD,true
08_ebay_listing_sales_aug2026.csv,200,EB-2608-000420,2026-08-08T08:00:00-04:00,2026-08-10,shipped,,USD,true
08_ebay_listing_sales_aug2026.csv,886,EB-2608-000421,2026-08-31T08:00:00-04:00,,pending_fulfillment,,USD,true
08_ebay_listing_sales_aug2026.csv,749,EB-2608-000422,2026-08-28T08:00:00-04:00,2026-08-31,shipped,,USD,true
08_ebay_listing_sales_aug2026.csv,843,EB-2608-000423,2026-08-30T08:00:00-04:00,,pending_fulfillment,,USD,true
08_ebay_listing_sales_aug2026.csv,580,EB-2608-000424,2026-08-22T08:00:00-04:00,2026-08-25,shipped,,USD,true
08_ebay_listing_sales_aug2026.csv,39,EB-2608-000425,2026-08-02T08:00:00-04:00,2026-08-04,shipped,,USD,true
08_ebay_listing_sales_aug2026.csv,844,EB-2608-000426,2026-08-30T08:00:00-04:00,2026-08-31,shipped,,USD,true
08_ebay_listing_sales_aug2026.csv,346,EB-2608-000427,2026-08-13T08:00:00-04:00,2026-08-14,shipped,,USD,true
08_ebay_listing_sales_aug2026.csv,750,EB-2608-000428,2026-08-28T08:00:00-04:00,2026-08-31,shipped,,USD,true
08_ebay_listing_sales_aug2026.csv,783,EB-2608-000429,2026-08-29T08:00:00-04:00,2026-08-31,shipped,2026-08-31T21:00:00-04:00,USD,true
08_ebay_listing_sales_aug2026.csv,9,EB-2608-000430,2026-08-01T08:00:00-04:00,2026-08-04,shipped,,USD,true
08_ebay_listing_sales_aug2026.csv,581,EB-2608-000431,2026-08-22T08:00:00-04:00,2026-08-24,shipped,,USD,true
08_ebay_listing_sales_aug2026.csv,887,EB-2608-000432,2026-08-31T08:00:00-04:00,,pending_fulfillment,,USD,true
08_ebay_listing_sales_aug2026.csv,641,EB-2608-000433,2026-08-24T08:00:00-04:00,,local_pickup,,USD,true
08_ebay_listing_sales_aug2026.csv,140,EB-2608-000434,2026-08-06T08:00:00-04:00,2026-08-10,shipped,,USD,true
08_ebay_listing_sales_aug2026.csv,784,EB-2608-000435,2026-08-29T08:00:00-04:00,2026-08-31,shipped,,USD,true
08_ebay_listing_sales_aug2026.csv,40,EB-2608-000436,2026-08-02T08:00:00-04:00,2026-08-04,shipped,,USD,true
08_ebay_listing_sales_aug2026.csv,451,EB-2608-000437,2026-08-17T08:00:00-04:00,2026-08-18,shipped,,USD,true
08_ebay_listing_sales_aug2026.csv,785,EB-2608-000438,2026-08-29T08:00:00-04:00,,canceled_before_fulfillment,2026-08-29T21:00:00-04:00,USD,true
08_ebay_listing_sales_aug2026.csv,786,EB-2608-000439,2026-08-29T08:00:00-04:00,2026-08-31,shipped,,USD,true
08_ebay_listing_sales_aug2026.csv,201,EB-2608-000440,2026-08-08T08:00:00-04:00,2026-08-10,shipped,,USD,true
08_ebay_listing_sales_aug2026.csv,63,EB-2608-000441,2026-08-03T08:00:00-04:00,2026-08-05,shipped,,USD,true
08_ebay_listing_sales_aug2026.csv,114,EB-2608-000442,2026-08-05T08:00:00-04:00,2026-08-06,shipped,,USD,true
08_ebay_listing_sales_aug2026.csv,888,EB-2608-000443,2026-08-31T08:00:00-04:00,,pending_fulfillment,,USD,true
08_ebay_listing_sales_aug2026.csv,235,EB-2608-000444,2026-08-09T08:00:00-04:00,2026-08-12,shipped,,USD,true
08_ebay_listing_sales_aug2026.csv,270,EB-2608-000445,2026-08-10T08:00:00-04:00,2026-08-14,shipped,,USD,true
08_ebay_listing_sales_aug2026.csv,845,EB-2608-000446,2026-08-30T08:00:00-04:00,2026-08-31,shipped,,USD,true
08_ebay_listing_sales_aug2026.csv,787,EB-2608-000447,2026-08-29T08:00:00-04:00,2026-08-31,shipped,,USD,true
08_ebay_listing_sales_aug2026.csv,582,EB-2608-000448,2026-08-22T08:00:00-04:00,2026-08-24,shipped,,USD,true
08_ebay_listing_sales_aug2026.csv,642,EB-2608-000449,2026-08-24T08:00:00-04:00,2026-08-26,shipped,,USD,true
08_ebay_listing_sales_aug2026.csv,271,EB-2608-000450,2026-08-10T08:00:00-04:00,,local_pickup,,USD,true
08_ebay_listing_sales_aug2026.csv,115,EB-2608-000451,2026-08-05T08:00:00-04:00,2026-08-06,shipped,,USD,true
08_ebay_listing_sales_aug2026.csv,173,EB-2608-000452,2026-08-07T08:00:00-04:00,2026-08-10,shipped,,USD,true
08_ebay_listing_sales_aug2026.csv,583,EB-2608-000453,2026-08-22T08:00:00-04:00,2026-08-24,shipped,,USD,true
08_ebay_listing_sales_aug2026.csv,507,EB-2608-000454,2026-08-19T08:00:00-04:00,2026-08-20,shipped,,USD,true
08_ebay_listing_sales_aug2026.csv,669,EB-2608-000455,2026-08-25T08:00:00-04:00,2026-08-26,shipped,,USD,true
08_ebay_listing_sales_aug2026.csv,236,EB-2608-000456,2026-08-09T08:00:00-04:00,,local_pickup,,USD,true
08_ebay_listing_sales_aug2026.csv,272,EB-2608-000457,2026-08-10T08:00:00-04:00,2026-08-14,shipped,,USD,true
08_ebay_listing_sales_aug2026.csv,237,EB-2608-000458,2026-08-09T08:00:00-04:00,2026-08-10,shipped,,USD,true
08_ebay_listing_sales_aug2026.csv,751,EB-2608-000459,2026-08-28T08:00:00-04:00,2026-08-31,shipped,,USD,true
08_ebay_listing_sales_aug2026.csv,452,EB-2608-000460,2026-08-17T08:00:00-04:00,,canceled_before_fulfillment,2026-08-23T21:00:00-04:00,USD,true
08_ebay_listing_sales_aug2026.csv,474,EB-2608-000461,2026-08-18T08:00:00-04:00,,local_pickup,,USD,true
08_ebay_listing_sales_aug2026.csv,116,EB-2608-000462,2026-08-05T08:00:00-04:00,,canceled_before_fulfillment,2026-08-08T21:00:00-04:00,USD,true
08_ebay_listing_sales_aug2026.csv,347,EB-2608-000463,2026-08-13T08:00:00-04:00,2026-08-14,shipped,,USD,true
08_ebay_listing_sales_aug2026.csv,88,EB-2608-000464,2026-08-04T08:00:00-04:00,2026-08-05,shipped,,USD,true
08_ebay_listing_sales_aug2026.csv,533,EB-2608-000465,2026-08-20T08:00:00-04:00,,local_pickup,,USD,true
08_ebay_listing_sales_aug2026.csv,424,EB-2608-000466,2026-08-16T08:00:00-04:00,2026-08-17,shipped,,USD,true
08_ebay_listing_sales_aug2026.csv,298,EB-2608-000467,2026-08-11T08:00:00-04:00,2026-08-13,shipped,,USD,true
08_ebay_listing_sales_aug2026.csv,788,EB-2608-000468,2026-08-29T08:00:00-04:00,2026-08-31,shipped,,USD,true
08_ebay_listing_sales_aug2026.csv,846,EB-2608-000469,2026-08-30T08:00:00-04:00,,pending_fulfillment,,USD,true
08_ebay_listing_sales_aug2026.csv,174,EB-2608-000470,2026-08-07T08:00:00-04:00,2026-08-10,shipped,,USD,true
08_ebay_listing_sales_aug2026.csv,238,EB-2608-000471,2026-08-09T08:00:00-04:00,2026-08-13,shipped,,USD,true
08_ebay_listing_sales_aug2026.csv,508,EB-2608-000472,2026-08-19T08:00:00-04:00,2026-08-20,shipped,,USD,true
08_ebay_listing_sales_aug2026.csv,752,EB-2608-000473,2026-08-28T08:00:00-04:00,2026-08-31,shipped,,USD,true
08_ebay_listing_sales_aug2026.csv,425,EB-2608-000474,2026-08-16T08:00:00-04:00,2026-08-17,shipped,,USD,true
08_ebay_listing_sales_aug2026.csv,847,EB-2608-000475,2026-08-30T08:00:00-04:00,2026-08-31,shipped,,USD,true
08_ebay_listing_sales_aug2026.csv,789,EB-2608-000476,2026-08-29T08:00:00-04:00,2026-08-31,shipped,,USD,true
08_ebay_listing_sales_aug2026.csv,753,EB-2608-000477,2026-08-28T08:00:00-04:00,2026-08-31,shipped,,USD,true
08_ebay_listing_sales_aug2026.csv,299,EB-2608-000478,2026-08-11T08:00:00-04:00,2026-08-12,shipped,,USD,true
08_ebay_listing_sales_aug2026.csv,889,EB-2608-000479,2026-08-31T08:00:00-04:00,,pending_fulfillment,,USD,true
08_ebay_listing_sales_aug2026.csv,557,EB-2608-000480,2026-08-21T08:00:00-04:00,2026-08-24,shipped,,USD,true
08_ebay_listing_sales_aug2026.csv,790,EB-2608-000481,2026-08-29T08:00:00-04:00,2026-08-31,shipped,,USD,true
08_ebay_listing_sales_aug2026.csv,643,EB-2608-000482,2026-08-24T08:00:00-04:00,2026-08-26,shipped,,USD,true
08_ebay_listing_sales_aug2026.csv,318,EB-2608-000483,2026-08-12T08:00:00-04:00,2026-08-13,shipped,,USD,true
08_ebay_listing_sales_aug2026.csv,10,EB-2608-000484,2026-08-01T08:00:00-04:00,2026-08-04,shipped,,USD,true
08_ebay_listing_sales_aug2026.csv,534,EB-2608-000485,2026-08-20T08:00:00-04:00,2026-08-21,shipped,,USD,true
08_ebay_listing_sales_aug2026.csv,64,EB-2608-000486,2026-08-03T08:00:00-04:00,,local_pickup,,USD,true
08_ebay_listing_sales_aug2026.csv,117,EB-2608-000487,2026-08-05T08:00:00-04:00,2026-08-10,shipped,,USD,true
08_ebay_listing_sales_aug2026.csv,730,EB-2608-000488,2026-08-27T08:00:00-04:00,2026-08-28,shipped,,USD,true
08_ebay_listing_sales_aug2026.csv,670,EB-2608-000489,2026-08-25T08:00:00-04:00,2026-08-26,shipped,,USD,true
08_ebay_listing_sales_aug2026.csv,509,EB-2608-000490,2026-08-19T08:00:00-04:00,2026-08-20,shipped,,USD,true
08_ebay_listing_sales_aug2026.csv,613,EB-2608-000491,2026-08-23T08:00:00-04:00,2026-08-25,shipped,,USD,true
08_ebay_listing_sales_aug2026.csv,558,EB-2608-000492,2026-08-21T08:00:00-04:00,2026-08-24,shipped,,USD,true
08_ebay_listing_sales_aug2026.csv,791,EB-2608-000493,2026-08-29T08:00:00-04:00,2026-08-31,shipped,,USD,true
08_ebay_listing_sales_aug2026.csv,89,EB-2608-000494,2026-08-04T08:00:00-04:00,2026-08-07,shipped,,USD,true
08_ebay_listing_sales_aug2026.csv,535,EB-2608-000495,2026-08-20T08:00:00-04:00,2026-08-24,shipped,,USD,true
08_ebay_listing_sales_aug2026.csv,584,EB-2608-000496,2026-08-22T08:00:00-04:00,2026-08-24,shipped,,USD,true
08_ebay_listing_sales_aug2026.csv,319,EB-2608-000497,2026-08-12T08:00:00-04:00,2026-08-17,shipped,,USD,true
08_ebay_listing_sales_aug2026.csv,614,EB-2608-000498,2026-08-23T08:00:00-04:00,2026-08-27,shipped,,USD,true
08_ebay_listing_sales_aug2026.csv,615,EB-2608-000499,2026-08-23T08:00:00-04:00,2026-08-24,shipped,,USD,true
08_ebay_listing_sales_aug2026.csv,426,EB-2608-000500,2026-08-16T08:00:00-04:00,2026-08-18,shipped,,USD,true
08_ebay_listing_sales_aug2026.csv,510,EB-2608-000501,2026-08-19T08:00:00-04:00,2026-08-24,shipped,2026-08-24T21:00:00-04:00,USD,true
08_ebay_listing_sales_aug2026.csv,848,EB-2608-000502,2026-08-30T08:00:00-04:00,,pending_fulfillment,,USD,true
08_ebay_listing_sales_aug2026.csv,239,EB-2608-000503,2026-08-09T08:00:00-04:00,2026-08-10,shipped,,USD,true
08_ebay_listing_sales_aug2026.csv,41,EB-2608-000504,2026-08-02T08:00:00-04:00,2026-08-05,shipped,,USD,true
08_ebay_listing_sales_aug2026.csv,65,EB-2608-000505,2026-08-03T08:00:00-04:00,,local_pickup,,USD,true
08_ebay_listing_sales_aug2026.csv,388,EB-2608-000506,2026-08-15T08:00:00-04:00,2026-08-17,shipped,,USD,true
08_ebay_listing_sales_aug2026.csv,66,EB-2608-000507,2026-08-03T08:00:00-04:00,2026-08-06,shipped,,USD,true
08_ebay_listing_sales_aug2026.csv,389,EB-2608-000508,2026-08-15T08:00:00-04:00,2026-08-17,shipped,,USD,true
08_ebay_listing_sales_aug2026.csv,849,EB-2608-000509,2026-08-30T08:00:00-04:00,2026-08-31,shipped,,USD,true
08_ebay_listing_sales_aug2026.csv,671,EB-2608-000510,2026-08-25T08:00:00-04:00,2026-08-26,shipped,,USD,true
08_ebay_listing_sales_aug2026.csv,118,EB-2608-000511,2026-08-05T08:00:00-04:00,2026-08-07,shipped,,USD,true
08_ebay_listing_sales_aug2026.csv,616,EB-2608-000512,2026-08-23T08:00:00-04:00,,local_pickup,,USD,true
08_ebay_listing_sales_aug2026.csv,700,EB-2608-000513,2026-08-26T08:00:00-04:00,2026-08-28,shipped,,USD,true
08_ebay_listing_sales_aug2026.csv,644,EB-2608-000514,2026-08-24T08:00:00-04:00,2026-08-27,shipped,,USD,true
08_ebay_listing_sales_aug2026.csv,850,EB-2608-000515,2026-08-30T08:00:00-04:00,,local_pickup,,USD,true
08_ebay_listing_sales_aug2026.csv,585,EB-2608-000516,2026-08-22T08:00:00-04:00,2026-08-24,shipped,,USD,true
08_ebay_listing_sales_aug2026.csv,453,EB-2608-000517,2026-08-17T08:00:00-04:00,2026-08-18,shipped,,USD,true
08_ebay_listing_sales_aug2026.csv,475,EB-2608-000518,2026-08-18T08:00:00-04:00,2026-08-20,shipped,,USD,true
08_ebay_listing_sales_aug2026.csv,202,EB-2608-000519,2026-08-08T08:00:00-04:00,2026-08-11,shipped,,USD,true
08_ebay_listing_sales_aug2026.csv,390,EB-2608-000520,2026-08-15T08:00:00-04:00,2026-08-17,shipped,,USD,true
08_ebay_listing_sales_aug2026.csv,320,EB-2608-000521,2026-08-12T08:00:00-04:00,2026-08-14,shipped,,USD,true
08_ebay_listing_sales_aug2026.csv,890,EB-2608-000522,2026-08-31T08:00:00-04:00,,pending_fulfillment,,USD,true
08_ebay_listing_sales_aug2026.csv,851,EB-2608-000523,2026-08-30T08:00:00-04:00,2026-08-31,shipped,,USD,true
08_ebay_listing_sales_aug2026.csv,792,EB-2608-000524,2026-08-29T08:00:00-04:00,2026-08-31,shipped,,USD,true
08_ebay_listing_sales_aug2026.csv,321,EB-2608-000525,2026-08-12T08:00:00-04:00,2026-08-13,shipped,,USD,true
08_ebay_listing_sales_aug2026.csv,476,EB-2608-000526,2026-08-18T08:00:00-04:00,2026-08-20,shipped,,USD,true
08_ebay_listing_sales_aug2026.csv,701,EB-2608-000527,2026-08-26T08:00:00-04:00,2026-08-31,shipped,,USD,true
08_ebay_listing_sales_aug2026.csv,477,EB-2608-000528,2026-08-18T08:00:00-04:00,2026-08-24,shipped,,USD,true
08_ebay_listing_sales_aug2026.csv,322,EB-2608-000529,2026-08-12T08:00:00-04:00,2026-08-17,shipped,,USD,true
08_ebay_listing_sales_aug2026.csv,427,EB-2608-000530,2026-08-16T08:00:00-04:00,2026-08-20,shipped,,USD,true
08_ebay_listing_sales_aug2026.csv,203,EB-2608-000531,2026-08-08T08:00:00-04:00,2026-08-10,shipped,,USD,true
08_ebay_listing_sales_aug2026.csv,793,EB-2608-000532,2026-08-29T08:00:00-04:00,2026-08-31,shipped,,USD,true
08_ebay_listing_sales_aug2026.csv,754,EB-2608-000533,2026-08-28T08:00:00-04:00,2026-08-31,shipped,,USD,true
08_ebay_listing_sales_aug2026.csv,794,EB-2608-000534,2026-08-29T08:00:00-04:00,,canceled_before_fulfillment,2026-08-29T21:00:00-04:00,USD,true
08_ebay_listing_sales_aug2026.csv,891,EB-2608-000535,2026-08-31T08:00:00-04:00,,pending_fulfillment,,USD,true
08_ebay_listing_sales_aug2026.csv,391,EB-2608-000536,2026-08-15T08:00:00-04:00,,canceled_before_fulfillment,2026-08-18T21:00:00-04:00,USD,true
08_ebay_listing_sales_aug2026.csv,586,EB-2608-000537,2026-08-22T08:00:00-04:00,2026-08-24,shipped,,USD,true
08_ebay_listing_sales_aug2026.csv,365,EB-2608-000538,2026-08-14T08:00:00-04:00,2026-08-17,shipped,,USD,true
08_ebay_listing_sales_aug2026.csv,141,EB-2608-000539,2026-08-06T08:00:00-04:00,2026-08-10,shipped,,USD,true
08_ebay_listing_sales_aug2026.csv,645,EB-2608-000540,2026-08-24T08:00:00-04:00,2026-08-25,shipped,,USD,true
08_ebay_listing_sales_aug2026.csv,11,EB-2608-000541,2026-08-01T08:00:00-04:00,2026-08-03,shipped,,USD,true
08_ebay_listing_sales_aug2026.csv,617,EB-2608-000542,2026-08-23T08:00:00-04:00,2026-08-24,shipped,,USD,true
08_ebay_listing_sales_aug2026.csv,587,EB-2608-000543,2026-08-22T08:00:00-04:00,2026-08-25,shipped,,USD,true
08_ebay_listing_sales_aug2026.csv,588,EB-2608-000544,2026-08-22T08:00:00-04:00,,local_pickup,,USD,true
08_ebay_listing_sales_aug2026.csv,348,EB-2608-000545,2026-08-13T08:00:00-04:00,2026-08-14,shipped,,USD,true
08_ebay_listing_sales_aug2026.csv,702,EB-2608-000546,2026-08-26T08:00:00-04:00,2026-08-28,shipped,,USD,true
08_ebay_listing_sales_aug2026.csv,559,EB-2608-000547,2026-08-21T08:00:00-04:00,2026-08-24,shipped,,USD,true
08_ebay_listing_sales_aug2026.csv,323,EB-2608-000548,2026-08-12T08:00:00-04:00,2026-08-13,shipped,,USD,true
08_ebay_listing_sales_aug2026.csv,852,EB-2608-000549,2026-08-30T08:00:00-04:00,2026-08-31,shipped,,USD,true
08_ebay_listing_sales_aug2026.csv,240,EB-2608-000550,2026-08-09T08:00:00-04:00,,local_pickup,,USD,true
08_ebay_listing_sales_aug2026.csv,703,EB-2608-000551,2026-08-26T08:00:00-04:00,2026-08-27,shipped,,USD,true
08_ebay_listing_sales_aug2026.csv,646,EB-2608-000552,2026-08-24T08:00:00-04:00,2026-08-27,shipped,,USD,true
08_ebay_listing_sales_aug2026.csv,324,EB-2608-000553,2026-08-12T08:00:00-04:00,2026-08-14,shipped,,USD,true
08_ebay_listing_sales_aug2026.csv,273,EB-2608-000554,2026-08-10T08:00:00-04:00,2026-08-12,shipped,,USD,true
08_ebay_listing_sales_aug2026.csv,795,EB-2608-000555,2026-08-29T08:00:00-04:00,2026-08-31,shipped,,USD,true
08_ebay_listing_sales_aug2026.csv,119,EB-2608-000556,2026-08-05T08:00:00-04:00,2026-08-07,shipped,,USD,true
08_ebay_listing_sales_aug2026.csv,392,EB-2608-000557,2026-08-15T08:00:00-04:00,2026-08-20,shipped,,USD,true
08_ebay_listing_sales_aug2026.csv,204,EB-2608-000558,2026-08-08T08:00:00-04:00,2026-08-11,shipped,,USD,true
08_ebay_listing_sales_aug2026.csv,175,EB-2608-000559,2026-08-07T08:00:00-04:00,,local_pickup,,USD,true
08_ebay_listing_sales_aug2026.csv,647,EB-2608-000560,2026-08-24T08:00:00-04:00,,local_pickup,,USD,true
08_ebay_listing_sales_aug2026.csv,12,EB-2608-000561,2026-08-01T08:00:00-04:00,2026-08-03,shipped,,USD,true
08_ebay_listing_sales_aug2026.csv,589,EB-2608-000562,2026-08-22T08:00:00-04:00,2026-08-24,shipped,,USD,true
08_ebay_listing_sales_aug2026.csv,393,EB-2608-000563,2026-08-15T08:00:00-04:00,2026-08-19,shipped,,USD,true
08_ebay_listing_sales_aug2026.csv,853,EB-2608-000564,2026-08-30T08:00:00-04:00,,canceled_before_fulfillment,2026-08-31T21:00:00-04:00,USD,true
08_ebay_listing_sales_aug2026.csv,560,EB-2608-000565,2026-08-21T08:00:00-04:00,2026-08-24,shipped,,USD,true
08_ebay_listing_sales_aug2026.csv,300,EB-2608-000566,2026-08-11T08:00:00-04:00,2026-08-13,shipped,,USD,true
08_ebay_listing_sales_aug2026.csv,536,EB-2608-000567,2026-08-20T08:00:00-04:00,2026-08-21,shipped,,USD,true
08_ebay_listing_sales_aug2026.csv,454,EB-2608-000568,2026-08-17T08:00:00-04:00,2026-08-19,shipped,2026-08-21T21:00:00-04:00,USD,true
08_ebay_listing_sales_aug2026.csv,90,EB-2608-000569,2026-08-04T08:00:00-04:00,2026-08-06,shipped,,USD,true
08_ebay_listing_sales_aug2026.csv,274,EB-2608-000570,2026-08-10T08:00:00-04:00,2026-08-11,shipped,,USD,true
08_ebay_listing_sales_aug2026.csv,275,EB-2608-000571,2026-08-10T08:00:00-04:00,2026-08-12,shipped,,USD,true
08_ebay_listing_sales_aug2026.csv,731,EB-2608-000572,2026-08-27T08:00:00-04:00,2026-08-28,shipped,,USD,true
08_ebay_listing_sales_aug2026.csv,672,EB-2608-000573,2026-08-25T08:00:00-04:00,2026-08-27,shipped,,USD,true
08_ebay_listing_sales_aug2026.csv,428,EB-2608-000574,2026-08-16T08:00:00-04:00,2026-08-17,shipped,,USD,true
08_ebay_listing_sales_aug2026.csv,755,EB-2608-000575,2026-08-28T08:00:00-04:00,2026-08-31,shipped,,USD,true
08_ebay_listing_sales_aug2026.csv,349,EB-2608-000576,2026-08-13T08:00:00-04:00,2026-08-14,shipped,,USD,true
08_ebay_listing_sales_aug2026.csv,537,EB-2608-000577,2026-08-20T08:00:00-04:00,2026-08-24,shipped,,USD,true
08_ebay_listing_sales_aug2026.csv,756,EB-2608-000578,2026-08-28T08:00:00-04:00,,local_pickup,,USD,true
08_ebay_listing_sales_aug2026.csv,42,EB-2608-000579,2026-08-02T08:00:00-04:00,2026-08-03,shipped,,USD,true
08_ebay_listing_sales_aug2026.csv,276,EB-2608-000580,2026-08-10T08:00:00-04:00,2026-08-12,shipped,,USD,true
08_ebay_listing_sales_aug2026.csv,142,EB-2608-000581,2026-08-06T08:00:00-04:00,2026-08-07,shipped,,USD,true
08_ebay_listing_sales_aug2026.csv,429,EB-2608-000582,2026-08-16T08:00:00-04:00,2026-08-17,shipped,,USD,true
08_ebay_listing_sales_aug2026.csv,394,EB-2608-000583,2026-08-15T08:00:00-04:00,2026-08-17,shipped,,USD,true
08_ebay_listing_sales_aug2026.csv,796,EB-2608-000584,2026-08-29T08:00:00-04:00,2026-08-31,shipped,,USD,true
08_ebay_listing_sales_aug2026.csv,478,EB-2608-000585,2026-08-18T08:00:00-04:00,2026-08-20,shipped,,USD,true
08_ebay_listing_sales_aug2026.csv,892,EB-2608-000586,2026-08-31T08:00:00-04:00,,pending_fulfillment,,USD,true
08_ebay_listing_sales_aug2026.csv,479,EB-2608-000587,2026-08-18T08:00:00-04:00,2026-08-20,shipped,,USD,true
08_ebay_listing_sales_aug2026.csv,590,EB-2608-000588,2026-08-22T08:00:00-04:00,2026-08-24,shipped,,USD,true
08_ebay_listing_sales_aug2026.csv,618,EB-2608-000589,2026-08-23T08:00:00-04:00,2026-08-24,shipped,2026-08-31T21:00:00-04:00,USD,true
08_ebay_listing_sales_aug2026.csv,205,EB-2608-000590,2026-08-08T08:00:00-04:00,2026-08-10,shipped,,USD,true
08_ebay_listing_sales_aug2026.csv,13,EB-2608-000591,2026-08-01T08:00:00-04:00,2026-08-04,shipped,,USD,true
08_ebay_listing_sales_aug2026.csv,241,EB-2608-000592,2026-08-09T08:00:00-04:00,2026-08-10,shipped,,USD,true
08_ebay_listing_sales_aug2026.csv,366,EB-2608-000593,2026-08-14T08:00:00-04:00,2026-08-17,shipped,,USD,true
08_ebay_listing_sales_aug2026.csv,648,EB-2608-000594,2026-08-24T08:00:00-04:00,2026-08-27,shipped,,USD,true
08_ebay_listing_sales_aug2026.csv,591,EB-2608-000595,2026-08-22T08:00:00-04:00,2026-08-24,shipped,2026-08-28T21:00:00-04:00,USD,true
08_ebay_listing_sales_aug2026.csv,854,EB-2608-000596,2026-08-30T08:00:00-04:00,,pending_fulfillment,,USD,true
08_ebay_listing_sales_aug2026.csv,538,EB-2608-000597,2026-08-20T08:00:00-04:00,2026-08-24,shipped,,USD,true
08_ebay_listing_sales_aug2026.csv,797,EB-2608-000598,2026-08-29T08:00:00-04:00,2026-08-31,shipped,,USD,true
08_ebay_listing_sales_aug2026.csv,649,EB-2608-000599,2026-08-24T08:00:00-04:00,2026-08-26,shipped,,USD,true
08_ebay_listing_sales_aug2026.csv,732,EB-2608-000600,2026-08-27T08:00:00-04:00,2026-08-28,shipped,,USD,true
08_ebay_listing_sales_aug2026.csv,733,EB-2608-000601,2026-08-27T08:00:00-04:00,2026-08-31,shipped,,USD,true
08_ebay_listing_sales_aug2026.csv,619,EB-2608-000602,2026-08-23T08:00:00-04:00,,local_pickup,,USD,true
08_ebay_listing_sales_aug2026.csv,14,EB-2608-000603,2026-08-01T08:00:00-04:00,2026-08-03,shipped,,USD,true
08_ebay_listing_sales_aug2026.csv,673,EB-2608-000604,2026-08-25T08:00:00-04:00,2026-08-26,shipped,,USD,true
08_ebay_listing_sales_aug2026.csv,480,EB-2608-000605,2026-08-18T08:00:00-04:00,2026-08-19,shipped,,USD,true
08_ebay_listing_sales_aug2026.csv,734,EB-2608-000606,2026-08-27T08:00:00-04:00,2026-08-28,shipped,,USD,true
08_ebay_listing_sales_aug2026.csv,206,EB-2608-000607,2026-08-08T08:00:00-04:00,2026-08-10,shipped,,USD,true
08_ebay_listing_sales_aug2026.csv,176,EB-2608-000608,2026-08-07T08:00:00-04:00,2026-08-10,shipped,,USD,true
08_ebay_listing_sales_aug2026.csv,395,EB-2608-000609,2026-08-15T08:00:00-04:00,2026-08-17,shipped,,USD,true
08_ebay_listing_sales_aug2026.csv,620,EB-2608-000610,2026-08-23T08:00:00-04:00,2026-08-25,shipped,,USD,true
08_ebay_listing_sales_aug2026.csv,67,EB-2608-000611,2026-08-03T08:00:00-04:00,2026-08-04,shipped,,USD,true
08_ebay_listing_sales_aug2026.csv,455,EB-2608-000612,2026-08-17T08:00:00-04:00,2026-08-19,shipped,,USD,true
08_ebay_listing_sales_aug2026.csv,561,EB-2608-000613,2026-08-21T08:00:00-04:00,2026-08-24,shipped,,USD,true
08_ebay_listing_sales_aug2026.csv,15,EB-2608-000614,2026-08-01T08:00:00-04:00,2026-08-03,shipped,,USD,true
08_ebay_listing_sales_aug2026.csv,511,EB-2608-000615,2026-08-19T08:00:00-04:00,2026-08-20,shipped,,USD,true
08_ebay_listing_sales_aug2026.csv,367,EB-2608-000616,2026-08-14T08:00:00-04:00,2026-08-17,shipped,,USD,true
08_ebay_listing_sales_aug2026.csv,674,EB-2608-000617,2026-08-25T08:00:00-04:00,2026-08-27,shipped,,USD,true
08_ebay_listing_sales_aug2026.csv,798,EB-2608-000618,2026-08-29T08:00:00-04:00,,local_pickup,,USD,true
08_ebay_listing_sales_aug2026.csv,592,EB-2608-000619,2026-08-22T08:00:00-04:00,2026-08-24,shipped,,USD,true
08_ebay_listing_sales_aug2026.csv,893,EB-2608-000620,2026-08-31T08:00:00-04:00,,pending_fulfillment,,USD,true
08_ebay_listing_sales_aug2026.csv,481,EB-2608-000621,2026-08-18T08:00:00-04:00,2026-08-19,shipped,,USD,true
08_ebay_listing_sales_aug2026.csv,799,EB-2608-000622,2026-08-29T08:00:00-04:00,,pending_fulfillment,,USD,true
08_ebay_listing_sales_aug2026.csv,177,EB-2608-000623,2026-08-07T08:00:00-04:00,2026-08-10,shipped,,USD,true
08_ebay_listing_sales_aug2026.csv,242,EB-2608-000624,2026-08-09T08:00:00-04:00,2026-08-10,shipped,,USD,true
08_ebay_listing_sales_aug2026.csv,43,EB-2608-000625,2026-08-02T08:00:00-04:00,2026-08-04,shipped,,USD,true
08_ebay_listing_sales_aug2026.csv,16,EB-2608-000626,2026-08-01T08:00:00-04:00,2026-08-03,shipped,2026-08-13T21:00:00-04:00,USD,true
08_ebay_listing_sales_aug2026.csv,704,EB-2608-000627,2026-08-26T08:00:00-04:00,2026-08-28,shipped,,USD,true
08_ebay_listing_sales_aug2026.csv,430,EB-2608-000628,2026-08-16T08:00:00-04:00,2026-08-17,shipped,,USD,true
08_ebay_listing_sales_aug2026.csv,675,EB-2608-000629,2026-08-25T08:00:00-04:00,2026-08-26,shipped,,USD,true
08_ebay_listing_sales_aug2026.csv,512,EB-2608-000630,2026-08-19T08:00:00-04:00,2026-08-21,shipped,,USD,true
08_ebay_listing_sales_aug2026.csv,120,EB-2608-000631,2026-08-05T08:00:00-04:00,,canceled_before_fulfillment,2026-08-11T21:00:00-04:00,USD,true
08_ebay_listing_sales_aug2026.csv,368,EB-2608-000632,2026-08-14T08:00:00-04:00,2026-08-17,shipped,2026-08-21T21:00:00-04:00,USD,true
08_ebay_listing_sales_aug2026.csv,800,EB-2608-000633,2026-08-29T08:00:00-04:00,2026-08-31,shipped,,USD,true
08_ebay_listing_sales_aug2026.csv,621,EB-2608-000634,2026-08-23T08:00:00-04:00,2026-08-24,shipped,,USD,true
08_ebay_listing_sales_aug2026.csv,121,EB-2608-000635,2026-08-05T08:00:00-04:00,2026-08-10,shipped,,USD,true
08_ebay_listing_sales_aug2026.csv,91,EB-2608-000636,2026-08-04T08:00:00-04:00,2026-08-07,shipped,,USD,true
08_ebay_listing_sales_aug2026.csv,513,EB-2608-000637,2026-08-19T08:00:00-04:00,2026-08-21,shipped,,USD,true
08_ebay_listing_sales_aug2026.csv,593,EB-2608-000638,2026-08-22T08:00:00-04:00,2026-08-24,shipped,,USD,true
08_ebay_listing_sales_aug2026.csv,350,EB-2608-000639,2026-08-13T08:00:00-04:00,2026-08-17,shipped,,USD,true
08_ebay_listing_sales_aug2026.csv,44,EB-2608-000640,2026-08-02T08:00:00-04:00,2026-08-04,shipped,,USD,true
08_ebay_listing_sales_aug2026.csv,396,EB-2608-000641,2026-08-15T08:00:00-04:00,2026-08-17,shipped,,USD,true
08_ebay_listing_sales_aug2026.csv,143,EB-2608-000642,2026-08-06T08:00:00-04:00,2026-08-11,shipped,,USD,true
08_ebay_listing_sales_aug2026.csv,456,EB-2608-000643,2026-08-17T08:00:00-04:00,2026-08-18,shipped,,USD,true
08_ebay_listing_sales_aug2026.csv,122,EB-2608-000644,2026-08-05T08:00:00-04:00,2026-08-10,shipped,,USD,true
08_ebay_listing_sales_aug2026.csv,539,EB-2608-000645,2026-08-20T08:00:00-04:00,2026-08-24,shipped,,USD,true
08_ebay_listing_sales_aug2026.csv,562,EB-2608-000646,2026-08-21T08:00:00-04:00,,canceled_before_fulfillment,2026-08-28T21:00:00-04:00,USD,true
08_ebay_listing_sales_aug2026.csv,594,EB-2608-000647,2026-08-22T08:00:00-04:00,2026-08-24,shipped,,USD,true
08_ebay_listing_sales_aug2026.csv,325,EB-2608-000648,2026-08-12T08:00:00-04:00,2026-08-17,shipped,,USD,true
08_ebay_listing_sales_aug2026.csv,369,EB-2608-000649,2026-08-14T08:00:00-04:00,2026-08-17,shipped,,USD,true
08_ebay_listing_sales_aug2026.csv,855,EB-2608-000650,2026-08-30T08:00:00-04:00,,pending_fulfillment,,USD,true
08_ebay_listing_sales_aug2026.csv,622,EB-2608-000651,2026-08-23T08:00:00-04:00,2026-08-24,shipped,,USD,true
08_ebay_listing_sales_aug2026.csv,370,EB-2608-000652,2026-08-14T08:00:00-04:00,2026-08-18,shipped,,USD,true
08_ebay_listing_sales_aug2026.csv,676,EB-2608-000653,2026-08-25T08:00:00-04:00,2026-08-27,shipped,,USD,true
08_ebay_listing_sales_aug2026.csv,45,EB-2608-000654,2026-08-02T08:00:00-04:00,2026-08-03,shipped,,USD,true
08_ebay_listing_sales_aug2026.csv,650,EB-2608-000655,2026-08-24T08:00:00-04:00,2026-08-26,shipped,,USD,true
08_ebay_listing_sales_aug2026.csv,68,EB-2608-000656,2026-08-03T08:00:00-04:00,2026-08-04,shipped,,USD,true
08_ebay_listing_sales_aug2026.csv,651,EB-2608-000657,2026-08-24T08:00:00-04:00,2026-08-26,shipped,,USD,true
08_ebay_listing_sales_aug2026.csv,243,EB-2608-000658,2026-08-09T08:00:00-04:00,2026-08-10,shipped,,USD,true
08_ebay_listing_sales_aug2026.csv,514,EB-2608-000659,2026-08-19T08:00:00-04:00,2026-08-21,shipped,,USD,true
08_ebay_listing_sales_aug2026.csv,397,EB-2608-000660,2026-08-15T08:00:00-04:00,2026-08-17,shipped,,USD,true
08_ebay_listing_sales_aug2026.csv,277,EB-2608-000661,2026-08-10T08:00:00-04:00,2026-08-12,shipped,,USD,true
08_ebay_listing_sales_aug2026.csv,705,EB-2608-000662,2026-08-26T08:00:00-04:00,2026-08-27,shipped,,USD,true
08_ebay_listing_sales_aug2026.csv,244,EB-2608-000663,2026-08-09T08:00:00-04:00,2026-08-13,shipped,,USD,true
08_ebay_listing_sales_aug2026.csv,431,EB-2608-000664,2026-08-16T08:00:00-04:00,2026-08-17,shipped,,USD,true
08_ebay_listing_sales_aug2026.csv,515,EB-2608-000665,2026-08-19T08:00:00-04:00,2026-08-20,shipped,,USD,true
08_ebay_listing_sales_aug2026.csv,735,EB-2608-000666,2026-08-27T08:00:00-04:00,2026-08-28,shipped,,USD,true
08_ebay_listing_sales_aug2026.csv,894,EB-2608-000667,2026-08-31T08:00:00-04:00,,pending_fulfillment,,USD,true
08_ebay_listing_sales_aug2026.csv,301,EB-2608-000668,2026-08-11T08:00:00-04:00,2026-08-17,shipped,,USD,true
08_ebay_listing_sales_aug2026.csv,17,EB-2608-000669,2026-08-01T08:00:00-04:00,2026-08-03,shipped,,USD,true
08_ebay_listing_sales_aug2026.csv,207,EB-2608-000670,2026-08-08T08:00:00-04:00,2026-08-10,shipped,,USD,true
08_ebay_listing_sales_aug2026.csv,46,EB-2608-000671,2026-08-02T08:00:00-04:00,2026-08-03,shipped,,USD,true
08_ebay_listing_sales_aug2026.csv,432,EB-2608-000672,2026-08-16T08:00:00-04:00,2026-08-18,shipped,,USD,true
08_ebay_listing_sales_aug2026.csv,92,EB-2608-000673,2026-08-04T08:00:00-04:00,2026-08-06,shipped,,USD,true
08_ebay_listing_sales_aug2026.csv,302,EB-2608-000674,2026-08-11T08:00:00-04:00,2026-08-12,shipped,,USD,true
08_ebay_listing_sales_aug2026.csv,208,EB-2608-000675,2026-08-08T08:00:00-04:00,2026-08-10,shipped,,USD,true
08_ebay_listing_sales_aug2026.csv,516,EB-2608-000676,2026-08-19T08:00:00-04:00,2026-08-20,shipped,,USD,true
08_ebay_listing_sales_aug2026.csv,433,EB-2608-000677,2026-08-16T08:00:00-04:00,,local_pickup,,USD,true
08_ebay_listing_sales_aug2026.csv,123,EB-2608-000678,2026-08-05T08:00:00-04:00,2026-08-07,shipped,,USD,true
08_ebay_listing_sales_aug2026.csv,245,EB-2608-000679,2026-08-09T08:00:00-04:00,2026-08-12,shipped,,USD,true
08_ebay_listing_sales_aug2026.csv,371,EB-2608-000680,2026-08-14T08:00:00-04:00,2026-08-17,shipped,,USD,true
08_ebay_listing_sales_aug2026.csv,434,EB-2608-000681,2026-08-16T08:00:00-04:00,2026-08-17,shipped,,USD,true
08_ebay_listing_sales_aug2026.csv,246,EB-2608-000682,2026-08-09T08:00:00-04:00,2026-08-10,shipped,,USD,true
08_ebay_listing_sales_aug2026.csv,18,EB-2608-000683,2026-08-01T08:00:00-04:00,2026-08-03,shipped,,USD,true
08_ebay_listing_sales_aug2026.csv,278,EB-2608-000684,2026-08-10T08:00:00-04:00,2026-08-11,shipped,,USD,true
08_ebay_listing_sales_aug2026.csv,209,EB-2608-000685,2026-08-08T08:00:00-04:00,2026-08-10,shipped,,USD,true
08_ebay_listing_sales_aug2026.csv,178,EB-2608-000686,2026-08-07T08:00:00-04:00,2026-08-10,shipped,,USD,true
08_ebay_listing_sales_aug2026.csv,801,EB-2608-000687,2026-08-29T08:00:00-04:00,2026-08-31,shipped,,USD,true
08_ebay_listing_sales_aug2026.csv,802,EB-2608-000688,2026-08-29T08:00:00-04:00,2026-08-31,shipped,,USD,true
08_ebay_listing_sales_aug2026.csv,372,EB-2608-000689,2026-08-14T08:00:00-04:00,2026-08-17,shipped,,USD,true
08_ebay_listing_sales_aug2026.csv,706,EB-2608-000690,2026-08-26T08:00:00-04:00,2026-08-31,shipped,,USD,true
08_ebay_listing_sales_aug2026.csv,69,EB-2608-000691,2026-08-03T08:00:00-04:00,2026-08-04,shipped,,USD,true
08_ebay_listing_sales_aug2026.csv,517,EB-2608-000692,2026-08-19T08:00:00-04:00,2026-08-21,shipped,,USD,true
08_ebay_listing_sales_aug2026.csv,179,EB-2608-000693,2026-08-07T08:00:00-04:00,2026-08-10,shipped,,USD,true
08_ebay_listing_sales_aug2026.csv,19,EB-2608-000694,2026-08-01T08:00:00-04:00,2026-08-03,shipped,,USD,true
08_ebay_listing_sales_aug2026.csv,856,EB-2608-000695,2026-08-30T08:00:00-04:00,,pending_fulfillment,,USD,true
08_ebay_listing_sales_aug2026.csv,482,EB-2608-000696,2026-08-18T08:00:00-04:00,,local_pickup,,USD,true
08_ebay_listing_sales_aug2026.csv,518,EB-2608-000697,2026-08-19T08:00:00-04:00,2026-08-24,shipped,,USD,true
08_ebay_listing_sales_aug2026.csv,483,EB-2608-000698,2026-08-18T08:00:00-04:00,2026-08-19,shipped,,USD,true
08_ebay_listing_sales_aug2026.csv,652,EB-2608-000699,2026-08-24T08:00:00-04:00,2026-08-25,shipped,,USD,true
08_ebay_listing_sales_aug2026.csv,180,EB-2608-000700,2026-08-07T08:00:00-04:00,2026-08-10,shipped,,USD,true
08_ebay_listing_sales_aug2026.csv,677,EB-2608-000701,2026-08-25T08:00:00-04:00,2026-08-31,shipped,,USD,true
08_ebay_listing_sales_aug2026.csv,803,EB-2608-000702,2026-08-29T08:00:00-04:00,2026-08-31,shipped,,USD,true
08_ebay_listing_sales_aug2026.csv,678,EB-2608-000703,2026-08-25T08:00:00-04:00,2026-08-27,shipped,,USD,true
08_ebay_listing_sales_aug2026.csv,398,EB-2608-000704,2026-08-15T08:00:00-04:00,2026-08-17,shipped,,USD,true
08_ebay_listing_sales_aug2026.csv,895,EB-2608-000705,2026-08-31T08:00:00-04:00,,pending_fulfillment,,USD,true
08_ebay_listing_sales_aug2026.csv,326,EB-2608-000706,2026-08-12T08:00:00-04:00,2026-08-13,shipped,,USD,true
08_ebay_listing_sales_aug2026.csv,595,EB-2608-000707,2026-08-22T08:00:00-04:00,2026-08-26,shipped,,USD,true
08_ebay_listing_sales_aug2026.csv,327,EB-2608-000708,2026-08-12T08:00:00-04:00,2026-08-13,shipped,,USD,true
08_ebay_listing_sales_aug2026.csv,804,EB-2608-000709,2026-08-29T08:00:00-04:00,2026-08-31,shipped,,USD,true
08_ebay_listing_sales_aug2026.csv,484,EB-2608-000710,2026-08-18T08:00:00-04:00,2026-08-21,shipped,,USD,true
08_ebay_listing_sales_aug2026.csv,351,EB-2608-000711,2026-08-13T08:00:00-04:00,,canceled_before_fulfillment,2026-08-19T21:00:00-04:00,USD,true
08_ebay_listing_sales_aug2026.csv,328,EB-2608-000712,2026-08-12T08:00:00-04:00,2026-08-17,shipped,,USD,true
08_ebay_listing_sales_aug2026.csv,352,EB-2608-000713,2026-08-13T08:00:00-04:00,2026-08-17,shipped,,USD,true
08_ebay_listing_sales_aug2026.csv,124,EB-2608-000714,2026-08-05T08:00:00-04:00,2026-08-07,shipped,,USD,true
08_ebay_listing_sales_aug2026.csv,679,EB-2608-000715,2026-08-25T08:00:00-04:00,2026-08-26,shipped,,USD,true
08_ebay_listing_sales_aug2026.csv,596,EB-2608-000716,2026-08-22T08:00:00-04:00,2026-08-24,shipped,,USD,true
08_ebay_listing_sales_aug2026.csv,247,EB-2608-000717,2026-08-09T08:00:00-04:00,2026-08-10,shipped,,USD,true
08_ebay_listing_sales_aug2026.csv,653,EB-2608-000718,2026-08-24T08:00:00-04:00,2026-08-26,shipped,,USD,true
08_ebay_listing_sales_aug2026.csv,279,EB-2608-000719,2026-08-10T08:00:00-04:00,2026-08-12,shipped,,USD,true
08_ebay_listing_sales_aug2026.csv,805,EB-2608-000720,2026-08-29T08:00:00-04:00,2026-08-31,shipped,,USD,true
08_ebay_listing_sales_aug2026.csv,707,EB-2608-000721,2026-08-26T08:00:00-04:00,2026-08-31,shipped,,USD,true
08_ebay_listing_sales_aug2026.csv,248,EB-2608-000722,2026-08-09T08:00:00-04:00,2026-08-10,shipped,,USD,true
08_ebay_listing_sales_aug2026.csv,20,EB-2608-000723,2026-08-01T08:00:00-04:00,2026-08-04,shipped,,USD,true
08_ebay_listing_sales_aug2026.csv,144,EB-2608-000724,2026-08-06T08:00:00-04:00,2026-08-07,shipped,,USD,true
08_ebay_listing_sales_aug2026.csv,806,EB-2608-000725,2026-08-29T08:00:00-04:00,2026-08-31,shipped,,USD,true
08_ebay_listing_sales_aug2026.csv,210,EB-2608-000726,2026-08-08T08:00:00-04:00,,local_pickup,,USD,true
08_ebay_listing_sales_aug2026.csv,125,EB-2608-000727,2026-08-05T08:00:00-04:00,2026-08-06,shipped,,USD,true
08_ebay_listing_sales_aug2026.csv,736,EB-2608-000728,2026-08-27T08:00:00-04:00,2026-08-28,shipped,,USD,true
08_ebay_listing_sales_aug2026.csv,485,EB-2608-000729,2026-08-18T08:00:00-04:00,2026-08-24,shipped,,USD,true
08_ebay_listing_sales_aug2026.csv,145,EB-2608-000730,2026-08-06T08:00:00-04:00,,local_pickup,,USD,true
08_ebay_listing_sales_aug2026.csv,435,EB-2608-000731,2026-08-16T08:00:00-04:00,2026-08-19,shipped,2026-08-22T21:00:00-04:00,USD,true
08_ebay_listing_sales_aug2026.csv,211,EB-2608-000732,2026-08-08T08:00:00-04:00,2026-08-11,shipped,,USD,true
08_ebay_listing_sales_aug2026.csv,457,EB-2608-000733,2026-08-17T08:00:00-04:00,2026-08-18,shipped,,USD,true
08_ebay_listing_sales_aug2026.csv,486,EB-2608-000734,2026-08-18T08:00:00-04:00,,local_pickup,,USD,true
08_ebay_listing_sales_aug2026.csv,212,EB-2608-000735,2026-08-08T08:00:00-04:00,2026-08-10,shipped,,USD,true
08_ebay_listing_sales_aug2026.csv,399,EB-2608-000736,2026-08-15T08:00:00-04:00,2026-08-19,shipped,,USD,true
08_ebay_listing_sales_aug2026.csv,181,EB-2608-000737,2026-08-07T08:00:00-04:00,2026-08-10,shipped,,USD,true
08_ebay_listing_sales_aug2026.csv,737,EB-2608-000738,2026-08-27T08:00:00-04:00,2026-08-31,shipped,,USD,true
08_ebay_listing_sales_aug2026.csv,857,EB-2608-000739,2026-08-30T08:00:00-04:00,,pending_fulfillment,,USD,true
08_ebay_listing_sales_aug2026.csv,329,EB-2608-000740,2026-08-12T08:00:00-04:00,2026-08-13,shipped,,USD,true
08_ebay_listing_sales_aug2026.csv,249,EB-2608-000741,2026-08-09T08:00:00-04:00,2026-08-11,shipped,,USD,true
08_ebay_listing_sales_aug2026.csv,858,EB-2608-000742,2026-08-30T08:00:00-04:00,,pending_fulfillment,,USD,true
08_ebay_listing_sales_aug2026.csv,373,EB-2608-000743,2026-08-14T08:00:00-04:00,2026-08-17,shipped,,USD,true
08_ebay_listing_sales_aug2026.csv,146,EB-2608-000744,2026-08-06T08:00:00-04:00,2026-08-10,shipped,,USD,true
08_ebay_listing_sales_aug2026.csv,487,EB-2608-000745,2026-08-18T08:00:00-04:00,2026-08-19,shipped,,USD,true
08_ebay_listing_sales_aug2026.csv,147,EB-2608-000746,2026-08-06T08:00:00-04:00,2026-08-10,shipped,,USD,true
08_ebay_listing_sales_aug2026.csv,250,EB-2608-000747,2026-08-09T08:00:00-04:00,,local_pickup,,USD,true
08_ebay_listing_sales_aug2026.csv,213,EB-2608-000748,2026-08-08T08:00:00-04:00,2026-08-10,shipped,,USD,true
08_ebay_listing_sales_aug2026.csv,488,EB-2608-000749,2026-08-18T08:00:00-04:00,2026-08-24,shipped,,USD,true
08_ebay_listing_sales_aug2026.csv,489,EB-2608-000750,2026-08-18T08:00:00-04:00,2026-08-19,shipped,,USD,true
08_ebay_listing_sales_aug2026.csv,654,EB-2608-000751,2026-08-24T08:00:00-04:00,2026-08-27,shipped,,USD,true
08_ebay_listing_sales_aug2026.csv,597,EB-2608-000752,2026-08-22T08:00:00-04:00,2026-08-24,shipped,,USD,true
08_ebay_listing_sales_aug2026.csv,400,EB-2608-000753,2026-08-15T08:00:00-04:00,2026-08-18,shipped,,USD,true
08_ebay_listing_sales_aug2026.csv,303,EB-2608-000754,2026-08-11T08:00:00-04:00,2026-08-13,shipped,,USD,true
08_ebay_listing_sales_aug2026.csv,47,EB-2608-000755,2026-08-02T08:00:00-04:00,2026-08-04,shipped,2026-08-05T21:00:00-04:00,USD,true
08_ebay_listing_sales_aug2026.csv,21,EB-2608-000756,2026-08-01T08:00:00-04:00,2026-08-06,shipped,,USD,true
08_ebay_listing_sales_aug2026.csv,623,EB-2608-000757,2026-08-23T08:00:00-04:00,2026-08-25,shipped,,USD,true
08_ebay_listing_sales_aug2026.csv,280,EB-2608-000758,2026-08-10T08:00:00-04:00,2026-08-12,shipped,,USD,true
08_ebay_listing_sales_aug2026.csv,458,EB-2608-000759,2026-08-17T08:00:00-04:00,2026-08-18,shipped,,USD,true
08_ebay_listing_sales_aug2026.csv,330,EB-2608-000760,2026-08-12T08:00:00-04:00,2026-08-17,shipped,,USD,true
08_ebay_listing_sales_aug2026.csv,563,EB-2608-000761,2026-08-21T08:00:00-04:00,2026-08-24,shipped,,USD,true
08_ebay_listing_sales_aug2026.csv,564,EB-2608-000762,2026-08-21T08:00:00-04:00,2026-08-24,shipped,,USD,true
08_ebay_listing_sales_aug2026.csv,680,EB-2608-000763,2026-08-25T08:00:00-04:00,2026-08-26,shipped,,USD,true
08_ebay_listing_sales_aug2026.csv,401,EB-2608-000764,2026-08-15T08:00:00-04:00,2026-08-17,shipped,,USD,true
08_ebay_listing_sales_aug2026.csv,214,EB-2608-000765,2026-08-08T08:00:00-04:00,2026-08-10,shipped,,USD,true
08_ebay_listing_sales_aug2026.csv,93,EB-2608-000766,2026-08-04T08:00:00-04:00,2026-08-07,shipped,,USD,true
08_ebay_listing_sales_aug2026.csv,624,EB-2608-000767,2026-08-23T08:00:00-04:00,2026-08-24,shipped,,USD,true
08_ebay_listing_sales_aug2026.csv,807,EB-2608-000768,2026-08-29T08:00:00-04:00,,pending_fulfillment,,USD,true
08_ebay_listing_sales_aug2026.csv,808,EB-2608-000769,2026-08-29T08:00:00-04:00,2026-08-31,shipped,,USD,true
08_ebay_listing_sales_aug2026.csv,304,EB-2608-000770,2026-08-11T08:00:00-04:00,2026-08-17,shipped,,USD,true
08_ebay_listing_sales_aug2026.csv,353,EB-2608-000771,2026-08-13T08:00:00-04:00,2026-08-14,shipped,,USD,true
08_ebay_listing_sales_aug2026.csv,565,EB-2608-000772,2026-08-21T08:00:00-04:00,2026-08-24,shipped,,USD,true
08_ebay_listing_sales_aug2026.csv,859,EB-2608-000773,2026-08-30T08:00:00-04:00,2026-08-31,shipped,,USD,true
08_ebay_listing_sales_aug2026.csv,490,EB-2608-000774,2026-08-18T08:00:00-04:00,2026-08-21,shipped,,USD,true
08_ebay_listing_sales_aug2026.csv,148,EB-2608-000775,2026-08-06T08:00:00-04:00,2026-08-07,shipped,,USD,true
08_ebay_listing_sales_aug2026.csv,757,EB-2608-000776,2026-08-28T08:00:00-04:00,2026-08-31,shipped,,USD,true
08_ebay_listing_sales_aug2026.csv,809,EB-2608-000777,2026-08-29T08:00:00-04:00,2026-08-31,shipped,,USD,true
08_ebay_listing_sales_aug2026.csv,491,EB-2608-000778,2026-08-18T08:00:00-04:00,2026-08-19,shipped,,USD,true
08_ebay_listing_sales_aug2026.csv,402,EB-2608-000779,2026-08-15T08:00:00-04:00,2026-08-17,shipped,,USD,true
08_ebay_listing_sales_aug2026.csv,436,EB-2608-000780,2026-08-16T08:00:00-04:00,,canceled_before_fulfillment,2026-08-17T21:00:00-04:00,USD,true
08_ebay_listing_sales_aug2026.csv,22,EB-2608-000781,2026-08-01T08:00:00-04:00,2026-08-05,shipped,2026-08-09T21:00:00-04:00,USD,true
08_ebay_listing_sales_aug2026.csv,126,EB-2608-000782,2026-08-05T08:00:00-04:00,2026-08-06,shipped,,USD,true
08_ebay_listing_sales_aug2026.csv,810,EB-2608-000783,2026-08-29T08:00:00-04:00,2026-08-31,shipped,,USD,true
08_ebay_listing_sales_aug2026.csv,459,EB-2608-000784,2026-08-17T08:00:00-04:00,2026-08-19,shipped,,USD,true
08_ebay_listing_sales_aug2026.csv,215,EB-2608-000785,2026-08-08T08:00:00-04:00,2026-08-10,shipped,,USD,true
08_ebay_listing_sales_aug2026.csv,625,EB-2608-000786,2026-08-23T08:00:00-04:00,2026-08-26,shipped,,USD,true
08_ebay_listing_sales_aug2026.csv,460,EB-2608-000787,2026-08-17T08:00:00-04:00,2026-08-21,shipped,,USD,true
08_ebay_listing_sales_aug2026.csv,896,EB-2608-000788,2026-08-31T08:00:00-04:00,,pending_fulfillment,,USD,true
08_ebay_listing_sales_aug2026.csv,23,EB-2608-000789,2026-08-01T08:00:00-04:00,2026-08-03,shipped,,USD,true
08_ebay_listing_sales_aug2026.csv,437,EB-2608-000790,2026-08-16T08:00:00-04:00,2026-08-17,shipped,,USD,true
08_ebay_listing_sales_aug2026.csv,681,EB-2608-000791,2026-08-25T08:00:00-04:00,2026-08-31,shipped,,USD,true
08_ebay_listing_sales_aug2026.csv,708,EB-2608-000792,2026-08-26T08:00:00-04:00,2026-08-27,shipped,,USD,true
08_ebay_listing_sales_aug2026.csv,127,EB-2608-000793,2026-08-05T08:00:00-04:00,2026-08-07,shipped,,USD,true
08_ebay_listing_sales_aug2026.csv,48,EB-2608-000794,2026-08-02T08:00:00-04:00,2026-08-03,shipped,,USD,true
08_ebay_listing_sales_aug2026.csv,566,EB-2608-000795,2026-08-21T08:00:00-04:00,2026-08-24,shipped,,USD,true
08_ebay_listing_sales_aug2026.csv,403,EB-2608-000796,2026-08-15T08:00:00-04:00,2026-08-17,shipped,,USD,true
08_ebay_listing_sales_aug2026.csv,682,EB-2608-000797,2026-08-25T08:00:00-04:00,2026-08-26,shipped,2026-08-29T21:00:00-04:00,USD,true
08_ebay_listing_sales_aug2026.csv,897,EB-2608-000798,2026-08-31T08:00:00-04:00,,pending_fulfillment,,USD,true
08_ebay_listing_sales_aug2026.csv,438,EB-2608-000799,2026-08-16T08:00:00-04:00,,local_pickup,,USD,true
08_ebay_listing_sales_aug2026.csv,492,EB-2608-000800,2026-08-18T08:00:00-04:00,,local_pickup,,USD,true
08_ebay_listing_sales_aug2026.csv,567,EB-2608-000801,2026-08-21T08:00:00-04:00,2026-08-24,shipped,,USD,true
08_ebay_listing_sales_aug2026.csv,149,EB-2608-000802,2026-08-06T08:00:00-04:00,2026-08-07,shipped,,USD,true
08_ebay_listing_sales_aug2026.csv,655,EB-2608-000803,2026-08-24T08:00:00-04:00,2026-08-26,shipped,,USD,true
08_ebay_listing_sales_aug2026.csv,281,EB-2608-000804,2026-08-10T08:00:00-04:00,2026-08-11,shipped,,USD,true
08_ebay_listing_sales_aug2026.csv,182,EB-2608-000805,2026-08-07T08:00:00-04:00,2026-08-10,shipped,,USD,true
08_ebay_listing_sales_aug2026.csv,626,EB-2608-000806,2026-08-23T08:00:00-04:00,2026-08-25,shipped,,USD,true
08_ebay_listing_sales_aug2026.csv,860,EB-2608-000807,2026-08-30T08:00:00-04:00,2026-08-31,shipped,,USD,true
08_ebay_listing_sales_aug2026.csv,738,EB-2608-000808,2026-08-27T08:00:00-04:00,2026-08-31,shipped,,USD,true
08_ebay_listing_sales_aug2026.csv,183,EB-2608-000809,2026-08-07T08:00:00-04:00,2026-08-10,shipped,,USD,true
08_ebay_listing_sales_aug2026.csv,354,EB-2608-000810,2026-08-13T08:00:00-04:00,2026-08-17,shipped,,USD,true
08_ebay_listing_sales_aug2026.csv,24,EB-2608-000811,2026-08-01T08:00:00-04:00,2026-08-03,shipped,,USD,true
08_ebay_listing_sales_aug2026.csv,150,EB-2608-000812,2026-08-06T08:00:00-04:00,2026-08-10,shipped,,USD,true
08_ebay_listing_sales_aug2026.csv,404,EB-2608-000813,2026-08-15T08:00:00-04:00,,canceled_before_fulfillment,2026-08-23T21:00:00-04:00,USD,true
08_ebay_listing_sales_aug2026.csv,25,EB-2608-000814,2026-08-01T08:00:00-04:00,2026-08-03,shipped,,USD,true
08_ebay_listing_sales_aug2026.csv,439,EB-2608-000815,2026-08-16T08:00:00-04:00,2026-08-19,shipped,,USD,true
08_ebay_listing_sales_aug2026.csv,251,EB-2608-000816,2026-08-09T08:00:00-04:00,2026-08-13,shipped,,USD,true
08_ebay_listing_sales_aug2026.csv,405,EB-2608-000817,2026-08-15T08:00:00-04:00,2026-08-17,shipped,,USD,true
08_ebay_listing_sales_aug2026.csv,540,EB-2608-000818,2026-08-20T08:00:00-04:00,2026-08-21,shipped,,USD,true
08_ebay_listing_sales_aug2026.csv,331,EB-2608-000819,2026-08-12T08:00:00-04:00,2026-08-17,shipped,,USD,true
08_ebay_listing_sales_aug2026.csv,49,EB-2608-000820,2026-08-02T08:00:00-04:00,2026-08-05,shipped,,USD,true
08_ebay_listing_sales_aug2026.csv,758,EB-2608-000821,2026-08-28T08:00:00-04:00,2026-08-31,shipped,,USD,true
08_ebay_listing_sales_aug2026.csv,861,EB-2608-000822,2026-08-30T08:00:00-04:00,,pending_fulfillment,,USD,true
08_ebay_listing_sales_aug2026.csv,759,EB-2608-000823,2026-08-28T08:00:00-04:00,2026-08-31,shipped,,USD,true
08_ebay_listing_sales_aug2026.csv,374,EB-2608-000824,2026-08-14T08:00:00-04:00,2026-08-17,shipped,,USD,true
08_ebay_listing_sales_aug2026.csv,252,EB-2608-000825,2026-08-09T08:00:00-04:00,2026-08-12,shipped,,USD,true
08_ebay_listing_sales_aug2026.csv,406,EB-2608-000826,2026-08-15T08:00:00-04:00,2026-08-17,shipped,,USD,true
08_ebay_listing_sales_aug2026.csv,253,EB-2608-000827,2026-08-09T08:00:00-04:00,2026-08-12,shipped,,USD,true
08_ebay_listing_sales_aug2026.csv,94,EB-2608-000828,2026-08-04T08:00:00-04:00,2026-08-06,shipped,,USD,true
08_ebay_listing_sales_aug2026.csv,541,EB-2608-000829,2026-08-20T08:00:00-04:00,2026-08-24,shipped,,USD,true
08_ebay_listing_sales_aug2026.csv,216,EB-2608-000830,2026-08-08T08:00:00-04:00,2026-08-11,shipped,,USD,true
08_ebay_listing_sales_aug2026.csv,898,EB-2608-000831,2026-08-31T08:00:00-04:00,,pending_fulfillment,,USD,true
08_ebay_listing_sales_aug2026.csv,493,EB-2608-000832,2026-08-18T08:00:00-04:00,2026-08-19,shipped,,USD,true
08_ebay_listing_sales_aug2026.csv,494,EB-2608-000833,2026-08-18T08:00:00-04:00,2026-08-19,shipped,,USD,true
08_ebay_listing_sales_aug2026.csv,282,EB-2608-000834,2026-08-10T08:00:00-04:00,2026-08-11,shipped,,USD,true
08_ebay_listing_sales_aug2026.csv,683,EB-2608-000835,2026-08-25T08:00:00-04:00,2026-08-27,shipped,,USD,true
08_ebay_listing_sales_aug2026.csv,254,EB-2608-000836,2026-08-09T08:00:00-04:00,2026-08-11,shipped,,USD,true
08_ebay_listing_sales_aug2026.csv,598,EB-2608-000837,2026-08-22T08:00:00-04:00,,local_pickup,,USD,true
08_ebay_listing_sales_aug2026.csv,332,EB-2608-000838,2026-08-12T08:00:00-04:00,2026-08-14,shipped,,USD,true
08_ebay_listing_sales_aug2026.csv,151,EB-2608-000839,2026-08-06T08:00:00-04:00,2026-08-10,shipped,,USD,true
08_ebay_listing_sales_aug2026.csv,899,EB-2608-000840,2026-08-31T08:00:00-04:00,,pending_fulfillment,,USD,true
08_ebay_listing_sales_aug2026.csv,217,EB-2608-000841,2026-08-08T08:00:00-04:00,,local_pickup,,USD,true
08_ebay_listing_sales_aug2026.csv,684,EB-2608-000842,2026-08-25T08:00:00-04:00,2026-08-27,shipped,,USD,true
08_ebay_listing_sales_aug2026.csv,542,EB-2608-000843,2026-08-20T08:00:00-04:00,2026-08-21,shipped,,USD,true
08_ebay_listing_sales_aug2026.csv,709,EB-2608-000844,2026-08-26T08:00:00-04:00,2026-08-27,shipped,,USD,true
08_ebay_listing_sales_aug2026.csv,218,EB-2608-000845,2026-08-08T08:00:00-04:00,2026-08-12,shipped,,USD,true
08_ebay_listing_sales_aug2026.csv,440,EB-2608-000846,2026-08-16T08:00:00-04:00,2026-08-18,shipped,,USD,true
08_ebay_listing_sales_aug2026.csv,739,EB-2608-000847,2026-08-27T08:00:00-04:00,2026-08-31,shipped,2026-08-31T21:00:00-04:00,USD,true
08_ebay_listing_sales_aug2026.csv,95,EB-2608-000848,2026-08-04T08:00:00-04:00,2026-08-06,shipped,,USD,true
08_ebay_listing_sales_aug2026.csv,70,EB-2608-000849,2026-08-03T08:00:00-04:00,2026-08-04,shipped,,USD,true
08_ebay_listing_sales_aug2026.csv,50,EB-2608-000850,2026-08-02T08:00:00-04:00,2026-08-05,shipped,,USD,true
08_ebay_listing_sales_aug2026.csv,305,EB-2608-000851,2026-08-11T08:00:00-04:00,2026-08-12,shipped,,USD,true
08_ebay_listing_sales_aug2026.csv,656,EB-2608-000852,2026-08-24T08:00:00-04:00,2026-08-31,shipped,,USD,true
08_ebay_listing_sales_aug2026.csv,407,EB-2608-000853,2026-08-15T08:00:00-04:00,2026-08-17,shipped,,USD,true
08_ebay_listing_sales_aug2026.csv,152,EB-2608-000854,2026-08-06T08:00:00-04:00,2026-08-10,shipped,,USD,true
08_ebay_listing_sales_aug2026.csv,760,EB-2608-000855,2026-08-28T08:00:00-04:00,2026-08-31,shipped,,USD,true
08_ebay_listing_sales_aug2026.csv,495,EB-2608-000856,2026-08-18T08:00:00-04:00,,canceled_before_fulfillment,2026-08-28T21:00:00-04:00,USD,true
08_ebay_listing_sales_aug2026.csv,219,EB-2608-000857,2026-08-08T08:00:00-04:00,2026-08-10,shipped,,USD,true
08_ebay_listing_sales_aug2026.csv,657,EB-2608-000858,2026-08-24T08:00:00-04:00,2026-08-26,shipped,,USD,true
08_ebay_listing_sales_aug2026.csv,306,EB-2608-000859,2026-08-11T08:00:00-04:00,2026-08-12,shipped,,USD,true
08_ebay_listing_sales_aug2026.csv,441,EB-2608-000860,2026-08-16T08:00:00-04:00,2026-08-17,shipped,,USD,true
08_ebay_listing_sales_aug2026.csv,599,EB-2608-000861,2026-08-22T08:00:00-04:00,2026-08-24,shipped,,USD,true
08_ebay_listing_sales_aug2026.csv,761,EB-2608-000862,2026-08-28T08:00:00-04:00,,local_pickup,,USD,true
08_ebay_listing_sales_aug2026.csv,307,EB-2608-000863,2026-08-11T08:00:00-04:00,2026-08-12,shipped,,USD,true
08_ebay_listing_sales_aug2026.csv,543,EB-2608-000864,2026-08-20T08:00:00-04:00,2026-08-24,shipped,,USD,true
08_ebay_listing_sales_aug2026.csv,600,EB-2608-000865,2026-08-22T08:00:00-04:00,2026-08-24,shipped,,USD,true
08_ebay_listing_sales_aug2026.csv,71,EB-2608-000866,2026-08-03T08:00:00-04:00,2026-08-04,shipped,,USD,true
08_ebay_listing_sales_aug2026.csv,184,EB-2608-000867,2026-08-07T08:00:00-04:00,2026-08-10,shipped,,USD,true
08_ebay_listing_sales_aug2026.csv,220,EB-2608-000868,2026-08-08T08:00:00-04:00,2026-08-10,shipped,,USD,true
08_ebay_listing_sales_aug2026.csv,153,EB-2608-000869,2026-08-06T08:00:00-04:00,2026-08-07,shipped,,USD,true
08_ebay_listing_sales_aug2026.csv,710,EB-2608-000870,2026-08-26T08:00:00-04:00,2026-08-31,shipped,,USD,true
08_ebay_listing_sales_aug2026.csv,51,EB-2608-000871,2026-08-02T08:00:00-04:00,2026-08-04,shipped,,USD,true
08_ebay_listing_sales_aug2026.csv,333,EB-2608-000872,2026-08-12T08:00:00-04:00,2026-08-13,shipped,,USD,true
08_ebay_listing_sales_aug2026.csv,72,EB-2608-000873,2026-08-03T08:00:00-04:00,2026-08-10,shipped,,USD,true
08_ebay_listing_sales_aug2026.csv,568,EB-2608-000874,2026-08-21T08:00:00-04:00,2026-08-24,shipped,,USD,true
08_ebay_listing_sales_aug2026.csv,283,EB-2608-000875,2026-08-10T08:00:00-04:00,2026-08-13,shipped,,USD,true
08_ebay_listing_sales_aug2026.csv,185,EB-2608-000876,2026-08-07T08:00:00-04:00,2026-08-10,shipped,,USD,true
08_ebay_listing_sales_aug2026.csv,52,EB-2608-000877,2026-08-02T08:00:00-04:00,2026-08-06,shipped,,USD,true
08_ebay_listing_sales_aug2026.csv,186,EB-2608-000878,2026-08-07T08:00:00-04:00,2026-08-10,shipped,,USD,true
08_ebay_listing_sales_aug2026.csv,496,EB-2608-000879,2026-08-18T08:00:00-04:00,2026-08-19,shipped,,USD,true
08_ebay_listing_sales_aug2026.csv,96,EB-2608-000880,2026-08-04T08:00:00-04:00,2026-08-05,shipped,,USD,true
08_ebay_listing_sales_aug2026.csv,442,EB-2608-000881,2026-08-16T08:00:00-04:00,2026-08-17,shipped,,USD,true
08_ebay_listing_sales_aug2026.csv,255,EB-2608-000882,2026-08-09T08:00:00-04:00,,local_pickup,,USD,true
08_ebay_listing_sales_aug2026.csv,711,EB-2608-000883,2026-08-26T08:00:00-04:00,2026-08-28,shipped,,USD,true
08_ebay_listing_sales_aug2026.csv,658,EB-2608-000884,2026-08-24T08:00:00-04:00,2026-08-25,shipped,,USD,true
08_ebay_listing_sales_aug2026.csv,862,EB-2608-000885,2026-08-30T08:00:00-04:00,,pending_fulfillment,,USD,true
08_ebay_listing_sales_aug2026.csv,53,EB-2608-000886,2026-08-02T08:00:00-04:00,2026-08-05,shipped,,USD,true
08_ebay_listing_sales_aug2026.csv,408,EB-2608-000887,2026-08-15T08:00:00-04:00,2026-08-18,shipped,,USD,true
08_ebay_listing_sales_aug2026.csv,569,EB-2608-000888,2026-08-21T08:00:00-04:00,2026-08-24,shipped,,USD,true
08_ebay_listing_sales_aug2026.csv,900,EB-2608-000889,2026-08-31T08:00:00-04:00,,pending_fulfillment,,USD,true
08_ebay_listing_sales_aug2026.csv,97,EB-2608-000890,2026-08-04T08:00:00-04:00,2026-08-05,shipped,,USD,true
08_ebay_listing_sales_aug2026.csv,98,EB-2608-000891,2026-08-04T08:00:00-04:00,2026-08-06,shipped,,USD,true
08_ebay_listing_sales_aug2026.csv,256,EB-2608-000892,2026-08-09T08:00:00-04:00,2026-08-10,shipped,,USD,true
08_ebay_listing_sales_aug2026.csv,73,EB-2608-000893,2026-08-03T08:00:00-04:00,2026-08-04,shipped,,USD,true
08_ebay_listing_sales_aug2026.csv,712,EB-2608-000894,2026-08-26T08:00:00-04:00,,local_pickup,2026-08-29T21:00:00-04:00,USD,true
08_ebay_listing_sales_aug2026.csv,128,EB-2608-000895,2026-08-05T08:00:00-04:00,2026-08-07,shipped,,USD,true
08_ebay_listing_sales_aug2026.csv,409,EB-2608-000896,2026-08-15T08:00:00-04:00,2026-08-17,shipped,,USD,true
08_ebay_listing_sales_aug2026.csv,863,EB-2608-000897,2026-08-30T08:00:00-04:00,2026-08-31,shipped,,USD,true
08_ebay_listing_sales_aug2026.csv,443,EB-2608-000898,2026-08-16T08:00:00-04:00,,local_pickup,,USD,true
08_ebay_listing_sales_aug2026.csv,129,EB-2608-000899,2026-08-05T08:00:00-04:00,2026-08-10,shipped,,USD,true
08_ebay_listing_sales_aug2026.csv,713,EB-2608-000900,2026-08-26T08:00:00-04:00,2026-08-31,shipped,,USD,true
07_goodwill_books_payment_statement_aug2026.csv,1,GWB-2608-000001,2026-08-03T08:00:00-04:00,2026-08-05,shipped,,USD,true
07_goodwill_books_payment_statement_aug2026.csv,2,GWB-2608-000002,2026-08-30T08:00:00-04:00,2026-08-31,shipped,,USD,true
07_goodwill_books_payment_statement_aug2026.csv,3,GWB-2608-000003,2026-08-16T08:00:00-04:00,2026-08-17,shipped,,USD,true
07_goodwill_books_payment_statement_aug2026.csv,4,GWB-2608-000004,2026-08-23T08:00:00-04:00,2026-08-25,shipped,,USD,true
07_goodwill_books_payment_statement_aug2026.csv,5,GWB-2608-000005,2026-08-26T08:00:00-04:00,2026-08-28,shipped,,USD,true
07_goodwill_books_payment_statement_aug2026.csv,6,GWB-2608-000006,2026-08-29T08:00:00-04:00,2026-08-31,shipped,,USD,true
07_goodwill_books_payment_statement_aug2026.csv,7,GWB-2608-000007,2026-08-21T08:00:00-04:00,2026-08-24,shipped,,USD,true
07_goodwill_books_payment_statement_aug2026.csv,8,GWB-2608-000008,2026-08-27T08:00:00-04:00,2026-08-31,shipped,,USD,true
07_goodwill_books_payment_statement_aug2026.csv,9,GWB-2608-000009,2026-08-08T08:00:00-04:00,2026-08-12,shipped,2026-08-14T21:00:00-04:00,USD,true
07_goodwill_books_payment_statement_aug2026.csv,10,GWB-2608-000010,2026-08-31T08:00:00-04:00,,pending_fulfillment,,USD,true
07_goodwill_books_payment_statement_aug2026.csv,11,GWB-2608-000011,2026-08-26T08:00:00-04:00,2026-08-27,shipped,,USD,true
07_goodwill_books_payment_statement_aug2026.csv,12,GWB-2608-000012,2026-08-23T08:00:00-04:00,2026-08-24,shipped,,USD,true
07_goodwill_books_payment_statement_aug2026.csv,13,GWB-2608-000013,2026-08-11T08:00:00-04:00,2026-08-13,shipped,,USD,true
07_goodwill_books_payment_statement_aug2026.csv,14,GWB-2608-000014,2026-08-17T08:00:00-04:00,2026-08-20,shipped,,USD,true
07_goodwill_books_payment_statement_aug2026.csv,15,GWB-2608-000015,2026-08-09T08:00:00-04:00,2026-08-10,shipped,,USD,true
07_goodwill_books_payment_statement_aug2026.csv,16,GWB-2608-000016,2026-08-02T08:00:00-04:00,2026-08-07,shipped,,USD,true
07_goodwill_books_payment_statement_aug2026.csv,17,GWB-2608-000017,2026-08-04T08:00:00-04:00,2026-08-05,shipped,,USD,true
07_goodwill_books_payment_statement_aug2026.csv,18,GWB-2608-000018,2026-08-10T08:00:00-04:00,2026-08-14,shipped,,USD,true
07_goodwill_books_payment_statement_aug2026.csv,19,GWB-2608-000019,2026-08-04T08:00:00-04:00,2026-08-05,shipped,,USD,true
07_goodwill_books_payment_statement_aug2026.csv,20,GWB-2608-000020,2026-08-11T08:00:00-04:00,2026-08-12,shipped,2026-08-12T21:00:00-04:00,USD,true
07_goodwill_books_payment_statement_aug2026.csv,21,GWB-2608-000021,2026-08-17T08:00:00-04:00,2026-08-18,shipped,,USD,true
07_goodwill_books_payment_statement_aug2026.csv,22,GWB-2608-000022,2026-08-16T08:00:00-04:00,2026-08-17,shipped,,USD,true
07_goodwill_books_payment_statement_aug2026.csv,23,GWB-2608-000023,2026-08-15T08:00:00-04:00,2026-08-18,shipped,,USD,true
07_goodwill_books_payment_statement_aug2026.csv,24,GWB-2608-000024,2026-08-30T08:00:00-04:00,2026-08-31,shipped,,USD,true
07_goodwill_books_payment_statement_aug2026.csv,25,GWB-2608-000025,2026-08-20T08:00:00-04:00,2026-08-24,shipped,,USD,true
07_goodwill_books_payment_statement_aug2026.csv,26,GWB-2608-000026,2026-08-27T08:00:00-04:00,2026-08-31,shipped,,USD,true
07_goodwill_books_payment_statement_aug2026.csv,27,GWB-2608-000027,2026-08-28T08:00:00-04:00,2026-08-31,shipped,,USD,true
07_goodwill_books_payment_statement_aug2026.csv,28,GWB-2608-000028,2026-08-24T08:00:00-04:00,2026-08-26,shipped,,USD,true
07_goodwill_books_payment_statement_aug2026.csv,29,GWB-2608-000029,2026-08-22T08:00:00-04:00,2026-08-24,shipped,,USD,true
07_goodwill_books_payment_statement_aug2026.csv,30,GWB-2608-000030,2026-08-09T08:00:00-04:00,2026-08-11,shipped,,USD,true
07_goodwill_books_payment_statement_aug2026.csv,31,GWB-2608-000031,2026-08-10T08:00:00-04:00,2026-08-13,shipped,,USD,true
07_goodwill_books_payment_statement_aug2026.csv,32,GWB-2608-000032,2026-08-06T08:00:00-04:00,2026-08-10,shipped,,USD,true
07_goodwill_books_payment_statement_aug2026.csv,33,GWB-2608-000033,2026-08-12T08:00:00-04:00,2026-08-17,shipped,,USD,true
07_goodwill_books_payment_statement_aug2026.csv,34,GWB-2608-000034,2026-08-08T08:00:00-04:00,,local_pickup,,USD,true
07_goodwill_books_payment_statement_aug2026.csv,35,GWB-2608-000035,2026-08-09T08:00:00-04:00,2026-08-11,shipped,,USD,true
07_goodwill_books_payment_statement_aug2026.csv,36,GWB-2608-000036,2026-08-20T08:00:00-04:00,2026-08-24,shipped,,USD,true
07_goodwill_books_payment_statement_aug2026.csv,37,GWB-2608-000037,2026-08-25T08:00:00-04:00,2026-08-27,shipped,,USD,true
07_goodwill_books_payment_statement_aug2026.csv,38,GWB-2608-000038,2026-08-06T08:00:00-04:00,2026-08-10,shipped,,USD,true
07_goodwill_books_payment_statement_aug2026.csv,39,GWB-2608-000039,2026-08-07T08:00:00-04:00,2026-08-10,shipped,,USD,true
07_goodwill_books_payment_statement_aug2026.csv,40,GWB-2608-000040,2026-08-06T08:00:00-04:00,2026-08-10,shipped,,USD,true
07_goodwill_books_payment_statement_aug2026.csv,41,GWB-2608-000041,2026-08-10T08:00:00-04:00,2026-08-11,shipped,,USD,true
07_goodwill_books_payment_statement_aug2026.csv,42,GWB-2608-000042,2026-08-22T08:00:00-04:00,,local_pickup,,USD,true
07_goodwill_books_payment_statement_aug2026.csv,43,GWB-2608-000043,2026-08-10T08:00:00-04:00,2026-08-14,shipped,,USD,true
07_goodwill_books_payment_statement_aug2026.csv,44,GWB-2608-000044,2026-08-29T08:00:00-04:00,,pending_fulfillment,,USD,true
07_goodwill_books_payment_statement_aug2026.csv,45,GWB-2608-000045,2026-08-12T08:00:00-04:00,2026-08-14,shipped,,USD,true
07_goodwill_books_payment_statement_aug2026.csv,46,GWB-2608-000046,2026-08-06T08:00:00-04:00,2026-08-07,shipped,,USD,true
07_goodwill_books_payment_statement_aug2026.csv,47,GWB-2608-000047,2026-08-19T08:00:00-04:00,2026-08-21,shipped,,USD,true
07_goodwill_books_payment_statement_aug2026.csv,48,GWB-2608-000048,2026-08-26T08:00:00-04:00,2026-08-27,shipped,,USD,true
07_goodwill_books_payment_statement_aug2026.csv,49,GWB-2608-000049,2026-08-07T08:00:00-04:00,2026-08-10,shipped,,USD,true
07_goodwill_books_payment_statement_aug2026.csv,50,GWB-2608-000050,2026-08-24T08:00:00-04:00,2026-08-26,shipped,,USD,true
07_goodwill_books_payment_statement_aug2026.csv,51,GWB-2608-000051,2026-08-23T08:00:00-04:00,2026-08-25,shipped,,USD,true
07_goodwill_books_payment_statement_aug2026.csv,52,GWB-2608-000052,2026-08-11T08:00:00-04:00,2026-08-12,shipped,,USD,true
07_goodwill_books_payment_statement_aug2026.csv,53,GWB-2608-000053,2026-08-07T08:00:00-04:00,,local_pickup,,USD,true
07_goodwill_books_payment_statement_aug2026.csv,54,GWB-2608-000054,2026-08-16T08:00:00-04:00,2026-08-17,shipped,,USD,true
07_goodwill_books_payment_statement_aug2026.csv,55,GWB-2608-000055,2026-08-06T08:00:00-04:00,2026-08-10,shipped,,USD,true
07_goodwill_books_payment_statement_aug2026.csv,56,GWB-2608-000056,2026-08-10T08:00:00-04:00,2026-08-11,shipped,,USD,true
07_goodwill_books_payment_statement_aug2026.csv,57,GWB-2608-000057,2026-08-07T08:00:00-04:00,2026-08-10,shipped,,USD,true
07_goodwill_books_payment_statement_aug2026.csv,58,GWB-2608-000058,2026-08-29T08:00:00-04:00,2026-08-31,shipped,,USD,true
07_goodwill_books_payment_statement_aug2026.csv,59,GWB-2608-000059,2026-08-10T08:00:00-04:00,2026-08-14,shipped,,USD,true
07_goodwill_books_payment_statement_aug2026.csv,60,GWB-2608-000060,2026-08-08T08:00:00-04:00,2026-08-11,shipped,,USD,true
07_goodwill_books_payment_statement_aug2026.csv,61,GWB-2608-000061,2026-08-21T08:00:00-04:00,2026-08-24,shipped,,USD,true
07_goodwill_books_payment_statement_aug2026.csv,62,GWB-2608-000062,2026-08-03T08:00:00-04:00,2026-08-04,shipped,,USD,true
07_goodwill_books_payment_statement_aug2026.csv,63,GWB-2608-000063,2026-08-12T08:00:00-04:00,2026-08-13,shipped,,USD,true
07_goodwill_books_payment_statement_aug2026.csv,64,GWB-2608-000064,2026-08-16T08:00:00-04:00,2026-08-18,shipped,,USD,true
07_goodwill_books_payment_statement_aug2026.csv,65,GWB-2608-000065,2026-08-29T08:00:00-04:00,2026-08-31,shipped,,USD,true
07_goodwill_books_payment_statement_aug2026.csv,66,GWB-2608-000066,2026-08-13T08:00:00-04:00,2026-08-14,shipped,,USD,true
07_goodwill_books_payment_statement_aug2026.csv,67,GWB-2608-000067,2026-08-02T08:00:00-04:00,2026-08-03,shipped,,USD,true
07_goodwill_books_payment_statement_aug2026.csv,68,GWB-2608-000068,2026-08-13T08:00:00-04:00,2026-08-14,shipped,,USD,true
07_goodwill_books_payment_statement_aug2026.csv,69,GWB-2608-000069,2026-08-15T08:00:00-04:00,2026-08-17,shipped,2026-08-20T21:00:00-04:00,USD,true
07_goodwill_books_payment_statement_aug2026.csv,70,GWB-2608-000070,2026-08-24T08:00:00-04:00,2026-08-25,shipped,,USD,true
07_goodwill_books_payment_statement_aug2026.csv,71,GWB-2608-000071,2026-08-25T08:00:00-04:00,2026-08-28,shipped,,USD,true
07_goodwill_books_payment_statement_aug2026.csv,72,GWB-2608-000072,2026-08-22T08:00:00-04:00,2026-08-24,shipped,,USD,true
07_goodwill_books_payment_statement_aug2026.csv,73,GWB-2608-000073,2026-08-26T08:00:00-04:00,2026-08-27,shipped,,USD,true
07_goodwill_books_payment_statement_aug2026.csv,74,GWB-2608-000074,2026-08-01T08:00:00-04:00,2026-08-03,shipped,,USD,true
07_goodwill_books_payment_statement_aug2026.csv,75,GWB-2608-000075,2026-08-28T08:00:00-04:00,2026-08-31,shipped,,USD,true
07_goodwill_books_payment_statement_aug2026.csv,76,GWB-2608-000076,2026-08-15T08:00:00-04:00,2026-08-17,shipped,,USD,true
07_goodwill_books_payment_statement_aug2026.csv,77,GWB-2608-000077,2026-08-31T08:00:00-04:00,,pending_fulfillment,,USD,true
07_goodwill_books_payment_statement_aug2026.csv,78,GWB-2608-000078,2026-08-24T08:00:00-04:00,2026-08-25,shipped,,USD,true
07_goodwill_books_payment_statement_aug2026.csv,79,GWB-2608-000079,2026-08-02T08:00:00-04:00,2026-08-03,shipped,,USD,true
07_goodwill_books_payment_statement_aug2026.csv,80,GWB-2608-000080,2026-08-18T08:00:00-04:00,2026-08-19,shipped,,USD,true
07_goodwill_books_payment_statement_aug2026.csv,81,GWB-2608-000081,2026-08-17T08:00:00-04:00,2026-08-19,shipped,,USD,true
07_goodwill_books_payment_statement_aug2026.csv,82,GWB-2608-000082,2026-08-16T08:00:00-04:00,2026-08-17,shipped,,USD,true
07_goodwill_books_payment_statement_aug2026.csv,83,GWB-2608-000083,2026-08-10T08:00:00-04:00,,local_pickup,,USD,true
07_goodwill_books_payment_statement_aug2026.csv,84,GWB-2608-000084,2026-08-25T08:00:00-04:00,2026-08-31,shipped,,USD,true
07_goodwill_books_payment_statement_aug2026.csv,85,GWB-2608-000085,2026-08-01T08:00:00-04:00,2026-08-03,shipped,,USD,true
07_goodwill_books_payment_statement_aug2026.csv,86,GWB-2608-000086,2026-08-24T08:00:00-04:00,2026-08-25,shipped,,USD,true
07_goodwill_books_payment_statement_aug2026.csv,87,GWB-2608-000087,2026-08-29T08:00:00-04:00,2026-08-31,shipped,,USD,true
07_goodwill_books_payment_statement_aug2026.csv,88,GWB-2608-000088,2026-08-17T08:00:00-04:00,2026-08-19,shipped,,USD,true
07_goodwill_books_payment_statement_aug2026.csv,89,GWB-2608-000089,2026-08-02T08:00:00-04:00,2026-08-06,shipped,,USD,true
07_goodwill_books_payment_statement_aug2026.csv,90,GWB-2608-000090,2026-08-13T08:00:00-04:00,2026-08-17,shipped,,USD,true
07_goodwill_books_payment_statement_aug2026.csv,91,GWB-2608-000091,2026-08-14T08:00:00-04:00,,canceled_before_fulfillment,2026-08-19T21:00:00-04:00,USD,true
07_goodwill_books_payment_statement_aug2026.csv,92,GWB-2608-000092,2026-08-30T08:00:00-04:00,2026-08-31,shipped,,USD,true
07_goodwill_books_payment_statement_aug2026.csv,93,GWB-2608-000093,2026-08-29T08:00:00-04:00,2026-08-31,shipped,,USD,true
07_goodwill_books_payment_statement_aug2026.csv,94,GWB-2608-000094,2026-08-05T08:00:00-04:00,2026-08-06,shipped,,USD,true
07_goodwill_books_payment_statement_aug2026.csv,95,GWB-2608-000095,2026-08-24T08:00:00-04:00,2026-08-25,shipped,,USD,true
07_goodwill_books_payment_statement_aug2026.csv,96,GWB-2608-000096,2026-08-17T08:00:00-04:00,2026-08-18,shipped,,USD,true
07_goodwill_books_payment_statement_aug2026.csv,97,GWB-2608-000097,2026-08-27T08:00:00-04:00,2026-08-28,shipped,,USD,true
07_goodwill_books_payment_statement_aug2026.csv,98,GWB-2608-000098,2026-08-13T08:00:00-04:00,2026-08-14,shipped,,USD,true
07_goodwill_books_payment_statement_aug2026.csv,99,GWB-2608-000099,2026-08-26T08:00:00-04:00,,local_pickup,,USD,true
07_goodwill_books_payment_statement_aug2026.csv,100,GWB-2608-000100,2026-08-04T08:00:00-04:00,2026-08-10,shipped,,USD,true
07_goodwill_books_payment_statement_aug2026.csv,101,GWB-2608-000101,2026-08-09T08:00:00-04:00,2026-08-11,shipped,,USD,true
07_goodwill_books_payment_statement_aug2026.csv,102,GWB-2608-000102,2026-08-08T08:00:00-04:00,2026-08-10,shipped,,USD,true
07_goodwill_books_payment_statement_aug2026.csv,103,GWB-2608-000103,2026-08-13T08:00:00-04:00,2026-08-14,shipped,,USD,true
07_goodwill_books_payment_statement_aug2026.csv,104,GWB-2608-000104,2026-08-04T08:00:00-04:00,2026-08-06,shipped,,USD,true
07_goodwill_books_payment_statement_aug2026.csv,105,GWB-2608-000105,2026-08-23T08:00:00-04:00,2026-08-27,shipped,,USD,true
07_goodwill_books_payment_statement_aug2026.csv,106,GWB-2608-000106,2026-08-09T08:00:00-04:00,2026-08-10,shipped,,USD,true
07_goodwill_books_payment_statement_aug2026.csv,107,GWB-2608-000107,2026-08-18T08:00:00-04:00,,local_pickup,,USD,true
07_goodwill_books_payment_statement_aug2026.csv,108,GWB-2608-000108,2026-08-12T08:00:00-04:00,2026-08-17,shipped,,USD,true
07_goodwill_books_payment_statement_aug2026.csv,109,GWB-2608-000109,2026-08-25T08:00:00-04:00,2026-08-27,shipped,2026-08-28T21:00:00-04:00,USD,true
07_goodwill_books_payment_statement_aug2026.csv,110,GWB-2608-000110,2026-08-23T08:00:00-04:00,2026-08-24,shipped,,USD,true
07_goodwill_books_payment_statement_aug2026.csv,111,GWB-2608-000111,2026-08-25T08:00:00-04:00,2026-08-27,shipped,,USD,true
07_goodwill_books_payment_statement_aug2026.csv,112,GWB-2608-000112,2026-08-10T08:00:00-04:00,2026-08-13,shipped,,USD,true
07_goodwill_books_payment_statement_aug2026.csv,113,GWB-2608-000113,2026-08-09T08:00:00-04:00,2026-08-10,shipped,,USD,true
07_goodwill_books_payment_statement_aug2026.csv,114,GWB-2608-000114,2026-08-23T08:00:00-04:00,2026-08-24,shipped,,USD,true
07_goodwill_books_payment_statement_aug2026.csv,115,GWB-2608-000115,2026-08-25T08:00:00-04:00,2026-08-27,shipped,,USD,true
07_goodwill_books_payment_statement_aug2026.csv,116,GWB-2608-000116,2026-08-30T08:00:00-04:00,,pending_fulfillment,,USD,true
07_goodwill_books_payment_statement_aug2026.csv,117,GWB-2608-000117,2026-08-25T08:00:00-04:00,2026-08-28,shipped,,USD,true
07_goodwill_books_payment_statement_aug2026.csv,118,GWB-2608-000118,2026-08-06T08:00:00-04:00,2026-08-07,shipped,,USD,true
07_goodwill_books_payment_statement_aug2026.csv,119,GWB-2608-000119,2026-08-09T08:00:00-04:00,2026-08-11,shipped,,USD,true
07_goodwill_books_payment_statement_aug2026.csv,120,GWB-2608-000120,2026-08-08T08:00:00-04:00,2026-08-10,shipped,,USD,true
07_goodwill_books_payment_statement_aug2026.csv,121,GWB-2608-000121,2026-08-04T08:00:00-04:00,2026-08-05,shipped,,USD,true
07_goodwill_books_payment_statement_aug2026.csv,122,GWB-2608-000122,2026-08-24T08:00:00-04:00,2026-08-25,shipped,,USD,true
07_goodwill_books_payment_statement_aug2026.csv,123,GWB-2608-000123,2026-08-22T08:00:00-04:00,2026-08-24,shipped,,USD,true
07_goodwill_books_payment_statement_aug2026.csv,124,GWB-2608-000124,2026-08-22T08:00:00-04:00,2026-08-24,shipped,,USD,true
07_goodwill_books_payment_statement_aug2026.csv,125,GWB-2608-000125,2026-08-30T08:00:00-04:00,,pending_fulfillment,,USD,true
07_goodwill_books_payment_statement_aug2026.csv,126,GWB-2608-000126,2026-08-12T08:00:00-04:00,2026-08-13,shipped,,USD,true
07_goodwill_books_payment_statement_aug2026.csv,127,GWB-2608-000127,2026-08-25T08:00:00-04:00,2026-08-28,shipped,,USD,true
07_goodwill_books_payment_statement_aug2026.csv,128,GWB-2608-000128,2026-08-21T08:00:00-04:00,2026-08-24,shipped,,USD,true
07_goodwill_books_payment_statement_aug2026.csv,129,GWB-2608-000129,2026-08-24T08:00:00-04:00,2026-08-28,shipped,,USD,true
07_goodwill_books_payment_statement_aug2026.csv,130,GWB-2608-000130,2026-08-22T08:00:00-04:00,2026-08-24,shipped,,USD,true
07_goodwill_books_payment_statement_aug2026.csv,131,GWB-2608-000131,2026-08-05T08:00:00-04:00,2026-08-06,shipped,,USD,true
07_goodwill_books_payment_statement_aug2026.csv,132,GWB-2608-000132,2026-08-24T08:00:00-04:00,2026-08-31,shipped,,USD,true
07_goodwill_books_payment_statement_aug2026.csv,133,GWB-2608-000133,2026-08-03T08:00:00-04:00,2026-08-05,shipped,,USD,true
07_goodwill_books_payment_statement_aug2026.csv,134,GWB-2608-000134,2026-08-13T08:00:00-04:00,2026-08-14,shipped,,USD,true
07_goodwill_books_payment_statement_aug2026.csv,135,GWB-2608-000135,2026-08-12T08:00:00-04:00,2026-08-13,shipped,,USD,true
07_goodwill_books_payment_statement_aug2026.csv,136,GWB-2608-000136,2026-08-29T08:00:00-04:00,2026-08-31,shipped,,USD,true
07_goodwill_books_payment_statement_aug2026.csv,137,GWB-2608-000137,2026-08-05T08:00:00-04:00,2026-08-10,shipped,,USD,true
07_goodwill_books_payment_statement_aug2026.csv,138,GWB-2608-000138,2026-08-19T08:00:00-04:00,2026-08-21,shipped,,USD,true
07_goodwill_books_payment_statement_aug2026.csv,139,GWB-2608-000139,2026-08-02T08:00:00-04:00,2026-08-06,shipped,,USD,true
07_goodwill_books_payment_statement_aug2026.csv,140,GWB-2608-000140,2026-08-25T08:00:00-04:00,2026-08-31,shipped,,USD,true
07_goodwill_books_payment_statement_aug2026.csv,141,GWB-2608-000141,2026-08-09T08:00:00-04:00,2026-08-10,shipped,,USD,true
07_goodwill_books_payment_statement_aug2026.csv,142,GWB-2608-000142,2026-08-13T08:00:00-04:00,2026-08-14,shipped,,USD,true
07_goodwill_books_payment_statement_aug2026.csv,143,GWB-2608-000143,2026-08-31T08:00:00-04:00,,pending_fulfillment,,USD,true
07_goodwill_books_payment_statement_aug2026.csv,144,GWB-2608-000144,2026-08-14T08:00:00-04:00,2026-08-17,shipped,,USD,true
07_goodwill_books_payment_statement_aug2026.csv,145,GWB-2608-000145,2026-08-03T08:00:00-04:00,2026-08-07,shipped,,USD,true
07_goodwill_books_payment_statement_aug2026.csv,146,GWB-2608-000146,2026-08-06T08:00:00-04:00,2026-08-10,shipped,,USD,true
07_goodwill_books_payment_statement_aug2026.csv,147,GWB-2608-000147,2026-08-15T08:00:00-04:00,2026-08-17,shipped,,USD,true
07_goodwill_books_payment_statement_aug2026.csv,148,GWB-2608-000148,2026-08-31T08:00:00-04:00,,pending_fulfillment,,USD,true
07_goodwill_books_payment_statement_aug2026.csv,149,GWB-2608-000149,2026-08-31T08:00:00-04:00,,pending_fulfillment,,USD,true
07_goodwill_books_payment_statement_aug2026.csv,150,GWB-2608-000150,2026-08-02T08:00:00-04:00,2026-08-03,shipped,,USD,true
07_goodwill_books_payment_statement_aug2026.csv,151,GWB-2608-000151,2026-08-18T08:00:00-04:00,2026-08-19,shipped,,USD,true
07_goodwill_books_payment_statement_aug2026.csv,152,GWB-2608-000152,2026-08-02T08:00:00-04:00,2026-08-04,shipped,,USD,true
07_goodwill_books_payment_statement_aug2026.csv,153,GWB-2608-000153,2026-08-23T08:00:00-04:00,2026-08-26,shipped,,USD,true
07_goodwill_books_payment_statement_aug2026.csv,154,GWB-2608-000154,2026-08-01T08:00:00-04:00,2026-08-04,shipped,,USD,true
07_goodwill_books_payment_statement_aug2026.csv,155,GWB-2608-000155,2026-08-29T08:00:00-04:00,2026-08-31,shipped,,USD,true
07_goodwill_books_payment_statement_aug2026.csv,156,GWB-2608-000156,2026-08-26T08:00:00-04:00,2026-08-31,shipped,,USD,true
07_goodwill_books_payment_statement_aug2026.csv,157,GWB-2608-000157,2026-08-29T08:00:00-04:00,2026-08-31,shipped,,USD,true
07_goodwill_books_payment_statement_aug2026.csv,158,GWB-2608-000158,2026-08-02T08:00:00-04:00,2026-08-06,shipped,,USD,true
07_goodwill_books_payment_statement_aug2026.csv,159,GWB-2608-000159,2026-08-23T08:00:00-04:00,,local_pickup,,USD,true
07_goodwill_books_payment_statement_aug2026.csv,160,GWB-2608-000160,2026-08-27T08:00:00-04:00,2026-08-31,shipped,,USD,true
07_goodwill_books_payment_statement_aug2026.csv,161,GWB-2608-000161,2026-08-12T08:00:00-04:00,2026-08-14,shipped,,USD,true
07_goodwill_books_payment_statement_aug2026.csv,162,GWB-2608-000162,2026-08-17T08:00:00-04:00,2026-08-18,shipped,,USD,true
07_goodwill_books_payment_statement_aug2026.csv,163,GWB-2608-000163,2026-08-07T08:00:00-04:00,,local_pickup,,USD,true
07_goodwill_books_payment_statement_aug2026.csv,164,GWB-2608-000164,2026-08-26T08:00:00-04:00,2026-08-28,shipped,,USD,true
07_goodwill_books_payment_statement_aug2026.csv,165,GWB-2608-000165,2026-08-27T08:00:00-04:00,2026-08-28,shipped,,USD,true
07_goodwill_books_payment_statement_aug2026.csv,166,GWB-2608-000166,2026-08-29T08:00:00-04:00,2026-08-31,shipped,,USD,true
07_goodwill_books_payment_statement_aug2026.csv,167,GWB-2608-000167,2026-08-09T08:00:00-04:00,2026-08-10,shipped,,USD,true
07_goodwill_books_payment_statement_aug2026.csv,168,GWB-2608-000168,2026-08-23T08:00:00-04:00,2026-08-27,shipped,,USD,true
07_goodwill_books_payment_statement_aug2026.csv,169,GWB-2608-000169,2026-08-02T08:00:00-04:00,2026-08-07,shipped,,USD,true
07_goodwill_books_payment_statement_aug2026.csv,170,GWB-2608-000170,2026-08-30T08:00:00-04:00,,pending_fulfillment,,USD,true
07_goodwill_books_payment_statement_aug2026.csv,171,GWB-2608-000171,2026-08-12T08:00:00-04:00,2026-08-13,shipped,,USD,true
07_goodwill_books_payment_statement_aug2026.csv,172,GWB-2608-000172,2026-08-01T08:00:00-04:00,2026-08-03,shipped,,USD,true
07_goodwill_books_payment_statement_aug2026.csv,173,GWB-2608-000173,2026-08-14T08:00:00-04:00,2026-08-17,shipped,,USD,true
07_goodwill_books_payment_statement_aug2026.csv,174,GWB-2608-000174,2026-08-15T08:00:00-04:00,2026-08-17,shipped,,USD,true
07_goodwill_books_payment_statement_aug2026.csv,175,GWB-2608-000175,2026-08-27T08:00:00-04:00,2026-08-28,shipped,,USD,true
07_goodwill_books_payment_statement_aug2026.csv,176,GWB-2608-000176,2026-08-08T08:00:00-04:00,2026-08-10,shipped,,USD,true
07_goodwill_books_payment_statement_aug2026.csv,177,GWB-2608-000177,2026-08-15T08:00:00-04:00,2026-08-19,shipped,,USD,true
07_goodwill_books_payment_statement_aug2026.csv,178,GWB-2608-000178,2026-08-23T08:00:00-04:00,2026-08-24,shipped,,USD,true
07_goodwill_books_payment_statement_aug2026.csv,179,GWB-2608-000179,2026-08-12T08:00:00-04:00,2026-08-17,shipped,,USD,true
07_goodwill_books_payment_statement_aug2026.csv,180,GWB-2608-000180,2026-08-30T08:00:00-04:00,,pending_fulfillment,,USD,true
07_goodwill_books_payment_statement_aug2026.csv,181,GWB-2608-000181,2026-08-24T08:00:00-04:00,2026-08-25,shipped,,USD,true
07_goodwill_books_payment_statement_aug2026.csv,182,GWB-2608-000182,2026-08-01T08:00:00-04:00,2026-08-03,shipped,,USD,true
07_goodwill_books_payment_statement_aug2026.csv,183,GWB-2608-000183,2026-08-01T08:00:00-04:00,2026-08-03,shipped,,USD,true
07_goodwill_books_payment_statement_aug2026.csv,184,GWB-2608-000184,2026-08-13T08:00:00-04:00,2026-08-14,shipped,,USD,true
07_goodwill_books_payment_statement_aug2026.csv,185,GWB-2608-000185,2026-08-27T08:00:00-04:00,2026-08-28,shipped,,USD,true
07_goodwill_books_payment_statement_aug2026.csv,186,GWB-2608-000186,2026-08-19T08:00:00-04:00,2026-08-24,shipped,,USD,true
07_goodwill_books_payment_statement_aug2026.csv,187,GWB-2608-000187,2026-08-22T08:00:00-04:00,2026-08-24,shipped,,USD,true
07_goodwill_books_payment_statement_aug2026.csv,188,GWB-2608-000188,2026-08-13T08:00:00-04:00,2026-08-14,shipped,,USD,true
07_goodwill_books_payment_statement_aug2026.csv,189,GWB-2608-000189,2026-08-27T08:00:00-04:00,,local_pickup,,USD,true
07_goodwill_books_payment_statement_aug2026.csv,190,GWB-2608-000190,2026-08-06T08:00:00-04:00,2026-08-10,shipped,,USD,true
07_goodwill_books_payment_statement_aug2026.csv,191,GWB-2608-000191,2026-08-24T08:00:00-04:00,2026-08-26,shipped,,USD,true
07_goodwill_books_payment_statement_aug2026.csv,192,GWB-2608-000192,2026-08-09T08:00:00-04:00,2026-08-11,shipped,2026-08-12T21:00:00-04:00,USD,true
07_goodwill_books_payment_statement_aug2026.csv,193,GWB-2608-000193,2026-08-23T08:00:00-04:00,2026-08-25,shipped,,USD,true
07_goodwill_books_payment_statement_aug2026.csv,194,GWB-2608-000194,2026-08-12T08:00:00-04:00,2026-08-17,shipped,,USD,true
07_goodwill_books_payment_statement_aug2026.csv,195,GWB-2608-000195,2026-08-17T08:00:00-04:00,2026-08-18,shipped,,USD,true
07_goodwill_books_payment_statement_aug2026.csv,196,GWB-2608-000196,2026-08-02T08:00:00-04:00,2026-08-03,shipped,,USD,true
07_goodwill_books_payment_statement_aug2026.csv,197,GWB-2608-000197,2026-08-15T08:00:00-04:00,2026-08-18,shipped,,USD,true
07_goodwill_books_payment_statement_aug2026.csv,198,GWB-2608-000198,2026-08-03T08:00:00-04:00,2026-08-04,shipped,,USD,true
07_goodwill_books_payment_statement_aug2026.csv,199,GWB-2608-000199,2026-08-29T08:00:00-04:00,,pending_fulfillment,,USD,true
07_goodwill_books_payment_statement_aug2026.csv,200,GWB-2608-000200,2026-08-16T08:00:00-04:00,2026-08-17,shipped,,USD,true
07_goodwill_books_payment_statement_aug2026.csv,201,GWB-2608-000201,2026-08-07T08:00:00-04:00,2026-08-10,shipped,,USD,true
07_goodwill_books_payment_statement_aug2026.csv,202,GWB-2608-000202,2026-08-31T08:00:00-04:00,,pending_fulfillment,,USD,true
07_goodwill_books_payment_statement_aug2026.csv,203,GWB-2608-000203,2026-08-14T08:00:00-04:00,2026-08-17,shipped,,USD,true
07_goodwill_books_payment_statement_aug2026.csv,204,GWB-2608-000204,2026-08-08T08:00:00-04:00,2026-08-10,shipped,,USD,true
07_goodwill_books_payment_statement_aug2026.csv,205,GWB-2608-000205,2026-08-11T08:00:00-04:00,2026-08-12,shipped,,USD,true
07_goodwill_books_payment_statement_aug2026.csv,206,GWB-2608-000206,2026-08-21T08:00:00-04:00,2026-08-24,shipped,,USD,true
07_goodwill_books_payment_statement_aug2026.csv,207,GWB-2608-000207,2026-08-12T08:00:00-04:00,2026-08-13,shipped,,USD,true
07_goodwill_books_payment_statement_aug2026.csv,208,GWB-2608-000208,2026-08-02T08:00:00-04:00,2026-08-03,shipped,,USD,true
07_goodwill_books_payment_statement_aug2026.csv,209,GWB-2608-000209,2026-08-18T08:00:00-04:00,2026-08-19,shipped,,USD,true
07_goodwill_books_payment_statement_aug2026.csv,210,GWB-2608-000210,2026-08-06T08:00:00-04:00,2026-08-10,shipped,,USD,true
07_goodwill_books_payment_statement_aug2026.csv,211,GWB-2608-000211,2026-08-30T08:00:00-04:00,,pending_fulfillment,,USD,true
07_goodwill_books_payment_statement_aug2026.csv,212,GWB-2608-000212,2026-08-15T08:00:00-04:00,2026-08-17,shipped,,USD,true
07_goodwill_books_payment_statement_aug2026.csv,213,GWB-2608-000213,2026-08-06T08:00:00-04:00,2026-08-10,shipped,,USD,true
07_goodwill_books_payment_statement_aug2026.csv,214,GWB-2608-000214,2026-08-07T08:00:00-04:00,2026-08-12,shipped,,USD,true
07_goodwill_books_payment_statement_aug2026.csv,215,GWB-2608-000215,2026-08-19T08:00:00-04:00,2026-08-24,shipped,,USD,true
07_goodwill_books_payment_statement_aug2026.csv,216,GWB-2608-000216,2026-08-14T08:00:00-04:00,2026-08-17,shipped,,USD,true
07_goodwill_books_payment_statement_aug2026.csv,217,GWB-2608-000217,2026-08-30T08:00:00-04:00,,local_pickup,,USD,true
07_goodwill_books_payment_statement_aug2026.csv,218,GWB-2608-000218,2026-08-22T08:00:00-04:00,2026-08-24,shipped,,USD,true
07_goodwill_books_payment_statement_aug2026.csv,219,GWB-2608-000219,2026-08-03T08:00:00-04:00,,local_pickup,,USD,true
07_goodwill_books_payment_statement_aug2026.csv,220,GWB-2608-000220,2026-08-13T08:00:00-04:00,2026-08-17,shipped,,USD,true
07_goodwill_books_payment_statement_aug2026.csv,221,GWB-2608-000221,2026-08-09T08:00:00-04:00,2026-08-10,shipped,,USD,true
07_goodwill_books_payment_statement_aug2026.csv,222,GWB-2608-000222,2026-08-26T08:00:00-04:00,2026-08-28,shipped,,USD,true
07_goodwill_books_payment_statement_aug2026.csv,223,GWB-2608-000223,2026-08-04T08:00:00-04:00,2026-08-05,shipped,,USD,true
07_goodwill_books_payment_statement_aug2026.csv,224,GWB-2608-000224,2026-08-29T08:00:00-04:00,2026-08-31,shipped,,USD,true
07_goodwill_books_payment_statement_aug2026.csv,225,GWB-2608-000225,2026-08-18T08:00:00-04:00,,local_pickup,,USD,true
07_goodwill_books_payment_statement_aug2026.csv,226,GWB-2608-000226,2026-08-03T08:00:00-04:00,2026-08-04,shipped,,USD,true
07_goodwill_books_payment_statement_aug2026.csv,227,GWB-2608-000227,2026-08-05T08:00:00-04:00,2026-08-07,shipped,,USD,true
07_goodwill_books_payment_statement_aug2026.csv,228,GWB-2608-000228,2026-08-23T08:00:00-04:00,2026-08-26,shipped,,USD,true
07_goodwill_books_payment_statement_aug2026.csv,229,GWB-2608-000229,2026-08-25T08:00:00-04:00,2026-08-26,shipped,,USD,true
07_goodwill_books_payment_statement_aug2026.csv,230,GWB-2608-000230,2026-08-27T08:00:00-04:00,2026-08-28,shipped,2026-08-30T21:00:00-04:00,USD,true
07_goodwill_books_payment_statement_aug2026.csv,231,GWB-2608-000231,2026-08-05T08:00:00-04:00,2026-08-06,shipped,,USD,true
07_goodwill_books_payment_statement_aug2026.csv,232,GWB-2608-000232,2026-08-06T08:00:00-04:00,,local_pickup,,USD,true
07_goodwill_books_payment_statement_aug2026.csv,233,GWB-2608-000233,2026-08-30T08:00:00-04:00,,pending_fulfillment,,USD,true
07_goodwill_books_payment_statement_aug2026.csv,234,GWB-2608-000234,2026-08-27T08:00:00-04:00,2026-08-31,shipped,,USD,true
07_goodwill_books_payment_statement_aug2026.csv,235,GWB-2608-000235,2026-08-31T08:00:00-04:00,,pending_fulfillment,,USD,true
07_goodwill_books_payment_statement_aug2026.csv,236,GWB-2608-000236,2026-08-08T08:00:00-04:00,2026-08-10,shipped,,USD,true
07_goodwill_books_payment_statement_aug2026.csv,237,GWB-2608-000237,2026-08-11T08:00:00-04:00,2026-08-17,shipped,,USD,true
07_goodwill_books_payment_statement_aug2026.csv,238,GWB-2608-000238,2026-08-18T08:00:00-04:00,2026-08-20,shipped,,USD,true
07_goodwill_books_payment_statement_aug2026.csv,239,GWB-2608-000239,2026-08-30T08:00:00-04:00,,pending_fulfillment,,USD,true
07_goodwill_books_payment_statement_aug2026.csv,240,GWB-2608-000240,2026-08-19T08:00:00-04:00,2026-08-24,shipped,,USD,true
07_goodwill_books_payment_statement_aug2026.csv,241,GWB-2608-000241,2026-08-02T08:00:00-04:00,2026-08-04,shipped,,USD,true
07_goodwill_books_payment_statement_aug2026.csv,242,GWB-2608-000242,2026-08-22T08:00:00-04:00,2026-08-25,shipped,,USD,true
07_goodwill_books_payment_statement_aug2026.csv,243,GWB-2608-000243,2026-08-19T08:00:00-04:00,2026-08-21,shipped,,USD,true
07_goodwill_books_payment_statement_aug2026.csv,244,GWB-2608-000244,2026-08-26T08:00:00-04:00,2026-08-27,shipped,,USD,true
07_goodwill_books_payment_statement_aug2026.csv,245,GWB-2608-000245,2026-08-08T08:00:00-04:00,2026-08-11,shipped,,USD,true
07_goodwill_books_payment_statement_aug2026.csv,246,GWB-2608-000246,2026-08-24T08:00:00-04:00,2026-08-25,shipped,,USD,true
07_goodwill_books_payment_statement_aug2026.csv,247,GWB-2608-000247,2026-08-27T08:00:00-04:00,2026-08-31,shipped,,USD,true
07_goodwill_books_payment_statement_aug2026.csv,248,GWB-2608-000248,2026-08-22T08:00:00-04:00,2026-08-24,shipped,,USD,true
07_goodwill_books_payment_statement_aug2026.csv,249,GWB-2608-000249,2026-08-17T08:00:00-04:00,2026-08-20,shipped,,USD,true
07_goodwill_books_payment_statement_aug2026.csv,250,GWB-2608-000250,2026-08-03T08:00:00-04:00,2026-08-04,shipped,,USD,true
07_goodwill_books_payment_statement_aug2026.csv,251,GWB-2608-000251,2026-08-09T08:00:00-04:00,2026-08-11,shipped,2026-08-13T21:00:00-04:00,USD,true
07_goodwill_books_payment_statement_aug2026.csv,252,GWB-2608-000252,2026-08-26T08:00:00-04:00,2026-08-27,shipped,,USD,true
07_goodwill_books_payment_statement_aug2026.csv,253,GWB-2608-000253,2026-08-11T08:00:00-04:00,2026-08-12,shipped,,USD,true
07_goodwill_books_payment_statement_aug2026.csv,254,GWB-2608-000254,2026-08-15T08:00:00-04:00,2026-08-17,shipped,,USD,true
07_goodwill_books_payment_statement_aug2026.csv,255,GWB-2608-000255,2026-08-06T08:00:00-04:00,2026-08-07,shipped,,USD,true
07_goodwill_books_payment_statement_aug2026.csv,256,GWB-2608-000256,2026-08-24T08:00:00-04:00,2026-08-27,shipped,,USD,true
07_goodwill_books_payment_statement_aug2026.csv,257,GWB-2608-000257,2026-08-30T08:00:00-04:00,,pending_fulfillment,,USD,true
07_goodwill_books_payment_statement_aug2026.csv,258,GWB-2608-000258,2026-08-11T08:00:00-04:00,2026-08-12,shipped,,USD,true
07_goodwill_books_payment_statement_aug2026.csv,259,GWB-2608-000259,2026-08-19T08:00:00-04:00,2026-08-24,shipped,,USD,true
07_goodwill_books_payment_statement_aug2026.csv,260,GWB-2608-000260,2026-08-21T08:00:00-04:00,2026-08-24,shipped,,USD,true
07_goodwill_books_payment_statement_aug2026.csv,261,GWB-2608-000261,2026-08-09T08:00:00-04:00,2026-08-11,shipped,,USD,true
07_goodwill_books_payment_statement_aug2026.csv,262,GWB-2608-000262,2026-08-26T08:00:00-04:00,2026-08-27,shipped,,USD,true
07_goodwill_books_payment_statement_aug2026.csv,263,GWB-2608-000263,2026-08-17T08:00:00-04:00,2026-08-21,shipped,,USD,true
07_goodwill_books_payment_statement_aug2026.csv,264,GWB-2608-000264,2026-08-21T08:00:00-04:00,2026-08-24,shipped,,USD,true
07_goodwill_books_payment_statement_aug2026.csv,265,GWB-2608-000265,2026-08-15T08:00:00-04:00,2026-08-17,shipped,,USD,true
07_goodwill_books_payment_statement_aug2026.csv,266,GWB-2608-000266,2026-08-29T08:00:00-04:00,2026-08-31,shipped,,USD,true
07_goodwill_books_payment_statement_aug2026.csv,267,GWB-2608-000267,2026-08-15T08:00:00-04:00,2026-08-17,shipped,,USD,true
07_goodwill_books_payment_statement_aug2026.csv,268,GWB-2608-000268,2026-08-24T08:00:00-04:00,2026-08-25,shipped,,USD,true
07_goodwill_books_payment_statement_aug2026.csv,269,GWB-2608-000269,2026-08-24T08:00:00-04:00,2026-08-26,shipped,,USD,true
07_goodwill_books_payment_statement_aug2026.csv,270,GWB-2608-000270,2026-08-15T08:00:00-04:00,2026-08-17,shipped,,USD,true
07_goodwill_books_payment_statement_aug2026.csv,271,GWB-2608-000271,2026-08-30T08:00:00-04:00,2026-08-31,shipped,,USD,true
07_goodwill_books_payment_statement_aug2026.csv,272,GWB-2608-000272,2026-08-02T08:00:00-04:00,2026-08-03,shipped,,USD,true
07_goodwill_books_payment_statement_aug2026.csv,273,GWB-2608-000273,2026-08-24T08:00:00-04:00,2026-08-26,shipped,,USD,true
07_goodwill_books_payment_statement_aug2026.csv,274,GWB-2608-000274,2026-08-05T08:00:00-04:00,2026-08-06,shipped,,USD,true
07_goodwill_books_payment_statement_aug2026.csv,275,GWB-2608-000275,2026-08-14T08:00:00-04:00,2026-08-18,shipped,,USD,true
07_goodwill_books_payment_statement_aug2026.csv,276,GWB-2608-000276,2026-08-16T08:00:00-04:00,2026-08-17,shipped,,USD,true
07_goodwill_books_payment_statement_aug2026.csv,277,GWB-2608-000277,2026-08-22T08:00:00-04:00,2026-08-24,shipped,,USD,true
07_goodwill_books_payment_statement_aug2026.csv,278,GWB-2608-000278,2026-08-10T08:00:00-04:00,2026-08-12,shipped,,USD,true
07_goodwill_books_payment_statement_aug2026.csv,279,GWB-2608-000279,2026-08-09T08:00:00-04:00,2026-08-12,shipped,,USD,true
07_goodwill_books_payment_statement_aug2026.csv,280,GWB-2608-000280,2026-08-27T08:00:00-04:00,,local_pickup,,USD,true
07_goodwill_books_payment_statement_aug2026.csv,281,GWB-2608-000281,2026-08-06T08:00:00-04:00,2026-08-10,shipped,,USD,true
07_goodwill_books_payment_statement_aug2026.csv,282,GWB-2608-000282,2026-08-20T08:00:00-04:00,2026-08-24,shipped,,USD,true
07_goodwill_books_payment_statement_aug2026.csv,283,GWB-2608-000283,2026-08-24T08:00:00-04:00,2026-08-27,shipped,,USD,true
07_goodwill_books_payment_statement_aug2026.csv,284,GWB-2608-000284,2026-08-11T08:00:00-04:00,,local_pickup,,USD,true
07_goodwill_books_payment_statement_aug2026.csv,285,GWB-2608-000285,2026-08-05T08:00:00-04:00,2026-08-10,shipped,,USD,true
07_goodwill_books_payment_statement_aug2026.csv,286,GWB-2608-000286,2026-08-22T08:00:00-04:00,2026-08-24,shipped,,USD,true
07_goodwill_books_payment_statement_aug2026.csv,287,GWB-2608-000287,2026-08-05T08:00:00-04:00,2026-08-10,shipped,,USD,true
07_goodwill_books_payment_statement_aug2026.csv,288,GWB-2608-000288,2026-08-11T08:00:00-04:00,2026-08-12,shipped,,USD,true
07_goodwill_books_payment_statement_aug2026.csv,289,GWB-2608-000289,2026-08-02T08:00:00-04:00,2026-08-03,shipped,,USD,true
07_goodwill_books_payment_statement_aug2026.csv,290,GWB-2608-000290,2026-08-17T08:00:00-04:00,2026-08-18,shipped,,USD,true
07_goodwill_books_payment_statement_aug2026.csv,291,GWB-2608-000291,2026-08-30T08:00:00-04:00,,pending_fulfillment,,USD,true
07_goodwill_books_payment_statement_aug2026.csv,292,GWB-2608-000292,2026-08-23T08:00:00-04:00,2026-08-24,shipped,,USD,true
07_goodwill_books_payment_statement_aug2026.csv,293,GWB-2608-000293,2026-08-18T08:00:00-04:00,2026-08-19,shipped,2026-08-29T21:00:00-04:00,USD,true
07_goodwill_books_payment_statement_aug2026.csv,294,GWB-2608-000294,2026-08-10T08:00:00-04:00,2026-08-11,shipped,,USD,true
07_goodwill_books_payment_statement_aug2026.csv,295,GWB-2608-000295,2026-08-23T08:00:00-04:00,2026-08-26,shipped,,USD,true
07_goodwill_books_payment_statement_aug2026.csv,296,GWB-2608-000296,2026-08-28T08:00:00-04:00,2026-08-31,shipped,,USD,true
07_goodwill_books_payment_statement_aug2026.csv,297,GWB-2608-000297,2026-08-13T08:00:00-04:00,2026-08-14,shipped,,USD,true
07_goodwill_books_payment_statement_aug2026.csv,298,GWB-2608-000298,2026-08-18T08:00:00-04:00,,local_pickup,,USD,true
07_goodwill_books_payment_statement_aug2026.csv,299,GWB-2608-000299,2026-08-17T08:00:00-04:00,2026-08-18,shipped,,USD,true
07_goodwill_books_payment_statement_aug2026.csv,300,GWB-2608-000300,2026-08-01T08:00:00-04:00,2026-08-03,shipped,,USD,true
07_goodwill_books_payment_statement_aug2026.csv,301,GWB-2608-000301,2026-08-05T08:00:00-04:00,2026-08-06,shipped,,USD,true
07_goodwill_books_payment_statement_aug2026.csv,302,GWB-2608-000302,2026-08-20T08:00:00-04:00,2026-08-21,shipped,,USD,true
07_goodwill_books_payment_statement_aug2026.csv,303,GWB-2608-000303,2026-08-29T08:00:00-04:00,2026-08-31,shipped,,USD,true
07_goodwill_books_payment_statement_aug2026.csv,304,GWB-2608-000304,2026-08-05T08:00:00-04:00,2026-08-10,shipped,,USD,true
07_goodwill_books_payment_statement_aug2026.csv,305,GWB-2608-000305,2026-08-14T08:00:00-04:00,2026-08-18,shipped,,USD,true
07_goodwill_books_payment_statement_aug2026.csv,306,GWB-2608-000306,2026-08-24T08:00:00-04:00,,local_pickup,,USD,true
07_goodwill_books_payment_statement_aug2026.csv,307,GWB-2608-000307,2026-08-26T08:00:00-04:00,2026-08-27,shipped,2026-08-28T21:00:00-04:00,USD,true
07_goodwill_books_payment_statement_aug2026.csv,308,GWB-2608-000308,2026-08-19T08:00:00-04:00,2026-08-24,shipped,,USD,true
07_goodwill_books_payment_statement_aug2026.csv,309,GWB-2608-000309,2026-08-30T08:00:00-04:00,2026-08-31,shipped,,USD,true
07_goodwill_books_payment_statement_aug2026.csv,310,GWB-2608-000310,2026-08-24T08:00:00-04:00,2026-08-25,shipped,,USD,true
07_goodwill_books_payment_statement_aug2026.csv,311,GWB-2608-000311,2026-08-25T08:00:00-04:00,2026-08-27,shipped,2026-08-28T21:00:00-04:00,USD,true
07_goodwill_books_payment_statement_aug2026.csv,312,GWB-2608-000312,2026-08-30T08:00:00-04:00,2026-08-31,shipped,,USD,true
07_goodwill_books_payment_statement_aug2026.csv,313,GWB-2608-000313,2026-08-03T08:00:00-04:00,2026-08-04,shipped,,USD,true
07_goodwill_books_payment_statement_aug2026.csv,314,GWB-2608-000314,2026-08-06T08:00:00-04:00,2026-08-10,shipped,,USD,true
07_goodwill_books_payment_statement_aug2026.csv,315,GWB-2608-000315,2026-08-07T08:00:00-04:00,2026-08-10,shipped,,USD,true
07_goodwill_books_payment_statement_aug2026.csv,316,GWB-2608-000316,2026-08-21T08:00:00-04:00,2026-08-24,shipped,,USD,true
07_goodwill_books_payment_statement_aug2026.csv,317,GWB-2608-000317,2026-08-31T08:00:00-04:00,,pending_fulfillment,,USD,true
07_goodwill_books_payment_statement_aug2026.csv,318,GWB-2608-000318,2026-08-20T08:00:00-04:00,2026-08-24,shipped,,USD,true
07_goodwill_books_payment_statement_aug2026.csv,319,GWB-2608-000319,2026-08-08T08:00:00-04:00,2026-08-10,shipped,,USD,true
07_goodwill_books_payment_statement_aug2026.csv,320,GWB-2608-000320,2026-08-03T08:00:00-04:00,2026-08-10,shipped,,USD,true
07_goodwill_books_payment_statement_aug2026.csv,321,GWB-2608-000321,2026-08-14T08:00:00-04:00,2026-08-17,shipped,,USD,true
07_goodwill_books_payment_statement_aug2026.csv,322,GWB-2608-000322,2026-08-16T08:00:00-04:00,2026-08-19,shipped,,USD,true
07_goodwill_books_payment_statement_aug2026.csv,323,GWB-2608-000323,2026-08-03T08:00:00-04:00,2026-08-05,shipped,,USD,true
07_goodwill_books_payment_statement_aug2026.csv,324,GWB-2608-000324,2026-08-31T08:00:00-04:00,,pending_fulfillment,,USD,true
07_goodwill_books_payment_statement_aug2026.csv,325,GWB-2608-000325,2026-08-28T08:00:00-04:00,2026-08-31,shipped,,USD,true
07_goodwill_books_payment_statement_aug2026.csv,326,GWB-2608-000326,2026-08-15T08:00:00-04:00,2026-08-17,shipped,,USD,true
07_goodwill_books_payment_statement_aug2026.csv,327,GWB-2608-000327,2026-08-01T08:00:00-04:00,2026-08-03,shipped,,USD,true
07_goodwill_books_payment_statement_aug2026.csv,328,GWB-2608-000328,2026-08-08T08:00:00-04:00,2026-08-10,shipped,,USD,true
07_goodwill_books_payment_statement_aug2026.csv,329,GWB-2608-000329,2026-08-28T08:00:00-04:00,2026-08-31,shipped,,USD,true
07_goodwill_books_payment_statement_aug2026.csv,330,GWB-2608-000330,2026-08-22T08:00:00-04:00,2026-08-24,shipped,,USD,true
07_goodwill_books_payment_statement_aug2026.csv,331,GWB-2608-000331,2026-08-17T08:00:00-04:00,2026-08-18,shipped,,USD,true
07_goodwill_books_payment_statement_aug2026.csv,332,GWB-2608-000332,2026-08-15T08:00:00-04:00,2026-08-17,shipped,,USD,true
07_goodwill_books_payment_statement_aug2026.csv,333,GWB-2608-000333,2026-08-04T08:00:00-04:00,2026-08-06,shipped,2026-08-16T21:00:00-04:00,USD,true
07_goodwill_books_payment_statement_aug2026.csv,334,GWB-2608-000334,2026-08-02T08:00:00-04:00,2026-08-05,shipped,,USD,true
07_goodwill_books_payment_statement_aug2026.csv,335,GWB-2608-000335,2026-08-17T08:00:00-04:00,,local_pickup,,USD,true
07_goodwill_books_payment_statement_aug2026.csv,336,GWB-2608-000336,2026-08-22T08:00:00-04:00,2026-08-24,shipped,,USD,true
07_goodwill_books_payment_statement_aug2026.csv,337,GWB-2608-000337,2026-08-18T08:00:00-04:00,2026-08-20,shipped,,USD,true
07_goodwill_books_payment_statement_aug2026.csv,338,GWB-2608-000338,2026-08-12T08:00:00-04:00,2026-08-13,shipped,,USD,true
07_goodwill_books_payment_statement_aug2026.csv,339,GWB-2608-000339,2026-08-20T08:00:00-04:00,2026-08-24,shipped,,USD,true
07_goodwill_books_payment_statement_aug2026.csv,340,GWB-2608-000340,2026-08-06T08:00:00-04:00,2026-08-10,shipped,,USD,true
07_goodwill_books_payment_statement_aug2026.csv,341,GWB-2608-000341,2026-08-25T08:00:00-04:00,2026-08-26,shipped,,USD,true
07_goodwill_books_payment_statement_aug2026.csv,342,GWB-2608-000342,2026-08-04T08:00:00-04:00,2026-08-10,shipped,,USD,true
07_goodwill_books_payment_statement_aug2026.csv,343,GWB-2608-000343,2026-08-07T08:00:00-04:00,2026-08-10,shipped,,USD,true
07_goodwill_books_payment_statement_aug2026.csv,344,GWB-2608-000344,2026-08-15T08:00:00-04:00,2026-08-17,shipped,,USD,true
07_goodwill_books_payment_statement_aug2026.csv,345,GWB-2608-000345,2026-08-01T08:00:00-04:00,2026-08-04,shipped,,USD,true
07_goodwill_books_payment_statement_aug2026.csv,346,GWB-2608-000346,2026-08-01T08:00:00-04:00,2026-08-04,shipped,,USD,true
07_goodwill_books_payment_statement_aug2026.csv,347,GWB-2608-000347,2026-08-07T08:00:00-04:00,2026-08-10,shipped,2026-08-20T21:00:00-04:00,USD,true
07_goodwill_books_payment_statement_aug2026.csv,348,GWB-2608-000348,2026-08-17T08:00:00-04:00,2026-08-21,shipped,,USD,true
07_goodwill_books_payment_statement_aug2026.csv,349,GWB-2608-000349,2026-08-06T08:00:00-04:00,2026-08-10,shipped,,USD,true
07_goodwill_books_payment_statement_aug2026.csv,350,GWB-2608-000350,2026-08-08T08:00:00-04:00,2026-08-10,shipped,,USD,true
07_goodwill_books_payment_statement_aug2026.csv,351,GWB-2608-000351,2026-08-08T08:00:00-04:00,2026-08-10,shipped,,USD,true
07_goodwill_books_payment_statement_aug2026.csv,352,GWB-2608-000352,2026-08-02T08:00:00-04:00,2026-08-03,shipped,,USD,true
07_goodwill_books_payment_statement_aug2026.csv,353,GWB-2608-000353,2026-08-01T08:00:00-04:00,2026-08-03,shipped,,USD,true
07_goodwill_books_payment_statement_aug2026.csv,354,GWB-2608-000354,2026-08-27T08:00:00-04:00,2026-08-28,shipped,,USD,true
07_goodwill_books_payment_statement_aug2026.csv,355,GWB-2608-000355,2026-08-16T08:00:00-04:00,2026-08-17,shipped,,USD,true
07_goodwill_books_payment_statement_aug2026.csv,356,GWB-2608-000356,2026-08-20T08:00:00-04:00,2026-08-21,shipped,,USD,true
07_goodwill_books_payment_statement_aug2026.csv,357,GWB-2608-000357,2026-08-27T08:00:00-04:00,2026-08-31,shipped,,USD,true
07_goodwill_books_payment_statement_aug2026.csv,358,GWB-2608-000358,2026-08-30T08:00:00-04:00,,pending_fulfillment,,USD,true
07_goodwill_books_payment_statement_aug2026.csv,359,GWB-2608-000359,2026-08-29T08:00:00-04:00,2026-08-31,shipped,,USD,true
07_goodwill_books_payment_statement_aug2026.csv,360,GWB-2608-000360,2026-08-31T08:00:00-04:00,,pending_fulfillment,,USD,true
07_goodwill_books_payment_statement_aug2026.csv,361,GWB-2608-000361,2026-08-15T08:00:00-04:00,2026-08-17,shipped,,USD,true
07_goodwill_books_payment_statement_aug2026.csv,362,GWB-2608-000362,2026-08-06T08:00:00-04:00,2026-08-10,shipped,,USD,true
07_goodwill_books_payment_statement_aug2026.csv,363,GWB-2608-000363,2026-08-20T08:00:00-04:00,2026-08-24,shipped,,USD,true
07_goodwill_books_payment_statement_aug2026.csv,364,GWB-2608-000364,2026-08-10T08:00:00-04:00,2026-08-11,shipped,,USD,true
07_goodwill_books_payment_statement_aug2026.csv,365,GWB-2608-000365,2026-08-12T08:00:00-04:00,2026-08-17,shipped,,USD,true
07_goodwill_books_payment_statement_aug2026.csv,366,GWB-2608-000366,2026-08-16T08:00:00-04:00,2026-08-19,shipped,,USD,true
07_goodwill_books_payment_statement_aug2026.csv,367,GWB-2608-000367,2026-08-01T08:00:00-04:00,2026-08-04,shipped,,USD,true
07_goodwill_books_payment_statement_aug2026.csv,368,GWB-2608-000368,2026-08-20T08:00:00-04:00,2026-08-24,shipped,,USD,true
07_goodwill_books_payment_statement_aug2026.csv,369,GWB-2608-000369,2026-08-10T08:00:00-04:00,2026-08-12,shipped,,USD,true
07_goodwill_books_payment_statement_aug2026.csv,370,GWB-2608-000370,2026-08-04T08:00:00-04:00,2026-08-05,shipped,,USD,true
07_goodwill_books_payment_statement_aug2026.csv,371,GWB-2608-000371,2026-08-31T08:00:00-04:00,,pending_fulfillment,,USD,true
07_goodwill_books_payment_statement_aug2026.csv,372,GWB-2608-000372,2026-08-17T08:00:00-04:00,2026-08-18,shipped,2026-08-25T21:00:00-04:00,USD,true
07_goodwill_books_payment_statement_aug2026.csv,373,GWB-2608-000373,2026-08-10T08:00:00-04:00,2026-08-11,shipped,,USD,true
07_goodwill_books_payment_statement_aug2026.csv,374,GWB-2608-000374,2026-08-12T08:00:00-04:00,2026-08-14,shipped,,USD,true
07_goodwill_books_payment_statement_aug2026.csv,375,GWB-2608-000375,2026-08-21T08:00:00-04:00,2026-08-24,shipped,,USD,true
07_goodwill_books_payment_statement_aug2026.csv,376,GWB-2608-000376,2026-08-12T08:00:00-04:00,2026-08-13,shipped,,USD,true
07_goodwill_books_payment_statement_aug2026.csv,377,GWB-2608-000377,2026-08-03T08:00:00-04:00,2026-08-04,shipped,2026-08-05T21:00:00-04:00,USD,true
07_goodwill_books_payment_statement_aug2026.csv,378,GWB-2608-000378,2026-08-07T08:00:00-04:00,2026-08-10,shipped,,USD,true
07_goodwill_books_payment_statement_aug2026.csv,379,GWB-2608-000379,2026-08-28T08:00:00-04:00,2026-08-31,shipped,,USD,true
07_goodwill_books_payment_statement_aug2026.csv,380,GWB-2608-000380,2026-08-02T08:00:00-04:00,2026-08-03,shipped,2026-08-04T21:00:00-04:00,USD,true
07_goodwill_books_payment_statement_aug2026.csv,381,GWB-2608-000381,2026-08-09T08:00:00-04:00,2026-08-10,shipped,,USD,true
07_goodwill_books_payment_statement_aug2026.csv,382,GWB-2608-000382,2026-08-14T08:00:00-04:00,2026-08-17,shipped,,USD,true
07_goodwill_books_payment_statement_aug2026.csv,383,GWB-2608-000383,2026-08-30T08:00:00-04:00,,local_pickup,,USD,true
07_goodwill_books_payment_statement_aug2026.csv,384,GWB-2608-000384,2026-08-20T08:00:00-04:00,2026-08-21,shipped,2026-08-27T21:00:00-04:00,USD,true
07_goodwill_books_payment_statement_aug2026.csv,385,GWB-2608-000385,2026-08-25T08:00:00-04:00,2026-08-27,shipped,,USD,true
07_goodwill_books_payment_statement_aug2026.csv,386,GWB-2608-000386,2026-08-17T08:00:00-04:00,2026-08-20,shipped,,USD,true
07_goodwill_books_payment_statement_aug2026.csv,387,GWB-2608-000387,2026-08-02T08:00:00-04:00,,local_pickup,,USD,true
07_goodwill_books_payment_statement_aug2026.csv,388,GWB-2608-000388,2026-08-15T08:00:00-04:00,2026-08-17,shipped,,USD,true
07_goodwill_books_payment_statement_aug2026.csv,389,GWB-2608-000389,2026-08-29T08:00:00-04:00,,pending_fulfillment,,USD,true
07_goodwill_books_payment_statement_aug2026.csv,390,GWB-2608-000390,2026-08-15T08:00:00-04:00,2026-08-17,shipped,,USD,true
07_goodwill_books_payment_statement_aug2026.csv,391,GWB-2608-000391,2026-08-05T08:00:00-04:00,2026-08-06,shipped,,USD,true
07_goodwill_books_payment_statement_aug2026.csv,392,GWB-2608-000392,2026-08-25T08:00:00-04:00,,local_pickup,,USD,true
07_goodwill_books_payment_statement_aug2026.csv,393,GWB-2608-000393,2026-08-01T08:00:00-04:00,2026-08-03,shipped,,USD,true
07_goodwill_books_payment_statement_aug2026.csv,394,GWB-2608-000394,2026-08-07T08:00:00-04:00,2026-08-10,shipped,,USD,true
07_goodwill_books_payment_statement_aug2026.csv,395,GWB-2608-000395,2026-08-01T08:00:00-04:00,2026-08-03,shipped,,USD,true
07_goodwill_books_payment_statement_aug2026.csv,396,GWB-2608-000396,2026-08-15T08:00:00-04:00,2026-08-17,shipped,,USD,true
07_goodwill_books_payment_statement_aug2026.csv,397,GWB-2608-000397,2026-08-22T08:00:00-04:00,2026-08-24,shipped,,USD,true
07_goodwill_books_payment_statement_aug2026.csv,398,GWB-2608-000398,2026-08-24T08:00:00-04:00,2026-08-28,shipped,,USD,true
07_goodwill_books_payment_statement_aug2026.csv,399,GWB-2608-000399,2026-08-02T08:00:00-04:00,2026-08-04,shipped,,USD,true
07_goodwill_books_payment_statement_aug2026.csv,400,GWB-2608-000400,2026-08-04T08:00:00-04:00,,local_pickup,,USD,true
07_goodwill_books_payment_statement_aug2026.csv,401,GWB-2608-000401,2026-08-31T08:00:00-04:00,,pending_fulfillment,,USD,true
07_goodwill_books_payment_statement_aug2026.csv,402,GWB-2608-000402,2026-08-17T08:00:00-04:00,2026-08-19,shipped,,USD,true
07_goodwill_books_payment_statement_aug2026.csv,403,GWB-2608-000403,2026-08-07T08:00:00-04:00,2026-08-10,shipped,,USD,true
07_goodwill_books_payment_statement_aug2026.csv,404,GWB-2608-000404,2026-08-11T08:00:00-04:00,2026-08-12,shipped,,USD,true
07_goodwill_books_payment_statement_aug2026.csv,405,GWB-2608-000405,2026-08-05T08:00:00-04:00,2026-08-06,shipped,,USD,true
07_goodwill_books_payment_statement_aug2026.csv,406,GWB-2608-000406,2026-08-25T08:00:00-04:00,2026-08-28,shipped,,USD,true
07_goodwill_books_payment_statement_aug2026.csv,407,GWB-2608-000407,2026-08-24T08:00:00-04:00,2026-08-26,shipped,,USD,true
07_goodwill_books_payment_statement_aug2026.csv,408,GWB-2608-000408,2026-08-25T08:00:00-04:00,2026-08-26,shipped,,USD,true
07_goodwill_books_payment_statement_aug2026.csv,409,GWB-2608-000409,2026-08-11T08:00:00-04:00,2026-08-12,shipped,,USD,true
07_goodwill_books_payment_statement_aug2026.csv,410,GWB-2608-000410,2026-08-14T08:00:00-04:00,2026-08-17,shipped,,USD,true
07_goodwill_books_payment_statement_aug2026.csv,411,GWB-2608-000411,2026-08-27T08:00:00-04:00,2026-08-31,shipped,,USD,true
07_goodwill_books_payment_statement_aug2026.csv,412,GWB-2608-000412,2026-08-02T08:00:00-04:00,2026-08-04,shipped,,USD,true
07_goodwill_books_payment_statement_aug2026.csv,413,GWB-2608-000413,2026-08-27T08:00:00-04:00,2026-08-31,shipped,,USD,true
07_goodwill_books_payment_statement_aug2026.csv,414,GWB-2608-000414,2026-08-13T08:00:00-04:00,2026-08-17,shipped,,USD,true
07_goodwill_books_payment_statement_aug2026.csv,415,GWB-2608-000415,2026-08-24T08:00:00-04:00,2026-08-27,shipped,,USD,true
07_goodwill_books_payment_statement_aug2026.csv,416,GWB-2608-000416,2026-08-11T08:00:00-04:00,2026-08-12,shipped,2026-08-14T21:00:00-04:00,USD,true
07_goodwill_books_payment_statement_aug2026.csv,417,GWB-2608-000417,2026-08-29T08:00:00-04:00,2026-08-31,shipped,,USD,true
07_goodwill_books_payment_statement_aug2026.csv,418,GWB-2608-000418,2026-08-30T08:00:00-04:00,,pending_fulfillment,,USD,true
07_goodwill_books_payment_statement_aug2026.csv,419,GWB-2608-000419,2026-08-17T08:00:00-04:00,2026-08-18,shipped,,USD,true
07_goodwill_books_payment_statement_aug2026.csv,420,GWB-2608-000420,2026-08-29T08:00:00-04:00,,pending_fulfillment,,USD,true
07_goodwill_books_payment_statement_aug2026.csv,421,GWB-2608-000421,2026-08-27T08:00:00-04:00,2026-08-28,shipped,,USD,true
07_goodwill_books_payment_statement_aug2026.csv,422,GWB-2608-000422,2026-08-25T08:00:00-04:00,2026-08-26,shipped,,USD,true
07_goodwill_books_payment_statement_aug2026.csv,423,GWB-2608-000423,2026-08-16T08:00:00-04:00,2026-08-17,shipped,,USD,true
07_goodwill_books_payment_statement_aug2026.csv,424,GWB-2608-000424,2026-08-30T08:00:00-04:00,,pending_fulfillment,,USD,true
07_goodwill_books_payment_statement_aug2026.csv,425,GWB-2608-000425,2026-08-20T08:00:00-04:00,2026-08-21,shipped,,USD,true
07_goodwill_books_payment_statement_aug2026.csv,426,GWB-2608-000426,2026-08-24T08:00:00-04:00,2026-08-25,shipped,2026-08-28T21:00:00-04:00,USD,true
07_goodwill_books_payment_statement_aug2026.csv,427,GWB-2608-000427,2026-08-21T08:00:00-04:00,2026-08-24,shipped,,USD,true
07_goodwill_books_payment_statement_aug2026.csv,428,GWB-2608-000428,2026-08-12T08:00:00-04:00,2026-08-14,shipped,2026-08-21T21:00:00-04:00,USD,true
07_goodwill_books_payment_statement_aug2026.csv,429,GWB-2608-000429,2026-08-16T08:00:00-04:00,2026-08-17,shipped,,USD,true
07_goodwill_books_payment_statement_aug2026.csv,430,GWB-2608-000430,2026-08-17T08:00:00-04:00,2026-08-18,shipped,,USD,true
07_goodwill_books_payment_statement_aug2026.csv,431,GWB-2608-000431,2026-08-14T08:00:00-04:00,2026-08-17,shipped,,USD,true
07_goodwill_books_payment_statement_aug2026.csv,432,GWB-2608-000432,2026-08-02T08:00:00-04:00,2026-08-07,shipped,,USD,true
07_goodwill_books_payment_statement_aug2026.csv,433,GWB-2608-000433,2026-08-26T08:00:00-04:00,2026-08-27,shipped,2026-08-30T21:00:00-04:00,USD,true
07_goodwill_books_payment_statement_aug2026.csv,434,GWB-2608-000434,2026-08-30T08:00:00-04:00,2026-08-31,shipped,,USD,true
07_goodwill_books_payment_statement_aug2026.csv,435,GWB-2608-000435,2026-08-10T08:00:00-04:00,2026-08-11,shipped,,USD,true
07_goodwill_books_payment_statement_aug2026.csv,436,GWB-2608-000436,2026-08-20T08:00:00-04:00,2026-08-21,shipped,,USD,true
07_goodwill_books_payment_statement_aug2026.csv,437,GWB-2608-000437,2026-08-09T08:00:00-04:00,2026-08-13,shipped,,USD,true
07_goodwill_books_payment_statement_aug2026.csv,438,GWB-2608-000438,2026-08-15T08:00:00-04:00,2026-08-17,shipped,,USD,true
07_goodwill_books_payment_statement_aug2026.csv,439,GWB-2608-000439,2026-08-11T08:00:00-04:00,,local_pickup,,USD,true
07_goodwill_books_payment_statement_aug2026.csv,440,GWB-2608-000440,2026-08-18T08:00:00-04:00,2026-08-19,shipped,,USD,true
07_goodwill_books_payment_statement_aug2026.csv,441,GWB-2608-000441,2026-08-27T08:00:00-04:00,2026-08-28,shipped,,USD,true
07_goodwill_books_payment_statement_aug2026.csv,442,GWB-2608-000442,2026-08-09T08:00:00-04:00,2026-08-13,shipped,,USD,true
07_goodwill_books_payment_statement_aug2026.csv,443,GWB-2608-000443,2026-08-08T08:00:00-04:00,2026-08-10,shipped,,USD,true
07_goodwill_books_payment_statement_aug2026.csv,444,GWB-2608-000444,2026-08-25T08:00:00-04:00,2026-08-27,shipped,,USD,true
07_goodwill_books_payment_statement_aug2026.csv,445,GWB-2608-000445,2026-08-13T08:00:00-04:00,2026-08-17,shipped,,USD,true
07_goodwill_books_payment_statement_aug2026.csv,446,GWB-2608-000446,2026-08-03T08:00:00-04:00,2026-08-05,shipped,,USD,true
07_goodwill_books_payment_statement_aug2026.csv,447,GWB-2608-000447,2026-08-03T08:00:00-04:00,2026-08-05,shipped,,USD,true
07_goodwill_books_payment_statement_aug2026.csv,448,GWB-2608-000448,2026-08-14T08:00:00-04:00,2026-08-17,shipped,,USD,true
07_goodwill_books_payment_statement_aug2026.csv,449,GWB-2608-000449,2026-08-28T08:00:00-04:00,2026-08-31,shipped,,USD,true
07_goodwill_books_payment_statement_aug2026.csv,450,GWB-2608-000450,2026-08-11T08:00:00-04:00,2026-08-12,shipped,,USD,true
06_shopgoodwill_periodic_reports_aug2026.csv,1013,SGW-2608-000001,2026-08-19T08:00:00-04:00,2026-08-24,shipped,,USD,true
06_shopgoodwill_periodic_reports_aug2026.csv,782,SGW-2608-000002,2026-08-15T08:00:00-04:00,2026-08-17,shipped,,USD,true
06_shopgoodwill_periodic_reports_aug2026.csv,853,SGW-2608-000003,2026-08-16T08:00:00-04:00,2026-08-17,shipped,,USD,true
06_shopgoodwill_periodic_reports_aug2026.csv,1727,SGW-2608-000004,2026-08-31T08:00:00-04:00,,pending_fulfillment,,USD,true
06_shopgoodwill_periodic_reports_aug2026.csv,918,SGW-2608-000005,2026-08-17T08:00:00-04:00,2026-08-19,shipped,,USD,true
06_shopgoodwill_periodic_reports_aug2026.csv,573,SGW-2608-000006,2026-08-11T08:00:00-04:00,2026-08-12,shipped,,USD,true
06_shopgoodwill_periodic_reports_aug2026.csv,1514,SGW-2608-000007,2026-08-28T08:00:00-04:00,2026-08-31,shipped,,USD,true
06_shopgoodwill_periodic_reports_aug2026.csv,1055,SGW-2608-000008,2026-08-20T08:00:00-04:00,2026-08-24,shipped,,USD,true
06_shopgoodwill_periodic_reports_aug2026.csv,1232,SGW-2608-000009,2026-08-23T08:00:00-04:00,2026-08-27,shipped,,USD,true
06_shopgoodwill_periodic_reports_aug2026.csv,454,SGW-2608-000010,2026-08-09T08:00:00-04:00,2026-08-11,shipped,,USD,true
06_shopgoodwill_periodic_reports_aug2026.csv,293,SGW-2608-000011,2026-08-06T08:00:00-04:00,,local_pickup,,USD,true
06_shopgoodwill_periodic_reports_aug2026.csv,854,SGW-2608-000012,2026-08-16T08:00:00-04:00,2026-08-17,shipped,,USD,true
06_shopgoodwill_periodic_reports_aug2026.csv,455,SGW-2608-000013,2026-08-09T08:00:00-04:00,2026-08-10,shipped,,USD,true
06_shopgoodwill_periodic_reports_aug2026.csv,1056,SGW-2608-000014,2026-08-20T08:00:00-04:00,2026-08-24,shipped,,USD,true
06_shopgoodwill_periodic_reports_aug2026.csv,294,SGW-2608-000015,2026-08-06T08:00:00-04:00,2026-08-10,shipped,,USD,true
06_shopgoodwill_periodic_reports_aug2026.csv,727,SGW-2608-000016,2026-08-14T08:00:00-04:00,2026-08-17,shipped,,USD,true
06_shopgoodwill_periodic_reports_aug2026.csv,1353,SGW-2608-000017,2026-08-25T08:00:00-04:00,2026-08-27,shipped,,USD,true
06_shopgoodwill_periodic_reports_aug2026.csv,1,SGW-2608-000018,2026-08-01T08:00:00-04:00,2026-08-03,shipped,,USD,true
06_shopgoodwill_periodic_reports_aug2026.csv,622,SGW-2608-000019,2026-08-12T08:00:00-04:00,2026-08-14,shipped,,USD,true
06_shopgoodwill_periodic_reports_aug2026.csv,1577,SGW-2608-000020,2026-08-29T08:00:00-04:00,2026-08-31,shipped,,USD,true
06_shopgoodwill_periodic_reports_aug2026.csv,1465,SGW-2608-000021,2026-08-27T08:00:00-04:00,2026-08-31,shipped,,USD,true
06_shopgoodwill_periodic_reports_aug2026.csv,1728,SGW-2608-000022,2026-08-31T08:00:00-04:00,,pending_fulfillment,,USD,true
06_shopgoodwill_periodic_reports_aug2026.csv,728,SGW-2608-000023,2026-08-14T08:00:00-04:00,,canceled_before_fulfillment,2026-08-21T21:00:00-04:00,USD,true
06_shopgoodwill_periodic_reports_aug2026.csv,1233,SGW-2608-000024,2026-08-23T08:00:00-04:00,2026-08-25,shipped,,USD,true
06_shopgoodwill_periodic_reports_aug2026.csv,574,SGW-2608-000025,2026-08-11T08:00:00-04:00,2026-08-12,shipped,,USD,true
06_shopgoodwill_periodic_reports_aug2026.csv,1515,SGW-2608-000026,2026-08-28T08:00:00-04:00,2026-08-31,shipped,,USD,true
06_shopgoodwill_periodic_reports_aug2026.csv,623,SGW-2608-000027,2026-08-12T08:00:00-04:00,2026-08-13,shipped,,USD,true
06_shopgoodwill_periodic_reports_aug2026.csv,456,SGW-2608-000028,2026-08-09T08:00:00-04:00,2026-08-11,shipped,,USD,true
06_shopgoodwill_periodic_reports_aug2026.csv,1516,SGW-2608-000029,2026-08-28T08:00:00-04:00,2026-08-31,shipped,,USD,true
06_shopgoodwill_periodic_reports_aug2026.csv,378,SGW-2608-000030,2026-08-08T08:00:00-04:00,2026-08-10,shipped,,USD,true
06_shopgoodwill_periodic_reports_aug2026.csv,783,SGW-2608-000031,2026-08-15T08:00:00-04:00,2026-08-17,shipped,,USD,true
06_shopgoodwill_periodic_reports_aug2026.csv,1578,SGW-2608-000032,2026-08-29T08:00:00-04:00,,local_pickup,,USD,true
06_shopgoodwill_periodic_reports_aug2026.csv,244,SGW-2608-000033,2026-08-05T08:00:00-04:00,2026-08-07,shipped,,USD,true
06_shopgoodwill_periodic_reports_aug2026.csv,1298,SGW-2608-000034,2026-08-24T08:00:00-04:00,2026-08-26,shipped,,USD,true
06_shopgoodwill_periodic_reports_aug2026.csv,457,SGW-2608-000035,2026-08-09T08:00:00-04:00,2026-08-14,shipped,,USD,true
06_shopgoodwill_periodic_reports_aug2026.csv,1409,SGW-2608-000036,2026-08-26T08:00:00-04:00,2026-08-27,shipped,,USD,true
06_shopgoodwill_periodic_reports_aug2026.csv,1729,SGW-2608-000037,2026-08-31T08:00:00-04:00,,pending_fulfillment,,USD,true
06_shopgoodwill_periodic_reports_aug2026.csv,1730,SGW-2608-000038,2026-08-31T08:00:00-04:00,,pending_fulfillment,,USD,true
06_shopgoodwill_periodic_reports_aug2026.csv,919,SGW-2608-000039,2026-08-17T08:00:00-04:00,2026-08-18,shipped,,USD,true
06_shopgoodwill_periodic_reports_aug2026.csv,1517,SGW-2608-000040,2026-08-28T08:00:00-04:00,2026-08-31,shipped,,USD,true
06_shopgoodwill_periodic_reports_aug2026.csv,1653,SGW-2608-000041,2026-08-30T08:00:00-04:00,,pending_fulfillment,,USD,true
06_shopgoodwill_periodic_reports_aug2026.csv,1518,SGW-2608-000042,2026-08-28T08:00:00-04:00,2026-08-31,shipped,,USD,true
06_shopgoodwill_periodic_reports_aug2026.csv,1299,SGW-2608-000043,2026-08-24T08:00:00-04:00,2026-08-25,shipped,,USD,true
06_shopgoodwill_periodic_reports_aug2026.csv,522,SGW-2608-000044,2026-08-10T08:00:00-04:00,,local_pickup,,USD,true
06_shopgoodwill_periodic_reports_aug2026.csv,117,SGW-2608-000045,2026-08-03T08:00:00-04:00,2026-08-04,shipped,,USD,true
06_shopgoodwill_periodic_reports_aug2026.csv,458,SGW-2608-000046,2026-08-09T08:00:00-04:00,2026-08-10,shipped,,USD,true
06_shopgoodwill_periodic_reports_aug2026.csv,334,SGW-2608-000047,2026-08-07T08:00:00-04:00,2026-08-10,shipped,,USD,true
06_shopgoodwill_periodic_reports_aug2026.csv,1654,SGW-2608-000048,2026-08-30T08:00:00-04:00,,pending_fulfillment,,USD,true
06_shopgoodwill_periodic_reports_aug2026.csv,245,SGW-2608-000049,2026-08-05T08:00:00-04:00,2026-08-07,shipped,,USD,true
06_shopgoodwill_periodic_reports_aug2026.csv,118,SGW-2608-000050,2026-08-03T08:00:00-04:00,2026-08-07,shipped,,USD,true
06_shopgoodwill_periodic_reports_aug2026.csv,1466,SGW-2608-000051,2026-08-27T08:00:00-04:00,,pending_fulfillment,,USD,true
06_shopgoodwill_periodic_reports_aug2026.csv,729,SGW-2608-000052,2026-08-14T08:00:00-04:00,2026-08-17,shipped,,USD,true
06_shopgoodwill_periodic_reports_aug2026.csv,624,SGW-2608-000053,2026-08-12T08:00:00-04:00,2026-08-17,shipped,,USD,true
06_shopgoodwill_periodic_reports_aug2026.csv,54,SGW-2608-000054,2026-08-02T08:00:00-04:00,2026-08-03,shipped,,USD,true
06_shopgoodwill_periodic_reports_aug2026.csv,379,SGW-2608-000055,2026-08-08T08:00:00-04:00,2026-08-10,shipped,,USD,true
06_shopgoodwill_periodic_reports_aug2026.csv,625,SGW-2608-000056,2026-08-12T08:00:00-04:00,2026-08-13,shipped,,USD,true
06_shopgoodwill_periodic_reports_aug2026.csv,1300,SGW-2608-000057,2026-08-24T08:00:00-04:00,2026-08-25,shipped,,USD,true
06_shopgoodwill_periodic_reports_aug2026.csv,55,SGW-2608-000058,2026-08-02T08:00:00-04:00,2026-08-03,shipped,,USD,true
06_shopgoodwill_periodic_reports_aug2026.csv,523,SGW-2608-000059,2026-08-10T08:00:00-04:00,2026-08-11,shipped,,USD,true
06_shopgoodwill_periodic_reports_aug2026.csv,1655,SGW-2608-000060,2026-08-30T08:00:00-04:00,,pending_fulfillment,,USD,true
06_shopgoodwill_periodic_reports_aug2026.csv,673,SGW-2608-000061,2026-08-13T08:00:00-04:00,2026-08-17,shipped,2026-08-20T21:00:00-04:00,USD,true
06_shopgoodwill_periodic_reports_aug2026.csv,784,SGW-2608-000062,2026-08-15T08:00:00-04:00,2026-08-17,shipped,,USD,true
06_shopgoodwill_periodic_reports_aug2026.csv,1174,SGW-2608-000063,2026-08-22T08:00:00-04:00,2026-08-24,shipped,,USD,true
06_shopgoodwill_periodic_reports_aug2026.csv,2,SGW-2608-000064,2026-08-01T08:00:00-04:00,2026-08-03,shipped,,USD,true
06_shopgoodwill_periodic_reports_aug2026.csv,1579,SGW-2608-000065,2026-08-29T08:00:00-04:00,,pending_fulfillment,,USD,true
06_shopgoodwill_periodic_reports_aug2026.csv,1656,SGW-2608-000066,2026-08-30T08:00:00-04:00,,local_pickup,,USD,true
06_shopgoodwill_periodic_reports_aug2026.csv,730,SGW-2608-000067,2026-08-14T08:00:00-04:00,2026-08-17,shipped,,USD,true
06_shopgoodwill_periodic_reports_aug2026.csv,1057,SGW-2608-000068,2026-08-20T08:00:00-04:00,2026-08-21,shipped,,USD,true
06_shopgoodwill_periodic_reports_aug2026.csv,1731,SGW-2608-000069,2026-08-31T08:00:00-04:00,,pending_fulfillment,,USD,true
06_shopgoodwill_periodic_reports_aug2026.csv,575,SGW-2608-000070,2026-08-11T08:00:00-04:00,2026-08-12,shipped,,USD,true
06_shopgoodwill_periodic_reports_aug2026.csv,524,SGW-2608-000071,2026-08-10T08:00:00-04:00,2026-08-13,shipped,,USD,true
06_shopgoodwill_periodic_reports_aug2026.csv,785,SGW-2608-000072,2026-08-15T08:00:00-04:00,2026-08-17,shipped,,USD,true
06_shopgoodwill_periodic_reports_aug2026.csv,335,SGW-2608-000073,2026-08-07T08:00:00-04:00,2026-08-10,shipped,,USD,true
06_shopgoodwill_periodic_reports_aug2026.csv,1467,SGW-2608-000074,2026-08-27T08:00:00-04:00,2026-08-31,shipped,2026-08-31T21:00:00-04:00,USD,true
06_shopgoodwill_periodic_reports_aug2026.csv,56,SGW-2608-000075,2026-08-02T08:00:00-04:00,2026-08-03,shipped,,USD,true
06_shopgoodwill_periodic_reports_aug2026.csv,380,SGW-2608-000076,2026-08-08T08:00:00-04:00,2026-08-11,shipped,,USD,true
06_shopgoodwill_periodic_reports_aug2026.csv,119,SGW-2608-000077,2026-08-03T08:00:00-04:00,2026-08-06,shipped,,USD,true
06_shopgoodwill_periodic_reports_aug2026.csv,1301,SGW-2608-000078,2026-08-24T08:00:00-04:00,2026-08-27,shipped,,USD,true
06_shopgoodwill_periodic_reports_aug2026.csv,120,SGW-2608-000079,2026-08-03T08:00:00-04:00,2026-08-04,shipped,,USD,true
06_shopgoodwill_periodic_reports_aug2026.csv,1234,SGW-2608-000080,2026-08-23T08:00:00-04:00,2026-08-25,shipped,,USD,true
06_shopgoodwill_periodic_reports_aug2026.csv,1732,SGW-2608-000081,2026-08-31T08:00:00-04:00,,pending_fulfillment,,USD,true
06_shopgoodwill_periodic_reports_aug2026.csv,525,SGW-2608-000082,2026-08-10T08:00:00-04:00,2026-08-12,shipped,,USD,true
06_shopgoodwill_periodic_reports_aug2026.csv,121,SGW-2608-000083,2026-08-03T08:00:00-04:00,2026-08-06,shipped,,USD,true
06_shopgoodwill_periodic_reports_aug2026.csv,626,SGW-2608-000084,2026-08-12T08:00:00-04:00,2026-08-14,shipped,,USD,true
06_shopgoodwill_periodic_reports_aug2026.csv,172,SGW-2608-000085,2026-08-04T08:00:00-04:00,,local_pickup,,USD,true
06_shopgoodwill_periodic_reports_aug2026.csv,381,SGW-2608-000086,2026-08-08T08:00:00-04:00,2026-08-10,shipped,,USD,true
06_shopgoodwill_periodic_reports_aug2026.csv,57,SGW-2608-000087,2026-08-02T08:00:00-04:00,2026-08-07,shipped,,USD,true
06_shopgoodwill_periodic_reports_aug2026.csv,173,SGW-2608-000088,2026-08-04T08:00:00-04:00,2026-08-07,shipped,,USD,true
06_shopgoodwill_periodic_reports_aug2026.csv,1058,SGW-2608-000089,2026-08-20T08:00:00-04:00,2026-08-24,shipped,,USD,true
06_shopgoodwill_periodic_reports_aug2026.csv,576,SGW-2608-000090,2026-08-11T08:00:00-04:00,2026-08-14,shipped,,USD,true
06_shopgoodwill_periodic_reports_aug2026.csv,1059,SGW-2608-000091,2026-08-20T08:00:00-04:00,2026-08-21,shipped,,USD,true
06_shopgoodwill_periodic_reports_aug2026.csv,1519,SGW-2608-000092,2026-08-28T08:00:00-04:00,2026-08-31,shipped,,USD,true
06_shopgoodwill_periodic_reports_aug2026.csv,1235,SGW-2608-000093,2026-08-23T08:00:00-04:00,2026-08-24,shipped,,USD,true
06_shopgoodwill_periodic_reports_aug2026.csv,1657,SGW-2608-000094,2026-08-30T08:00:00-04:00,,pending_fulfillment,,USD,true
06_shopgoodwill_periodic_reports_aug2026.csv,295,SGW-2608-000095,2026-08-06T08:00:00-04:00,2026-08-10,shipped,,USD,true
06_shopgoodwill_periodic_reports_aug2026.csv,674,SGW-2608-000096,2026-08-13T08:00:00-04:00,2026-08-17,shipped,,USD,true
06_shopgoodwill_periodic_reports_aug2026.csv,58,SGW-2608-000097,2026-08-02T08:00:00-04:00,2026-08-05,shipped,,USD,true
06_shopgoodwill_periodic_reports_aug2026.csv,1520,SGW-2608-000098,2026-08-28T08:00:00-04:00,2026-08-31,shipped,,USD,true
06_shopgoodwill_periodic_reports_aug2026.csv,296,SGW-2608-000099,2026-08-06T08:00:00-04:00,2026-08-10,shipped,,USD,true
06_shopgoodwill_periodic_reports_aug2026.csv,1410,SGW-2608-000100,2026-08-26T08:00:00-04:00,2026-08-27,shipped,,USD,true
06_shopgoodwill_periodic_reports_aug2026.csv,1733,SGW-2608-000101,2026-08-31T08:00:00-04:00,,pending_fulfillment,,USD,true
06_shopgoodwill_periodic_reports_aug2026.csv,1411,SGW-2608-000102,2026-08-26T08:00:00-04:00,2026-08-27,shipped,,USD,true
06_shopgoodwill_periodic_reports_aug2026.csv,246,SGW-2608-000103,2026-08-05T08:00:00-04:00,2026-08-06,shipped,,USD,true
06_shopgoodwill_periodic_reports_aug2026.csv,1354,SGW-2608-000104,2026-08-25T08:00:00-04:00,,local_pickup,,USD,true
06_shopgoodwill_periodic_reports_aug2026.csv,1302,SGW-2608-000105,2026-08-24T08:00:00-04:00,2026-08-25,shipped,,USD,true
06_shopgoodwill_periodic_reports_aug2026.csv,1236,SGW-2608-000106,2026-08-23T08:00:00-04:00,,local_pickup,,USD,true
06_shopgoodwill_periodic_reports_aug2026.csv,1303,SGW-2608-000107,2026-08-24T08:00:00-04:00,2026-08-25,shipped,,USD,true
06_shopgoodwill_periodic_reports_aug2026.csv,1412,SGW-2608-000108,2026-08-26T08:00:00-04:00,2026-08-31,shipped,,USD,true
06_shopgoodwill_periodic_reports_aug2026.csv,786,SGW-2608-000109,2026-08-15T08:00:00-04:00,2026-08-17,shipped,,USD,true
06_shopgoodwill_periodic_reports_aug2026.csv,1237,SGW-2608-000110,2026-08-23T08:00:00-04:00,2026-08-24,shipped,,USD,true
06_shopgoodwill_periodic_reports_aug2026.csv,1304,SGW-2608-000111,2026-08-24T08:00:00-04:00,,local_pickup,,USD,true
06_shopgoodwill_periodic_reports_aug2026.csv,1305,SGW-2608-000112,2026-08-24T08:00:00-04:00,2026-08-26,shipped,,USD,true
06_shopgoodwill_periodic_reports_aug2026.csv,1238,SGW-2608-000113,2026-08-23T08:00:00-04:00,2026-08-25,shipped,,USD,true
06_shopgoodwill_periodic_reports_aug2026.csv,1658,SGW-2608-000114,2026-08-30T08:00:00-04:00,,pending_fulfillment,,USD,true
06_shopgoodwill_periodic_reports_aug2026.csv,1659,SGW-2608-000115,2026-08-30T08:00:00-04:00,2026-08-31,shipped,,USD,true
06_shopgoodwill_periodic_reports_aug2026.csv,382,SGW-2608-000116,2026-08-08T08:00:00-04:00,2026-08-10,shipped,,USD,true
06_shopgoodwill_periodic_reports_aug2026.csv,675,SGW-2608-000117,2026-08-13T08:00:00-04:00,2026-08-14,shipped,,USD,true
06_shopgoodwill_periodic_reports_aug2026.csv,59,SGW-2608-000118,2026-08-02T08:00:00-04:00,2026-08-04,shipped,,USD,true
06_shopgoodwill_periodic_reports_aug2026.csv,1734,SGW-2608-000119,2026-08-31T08:00:00-04:00,,pending_fulfillment,,USD,true
06_shopgoodwill_periodic_reports_aug2026.csv,1109,SGW-2608-000120,2026-08-21T08:00:00-04:00,2026-08-24,shipped,,USD,true
06_shopgoodwill_periodic_reports_aug2026.csv,526,SGW-2608-000121,2026-08-10T08:00:00-04:00,2026-08-12,shipped,,USD,true
06_shopgoodwill_periodic_reports_aug2026.csv,1355,SGW-2608-000122,2026-08-25T08:00:00-04:00,,canceled_before_fulfillment,2026-08-26T21:00:00-04:00,USD,true
06_shopgoodwill_periodic_reports_aug2026.csv,336,SGW-2608-000123,2026-08-07T08:00:00-04:00,2026-08-10,shipped,,USD,true
06_shopgoodwill_periodic_reports_aug2026.csv,1521,SGW-2608-000124,2026-08-28T08:00:00-04:00,,local_pickup,,USD,true
06_shopgoodwill_periodic_reports_aug2026.csv,1356,SGW-2608-000125,2026-08-25T08:00:00-04:00,2026-08-26,shipped,,USD,true
06_shopgoodwill_periodic_reports_aug2026.csv,1014,SGW-2608-000126,2026-08-19T08:00:00-04:00,2026-08-21,shipped,,USD,true
06_shopgoodwill_periodic_reports_aug2026.csv,787,SGW-2608-000127,2026-08-15T08:00:00-04:00,2026-08-17,shipped,,USD,true
06_shopgoodwill_periodic_reports_aug2026.csv,920,SGW-2608-000128,2026-08-17T08:00:00-04:00,2026-08-19,shipped,,USD,true
06_shopgoodwill_periodic_reports_aug2026.csv,297,SGW-2608-000129,2026-08-06T08:00:00-04:00,2026-08-10,shipped,,USD,true
06_shopgoodwill_periodic_reports_aug2026.csv,1735,SGW-2608-000130,2026-08-31T08:00:00-04:00,,pending_fulfillment,,USD,true
06_shopgoodwill_periodic_reports_aug2026.csv,1306,SGW-2608-000131,2026-08-24T08:00:00-04:00,2026-08-25,shipped,,USD,true
06_shopgoodwill_periodic_reports_aug2026.csv,1060,SGW-2608-000132,2026-08-20T08:00:00-04:00,2026-08-21,shipped,,USD,true
06_shopgoodwill_periodic_reports_aug2026.csv,1110,SGW-2608-000133,2026-08-21T08:00:00-04:00,2026-08-25,shipped,,USD,true
06_shopgoodwill_periodic_reports_aug2026.csv,1357,SGW-2608-000134,2026-08-25T08:00:00-04:00,2026-08-26,shipped,,USD,true
06_shopgoodwill_periodic_reports_aug2026.csv,1015,SGW-2608-000135,2026-08-19T08:00:00-04:00,2026-08-21,shipped,,USD,true
06_shopgoodwill_periodic_reports_aug2026.csv,1522,SGW-2608-000136,2026-08-28T08:00:00-04:00,,pending_fulfillment,,USD,true
06_shopgoodwill_periodic_reports_aug2026.csv,1413,SGW-2608-000137,2026-08-26T08:00:00-04:00,2026-08-28,shipped,,USD,true
06_shopgoodwill_periodic_reports_aug2026.csv,174,SGW-2608-000138,2026-08-04T08:00:00-04:00,2026-08-05,shipped,,USD,true
06_shopgoodwill_periodic_reports_aug2026.csv,3,SGW-2608-000139,2026-08-01T08:00:00-04:00,2026-08-03,shipped,,USD,true
06_shopgoodwill_periodic_reports_aug2026.csv,527,SGW-2608-000140,2026-08-10T08:00:00-04:00,2026-08-11,shipped,,USD,true
06_shopgoodwill_periodic_reports_aug2026.csv,1736,SGW-2608-000141,2026-08-31T08:00:00-04:00,,pending_fulfillment,,USD,true
06_shopgoodwill_periodic_reports_aug2026.csv,1111,SGW-2608-000142,2026-08-21T08:00:00-04:00,2026-08-24,shipped,,USD,true
06_shopgoodwill_periodic_reports_aug2026.csv,1580,SGW-2608-000143,2026-08-29T08:00:00-04:00,2026-08-31,shipped,,USD,true
06_shopgoodwill_periodic_reports_aug2026.csv,1468,SGW-2608-000144,2026-08-27T08:00:00-04:00,2026-08-28,shipped,,USD,true
06_shopgoodwill_periodic_reports_aug2026.csv,676,SGW-2608-000145,2026-08-13T08:00:00-04:00,2026-08-17,shipped,,USD,true
06_shopgoodwill_periodic_reports_aug2026.csv,4,SGW-2608-000146,2026-08-01T08:00:00-04:00,2026-08-03,shipped,2026-08-06T21:00:00-04:00,USD,true
06_shopgoodwill_periodic_reports_aug2026.csv,337,SGW-2608-000147,2026-08-07T08:00:00-04:00,2026-08-10,shipped,,USD,true
06_shopgoodwill_periodic_reports_aug2026.csv,1660,SGW-2608-000148,2026-08-30T08:00:00-04:00,2026-08-31,shipped,,USD,true
06_shopgoodwill_periodic_reports_aug2026.csv,1414,SGW-2608-000149,2026-08-26T08:00:00-04:00,2026-08-27,shipped,,USD,true
06_shopgoodwill_periodic_reports_aug2026.csv,247,SGW-2608-000150,2026-08-05T08:00:00-04:00,2026-08-10,shipped,,USD,true
06_shopgoodwill_periodic_reports_aug2026.csv,528,SGW-2608-000151,2026-08-10T08:00:00-04:00,2026-08-12,shipped,,USD,true
06_shopgoodwill_periodic_reports_aug2026.csv,122,SGW-2608-000152,2026-08-03T08:00:00-04:00,2026-08-05,shipped,,USD,true
06_shopgoodwill_periodic_reports_aug2026.csv,1307,SGW-2608-000153,2026-08-24T08:00:00-04:00,2026-08-25,shipped,,USD,true
06_shopgoodwill_periodic_reports_aug2026.csv,1581,SGW-2608-000154,2026-08-29T08:00:00-04:00,,pending_fulfillment,,USD,true
06_shopgoodwill_periodic_reports_aug2026.csv,1308,SGW-2608-000155,2026-08-24T08:00:00-04:00,2026-08-25,shipped,,USD,true
06_shopgoodwill_periodic_reports_aug2026.csv,175,SGW-2608-000156,2026-08-04T08:00:00-04:00,2026-08-06,shipped,,USD,true
06_shopgoodwill_periodic_reports_aug2026.csv,1112,SGW-2608-000157,2026-08-21T08:00:00-04:00,2026-08-26,shipped,,USD,true
06_shopgoodwill_periodic_reports_aug2026.csv,1582,SGW-2608-000158,2026-08-29T08:00:00-04:00,2026-08-31,shipped,,USD,true
06_shopgoodwill_periodic_reports_aug2026.csv,1358,SGW-2608-000159,2026-08-25T08:00:00-04:00,2026-08-27,shipped,,USD,true
06_shopgoodwill_periodic_reports_aug2026.csv,529,SGW-2608-000160,2026-08-10T08:00:00-04:00,2026-08-11,shipped,,USD,true
06_shopgoodwill_periodic_reports_aug2026.csv,1469,SGW-2608-000161,2026-08-27T08:00:00-04:00,2026-08-31,shipped,,USD,true
06_shopgoodwill_periodic_reports_aug2026.csv,5,SGW-2608-000162,2026-08-01T08:00:00-04:00,2026-08-03,shipped,,USD,true
06_shopgoodwill_periodic_reports_aug2026.csv,1113,SGW-2608-000163,2026-08-21T08:00:00-04:00,2026-08-24,shipped,,USD,true
06_shopgoodwill_periodic_reports_aug2026.csv,123,SGW-2608-000164,2026-08-03T08:00:00-04:00,2026-08-04,shipped,,USD,true
06_shopgoodwill_periodic_reports_aug2026.csv,577,SGW-2608-000165,2026-08-11T08:00:00-04:00,2026-08-13,shipped,,USD,true
06_shopgoodwill_periodic_reports_aug2026.csv,1359,SGW-2608-000166,2026-08-25T08:00:00-04:00,2026-08-27,shipped,,USD,true
06_shopgoodwill_periodic_reports_aug2026.csv,6,SGW-2608-000167,2026-08-01T08:00:00-04:00,2026-08-03,shipped,,USD,true
06_shopgoodwill_periodic_reports_aug2026.csv,1309,SGW-2608-000168,2026-08-24T08:00:00-04:00,2026-08-27,shipped,,USD,true
06_shopgoodwill_periodic_reports_aug2026.csv,1114,SGW-2608-000169,2026-08-21T08:00:00-04:00,2026-08-24,shipped,,USD,true
06_shopgoodwill_periodic_reports_aug2026.csv,1661,SGW-2608-000170,2026-08-30T08:00:00-04:00,2026-08-31,shipped,,USD,true
06_shopgoodwill_periodic_reports_aug2026.csv,176,SGW-2608-000171,2026-08-04T08:00:00-04:00,2026-08-05,shipped,,USD,true
06_shopgoodwill_periodic_reports_aug2026.csv,1360,SGW-2608-000172,2026-08-25T08:00:00-04:00,2026-08-26,shipped,,USD,true
06_shopgoodwill_periodic_reports_aug2026.csv,1737,SGW-2608-000173,2026-08-31T08:00:00-04:00,,pending_fulfillment,,USD,true
06_shopgoodwill_periodic_reports_aug2026.csv,1115,SGW-2608-000174,2026-08-21T08:00:00-04:00,2026-08-24,shipped,,USD,true
06_shopgoodwill_periodic_reports_aug2026.csv,298,SGW-2608-000175,2026-08-06T08:00:00-04:00,2026-08-10,shipped,,USD,true
06_shopgoodwill_periodic_reports_aug2026.csv,1239,SGW-2608-000176,2026-08-23T08:00:00-04:00,2026-08-27,shipped,,USD,true
06_shopgoodwill_periodic_reports_aug2026.csv,459,SGW-2608-000177,2026-08-09T08:00:00-04:00,2026-08-10,shipped,,USD,true
06_shopgoodwill_periodic_reports_aug2026.csv,1583,SGW-2608-000178,2026-08-29T08:00:00-04:00,2026-08-31,shipped,,USD,true
06_shopgoodwill_periodic_reports_aug2026.csv,60,SGW-2608-000179,2026-08-02T08:00:00-04:00,2026-08-05,shipped,,USD,true
06_shopgoodwill_periodic_reports_aug2026.csv,1584,SGW-2608-000180,2026-08-29T08:00:00-04:00,2026-08-31,shipped,,USD,true
06_shopgoodwill_periodic_reports_aug2026.csv,1662,SGW-2608-000181,2026-08-30T08:00:00-04:00,,pending_fulfillment,,USD,true
06_shopgoodwill_periodic_reports_aug2026.csv,1663,SGW-2608-000182,2026-08-30T08:00:00-04:00,,pending_fulfillment,,USD,true
06_shopgoodwill_periodic_reports_aug2026.csv,7,SGW-2608-000183,2026-08-01T08:00:00-04:00,2026-08-04,shipped,,USD,true
06_shopgoodwill_periodic_reports_aug2026.csv,1415,SGW-2608-000184,2026-08-26T08:00:00-04:00,2026-08-31,shipped,,USD,true
06_shopgoodwill_periodic_reports_aug2026.csv,1585,SGW-2608-000185,2026-08-29T08:00:00-04:00,2026-08-31,shipped,,USD,true
06_shopgoodwill_periodic_reports_aug2026.csv,1175,SGW-2608-000186,2026-08-22T08:00:00-04:00,,local_pickup,,USD,true
06_shopgoodwill_periodic_reports_aug2026.csv,8,SGW-2608-000187,2026-08-01T08:00:00-04:00,2026-08-03,shipped,,USD,true
06_shopgoodwill_periodic_reports_aug2026.csv,788,SGW-2608-000188,2026-08-15T08:00:00-04:00,2026-08-17,shipped,,USD,true
06_shopgoodwill_periodic_reports_aug2026.csv,248,SGW-2608-000189,2026-08-05T08:00:00-04:00,2026-08-07,shipped,2026-08-08T21:00:00-04:00,USD,true
06_shopgoodwill_periodic_reports_aug2026.csv,460,SGW-2608-000190,2026-08-09T08:00:00-04:00,2026-08-12,shipped,,USD,true
06_shopgoodwill_periodic_reports_aug2026.csv,1240,SGW-2608-000191,2026-08-23T08:00:00-04:00,2026-08-26,shipped,,USD,true
06_shopgoodwill_periodic_reports_aug2026.csv,383,SGW-2608-000192,2026-08-08T08:00:00-04:00,2026-08-10,shipped,,USD,true
06_shopgoodwill_periodic_reports_aug2026.csv,1523,SGW-2608-000193,2026-08-28T08:00:00-04:00,2026-08-31,shipped,,USD,true
06_shopgoodwill_periodic_reports_aug2026.csv,1361,SGW-2608-000194,2026-08-25T08:00:00-04:00,2026-08-27,shipped,,USD,true
06_shopgoodwill_periodic_reports_aug2026.csv,578,SGW-2608-000195,2026-08-11T08:00:00-04:00,2026-08-17,shipped,,USD,true
06_shopgoodwill_periodic_reports_aug2026.csv,530,SGW-2608-000196,2026-08-10T08:00:00-04:00,2026-08-11,shipped,,USD,true
06_shopgoodwill_periodic_reports_aug2026.csv,1586,SGW-2608-000197,2026-08-29T08:00:00-04:00,,pending_fulfillment,,USD,true
06_shopgoodwill_periodic_reports_aug2026.csv,177,SGW-2608-000198,2026-08-04T08:00:00-04:00,2026-08-07,shipped,,USD,true
06_shopgoodwill_periodic_reports_aug2026.csv,178,SGW-2608-000199,2026-08-04T08:00:00-04:00,2026-08-05,shipped,2026-08-11T21:00:00-04:00,USD,true
06_shopgoodwill_periodic_reports_aug2026.csv,1061,SGW-2608-000200,2026-08-20T08:00:00-04:00,,local_pickup,,USD,true
06_shopgoodwill_periodic_reports_aug2026.csv,855,SGW-2608-000201,2026-08-16T08:00:00-04:00,2026-08-18,shipped,,USD,true
06_shopgoodwill_periodic_reports_aug2026.csv,627,SGW-2608-000202,2026-08-12T08:00:00-04:00,2026-08-13,shipped,2026-08-17T21:00:00-04:00,USD,true
06_shopgoodwill_periodic_reports_aug2026.csv,1241,SGW-2608-000203,2026-08-23T08:00:00-04:00,2026-08-24,shipped,,USD,true
06_shopgoodwill_periodic_reports_aug2026.csv,1470,SGW-2608-000204,2026-08-27T08:00:00-04:00,2026-08-28,shipped,,USD,true
06_shopgoodwill_periodic_reports_aug2026.csv,124,SGW-2608-000205,2026-08-03T08:00:00-04:00,2026-08-05,shipped,,USD,true
06_shopgoodwill_periodic_reports_aug2026.csv,1310,SGW-2608-000206,2026-08-24T08:00:00-04:00,2026-08-25,shipped,,USD,true
06_shopgoodwill_periodic_reports_aug2026.csv,1311,SGW-2608-000207,2026-08-24T08:00:00-04:00,2026-08-25,shipped,,USD,true
06_shopgoodwill_periodic_reports_aug2026.csv,628,SGW-2608-000208,2026-08-12T08:00:00-04:00,2026-08-13,shipped,,USD,true
06_shopgoodwill_periodic_reports_aug2026.csv,1587,SGW-2608-000209,2026-08-29T08:00:00-04:00,,pending_fulfillment,,USD,true
06_shopgoodwill_periodic_reports_aug2026.csv,531,SGW-2608-000210,2026-08-10T08:00:00-04:00,2026-08-11,shipped,,USD,true
06_shopgoodwill_periodic_reports_aug2026.csv,856,SGW-2608-000211,2026-08-16T08:00:00-04:00,2026-08-17,shipped,,USD,true
06_shopgoodwill_periodic_reports_aug2026.csv,677,SGW-2608-000212,2026-08-13T08:00:00-04:00,2026-08-14,shipped,,USD,true
06_shopgoodwill_periodic_reports_aug2026.csv,1664,SGW-2608-000213,2026-08-30T08:00:00-04:00,2026-08-31,shipped,,USD,true
06_shopgoodwill_periodic_reports_aug2026.csv,789,SGW-2608-000214,2026-08-15T08:00:00-04:00,2026-08-17,shipped,,USD,true
06_shopgoodwill_periodic_reports_aug2026.csv,973,SGW-2608-000215,2026-08-18T08:00:00-04:00,2026-08-20,shipped,,USD,true
06_shopgoodwill_periodic_reports_aug2026.csv,678,SGW-2608-000216,2026-08-13T08:00:00-04:00,2026-08-17,shipped,,USD,true
06_shopgoodwill_periodic_reports_aug2026.csv,679,SGW-2608-000217,2026-08-13T08:00:00-04:00,2026-08-17,shipped,,USD,true
06_shopgoodwill_periodic_reports_aug2026.csv,179,SGW-2608-000218,2026-08-04T08:00:00-04:00,,local_pickup,,USD,true
06_shopgoodwill_periodic_reports_aug2026.csv,974,SGW-2608-000219,2026-08-18T08:00:00-04:00,2026-08-19,shipped,,USD,true
06_shopgoodwill_periodic_reports_aug2026.csv,461,SGW-2608-000220,2026-08-09T08:00:00-04:00,2026-08-10,shipped,,USD,true
06_shopgoodwill_periodic_reports_aug2026.csv,629,SGW-2608-000221,2026-08-12T08:00:00-04:00,2026-08-13,shipped,,USD,true
06_shopgoodwill_periodic_reports_aug2026.csv,731,SGW-2608-000222,2026-08-14T08:00:00-04:00,2026-08-17,shipped,,USD,true
06_shopgoodwill_periodic_reports_aug2026.csv,1116,SGW-2608-000223,2026-08-21T08:00:00-04:00,2026-08-25,shipped,,USD,true
06_shopgoodwill_periodic_reports_aug2026.csv,1471,SGW-2608-000224,2026-08-27T08:00:00-04:00,2026-08-31,shipped,,USD,true
06_shopgoodwill_periodic_reports_aug2026.csv,1588,SGW-2608-000225,2026-08-29T08:00:00-04:00,2026-08-31,shipped,,USD,true
06_shopgoodwill_periodic_reports_aug2026.csv,1738,SGW-2608-000226,2026-08-31T08:00:00-04:00,,pending_fulfillment,,USD,true
06_shopgoodwill_periodic_reports_aug2026.csv,1739,SGW-2608-000227,2026-08-31T08:00:00-04:00,,local_pickup,,USD,true
06_shopgoodwill_periodic_reports_aug2026.csv,1176,SGW-2608-000228,2026-08-22T08:00:00-04:00,2026-08-24,shipped,,USD,true
06_shopgoodwill_periodic_reports_aug2026.csv,1665,SGW-2608-000229,2026-08-30T08:00:00-04:00,2026-08-31,shipped,,USD,true
06_shopgoodwill_periodic_reports_aug2026.csv,1362,SGW-2608-000230,2026-08-25T08:00:00-04:00,2026-08-27,shipped,,USD,true
06_shopgoodwill_periodic_reports_aug2026.csv,1363,SGW-2608-000231,2026-08-25T08:00:00-04:00,2026-08-28,shipped,,USD,true
06_shopgoodwill_periodic_reports_aug2026.csv,975,SGW-2608-000232,2026-08-18T08:00:00-04:00,2026-08-19,shipped,,USD,true
06_shopgoodwill_periodic_reports_aug2026.csv,125,SGW-2608-000233,2026-08-03T08:00:00-04:00,2026-08-07,shipped,,USD,true
06_shopgoodwill_periodic_reports_aug2026.csv,857,SGW-2608-000234,2026-08-16T08:00:00-04:00,2026-08-18,shipped,,USD,true
06_shopgoodwill_periodic_reports_aug2026.csv,1364,SGW-2608-000235,2026-08-25T08:00:00-04:00,2026-08-26,shipped,,USD,true
06_shopgoodwill_periodic_reports_aug2026.csv,680,SGW-2608-000236,2026-08-13T08:00:00-04:00,2026-08-14,shipped,,USD,true
06_shopgoodwill_periodic_reports_aug2026.csv,1524,SGW-2608-000237,2026-08-28T08:00:00-04:00,2026-08-31,shipped,,USD,true
06_shopgoodwill_periodic_reports_aug2026.csv,790,SGW-2608-000238,2026-08-15T08:00:00-04:00,2026-08-17,shipped,,USD,true
06_shopgoodwill_periodic_reports_aug2026.csv,1589,SGW-2608-000239,2026-08-29T08:00:00-04:00,2026-08-31,shipped,,USD,true
06_shopgoodwill_periodic_reports_aug2026.csv,630,SGW-2608-000240,2026-08-12T08:00:00-04:00,2026-08-13,shipped,,USD,true
06_shopgoodwill_periodic_reports_aug2026.csv,61,SGW-2608-000241,2026-08-02T08:00:00-04:00,2026-08-04,shipped,,USD,true
06_shopgoodwill_periodic_reports_aug2026.csv,462,SGW-2608-000242,2026-08-09T08:00:00-04:00,2026-08-14,shipped,,USD,true
06_shopgoodwill_periodic_reports_aug2026.csv,532,SGW-2608-000243,2026-08-10T08:00:00-04:00,2026-08-17,shipped,,USD,true
06_shopgoodwill_periodic_reports_aug2026.csv,249,SGW-2608-000244,2026-08-05T08:00:00-04:00,,local_pickup,,USD,true
06_shopgoodwill_periodic_reports_aug2026.csv,1062,SGW-2608-000245,2026-08-20T08:00:00-04:00,2026-08-21,shipped,,USD,true
06_shopgoodwill_periodic_reports_aug2026.csv,1740,SGW-2608-000246,2026-08-31T08:00:00-04:00,,pending_fulfillment,,USD,true
06_shopgoodwill_periodic_reports_aug2026.csv,921,SGW-2608-000247,2026-08-17T08:00:00-04:00,2026-08-18,shipped,,USD,true
06_shopgoodwill_periodic_reports_aug2026.csv,299,SGW-2608-000248,2026-08-06T08:00:00-04:00,2026-08-10,shipped,,USD,true
06_shopgoodwill_periodic_reports_aug2026.csv,1117,SGW-2608-000249,2026-08-21T08:00:00-04:00,2026-08-24,shipped,,USD,true
06_shopgoodwill_periodic_reports_aug2026.csv,463,SGW-2608-000250,2026-08-09T08:00:00-04:00,2026-08-10,shipped,,USD,true
06_shopgoodwill_periodic_reports_aug2026.csv,1416,SGW-2608-000251,2026-08-26T08:00:00-04:00,2026-08-27,shipped,,USD,true
06_shopgoodwill_periodic_reports_aug2026.csv,1525,SGW-2608-000252,2026-08-28T08:00:00-04:00,,local_pickup,,USD,true
06_shopgoodwill_periodic_reports_aug2026.csv,1526,SGW-2608-000253,2026-08-28T08:00:00-04:00,,canceled_before_fulfillment,2026-08-29T21:00:00-04:00,USD,true
06_shopgoodwill_periodic_reports_aug2026.csv,1666,SGW-2608-000254,2026-08-30T08:00:00-04:00,,pending_fulfillment,,USD,true
06_shopgoodwill_periodic_reports_aug2026.csv,384,SGW-2608-000255,2026-08-08T08:00:00-04:00,2026-08-11,shipped,,USD,true
06_shopgoodwill_periodic_reports_aug2026.csv,1365,SGW-2608-000256,2026-08-25T08:00:00-04:00,2026-08-27,shipped,,USD,true
06_shopgoodwill_periodic_reports_aug2026.csv,1312,SGW-2608-000257,2026-08-24T08:00:00-04:00,2026-08-27,shipped,,USD,true
06_shopgoodwill_periodic_reports_aug2026.csv,1472,SGW-2608-000258,2026-08-27T08:00:00-04:00,2026-08-31,shipped,,USD,true
06_shopgoodwill_periodic_reports_aug2026.csv,1313,SGW-2608-000259,2026-08-24T08:00:00-04:00,2026-08-26,shipped,,USD,true
06_shopgoodwill_periodic_reports_aug2026.csv,385,SGW-2608-000260,2026-08-08T08:00:00-04:00,2026-08-10,shipped,,USD,true
06_shopgoodwill_periodic_reports_aug2026.csv,1667,SGW-2608-000261,2026-08-30T08:00:00-04:00,2026-08-31,shipped,,USD,true
06_shopgoodwill_periodic_reports_aug2026.csv,791,SGW-2608-000262,2026-08-15T08:00:00-04:00,2026-08-20,shipped,,USD,true
06_shopgoodwill_periodic_reports_aug2026.csv,1417,SGW-2608-000263,2026-08-26T08:00:00-04:00,2026-08-27,shipped,,USD,true
06_shopgoodwill_periodic_reports_aug2026.csv,1527,SGW-2608-000264,2026-08-28T08:00:00-04:00,2026-08-31,shipped,,USD,true
06_shopgoodwill_periodic_reports_aug2026.csv,1528,SGW-2608-000265,2026-08-28T08:00:00-04:00,2026-08-31,shipped,,USD,true
06_shopgoodwill_periodic_reports_aug2026.csv,338,SGW-2608-000266,2026-08-07T08:00:00-04:00,2026-08-10,shipped,,USD,true
06_shopgoodwill_periodic_reports_aug2026.csv,62,SGW-2608-000267,2026-08-02T08:00:00-04:00,2026-08-05,shipped,,USD,true
06_shopgoodwill_periodic_reports_aug2026.csv,681,SGW-2608-000268,2026-08-13T08:00:00-04:00,2026-08-14,shipped,,USD,true
06_shopgoodwill_periodic_reports_aug2026.csv,1016,SGW-2608-000269,2026-08-19T08:00:00-04:00,2026-08-24,shipped,,USD,true
06_shopgoodwill_periodic_reports_aug2026.csv,63,SGW-2608-000270,2026-08-02T08:00:00-04:00,2026-08-03,shipped,,USD,true
06_shopgoodwill_periodic_reports_aug2026.csv,858,SGW-2608-000271,2026-08-16T08:00:00-04:00,2026-08-17,shipped,,USD,true
06_shopgoodwill_periodic_reports_aug2026.csv,1668,SGW-2608-000272,2026-08-30T08:00:00-04:00,2026-08-31,shipped,,USD,true
06_shopgoodwill_periodic_reports_aug2026.csv,386,SGW-2608-000273,2026-08-08T08:00:00-04:00,2026-08-10,shipped,,USD,true
06_shopgoodwill_periodic_reports_aug2026.csv,1418,SGW-2608-000274,2026-08-26T08:00:00-04:00,2026-08-28,shipped,,USD,true
06_shopgoodwill_periodic_reports_aug2026.csv,1118,SGW-2608-000275,2026-08-21T08:00:00-04:00,2026-08-24,shipped,,USD,true
06_shopgoodwill_periodic_reports_aug2026.csv,1419,SGW-2608-000276,2026-08-26T08:00:00-04:00,2026-08-28,shipped,,USD,true
06_shopgoodwill_periodic_reports_aug2026.csv,859,SGW-2608-000277,2026-08-16T08:00:00-04:00,2026-08-19,shipped,,USD,true
06_shopgoodwill_periodic_reports_aug2026.csv,1242,SGW-2608-000278,2026-08-23T08:00:00-04:00,2026-08-27,shipped,,USD,true
06_shopgoodwill_periodic_reports_aug2026.csv,1366,SGW-2608-000279,2026-08-25T08:00:00-04:00,2026-08-26,shipped,2026-08-26T21:00:00-04:00,USD,true
06_shopgoodwill_periodic_reports_aug2026.csv,1063,SGW-2608-000280,2026-08-20T08:00:00-04:00,2026-08-24,shipped,,USD,true
06_shopgoodwill_periodic_reports_aug2026.csv,64,SGW-2608-000281,2026-08-02T08:00:00-04:00,2026-08-03,shipped,,USD,true
06_shopgoodwill_periodic_reports_aug2026.csv,387,SGW-2608-000282,2026-08-08T08:00:00-04:00,2026-08-10,shipped,,USD,true
06_shopgoodwill_periodic_reports_aug2026.csv,1177,SGW-2608-000283,2026-08-22T08:00:00-04:00,2026-08-24,shipped,,USD,true
06_shopgoodwill_periodic_reports_aug2026.csv,464,SGW-2608-000284,2026-08-09T08:00:00-04:00,2026-08-10,shipped,,USD,true
06_shopgoodwill_periodic_reports_aug2026.csv,1590,SGW-2608-000285,2026-08-29T08:00:00-04:00,2026-08-31,shipped,,USD,true
06_shopgoodwill_periodic_reports_aug2026.csv,1064,SGW-2608-000286,2026-08-20T08:00:00-04:00,,local_pickup,,USD,true
06_shopgoodwill_periodic_reports_aug2026.csv,579,SGW-2608-000287,2026-08-11T08:00:00-04:00,2026-08-12,shipped,,USD,true
06_shopgoodwill_periodic_reports_aug2026.csv,922,SGW-2608-000288,2026-08-17T08:00:00-04:00,2026-08-18,shipped,,USD,true
06_shopgoodwill_periodic_reports_aug2026.csv,631,SGW-2608-000289,2026-08-12T08:00:00-04:00,2026-08-13,shipped,,USD,true
06_shopgoodwill_periodic_reports_aug2026.csv,792,SGW-2608-000290,2026-08-15T08:00:00-04:00,2026-08-17,shipped,,USD,true
06_shopgoodwill_periodic_reports_aug2026.csv,65,SGW-2608-000291,2026-08-02T08:00:00-04:00,2026-08-03,shipped,,USD,true
06_shopgoodwill_periodic_reports_aug2026.csv,793,SGW-2608-000292,2026-08-15T08:00:00-04:00,2026-08-18,shipped,,USD,true
06_shopgoodwill_periodic_reports_aug2026.csv,1591,SGW-2608-000293,2026-08-29T08:00:00-04:00,,pending_fulfillment,,USD,true
06_shopgoodwill_periodic_reports_aug2026.csv,1119,SGW-2608-000294,2026-08-21T08:00:00-04:00,2026-08-24,shipped,,USD,true
06_shopgoodwill_periodic_reports_aug2026.csv,794,SGW-2608-000295,2026-08-15T08:00:00-04:00,2026-08-17,shipped,,USD,true
06_shopgoodwill_periodic_reports_aug2026.csv,1120,SGW-2608-000296,2026-08-21T08:00:00-04:00,,canceled_before_fulfillment,2026-08-22T21:00:00-04:00,USD,true
06_shopgoodwill_periodic_reports_aug2026.csv,180,SGW-2608-000297,2026-08-04T08:00:00-04:00,2026-08-05,shipped,,USD,true
06_shopgoodwill_periodic_reports_aug2026.csv,465,SGW-2608-000298,2026-08-09T08:00:00-04:00,2026-08-12,shipped,,USD,true
06_shopgoodwill_periodic_reports_aug2026.csv,300,SGW-2608-000299,2026-08-06T08:00:00-04:00,2026-08-10,shipped,,USD,true
06_shopgoodwill_periodic_reports_aug2026.csv,126,SGW-2608-000300,2026-08-03T08:00:00-04:00,2026-08-04,shipped,,USD,true
06_shopgoodwill_periodic_reports_aug2026.csv,682,SGW-2608-000301,2026-08-13T08:00:00-04:00,2026-08-17,shipped,,USD,true
06_shopgoodwill_periodic_reports_aug2026.csv,1314,SGW-2608-000302,2026-08-24T08:00:00-04:00,2026-08-25,shipped,,USD,true
06_shopgoodwill_periodic_reports_aug2026.csv,1592,SGW-2608-000303,2026-08-29T08:00:00-04:00,2026-08-31,shipped,,USD,true
06_shopgoodwill_periodic_reports_aug2026.csv,1178,SGW-2608-000304,2026-08-22T08:00:00-04:00,2026-08-24,shipped,,USD,true
06_shopgoodwill_periodic_reports_aug2026.csv,339,SGW-2608-000305,2026-08-07T08:00:00-04:00,2026-08-10,shipped,,USD,true
06_shopgoodwill_periodic_reports_aug2026.csv,580,SGW-2608-000306,2026-08-11T08:00:00-04:00,2026-08-14,shipped,,USD,true
06_shopgoodwill_periodic_reports_aug2026.csv,1420,SGW-2608-000307,2026-08-26T08:00:00-04:00,2026-08-28,shipped,,USD,true
06_shopgoodwill_periodic_reports_aug2026.csv,795,SGW-2608-000308,2026-08-15T08:00:00-04:00,2026-08-19,shipped,,USD,true
06_shopgoodwill_periodic_reports_aug2026.csv,1179,SGW-2608-000309,2026-08-22T08:00:00-04:00,2026-08-24,shipped,,USD,true
06_shopgoodwill_periodic_reports_aug2026.csv,250,SGW-2608-000310,2026-08-05T08:00:00-04:00,2026-08-06,shipped,,USD,true
06_shopgoodwill_periodic_reports_aug2026.csv,340,SGW-2608-000311,2026-08-07T08:00:00-04:00,2026-08-10,shipped,,USD,true
06_shopgoodwill_periodic_reports_aug2026.csv,1529,SGW-2608-000312,2026-08-28T08:00:00-04:00,,pending_fulfillment,2026-08-28T21:00:00-04:00,USD,true
06_shopgoodwill_periodic_reports_aug2026.csv,860,SGW-2608-000313,2026-08-16T08:00:00-04:00,2026-08-20,shipped,,USD,true
06_shopgoodwill_periodic_reports_aug2026.csv,1530,SGW-2608-000314,2026-08-28T08:00:00-04:00,,local_pickup,,USD,true
06_shopgoodwill_periodic_reports_aug2026.csv,732,SGW-2608-000315,2026-08-14T08:00:00-04:00,2026-08-17,shipped,,USD,true
06_shopgoodwill_periodic_reports_aug2026.csv,861,SGW-2608-000316,2026-08-16T08:00:00-04:00,2026-08-17,shipped,,USD,true
06_shopgoodwill_periodic_reports_aug2026.csv,181,SGW-2608-000317,2026-08-04T08:00:00-04:00,,local_pickup,,USD,true
06_shopgoodwill_periodic_reports_aug2026.csv,388,SGW-2608-000318,2026-08-08T08:00:00-04:00,2026-08-11,shipped,,USD,true
06_shopgoodwill_periodic_reports_aug2026.csv,1531,SGW-2608-000319,2026-08-28T08:00:00-04:00,2026-08-31,shipped,,USD,true
06_shopgoodwill_periodic_reports_aug2026.csv,796,SGW-2608-000320,2026-08-15T08:00:00-04:00,2026-08-18,shipped,,USD,true
06_shopgoodwill_periodic_reports_aug2026.csv,1669,SGW-2608-000321,2026-08-30T08:00:00-04:00,,pending_fulfillment,,USD,true
06_shopgoodwill_periodic_reports_aug2026.csv,1243,SGW-2608-000322,2026-08-23T08:00:00-04:00,2026-08-25,shipped,,USD,true
06_shopgoodwill_periodic_reports_aug2026.csv,1473,SGW-2608-000323,2026-08-27T08:00:00-04:00,2026-08-31,shipped,,USD,true
06_shopgoodwill_periodic_reports_aug2026.csv,9,SGW-2608-000324,2026-08-01T08:00:00-04:00,2026-08-03,shipped,,USD,true
06_shopgoodwill_periodic_reports_aug2026.csv,1593,SGW-2608-000325,2026-08-29T08:00:00-04:00,2026-08-31,shipped,,USD,true
06_shopgoodwill_periodic_reports_aug2026.csv,1741,SGW-2608-000326,2026-08-31T08:00:00-04:00,,pending_fulfillment,,USD,true
06_shopgoodwill_periodic_reports_aug2026.csv,862,SGW-2608-000327,2026-08-16T08:00:00-04:00,2026-08-21,shipped,,USD,true
06_shopgoodwill_periodic_reports_aug2026.csv,733,SGW-2608-000328,2026-08-14T08:00:00-04:00,2026-08-17,shipped,,USD,true
06_shopgoodwill_periodic_reports_aug2026.csv,389,SGW-2608-000329,2026-08-08T08:00:00-04:00,2026-08-10,shipped,2026-08-12T21:00:00-04:00,USD,true
06_shopgoodwill_periodic_reports_aug2026.csv,632,SGW-2608-000330,2026-08-12T08:00:00-04:00,2026-08-13,shipped,,USD,true
06_shopgoodwill_periodic_reports_aug2026.csv,683,SGW-2608-000331,2026-08-13T08:00:00-04:00,2026-08-17,shipped,,USD,true
06_shopgoodwill_periodic_reports_aug2026.csv,863,SGW-2608-000332,2026-08-16T08:00:00-04:00,2026-08-17,shipped,,USD,true
06_shopgoodwill_periodic_reports_aug2026.csv,10,SGW-2608-000333,2026-08-01T08:00:00-04:00,2026-08-03,shipped,,USD,true
06_shopgoodwill_periodic_reports_aug2026.csv,1742,SGW-2608-000334,2026-08-31T08:00:00-04:00,,local_pickup,,USD,true
06_shopgoodwill_periodic_reports_aug2026.csv,923,SGW-2608-000335,2026-08-17T08:00:00-04:00,2026-08-18,shipped,2026-08-20T21:00:00-04:00,USD,true
06_shopgoodwill_periodic_reports_aug2026.csv,797,SGW-2608-000336,2026-08-15T08:00:00-04:00,2026-08-17,shipped,,USD,true
06_shopgoodwill_periodic_reports_aug2026.csv,251,SGW-2608-000337,2026-08-05T08:00:00-04:00,2026-08-10,shipped,,USD,true
06_shopgoodwill_periodic_reports_aug2026.csv,864,SGW-2608-000338,2026-08-16T08:00:00-04:00,2026-08-17,shipped,,USD,true
06_shopgoodwill_periodic_reports_aug2026.csv,182,SGW-2608-000339,2026-08-04T08:00:00-04:00,2026-08-05,shipped,,USD,true
06_shopgoodwill_periodic_reports_aug2026.csv,533,SGW-2608-000340,2026-08-10T08:00:00-04:00,2026-08-11,shipped,,USD,true
06_shopgoodwill_periodic_reports_aug2026.csv,684,SGW-2608-000341,2026-08-13T08:00:00-04:00,2026-08-17,shipped,,USD,true
06_shopgoodwill_periodic_reports_aug2026.csv,1121,SGW-2608-000342,2026-08-21T08:00:00-04:00,2026-08-24,shipped,,USD,true
06_shopgoodwill_periodic_reports_aug2026.csv,341,SGW-2608-000343,2026-08-07T08:00:00-04:00,2026-08-10,shipped,,USD,true
06_shopgoodwill_periodic_reports_aug2026.csv,924,SGW-2608-000344,2026-08-17T08:00:00-04:00,2026-08-18,shipped,,USD,true
06_shopgoodwill_periodic_reports_aug2026.csv,581,SGW-2608-000345,2026-08-11T08:00:00-04:00,2026-08-12,shipped,,USD,true
06_shopgoodwill_periodic_reports_aug2026.csv,1367,SGW-2608-000346,2026-08-25T08:00:00-04:00,2026-08-26,shipped,,USD,true
06_shopgoodwill_periodic_reports_aug2026.csv,1244,SGW-2608-000347,2026-08-23T08:00:00-04:00,2026-08-25,shipped,,USD,true
06_shopgoodwill_periodic_reports_aug2026.csv,976,SGW-2608-000348,2026-08-18T08:00:00-04:00,2026-08-19,shipped,,USD,true
06_shopgoodwill_periodic_reports_aug2026.csv,633,SGW-2608-000349,2026-08-12T08:00:00-04:00,,canceled_before_fulfillment,2026-08-21T21:00:00-04:00,USD,true
06_shopgoodwill_periodic_reports_aug2026.csv,1594,SGW-2608-000350,2026-08-29T08:00:00-04:00,,local_pickup,,USD,true
06_shopgoodwill_periodic_reports_aug2026.csv,1670,SGW-2608-000351,2026-08-30T08:00:00-04:00,,local_pickup,,USD,true
06_shopgoodwill_periodic_reports_aug2026.csv,685,SGW-2608-000352,2026-08-13T08:00:00-04:00,2026-08-17,shipped,,USD,true
06_shopgoodwill_periodic_reports_aug2026.csv,1245,SGW-2608-000353,2026-08-23T08:00:00-04:00,2026-08-25,shipped,,USD,true
06_shopgoodwill_periodic_reports_aug2026.csv,798,SGW-2608-000354,2026-08-15T08:00:00-04:00,2026-08-17,shipped,,USD,true
06_shopgoodwill_periodic_reports_aug2026.csv,1065,SGW-2608-000355,2026-08-20T08:00:00-04:00,2026-08-24,shipped,,USD,true
06_shopgoodwill_periodic_reports_aug2026.csv,66,SGW-2608-000356,2026-08-02T08:00:00-04:00,2026-08-03,shipped,,USD,true
06_shopgoodwill_periodic_reports_aug2026.csv,1474,SGW-2608-000357,2026-08-27T08:00:00-04:00,2026-08-28,shipped,,USD,true
06_shopgoodwill_periodic_reports_aug2026.csv,1671,SGW-2608-000358,2026-08-30T08:00:00-04:00,,pending_fulfillment,,USD,true
06_shopgoodwill_periodic_reports_aug2026.csv,301,SGW-2608-000359,2026-08-06T08:00:00-04:00,2026-08-10,shipped,,USD,true
06_shopgoodwill_periodic_reports_aug2026.csv,1595,SGW-2608-000360,2026-08-29T08:00:00-04:00,2026-08-31,shipped,,USD,true
06_shopgoodwill_periodic_reports_aug2026.csv,1017,SGW-2608-000361,2026-08-19T08:00:00-04:00,2026-08-24,shipped,,USD,true
06_shopgoodwill_periodic_reports_aug2026.csv,1066,SGW-2608-000362,2026-08-20T08:00:00-04:00,2026-08-21,shipped,,USD,true
06_shopgoodwill_periodic_reports_aug2026.csv,342,SGW-2608-000363,2026-08-07T08:00:00-04:00,2026-08-10,shipped,,USD,true
06_shopgoodwill_periodic_reports_aug2026.csv,1743,SGW-2608-000364,2026-08-31T08:00:00-04:00,,pending_fulfillment,,USD,true
06_shopgoodwill_periodic_reports_aug2026.csv,390,SGW-2608-000365,2026-08-08T08:00:00-04:00,2026-08-10,shipped,,USD,true
06_shopgoodwill_periodic_reports_aug2026.csv,252,SGW-2608-000366,2026-08-05T08:00:00-04:00,2026-08-07,shipped,,USD,true
06_shopgoodwill_periodic_reports_aug2026.csv,343,SGW-2608-000367,2026-08-07T08:00:00-04:00,2026-08-10,shipped,,USD,true
06_shopgoodwill_periodic_reports_aug2026.csv,183,SGW-2608-000368,2026-08-04T08:00:00-04:00,2026-08-06,shipped,,USD,true
06_shopgoodwill_periodic_reports_aug2026.csv,1532,SGW-2608-000369,2026-08-28T08:00:00-04:00,2026-08-31,shipped,,USD,true
06_shopgoodwill_periodic_reports_aug2026.csv,466,SGW-2608-000370,2026-08-09T08:00:00-04:00,2026-08-10,shipped,,USD,true
06_shopgoodwill_periodic_reports_aug2026.csv,1122,SGW-2608-000371,2026-08-21T08:00:00-04:00,2026-08-24,shipped,,USD,true
06_shopgoodwill_periodic_reports_aug2026.csv,1475,SGW-2608-000372,2026-08-27T08:00:00-04:00,2026-08-31,shipped,,USD,true
06_shopgoodwill_periodic_reports_aug2026.csv,184,SGW-2608-000373,2026-08-04T08:00:00-04:00,2026-08-06,shipped,,USD,true
06_shopgoodwill_periodic_reports_aug2026.csv,344,SGW-2608-000374,2026-08-07T08:00:00-04:00,2026-08-10,shipped,,USD,true
06_shopgoodwill_periodic_reports_aug2026.csv,1421,SGW-2608-000375,2026-08-26T08:00:00-04:00,2026-08-27,shipped,,USD,true
06_shopgoodwill_periodic_reports_aug2026.csv,67,SGW-2608-000376,2026-08-02T08:00:00-04:00,,canceled_before_fulfillment,2026-08-05T21:00:00-04:00,USD,true
06_shopgoodwill_periodic_reports_aug2026.csv,302,SGW-2608-000377,2026-08-06T08:00:00-04:00,2026-08-07,shipped,,USD,true
06_shopgoodwill_periodic_reports_aug2026.csv,534,SGW-2608-000378,2026-08-10T08:00:00-04:00,2026-08-12,shipped,,USD,true
06_shopgoodwill_periodic_reports_aug2026.csv,925,SGW-2608-000379,2026-08-17T08:00:00-04:00,2026-08-18,shipped,,USD,true
06_shopgoodwill_periodic_reports_aug2026.csv,185,SGW-2608-000380,2026-08-04T08:00:00-04:00,2026-08-06,shipped,,USD,true
06_shopgoodwill_periodic_reports_aug2026.csv,977,SGW-2608-000381,2026-08-18T08:00:00-04:00,2026-08-19,shipped,,USD,true
06_shopgoodwill_periodic_reports_aug2026.csv,1123,SGW-2608-000382,2026-08-21T08:00:00-04:00,2026-08-24,shipped,,USD,true
06_shopgoodwill_periodic_reports_aug2026.csv,582,SGW-2608-000383,2026-08-11T08:00:00-04:00,2026-08-14,shipped,,USD,true
06_shopgoodwill_periodic_reports_aug2026.csv,1315,SGW-2608-000384,2026-08-24T08:00:00-04:00,2026-08-25,shipped,,USD,true
06_shopgoodwill_periodic_reports_aug2026.csv,1018,SGW-2608-000385,2026-08-19T08:00:00-04:00,2026-08-20,shipped,,USD,true
06_shopgoodwill_periodic_reports_aug2026.csv,1368,SGW-2608-000386,2026-08-25T08:00:00-04:00,2026-08-26,shipped,,USD,true
06_shopgoodwill_periodic_reports_aug2026.csv,467,SGW-2608-000387,2026-08-09T08:00:00-04:00,2026-08-10,shipped,,USD,true
06_shopgoodwill_periodic_reports_aug2026.csv,345,SGW-2608-000388,2026-08-07T08:00:00-04:00,2026-08-10,shipped,,USD,true
06_shopgoodwill_periodic_reports_aug2026.csv,865,SGW-2608-000389,2026-08-16T08:00:00-04:00,2026-08-17,shipped,,USD,true
06_shopgoodwill_periodic_reports_aug2026.csv,1246,SGW-2608-000390,2026-08-23T08:00:00-04:00,2026-08-25,shipped,,USD,true
06_shopgoodwill_periodic_reports_aug2026.csv,926,SGW-2608-000391,2026-08-17T08:00:00-04:00,2026-08-18,shipped,,USD,true
06_shopgoodwill_periodic_reports_aug2026.csv,1744,SGW-2608-000392,2026-08-31T08:00:00-04:00,,pending_fulfillment,,USD,true
06_shopgoodwill_periodic_reports_aug2026.csv,1745,SGW-2608-000393,2026-08-31T08:00:00-04:00,,pending_fulfillment,,USD,true
06_shopgoodwill_periodic_reports_aug2026.csv,127,SGW-2608-000394,2026-08-03T08:00:00-04:00,2026-08-10,shipped,,USD,true
06_shopgoodwill_periodic_reports_aug2026.csv,1746,SGW-2608-000395,2026-08-31T08:00:00-04:00,,pending_fulfillment,,USD,true
06_shopgoodwill_periodic_reports_aug2026.csv,634,SGW-2608-000396,2026-08-12T08:00:00-04:00,2026-08-14,shipped,,USD,true
06_shopgoodwill_periodic_reports_aug2026.csv,1422,SGW-2608-000397,2026-08-26T08:00:00-04:00,,local_pickup,,USD,true
06_shopgoodwill_periodic_reports_aug2026.csv,346,SGW-2608-000398,2026-08-07T08:00:00-04:00,2026-08-10,shipped,,USD,true
06_shopgoodwill_periodic_reports_aug2026.csv,1180,SGW-2608-000399,2026-08-22T08:00:00-04:00,2026-08-24,shipped,,USD,true
06_shopgoodwill_periodic_reports_aug2026.csv,1124,SGW-2608-000400,2026-08-21T08:00:00-04:00,2026-08-24,shipped,,USD,true
06_shopgoodwill_periodic_reports_aug2026.csv,186,SGW-2608-000401,2026-08-04T08:00:00-04:00,2026-08-05,shipped,,USD,true
06_shopgoodwill_periodic_reports_aug2026.csv,468,SGW-2608-000402,2026-08-09T08:00:00-04:00,2026-08-10,shipped,,USD,true
06_shopgoodwill_periodic_reports_aug2026.csv,391,SGW-2608-000403,2026-08-08T08:00:00-04:00,2026-08-11,shipped,,USD,true
06_shopgoodwill_periodic_reports_aug2026.csv,1533,SGW-2608-000404,2026-08-28T08:00:00-04:00,2026-08-31,shipped,,USD,true
06_shopgoodwill_periodic_reports_aug2026.csv,469,SGW-2608-000405,2026-08-09T08:00:00-04:00,2026-08-11,shipped,,USD,true
06_shopgoodwill_periodic_reports_aug2026.csv,1534,SGW-2608-000406,2026-08-28T08:00:00-04:00,,pending_fulfillment,,USD,true
06_shopgoodwill_periodic_reports_aug2026.csv,68,SGW-2608-000407,2026-08-02T08:00:00-04:00,2026-08-03,shipped,,USD,true
06_shopgoodwill_periodic_reports_aug2026.csv,1369,SGW-2608-000408,2026-08-25T08:00:00-04:00,2026-08-27,shipped,,USD,true
06_shopgoodwill_periodic_reports_aug2026.csv,1747,SGW-2608-000409,2026-08-31T08:00:00-04:00,,pending_fulfillment,,USD,true
06_shopgoodwill_periodic_reports_aug2026.csv,1316,SGW-2608-000410,2026-08-24T08:00:00-04:00,2026-08-27,shipped,,USD,true
06_shopgoodwill_periodic_reports_aug2026.csv,1596,SGW-2608-000411,2026-08-29T08:00:00-04:00,,pending_fulfillment,,USD,true
06_shopgoodwill_periodic_reports_aug2026.csv,69,SGW-2608-000412,2026-08-02T08:00:00-04:00,2026-08-03,shipped,,USD,true
06_shopgoodwill_periodic_reports_aug2026.csv,347,SGW-2608-000413,2026-08-07T08:00:00-04:00,2026-08-10,shipped,2026-08-18T21:00:00-04:00,USD,true
06_shopgoodwill_periodic_reports_aug2026.csv,1019,SGW-2608-000414,2026-08-19T08:00:00-04:00,2026-08-20,shipped,,USD,true
06_shopgoodwill_periodic_reports_aug2026.csv,392,SGW-2608-000415,2026-08-08T08:00:00-04:00,,local_pickup,,USD,true
06_shopgoodwill_periodic_reports_aug2026.csv,1535,SGW-2608-000416,2026-08-28T08:00:00-04:00,2026-08-31,shipped,,USD,true
06_shopgoodwill_periodic_reports_aug2026.csv,1597,SGW-2608-000417,2026-08-29T08:00:00-04:00,2026-08-31,shipped,,USD,true
06_shopgoodwill_periodic_reports_aug2026.csv,686,SGW-2608-000418,2026-08-13T08:00:00-04:00,2026-08-14,shipped,,USD,true
06_shopgoodwill_periodic_reports_aug2026.csv,1476,SGW-2608-000419,2026-08-27T08:00:00-04:00,2026-08-31,shipped,,USD,true
06_shopgoodwill_periodic_reports_aug2026.csv,635,SGW-2608-000420,2026-08-12T08:00:00-04:00,2026-08-13,shipped,,USD,true
06_shopgoodwill_periodic_reports_aug2026.csv,734,SGW-2608-000421,2026-08-14T08:00:00-04:00,2026-08-17,shipped,,USD,true
06_shopgoodwill_periodic_reports_aug2026.csv,866,SGW-2608-000422,2026-08-16T08:00:00-04:00,2026-08-19,shipped,,USD,true
06_shopgoodwill_periodic_reports_aug2026.csv,11,SGW-2608-000423,2026-08-01T08:00:00-04:00,2026-08-03,shipped,,USD,true
06_shopgoodwill_periodic_reports_aug2026.csv,1672,SGW-2608-000424,2026-08-30T08:00:00-04:00,,pending_fulfillment,,USD,true
06_shopgoodwill_periodic_reports_aug2026.csv,687,SGW-2608-000425,2026-08-13T08:00:00-04:00,2026-08-14,shipped,,USD,true
06_shopgoodwill_periodic_reports_aug2026.csv,1317,SGW-2608-000426,2026-08-24T08:00:00-04:00,2026-08-25,shipped,,USD,true
06_shopgoodwill_periodic_reports_aug2026.csv,978,SGW-2608-000427,2026-08-18T08:00:00-04:00,2026-08-19,shipped,,USD,true
06_shopgoodwill_periodic_reports_aug2026.csv,535,SGW-2608-000428,2026-08-10T08:00:00-04:00,2026-08-13,shipped,,USD,true
06_shopgoodwill_periodic_reports_aug2026.csv,799,SGW-2608-000429,2026-08-15T08:00:00-04:00,2026-08-17,shipped,,USD,true
06_shopgoodwill_periodic_reports_aug2026.csv,867,SGW-2608-000430,2026-08-16T08:00:00-04:00,2026-08-17,shipped,,USD,true
06_shopgoodwill_periodic_reports_aug2026.csv,1536,SGW-2608-000431,2026-08-28T08:00:00-04:00,2026-08-31,shipped,,USD,true
06_shopgoodwill_periodic_reports_aug2026.csv,187,SGW-2608-000432,2026-08-04T08:00:00-04:00,2026-08-05,shipped,,USD,true
06_shopgoodwill_periodic_reports_aug2026.csv,393,SGW-2608-000433,2026-08-08T08:00:00-04:00,2026-08-10,shipped,,USD,true
06_shopgoodwill_periodic_reports_aug2026.csv,1067,SGW-2608-000434,2026-08-20T08:00:00-04:00,2026-08-21,shipped,,USD,true
06_shopgoodwill_periodic_reports_aug2026.csv,1423,SGW-2608-000435,2026-08-26T08:00:00-04:00,2026-08-27,shipped,,USD,true
06_shopgoodwill_periodic_reports_aug2026.csv,979,SGW-2608-000436,2026-08-18T08:00:00-04:00,2026-08-20,shipped,,USD,true
06_shopgoodwill_periodic_reports_aug2026.csv,800,SGW-2608-000437,2026-08-15T08:00:00-04:00,2026-08-17,shipped,,USD,true
06_shopgoodwill_periodic_reports_aug2026.csv,470,SGW-2608-000438,2026-08-09T08:00:00-04:00,2026-08-11,shipped,,USD,true
06_shopgoodwill_periodic_reports_aug2026.csv,1598,SGW-2608-000439,2026-08-29T08:00:00-04:00,2026-08-31,shipped,,USD,true
06_shopgoodwill_periodic_reports_aug2026.csv,128,SGW-2608-000440,2026-08-03T08:00:00-04:00,2026-08-06,shipped,,USD,true
06_shopgoodwill_periodic_reports_aug2026.csv,1020,SGW-2608-000441,2026-08-19T08:00:00-04:00,2026-08-20,shipped,,USD,true
06_shopgoodwill_periodic_reports_aug2026.csv,1599,SGW-2608-000442,2026-08-29T08:00:00-04:00,2026-08-31,shipped,,USD,true
06_shopgoodwill_periodic_reports_aug2026.csv,253,SGW-2608-000443,2026-08-05T08:00:00-04:00,,local_pickup,,USD,true
06_shopgoodwill_periodic_reports_aug2026.csv,1181,SGW-2608-000444,2026-08-22T08:00:00-04:00,2026-08-24,shipped,,USD,true
06_shopgoodwill_periodic_reports_aug2026.csv,927,SGW-2608-000445,2026-08-17T08:00:00-04:00,2026-08-19,shipped,,USD,true
06_shopgoodwill_periodic_reports_aug2026.csv,129,SGW-2608-000446,2026-08-03T08:00:00-04:00,2026-08-06,shipped,,USD,true
06_shopgoodwill_periodic_reports_aug2026.csv,928,SGW-2608-000447,2026-08-17T08:00:00-04:00,2026-08-18,shipped,,USD,true
06_shopgoodwill_periodic_reports_aug2026.csv,735,SGW-2608-000448,2026-08-14T08:00:00-04:00,2026-08-19,shipped,,USD,true
06_shopgoodwill_periodic_reports_aug2026.csv,1318,SGW-2608-000449,2026-08-24T08:00:00-04:00,,canceled_before_fulfillment,2026-08-29T21:00:00-04:00,USD,true
06_shopgoodwill_periodic_reports_aug2026.csv,929,SGW-2608-000450,2026-08-17T08:00:00-04:00,2026-08-19,shipped,,USD,true
06_shopgoodwill_periodic_reports_aug2026.csv,1424,SGW-2608-000451,2026-08-26T08:00:00-04:00,2026-08-27,shipped,,USD,true
06_shopgoodwill_periodic_reports_aug2026.csv,1125,SGW-2608-000452,2026-08-21T08:00:00-04:00,,local_pickup,,USD,true
06_shopgoodwill_periodic_reports_aug2026.csv,1126,SGW-2608-000453,2026-08-21T08:00:00-04:00,2026-08-24,shipped,,USD,true
06_shopgoodwill_periodic_reports_aug2026.csv,801,SGW-2608-000454,2026-08-15T08:00:00-04:00,2026-08-17,shipped,,USD,true
06_shopgoodwill_periodic_reports_aug2026.csv,1247,SGW-2608-000455,2026-08-23T08:00:00-04:00,2026-08-25,shipped,,USD,true
06_shopgoodwill_periodic_reports_aug2026.csv,188,SGW-2608-000456,2026-08-04T08:00:00-04:00,2026-08-05,shipped,,USD,true
06_shopgoodwill_periodic_reports_aug2026.csv,736,SGW-2608-000457,2026-08-14T08:00:00-04:00,2026-08-17,shipped,,USD,true
06_shopgoodwill_periodic_reports_aug2026.csv,189,SGW-2608-000458,2026-08-04T08:00:00-04:00,2026-08-10,shipped,,USD,true
06_shopgoodwill_periodic_reports_aug2026.csv,394,SGW-2608-000459,2026-08-08T08:00:00-04:00,2026-08-10,shipped,,USD,true
06_shopgoodwill_periodic_reports_aug2026.csv,980,SGW-2608-000460,2026-08-18T08:00:00-04:00,2026-08-21,shipped,,USD,true
06_shopgoodwill_periodic_reports_aug2026.csv,1748,SGW-2608-000461,2026-08-31T08:00:00-04:00,,pending_fulfillment,,USD,true
06_shopgoodwill_periodic_reports_aug2026.csv,254,SGW-2608-000462,2026-08-05T08:00:00-04:00,2026-08-06,shipped,,USD,true
06_shopgoodwill_periodic_reports_aug2026.csv,190,SGW-2608-000463,2026-08-04T08:00:00-04:00,2026-08-07,shipped,,USD,true
06_shopgoodwill_periodic_reports_aug2026.csv,536,SGW-2608-000464,2026-08-10T08:00:00-04:00,2026-08-11,shipped,,USD,true
06_shopgoodwill_periodic_reports_aug2026.csv,981,SGW-2608-000465,2026-08-18T08:00:00-04:00,2026-08-24,shipped,,USD,true
06_shopgoodwill_periodic_reports_aug2026.csv,303,SGW-2608-000466,2026-08-06T08:00:00-04:00,2026-08-10,shipped,,USD,true
06_shopgoodwill_periodic_reports_aug2026.csv,636,SGW-2608-000467,2026-08-12T08:00:00-04:00,2026-08-14,shipped,,USD,true
06_shopgoodwill_periodic_reports_aug2026.csv,868,SGW-2608-000468,2026-08-16T08:00:00-04:00,,local_pickup,,USD,true
06_shopgoodwill_periodic_reports_aug2026.csv,255,SGW-2608-000469,2026-08-05T08:00:00-04:00,2026-08-06,shipped,,USD,true
06_shopgoodwill_periodic_reports_aug2026.csv,1749,SGW-2608-000470,2026-08-31T08:00:00-04:00,,pending_fulfillment,2026-08-31T21:00:00-04:00,USD,true
06_shopgoodwill_periodic_reports_aug2026.csv,1127,SGW-2608-000471,2026-08-21T08:00:00-04:00,2026-08-24,shipped,,USD,true
06_shopgoodwill_periodic_reports_aug2026.csv,1673,SGW-2608-000472,2026-08-30T08:00:00-04:00,,pending_fulfillment,,USD,true
06_shopgoodwill_periodic_reports_aug2026.csv,802,SGW-2608-000473,2026-08-15T08:00:00-04:00,2026-08-17,shipped,,USD,true
06_shopgoodwill_periodic_reports_aug2026.csv,471,SGW-2608-000474,2026-08-09T08:00:00-04:00,2026-08-11,shipped,,USD,true
06_shopgoodwill_periodic_reports_aug2026.csv,982,SGW-2608-000475,2026-08-18T08:00:00-04:00,2026-08-19,shipped,,USD,true
06_shopgoodwill_periodic_reports_aug2026.csv,191,SGW-2608-000476,2026-08-04T08:00:00-04:00,2026-08-07,shipped,,USD,true
06_shopgoodwill_periodic_reports_aug2026.csv,1182,SGW-2608-000477,2026-08-22T08:00:00-04:00,2026-08-24,shipped,,USD,true
06_shopgoodwill_periodic_reports_aug2026.csv,256,SGW-2608-000478,2026-08-05T08:00:00-04:00,2026-08-06,shipped,,USD,true
06_shopgoodwill_periodic_reports_aug2026.csv,472,SGW-2608-000479,2026-08-09T08:00:00-04:00,2026-08-11,shipped,,USD,true
06_shopgoodwill_periodic_reports_aug2026.csv,473,SGW-2608-000480,2026-08-09T08:00:00-04:00,2026-08-14,shipped,,USD,true
06_shopgoodwill_periodic_reports_aug2026.csv,348,SGW-2608-000481,2026-08-07T08:00:00-04:00,2026-08-10,shipped,,USD,true
06_shopgoodwill_periodic_reports_aug2026.csv,583,SGW-2608-000482,2026-08-11T08:00:00-04:00,2026-08-13,shipped,,USD,true
06_shopgoodwill_periodic_reports_aug2026.csv,192,SGW-2608-000483,2026-08-04T08:00:00-04:00,2026-08-05,shipped,,USD,true
06_shopgoodwill_periodic_reports_aug2026.csv,1370,SGW-2608-000484,2026-08-25T08:00:00-04:00,2026-08-26,shipped,,USD,true
06_shopgoodwill_periodic_reports_aug2026.csv,395,SGW-2608-000485,2026-08-08T08:00:00-04:00,2026-08-10,shipped,,USD,true
06_shopgoodwill_periodic_reports_aug2026.csv,637,SGW-2608-000486,2026-08-12T08:00:00-04:00,2026-08-14,shipped,,USD,true
06_shopgoodwill_periodic_reports_aug2026.csv,396,SGW-2608-000487,2026-08-08T08:00:00-04:00,2026-08-10,shipped,,USD,true
06_shopgoodwill_periodic_reports_aug2026.csv,349,SGW-2608-000488,2026-08-07T08:00:00-04:00,2026-08-10,shipped,,USD,true
06_shopgoodwill_periodic_reports_aug2026.csv,1021,SGW-2608-000489,2026-08-19T08:00:00-04:00,2026-08-24,shipped,,USD,true
06_shopgoodwill_periodic_reports_aug2026.csv,1477,SGW-2608-000490,2026-08-27T08:00:00-04:00,,pending_fulfillment,,USD,true
06_shopgoodwill_periodic_reports_aug2026.csv,1248,SGW-2608-000491,2026-08-23T08:00:00-04:00,2026-08-28,shipped,,USD,true
06_shopgoodwill_periodic_reports_aug2026.csv,257,SGW-2608-000492,2026-08-05T08:00:00-04:00,2026-08-06,shipped,,USD,true
06_shopgoodwill_periodic_reports_aug2026.csv,1371,SGW-2608-000493,2026-08-25T08:00:00-04:00,2026-08-27,shipped,,USD,true
06_shopgoodwill_periodic_reports_aug2026.csv,1537,SGW-2608-000494,2026-08-28T08:00:00-04:00,2026-08-31,shipped,,USD,true
06_shopgoodwill_periodic_reports_aug2026.csv,12,SGW-2608-000495,2026-08-01T08:00:00-04:00,2026-08-03,shipped,,USD,true
06_shopgoodwill_periodic_reports_aug2026.csv,1425,SGW-2608-000496,2026-08-26T08:00:00-04:00,2026-08-31,shipped,,USD,true
06_shopgoodwill_periodic_reports_aug2026.csv,688,SGW-2608-000497,2026-08-13T08:00:00-04:00,2026-08-17,shipped,,USD,true
06_shopgoodwill_periodic_reports_aug2026.csv,1600,SGW-2608-000498,2026-08-29T08:00:00-04:00,,pending_fulfillment,2026-08-30T21:00:00-04:00,USD,true
06_shopgoodwill_periodic_reports_aug2026.csv,397,SGW-2608-000499,2026-08-08T08:00:00-04:00,2026-08-10,shipped,,USD,true
06_shopgoodwill_periodic_reports_aug2026.csv,130,SGW-2608-000500,2026-08-03T08:00:00-04:00,2026-08-05,shipped,,USD,true
06_shopgoodwill_periodic_reports_aug2026.csv,70,SGW-2608-000501,2026-08-02T08:00:00-04:00,2026-08-05,shipped,2026-08-07T21:00:00-04:00,USD,true
06_shopgoodwill_periodic_reports_aug2026.csv,193,SGW-2608-000502,2026-08-04T08:00:00-04:00,2026-08-06,shipped,,USD,true
06_shopgoodwill_periodic_reports_aug2026.csv,1319,SGW-2608-000503,2026-08-24T08:00:00-04:00,2026-08-25,shipped,,USD,true
06_shopgoodwill_periodic_reports_aug2026.csv,131,SGW-2608-000504,2026-08-03T08:00:00-04:00,2026-08-07,shipped,,USD,true
06_shopgoodwill_periodic_reports_aug2026.csv,1249,SGW-2608-000505,2026-08-23T08:00:00-04:00,2026-08-25,shipped,,USD,true
06_shopgoodwill_periodic_reports_aug2026.csv,194,SGW-2608-000506,2026-08-04T08:00:00-04:00,2026-08-06,shipped,,USD,true
06_shopgoodwill_periodic_reports_aug2026.csv,132,SGW-2608-000507,2026-08-03T08:00:00-04:00,2026-08-04,shipped,,USD,true
06_shopgoodwill_periodic_reports_aug2026.csv,258,SGW-2608-000508,2026-08-05T08:00:00-04:00,2026-08-10,shipped,,USD,true
06_shopgoodwill_periodic_reports_aug2026.csv,803,SGW-2608-000509,2026-08-15T08:00:00-04:00,,local_pickup,,USD,true
06_shopgoodwill_periodic_reports_aug2026.csv,1022,SGW-2608-000510,2026-08-19T08:00:00-04:00,2026-08-20,shipped,2026-08-21T21:00:00-04:00,USD,true
06_shopgoodwill_periodic_reports_aug2026.csv,71,SGW-2608-000511,2026-08-02T08:00:00-04:00,2026-08-03,shipped,,USD,true
06_shopgoodwill_periodic_reports_aug2026.csv,983,SGW-2608-000512,2026-08-18T08:00:00-04:00,2026-08-19,shipped,,USD,true
06_shopgoodwill_periodic_reports_aug2026.csv,474,SGW-2608-000513,2026-08-09T08:00:00-04:00,2026-08-13,shipped,,USD,true
06_shopgoodwill_periodic_reports_aug2026.csv,537,SGW-2608-000514,2026-08-10T08:00:00-04:00,2026-08-11,shipped,,USD,true
06_shopgoodwill_periodic_reports_aug2026.csv,1320,SGW-2608-000515,2026-08-24T08:00:00-04:00,2026-08-25,shipped,,USD,true
06_shopgoodwill_periodic_reports_aug2026.csv,398,SGW-2608-000516,2026-08-08T08:00:00-04:00,2026-08-10,shipped,,USD,true
06_shopgoodwill_periodic_reports_aug2026.csv,133,SGW-2608-000517,2026-08-03T08:00:00-04:00,2026-08-04,shipped,,USD,true
06_shopgoodwill_periodic_reports_aug2026.csv,1601,SGW-2608-000518,2026-08-29T08:00:00-04:00,2026-08-31,shipped,,USD,true
06_shopgoodwill_periodic_reports_aug2026.csv,1372,SGW-2608-000519,2026-08-25T08:00:00-04:00,,local_pickup,,USD,true
06_shopgoodwill_periodic_reports_aug2026.csv,538,SGW-2608-000520,2026-08-10T08:00:00-04:00,2026-08-12,shipped,,USD,true
06_shopgoodwill_periodic_reports_aug2026.csv,689,SGW-2608-000521,2026-08-13T08:00:00-04:00,2026-08-17,shipped,,USD,true
06_shopgoodwill_periodic_reports_aug2026.csv,13,SGW-2608-000522,2026-08-01T08:00:00-04:00,2026-08-04,shipped,,USD,true
06_shopgoodwill_periodic_reports_aug2026.csv,195,SGW-2608-000523,2026-08-04T08:00:00-04:00,2026-08-05,shipped,,USD,true
06_shopgoodwill_periodic_reports_aug2026.csv,1602,SGW-2608-000524,2026-08-29T08:00:00-04:00,2026-08-31,shipped,,USD,true
06_shopgoodwill_periodic_reports_aug2026.csv,1426,SGW-2608-000525,2026-08-26T08:00:00-04:00,2026-08-28,shipped,,USD,true
06_shopgoodwill_periodic_reports_aug2026.csv,14,SGW-2608-000526,2026-08-01T08:00:00-04:00,2026-08-03,shipped,,USD,true
06_shopgoodwill_periodic_reports_aug2026.csv,1373,SGW-2608-000527,2026-08-25T08:00:00-04:00,2026-08-27,shipped,,USD,true
06_shopgoodwill_periodic_reports_aug2026.csv,15,SGW-2608-000528,2026-08-01T08:00:00-04:00,2026-08-03,shipped,,USD,true
06_shopgoodwill_periodic_reports_aug2026.csv,930,SGW-2608-000529,2026-08-17T08:00:00-04:00,2026-08-18,shipped,,USD,true
06_shopgoodwill_periodic_reports_aug2026.csv,1750,SGW-2608-000530,2026-08-31T08:00:00-04:00,,pending_fulfillment,,USD,true
06_shopgoodwill_periodic_reports_aug2026.csv,259,SGW-2608-000531,2026-08-05T08:00:00-04:00,2026-08-10,shipped,,USD,true
06_shopgoodwill_periodic_reports_aug2026.csv,16,SGW-2608-000532,2026-08-01T08:00:00-04:00,2026-08-04,shipped,,USD,true
06_shopgoodwill_periodic_reports_aug2026.csv,1023,SGW-2608-000533,2026-08-19T08:00:00-04:00,2026-08-20,shipped,2026-08-30T21:00:00-04:00,USD,true
06_shopgoodwill_periodic_reports_aug2026.csv,1374,SGW-2608-000534,2026-08-25T08:00:00-04:00,2026-08-26,shipped,,USD,true
06_shopgoodwill_periodic_reports_aug2026.csv,304,SGW-2608-000535,2026-08-06T08:00:00-04:00,2026-08-07,shipped,,USD,true
06_shopgoodwill_periodic_reports_aug2026.csv,690,SGW-2608-000536,2026-08-13T08:00:00-04:00,2026-08-14,shipped,,USD,true
06_shopgoodwill_periodic_reports_aug2026.csv,584,SGW-2608-000537,2026-08-11T08:00:00-04:00,2026-08-12,shipped,,USD,true
06_shopgoodwill_periodic_reports_aug2026.csv,475,SGW-2608-000538,2026-08-09T08:00:00-04:00,2026-08-11,shipped,,USD,true
06_shopgoodwill_periodic_reports_aug2026.csv,931,SGW-2608-000539,2026-08-17T08:00:00-04:00,2026-08-19,shipped,,USD,true
06_shopgoodwill_periodic_reports_aug2026.csv,1751,SGW-2608-000540,2026-08-31T08:00:00-04:00,,pending_fulfillment,,USD,true
06_shopgoodwill_periodic_reports_aug2026.csv,1752,SGW-2608-000541,2026-08-31T08:00:00-04:00,,pending_fulfillment,,USD,true
06_shopgoodwill_periodic_reports_aug2026.csv,804,SGW-2608-000542,2026-08-15T08:00:00-04:00,2026-08-18,shipped,,USD,true
06_shopgoodwill_periodic_reports_aug2026.csv,134,SGW-2608-000543,2026-08-03T08:00:00-04:00,2026-08-04,shipped,,USD,true
06_shopgoodwill_periodic_reports_aug2026.csv,350,SGW-2608-000544,2026-08-07T08:00:00-04:00,2026-08-10,shipped,,USD,true
06_shopgoodwill_periodic_reports_aug2026.csv,1068,SGW-2608-000545,2026-08-20T08:00:00-04:00,2026-08-21,shipped,,USD,true
06_shopgoodwill_periodic_reports_aug2026.csv,1375,SGW-2608-000546,2026-08-25T08:00:00-04:00,2026-08-27,shipped,,USD,true
06_shopgoodwill_periodic_reports_aug2026.csv,1250,SGW-2608-000547,2026-08-23T08:00:00-04:00,2026-08-24,shipped,,USD,true
06_shopgoodwill_periodic_reports_aug2026.csv,1753,SGW-2608-000548,2026-08-31T08:00:00-04:00,,pending_fulfillment,,USD,true
06_shopgoodwill_periodic_reports_aug2026.csv,1183,SGW-2608-000549,2026-08-22T08:00:00-04:00,2026-08-24,shipped,,USD,true
06_shopgoodwill_periodic_reports_aug2026.csv,984,SGW-2608-000550,2026-08-18T08:00:00-04:00,2026-08-20,shipped,,USD,true
06_shopgoodwill_periodic_reports_aug2026.csv,196,SGW-2608-000551,2026-08-04T08:00:00-04:00,2026-08-05,shipped,,USD,true
06_shopgoodwill_periodic_reports_aug2026.csv,1427,SGW-2608-000552,2026-08-26T08:00:00-04:00,2026-08-31,shipped,,USD,true
06_shopgoodwill_periodic_reports_aug2026.csv,691,SGW-2608-000553,2026-08-13T08:00:00-04:00,2026-08-17,shipped,,USD,true
06_shopgoodwill_periodic_reports_aug2026.csv,476,SGW-2608-000554,2026-08-09T08:00:00-04:00,2026-08-10,shipped,,USD,true
06_shopgoodwill_periodic_reports_aug2026.csv,869,SGW-2608-000555,2026-08-16T08:00:00-04:00,2026-08-17,shipped,,USD,true
06_shopgoodwill_periodic_reports_aug2026.csv,1128,SGW-2608-000556,2026-08-21T08:00:00-04:00,2026-08-24,shipped,,USD,true
06_shopgoodwill_periodic_reports_aug2026.csv,1069,SGW-2608-000557,2026-08-20T08:00:00-04:00,2026-08-24,shipped,,USD,true
06_shopgoodwill_periodic_reports_aug2026.csv,305,SGW-2608-000558,2026-08-06T08:00:00-04:00,2026-08-10,shipped,,USD,true
06_shopgoodwill_periodic_reports_aug2026.csv,638,SGW-2608-000559,2026-08-12T08:00:00-04:00,2026-08-17,shipped,,USD,true
06_shopgoodwill_periodic_reports_aug2026.csv,985,SGW-2608-000560,2026-08-18T08:00:00-04:00,2026-08-19,shipped,,USD,true
06_shopgoodwill_periodic_reports_aug2026.csv,399,SGW-2608-000561,2026-08-08T08:00:00-04:00,2026-08-11,shipped,,USD,true
06_shopgoodwill_periodic_reports_aug2026.csv,870,SGW-2608-000562,2026-08-16T08:00:00-04:00,2026-08-18,shipped,,USD,true
06_shopgoodwill_periodic_reports_aug2026.csv,1376,SGW-2608-000563,2026-08-25T08:00:00-04:00,2026-08-27,shipped,,USD,true
06_shopgoodwill_periodic_reports_aug2026.csv,1251,SGW-2608-000564,2026-08-23T08:00:00-04:00,2026-08-25,shipped,,USD,true
06_shopgoodwill_periodic_reports_aug2026.csv,539,SGW-2608-000565,2026-08-10T08:00:00-04:00,2026-08-11,shipped,,USD,true
06_shopgoodwill_periodic_reports_aug2026.csv,1538,SGW-2608-000566,2026-08-28T08:00:00-04:00,,local_pickup,2026-08-30T21:00:00-04:00,USD,true
06_shopgoodwill_periodic_reports_aug2026.csv,1184,SGW-2608-000567,2026-08-22T08:00:00-04:00,2026-08-24,shipped,,USD,true
06_shopgoodwill_periodic_reports_aug2026.csv,1754,SGW-2608-000568,2026-08-31T08:00:00-04:00,,pending_fulfillment,,USD,true
06_shopgoodwill_periodic_reports_aug2026.csv,1377,SGW-2608-000569,2026-08-25T08:00:00-04:00,2026-08-31,shipped,,USD,true
06_shopgoodwill_periodic_reports_aug2026.csv,1378,SGW-2608-000570,2026-08-25T08:00:00-04:00,2026-08-26,shipped,,USD,true
06_shopgoodwill_periodic_reports_aug2026.csv,805,SGW-2608-000571,2026-08-15T08:00:00-04:00,2026-08-17,shipped,,USD,true
06_shopgoodwill_periodic_reports_aug2026.csv,400,SGW-2608-000572,2026-08-08T08:00:00-04:00,2026-08-10,shipped,,USD,true
06_shopgoodwill_periodic_reports_aug2026.csv,1024,SGW-2608-000573,2026-08-19T08:00:00-04:00,2026-08-20,shipped,,USD,true
06_shopgoodwill_periodic_reports_aug2026.csv,1674,SGW-2608-000574,2026-08-30T08:00:00-04:00,2026-08-31,shipped,,USD,true
06_shopgoodwill_periodic_reports_aug2026.csv,477,SGW-2608-000575,2026-08-09T08:00:00-04:00,2026-08-12,shipped,,USD,true
06_shopgoodwill_periodic_reports_aug2026.csv,1478,SGW-2608-000576,2026-08-27T08:00:00-04:00,2026-08-31,shipped,,USD,true
06_shopgoodwill_periodic_reports_aug2026.csv,1479,SGW-2608-000577,2026-08-27T08:00:00-04:00,2026-08-28,shipped,,USD,true
06_shopgoodwill_periodic_reports_aug2026.csv,306,SGW-2608-000578,2026-08-06T08:00:00-04:00,2026-08-10,shipped,2026-08-12T21:00:00-04:00,USD,true
06_shopgoodwill_periodic_reports_aug2026.csv,72,SGW-2608-000579,2026-08-02T08:00:00-04:00,2026-08-03,shipped,2026-08-11T21:00:00-04:00,USD,true
06_shopgoodwill_periodic_reports_aug2026.csv,1185,SGW-2608-000580,2026-08-22T08:00:00-04:00,2026-08-24,shipped,,USD,true
06_shopgoodwill_periodic_reports_aug2026.csv,1186,SGW-2608-000581,2026-08-22T08:00:00-04:00,2026-08-24,shipped,,USD,true
06_shopgoodwill_periodic_reports_aug2026.csv,1428,SGW-2608-000582,2026-08-26T08:00:00-04:00,2026-08-27,shipped,,USD,true
06_shopgoodwill_periodic_reports_aug2026.csv,932,SGW-2608-000583,2026-08-17T08:00:00-04:00,2026-08-19,shipped,,USD,true
06_shopgoodwill_periodic_reports_aug2026.csv,1252,SGW-2608-000584,2026-08-23T08:00:00-04:00,2026-08-24,shipped,,USD,true
06_shopgoodwill_periodic_reports_aug2026.csv,1539,SGW-2608-000585,2026-08-28T08:00:00-04:00,2026-08-31,shipped,,USD,true
06_shopgoodwill_periodic_reports_aug2026.csv,478,SGW-2608-000586,2026-08-09T08:00:00-04:00,2026-08-11,shipped,,USD,true
06_shopgoodwill_periodic_reports_aug2026.csv,307,SGW-2608-000587,2026-08-06T08:00:00-04:00,2026-08-07,shipped,,USD,true
06_shopgoodwill_periodic_reports_aug2026.csv,737,SGW-2608-000588,2026-08-14T08:00:00-04:00,2026-08-19,shipped,,USD,true
06_shopgoodwill_periodic_reports_aug2026.csv,1675,SGW-2608-000589,2026-08-30T08:00:00-04:00,2026-08-31,shipped,,USD,true
06_shopgoodwill_periodic_reports_aug2026.csv,806,SGW-2608-000590,2026-08-15T08:00:00-04:00,2026-08-17,shipped,,USD,true
06_shopgoodwill_periodic_reports_aug2026.csv,807,SGW-2608-000591,2026-08-15T08:00:00-04:00,2026-08-17,shipped,,USD,true
06_shopgoodwill_periodic_reports_aug2026.csv,1187,SGW-2608-000592,2026-08-22T08:00:00-04:00,2026-08-24,shipped,,USD,true
06_shopgoodwill_periodic_reports_aug2026.csv,639,SGW-2608-000593,2026-08-12T08:00:00-04:00,2026-08-13,shipped,,USD,true
06_shopgoodwill_periodic_reports_aug2026.csv,479,SGW-2608-000594,2026-08-09T08:00:00-04:00,2026-08-12,shipped,,USD,true
06_shopgoodwill_periodic_reports_aug2026.csv,1603,SGW-2608-000595,2026-08-29T08:00:00-04:00,2026-08-31,shipped,,USD,true
06_shopgoodwill_periodic_reports_aug2026.csv,1755,SGW-2608-000596,2026-08-31T08:00:00-04:00,,pending_fulfillment,,USD,true
06_shopgoodwill_periodic_reports_aug2026.csv,692,SGW-2608-000597,2026-08-13T08:00:00-04:00,2026-08-14,shipped,,USD,true
06_shopgoodwill_periodic_reports_aug2026.csv,135,SGW-2608-000598,2026-08-03T08:00:00-04:00,2026-08-06,shipped,,USD,true
06_shopgoodwill_periodic_reports_aug2026.csv,540,SGW-2608-000599,2026-08-10T08:00:00-04:00,,local_pickup,,USD,true
06_shopgoodwill_periodic_reports_aug2026.csv,640,SGW-2608-000600,2026-08-12T08:00:00-04:00,2026-08-14,shipped,,USD,true
06_shopgoodwill_periodic_reports_aug2026.csv,1676,SGW-2608-000601,2026-08-30T08:00:00-04:00,,pending_fulfillment,,USD,true
06_shopgoodwill_periodic_reports_aug2026.csv,1379,SGW-2608-000602,2026-08-25T08:00:00-04:00,2026-08-27,shipped,,USD,true
06_shopgoodwill_periodic_reports_aug2026.csv,351,SGW-2608-000603,2026-08-07T08:00:00-04:00,2026-08-10,shipped,,USD,true
06_shopgoodwill_periodic_reports_aug2026.csv,480,SGW-2608-000604,2026-08-09T08:00:00-04:00,2026-08-10,shipped,,USD,true
06_shopgoodwill_periodic_reports_aug2026.csv,1677,SGW-2608-000605,2026-08-30T08:00:00-04:00,2026-08-31,shipped,,USD,true
06_shopgoodwill_periodic_reports_aug2026.csv,197,SGW-2608-000606,2026-08-04T08:00:00-04:00,2026-08-05,shipped,,USD,true
06_shopgoodwill_periodic_reports_aug2026.csv,136,SGW-2608-000607,2026-08-03T08:00:00-04:00,2026-08-05,shipped,,USD,true
06_shopgoodwill_periodic_reports_aug2026.csv,1429,SGW-2608-000608,2026-08-26T08:00:00-04:00,2026-08-28,shipped,,USD,true
06_shopgoodwill_periodic_reports_aug2026.csv,585,SGW-2608-000609,2026-08-11T08:00:00-04:00,2026-08-14,shipped,,USD,true
06_shopgoodwill_periodic_reports_aug2026.csv,1253,SGW-2608-000610,2026-08-23T08:00:00-04:00,2026-08-24,shipped,,USD,true
06_shopgoodwill_periodic_reports_aug2026.csv,871,SGW-2608-000611,2026-08-16T08:00:00-04:00,2026-08-17,shipped,,USD,true
06_shopgoodwill_periodic_reports_aug2026.csv,1070,SGW-2608-000612,2026-08-20T08:00:00-04:00,2026-08-21,shipped,,USD,true
06_shopgoodwill_periodic_reports_aug2026.csv,1678,SGW-2608-000613,2026-08-30T08:00:00-04:00,2026-08-31,shipped,,USD,true
06_shopgoodwill_periodic_reports_aug2026.csv,1380,SGW-2608-000614,2026-08-25T08:00:00-04:00,2026-08-31,shipped,,USD,true
06_shopgoodwill_periodic_reports_aug2026.csv,1254,SGW-2608-000615,2026-08-23T08:00:00-04:00,2026-08-24,shipped,,USD,true
06_shopgoodwill_periodic_reports_aug2026.csv,1679,SGW-2608-000616,2026-08-30T08:00:00-04:00,2026-08-31,shipped,,USD,true
06_shopgoodwill_periodic_reports_aug2026.csv,693,SGW-2608-000617,2026-08-13T08:00:00-04:00,2026-08-17,shipped,,USD,true
06_shopgoodwill_periodic_reports_aug2026.csv,641,SGW-2608-000618,2026-08-12T08:00:00-04:00,2026-08-13,shipped,,USD,true
06_shopgoodwill_periodic_reports_aug2026.csv,642,SGW-2608-000619,2026-08-12T08:00:00-04:00,2026-08-13,shipped,2026-08-18T21:00:00-04:00,USD,true
06_shopgoodwill_periodic_reports_aug2026.csv,401,SGW-2608-000620,2026-08-08T08:00:00-04:00,2026-08-10,shipped,,USD,true
06_shopgoodwill_periodic_reports_aug2026.csv,198,SGW-2608-000621,2026-08-04T08:00:00-04:00,2026-08-05,shipped,,USD,true
06_shopgoodwill_periodic_reports_aug2026.csv,260,SGW-2608-000622,2026-08-05T08:00:00-04:00,2026-08-06,shipped,,USD,true
06_shopgoodwill_periodic_reports_aug2026.csv,199,SGW-2608-000623,2026-08-04T08:00:00-04:00,2026-08-10,shipped,,USD,true
06_shopgoodwill_periodic_reports_aug2026.csv,261,SGW-2608-000624,2026-08-05T08:00:00-04:00,2026-08-10,shipped,,USD,true
06_shopgoodwill_periodic_reports_aug2026.csv,643,SGW-2608-000625,2026-08-12T08:00:00-04:00,2026-08-14,shipped,,USD,true
06_shopgoodwill_periodic_reports_aug2026.csv,1604,SGW-2608-000626,2026-08-29T08:00:00-04:00,2026-08-31,shipped,,USD,true
06_shopgoodwill_periodic_reports_aug2026.csv,402,SGW-2608-000627,2026-08-08T08:00:00-04:00,2026-08-10,shipped,,USD,true
06_shopgoodwill_periodic_reports_aug2026.csv,17,SGW-2608-000628,2026-08-01T08:00:00-04:00,2026-08-03,shipped,,USD,true
06_shopgoodwill_periodic_reports_aug2026.csv,1430,SGW-2608-000629,2026-08-26T08:00:00-04:00,2026-08-27,shipped,,USD,true
06_shopgoodwill_periodic_reports_aug2026.csv,586,SGW-2608-000630,2026-08-11T08:00:00-04:00,,local_pickup,,USD,true
06_shopgoodwill_periodic_reports_aug2026.csv,872,SGW-2608-000631,2026-08-16T08:00:00-04:00,2026-08-17,shipped,2026-08-17T21:00:00-04:00,USD,true
06_shopgoodwill_periodic_reports_aug2026.csv,137,SGW-2608-000632,2026-08-03T08:00:00-04:00,,local_pickup,2026-08-06T21:00:00-04:00,USD,true
06_shopgoodwill_periodic_reports_aug2026.csv,1255,SGW-2608-000633,2026-08-23T08:00:00-04:00,2026-08-24,shipped,,USD,true
06_shopgoodwill_periodic_reports_aug2026.csv,1071,SGW-2608-000634,2026-08-20T08:00:00-04:00,,local_pickup,,USD,true
06_shopgoodwill_periodic_reports_aug2026.csv,1540,SGW-2608-000635,2026-08-28T08:00:00-04:00,,local_pickup,,USD,true
06_shopgoodwill_periodic_reports_aug2026.csv,1321,SGW-2608-000636,2026-08-24T08:00:00-04:00,2026-08-25,shipped,,USD,true
06_shopgoodwill_periodic_reports_aug2026.csv,873,SGW-2608-000637,2026-08-16T08:00:00-04:00,2026-08-18,shipped,,USD,true
06_shopgoodwill_periodic_reports_aug2026.csv,874,SGW-2608-000638,2026-08-16T08:00:00-04:00,2026-08-20,shipped,,USD,true
06_shopgoodwill_periodic_reports_aug2026.csv,1256,SGW-2608-000639,2026-08-23T08:00:00-04:00,2026-08-24,shipped,,USD,true
06_shopgoodwill_periodic_reports_aug2026.csv,1025,SGW-2608-000640,2026-08-19T08:00:00-04:00,2026-08-20,shipped,,USD,true
06_shopgoodwill_periodic_reports_aug2026.csv,694,SGW-2608-000641,2026-08-13T08:00:00-04:00,2026-08-17,shipped,,USD,true
06_shopgoodwill_periodic_reports_aug2026.csv,138,SGW-2608-000642,2026-08-03T08:00:00-04:00,,canceled_before_fulfillment,2026-08-06T21:00:00-04:00,USD,true
06_shopgoodwill_periodic_reports_aug2026.csv,587,SGW-2608-000643,2026-08-11T08:00:00-04:00,2026-08-12,shipped,,USD,true
06_shopgoodwill_periodic_reports_aug2026.csv,644,SGW-2608-000644,2026-08-12T08:00:00-04:00,,local_pickup,,USD,true
06_shopgoodwill_periodic_reports_aug2026.csv,139,SGW-2608-000645,2026-08-03T08:00:00-04:00,2026-08-05,shipped,,USD,true
06_shopgoodwill_periodic_reports_aug2026.csv,1072,SGW-2608-000646,2026-08-20T08:00:00-04:00,2026-08-21,shipped,,USD,true
06_shopgoodwill_periodic_reports_aug2026.csv,18,SGW-2608-000647,2026-08-01T08:00:00-04:00,2026-08-04,shipped,,USD,true
06_shopgoodwill_periodic_reports_aug2026.csv,808,SGW-2608-000648,2026-08-15T08:00:00-04:00,2026-08-18,shipped,,USD,true
06_shopgoodwill_periodic_reports_aug2026.csv,1257,SGW-2608-000649,2026-08-23T08:00:00-04:00,2026-08-25,shipped,,USD,true
06_shopgoodwill_periodic_reports_aug2026.csv,809,SGW-2608-000650,2026-08-15T08:00:00-04:00,2026-08-17,shipped,,USD,true
06_shopgoodwill_periodic_reports_aug2026.csv,933,SGW-2608-000651,2026-08-17T08:00:00-04:00,2026-08-18,shipped,,USD,true
06_shopgoodwill_periodic_reports_aug2026.csv,1258,SGW-2608-000652,2026-08-23T08:00:00-04:00,,local_pickup,,USD,true
06_shopgoodwill_periodic_reports_aug2026.csv,986,SGW-2608-000653,2026-08-18T08:00:00-04:00,2026-08-24,shipped,,USD,true
06_shopgoodwill_periodic_reports_aug2026.csv,19,SGW-2608-000654,2026-08-01T08:00:00-04:00,2026-08-03,shipped,,USD,true
06_shopgoodwill_periodic_reports_aug2026.csv,1756,SGW-2608-000655,2026-08-31T08:00:00-04:00,,pending_fulfillment,,USD,true
06_shopgoodwill_periodic_reports_aug2026.csv,810,SGW-2608-000656,2026-08-15T08:00:00-04:00,2026-08-17,shipped,,USD,true
06_shopgoodwill_periodic_reports_aug2026.csv,1605,SGW-2608-000657,2026-08-29T08:00:00-04:00,2026-08-31,shipped,,USD,true
06_shopgoodwill_periodic_reports_aug2026.csv,1322,SGW-2608-000658,2026-08-24T08:00:00-04:00,2026-08-25,shipped,,USD,true
06_shopgoodwill_periodic_reports_aug2026.csv,1129,SGW-2608-000659,2026-08-21T08:00:00-04:00,2026-08-24,shipped,,USD,true
06_shopgoodwill_periodic_reports_aug2026.csv,262,SGW-2608-000660,2026-08-05T08:00:00-04:00,2026-08-07,shipped,,USD,true
06_shopgoodwill_periodic_reports_aug2026.csv,1323,SGW-2608-000661,2026-08-24T08:00:00-04:00,2026-08-28,shipped,,USD,true
06_shopgoodwill_periodic_reports_aug2026.csv,934,SGW-2608-000662,2026-08-17T08:00:00-04:00,2026-08-18,shipped,,USD,true
06_shopgoodwill_periodic_reports_aug2026.csv,481,SGW-2608-000663,2026-08-09T08:00:00-04:00,2026-08-10,shipped,,USD,true
06_shopgoodwill_periodic_reports_aug2026.csv,811,SGW-2608-000664,2026-08-15T08:00:00-04:00,2026-08-17,shipped,,USD,true
06_shopgoodwill_periodic_reports_aug2026.csv,987,SGW-2608-000665,2026-08-18T08:00:00-04:00,,local_pickup,,USD,true
06_shopgoodwill_periodic_reports_aug2026.csv,20,SGW-2608-000666,2026-08-01T08:00:00-04:00,2026-08-05,shipped,,USD,true
06_shopgoodwill_periodic_reports_aug2026.csv,1188,SGW-2608-000667,2026-08-22T08:00:00-04:00,2026-08-24,shipped,,USD,true
06_shopgoodwill_periodic_reports_aug2026.csv,1606,SGW-2608-000668,2026-08-29T08:00:00-04:00,2026-08-31,shipped,,USD,true
06_shopgoodwill_periodic_reports_aug2026.csv,1026,SGW-2608-000669,2026-08-19T08:00:00-04:00,2026-08-20,shipped,,USD,true
06_shopgoodwill_periodic_reports_aug2026.csv,1381,SGW-2608-000670,2026-08-25T08:00:00-04:00,2026-08-27,shipped,,USD,true
06_shopgoodwill_periodic_reports_aug2026.csv,200,SGW-2608-000671,2026-08-04T08:00:00-04:00,2026-08-07,shipped,,USD,true
06_shopgoodwill_periodic_reports_aug2026.csv,1189,SGW-2608-000672,2026-08-22T08:00:00-04:00,2026-08-24,shipped,,USD,true
06_shopgoodwill_periodic_reports_aug2026.csv,482,SGW-2608-000673,2026-08-09T08:00:00-04:00,2026-08-10,shipped,,USD,true
06_shopgoodwill_periodic_reports_aug2026.csv,352,SGW-2608-000674,2026-08-07T08:00:00-04:00,2026-08-10,shipped,,USD,true
06_shopgoodwill_periodic_reports_aug2026.csv,308,SGW-2608-000675,2026-08-06T08:00:00-04:00,2026-08-10,shipped,,USD,true
06_shopgoodwill_periodic_reports_aug2026.csv,738,SGW-2608-000676,2026-08-14T08:00:00-04:00,2026-08-17,shipped,,USD,true
06_shopgoodwill_periodic_reports_aug2026.csv,1431,SGW-2608-000677,2026-08-26T08:00:00-04:00,2026-08-31,shipped,,USD,true
06_shopgoodwill_periodic_reports_aug2026.csv,1382,SGW-2608-000678,2026-08-25T08:00:00-04:00,2026-08-28,shipped,,USD,true
06_shopgoodwill_periodic_reports_aug2026.csv,1259,SGW-2608-000679,2026-08-23T08:00:00-04:00,2026-08-25,shipped,,USD,true
06_shopgoodwill_periodic_reports_aug2026.csv,935,SGW-2608-000680,2026-08-17T08:00:00-04:00,2026-08-19,shipped,,USD,true
06_shopgoodwill_periodic_reports_aug2026.csv,1383,SGW-2608-000681,2026-08-25T08:00:00-04:00,2026-08-26,shipped,,USD,true
06_shopgoodwill_periodic_reports_aug2026.csv,541,SGW-2608-000682,2026-08-10T08:00:00-04:00,2026-08-11,shipped,,USD,true
06_shopgoodwill_periodic_reports_aug2026.csv,695,SGW-2608-000683,2026-08-13T08:00:00-04:00,2026-08-14,shipped,,USD,true
06_shopgoodwill_periodic_reports_aug2026.csv,73,SGW-2608-000684,2026-08-02T08:00:00-04:00,2026-08-04,shipped,,USD,true
06_shopgoodwill_periodic_reports_aug2026.csv,1757,SGW-2608-000685,2026-08-31T08:00:00-04:00,,local_pickup,,USD,true
06_shopgoodwill_periodic_reports_aug2026.csv,1027,SGW-2608-000686,2026-08-19T08:00:00-04:00,2026-08-20,shipped,,USD,true
06_shopgoodwill_periodic_reports_aug2026.csv,1324,SGW-2608-000687,2026-08-24T08:00:00-04:00,2026-08-26,shipped,,USD,true
06_shopgoodwill_periodic_reports_aug2026.csv,483,SGW-2608-000688,2026-08-09T08:00:00-04:00,2026-08-10,shipped,,USD,true
06_shopgoodwill_periodic_reports_aug2026.csv,812,SGW-2608-000689,2026-08-15T08:00:00-04:00,2026-08-17,shipped,,USD,true
06_shopgoodwill_periodic_reports_aug2026.csv,1260,SGW-2608-000690,2026-08-23T08:00:00-04:00,2026-08-24,shipped,,USD,true
06_shopgoodwill_periodic_reports_aug2026.csv,1680,SGW-2608-000691,2026-08-30T08:00:00-04:00,2026-08-31,shipped,,USD,true
06_shopgoodwill_periodic_reports_aug2026.csv,1758,SGW-2608-000692,2026-08-31T08:00:00-04:00,,pending_fulfillment,,USD,true
06_shopgoodwill_periodic_reports_aug2026.csv,1028,SGW-2608-000693,2026-08-19T08:00:00-04:00,2026-08-20,shipped,,USD,true
06_shopgoodwill_periodic_reports_aug2026.csv,1325,SGW-2608-000694,2026-08-24T08:00:00-04:00,,canceled_before_fulfillment,2026-08-27T21:00:00-04:00,USD,true
06_shopgoodwill_periodic_reports_aug2026.csv,875,SGW-2608-000695,2026-08-16T08:00:00-04:00,2026-08-17,shipped,,USD,true
06_shopgoodwill_periodic_reports_aug2026.csv,263,SGW-2608-000696,2026-08-05T08:00:00-04:00,2026-08-10,shipped,,USD,true
06_shopgoodwill_periodic_reports_aug2026.csv,484,SGW-2608-000697,2026-08-09T08:00:00-04:00,2026-08-11,shipped,,USD,true
06_shopgoodwill_periodic_reports_aug2026.csv,1681,SGW-2608-000698,2026-08-30T08:00:00-04:00,,pending_fulfillment,,USD,true
06_shopgoodwill_periodic_reports_aug2026.csv,1384,SGW-2608-000699,2026-08-25T08:00:00-04:00,2026-08-27,shipped,,USD,true
06_shopgoodwill_periodic_reports_aug2026.csv,1261,SGW-2608-000700,2026-08-23T08:00:00-04:00,2026-08-25,shipped,,USD,true
06_shopgoodwill_periodic_reports_aug2026.csv,588,SGW-2608-000701,2026-08-11T08:00:00-04:00,2026-08-13,shipped,,USD,true
06_shopgoodwill_periodic_reports_aug2026.csv,1607,SGW-2608-000702,2026-08-29T08:00:00-04:00,2026-08-31,shipped,,USD,true
06_shopgoodwill_periodic_reports_aug2026.csv,403,SGW-2608-000703,2026-08-08T08:00:00-04:00,2026-08-10,shipped,,USD,true
06_shopgoodwill_periodic_reports_aug2026.csv,21,SGW-2608-000704,2026-08-01T08:00:00-04:00,2026-08-03,shipped,,USD,true
06_shopgoodwill_periodic_reports_aug2026.csv,589,SGW-2608-000705,2026-08-11T08:00:00-04:00,2026-08-12,shipped,,USD,true
06_shopgoodwill_periodic_reports_aug2026.csv,1541,SGW-2608-000706,2026-08-28T08:00:00-04:00,2026-08-31,shipped,,USD,true
06_shopgoodwill_periodic_reports_aug2026.csv,936,SGW-2608-000707,2026-08-17T08:00:00-04:00,2026-08-19,shipped,,USD,true
06_shopgoodwill_periodic_reports_aug2026.csv,1682,SGW-2608-000708,2026-08-30T08:00:00-04:00,2026-08-31,shipped,,USD,true
06_shopgoodwill_periodic_reports_aug2026.csv,1190,SGW-2608-000709,2026-08-22T08:00:00-04:00,2026-08-24,shipped,,USD,true
06_shopgoodwill_periodic_reports_aug2026.csv,485,SGW-2608-000710,2026-08-09T08:00:00-04:00,2026-08-10,shipped,,USD,true
06_shopgoodwill_periodic_reports_aug2026.csv,739,SGW-2608-000711,2026-08-14T08:00:00-04:00,2026-08-17,shipped,2026-08-24T21:00:00-04:00,USD,true
06_shopgoodwill_periodic_reports_aug2026.csv,645,SGW-2608-000712,2026-08-12T08:00:00-04:00,2026-08-17,shipped,,USD,true
06_shopgoodwill_periodic_reports_aug2026.csv,486,SGW-2608-000713,2026-08-09T08:00:00-04:00,2026-08-11,shipped,,USD,true
06_shopgoodwill_periodic_reports_aug2026.csv,740,SGW-2608-000714,2026-08-14T08:00:00-04:00,2026-08-17,shipped,,USD,true
06_shopgoodwill_periodic_reports_aug2026.csv,813,SGW-2608-000715,2026-08-15T08:00:00-04:00,2026-08-17,shipped,,USD,true
06_shopgoodwill_periodic_reports_aug2026.csv,741,SGW-2608-000716,2026-08-14T08:00:00-04:00,2026-08-17,shipped,,USD,true
06_shopgoodwill_periodic_reports_aug2026.csv,937,SGW-2608-000717,2026-08-17T08:00:00-04:00,2026-08-24,shipped,,USD,true
06_shopgoodwill_periodic_reports_aug2026.csv,353,SGW-2608-000718,2026-08-07T08:00:00-04:00,,local_pickup,,USD,true
06_shopgoodwill_periodic_reports_aug2026.csv,22,SGW-2608-000719,2026-08-01T08:00:00-04:00,2026-08-03,shipped,,USD,true
06_shopgoodwill_periodic_reports_aug2026.csv,1759,SGW-2608-000720,2026-08-31T08:00:00-04:00,,pending_fulfillment,,USD,true
06_shopgoodwill_periodic_reports_aug2026.csv,404,SGW-2608-000721,2026-08-08T08:00:00-04:00,,local_pickup,,USD,true
06_shopgoodwill_periodic_reports_aug2026.csv,1542,SGW-2608-000722,2026-08-28T08:00:00-04:00,2026-08-31,shipped,,USD,true
06_shopgoodwill_periodic_reports_aug2026.csv,646,SGW-2608-000723,2026-08-12T08:00:00-04:00,2026-08-13,shipped,,USD,true
06_shopgoodwill_periodic_reports_aug2026.csv,1029,SGW-2608-000724,2026-08-19T08:00:00-04:00,2026-08-24,shipped,,USD,true
06_shopgoodwill_periodic_reports_aug2026.csv,814,SGW-2608-000725,2026-08-15T08:00:00-04:00,2026-08-19,shipped,,USD,true
06_shopgoodwill_periodic_reports_aug2026.csv,264,SGW-2608-000726,2026-08-05T08:00:00-04:00,2026-08-07,shipped,,USD,true
06_shopgoodwill_periodic_reports_aug2026.csv,1432,SGW-2608-000727,2026-08-26T08:00:00-04:00,2026-08-31,shipped,,USD,true
06_shopgoodwill_periodic_reports_aug2026.csv,742,SGW-2608-000728,2026-08-14T08:00:00-04:00,2026-08-17,shipped,,USD,true
06_shopgoodwill_periodic_reports_aug2026.csv,1433,SGW-2608-000729,2026-08-26T08:00:00-04:00,2026-08-27,shipped,,USD,true
06_shopgoodwill_periodic_reports_aug2026.csv,23,SGW-2608-000730,2026-08-01T08:00:00-04:00,2026-08-03,shipped,,USD,true
06_shopgoodwill_periodic_reports_aug2026.csv,1130,SGW-2608-000731,2026-08-21T08:00:00-04:00,2026-08-26,shipped,,USD,true
06_shopgoodwill_periodic_reports_aug2026.csv,140,SGW-2608-000732,2026-08-03T08:00:00-04:00,2026-08-05,shipped,,USD,true
06_shopgoodwill_periodic_reports_aug2026.csv,201,SGW-2608-000733,2026-08-04T08:00:00-04:00,2026-08-06,shipped,,USD,true
06_shopgoodwill_periodic_reports_aug2026.csv,1608,SGW-2608-000734,2026-08-29T08:00:00-04:00,2026-08-31,shipped,,USD,true
06_shopgoodwill_periodic_reports_aug2026.csv,1609,SGW-2608-000735,2026-08-29T08:00:00-04:00,2026-08-31,shipped,,USD,true
06_shopgoodwill_periodic_reports_aug2026.csv,1131,SGW-2608-000736,2026-08-21T08:00:00-04:00,2026-08-24,shipped,,USD,true
06_shopgoodwill_periodic_reports_aug2026.csv,1543,SGW-2608-000737,2026-08-28T08:00:00-04:00,2026-08-31,shipped,,USD,true
06_shopgoodwill_periodic_reports_aug2026.csv,1480,SGW-2608-000738,2026-08-27T08:00:00-04:00,2026-08-31,shipped,,USD,true
06_shopgoodwill_periodic_reports_aug2026.csv,405,SGW-2608-000739,2026-08-08T08:00:00-04:00,2026-08-10,shipped,,USD,true
06_shopgoodwill_periodic_reports_aug2026.csv,1132,SGW-2608-000740,2026-08-21T08:00:00-04:00,2026-08-24,shipped,,USD,true
06_shopgoodwill_periodic_reports_aug2026.csv,1133,SGW-2608-000741,2026-08-21T08:00:00-04:00,2026-08-24,shipped,,USD,true
06_shopgoodwill_periodic_reports_aug2026.csv,876,SGW-2608-000742,2026-08-16T08:00:00-04:00,2026-08-18,shipped,,USD,true
06_shopgoodwill_periodic_reports_aug2026.csv,202,SGW-2608-000743,2026-08-04T08:00:00-04:00,2026-08-05,shipped,,USD,true
06_shopgoodwill_periodic_reports_aug2026.csv,354,SGW-2608-000744,2026-08-07T08:00:00-04:00,2026-08-10,shipped,,USD,true
06_shopgoodwill_periodic_reports_aug2026.csv,309,SGW-2608-000745,2026-08-06T08:00:00-04:00,2026-08-07,shipped,,USD,true
06_shopgoodwill_periodic_reports_aug2026.csv,743,SGW-2608-000746,2026-08-14T08:00:00-04:00,2026-08-17,shipped,,USD,true
06_shopgoodwill_periodic_reports_aug2026.csv,74,SGW-2608-000747,2026-08-02T08:00:00-04:00,2026-08-03,shipped,,USD,true
06_shopgoodwill_periodic_reports_aug2026.csv,1030,SGW-2608-000748,2026-08-19T08:00:00-04:00,2026-08-20,shipped,,USD,true
06_shopgoodwill_periodic_reports_aug2026.csv,406,SGW-2608-000749,2026-08-08T08:00:00-04:00,2026-08-10,shipped,,USD,true
06_shopgoodwill_periodic_reports_aug2026.csv,1434,SGW-2608-000750,2026-08-26T08:00:00-04:00,2026-08-27,shipped,,USD,true
06_shopgoodwill_periodic_reports_aug2026.csv,1481,SGW-2608-000751,2026-08-27T08:00:00-04:00,2026-08-31,shipped,,USD,true
06_shopgoodwill_periodic_reports_aug2026.csv,1191,SGW-2608-000752,2026-08-22T08:00:00-04:00,2026-08-24,shipped,,USD,true
06_shopgoodwill_periodic_reports_aug2026.csv,1435,SGW-2608-000753,2026-08-26T08:00:00-04:00,2026-08-27,shipped,2026-08-31T21:00:00-04:00,USD,true
06_shopgoodwill_periodic_reports_aug2026.csv,1192,SGW-2608-000754,2026-08-22T08:00:00-04:00,2026-08-24,shipped,,USD,true
06_shopgoodwill_periodic_reports_aug2026.csv,590,SGW-2608-000755,2026-08-11T08:00:00-04:00,2026-08-13,shipped,,USD,true
06_shopgoodwill_periodic_reports_aug2026.csv,1073,SGW-2608-000756,2026-08-20T08:00:00-04:00,2026-08-21,shipped,,USD,true
06_shopgoodwill_periodic_reports_aug2026.csv,265,SGW-2608-000757,2026-08-05T08:00:00-04:00,2026-08-06,shipped,,USD,true
06_shopgoodwill_periodic_reports_aug2026.csv,266,SGW-2608-000758,2026-08-05T08:00:00-04:00,2026-08-06,shipped,,USD,true
06_shopgoodwill_periodic_reports_aug2026.csv,407,SGW-2608-000759,2026-08-08T08:00:00-04:00,2026-08-10,shipped,,USD,true
06_shopgoodwill_periodic_reports_aug2026.csv,267,SGW-2608-000760,2026-08-05T08:00:00-04:00,2026-08-06,shipped,,USD,true
06_shopgoodwill_periodic_reports_aug2026.csv,487,SGW-2608-000761,2026-08-09T08:00:00-04:00,2026-08-10,shipped,,USD,true
06_shopgoodwill_periodic_reports_aug2026.csv,203,SGW-2608-000762,2026-08-04T08:00:00-04:00,,local_pickup,,USD,true
06_shopgoodwill_periodic_reports_aug2026.csv,696,SGW-2608-000763,2026-08-13T08:00:00-04:00,2026-08-17,shipped,,USD,true
06_shopgoodwill_periodic_reports_aug2026.csv,408,SGW-2608-000764,2026-08-08T08:00:00-04:00,2026-08-10,shipped,,USD,true
06_shopgoodwill_periodic_reports_aug2026.csv,75,SGW-2608-000765,2026-08-02T08:00:00-04:00,2026-08-06,shipped,,USD,true
06_shopgoodwill_periodic_reports_aug2026.csv,1610,SGW-2608-000766,2026-08-29T08:00:00-04:00,2026-08-31,shipped,,USD,true
06_shopgoodwill_periodic_reports_aug2026.csv,409,SGW-2608-000767,2026-08-08T08:00:00-04:00,2026-08-10,shipped,,USD,true
06_shopgoodwill_periodic_reports_aug2026.csv,938,SGW-2608-000768,2026-08-17T08:00:00-04:00,2026-08-18,shipped,,USD,true
06_shopgoodwill_periodic_reports_aug2026.csv,1482,SGW-2608-000769,2026-08-27T08:00:00-04:00,2026-08-28,shipped,,USD,true
06_shopgoodwill_periodic_reports_aug2026.csv,1262,SGW-2608-000770,2026-08-23T08:00:00-04:00,2026-08-24,shipped,,USD,true
06_shopgoodwill_periodic_reports_aug2026.csv,1074,SGW-2608-000771,2026-08-20T08:00:00-04:00,,canceled_before_fulfillment,2026-08-27T21:00:00-04:00,USD,true
06_shopgoodwill_periodic_reports_aug2026.csv,988,SGW-2608-000772,2026-08-18T08:00:00-04:00,2026-08-19,shipped,,USD,true
06_shopgoodwill_periodic_reports_aug2026.csv,1075,SGW-2608-000773,2026-08-20T08:00:00-04:00,2026-08-24,shipped,,USD,true
06_shopgoodwill_periodic_reports_aug2026.csv,1483,SGW-2608-000774,2026-08-27T08:00:00-04:00,2026-08-28,shipped,,USD,true
06_shopgoodwill_periodic_reports_aug2026.csv,1134,SGW-2608-000775,2026-08-21T08:00:00-04:00,2026-08-24,shipped,,USD,true
06_shopgoodwill_periodic_reports_aug2026.csv,1193,SGW-2608-000776,2026-08-22T08:00:00-04:00,2026-08-24,shipped,,USD,true
06_shopgoodwill_periodic_reports_aug2026.csv,1760,SGW-2608-000777,2026-08-31T08:00:00-04:00,,pending_fulfillment,,USD,true
06_shopgoodwill_periodic_reports_aug2026.csv,1484,SGW-2608-000778,2026-08-27T08:00:00-04:00,2026-08-28,shipped,,USD,true
06_shopgoodwill_periodic_reports_aug2026.csv,1544,SGW-2608-000779,2026-08-28T08:00:00-04:00,2026-08-31,shipped,,USD,true
06_shopgoodwill_periodic_reports_aug2026.csv,1761,SGW-2608-000780,2026-08-31T08:00:00-04:00,,pending_fulfillment,,USD,true
06_shopgoodwill_periodic_reports_aug2026.csv,877,SGW-2608-000781,2026-08-16T08:00:00-04:00,2026-08-17,shipped,,USD,true
06_shopgoodwill_periodic_reports_aug2026.csv,410,SGW-2608-000782,2026-08-08T08:00:00-04:00,2026-08-11,shipped,,USD,true
06_shopgoodwill_periodic_reports_aug2026.csv,141,SGW-2608-000783,2026-08-03T08:00:00-04:00,2026-08-04,shipped,,USD,true
06_shopgoodwill_periodic_reports_aug2026.csv,815,SGW-2608-000784,2026-08-15T08:00:00-04:00,2026-08-17,shipped,,USD,true
06_shopgoodwill_periodic_reports_aug2026.csv,591,SGW-2608-000785,2026-08-11T08:00:00-04:00,2026-08-13,shipped,,USD,true
06_shopgoodwill_periodic_reports_aug2026.csv,1762,SGW-2608-000786,2026-08-31T08:00:00-04:00,,pending_fulfillment,2026-08-31T21:00:00-04:00,USD,true
06_shopgoodwill_periodic_reports_aug2026.csv,1076,SGW-2608-000787,2026-08-20T08:00:00-04:00,2026-08-24,shipped,,USD,true
06_shopgoodwill_periodic_reports_aug2026.csv,1436,SGW-2608-000788,2026-08-26T08:00:00-04:00,,local_pickup,,USD,true
06_shopgoodwill_periodic_reports_aug2026.csv,76,SGW-2608-000789,2026-08-02T08:00:00-04:00,2026-08-05,shipped,,USD,true
06_shopgoodwill_periodic_reports_aug2026.csv,1437,SGW-2608-000790,2026-08-26T08:00:00-04:00,2026-08-27,shipped,,USD,true
06_shopgoodwill_periodic_reports_aug2026.csv,1135,SGW-2608-000791,2026-08-21T08:00:00-04:00,2026-08-24,shipped,,USD,true
06_shopgoodwill_periodic_reports_aug2026.csv,1031,SGW-2608-000792,2026-08-19T08:00:00-04:00,2026-08-20,shipped,,USD,true
06_shopgoodwill_periodic_reports_aug2026.csv,77,SGW-2608-000793,2026-08-02T08:00:00-04:00,2026-08-03,shipped,,USD,true
06_shopgoodwill_periodic_reports_aug2026.csv,1611,SGW-2608-000794,2026-08-29T08:00:00-04:00,2026-08-31,shipped,,USD,true
06_shopgoodwill_periodic_reports_aug2026.csv,1326,SGW-2608-000795,2026-08-24T08:00:00-04:00,2026-08-27,shipped,,USD,true
06_shopgoodwill_periodic_reports_aug2026.csv,1612,SGW-2608-000796,2026-08-29T08:00:00-04:00,,pending_fulfillment,,USD,true
06_shopgoodwill_periodic_reports_aug2026.csv,1194,SGW-2608-000797,2026-08-22T08:00:00-04:00,2026-08-24,shipped,,USD,true
06_shopgoodwill_periodic_reports_aug2026.csv,592,SGW-2608-000798,2026-08-11T08:00:00-04:00,2026-08-14,shipped,,USD,true
06_shopgoodwill_periodic_reports_aug2026.csv,647,SGW-2608-000799,2026-08-12T08:00:00-04:00,2026-08-14,shipped,,USD,true
06_shopgoodwill_periodic_reports_aug2026.csv,1077,SGW-2608-000800,2026-08-20T08:00:00-04:00,2026-08-24,shipped,,USD,true
06_shopgoodwill_periodic_reports_aug2026.csv,1438,SGW-2608-000801,2026-08-26T08:00:00-04:00,2026-08-27,shipped,,USD,true
06_shopgoodwill_periodic_reports_aug2026.csv,1683,SGW-2608-000802,2026-08-30T08:00:00-04:00,2026-08-31,shipped,,USD,true
06_shopgoodwill_periodic_reports_aug2026.csv,78,SGW-2608-000803,2026-08-02T08:00:00-04:00,2026-08-03,shipped,,USD,true
06_shopgoodwill_periodic_reports_aug2026.csv,1078,SGW-2608-000804,2026-08-20T08:00:00-04:00,2026-08-21,shipped,,USD,true
06_shopgoodwill_periodic_reports_aug2026.csv,1327,SGW-2608-000805,2026-08-24T08:00:00-04:00,2026-08-26,shipped,,USD,true
06_shopgoodwill_periodic_reports_aug2026.csv,744,SGW-2608-000806,2026-08-14T08:00:00-04:00,2026-08-17,shipped,,USD,true
06_shopgoodwill_periodic_reports_aug2026.csv,1545,SGW-2608-000807,2026-08-28T08:00:00-04:00,,local_pickup,,USD,true
06_shopgoodwill_periodic_reports_aug2026.csv,878,SGW-2608-000808,2026-08-16T08:00:00-04:00,,local_pickup,,USD,true
06_shopgoodwill_periodic_reports_aug2026.csv,1263,SGW-2608-000809,2026-08-23T08:00:00-04:00,2026-08-25,shipped,2026-08-25T21:00:00-04:00,USD,true
06_shopgoodwill_periodic_reports_aug2026.csv,1328,SGW-2608-000810,2026-08-24T08:00:00-04:00,2026-08-27,shipped,,USD,true
06_shopgoodwill_periodic_reports_aug2026.csv,79,SGW-2608-000811,2026-08-02T08:00:00-04:00,2026-08-03,shipped,,USD,true
06_shopgoodwill_periodic_reports_aug2026.csv,1195,SGW-2608-000812,2026-08-22T08:00:00-04:00,2026-08-24,shipped,,USD,true
06_shopgoodwill_periodic_reports_aug2026.csv,1264,SGW-2608-000813,2026-08-23T08:00:00-04:00,2026-08-25,shipped,,USD,true
06_shopgoodwill_periodic_reports_aug2026.csv,1329,SGW-2608-000814,2026-08-24T08:00:00-04:00,2026-08-25,shipped,,USD,true
06_shopgoodwill_periodic_reports_aug2026.csv,355,SGW-2608-000815,2026-08-07T08:00:00-04:00,2026-08-12,shipped,,USD,true
06_shopgoodwill_periodic_reports_aug2026.csv,1613,SGW-2608-000816,2026-08-29T08:00:00-04:00,2026-08-31,shipped,,USD,true
06_shopgoodwill_periodic_reports_aug2026.csv,989,SGW-2608-000817,2026-08-18T08:00:00-04:00,2026-08-19,shipped,,USD,true
06_shopgoodwill_periodic_reports_aug2026.csv,1330,SGW-2608-000818,2026-08-24T08:00:00-04:00,2026-08-25,shipped,,USD,true
06_shopgoodwill_periodic_reports_aug2026.csv,1684,SGW-2608-000819,2026-08-30T08:00:00-04:00,,pending_fulfillment,,USD,true
06_shopgoodwill_periodic_reports_aug2026.csv,1485,SGW-2608-000820,2026-08-27T08:00:00-04:00,2026-08-31,shipped,,USD,true
06_shopgoodwill_periodic_reports_aug2026.csv,268,SGW-2608-000821,2026-08-05T08:00:00-04:00,2026-08-10,shipped,,USD,true
06_shopgoodwill_periodic_reports_aug2026.csv,879,SGW-2608-000822,2026-08-16T08:00:00-04:00,2026-08-17,shipped,,USD,true
06_shopgoodwill_periodic_reports_aug2026.csv,142,SGW-2608-000823,2026-08-03T08:00:00-04:00,2026-08-06,shipped,,USD,true
06_shopgoodwill_periodic_reports_aug2026.csv,1079,SGW-2608-000824,2026-08-20T08:00:00-04:00,2026-08-24,shipped,2026-08-27T21:00:00-04:00,USD,true
06_shopgoodwill_periodic_reports_aug2026.csv,356,SGW-2608-000825,2026-08-07T08:00:00-04:00,2026-08-10,shipped,,USD,true
06_shopgoodwill_periodic_reports_aug2026.csv,880,SGW-2608-000826,2026-08-16T08:00:00-04:00,2026-08-17,shipped,,USD,true
06_shopgoodwill_periodic_reports_aug2026.csv,1763,SGW-2608-000827,2026-08-31T08:00:00-04:00,,pending_fulfillment,,USD,true
06_shopgoodwill_periodic_reports_aug2026.csv,1136,SGW-2608-000828,2026-08-21T08:00:00-04:00,2026-08-24,shipped,,USD,true
06_shopgoodwill_periodic_reports_aug2026.csv,1385,SGW-2608-000829,2026-08-25T08:00:00-04:00,2026-08-26,shipped,,USD,true
06_shopgoodwill_periodic_reports_aug2026.csv,1032,SGW-2608-000830,2026-08-19T08:00:00-04:00,2026-08-20,shipped,,USD,true
06_shopgoodwill_periodic_reports_aug2026.csv,1386,SGW-2608-000831,2026-08-25T08:00:00-04:00,2026-08-26,shipped,,USD,true
06_shopgoodwill_periodic_reports_aug2026.csv,1080,SGW-2608-000832,2026-08-20T08:00:00-04:00,2026-08-21,shipped,,USD,true
06_shopgoodwill_periodic_reports_aug2026.csv,411,SGW-2608-000833,2026-08-08T08:00:00-04:00,2026-08-10,shipped,,USD,true
06_shopgoodwill_periodic_reports_aug2026.csv,1265,SGW-2608-000834,2026-08-23T08:00:00-04:00,2026-08-25,shipped,,USD,true
06_shopgoodwill_periodic_reports_aug2026.csv,881,SGW-2608-000835,2026-08-16T08:00:00-04:00,2026-08-18,shipped,,USD,true
06_shopgoodwill_periodic_reports_aug2026.csv,816,SGW-2608-000836,2026-08-15T08:00:00-04:00,2026-08-17,shipped,,USD,true
06_shopgoodwill_periodic_reports_aug2026.csv,80,SGW-2608-000837,2026-08-02T08:00:00-04:00,2026-08-03,shipped,,USD,true
06_shopgoodwill_periodic_reports_aug2026.csv,488,SGW-2608-000838,2026-08-09T08:00:00-04:00,2026-08-10,shipped,,USD,true
06_shopgoodwill_periodic_reports_aug2026.csv,882,SGW-2608-000839,2026-08-16T08:00:00-04:00,2026-08-21,shipped,,USD,true
06_shopgoodwill_periodic_reports_aug2026.csv,542,SGW-2608-000840,2026-08-10T08:00:00-04:00,2026-08-11,shipped,,USD,true
06_shopgoodwill_periodic_reports_aug2026.csv,593,SGW-2608-000841,2026-08-11T08:00:00-04:00,2026-08-12,shipped,2026-08-20T21:00:00-04:00,USD,true
06_shopgoodwill_periodic_reports_aug2026.csv,204,SGW-2608-000842,2026-08-04T08:00:00-04:00,,local_pickup,,USD,true
06_shopgoodwill_periodic_reports_aug2026.csv,1764,SGW-2608-000843,2026-08-31T08:00:00-04:00,,pending_fulfillment,,USD,true
06_shopgoodwill_periodic_reports_aug2026.csv,1439,SGW-2608-000844,2026-08-26T08:00:00-04:00,2026-08-31,shipped,,USD,true
06_shopgoodwill_periodic_reports_aug2026.csv,357,SGW-2608-000845,2026-08-07T08:00:00-04:00,2026-08-10,shipped,,USD,true
06_shopgoodwill_periodic_reports_aug2026.csv,1196,SGW-2608-000846,2026-08-22T08:00:00-04:00,2026-08-24,shipped,,USD,true
06_shopgoodwill_periodic_reports_aug2026.csv,697,SGW-2608-000847,2026-08-13T08:00:00-04:00,2026-08-14,shipped,,USD,true
06_shopgoodwill_periodic_reports_aug2026.csv,1486,SGW-2608-000848,2026-08-27T08:00:00-04:00,2026-08-28,shipped,,USD,true
06_shopgoodwill_periodic_reports_aug2026.csv,939,SGW-2608-000849,2026-08-17T08:00:00-04:00,2026-08-19,shipped,,USD,true
06_shopgoodwill_periodic_reports_aug2026.csv,269,SGW-2608-000850,2026-08-05T08:00:00-04:00,2026-08-06,shipped,,USD,true
06_shopgoodwill_periodic_reports_aug2026.csv,205,SGW-2608-000851,2026-08-04T08:00:00-04:00,2026-08-06,shipped,,USD,true
06_shopgoodwill_periodic_reports_aug2026.csv,1440,SGW-2608-000852,2026-08-26T08:00:00-04:00,2026-08-27,shipped,,USD,true
06_shopgoodwill_periodic_reports_aug2026.csv,1765,SGW-2608-000853,2026-08-31T08:00:00-04:00,,pending_fulfillment,,USD,true
06_shopgoodwill_periodic_reports_aug2026.csv,310,SGW-2608-000854,2026-08-06T08:00:00-04:00,,local_pickup,,USD,true
06_shopgoodwill_periodic_reports_aug2026.csv,1266,SGW-2608-000855,2026-08-23T08:00:00-04:00,2026-08-27,shipped,,USD,true
06_shopgoodwill_periodic_reports_aug2026.csv,1137,SGW-2608-000856,2026-08-21T08:00:00-04:00,2026-08-24,shipped,,USD,true
06_shopgoodwill_periodic_reports_aug2026.csv,543,SGW-2608-000857,2026-08-10T08:00:00-04:00,2026-08-17,shipped,,USD,true
06_shopgoodwill_periodic_reports_aug2026.csv,1138,SGW-2608-000858,2026-08-21T08:00:00-04:00,2026-08-24,shipped,,USD,true
06_shopgoodwill_periodic_reports_aug2026.csv,412,SGW-2608-000859,2026-08-08T08:00:00-04:00,2026-08-11,shipped,,USD,true
06_shopgoodwill_periodic_reports_aug2026.csv,883,SGW-2608-000860,2026-08-16T08:00:00-04:00,2026-08-17,shipped,,USD,true
06_shopgoodwill_periodic_reports_aug2026.csv,143,SGW-2608-000861,2026-08-03T08:00:00-04:00,2026-08-04,shipped,,USD,true
06_shopgoodwill_periodic_reports_aug2026.csv,24,SGW-2608-000862,2026-08-01T08:00:00-04:00,2026-08-03,shipped,,USD,true
06_shopgoodwill_periodic_reports_aug2026.csv,1441,SGW-2608-000863,2026-08-26T08:00:00-04:00,2026-08-27,shipped,,USD,true
06_shopgoodwill_periodic_reports_aug2026.csv,270,SGW-2608-000864,2026-08-05T08:00:00-04:00,2026-08-06,shipped,,USD,true
06_shopgoodwill_periodic_reports_aug2026.csv,271,SGW-2608-000865,2026-08-05T08:00:00-04:00,2026-08-10,shipped,,USD,true
06_shopgoodwill_periodic_reports_aug2026.csv,1685,SGW-2608-000866,2026-08-30T08:00:00-04:00,2026-08-31,shipped,,USD,true
06_shopgoodwill_periodic_reports_aug2026.csv,594,SGW-2608-000867,2026-08-11T08:00:00-04:00,2026-08-14,shipped,,USD,true
06_shopgoodwill_periodic_reports_aug2026.csv,745,SGW-2608-000868,2026-08-14T08:00:00-04:00,2026-08-17,shipped,,USD,true
06_shopgoodwill_periodic_reports_aug2026.csv,884,SGW-2608-000869,2026-08-16T08:00:00-04:00,2026-08-19,shipped,,USD,true
06_shopgoodwill_periodic_reports_aug2026.csv,1686,SGW-2608-000870,2026-08-30T08:00:00-04:00,2026-08-31,shipped,,USD,true
06_shopgoodwill_periodic_reports_aug2026.csv,1487,SGW-2608-000871,2026-08-27T08:00:00-04:00,2026-08-31,shipped,,USD,true
06_shopgoodwill_periodic_reports_aug2026.csv,489,SGW-2608-000872,2026-08-09T08:00:00-04:00,2026-08-11,shipped,,USD,true
06_shopgoodwill_periodic_reports_aug2026.csv,1687,SGW-2608-000873,2026-08-30T08:00:00-04:00,2026-08-31,shipped,,USD,true
06_shopgoodwill_periodic_reports_aug2026.csv,1546,SGW-2608-000874,2026-08-28T08:00:00-04:00,2026-08-31,shipped,,USD,true
06_shopgoodwill_periodic_reports_aug2026.csv,698,SGW-2608-000875,2026-08-13T08:00:00-04:00,2026-08-14,shipped,,USD,true
06_shopgoodwill_periodic_reports_aug2026.csv,746,SGW-2608-000876,2026-08-14T08:00:00-04:00,,local_pickup,2026-08-18T21:00:00-04:00,USD,true
06_shopgoodwill_periodic_reports_aug2026.csv,1688,SGW-2608-000877,2026-08-30T08:00:00-04:00,,pending_fulfillment,,USD,true
06_shopgoodwill_periodic_reports_aug2026.csv,81,SGW-2608-000878,2026-08-02T08:00:00-04:00,2026-08-05,shipped,,USD,true
06_shopgoodwill_periodic_reports_aug2026.csv,1197,SGW-2608-000879,2026-08-22T08:00:00-04:00,2026-08-24,shipped,,USD,true
06_shopgoodwill_periodic_reports_aug2026.csv,82,SGW-2608-000880,2026-08-02T08:00:00-04:00,2026-08-03,shipped,,USD,true
06_shopgoodwill_periodic_reports_aug2026.csv,885,SGW-2608-000881,2026-08-16T08:00:00-04:00,2026-08-17,shipped,,USD,true
06_shopgoodwill_periodic_reports_aug2026.csv,1331,SGW-2608-000882,2026-08-24T08:00:00-04:00,2026-08-26,shipped,,USD,true
06_shopgoodwill_periodic_reports_aug2026.csv,1332,SGW-2608-000883,2026-08-24T08:00:00-04:00,2026-08-28,shipped,,USD,true
06_shopgoodwill_periodic_reports_aug2026.csv,490,SGW-2608-000884,2026-08-09T08:00:00-04:00,2026-08-10,shipped,,USD,true
06_shopgoodwill_periodic_reports_aug2026.csv,25,SGW-2608-000885,2026-08-01T08:00:00-04:00,2026-08-04,shipped,,USD,true
06_shopgoodwill_periodic_reports_aug2026.csv,83,SGW-2608-000886,2026-08-02T08:00:00-04:00,,local_pickup,,USD,true
06_shopgoodwill_periodic_reports_aug2026.csv,26,SGW-2608-000887,2026-08-01T08:00:00-04:00,2026-08-03,shipped,,USD,true
06_shopgoodwill_periodic_reports_aug2026.csv,1547,SGW-2608-000888,2026-08-28T08:00:00-04:00,,pending_fulfillment,2026-08-30T21:00:00-04:00,USD,true
06_shopgoodwill_periodic_reports_aug2026.csv,1766,SGW-2608-000889,2026-08-31T08:00:00-04:00,,pending_fulfillment,,USD,true
06_shopgoodwill_periodic_reports_aug2026.csv,544,SGW-2608-000890,2026-08-10T08:00:00-04:00,2026-08-11,shipped,,USD,true
06_shopgoodwill_periodic_reports_aug2026.csv,648,SGW-2608-000891,2026-08-12T08:00:00-04:00,2026-08-13,shipped,,USD,true
06_shopgoodwill_periodic_reports_aug2026.csv,1198,SGW-2608-000892,2026-08-22T08:00:00-04:00,2026-08-26,shipped,,USD,true
06_shopgoodwill_periodic_reports_aug2026.csv,1267,SGW-2608-000893,2026-08-23T08:00:00-04:00,2026-08-25,shipped,,USD,true
06_shopgoodwill_periodic_reports_aug2026.csv,413,SGW-2608-000894,2026-08-08T08:00:00-04:00,2026-08-10,shipped,,USD,true
06_shopgoodwill_periodic_reports_aug2026.csv,206,SGW-2608-000895,2026-08-04T08:00:00-04:00,2026-08-06,shipped,,USD,true
06_shopgoodwill_periodic_reports_aug2026.csv,1387,SGW-2608-000896,2026-08-25T08:00:00-04:00,2026-08-26,shipped,,USD,true
06_shopgoodwill_periodic_reports_aug2026.csv,1548,SGW-2608-000897,2026-08-28T08:00:00-04:00,2026-08-31,shipped,,USD,true
06_shopgoodwill_periodic_reports_aug2026.csv,1767,SGW-2608-000898,2026-08-31T08:00:00-04:00,,pending_fulfillment,,USD,true
06_shopgoodwill_periodic_reports_aug2026.csv,1488,SGW-2608-000899,2026-08-27T08:00:00-04:00,2026-08-31,shipped,2026-08-31T21:00:00-04:00,USD,true
06_shopgoodwill_periodic_reports_aug2026.csv,84,SGW-2608-000900,2026-08-02T08:00:00-04:00,2026-08-04,shipped,,USD,true
06_shopgoodwill_periodic_reports_aug2026.csv,1033,SGW-2608-000901,2026-08-19T08:00:00-04:00,2026-08-21,shipped,,USD,true
06_shopgoodwill_periodic_reports_aug2026.csv,649,SGW-2608-000902,2026-08-12T08:00:00-04:00,2026-08-13,shipped,,USD,true
06_shopgoodwill_periodic_reports_aug2026.csv,27,SGW-2608-000903,2026-08-01T08:00:00-04:00,2026-08-03,shipped,,USD,true
06_shopgoodwill_periodic_reports_aug2026.csv,85,SGW-2608-000904,2026-08-02T08:00:00-04:00,2026-08-03,shipped,,USD,true
06_shopgoodwill_periodic_reports_aug2026.csv,1689,SGW-2608-000905,2026-08-30T08:00:00-04:00,,pending_fulfillment,,USD,true
06_shopgoodwill_periodic_reports_aug2026.csv,207,SGW-2608-000906,2026-08-04T08:00:00-04:00,2026-08-07,shipped,,USD,true
06_shopgoodwill_periodic_reports_aug2026.csv,1690,SGW-2608-000907,2026-08-30T08:00:00-04:00,2026-08-31,shipped,,USD,true
06_shopgoodwill_periodic_reports_aug2026.csv,1442,SGW-2608-000908,2026-08-26T08:00:00-04:00,2026-08-27,shipped,,USD,true
06_shopgoodwill_periodic_reports_aug2026.csv,1139,SGW-2608-000909,2026-08-21T08:00:00-04:00,2026-08-24,shipped,,USD,true
06_shopgoodwill_periodic_reports_aug2026.csv,817,SGW-2608-000910,2026-08-15T08:00:00-04:00,2026-08-17,shipped,,USD,true
06_shopgoodwill_periodic_reports_aug2026.csv,1034,SGW-2608-000911,2026-08-19T08:00:00-04:00,2026-08-20,shipped,,USD,true
06_shopgoodwill_periodic_reports_aug2026.csv,699,SGW-2608-000912,2026-08-13T08:00:00-04:00,2026-08-14,shipped,,USD,true
06_shopgoodwill_periodic_reports_aug2026.csv,1199,SGW-2608-000913,2026-08-22T08:00:00-04:00,2026-08-24,shipped,,USD,true
06_shopgoodwill_periodic_reports_aug2026.csv,545,SGW-2608-000914,2026-08-10T08:00:00-04:00,2026-08-13,shipped,,USD,true
06_shopgoodwill_periodic_reports_aug2026.csv,1768,SGW-2608-000915,2026-08-31T08:00:00-04:00,,pending_fulfillment,,USD,true
06_shopgoodwill_periodic_reports_aug2026.csv,28,SGW-2608-000916,2026-08-01T08:00:00-04:00,2026-08-03,shipped,,USD,true
06_shopgoodwill_periodic_reports_aug2026.csv,1769,SGW-2608-000917,2026-08-31T08:00:00-04:00,,pending_fulfillment,,USD,true
06_shopgoodwill_periodic_reports_aug2026.csv,1691,SGW-2608-000918,2026-08-30T08:00:00-04:00,,pending_fulfillment,,USD,true
06_shopgoodwill_periodic_reports_aug2026.csv,940,SGW-2608-000919,2026-08-17T08:00:00-04:00,2026-08-19,shipped,,USD,true
06_shopgoodwill_periodic_reports_aug2026.csv,1692,SGW-2608-000920,2026-08-30T08:00:00-04:00,,pending_fulfillment,,USD,true
06_shopgoodwill_periodic_reports_aug2026.csv,1140,SGW-2608-000921,2026-08-21T08:00:00-04:00,2026-08-24,shipped,,USD,true
06_shopgoodwill_periodic_reports_aug2026.csv,1693,SGW-2608-000922,2026-08-30T08:00:00-04:00,2026-08-31,shipped,,USD,true
06_shopgoodwill_periodic_reports_aug2026.csv,491,SGW-2608-000923,2026-08-09T08:00:00-04:00,2026-08-10,shipped,,USD,true
06_shopgoodwill_periodic_reports_aug2026.csv,546,SGW-2608-000924,2026-08-10T08:00:00-04:00,2026-08-11,shipped,,USD,true
06_shopgoodwill_periodic_reports_aug2026.csv,144,SGW-2608-000925,2026-08-03T08:00:00-04:00,2026-08-04,shipped,,USD,true
06_shopgoodwill_periodic_reports_aug2026.csv,1614,SGW-2608-000926,2026-08-29T08:00:00-04:00,,pending_fulfillment,,USD,true
06_shopgoodwill_periodic_reports_aug2026.csv,414,SGW-2608-000927,2026-08-08T08:00:00-04:00,2026-08-10,shipped,,USD,true
06_shopgoodwill_periodic_reports_aug2026.csv,886,SGW-2608-000928,2026-08-16T08:00:00-04:00,2026-08-18,shipped,,USD,true
06_shopgoodwill_periodic_reports_aug2026.csv,86,SGW-2608-000929,2026-08-02T08:00:00-04:00,2026-08-03,shipped,2026-08-04T21:00:00-04:00,USD,true
06_shopgoodwill_periodic_reports_aug2026.csv,1141,SGW-2608-000930,2026-08-21T08:00:00-04:00,2026-08-24,shipped,,USD,true
06_shopgoodwill_periodic_reports_aug2026.csv,1615,SGW-2608-000931,2026-08-29T08:00:00-04:00,2026-08-31,shipped,,USD,true
06_shopgoodwill_periodic_reports_aug2026.csv,747,SGW-2608-000932,2026-08-14T08:00:00-04:00,2026-08-17,shipped,2026-08-17T21:00:00-04:00,USD,true
06_shopgoodwill_periodic_reports_aug2026.csv,1770,SGW-2608-000933,2026-08-31T08:00:00-04:00,,pending_fulfillment,,USD,true
06_shopgoodwill_periodic_reports_aug2026.csv,595,SGW-2608-000934,2026-08-11T08:00:00-04:00,2026-08-12,shipped,,USD,true
06_shopgoodwill_periodic_reports_aug2026.csv,1142,SGW-2608-000935,2026-08-21T08:00:00-04:00,2026-08-24,shipped,,USD,true
06_shopgoodwill_periodic_reports_aug2026.csv,547,SGW-2608-000936,2026-08-10T08:00:00-04:00,,local_pickup,,USD,true
06_shopgoodwill_periodic_reports_aug2026.csv,548,SGW-2608-000937,2026-08-10T08:00:00-04:00,2026-08-11,shipped,,USD,true
06_shopgoodwill_periodic_reports_aug2026.csv,415,SGW-2608-000938,2026-08-08T08:00:00-04:00,2026-08-11,shipped,,USD,true
06_shopgoodwill_periodic_reports_aug2026.csv,941,SGW-2608-000939,2026-08-17T08:00:00-04:00,2026-08-18,shipped,,USD,true
06_shopgoodwill_periodic_reports_aug2026.csv,1143,SGW-2608-000940,2026-08-21T08:00:00-04:00,2026-08-24,shipped,,USD,true
06_shopgoodwill_periodic_reports_aug2026.csv,358,SGW-2608-000941,2026-08-07T08:00:00-04:00,2026-08-10,shipped,,USD,true
06_shopgoodwill_periodic_reports_aug2026.csv,208,SGW-2608-000942,2026-08-04T08:00:00-04:00,2026-08-07,shipped,,USD,true
06_shopgoodwill_periodic_reports_aug2026.csv,1268,SGW-2608-000943,2026-08-23T08:00:00-04:00,2026-08-28,shipped,,USD,true
06_shopgoodwill_periodic_reports_aug2026.csv,990,SGW-2608-000944,2026-08-18T08:00:00-04:00,2026-08-19,shipped,,USD,true
06_shopgoodwill_periodic_reports_aug2026.csv,1549,SGW-2608-000945,2026-08-28T08:00:00-04:00,2026-08-31,shipped,,USD,true
06_shopgoodwill_periodic_reports_aug2026.csv,311,SGW-2608-000946,2026-08-06T08:00:00-04:00,2026-08-07,shipped,,USD,true
06_shopgoodwill_periodic_reports_aug2026.csv,748,SGW-2608-000947,2026-08-14T08:00:00-04:00,2026-08-17,shipped,,USD,true
06_shopgoodwill_periodic_reports_aug2026.csv,700,SGW-2608-000948,2026-08-13T08:00:00-04:00,2026-08-17,shipped,,USD,true
06_shopgoodwill_periodic_reports_aug2026.csv,1694,SGW-2608-000949,2026-08-30T08:00:00-04:00,,pending_fulfillment,,USD,true
06_shopgoodwill_periodic_reports_aug2026.csv,991,SGW-2608-000950,2026-08-18T08:00:00-04:00,2026-08-24,shipped,,USD,true
06_shopgoodwill_periodic_reports_aug2026.csv,549,SGW-2608-000951,2026-08-10T08:00:00-04:00,2026-08-11,shipped,,USD,true
06_shopgoodwill_periodic_reports_aug2026.csv,209,SGW-2608-000952,2026-08-04T08:00:00-04:00,2026-08-05,shipped,,USD,true
06_shopgoodwill_periodic_reports_aug2026.csv,416,SGW-2608-000953,2026-08-08T08:00:00-04:00,2026-08-11,shipped,,USD,true
06_shopgoodwill_periodic_reports_aug2026.csv,1081,SGW-2608-000954,2026-08-20T08:00:00-04:00,2026-08-24,shipped,,USD,true
06_shopgoodwill_periodic_reports_aug2026.csv,942,SGW-2608-000955,2026-08-17T08:00:00-04:00,2026-08-19,shipped,,USD,true
06_shopgoodwill_periodic_reports_aug2026.csv,818,SGW-2608-000956,2026-08-15T08:00:00-04:00,2026-08-17,shipped,,USD,true
06_shopgoodwill_periodic_reports_aug2026.csv,1144,SGW-2608-000957,2026-08-21T08:00:00-04:00,2026-08-24,shipped,2026-08-31T21:00:00-04:00,USD,true
06_shopgoodwill_periodic_reports_aug2026.csv,1145,SGW-2608-000958,2026-08-21T08:00:00-04:00,2026-08-24,shipped,,USD,true
06_shopgoodwill_periodic_reports_aug2026.csv,29,SGW-2608-000959,2026-08-01T08:00:00-04:00,2026-08-04,shipped,,USD,true
06_shopgoodwill_periodic_reports_aug2026.csv,1489,SGW-2608-000960,2026-08-27T08:00:00-04:00,2026-08-31,shipped,,USD,true
06_shopgoodwill_periodic_reports_aug2026.csv,1616,SGW-2608-000961,2026-08-29T08:00:00-04:00,,pending_fulfillment,,USD,true
06_shopgoodwill_periodic_reports_aug2026.csv,992,SGW-2608-000962,2026-08-18T08:00:00-04:00,2026-08-20,shipped,2026-08-28T21:00:00-04:00,USD,true
06_shopgoodwill_periodic_reports_aug2026.csv,417,SGW-2608-000963,2026-08-08T08:00:00-04:00,2026-08-10,shipped,,USD,true
06_shopgoodwill_periodic_reports_aug2026.csv,943,SGW-2608-000964,2026-08-17T08:00:00-04:00,2026-08-18,shipped,,USD,true
06_shopgoodwill_periodic_reports_aug2026.csv,1146,SGW-2608-000965,2026-08-21T08:00:00-04:00,2026-08-24,shipped,,USD,true
06_shopgoodwill_periodic_reports_aug2026.csv,550,SGW-2608-000966,2026-08-10T08:00:00-04:00,2026-08-13,shipped,,USD,true
06_shopgoodwill_periodic_reports_aug2026.csv,650,SGW-2608-000967,2026-08-12T08:00:00-04:00,,local_pickup,,USD,true
06_shopgoodwill_periodic_reports_aug2026.csv,312,SGW-2608-000968,2026-08-06T08:00:00-04:00,2026-08-10,shipped,,USD,true
06_shopgoodwill_periodic_reports_aug2026.csv,1617,SGW-2608-000969,2026-08-29T08:00:00-04:00,2026-08-31,shipped,,USD,true
06_shopgoodwill_periodic_reports_aug2026.csv,1082,SGW-2608-000970,2026-08-20T08:00:00-04:00,2026-08-24,shipped,,USD,true
06_shopgoodwill_periodic_reports_aug2026.csv,1695,SGW-2608-000971,2026-08-30T08:00:00-04:00,2026-08-31,shipped,,USD,true
06_shopgoodwill_periodic_reports_aug2026.csv,551,SGW-2608-000972,2026-08-10T08:00:00-04:00,,local_pickup,,USD,true
06_shopgoodwill_periodic_reports_aug2026.csv,418,SGW-2608-000973,2026-08-08T08:00:00-04:00,2026-08-11,shipped,,USD,true
06_shopgoodwill_periodic_reports_aug2026.csv,596,SGW-2608-000974,2026-08-11T08:00:00-04:00,2026-08-12,shipped,,USD,true
06_shopgoodwill_periodic_reports_aug2026.csv,1490,SGW-2608-000975,2026-08-27T08:00:00-04:00,,pending_fulfillment,,USD,true
06_shopgoodwill_periodic_reports_aug2026.csv,1618,SGW-2608-000976,2026-08-29T08:00:00-04:00,2026-08-31,shipped,,USD,true
06_shopgoodwill_periodic_reports_aug2026.csv,210,SGW-2608-000977,2026-08-04T08:00:00-04:00,,canceled_before_fulfillment,2026-08-12T21:00:00-04:00,USD,true
06_shopgoodwill_periodic_reports_aug2026.csv,30,SGW-2608-000978,2026-08-01T08:00:00-04:00,2026-08-03,shipped,,USD,true
06_shopgoodwill_periodic_reports_aug2026.csv,1443,SGW-2608-000979,2026-08-26T08:00:00-04:00,2026-08-28,shipped,,USD,true
06_shopgoodwill_periodic_reports_aug2026.csv,1550,SGW-2608-000980,2026-08-28T08:00:00-04:00,,local_pickup,,USD,true
06_shopgoodwill_periodic_reports_aug2026.csv,419,SGW-2608-000981,2026-08-08T08:00:00-04:00,2026-08-10,shipped,,USD,true
06_shopgoodwill_periodic_reports_aug2026.csv,1696,SGW-2608-000982,2026-08-30T08:00:00-04:00,2026-08-31,shipped,,USD,true
06_shopgoodwill_periodic_reports_aug2026.csv,1619,SGW-2608-000983,2026-08-29T08:00:00-04:00,,pending_fulfillment,,USD,true
06_shopgoodwill_periodic_reports_aug2026.csv,1147,SGW-2608-000984,2026-08-21T08:00:00-04:00,2026-08-24,shipped,,USD,true
06_shopgoodwill_periodic_reports_aug2026.csv,492,SGW-2608-000985,2026-08-09T08:00:00-04:00,2026-08-11,shipped,,USD,true
06_shopgoodwill_periodic_reports_aug2026.csv,1697,SGW-2608-000986,2026-08-30T08:00:00-04:00,,canceled_before_fulfillment,2026-08-30T21:00:00-04:00,USD,true
06_shopgoodwill_periodic_reports_aug2026.csv,651,SGW-2608-000987,2026-08-12T08:00:00-04:00,2026-08-13,shipped,,USD,true
06_shopgoodwill_periodic_reports_aug2026.csv,1491,SGW-2608-000988,2026-08-27T08:00:00-04:00,2026-08-28,shipped,,USD,true
06_shopgoodwill_periodic_reports_aug2026.csv,313,SGW-2608-000989,2026-08-06T08:00:00-04:00,2026-08-10,shipped,,USD,true
06_shopgoodwill_periodic_reports_aug2026.csv,314,SGW-2608-000990,2026-08-06T08:00:00-04:00,2026-08-07,shipped,,USD,true
06_shopgoodwill_periodic_reports_aug2026.csv,552,SGW-2608-000991,2026-08-10T08:00:00-04:00,2026-08-12,shipped,,USD,true
06_shopgoodwill_periodic_reports_aug2026.csv,1444,SGW-2608-000992,2026-08-26T08:00:00-04:00,2026-08-28,shipped,2026-08-30T21:00:00-04:00,USD,true
06_shopgoodwill_periodic_reports_aug2026.csv,1083,SGW-2608-000993,2026-08-20T08:00:00-04:00,2026-08-21,shipped,,USD,true
06_shopgoodwill_periodic_reports_aug2026.csv,1148,SGW-2608-000994,2026-08-21T08:00:00-04:00,2026-08-24,shipped,,USD,true
06_shopgoodwill_periodic_reports_aug2026.csv,749,SGW-2608-000995,2026-08-14T08:00:00-04:00,2026-08-17,shipped,,USD,true
06_shopgoodwill_periodic_reports_aug2026.csv,1269,SGW-2608-000996,2026-08-23T08:00:00-04:00,2026-08-25,shipped,,USD,true
06_shopgoodwill_periodic_reports_aug2026.csv,1270,SGW-2608-000997,2026-08-23T08:00:00-04:00,,canceled_before_fulfillment,2026-08-31T21:00:00-04:00,USD,true
06_shopgoodwill_periodic_reports_aug2026.csv,1333,SGW-2608-000998,2026-08-24T08:00:00-04:00,2026-08-25,shipped,,USD,true
06_shopgoodwill_periodic_reports_aug2026.csv,652,SGW-2608-000999,2026-08-12T08:00:00-04:00,2026-08-13,shipped,,USD,true
06_shopgoodwill_periodic_reports_aug2026.csv,1771,SGW-2608-001000,2026-08-31T08:00:00-04:00,,pending_fulfillment,,USD,true
06_shopgoodwill_periodic_reports_aug2026.csv,1492,SGW-2608-001001,2026-08-27T08:00:00-04:00,2026-08-31,shipped,,USD,true
06_shopgoodwill_periodic_reports_aug2026.csv,145,SGW-2608-001002,2026-08-03T08:00:00-04:00,2026-08-05,shipped,,USD,true
06_shopgoodwill_periodic_reports_aug2026.csv,1551,SGW-2608-001003,2026-08-28T08:00:00-04:00,2026-08-31,shipped,,USD,true
06_shopgoodwill_periodic_reports_aug2026.csv,1620,SGW-2608-001004,2026-08-29T08:00:00-04:00,,canceled_before_fulfillment,2026-08-30T21:00:00-04:00,USD,true
06_shopgoodwill_periodic_reports_aug2026.csv,31,SGW-2608-001005,2026-08-01T08:00:00-04:00,2026-08-03,shipped,,USD,true
06_shopgoodwill_periodic_reports_aug2026.csv,819,SGW-2608-001006,2026-08-15T08:00:00-04:00,2026-08-17,shipped,,USD,true
06_shopgoodwill_periodic_reports_aug2026.csv,1388,SGW-2608-001007,2026-08-25T08:00:00-04:00,2026-08-27,shipped,,USD,true
06_shopgoodwill_periodic_reports_aug2026.csv,211,SGW-2608-001008,2026-08-04T08:00:00-04:00,,local_pickup,,USD,true
06_shopgoodwill_periodic_reports_aug2026.csv,1271,SGW-2608-001009,2026-08-23T08:00:00-04:00,2026-08-25,shipped,,USD,true
06_shopgoodwill_periodic_reports_aug2026.csv,553,SGW-2608-001010,2026-08-10T08:00:00-04:00,2026-08-11,shipped,,USD,true
06_shopgoodwill_periodic_reports_aug2026.csv,1200,SGW-2608-001011,2026-08-22T08:00:00-04:00,2026-08-25,shipped,,USD,true
06_shopgoodwill_periodic_reports_aug2026.csv,554,SGW-2608-001012,2026-08-10T08:00:00-04:00,2026-08-11,shipped,,USD,true
06_shopgoodwill_periodic_reports_aug2026.csv,1552,SGW-2608-001013,2026-08-28T08:00:00-04:00,,pending_fulfillment,,USD,true
06_shopgoodwill_periodic_reports_aug2026.csv,420,SGW-2608-001014,2026-08-08T08:00:00-04:00,2026-08-10,shipped,,USD,true
06_shopgoodwill_periodic_reports_aug2026.csv,1201,SGW-2608-001015,2026-08-22T08:00:00-04:00,2026-08-24,shipped,,USD,true
06_shopgoodwill_periodic_reports_aug2026.csv,653,SGW-2608-001016,2026-08-12T08:00:00-04:00,2026-08-14,shipped,,USD,true
06_shopgoodwill_periodic_reports_aug2026.csv,87,SGW-2608-001017,2026-08-02T08:00:00-04:00,2026-08-04,shipped,,USD,true
06_shopgoodwill_periodic_reports_aug2026.csv,1698,SGW-2608-001018,2026-08-30T08:00:00-04:00,,pending_fulfillment,,USD,true
06_shopgoodwill_periodic_reports_aug2026.csv,887,SGW-2608-001019,2026-08-16T08:00:00-04:00,2026-08-19,shipped,,USD,true
06_shopgoodwill_periodic_reports_aug2026.csv,1202,SGW-2608-001020,2026-08-22T08:00:00-04:00,,local_pickup,,USD,true
06_shopgoodwill_periodic_reports_aug2026.csv,993,SGW-2608-001021,2026-08-18T08:00:00-04:00,2026-08-19,shipped,,USD,true
06_shopgoodwill_periodic_reports_aug2026.csv,493,SGW-2608-001022,2026-08-09T08:00:00-04:00,2026-08-10,shipped,,USD,true
06_shopgoodwill_periodic_reports_aug2026.csv,1203,SGW-2608-001023,2026-08-22T08:00:00-04:00,2026-08-24,shipped,,USD,true
06_shopgoodwill_periodic_reports_aug2026.csv,1035,SGW-2608-001024,2026-08-19T08:00:00-04:00,2026-08-21,shipped,,USD,true
06_shopgoodwill_periodic_reports_aug2026.csv,1149,SGW-2608-001025,2026-08-21T08:00:00-04:00,2026-08-24,shipped,,USD,true
06_shopgoodwill_periodic_reports_aug2026.csv,146,SGW-2608-001026,2026-08-03T08:00:00-04:00,2026-08-05,shipped,,USD,true
06_shopgoodwill_periodic_reports_aug2026.csv,421,SGW-2608-001027,2026-08-08T08:00:00-04:00,2026-08-10,shipped,,USD,true
06_shopgoodwill_periodic_reports_aug2026.csv,422,SGW-2608-001028,2026-08-08T08:00:00-04:00,2026-08-10,shipped,2026-08-11T21:00:00-04:00,USD,true
06_shopgoodwill_periodic_reports_aug2026.csv,88,SGW-2608-001029,2026-08-02T08:00:00-04:00,,local_pickup,2026-08-04T21:00:00-04:00,USD,true
06_shopgoodwill_periodic_reports_aug2026.csv,1150,SGW-2608-001030,2026-08-21T08:00:00-04:00,2026-08-24,shipped,,USD,true
06_shopgoodwill_periodic_reports_aug2026.csv,994,SGW-2608-001031,2026-08-18T08:00:00-04:00,2026-08-19,shipped,,USD,true
06_shopgoodwill_periodic_reports_aug2026.csv,1699,SGW-2608-001032,2026-08-30T08:00:00-04:00,2026-08-31,shipped,,USD,true
06_shopgoodwill_periodic_reports_aug2026.csv,1389,SGW-2608-001033,2026-08-25T08:00:00-04:00,2026-08-26,shipped,,USD,true
06_shopgoodwill_periodic_reports_aug2026.csv,1390,SGW-2608-001034,2026-08-25T08:00:00-04:00,2026-08-28,shipped,,USD,true
06_shopgoodwill_periodic_reports_aug2026.csv,995,SGW-2608-001035,2026-08-18T08:00:00-04:00,2026-08-19,shipped,,USD,true
06_shopgoodwill_periodic_reports_aug2026.csv,89,SGW-2608-001036,2026-08-02T08:00:00-04:00,2026-08-03,shipped,,USD,true
06_shopgoodwill_periodic_reports_aug2026.csv,1391,SGW-2608-001037,2026-08-25T08:00:00-04:00,2026-08-26,shipped,,USD,true
06_shopgoodwill_periodic_reports_aug2026.csv,90,SGW-2608-001038,2026-08-02T08:00:00-04:00,2026-08-03,shipped,,USD,true
06_shopgoodwill_periodic_reports_aug2026.csv,423,SGW-2608-001039,2026-08-08T08:00:00-04:00,2026-08-10,shipped,,USD,true
06_shopgoodwill_periodic_reports_aug2026.csv,212,SGW-2608-001040,2026-08-04T08:00:00-04:00,2026-08-05,shipped,,USD,true
06_shopgoodwill_periodic_reports_aug2026.csv,1772,SGW-2608-001041,2026-08-31T08:00:00-04:00,,pending_fulfillment,,USD,true
06_shopgoodwill_periodic_reports_aug2026.csv,147,SGW-2608-001042,2026-08-03T08:00:00-04:00,2026-08-05,shipped,,USD,true
06_shopgoodwill_periodic_reports_aug2026.csv,32,SGW-2608-001043,2026-08-01T08:00:00-04:00,2026-08-03,shipped,,USD,true
06_shopgoodwill_periodic_reports_aug2026.csv,213,SGW-2608-001044,2026-08-04T08:00:00-04:00,,canceled_before_fulfillment,2026-08-10T21:00:00-04:00,USD,true
06_shopgoodwill_periodic_reports_aug2026.csv,1700,SGW-2608-001045,2026-08-30T08:00:00-04:00,,canceled_before_fulfillment,2026-08-31T21:00:00-04:00,USD,true
06_shopgoodwill_periodic_reports_aug2026.csv,996,SGW-2608-001046,2026-08-18T08:00:00-04:00,2026-08-24,shipped,,USD,true
06_shopgoodwill_periodic_reports_aug2026.csv,1204,SGW-2608-001047,2026-08-22T08:00:00-04:00,2026-08-24,shipped,,USD,true
06_shopgoodwill_periodic_reports_aug2026.csv,315,SGW-2608-001048,2026-08-06T08:00:00-04:00,2026-08-10,shipped,,USD,true
06_shopgoodwill_periodic_reports_aug2026.csv,1553,SGW-2608-001049,2026-08-28T08:00:00-04:00,2026-08-31,shipped,,USD,true
06_shopgoodwill_periodic_reports_aug2026.csv,1151,SGW-2608-001050,2026-08-21T08:00:00-04:00,2026-08-24,shipped,,USD,true
06_shopgoodwill_periodic_reports_aug2026.csv,1621,SGW-2608-001051,2026-08-29T08:00:00-04:00,2026-08-31,shipped,,USD,true
06_shopgoodwill_periodic_reports_aug2026.csv,1493,SGW-2608-001052,2026-08-27T08:00:00-04:00,2026-08-28,shipped,,USD,true
06_shopgoodwill_periodic_reports_aug2026.csv,1701,SGW-2608-001053,2026-08-30T08:00:00-04:00,,local_pickup,,USD,true
06_shopgoodwill_periodic_reports_aug2026.csv,359,SGW-2608-001054,2026-08-07T08:00:00-04:00,2026-08-10,shipped,,USD,true
06_shopgoodwill_periodic_reports_aug2026.csv,1152,SGW-2608-001055,2026-08-21T08:00:00-04:00,2026-08-24,shipped,,USD,true
06_shopgoodwill_periodic_reports_aug2026.csv,888,SGW-2608-001056,2026-08-16T08:00:00-04:00,2026-08-18,shipped,,USD,true
06_shopgoodwill_periodic_reports_aug2026.csv,424,SGW-2608-001057,2026-08-08T08:00:00-04:00,2026-08-10,shipped,,USD,true
06_shopgoodwill_periodic_reports_aug2026.csv,91,SGW-2608-001058,2026-08-02T08:00:00-04:00,2026-08-03,shipped,,USD,true
06_shopgoodwill_periodic_reports_aug2026.csv,92,SGW-2608-001059,2026-08-02T08:00:00-04:00,2026-08-05,shipped,,USD,true
06_shopgoodwill_periodic_reports_aug2026.csv,750,SGW-2608-001060,2026-08-14T08:00:00-04:00,2026-08-18,shipped,,USD,true
06_shopgoodwill_periodic_reports_aug2026.csv,1205,SGW-2608-001061,2026-08-22T08:00:00-04:00,2026-08-25,shipped,,USD,true
06_shopgoodwill_periodic_reports_aug2026.csv,360,SGW-2608-001062,2026-08-07T08:00:00-04:00,2026-08-10,shipped,,USD,true
06_shopgoodwill_periodic_reports_aug2026.csv,889,SGW-2608-001063,2026-08-16T08:00:00-04:00,,local_pickup,,USD,true
06_shopgoodwill_periodic_reports_aug2026.csv,316,SGW-2608-001064,2026-08-06T08:00:00-04:00,2026-08-10,shipped,,USD,true
06_shopgoodwill_periodic_reports_aug2026.csv,1773,SGW-2608-001065,2026-08-31T08:00:00-04:00,,pending_fulfillment,,USD,true
06_shopgoodwill_periodic_reports_aug2026.csv,944,SGW-2608-001066,2026-08-17T08:00:00-04:00,2026-08-24,shipped,,USD,true
06_shopgoodwill_periodic_reports_aug2026.csv,820,SGW-2608-001067,2026-08-15T08:00:00-04:00,2026-08-17,shipped,,USD,true
06_shopgoodwill_periodic_reports_aug2026.csv,1272,SGW-2608-001068,2026-08-23T08:00:00-04:00,2026-08-24,shipped,,USD,true
06_shopgoodwill_periodic_reports_aug2026.csv,1554,SGW-2608-001069,2026-08-28T08:00:00-04:00,,canceled_before_fulfillment,2026-08-30T21:00:00-04:00,USD,true
06_shopgoodwill_periodic_reports_aug2026.csv,945,SGW-2608-001070,2026-08-17T08:00:00-04:00,2026-08-18,shipped,,USD,true
06_shopgoodwill_periodic_reports_aug2026.csv,890,SGW-2608-001071,2026-08-16T08:00:00-04:00,2026-08-18,shipped,,USD,true
06_shopgoodwill_periodic_reports_aug2026.csv,555,SGW-2608-001072,2026-08-10T08:00:00-04:00,2026-08-13,shipped,,USD,true
06_shopgoodwill_periodic_reports_aug2026.csv,1392,SGW-2608-001073,2026-08-25T08:00:00-04:00,2026-08-26,shipped,,USD,true
06_shopgoodwill_periodic_reports_aug2026.csv,494,SGW-2608-001074,2026-08-09T08:00:00-04:00,2026-08-11,shipped,,USD,true
06_shopgoodwill_periodic_reports_aug2026.csv,361,SGW-2608-001075,2026-08-07T08:00:00-04:00,2026-08-10,shipped,,USD,true
06_shopgoodwill_periodic_reports_aug2026.csv,1153,SGW-2608-001076,2026-08-21T08:00:00-04:00,2026-08-24,shipped,,USD,true
06_shopgoodwill_periodic_reports_aug2026.csv,701,SGW-2608-001077,2026-08-13T08:00:00-04:00,2026-08-14,shipped,2026-08-24T21:00:00-04:00,USD,true
06_shopgoodwill_periodic_reports_aug2026.csv,751,SGW-2608-001078,2026-08-14T08:00:00-04:00,2026-08-17,shipped,,USD,true
06_shopgoodwill_periodic_reports_aug2026.csv,556,SGW-2608-001079,2026-08-10T08:00:00-04:00,2026-08-11,shipped,,USD,true
06_shopgoodwill_periodic_reports_aug2026.csv,1206,SGW-2608-001080,2026-08-22T08:00:00-04:00,2026-08-24,shipped,,USD,true
06_shopgoodwill_periodic_reports_aug2026.csv,1774,SGW-2608-001081,2026-08-31T08:00:00-04:00,,pending_fulfillment,,USD,true
06_shopgoodwill_periodic_reports_aug2026.csv,821,SGW-2608-001082,2026-08-15T08:00:00-04:00,2026-08-17,shipped,2026-08-25T21:00:00-04:00,USD,true
06_shopgoodwill_periodic_reports_aug2026.csv,946,SGW-2608-001083,2026-08-17T08:00:00-04:00,2026-08-20,shipped,,USD,true
06_shopgoodwill_periodic_reports_aug2026.csv,425,SGW-2608-001084,2026-08-08T08:00:00-04:00,2026-08-11,shipped,,USD,true
06_shopgoodwill_periodic_reports_aug2026.csv,1154,SGW-2608-001085,2026-08-21T08:00:00-04:00,2026-08-24,shipped,,USD,true
06_shopgoodwill_periodic_reports_aug2026.csv,1334,SGW-2608-001086,2026-08-24T08:00:00-04:00,,local_pickup,,USD,true
06_shopgoodwill_periodic_reports_aug2026.csv,1775,SGW-2608-001087,2026-08-31T08:00:00-04:00,,pending_fulfillment,,USD,true
06_shopgoodwill_periodic_reports_aug2026.csv,426,SGW-2608-001088,2026-08-08T08:00:00-04:00,2026-08-10,shipped,,USD,true
06_shopgoodwill_periodic_reports_aug2026.csv,702,SGW-2608-001089,2026-08-13T08:00:00-04:00,2026-08-17,shipped,,USD,true
06_shopgoodwill_periodic_reports_aug2026.csv,822,SGW-2608-001090,2026-08-15T08:00:00-04:00,2026-08-19,shipped,,USD,true
06_shopgoodwill_periodic_reports_aug2026.csv,1335,SGW-2608-001091,2026-08-24T08:00:00-04:00,2026-08-26,shipped,,USD,true
06_shopgoodwill_periodic_reports_aug2026.csv,823,SGW-2608-001092,2026-08-15T08:00:00-04:00,2026-08-17,shipped,,USD,true
06_shopgoodwill_periodic_reports_aug2026.csv,824,SGW-2608-001093,2026-08-15T08:00:00-04:00,2026-08-17,shipped,,USD,true
06_shopgoodwill_periodic_reports_aug2026.csv,1084,SGW-2608-001094,2026-08-20T08:00:00-04:00,,local_pickup,,USD,true
06_shopgoodwill_periodic_reports_aug2026.csv,1494,SGW-2608-001095,2026-08-27T08:00:00-04:00,2026-08-31,shipped,,USD,true
06_shopgoodwill_periodic_reports_aug2026.csv,654,SGW-2608-001096,2026-08-12T08:00:00-04:00,2026-08-13,shipped,,USD,true
06_shopgoodwill_periodic_reports_aug2026.csv,495,SGW-2608-001097,2026-08-09T08:00:00-04:00,2026-08-11,shipped,,USD,true
06_shopgoodwill_periodic_reports_aug2026.csv,557,SGW-2608-001098,2026-08-10T08:00:00-04:00,2026-08-12,shipped,,USD,true
06_shopgoodwill_periodic_reports_aug2026.csv,825,SGW-2608-001099,2026-08-15T08:00:00-04:00,2026-08-19,shipped,,USD,true
06_shopgoodwill_periodic_reports_aug2026.csv,703,SGW-2608-001100,2026-08-13T08:00:00-04:00,2026-08-14,shipped,,USD,true
06_shopgoodwill_periodic_reports_aug2026.csv,655,SGW-2608-001101,2026-08-12T08:00:00-04:00,,canceled_before_fulfillment,2026-08-14T21:00:00-04:00,USD,true
06_shopgoodwill_periodic_reports_aug2026.csv,947,SGW-2608-001102,2026-08-17T08:00:00-04:00,2026-08-19,shipped,,USD,true
06_shopgoodwill_periodic_reports_aug2026.csv,1622,SGW-2608-001103,2026-08-29T08:00:00-04:00,2026-08-31,shipped,,USD,true
06_shopgoodwill_periodic_reports_aug2026.csv,891,SGW-2608-001104,2026-08-16T08:00:00-04:00,2026-08-17,shipped,,USD,true
06_shopgoodwill_periodic_reports_aug2026.csv,1445,SGW-2608-001105,2026-08-26T08:00:00-04:00,2026-08-28,shipped,,USD,true
06_shopgoodwill_periodic_reports_aug2026.csv,948,SGW-2608-001106,2026-08-17T08:00:00-04:00,2026-08-18,shipped,,USD,true
06_shopgoodwill_periodic_reports_aug2026.csv,1623,SGW-2608-001107,2026-08-29T08:00:00-04:00,2026-08-31,shipped,,USD,true
06_shopgoodwill_periodic_reports_aug2026.csv,317,SGW-2608-001108,2026-08-06T08:00:00-04:00,2026-08-07,shipped,,USD,true
06_shopgoodwill_periodic_reports_aug2026.csv,1624,SGW-2608-001109,2026-08-29T08:00:00-04:00,2026-08-31,shipped,,USD,true
06_shopgoodwill_periodic_reports_aug2026.csv,1625,SGW-2608-001110,2026-08-29T08:00:00-04:00,2026-08-31,shipped,,USD,true
06_shopgoodwill_periodic_reports_aug2026.csv,1776,SGW-2608-001111,2026-08-31T08:00:00-04:00,,pending_fulfillment,,USD,true
06_shopgoodwill_periodic_reports_aug2026.csv,704,SGW-2608-001112,2026-08-13T08:00:00-04:00,,local_pickup,,USD,true
06_shopgoodwill_periodic_reports_aug2026.csv,1393,SGW-2608-001113,2026-08-25T08:00:00-04:00,2026-08-26,shipped,,USD,true
06_shopgoodwill_periodic_reports_aug2026.csv,1702,SGW-2608-001114,2026-08-30T08:00:00-04:00,2026-08-31,shipped,,USD,true
06_shopgoodwill_periodic_reports_aug2026.csv,597,SGW-2608-001115,2026-08-11T08:00:00-04:00,2026-08-13,shipped,,USD,true
06_shopgoodwill_periodic_reports_aug2026.csv,214,SGW-2608-001116,2026-08-04T08:00:00-04:00,2026-08-07,shipped,,USD,true
06_shopgoodwill_periodic_reports_aug2026.csv,1036,SGW-2608-001117,2026-08-19T08:00:00-04:00,2026-08-20,shipped,,USD,true
06_shopgoodwill_periodic_reports_aug2026.csv,1626,SGW-2608-001118,2026-08-29T08:00:00-04:00,,pending_fulfillment,,USD,true
06_shopgoodwill_periodic_reports_aug2026.csv,892,SGW-2608-001119,2026-08-16T08:00:00-04:00,2026-08-17,shipped,,USD,true
06_shopgoodwill_periodic_reports_aug2026.csv,752,SGW-2608-001120,2026-08-14T08:00:00-04:00,,canceled_before_fulfillment,2026-08-23T21:00:00-04:00,USD,true
06_shopgoodwill_periodic_reports_aug2026.csv,1273,SGW-2608-001121,2026-08-23T08:00:00-04:00,2026-08-25,shipped,,USD,true
06_shopgoodwill_periodic_reports_aug2026.csv,893,SGW-2608-001122,2026-08-16T08:00:00-04:00,2026-08-19,shipped,,USD,true
06_shopgoodwill_periodic_reports_aug2026.csv,705,SGW-2608-001123,2026-08-13T08:00:00-04:00,2026-08-14,shipped,,USD,true
06_shopgoodwill_periodic_reports_aug2026.csv,826,SGW-2608-001124,2026-08-15T08:00:00-04:00,,local_pickup,,USD,true
06_shopgoodwill_periodic_reports_aug2026.csv,148,SGW-2608-001125,2026-08-03T08:00:00-04:00,2026-08-05,shipped,,USD,true
06_shopgoodwill_periodic_reports_aug2026.csv,93,SGW-2608-001126,2026-08-02T08:00:00-04:00,2026-08-03,shipped,,USD,true
06_shopgoodwill_periodic_reports_aug2026.csv,33,SGW-2608-001127,2026-08-01T08:00:00-04:00,2026-08-03,shipped,,USD,true
06_shopgoodwill_periodic_reports_aug2026.csv,1155,SGW-2608-001128,2026-08-21T08:00:00-04:00,2026-08-24,shipped,,USD,true
06_shopgoodwill_periodic_reports_aug2026.csv,149,SGW-2608-001129,2026-08-03T08:00:00-04:00,2026-08-04,shipped,,USD,true
06_shopgoodwill_periodic_reports_aug2026.csv,827,SGW-2608-001130,2026-08-15T08:00:00-04:00,2026-08-18,shipped,,USD,true
06_shopgoodwill_periodic_reports_aug2026.csv,1446,SGW-2608-001131,2026-08-26T08:00:00-04:00,2026-08-28,shipped,,USD,true
06_shopgoodwill_periodic_reports_aug2026.csv,753,SGW-2608-001132,2026-08-14T08:00:00-04:00,2026-08-17,shipped,,USD,true
06_shopgoodwill_periodic_reports_aug2026.csv,34,SGW-2608-001133,2026-08-01T08:00:00-04:00,2026-08-03,shipped,,USD,true
06_shopgoodwill_periodic_reports_aug2026.csv,215,SGW-2608-001134,2026-08-04T08:00:00-04:00,2026-08-05,shipped,,USD,true
06_shopgoodwill_periodic_reports_aug2026.csv,706,SGW-2608-001135,2026-08-13T08:00:00-04:00,2026-08-17,shipped,,USD,true
06_shopgoodwill_periodic_reports_aug2026.csv,216,SGW-2608-001136,2026-08-04T08:00:00-04:00,2026-08-05,shipped,,USD,true
06_shopgoodwill_periodic_reports_aug2026.csv,272,SGW-2608-001137,2026-08-05T08:00:00-04:00,2026-08-10,shipped,2026-08-19T21:00:00-04:00,USD,true
06_shopgoodwill_periodic_reports_aug2026.csv,427,SGW-2608-001138,2026-08-08T08:00:00-04:00,2026-08-10,shipped,,USD,true
06_shopgoodwill_periodic_reports_aug2026.csv,1207,SGW-2608-001139,2026-08-22T08:00:00-04:00,2026-08-24,shipped,,USD,true
06_shopgoodwill_periodic_reports_aug2026.csv,362,SGW-2608-001140,2026-08-07T08:00:00-04:00,2026-08-10,shipped,,USD,true
06_shopgoodwill_periodic_reports_aug2026.csv,1208,SGW-2608-001141,2026-08-22T08:00:00-04:00,2026-08-24,shipped,,USD,true
06_shopgoodwill_periodic_reports_aug2026.csv,1274,SGW-2608-001142,2026-08-23T08:00:00-04:00,2026-08-26,shipped,,USD,true
06_shopgoodwill_periodic_reports_aug2026.csv,598,SGW-2608-001143,2026-08-11T08:00:00-04:00,2026-08-14,shipped,,USD,true
06_shopgoodwill_periodic_reports_aug2026.csv,273,SGW-2608-001144,2026-08-05T08:00:00-04:00,2026-08-07,shipped,,USD,true
06_shopgoodwill_periodic_reports_aug2026.csv,1275,SGW-2608-001145,2026-08-23T08:00:00-04:00,2026-08-25,shipped,,USD,true
06_shopgoodwill_periodic_reports_aug2026.csv,150,SGW-2608-001146,2026-08-03T08:00:00-04:00,2026-08-04,shipped,,USD,true
06_shopgoodwill_periodic_reports_aug2026.csv,1209,SGW-2608-001147,2026-08-22T08:00:00-04:00,2026-08-25,shipped,,USD,true
06_shopgoodwill_periodic_reports_aug2026.csv,35,SGW-2608-001148,2026-08-01T08:00:00-04:00,2026-08-04,shipped,,USD,true
06_shopgoodwill_periodic_reports_aug2026.csv,949,SGW-2608-001149,2026-08-17T08:00:00-04:00,2026-08-19,shipped,,USD,true
06_shopgoodwill_periodic_reports_aug2026.csv,1555,SGW-2608-001150,2026-08-28T08:00:00-04:00,,local_pickup,,USD,true
06_shopgoodwill_periodic_reports_aug2026.csv,151,SGW-2608-001151,2026-08-03T08:00:00-04:00,2026-08-06,shipped,,USD,true
06_shopgoodwill_periodic_reports_aug2026.csv,599,SGW-2608-001152,2026-08-11T08:00:00-04:00,2026-08-12,shipped,,USD,true
06_shopgoodwill_periodic_reports_aug2026.csv,828,SGW-2608-001153,2026-08-15T08:00:00-04:00,2026-08-17,shipped,,USD,true
06_shopgoodwill_periodic_reports_aug2026.csv,1703,SGW-2608-001154,2026-08-30T08:00:00-04:00,2026-08-31,shipped,,USD,true
06_shopgoodwill_periodic_reports_aug2026.csv,1447,SGW-2608-001155,2026-08-26T08:00:00-04:00,2026-08-27,shipped,,USD,true
06_shopgoodwill_periodic_reports_aug2026.csv,1156,SGW-2608-001156,2026-08-21T08:00:00-04:00,2026-08-24,shipped,,USD,true
06_shopgoodwill_periodic_reports_aug2026.csv,217,SGW-2608-001157,2026-08-04T08:00:00-04:00,2026-08-05,shipped,,USD,true
06_shopgoodwill_periodic_reports_aug2026.csv,36,SGW-2608-001158,2026-08-01T08:00:00-04:00,2026-08-03,shipped,,USD,true
06_shopgoodwill_periodic_reports_aug2026.csv,600,SGW-2608-001159,2026-08-11T08:00:00-04:00,2026-08-13,shipped,,USD,true
06_shopgoodwill_periodic_reports_aug2026.csv,1704,SGW-2608-001160,2026-08-30T08:00:00-04:00,2026-08-31,shipped,,USD,true
06_shopgoodwill_periodic_reports_aug2026.csv,37,SGW-2608-001161,2026-08-01T08:00:00-04:00,2026-08-03,shipped,,USD,true
06_shopgoodwill_periodic_reports_aug2026.csv,428,SGW-2608-001162,2026-08-08T08:00:00-04:00,2026-08-12,shipped,,USD,true
06_shopgoodwill_periodic_reports_aug2026.csv,1705,SGW-2608-001163,2026-08-30T08:00:00-04:00,2026-08-31,shipped,,USD,true
06_shopgoodwill_periodic_reports_aug2026.csv,1210,SGW-2608-001164,2026-08-22T08:00:00-04:00,2026-08-25,shipped,,USD,true
06_shopgoodwill_periodic_reports_aug2026.csv,1085,SGW-2608-001165,2026-08-20T08:00:00-04:00,2026-08-21,shipped,,USD,true
06_shopgoodwill_periodic_reports_aug2026.csv,1086,SGW-2608-001166,2026-08-20T08:00:00-04:00,2026-08-24,shipped,,USD,true
06_shopgoodwill_periodic_reports_aug2026.csv,950,SGW-2608-001167,2026-08-17T08:00:00-04:00,2026-08-20,shipped,,USD,true
06_shopgoodwill_periodic_reports_aug2026.csv,601,SGW-2608-001168,2026-08-11T08:00:00-04:00,2026-08-13,shipped,,USD,true
06_shopgoodwill_periodic_reports_aug2026.csv,496,SGW-2608-001169,2026-08-09T08:00:00-04:00,2026-08-10,shipped,,USD,true
06_shopgoodwill_periodic_reports_aug2026.csv,1556,SGW-2608-001170,2026-08-28T08:00:00-04:00,2026-08-31,shipped,2026-08-31T21:00:00-04:00,USD,true
06_shopgoodwill_periodic_reports_aug2026.csv,707,SGW-2608-001171,2026-08-13T08:00:00-04:00,2026-08-14,shipped,,USD,true
06_shopgoodwill_periodic_reports_aug2026.csv,1557,SGW-2608-001172,2026-08-28T08:00:00-04:00,2026-08-31,shipped,,USD,true
06_shopgoodwill_periodic_reports_aug2026.csv,754,SGW-2608-001173,2026-08-14T08:00:00-04:00,,local_pickup,,USD,true
06_shopgoodwill_periodic_reports_aug2026.csv,1706,SGW-2608-001174,2026-08-30T08:00:00-04:00,,pending_fulfillment,,USD,true
06_shopgoodwill_periodic_reports_aug2026.csv,274,SGW-2608-001175,2026-08-05T08:00:00-04:00,2026-08-10,shipped,,USD,true
06_shopgoodwill_periodic_reports_aug2026.csv,1211,SGW-2608-001176,2026-08-22T08:00:00-04:00,2026-08-24,shipped,,USD,true
06_shopgoodwill_periodic_reports_aug2026.csv,829,SGW-2608-001177,2026-08-15T08:00:00-04:00,2026-08-17,shipped,,USD,true
06_shopgoodwill_periodic_reports_aug2026.csv,152,SGW-2608-001178,2026-08-03T08:00:00-04:00,2026-08-06,shipped,,USD,true
06_shopgoodwill_periodic_reports_aug2026.csv,218,SGW-2608-001179,2026-08-04T08:00:00-04:00,2026-08-07,shipped,,USD,true
06_shopgoodwill_periodic_reports_aug2026.csv,1495,SGW-2608-001180,2026-08-27T08:00:00-04:00,2026-08-31,shipped,,USD,true
06_shopgoodwill_periodic_reports_aug2026.csv,94,SGW-2608-001181,2026-08-02T08:00:00-04:00,2026-08-04,shipped,,USD,true
06_shopgoodwill_periodic_reports_aug2026.csv,95,SGW-2608-001182,2026-08-02T08:00:00-04:00,2026-08-06,shipped,,USD,true
06_shopgoodwill_periodic_reports_aug2026.csv,602,SGW-2608-001183,2026-08-11T08:00:00-04:00,2026-08-12,shipped,,USD,true
06_shopgoodwill_periodic_reports_aug2026.csv,656,SGW-2608-001184,2026-08-12T08:00:00-04:00,2026-08-17,shipped,,USD,true
06_shopgoodwill_periodic_reports_aug2026.csv,894,SGW-2608-001185,2026-08-16T08:00:00-04:00,2026-08-17,shipped,,USD,true
06_shopgoodwill_periodic_reports_aug2026.csv,318,SGW-2608-001186,2026-08-06T08:00:00-04:00,2026-08-07,shipped,,USD,true
06_shopgoodwill_periodic_reports_aug2026.csv,1276,SGW-2608-001187,2026-08-23T08:00:00-04:00,2026-08-24,shipped,,USD,true
06_shopgoodwill_periodic_reports_aug2026.csv,1707,SGW-2608-001188,2026-08-30T08:00:00-04:00,2026-08-31,shipped,,USD,true
06_shopgoodwill_periodic_reports_aug2026.csv,951,SGW-2608-001189,2026-08-17T08:00:00-04:00,2026-08-18,shipped,,USD,true
06_shopgoodwill_periodic_reports_aug2026.csv,219,SGW-2608-001190,2026-08-04T08:00:00-04:00,2026-08-05,shipped,,USD,true
06_shopgoodwill_periodic_reports_aug2026.csv,895,SGW-2608-001191,2026-08-16T08:00:00-04:00,2026-08-17,shipped,,USD,true
06_shopgoodwill_periodic_reports_aug2026.csv,1087,SGW-2608-001192,2026-08-20T08:00:00-04:00,2026-08-21,shipped,,USD,true
06_shopgoodwill_periodic_reports_aug2026.csv,220,SGW-2608-001193,2026-08-04T08:00:00-04:00,2026-08-07,shipped,,USD,true
06_shopgoodwill_periodic_reports_aug2026.csv,38,SGW-2608-001194,2026-08-01T08:00:00-04:00,2026-08-03,shipped,,USD,true
06_shopgoodwill_periodic_reports_aug2026.csv,319,SGW-2608-001195,2026-08-06T08:00:00-04:00,,local_pickup,,USD,true
06_shopgoodwill_periodic_reports_aug2026.csv,830,SGW-2608-001196,2026-08-15T08:00:00-04:00,2026-08-17,shipped,,USD,true
06_shopgoodwill_periodic_reports_aug2026.csv,1708,SGW-2608-001197,2026-08-30T08:00:00-04:00,,pending_fulfillment,2026-08-31T21:00:00-04:00,USD,true
06_shopgoodwill_periodic_reports_aug2026.csv,1212,SGW-2608-001198,2026-08-22T08:00:00-04:00,2026-08-24,shipped,,USD,true
06_shopgoodwill_periodic_reports_aug2026.csv,952,SGW-2608-001199,2026-08-17T08:00:00-04:00,2026-08-18,shipped,,USD,true
06_shopgoodwill_periodic_reports_aug2026.csv,1777,SGW-2608-001200,2026-08-31T08:00:00-04:00,,canceled_before_fulfillment,2026-08-31T21:00:00-04:00,USD,true
06_shopgoodwill_periodic_reports_aug2026.csv,1627,SGW-2608-001201,2026-08-29T08:00:00-04:00,2026-08-31,shipped,,USD,true
06_shopgoodwill_periodic_reports_aug2026.csv,1778,SGW-2608-001202,2026-08-31T08:00:00-04:00,,local_pickup,,USD,true
06_shopgoodwill_periodic_reports_aug2026.csv,320,SGW-2608-001203,2026-08-06T08:00:00-04:00,2026-08-07,shipped,,USD,true
06_shopgoodwill_periodic_reports_aug2026.csv,1628,SGW-2608-001204,2026-08-29T08:00:00-04:00,2026-08-31,shipped,,USD,true
06_shopgoodwill_periodic_reports_aug2026.csv,1157,SGW-2608-001205,2026-08-21T08:00:00-04:00,2026-08-24,shipped,,USD,true
06_shopgoodwill_periodic_reports_aug2026.csv,1709,SGW-2608-001206,2026-08-30T08:00:00-04:00,,local_pickup,,USD,true
06_shopgoodwill_periodic_reports_aug2026.csv,1336,SGW-2608-001207,2026-08-24T08:00:00-04:00,2026-08-26,shipped,,USD,true
06_shopgoodwill_periodic_reports_aug2026.csv,896,SGW-2608-001208,2026-08-16T08:00:00-04:00,2026-08-19,shipped,,USD,true
06_shopgoodwill_periodic_reports_aug2026.csv,96,SGW-2608-001209,2026-08-02T08:00:00-04:00,2026-08-03,shipped,,USD,true
06_shopgoodwill_periodic_reports_aug2026.csv,39,SGW-2608-001210,2026-08-01T08:00:00-04:00,2026-08-04,shipped,,USD,true
06_shopgoodwill_periodic_reports_aug2026.csv,1558,SGW-2608-001211,2026-08-28T08:00:00-04:00,2026-08-31,shipped,,USD,true
06_shopgoodwill_periodic_reports_aug2026.csv,1213,SGW-2608-001212,2026-08-22T08:00:00-04:00,2026-08-24,shipped,2026-08-30T21:00:00-04:00,USD,true
06_shopgoodwill_periodic_reports_aug2026.csv,558,SGW-2608-001213,2026-08-10T08:00:00-04:00,2026-08-11,shipped,,USD,true
06_shopgoodwill_periodic_reports_aug2026.csv,1277,SGW-2608-001214,2026-08-23T08:00:00-04:00,2026-08-25,shipped,,USD,true
06_shopgoodwill_periodic_reports_aug2026.csv,1278,SGW-2608-001215,2026-08-23T08:00:00-04:00,2026-08-24,shipped,,USD,true
06_shopgoodwill_periodic_reports_aug2026.csv,1214,SGW-2608-001216,2026-08-22T08:00:00-04:00,2026-08-24,shipped,,USD,true
06_shopgoodwill_periodic_reports_aug2026.csv,559,SGW-2608-001217,2026-08-10T08:00:00-04:00,2026-08-13,shipped,,USD,true
06_shopgoodwill_periodic_reports_aug2026.csv,831,SGW-2608-001218,2026-08-15T08:00:00-04:00,2026-08-17,shipped,,USD,true
06_shopgoodwill_periodic_reports_aug2026.csv,897,SGW-2608-001219,2026-08-16T08:00:00-04:00,2026-08-18,shipped,,USD,true
06_shopgoodwill_periodic_reports_aug2026.csv,221,SGW-2608-001220,2026-08-04T08:00:00-04:00,2026-08-05,shipped,,USD,true
06_shopgoodwill_periodic_reports_aug2026.csv,1559,SGW-2608-001221,2026-08-28T08:00:00-04:00,2026-08-31,shipped,,USD,true
06_shopgoodwill_periodic_reports_aug2026.csv,1629,SGW-2608-001222,2026-08-29T08:00:00-04:00,,pending_fulfillment,,USD,true
06_shopgoodwill_periodic_reports_aug2026.csv,429,SGW-2608-001223,2026-08-08T08:00:00-04:00,2026-08-10,shipped,,USD,true
06_shopgoodwill_periodic_reports_aug2026.csv,755,SGW-2608-001224,2026-08-14T08:00:00-04:00,2026-08-17,shipped,,USD,true
06_shopgoodwill_periodic_reports_aug2026.csv,832,SGW-2608-001225,2026-08-15T08:00:00-04:00,2026-08-17,shipped,,USD,true
06_shopgoodwill_periodic_reports_aug2026.csv,756,SGW-2608-001226,2026-08-14T08:00:00-04:00,2026-08-17,shipped,,USD,true
06_shopgoodwill_periodic_reports_aug2026.csv,560,SGW-2608-001227,2026-08-10T08:00:00-04:00,2026-08-12,shipped,2026-08-20T21:00:00-04:00,USD,true
06_shopgoodwill_periodic_reports_aug2026.csv,430,SGW-2608-001228,2026-08-08T08:00:00-04:00,2026-08-10,shipped,,USD,true
06_shopgoodwill_periodic_reports_aug2026.csv,1088,SGW-2608-001229,2026-08-20T08:00:00-04:00,2026-08-21,shipped,,USD,true
06_shopgoodwill_periodic_reports_aug2026.csv,1630,SGW-2608-001230,2026-08-29T08:00:00-04:00,2026-08-31,shipped,,USD,true
06_shopgoodwill_periodic_reports_aug2026.csv,97,SGW-2608-001231,2026-08-02T08:00:00-04:00,2026-08-03,shipped,,USD,true
06_shopgoodwill_periodic_reports_aug2026.csv,657,SGW-2608-001232,2026-08-12T08:00:00-04:00,2026-08-13,shipped,,USD,true
06_shopgoodwill_periodic_reports_aug2026.csv,1089,SGW-2608-001233,2026-08-20T08:00:00-04:00,2026-08-21,shipped,,USD,true
06_shopgoodwill_periodic_reports_aug2026.csv,1496,SGW-2608-001234,2026-08-27T08:00:00-04:00,2026-08-31,shipped,,USD,true
06_shopgoodwill_periodic_reports_aug2026.csv,1279,SGW-2608-001235,2026-08-23T08:00:00-04:00,2026-08-24,shipped,,USD,true
06_shopgoodwill_periodic_reports_aug2026.csv,1779,SGW-2608-001236,2026-08-31T08:00:00-04:00,,pending_fulfillment,,USD,true
06_shopgoodwill_periodic_reports_aug2026.csv,1631,SGW-2608-001237,2026-08-29T08:00:00-04:00,2026-08-31,shipped,,USD,true
06_shopgoodwill_periodic_reports_aug2026.csv,833,SGW-2608-001238,2026-08-15T08:00:00-04:00,2026-08-19,shipped,,USD,true
06_shopgoodwill_periodic_reports_aug2026.csv,953,SGW-2608-001239,2026-08-17T08:00:00-04:00,2026-08-18,shipped,,USD,true
06_shopgoodwill_periodic_reports_aug2026.csv,98,SGW-2608-001240,2026-08-02T08:00:00-04:00,2026-08-06,shipped,,USD,true
06_shopgoodwill_periodic_reports_aug2026.csv,834,SGW-2608-001241,2026-08-15T08:00:00-04:00,2026-08-17,shipped,,USD,true
06_shopgoodwill_periodic_reports_aug2026.csv,757,SGW-2608-001242,2026-08-14T08:00:00-04:00,2026-08-17,shipped,,USD,true
06_shopgoodwill_periodic_reports_aug2026.csv,835,SGW-2608-001243,2026-08-15T08:00:00-04:00,2026-08-17,shipped,,USD,true
06_shopgoodwill_periodic_reports_aug2026.csv,99,SGW-2608-001244,2026-08-02T08:00:00-04:00,2026-08-06,shipped,,USD,true
06_shopgoodwill_periodic_reports_aug2026.csv,1448,SGW-2608-001245,2026-08-26T08:00:00-04:00,2026-08-28,shipped,,USD,true
06_shopgoodwill_periodic_reports_aug2026.csv,222,SGW-2608-001246,2026-08-04T08:00:00-04:00,2026-08-05,shipped,,USD,true
06_shopgoodwill_periodic_reports_aug2026.csv,223,SGW-2608-001247,2026-08-04T08:00:00-04:00,2026-08-06,shipped,,USD,true
06_shopgoodwill_periodic_reports_aug2026.csv,1780,SGW-2608-001248,2026-08-31T08:00:00-04:00,,pending_fulfillment,,USD,true
06_shopgoodwill_periodic_reports_aug2026.csv,1497,SGW-2608-001249,2026-08-27T08:00:00-04:00,2026-08-31,shipped,,USD,true
06_shopgoodwill_periodic_reports_aug2026.csv,497,SGW-2608-001250,2026-08-09T08:00:00-04:00,,local_pickup,,USD,true
06_shopgoodwill_periodic_reports_aug2026.csv,898,SGW-2608-001251,2026-08-16T08:00:00-04:00,2026-08-17,shipped,,USD,true
06_shopgoodwill_periodic_reports_aug2026.csv,997,SGW-2608-001252,2026-08-18T08:00:00-04:00,2026-08-19,shipped,,USD,true
06_shopgoodwill_periodic_reports_aug2026.csv,1280,SGW-2608-001253,2026-08-23T08:00:00-04:00,2026-08-26,shipped,,USD,true
06_shopgoodwill_periodic_reports_aug2026.csv,1158,SGW-2608-001254,2026-08-21T08:00:00-04:00,2026-08-24,shipped,,USD,true
06_shopgoodwill_periodic_reports_aug2026.csv,561,SGW-2608-001255,2026-08-10T08:00:00-04:00,2026-08-11,shipped,,USD,true
06_shopgoodwill_periodic_reports_aug2026.csv,363,SGW-2608-001256,2026-08-07T08:00:00-04:00,2026-08-10,shipped,,USD,true
06_shopgoodwill_periodic_reports_aug2026.csv,100,SGW-2608-001257,2026-08-02T08:00:00-04:00,2026-08-03,shipped,,USD,true
06_shopgoodwill_periodic_reports_aug2026.csv,101,SGW-2608-001258,2026-08-02T08:00:00-04:00,2026-08-04,shipped,,USD,true
06_shopgoodwill_periodic_reports_aug2026.csv,998,SGW-2608-001259,2026-08-18T08:00:00-04:00,,local_pickup,,USD,true
06_shopgoodwill_periodic_reports_aug2026.csv,431,SGW-2608-001260,2026-08-08T08:00:00-04:00,2026-08-10,shipped,,USD,true
06_shopgoodwill_periodic_reports_aug2026.csv,1632,SGW-2608-001261,2026-08-29T08:00:00-04:00,2026-08-31,shipped,,USD,true
06_shopgoodwill_periodic_reports_aug2026.csv,954,SGW-2608-001262,2026-08-17T08:00:00-04:00,2026-08-19,shipped,,USD,true
06_shopgoodwill_periodic_reports_aug2026.csv,658,SGW-2608-001263,2026-08-12T08:00:00-04:00,2026-08-14,shipped,,USD,true
06_shopgoodwill_periodic_reports_aug2026.csv,1159,SGW-2608-001264,2026-08-21T08:00:00-04:00,2026-08-24,shipped,,USD,true
06_shopgoodwill_periodic_reports_aug2026.csv,40,SGW-2608-001265,2026-08-01T08:00:00-04:00,2026-08-03,shipped,,USD,true
06_shopgoodwill_periodic_reports_aug2026.csv,1710,SGW-2608-001266,2026-08-30T08:00:00-04:00,2026-08-31,shipped,,USD,true
06_shopgoodwill_periodic_reports_aug2026.csv,1394,SGW-2608-001267,2026-08-25T08:00:00-04:00,2026-08-26,shipped,2026-08-27T21:00:00-04:00,USD,true
06_shopgoodwill_periodic_reports_aug2026.csv,275,SGW-2608-001268,2026-08-05T08:00:00-04:00,2026-08-06,shipped,,USD,true
06_shopgoodwill_periodic_reports_aug2026.csv,1498,SGW-2608-001269,2026-08-27T08:00:00-04:00,2026-08-31,shipped,2026-08-31T21:00:00-04:00,USD,true
06_shopgoodwill_periodic_reports_aug2026.csv,659,SGW-2608-001270,2026-08-12T08:00:00-04:00,2026-08-13,shipped,,USD,true
06_shopgoodwill_periodic_reports_aug2026.csv,999,SGW-2608-001271,2026-08-18T08:00:00-04:00,2026-08-20,shipped,,USD,true
06_shopgoodwill_periodic_reports_aug2026.csv,1037,SGW-2608-001272,2026-08-19T08:00:00-04:00,2026-08-24,shipped,,USD,true
06_shopgoodwill_periodic_reports_aug2026.csv,1781,SGW-2608-001273,2026-08-31T08:00:00-04:00,,pending_fulfillment,,USD,true
06_shopgoodwill_periodic_reports_aug2026.csv,708,SGW-2608-001274,2026-08-13T08:00:00-04:00,2026-08-17,shipped,,USD,true
06_shopgoodwill_periodic_reports_aug2026.csv,955,SGW-2608-001275,2026-08-17T08:00:00-04:00,2026-08-24,shipped,,USD,true
06_shopgoodwill_periodic_reports_aug2026.csv,432,SGW-2608-001276,2026-08-08T08:00:00-04:00,2026-08-10,shipped,,USD,true
06_shopgoodwill_periodic_reports_aug2026.csv,1038,SGW-2608-001277,2026-08-19T08:00:00-04:00,2026-08-21,shipped,,USD,true
06_shopgoodwill_periodic_reports_aug2026.csv,1395,SGW-2608-001278,2026-08-25T08:00:00-04:00,2026-08-28,shipped,,USD,true
06_shopgoodwill_periodic_reports_aug2026.csv,1000,SGW-2608-001279,2026-08-18T08:00:00-04:00,2026-08-21,shipped,,USD,true
06_shopgoodwill_periodic_reports_aug2026.csv,1499,SGW-2608-001280,2026-08-27T08:00:00-04:00,2026-08-28,shipped,,USD,true
06_shopgoodwill_periodic_reports_aug2026.csv,1396,SGW-2608-001281,2026-08-25T08:00:00-04:00,2026-08-26,shipped,,USD,true
06_shopgoodwill_periodic_reports_aug2026.csv,1337,SGW-2608-001282,2026-08-24T08:00:00-04:00,2026-08-25,shipped,,USD,true
06_shopgoodwill_periodic_reports_aug2026.csv,1001,SGW-2608-001283,2026-08-18T08:00:00-04:00,2026-08-20,shipped,,USD,true
06_shopgoodwill_periodic_reports_aug2026.csv,102,SGW-2608-001284,2026-08-02T08:00:00-04:00,2026-08-05,shipped,,USD,true
06_shopgoodwill_periodic_reports_aug2026.csv,899,SGW-2608-001285,2026-08-16T08:00:00-04:00,2026-08-18,shipped,,USD,true
06_shopgoodwill_periodic_reports_aug2026.csv,276,SGW-2608-001286,2026-08-05T08:00:00-04:00,2026-08-06,shipped,,USD,true
06_shopgoodwill_periodic_reports_aug2026.csv,498,SGW-2608-001287,2026-08-09T08:00:00-04:00,2026-08-12,shipped,,USD,true
06_shopgoodwill_periodic_reports_aug2026.csv,1338,SGW-2608-001288,2026-08-24T08:00:00-04:00,,local_pickup,,USD,true
06_shopgoodwill_periodic_reports_aug2026.csv,41,SGW-2608-001289,2026-08-01T08:00:00-04:00,2026-08-03,shipped,,USD,true
06_shopgoodwill_periodic_reports_aug2026.csv,1215,SGW-2608-001290,2026-08-22T08:00:00-04:00,2026-08-25,shipped,,USD,true
06_shopgoodwill_periodic_reports_aug2026.csv,1039,SGW-2608-001291,2026-08-19T08:00:00-04:00,,local_pickup,,USD,true
06_shopgoodwill_periodic_reports_aug2026.csv,836,SGW-2608-001292,2026-08-15T08:00:00-04:00,,canceled_before_fulfillment,2026-08-20T21:00:00-04:00,USD,true
06_shopgoodwill_periodic_reports_aug2026.csv,837,SGW-2608-001293,2026-08-15T08:00:00-04:00,2026-08-18,shipped,,USD,true
06_shopgoodwill_periodic_reports_aug2026.csv,1002,SGW-2608-001294,2026-08-18T08:00:00-04:00,2026-08-19,shipped,,USD,true
06_shopgoodwill_periodic_reports_aug2026.csv,562,SGW-2608-001295,2026-08-10T08:00:00-04:00,2026-08-11,shipped,,USD,true
06_shopgoodwill_periodic_reports_aug2026.csv,758,SGW-2608-001296,2026-08-14T08:00:00-04:00,2026-08-19,shipped,,USD,true
06_shopgoodwill_periodic_reports_aug2026.csv,1500,SGW-2608-001297,2026-08-27T08:00:00-04:00,2026-08-31,shipped,,USD,true
06_shopgoodwill_periodic_reports_aug2026.csv,433,SGW-2608-001298,2026-08-08T08:00:00-04:00,2026-08-10,shipped,,USD,true
06_shopgoodwill_periodic_reports_aug2026.csv,224,SGW-2608-001299,2026-08-04T08:00:00-04:00,2026-08-05,shipped,,USD,true
06_shopgoodwill_periodic_reports_aug2026.csv,277,SGW-2608-001300,2026-08-05T08:00:00-04:00,2026-08-10,shipped,,USD,true
06_shopgoodwill_periodic_reports_aug2026.csv,900,SGW-2608-001301,2026-08-16T08:00:00-04:00,2026-08-19,shipped,,USD,true
06_shopgoodwill_periodic_reports_aug2026.csv,1782,SGW-2608-001302,2026-08-31T08:00:00-04:00,,pending_fulfillment,,USD,true
06_shopgoodwill_periodic_reports_aug2026.csv,42,SGW-2608-001303,2026-08-01T08:00:00-04:00,2026-08-03,shipped,,USD,true
06_shopgoodwill_periodic_reports_aug2026.csv,759,SGW-2608-001304,2026-08-14T08:00:00-04:00,2026-08-17,shipped,,USD,true
06_shopgoodwill_periodic_reports_aug2026.csv,1160,SGW-2608-001305,2026-08-21T08:00:00-04:00,2026-08-24,shipped,,USD,true
06_shopgoodwill_periodic_reports_aug2026.csv,1783,SGW-2608-001306,2026-08-31T08:00:00-04:00,,pending_fulfillment,,USD,true
06_shopgoodwill_periodic_reports_aug2026.csv,1784,SGW-2608-001307,2026-08-31T08:00:00-04:00,,pending_fulfillment,,USD,true
06_shopgoodwill_periodic_reports_aug2026.csv,1161,SGW-2608-001308,2026-08-21T08:00:00-04:00,2026-08-24,shipped,,USD,true
06_shopgoodwill_periodic_reports_aug2026.csv,434,SGW-2608-001309,2026-08-08T08:00:00-04:00,2026-08-10,shipped,,USD,true
06_shopgoodwill_periodic_reports_aug2026.csv,1162,SGW-2608-001310,2026-08-21T08:00:00-04:00,2026-08-24,shipped,,USD,true
06_shopgoodwill_periodic_reports_aug2026.csv,1449,SGW-2608-001311,2026-08-26T08:00:00-04:00,2026-08-27,shipped,,USD,true
06_shopgoodwill_periodic_reports_aug2026.csv,760,SGW-2608-001312,2026-08-14T08:00:00-04:00,2026-08-17,shipped,,USD,true
06_shopgoodwill_periodic_reports_aug2026.csv,1216,SGW-2608-001313,2026-08-22T08:00:00-04:00,,local_pickup,,USD,true
06_shopgoodwill_periodic_reports_aug2026.csv,1217,SGW-2608-001314,2026-08-22T08:00:00-04:00,2026-08-24,shipped,,USD,true
06_shopgoodwill_periodic_reports_aug2026.csv,1560,SGW-2608-001315,2026-08-28T08:00:00-04:00,,canceled_before_fulfillment,2026-08-30T21:00:00-04:00,USD,true
06_shopgoodwill_periodic_reports_aug2026.csv,1450,SGW-2608-001316,2026-08-26T08:00:00-04:00,2026-08-27,shipped,,USD,true
06_shopgoodwill_periodic_reports_aug2026.csv,1451,SGW-2608-001317,2026-08-26T08:00:00-04:00,2026-08-28,shipped,,USD,true
06_shopgoodwill_periodic_reports_aug2026.csv,1633,SGW-2608-001318,2026-08-29T08:00:00-04:00,,canceled_before_fulfillment,2026-08-30T21:00:00-04:00,USD,true
06_shopgoodwill_periodic_reports_aug2026.csv,838,SGW-2608-001319,2026-08-15T08:00:00-04:00,2026-08-17,shipped,,USD,true
06_shopgoodwill_periodic_reports_aug2026.csv,761,SGW-2608-001320,2026-08-14T08:00:00-04:00,2026-08-17,shipped,,USD,true
06_shopgoodwill_periodic_reports_aug2026.csv,762,SGW-2608-001321,2026-08-14T08:00:00-04:00,2026-08-17,shipped,,USD,true
06_shopgoodwill_periodic_reports_aug2026.csv,563,SGW-2608-001322,2026-08-10T08:00:00-04:00,2026-08-14,shipped,,USD,true
06_shopgoodwill_periodic_reports_aug2026.csv,1090,SGW-2608-001323,2026-08-20T08:00:00-04:00,2026-08-24,shipped,,USD,true
06_shopgoodwill_periodic_reports_aug2026.csv,564,SGW-2608-001324,2026-08-10T08:00:00-04:00,2026-08-12,shipped,,USD,true
06_shopgoodwill_periodic_reports_aug2026.csv,435,SGW-2608-001325,2026-08-08T08:00:00-04:00,2026-08-10,shipped,,USD,true
06_shopgoodwill_periodic_reports_aug2026.csv,364,SGW-2608-001326,2026-08-07T08:00:00-04:00,2026-08-10,shipped,,USD,true
06_shopgoodwill_periodic_reports_aug2026.csv,278,SGW-2608-001327,2026-08-05T08:00:00-04:00,2026-08-06,shipped,,USD,true
06_shopgoodwill_periodic_reports_aug2026.csv,839,SGW-2608-001328,2026-08-15T08:00:00-04:00,2026-08-17,shipped,,USD,true
06_shopgoodwill_periodic_reports_aug2026.csv,763,SGW-2608-001329,2026-08-14T08:00:00-04:00,2026-08-17,shipped,,USD,true
06_shopgoodwill_periodic_reports_aug2026.csv,436,SGW-2608-001330,2026-08-08T08:00:00-04:00,2026-08-10,shipped,,USD,true
06_shopgoodwill_periodic_reports_aug2026.csv,1634,SGW-2608-001331,2026-08-29T08:00:00-04:00,2026-08-31,shipped,,USD,true
06_shopgoodwill_periodic_reports_aug2026.csv,499,SGW-2608-001332,2026-08-09T08:00:00-04:00,,local_pickup,,USD,true
06_shopgoodwill_periodic_reports_aug2026.csv,840,SGW-2608-001333,2026-08-15T08:00:00-04:00,2026-08-17,shipped,,USD,true
06_shopgoodwill_periodic_reports_aug2026.csv,603,SGW-2608-001334,2026-08-11T08:00:00-04:00,2026-08-17,shipped,,USD,true
06_shopgoodwill_periodic_reports_aug2026.csv,1397,SGW-2608-001335,2026-08-25T08:00:00-04:00,2026-08-26,shipped,,USD,true
06_shopgoodwill_periodic_reports_aug2026.csv,604,SGW-2608-001336,2026-08-11T08:00:00-04:00,2026-08-13,shipped,,USD,true
06_shopgoodwill_periodic_reports_aug2026.csv,321,SGW-2608-001337,2026-08-06T08:00:00-04:00,2026-08-07,shipped,2026-08-17T21:00:00-04:00,USD,true
06_shopgoodwill_periodic_reports_aug2026.csv,1003,SGW-2608-001338,2026-08-18T08:00:00-04:00,2026-08-24,shipped,,USD,true
06_shopgoodwill_periodic_reports_aug2026.csv,605,SGW-2608-001339,2026-08-11T08:00:00-04:00,2026-08-14,shipped,,USD,true
06_shopgoodwill_periodic_reports_aug2026.csv,279,SGW-2608-001340,2026-08-05T08:00:00-04:00,2026-08-07,shipped,,USD,true
06_shopgoodwill_periodic_reports_aug2026.csv,1339,SGW-2608-001341,2026-08-24T08:00:00-04:00,2026-08-25,shipped,,USD,true
06_shopgoodwill_periodic_reports_aug2026.csv,709,SGW-2608-001342,2026-08-13T08:00:00-04:00,2026-08-14,shipped,,USD,true
06_shopgoodwill_periodic_reports_aug2026.csv,1398,SGW-2608-001343,2026-08-25T08:00:00-04:00,2026-08-26,shipped,,USD,true
06_shopgoodwill_periodic_reports_aug2026.csv,437,SGW-2608-001344,2026-08-08T08:00:00-04:00,2026-08-10,shipped,,USD,true
06_shopgoodwill_periodic_reports_aug2026.csv,710,SGW-2608-001345,2026-08-13T08:00:00-04:00,2026-08-14,shipped,,USD,true
06_shopgoodwill_periodic_reports_aug2026.csv,1785,SGW-2608-001346,2026-08-31T08:00:00-04:00,,pending_fulfillment,,USD,true
06_shopgoodwill_periodic_reports_aug2026.csv,606,SGW-2608-001347,2026-08-11T08:00:00-04:00,2026-08-12,shipped,,USD,true
06_shopgoodwill_periodic_reports_aug2026.csv,1040,SGW-2608-001348,2026-08-19T08:00:00-04:00,2026-08-20,shipped,,USD,true
06_shopgoodwill_periodic_reports_aug2026.csv,500,SGW-2608-001349,2026-08-09T08:00:00-04:00,2026-08-11,shipped,,USD,true
06_shopgoodwill_periodic_reports_aug2026.csv,607,SGW-2608-001350,2026-08-11T08:00:00-04:00,2026-08-12,shipped,,USD,true
06_shopgoodwill_periodic_reports_aug2026.csv,1281,SGW-2608-001351,2026-08-23T08:00:00-04:00,2026-08-24,shipped,,USD,true
06_shopgoodwill_periodic_reports_aug2026.csv,1091,SGW-2608-001352,2026-08-20T08:00:00-04:00,2026-08-21,shipped,,USD,true
06_shopgoodwill_periodic_reports_aug2026.csv,711,SGW-2608-001353,2026-08-13T08:00:00-04:00,2026-08-14,shipped,,USD,true
06_shopgoodwill_periodic_reports_aug2026.csv,1218,SGW-2608-001354,2026-08-22T08:00:00-04:00,2026-08-24,shipped,,USD,true
06_shopgoodwill_periodic_reports_aug2026.csv,901,SGW-2608-001355,2026-08-16T08:00:00-04:00,2026-08-19,shipped,,USD,true
06_shopgoodwill_periodic_reports_aug2026.csv,1501,SGW-2608-001356,2026-08-27T08:00:00-04:00,2026-08-31,shipped,,USD,true
06_shopgoodwill_periodic_reports_aug2026.csv,1092,SGW-2608-001357,2026-08-20T08:00:00-04:00,2026-08-24,shipped,,USD,true
06_shopgoodwill_periodic_reports_aug2026.csv,712,SGW-2608-001358,2026-08-13T08:00:00-04:00,2026-08-17,shipped,,USD,true
06_shopgoodwill_periodic_reports_aug2026.csv,956,SGW-2608-001359,2026-08-17T08:00:00-04:00,2026-08-18,shipped,,USD,true
06_shopgoodwill_periodic_reports_aug2026.csv,153,SGW-2608-001360,2026-08-03T08:00:00-04:00,2026-08-04,shipped,,USD,true
06_shopgoodwill_periodic_reports_aug2026.csv,1561,SGW-2608-001361,2026-08-28T08:00:00-04:00,2026-08-31,shipped,,USD,true
06_shopgoodwill_periodic_reports_aug2026.csv,957,SGW-2608-001362,2026-08-17T08:00:00-04:00,2026-08-18,shipped,,USD,true
06_shopgoodwill_periodic_reports_aug2026.csv,713,SGW-2608-001363,2026-08-13T08:00:00-04:00,2026-08-17,shipped,,USD,true
06_shopgoodwill_periodic_reports_aug2026.csv,365,SGW-2608-001364,2026-08-07T08:00:00-04:00,2026-08-10,shipped,,USD,true
06_shopgoodwill_periodic_reports_aug2026.csv,154,SGW-2608-001365,2026-08-03T08:00:00-04:00,,local_pickup,,USD,true
06_shopgoodwill_periodic_reports_aug2026.csv,1041,SGW-2608-001366,2026-08-19T08:00:00-04:00,2026-08-24,shipped,,USD,true
06_shopgoodwill_periodic_reports_aug2026.csv,225,SGW-2608-001367,2026-08-04T08:00:00-04:00,2026-08-05,shipped,,USD,true
06_shopgoodwill_periodic_reports_aug2026.csv,1635,SGW-2608-001368,2026-08-29T08:00:00-04:00,2026-08-31,shipped,,USD,true
06_shopgoodwill_periodic_reports_aug2026.csv,714,SGW-2608-001369,2026-08-13T08:00:00-04:00,2026-08-17,shipped,,USD,true
06_shopgoodwill_periodic_reports_aug2026.csv,501,SGW-2608-001370,2026-08-09T08:00:00-04:00,2026-08-10,shipped,,USD,true
06_shopgoodwill_periodic_reports_aug2026.csv,1282,SGW-2608-001371,2026-08-23T08:00:00-04:00,2026-08-24,shipped,,USD,true
06_shopgoodwill_periodic_reports_aug2026.csv,1093,SGW-2608-001372,2026-08-20T08:00:00-04:00,2026-08-24,shipped,,USD,true
06_shopgoodwill_periodic_reports_aug2026.csv,155,SGW-2608-001373,2026-08-03T08:00:00-04:00,,local_pickup,,USD,true
06_shopgoodwill_periodic_reports_aug2026.csv,226,SGW-2608-001374,2026-08-04T08:00:00-04:00,2026-08-05,shipped,,USD,true
06_shopgoodwill_periodic_reports_aug2026.csv,1004,SGW-2608-001375,2026-08-18T08:00:00-04:00,2026-08-19,shipped,,USD,true
06_shopgoodwill_periodic_reports_aug2026.csv,438,SGW-2608-001376,2026-08-08T08:00:00-04:00,2026-08-10,shipped,,USD,true
06_shopgoodwill_periodic_reports_aug2026.csv,156,SGW-2608-001377,2026-08-03T08:00:00-04:00,2026-08-06,shipped,,USD,true
06_shopgoodwill_periodic_reports_aug2026.csv,565,SGW-2608-001378,2026-08-10T08:00:00-04:00,2026-08-11,shipped,,USD,true
06_shopgoodwill_periodic_reports_aug2026.csv,1094,SGW-2608-001379,2026-08-20T08:00:00-04:00,,local_pickup,,USD,true
06_shopgoodwill_periodic_reports_aug2026.csv,1042,SGW-2608-001380,2026-08-19T08:00:00-04:00,2026-08-21,shipped,,USD,true
06_shopgoodwill_periodic_reports_aug2026.csv,502,SGW-2608-001381,2026-08-09T08:00:00-04:00,2026-08-10,shipped,,USD,true
06_shopgoodwill_periodic_reports_aug2026.csv,1163,SGW-2608-001382,2026-08-21T08:00:00-04:00,2026-08-24,shipped,,USD,true
06_shopgoodwill_periodic_reports_aug2026.csv,1562,SGW-2608-001383,2026-08-28T08:00:00-04:00,2026-08-31,shipped,,USD,true
06_shopgoodwill_periodic_reports_aug2026.csv,280,SGW-2608-001384,2026-08-05T08:00:00-04:00,2026-08-06,shipped,,USD,true
06_shopgoodwill_periodic_reports_aug2026.csv,1219,SGW-2608-001385,2026-08-22T08:00:00-04:00,2026-08-24,shipped,,USD,true
06_shopgoodwill_periodic_reports_aug2026.csv,157,SGW-2608-001386,2026-08-03T08:00:00-04:00,2026-08-04,shipped,,USD,true
06_shopgoodwill_periodic_reports_aug2026.csv,1636,SGW-2608-001387,2026-08-29T08:00:00-04:00,2026-08-31,shipped,,USD,true
06_shopgoodwill_periodic_reports_aug2026.csv,43,SGW-2608-001388,2026-08-01T08:00:00-04:00,2026-08-03,shipped,,USD,true
06_shopgoodwill_periodic_reports_aug2026.csv,103,SGW-2608-001389,2026-08-02T08:00:00-04:00,2026-08-04,shipped,,USD,true
06_shopgoodwill_periodic_reports_aug2026.csv,1283,SGW-2608-001390,2026-08-23T08:00:00-04:00,2026-08-26,shipped,,USD,true
06_shopgoodwill_periodic_reports_aug2026.csv,439,SGW-2608-001391,2026-08-08T08:00:00-04:00,2026-08-10,shipped,,USD,true
06_shopgoodwill_periodic_reports_aug2026.csv,1164,SGW-2608-001392,2026-08-21T08:00:00-04:00,2026-08-24,shipped,,USD,true
06_shopgoodwill_periodic_reports_aug2026.csv,660,SGW-2608-001393,2026-08-12T08:00:00-04:00,2026-08-14,shipped,,USD,true
06_shopgoodwill_periodic_reports_aug2026.csv,440,SGW-2608-001394,2026-08-08T08:00:00-04:00,2026-08-11,shipped,2026-08-19T21:00:00-04:00,USD,true
06_shopgoodwill_periodic_reports_aug2026.csv,764,SGW-2608-001395,2026-08-14T08:00:00-04:00,2026-08-18,shipped,,USD,true
06_shopgoodwill_periodic_reports_aug2026.csv,1452,SGW-2608-001396,2026-08-26T08:00:00-04:00,2026-08-28,shipped,,USD,true
06_shopgoodwill_periodic_reports_aug2026.csv,1340,SGW-2608-001397,2026-08-24T08:00:00-04:00,2026-08-26,shipped,,USD,true
06_shopgoodwill_periodic_reports_aug2026.csv,158,SGW-2608-001398,2026-08-03T08:00:00-04:00,2026-08-04,shipped,,USD,true
06_shopgoodwill_periodic_reports_aug2026.csv,1165,SGW-2608-001399,2026-08-21T08:00:00-04:00,2026-08-25,shipped,,USD,true
06_shopgoodwill_periodic_reports_aug2026.csv,715,SGW-2608-001400,2026-08-13T08:00:00-04:00,,local_pickup,,USD,true
06_shopgoodwill_periodic_reports_aug2026.csv,366,SGW-2608-001401,2026-08-07T08:00:00-04:00,2026-08-10,shipped,,USD,true
06_shopgoodwill_periodic_reports_aug2026.csv,902,SGW-2608-001402,2026-08-16T08:00:00-04:00,2026-08-20,shipped,,USD,true
06_shopgoodwill_periodic_reports_aug2026.csv,44,SGW-2608-001403,2026-08-01T08:00:00-04:00,2026-08-03,shipped,,USD,true
06_shopgoodwill_periodic_reports_aug2026.csv,608,SGW-2608-001404,2026-08-11T08:00:00-04:00,2026-08-12,shipped,,USD,true
06_shopgoodwill_periodic_reports_aug2026.csv,503,SGW-2608-001405,2026-08-09T08:00:00-04:00,2026-08-12,shipped,,USD,true
06_shopgoodwill_periodic_reports_aug2026.csv,566,SGW-2608-001406,2026-08-10T08:00:00-04:00,2026-08-11,shipped,,USD,true
06_shopgoodwill_periodic_reports_aug2026.csv,504,SGW-2608-001407,2026-08-09T08:00:00-04:00,2026-08-11,shipped,,USD,true
06_shopgoodwill_periodic_reports_aug2026.csv,1043,SGW-2608-001408,2026-08-19T08:00:00-04:00,2026-08-24,shipped,,USD,true
06_shopgoodwill_periodic_reports_aug2026.csv,1711,SGW-2608-001409,2026-08-30T08:00:00-04:00,2026-08-31,shipped,,USD,true
06_shopgoodwill_periodic_reports_aug2026.csv,765,SGW-2608-001410,2026-08-14T08:00:00-04:00,2026-08-17,shipped,,USD,true
06_shopgoodwill_periodic_reports_aug2026.csv,766,SGW-2608-001411,2026-08-14T08:00:00-04:00,2026-08-17,shipped,,USD,true
06_shopgoodwill_periodic_reports_aug2026.csv,609,SGW-2608-001412,2026-08-11T08:00:00-04:00,2026-08-17,shipped,,USD,true
06_shopgoodwill_periodic_reports_aug2026.csv,367,SGW-2608-001413,2026-08-07T08:00:00-04:00,2026-08-10,shipped,,USD,true
06_shopgoodwill_periodic_reports_aug2026.csv,441,SGW-2608-001414,2026-08-08T08:00:00-04:00,2026-08-11,shipped,,USD,true
06_shopgoodwill_periodic_reports_aug2026.csv,1786,SGW-2608-001415,2026-08-31T08:00:00-04:00,,pending_fulfillment,,USD,true
06_shopgoodwill_periodic_reports_aug2026.csv,227,SGW-2608-001416,2026-08-04T08:00:00-04:00,2026-08-05,shipped,,USD,true
06_shopgoodwill_periodic_reports_aug2026.csv,958,SGW-2608-001417,2026-08-17T08:00:00-04:00,2026-08-19,shipped,,USD,true
06_shopgoodwill_periodic_reports_aug2026.csv,661,SGW-2608-001418,2026-08-12T08:00:00-04:00,2026-08-13,shipped,,USD,true
06_shopgoodwill_periodic_reports_aug2026.csv,1005,SGW-2608-001419,2026-08-18T08:00:00-04:00,2026-08-20,shipped,,USD,true
06_shopgoodwill_periodic_reports_aug2026.csv,662,SGW-2608-001420,2026-08-12T08:00:00-04:00,2026-08-14,shipped,,USD,true
06_shopgoodwill_periodic_reports_aug2026.csv,1341,SGW-2608-001421,2026-08-24T08:00:00-04:00,2026-08-26,shipped,,USD,true
06_shopgoodwill_periodic_reports_aug2026.csv,1502,SGW-2608-001422,2026-08-27T08:00:00-04:00,2026-08-31,shipped,,USD,true
06_shopgoodwill_periodic_reports_aug2026.csv,281,SGW-2608-001423,2026-08-05T08:00:00-04:00,2026-08-06,shipped,,USD,true
06_shopgoodwill_periodic_reports_aug2026.csv,45,SGW-2608-001424,2026-08-01T08:00:00-04:00,2026-08-03,shipped,,USD,true
06_shopgoodwill_periodic_reports_aug2026.csv,716,SGW-2608-001425,2026-08-13T08:00:00-04:00,2026-08-17,shipped,,USD,true
06_shopgoodwill_periodic_reports_aug2026.csv,767,SGW-2608-001426,2026-08-14T08:00:00-04:00,2026-08-17,shipped,,USD,true
06_shopgoodwill_periodic_reports_aug2026.csv,1342,SGW-2608-001427,2026-08-24T08:00:00-04:00,2026-08-25,shipped,,USD,true
06_shopgoodwill_periodic_reports_aug2026.csv,1220,SGW-2608-001428,2026-08-22T08:00:00-04:00,2026-08-26,shipped,,USD,true
06_shopgoodwill_periodic_reports_aug2026.csv,1453,SGW-2608-001429,2026-08-26T08:00:00-04:00,2026-08-28,shipped,,USD,true
06_shopgoodwill_periodic_reports_aug2026.csv,768,SGW-2608-001430,2026-08-14T08:00:00-04:00,2026-08-17,shipped,,USD,true
06_shopgoodwill_periodic_reports_aug2026.csv,1044,SGW-2608-001431,2026-08-19T08:00:00-04:00,2026-08-21,shipped,,USD,true
06_shopgoodwill_periodic_reports_aug2026.csv,567,SGW-2608-001432,2026-08-10T08:00:00-04:00,2026-08-13,shipped,,USD,true
06_shopgoodwill_periodic_reports_aug2026.csv,442,SGW-2608-001433,2026-08-08T08:00:00-04:00,2026-08-12,shipped,,USD,true
06_shopgoodwill_periodic_reports_aug2026.csv,368,SGW-2608-001434,2026-08-07T08:00:00-04:00,2026-08-10,shipped,,USD,true
06_shopgoodwill_periodic_reports_aug2026.csv,159,SGW-2608-001435,2026-08-03T08:00:00-04:00,2026-08-06,shipped,,USD,true
06_shopgoodwill_periodic_reports_aug2026.csv,1712,SGW-2608-001436,2026-08-30T08:00:00-04:00,,pending_fulfillment,,USD,true
06_shopgoodwill_periodic_reports_aug2026.csv,1284,SGW-2608-001437,2026-08-23T08:00:00-04:00,,local_pickup,,USD,true
06_shopgoodwill_periodic_reports_aug2026.csv,841,SGW-2608-001438,2026-08-15T08:00:00-04:00,2026-08-19,shipped,,USD,true
06_shopgoodwill_periodic_reports_aug2026.csv,842,SGW-2608-001439,2026-08-15T08:00:00-04:00,2026-08-17,shipped,2026-08-23T21:00:00-04:00,USD,true
06_shopgoodwill_periodic_reports_aug2026.csv,610,SGW-2608-001440,2026-08-11T08:00:00-04:00,2026-08-12,shipped,,USD,true
06_shopgoodwill_periodic_reports_aug2026.csv,1454,SGW-2608-001441,2026-08-26T08:00:00-04:00,2026-08-27,shipped,,USD,true
06_shopgoodwill_periodic_reports_aug2026.csv,160,SGW-2608-001442,2026-08-03T08:00:00-04:00,2026-08-05,shipped,,USD,true
06_shopgoodwill_periodic_reports_aug2026.csv,1713,SGW-2608-001443,2026-08-30T08:00:00-04:00,,pending_fulfillment,,USD,true
06_shopgoodwill_periodic_reports_aug2026.csv,1095,SGW-2608-001444,2026-08-20T08:00:00-04:00,2026-08-24,shipped,,USD,true
06_shopgoodwill_periodic_reports_aug2026.csv,228,SGW-2608-001445,2026-08-04T08:00:00-04:00,2026-08-05,shipped,,USD,true
06_shopgoodwill_periodic_reports_aug2026.csv,1563,SGW-2608-001446,2026-08-28T08:00:00-04:00,2026-08-31,shipped,,USD,true
06_shopgoodwill_periodic_reports_aug2026.csv,568,SGW-2608-001447,2026-08-10T08:00:00-04:00,2026-08-12,shipped,,USD,true
06_shopgoodwill_periodic_reports_aug2026.csv,769,SGW-2608-001448,2026-08-14T08:00:00-04:00,,local_pickup,,USD,true
06_shopgoodwill_periodic_reports_aug2026.csv,959,SGW-2608-001449,2026-08-17T08:00:00-04:00,2026-08-18,shipped,2026-08-19T21:00:00-04:00,USD,true
06_shopgoodwill_periodic_reports_aug2026.csv,1564,SGW-2608-001450,2026-08-28T08:00:00-04:00,2026-08-31,shipped,,USD,true
06_shopgoodwill_periodic_reports_aug2026.csv,229,SGW-2608-001451,2026-08-04T08:00:00-04:00,,local_pickup,,USD,true
06_shopgoodwill_periodic_reports_aug2026.csv,1455,SGW-2608-001452,2026-08-26T08:00:00-04:00,2026-08-27,shipped,,USD,true
06_shopgoodwill_periodic_reports_aug2026.csv,1343,SGW-2608-001453,2026-08-24T08:00:00-04:00,2026-08-25,shipped,,USD,true
06_shopgoodwill_periodic_reports_aug2026.csv,1221,SGW-2608-001454,2026-08-22T08:00:00-04:00,2026-08-25,shipped,,USD,true
06_shopgoodwill_periodic_reports_aug2026.csv,1503,SGW-2608-001455,2026-08-27T08:00:00-04:00,2026-08-31,shipped,,USD,true
06_shopgoodwill_periodic_reports_aug2026.csv,843,SGW-2608-001456,2026-08-15T08:00:00-04:00,2026-08-19,shipped,,USD,true
06_shopgoodwill_periodic_reports_aug2026.csv,1045,SGW-2608-001457,2026-08-19T08:00:00-04:00,2026-08-21,shipped,,USD,true
06_shopgoodwill_periodic_reports_aug2026.csv,1046,SGW-2608-001458,2026-08-19T08:00:00-04:00,2026-08-20,shipped,2026-08-29T21:00:00-04:00,USD,true
06_shopgoodwill_periodic_reports_aug2026.csv,663,SGW-2608-001459,2026-08-12T08:00:00-04:00,,canceled_before_fulfillment,2026-08-19T21:00:00-04:00,USD,true
06_shopgoodwill_periodic_reports_aug2026.csv,960,SGW-2608-001460,2026-08-17T08:00:00-04:00,2026-08-18,shipped,,USD,true
06_shopgoodwill_periodic_reports_aug2026.csv,369,SGW-2608-001461,2026-08-07T08:00:00-04:00,2026-08-10,shipped,,USD,true
06_shopgoodwill_periodic_reports_aug2026.csv,46,SGW-2608-001462,2026-08-01T08:00:00-04:00,2026-08-03,shipped,,USD,true
06_shopgoodwill_periodic_reports_aug2026.csv,569,SGW-2608-001463,2026-08-10T08:00:00-04:00,2026-08-12,shipped,,USD,true
06_shopgoodwill_periodic_reports_aug2026.csv,1166,SGW-2608-001464,2026-08-21T08:00:00-04:00,,local_pickup,,USD,true
06_shopgoodwill_periodic_reports_aug2026.csv,1565,SGW-2608-001465,2026-08-28T08:00:00-04:00,2026-08-31,shipped,,USD,true
06_shopgoodwill_periodic_reports_aug2026.csv,1047,SGW-2608-001466,2026-08-19T08:00:00-04:00,2026-08-24,shipped,,USD,true
06_shopgoodwill_periodic_reports_aug2026.csv,770,SGW-2608-001467,2026-08-14T08:00:00-04:00,2026-08-17,shipped,,USD,true
06_shopgoodwill_periodic_reports_aug2026.csv,47,SGW-2608-001468,2026-08-01T08:00:00-04:00,2026-08-03,shipped,,USD,true
06_shopgoodwill_periodic_reports_aug2026.csv,322,SGW-2608-001469,2026-08-06T08:00:00-04:00,,local_pickup,,USD,true
06_shopgoodwill_periodic_reports_aug2026.csv,664,SGW-2608-001470,2026-08-12T08:00:00-04:00,2026-08-14,shipped,,USD,true
06_shopgoodwill_periodic_reports_aug2026.csv,1566,SGW-2608-001471,2026-08-28T08:00:00-04:00,2026-08-31,shipped,,USD,true
06_shopgoodwill_periodic_reports_aug2026.csv,1456,SGW-2608-001472,2026-08-26T08:00:00-04:00,,local_pickup,,USD,true
06_shopgoodwill_periodic_reports_aug2026.csv,1222,SGW-2608-001473,2026-08-22T08:00:00-04:00,2026-08-25,shipped,2026-08-28T21:00:00-04:00,USD,true
06_shopgoodwill_periodic_reports_aug2026.csv,611,SGW-2608-001474,2026-08-11T08:00:00-04:00,2026-08-14,shipped,,USD,true
06_shopgoodwill_periodic_reports_aug2026.csv,1096,SGW-2608-001475,2026-08-20T08:00:00-04:00,2026-08-21,shipped,,USD,true
06_shopgoodwill_periodic_reports_aug2026.csv,1344,SGW-2608-001476,2026-08-24T08:00:00-04:00,2026-08-25,shipped,,USD,true
06_shopgoodwill_periodic_reports_aug2026.csv,1714,SGW-2608-001477,2026-08-30T08:00:00-04:00,,pending_fulfillment,,USD,true
06_shopgoodwill_periodic_reports_aug2026.csv,443,SGW-2608-001478,2026-08-08T08:00:00-04:00,2026-08-10,shipped,2026-08-20T21:00:00-04:00,USD,true
06_shopgoodwill_periodic_reports_aug2026.csv,444,SGW-2608-001479,2026-08-08T08:00:00-04:00,2026-08-11,shipped,,USD,true
06_shopgoodwill_periodic_reports_aug2026.csv,161,SGW-2608-001480,2026-08-03T08:00:00-04:00,,canceled_before_fulfillment,2026-08-05T21:00:00-04:00,USD,true
06_shopgoodwill_periodic_reports_aug2026.csv,717,SGW-2608-001481,2026-08-13T08:00:00-04:00,,local_pickup,,USD,true
06_shopgoodwill_periodic_reports_aug2026.csv,718,SGW-2608-001482,2026-08-13T08:00:00-04:00,2026-08-14,shipped,,USD,true
06_shopgoodwill_periodic_reports_aug2026.csv,370,SGW-2608-001483,2026-08-07T08:00:00-04:00,2026-08-10,shipped,,USD,true
06_shopgoodwill_periodic_reports_aug2026.csv,505,SGW-2608-001484,2026-08-09T08:00:00-04:00,2026-08-10,shipped,,USD,true
06_shopgoodwill_periodic_reports_aug2026.csv,230,SGW-2608-001485,2026-08-04T08:00:00-04:00,2026-08-06,shipped,,USD,true
06_shopgoodwill_periodic_reports_aug2026.csv,1567,SGW-2608-001486,2026-08-28T08:00:00-04:00,2026-08-31,shipped,,USD,true
06_shopgoodwill_periodic_reports_aug2026.csv,1399,SGW-2608-001487,2026-08-25T08:00:00-04:00,2026-08-31,shipped,,USD,true
06_shopgoodwill_periodic_reports_aug2026.csv,903,SGW-2608-001488,2026-08-16T08:00:00-04:00,2026-08-18,shipped,,USD,true
06_shopgoodwill_periodic_reports_aug2026.csv,282,SGW-2608-001489,2026-08-05T08:00:00-04:00,2026-08-06,shipped,,USD,true
06_shopgoodwill_periodic_reports_aug2026.csv,445,SGW-2608-001490,2026-08-08T08:00:00-04:00,2026-08-10,shipped,,USD,true
06_shopgoodwill_periodic_reports_aug2026.csv,1457,SGW-2608-001491,2026-08-26T08:00:00-04:00,2026-08-27,shipped,,USD,true
06_shopgoodwill_periodic_reports_aug2026.csv,506,SGW-2608-001492,2026-08-09T08:00:00-04:00,2026-08-10,shipped,,USD,true
06_shopgoodwill_periodic_reports_aug2026.csv,1097,SGW-2608-001493,2026-08-20T08:00:00-04:00,2026-08-21,shipped,,USD,true
06_shopgoodwill_periodic_reports_aug2026.csv,507,SGW-2608-001494,2026-08-09T08:00:00-04:00,2026-08-12,shipped,,USD,true
06_shopgoodwill_periodic_reports_aug2026.csv,904,SGW-2608-001495,2026-08-16T08:00:00-04:00,2026-08-17,shipped,,USD,true
06_shopgoodwill_periodic_reports_aug2026.csv,371,SGW-2608-001496,2026-08-07T08:00:00-04:00,,local_pickup,,USD,true
06_shopgoodwill_periodic_reports_aug2026.csv,1098,SGW-2608-001497,2026-08-20T08:00:00-04:00,2026-08-21,shipped,,USD,true
06_shopgoodwill_periodic_reports_aug2026.csv,1715,SGW-2608-001498,2026-08-30T08:00:00-04:00,,pending_fulfillment,2026-08-31T21:00:00-04:00,USD,true
06_shopgoodwill_periodic_reports_aug2026.csv,1223,SGW-2608-001499,2026-08-22T08:00:00-04:00,2026-08-24,shipped,,USD,true
06_shopgoodwill_periodic_reports_aug2026.csv,1167,SGW-2608-001500,2026-08-21T08:00:00-04:00,2026-08-24,shipped,,USD,true
06_shopgoodwill_periodic_reports_aug2026.csv,665,SGW-2608-001501,2026-08-12T08:00:00-04:00,2026-08-17,shipped,,USD,true
06_shopgoodwill_periodic_reports_aug2026.csv,1504,SGW-2608-001502,2026-08-27T08:00:00-04:00,2026-08-28,shipped,,USD,true
06_shopgoodwill_periodic_reports_aug2026.csv,612,SGW-2608-001503,2026-08-11T08:00:00-04:00,2026-08-12,shipped,,USD,true
06_shopgoodwill_periodic_reports_aug2026.csv,1224,SGW-2608-001504,2026-08-22T08:00:00-04:00,2026-08-24,shipped,,USD,true
06_shopgoodwill_periodic_reports_aug2026.csv,1285,SGW-2608-001505,2026-08-23T08:00:00-04:00,2026-08-26,shipped,,USD,true
06_shopgoodwill_periodic_reports_aug2026.csv,1048,SGW-2608-001506,2026-08-19T08:00:00-04:00,2026-08-21,shipped,,USD,true
06_shopgoodwill_periodic_reports_aug2026.csv,1400,SGW-2608-001507,2026-08-25T08:00:00-04:00,2026-08-27,shipped,,USD,true
06_shopgoodwill_periodic_reports_aug2026.csv,1049,SGW-2608-001508,2026-08-19T08:00:00-04:00,2026-08-21,shipped,,USD,true
06_shopgoodwill_periodic_reports_aug2026.csv,231,SGW-2608-001509,2026-08-04T08:00:00-04:00,2026-08-05,shipped,,USD,true
06_shopgoodwill_periodic_reports_aug2026.csv,905,SGW-2608-001510,2026-08-16T08:00:00-04:00,2026-08-19,shipped,,USD,true
06_shopgoodwill_periodic_reports_aug2026.csv,1716,SGW-2608-001511,2026-08-30T08:00:00-04:00,,local_pickup,,USD,true
06_shopgoodwill_periodic_reports_aug2026.csv,961,SGW-2608-001512,2026-08-17T08:00:00-04:00,2026-08-18,shipped,,USD,true
06_shopgoodwill_periodic_reports_aug2026.csv,1458,SGW-2608-001513,2026-08-26T08:00:00-04:00,2026-08-27,shipped,,USD,true
06_shopgoodwill_periodic_reports_aug2026.csv,844,SGW-2608-001514,2026-08-15T08:00:00-04:00,2026-08-18,shipped,2026-08-25T21:00:00-04:00,USD,true
06_shopgoodwill_periodic_reports_aug2026.csv,719,SGW-2608-001515,2026-08-13T08:00:00-04:00,2026-08-17,shipped,,USD,true
06_shopgoodwill_periodic_reports_aug2026.csv,1717,SGW-2608-001516,2026-08-30T08:00:00-04:00,2026-08-31,shipped,,USD,true
06_shopgoodwill_periodic_reports_aug2026.csv,104,SGW-2608-001517,2026-08-02T08:00:00-04:00,2026-08-04,shipped,,USD,true
06_shopgoodwill_periodic_reports_aug2026.csv,771,SGW-2608-001518,2026-08-14T08:00:00-04:00,2026-08-17,shipped,,USD,true
06_shopgoodwill_periodic_reports_aug2026.csv,613,SGW-2608-001519,2026-08-11T08:00:00-04:00,2026-08-12,shipped,,USD,true
06_shopgoodwill_periodic_reports_aug2026.csv,446,SGW-2608-001520,2026-08-08T08:00:00-04:00,2026-08-10,shipped,,USD,true
06_shopgoodwill_periodic_reports_aug2026.csv,1006,SGW-2608-001521,2026-08-18T08:00:00-04:00,2026-08-21,shipped,2026-08-26T21:00:00-04:00,USD,true
06_shopgoodwill_periodic_reports_aug2026.csv,1459,SGW-2608-001522,2026-08-26T08:00:00-04:00,,local_pickup,,USD,true
06_shopgoodwill_periodic_reports_aug2026.csv,508,SGW-2608-001523,2026-08-09T08:00:00-04:00,2026-08-12,shipped,,USD,true
06_shopgoodwill_periodic_reports_aug2026.csv,962,SGW-2608-001524,2026-08-17T08:00:00-04:00,2026-08-18,shipped,,USD,true
06_shopgoodwill_periodic_reports_aug2026.csv,666,SGW-2608-001525,2026-08-12T08:00:00-04:00,2026-08-14,shipped,,USD,true
06_shopgoodwill_periodic_reports_aug2026.csv,1637,SGW-2608-001526,2026-08-29T08:00:00-04:00,2026-08-31,shipped,,USD,true
06_shopgoodwill_periodic_reports_aug2026.csv,1638,SGW-2608-001527,2026-08-29T08:00:00-04:00,2026-08-31,shipped,,USD,true
06_shopgoodwill_periodic_reports_aug2026.csv,963,SGW-2608-001528,2026-08-17T08:00:00-04:00,2026-08-20,shipped,,USD,true
06_shopgoodwill_periodic_reports_aug2026.csv,845,SGW-2608-001529,2026-08-15T08:00:00-04:00,2026-08-17,shipped,,USD,true
06_shopgoodwill_periodic_reports_aug2026.csv,323,SGW-2608-001530,2026-08-06T08:00:00-04:00,2026-08-10,shipped,,USD,true
06_shopgoodwill_periodic_reports_aug2026.csv,614,SGW-2608-001531,2026-08-11T08:00:00-04:00,2026-08-17,shipped,,USD,true
06_shopgoodwill_periodic_reports_aug2026.csv,1286,SGW-2608-001532,2026-08-23T08:00:00-04:00,2026-08-24,shipped,,USD,true
06_shopgoodwill_periodic_reports_aug2026.csv,1639,SGW-2608-001533,2026-08-29T08:00:00-04:00,2026-08-31,shipped,,USD,true
06_shopgoodwill_periodic_reports_aug2026.csv,964,SGW-2608-001534,2026-08-17T08:00:00-04:00,2026-08-18,shipped,,USD,true
06_shopgoodwill_periodic_reports_aug2026.csv,772,SGW-2608-001535,2026-08-14T08:00:00-04:00,2026-08-17,shipped,,USD,true
06_shopgoodwill_periodic_reports_aug2026.csv,1007,SGW-2608-001536,2026-08-18T08:00:00-04:00,2026-08-20,shipped,,USD,true
06_shopgoodwill_periodic_reports_aug2026.csv,1718,SGW-2608-001537,2026-08-30T08:00:00-04:00,2026-08-31,shipped,,USD,true
06_shopgoodwill_periodic_reports_aug2026.csv,1287,SGW-2608-001538,2026-08-23T08:00:00-04:00,2026-08-25,shipped,,USD,true
06_shopgoodwill_periodic_reports_aug2026.csv,509,SGW-2608-001539,2026-08-09T08:00:00-04:00,2026-08-10,shipped,,USD,true
06_shopgoodwill_periodic_reports_aug2026.csv,510,SGW-2608-001540,2026-08-09T08:00:00-04:00,2026-08-10,shipped,,USD,true
06_shopgoodwill_periodic_reports_aug2026.csv,1505,SGW-2608-001541,2026-08-27T08:00:00-04:00,2026-08-31,shipped,,USD,true
06_shopgoodwill_periodic_reports_aug2026.csv,447,SGW-2608-001542,2026-08-08T08:00:00-04:00,2026-08-12,shipped,,USD,true
06_shopgoodwill_periodic_reports_aug2026.csv,511,SGW-2608-001543,2026-08-09T08:00:00-04:00,2026-08-10,shipped,,USD,true
06_shopgoodwill_periodic_reports_aug2026.csv,1787,SGW-2608-001544,2026-08-31T08:00:00-04:00,,pending_fulfillment,,USD,true
06_shopgoodwill_periodic_reports_aug2026.csv,1640,SGW-2608-001545,2026-08-29T08:00:00-04:00,2026-08-31,shipped,,USD,true
06_shopgoodwill_periodic_reports_aug2026.csv,1288,SGW-2608-001546,2026-08-23T08:00:00-04:00,,canceled_before_fulfillment,2026-08-28T21:00:00-04:00,USD,true
06_shopgoodwill_periodic_reports_aug2026.csv,773,SGW-2608-001547,2026-08-14T08:00:00-04:00,2026-08-17,shipped,,USD,true
06_shopgoodwill_periodic_reports_aug2026.csv,1099,SGW-2608-001548,2026-08-20T08:00:00-04:00,2026-08-21,shipped,,USD,true
06_shopgoodwill_periodic_reports_aug2026.csv,1568,SGW-2608-001549,2026-08-28T08:00:00-04:00,2026-08-31,shipped,,USD,true
06_shopgoodwill_periodic_reports_aug2026.csv,1506,SGW-2608-001550,2026-08-27T08:00:00-04:00,2026-08-28,shipped,,USD,true
06_shopgoodwill_periodic_reports_aug2026.csv,283,SGW-2608-001551,2026-08-05T08:00:00-04:00,2026-08-10,shipped,,USD,true
06_shopgoodwill_periodic_reports_aug2026.csv,372,SGW-2608-001552,2026-08-07T08:00:00-04:00,2026-08-10,shipped,,USD,true
06_shopgoodwill_periodic_reports_aug2026.csv,105,SGW-2608-001553,2026-08-02T08:00:00-04:00,2026-08-03,shipped,,USD,true
06_shopgoodwill_periodic_reports_aug2026.csv,1168,SGW-2608-001554,2026-08-21T08:00:00-04:00,2026-08-24,shipped,2026-08-28T21:00:00-04:00,USD,true
06_shopgoodwill_periodic_reports_aug2026.csv,570,SGW-2608-001555,2026-08-10T08:00:00-04:00,2026-08-12,shipped,,USD,true
06_shopgoodwill_periodic_reports_aug2026.csv,1008,SGW-2608-001556,2026-08-18T08:00:00-04:00,2026-08-20,shipped,2026-08-24T21:00:00-04:00,USD,true
06_shopgoodwill_periodic_reports_aug2026.csv,1289,SGW-2608-001557,2026-08-23T08:00:00-04:00,2026-08-25,shipped,,USD,true
06_shopgoodwill_periodic_reports_aug2026.csv,1345,SGW-2608-001558,2026-08-24T08:00:00-04:00,2026-08-27,shipped,,USD,true
06_shopgoodwill_periodic_reports_aug2026.csv,1050,SGW-2608-001559,2026-08-19T08:00:00-04:00,2026-08-20,shipped,,USD,true
06_shopgoodwill_periodic_reports_aug2026.csv,1225,SGW-2608-001560,2026-08-22T08:00:00-04:00,2026-08-24,shipped,,USD,true
06_shopgoodwill_periodic_reports_aug2026.csv,667,SGW-2608-001561,2026-08-12T08:00:00-04:00,2026-08-14,shipped,,USD,true
06_shopgoodwill_periodic_reports_aug2026.csv,106,SGW-2608-001562,2026-08-02T08:00:00-04:00,2026-08-05,shipped,,USD,true
06_shopgoodwill_periodic_reports_aug2026.csv,232,SGW-2608-001563,2026-08-04T08:00:00-04:00,2026-08-05,shipped,2026-08-12T21:00:00-04:00,USD,true
06_shopgoodwill_periodic_reports_aug2026.csv,1346,SGW-2608-001564,2026-08-24T08:00:00-04:00,2026-08-31,shipped,,USD,true
06_shopgoodwill_periodic_reports_aug2026.csv,774,SGW-2608-001565,2026-08-14T08:00:00-04:00,2026-08-18,shipped,,USD,true
06_shopgoodwill_periodic_reports_aug2026.csv,1641,SGW-2608-001566,2026-08-29T08:00:00-04:00,2026-08-31,shipped,,USD,true
06_shopgoodwill_periodic_reports_aug2026.csv,906,SGW-2608-001567,2026-08-16T08:00:00-04:00,2026-08-19,shipped,,USD,true
06_shopgoodwill_periodic_reports_aug2026.csv,668,SGW-2608-001568,2026-08-12T08:00:00-04:00,,local_pickup,,USD,true
06_shopgoodwill_periodic_reports_aug2026.csv,1401,SGW-2608-001569,2026-08-25T08:00:00-04:00,2026-08-26,shipped,,USD,true
06_shopgoodwill_periodic_reports_aug2026.csv,1347,SGW-2608-001570,2026-08-24T08:00:00-04:00,2026-08-25,shipped,,USD,true
06_shopgoodwill_periodic_reports_aug2026.csv,324,SGW-2608-001571,2026-08-06T08:00:00-04:00,2026-08-07,shipped,,USD,true
06_shopgoodwill_periodic_reports_aug2026.csv,1569,SGW-2608-001572,2026-08-28T08:00:00-04:00,2026-08-31,shipped,2026-08-31T21:00:00-04:00,USD,true
06_shopgoodwill_periodic_reports_aug2026.csv,1402,SGW-2608-001573,2026-08-25T08:00:00-04:00,2026-08-26,shipped,,USD,true
06_shopgoodwill_periodic_reports_aug2026.csv,1009,SGW-2608-001574,2026-08-18T08:00:00-04:00,2026-08-19,shipped,,USD,true
06_shopgoodwill_periodic_reports_aug2026.csv,907,SGW-2608-001575,2026-08-16T08:00:00-04:00,2026-08-18,shipped,,USD,true
06_shopgoodwill_periodic_reports_aug2026.csv,107,SGW-2608-001576,2026-08-02T08:00:00-04:00,2026-08-06,shipped,,USD,true
06_shopgoodwill_periodic_reports_aug2026.csv,233,SGW-2608-001577,2026-08-04T08:00:00-04:00,2026-08-05,shipped,,USD,true
06_shopgoodwill_periodic_reports_aug2026.csv,1226,SGW-2608-001578,2026-08-22T08:00:00-04:00,2026-08-24,shipped,,USD,true
06_shopgoodwill_periodic_reports_aug2026.csv,162,SGW-2608-001579,2026-08-03T08:00:00-04:00,2026-08-04,shipped,,USD,true
06_shopgoodwill_periodic_reports_aug2026.csv,1403,SGW-2608-001580,2026-08-25T08:00:00-04:00,2026-08-26,shipped,,USD,true
06_shopgoodwill_periodic_reports_aug2026.csv,325,SGW-2608-001581,2026-08-06T08:00:00-04:00,2026-08-10,shipped,,USD,true
06_shopgoodwill_periodic_reports_aug2026.csv,775,SGW-2608-001582,2026-08-14T08:00:00-04:00,2026-08-17,shipped,,USD,true
06_shopgoodwill_periodic_reports_aug2026.csv,1169,SGW-2608-001583,2026-08-21T08:00:00-04:00,2026-08-24,shipped,,USD,true
06_shopgoodwill_periodic_reports_aug2026.csv,108,SGW-2608-001584,2026-08-02T08:00:00-04:00,2026-08-04,shipped,,USD,true
06_shopgoodwill_periodic_reports_aug2026.csv,1227,SGW-2608-001585,2026-08-22T08:00:00-04:00,2026-08-27,shipped,,USD,true
06_shopgoodwill_periodic_reports_aug2026.csv,1100,SGW-2608-001586,2026-08-20T08:00:00-04:00,2026-08-24,shipped,,USD,true
06_shopgoodwill_periodic_reports_aug2026.csv,1642,SGW-2608-001587,2026-08-29T08:00:00-04:00,2026-08-31,shipped,,USD,true
06_shopgoodwill_periodic_reports_aug2026.csv,1404,SGW-2608-001588,2026-08-25T08:00:00-04:00,,local_pickup,,USD,true
06_shopgoodwill_periodic_reports_aug2026.csv,326,SGW-2608-001589,2026-08-06T08:00:00-04:00,2026-08-10,shipped,,USD,true
06_shopgoodwill_periodic_reports_aug2026.csv,1719,SGW-2608-001590,2026-08-30T08:00:00-04:00,,pending_fulfillment,,USD,true
06_shopgoodwill_periodic_reports_aug2026.csv,1788,SGW-2608-001591,2026-08-31T08:00:00-04:00,,pending_fulfillment,,USD,true
06_shopgoodwill_periodic_reports_aug2026.csv,109,SGW-2608-001592,2026-08-02T08:00:00-04:00,2026-08-04,shipped,,USD,true
06_shopgoodwill_periodic_reports_aug2026.csv,163,SGW-2608-001593,2026-08-03T08:00:00-04:00,2026-08-05,shipped,,USD,true
06_shopgoodwill_periodic_reports_aug2026.csv,1570,SGW-2608-001594,2026-08-28T08:00:00-04:00,2026-08-31,shipped,,USD,true
06_shopgoodwill_periodic_reports_aug2026.csv,1789,SGW-2608-001595,2026-08-31T08:00:00-04:00,,pending_fulfillment,,USD,true
06_shopgoodwill_periodic_reports_aug2026.csv,720,SGW-2608-001596,2026-08-13T08:00:00-04:00,2026-08-14,shipped,,USD,true
06_shopgoodwill_periodic_reports_aug2026.csv,284,SGW-2608-001597,2026-08-05T08:00:00-04:00,2026-08-06,shipped,,USD,true
06_shopgoodwill_periodic_reports_aug2026.csv,1790,SGW-2608-001598,2026-08-31T08:00:00-04:00,,pending_fulfillment,,USD,true
06_shopgoodwill_periodic_reports_aug2026.csv,448,SGW-2608-001599,2026-08-08T08:00:00-04:00,2026-08-10,shipped,,USD,true
06_shopgoodwill_periodic_reports_aug2026.csv,1405,SGW-2608-001600,2026-08-25T08:00:00-04:00,2026-08-26,shipped,,USD,true
06_shopgoodwill_periodic_reports_aug2026.csv,164,SGW-2608-001601,2026-08-03T08:00:00-04:00,2026-08-04,shipped,,USD,true
06_shopgoodwill_periodic_reports_aug2026.csv,965,SGW-2608-001602,2026-08-17T08:00:00-04:00,2026-08-18,shipped,,USD,true
06_shopgoodwill_periodic_reports_aug2026.csv,1101,SGW-2608-001603,2026-08-20T08:00:00-04:00,2026-08-24,shipped,,USD,true
06_shopgoodwill_periodic_reports_aug2026.csv,846,SGW-2608-001604,2026-08-15T08:00:00-04:00,2026-08-18,shipped,,USD,true
06_shopgoodwill_periodic_reports_aug2026.csv,1170,SGW-2608-001605,2026-08-21T08:00:00-04:00,2026-08-24,shipped,,USD,true
06_shopgoodwill_periodic_reports_aug2026.csv,165,SGW-2608-001606,2026-08-03T08:00:00-04:00,2026-08-05,shipped,,USD,true
06_shopgoodwill_periodic_reports_aug2026.csv,1228,SGW-2608-001607,2026-08-22T08:00:00-04:00,2026-08-26,shipped,,USD,true
06_shopgoodwill_periodic_reports_aug2026.csv,234,SGW-2608-001608,2026-08-04T08:00:00-04:00,2026-08-07,shipped,,USD,true
06_shopgoodwill_periodic_reports_aug2026.csv,908,SGW-2608-001609,2026-08-16T08:00:00-04:00,2026-08-17,shipped,,USD,true
06_shopgoodwill_periodic_reports_aug2026.csv,1102,SGW-2608-001610,2026-08-20T08:00:00-04:00,2026-08-21,shipped,,USD,true
06_shopgoodwill_periodic_reports_aug2026.csv,110,SGW-2608-001611,2026-08-02T08:00:00-04:00,2026-08-04,shipped,2026-08-10T21:00:00-04:00,USD,true
06_shopgoodwill_periodic_reports_aug2026.csv,1507,SGW-2608-001612,2026-08-27T08:00:00-04:00,2026-08-31,shipped,,USD,true
06_shopgoodwill_periodic_reports_aug2026.csv,1406,SGW-2608-001613,2026-08-25T08:00:00-04:00,2026-08-26,shipped,,USD,true
06_shopgoodwill_periodic_reports_aug2026.csv,721,SGW-2608-001614,2026-08-13T08:00:00-04:00,2026-08-14,shipped,,USD,true
06_shopgoodwill_periodic_reports_aug2026.csv,166,SGW-2608-001615,2026-08-03T08:00:00-04:00,2026-08-04,shipped,,USD,true
06_shopgoodwill_periodic_reports_aug2026.csv,1643,SGW-2608-001616,2026-08-29T08:00:00-04:00,2026-08-31,shipped,,USD,true
06_shopgoodwill_periodic_reports_aug2026.csv,1791,SGW-2608-001617,2026-08-31T08:00:00-04:00,,pending_fulfillment,,USD,true
06_shopgoodwill_periodic_reports_aug2026.csv,1644,SGW-2608-001618,2026-08-29T08:00:00-04:00,,pending_fulfillment,,USD,true
06_shopgoodwill_periodic_reports_aug2026.csv,1290,SGW-2608-001619,2026-08-23T08:00:00-04:00,2026-08-27,shipped,,USD,true
06_shopgoodwill_periodic_reports_aug2026.csv,1348,SGW-2608-001620,2026-08-24T08:00:00-04:00,2026-08-28,shipped,,USD,true
06_shopgoodwill_periodic_reports_aug2026.csv,512,SGW-2608-001621,2026-08-09T08:00:00-04:00,2026-08-11,shipped,,USD,true
06_shopgoodwill_periodic_reports_aug2026.csv,1407,SGW-2608-001622,2026-08-25T08:00:00-04:00,2026-08-26,shipped,,USD,true
06_shopgoodwill_periodic_reports_aug2026.csv,235,SGW-2608-001623,2026-08-04T08:00:00-04:00,2026-08-07,shipped,,USD,true
06_shopgoodwill_periodic_reports_aug2026.csv,1720,SGW-2608-001624,2026-08-30T08:00:00-04:00,,pending_fulfillment,,USD,true
06_shopgoodwill_periodic_reports_aug2026.csv,167,SGW-2608-001625,2026-08-03T08:00:00-04:00,2026-08-07,shipped,,USD,true
06_shopgoodwill_periodic_reports_aug2026.csv,615,SGW-2608-001626,2026-08-11T08:00:00-04:00,2026-08-12,shipped,,USD,true
06_shopgoodwill_periodic_reports_aug2026.csv,449,SGW-2608-001627,2026-08-08T08:00:00-04:00,2026-08-12,shipped,,USD,true
06_shopgoodwill_periodic_reports_aug2026.csv,1508,SGW-2608-001628,2026-08-27T08:00:00-04:00,2026-08-31,shipped,,USD,true
06_shopgoodwill_periodic_reports_aug2026.csv,722,SGW-2608-001629,2026-08-13T08:00:00-04:00,2026-08-14,shipped,,USD,true
06_shopgoodwill_periodic_reports_aug2026.csv,285,SGW-2608-001630,2026-08-05T08:00:00-04:00,2026-08-07,shipped,,USD,true
06_shopgoodwill_periodic_reports_aug2026.csv,1010,SGW-2608-001631,2026-08-18T08:00:00-04:00,2026-08-19,shipped,,USD,true
06_shopgoodwill_periodic_reports_aug2026.csv,1509,SGW-2608-001632,2026-08-27T08:00:00-04:00,2026-08-31,shipped,,USD,true
06_shopgoodwill_periodic_reports_aug2026.csv,450,SGW-2608-001633,2026-08-08T08:00:00-04:00,2026-08-10,shipped,,USD,true
06_shopgoodwill_periodic_reports_aug2026.csv,571,SGW-2608-001634,2026-08-10T08:00:00-04:00,2026-08-12,shipped,,USD,true
06_shopgoodwill_periodic_reports_aug2026.csv,1510,SGW-2608-001635,2026-08-27T08:00:00-04:00,2026-08-28,shipped,2026-08-30T21:00:00-04:00,USD,true
06_shopgoodwill_periodic_reports_aug2026.csv,48,SGW-2608-001636,2026-08-01T08:00:00-04:00,2026-08-03,shipped,,USD,true
06_shopgoodwill_periodic_reports_aug2026.csv,373,SGW-2608-001637,2026-08-07T08:00:00-04:00,2026-08-10,shipped,,USD,true
06_shopgoodwill_periodic_reports_aug2026.csv,236,SGW-2608-001638,2026-08-04T08:00:00-04:00,2026-08-05,shipped,,USD,true
06_shopgoodwill_periodic_reports_aug2026.csv,1103,SGW-2608-001639,2026-08-20T08:00:00-04:00,2026-08-21,shipped,,USD,true
06_shopgoodwill_periodic_reports_aug2026.csv,1792,SGW-2608-001640,2026-08-31T08:00:00-04:00,,pending_fulfillment,,USD,true
06_shopgoodwill_periodic_reports_aug2026.csv,168,SGW-2608-001641,2026-08-03T08:00:00-04:00,2026-08-05,shipped,,USD,true
06_shopgoodwill_periodic_reports_aug2026.csv,1721,SGW-2608-001642,2026-08-30T08:00:00-04:00,,pending_fulfillment,,USD,true
06_shopgoodwill_periodic_reports_aug2026.csv,1793,SGW-2608-001643,2026-08-31T08:00:00-04:00,,pending_fulfillment,,USD,true
06_shopgoodwill_periodic_reports_aug2026.csv,1794,SGW-2608-001644,2026-08-31T08:00:00-04:00,,pending_fulfillment,,USD,true
06_shopgoodwill_periodic_reports_aug2026.csv,1795,SGW-2608-001645,2026-08-31T08:00:00-04:00,,pending_fulfillment,,USD,true
06_shopgoodwill_periodic_reports_aug2026.csv,909,SGW-2608-001646,2026-08-16T08:00:00-04:00,2026-08-19,shipped,,USD,true
06_shopgoodwill_periodic_reports_aug2026.csv,1571,SGW-2608-001647,2026-08-28T08:00:00-04:00,,pending_fulfillment,,USD,true
06_shopgoodwill_periodic_reports_aug2026.csv,1722,SGW-2608-001648,2026-08-30T08:00:00-04:00,,pending_fulfillment,,USD,true
06_shopgoodwill_periodic_reports_aug2026.csv,847,SGW-2608-001649,2026-08-15T08:00:00-04:00,2026-08-17,shipped,,USD,true
06_shopgoodwill_periodic_reports_aug2026.csv,1460,SGW-2608-001650,2026-08-26T08:00:00-04:00,,local_pickup,,USD,true
06_shopgoodwill_periodic_reports_aug2026.csv,1291,SGW-2608-001651,2026-08-23T08:00:00-04:00,2026-08-24,shipped,2026-08-27T21:00:00-04:00,USD,true
06_shopgoodwill_periodic_reports_aug2026.csv,237,SGW-2608-001652,2026-08-04T08:00:00-04:00,2026-08-05,shipped,,USD,true
06_shopgoodwill_periodic_reports_aug2026.csv,286,SGW-2608-001653,2026-08-05T08:00:00-04:00,2026-08-06,shipped,2026-08-16T21:00:00-04:00,USD,true
06_shopgoodwill_periodic_reports_aug2026.csv,1011,SGW-2608-001654,2026-08-18T08:00:00-04:00,2026-08-19,shipped,,USD,true
06_shopgoodwill_periodic_reports_aug2026.csv,910,SGW-2608-001655,2026-08-16T08:00:00-04:00,2026-08-20,shipped,,USD,true
06_shopgoodwill_periodic_reports_aug2026.csv,1171,SGW-2608-001656,2026-08-21T08:00:00-04:00,2026-08-24,shipped,,USD,true
06_shopgoodwill_periodic_reports_aug2026.csv,287,SGW-2608-001657,2026-08-05T08:00:00-04:00,2026-08-07,shipped,,USD,true
06_shopgoodwill_periodic_reports_aug2026.csv,911,SGW-2608-001658,2026-08-16T08:00:00-04:00,2026-08-17,shipped,,USD,true
06_shopgoodwill_periodic_reports_aug2026.csv,49,SGW-2608-001659,2026-08-01T08:00:00-04:00,2026-08-03,shipped,,USD,true
06_shopgoodwill_periodic_reports_aug2026.csv,1104,SGW-2608-001660,2026-08-20T08:00:00-04:00,2026-08-24,shipped,,USD,true
06_shopgoodwill_periodic_reports_aug2026.csv,723,SGW-2608-001661,2026-08-13T08:00:00-04:00,2026-08-14,shipped,,USD,true
06_shopgoodwill_periodic_reports_aug2026.csv,1105,SGW-2608-001662,2026-08-20T08:00:00-04:00,2026-08-24,shipped,2026-08-30T21:00:00-04:00,USD,true
06_shopgoodwill_periodic_reports_aug2026.csv,1292,SGW-2608-001663,2026-08-23T08:00:00-04:00,2026-08-25,shipped,,USD,true
06_shopgoodwill_periodic_reports_aug2026.csv,374,SGW-2608-001664,2026-08-07T08:00:00-04:00,2026-08-10,shipped,,USD,true
06_shopgoodwill_periodic_reports_aug2026.csv,288,SGW-2608-001665,2026-08-05T08:00:00-04:00,2026-08-07,shipped,,USD,true
06_shopgoodwill_periodic_reports_aug2026.csv,50,SGW-2608-001666,2026-08-01T08:00:00-04:00,2026-08-03,shipped,,USD,true
06_shopgoodwill_periodic_reports_aug2026.csv,1106,SGW-2608-001667,2026-08-20T08:00:00-04:00,2026-08-21,shipped,,USD,true
06_shopgoodwill_periodic_reports_aug2026.csv,912,SGW-2608-001668,2026-08-16T08:00:00-04:00,2026-08-17,shipped,,USD,true
06_shopgoodwill_periodic_reports_aug2026.csv,966,SGW-2608-001669,2026-08-17T08:00:00-04:00,2026-08-20,shipped,,USD,true
06_shopgoodwill_periodic_reports_aug2026.csv,289,SGW-2608-001670,2026-08-05T08:00:00-04:00,2026-08-10,shipped,,USD,true
06_shopgoodwill_periodic_reports_aug2026.csv,327,SGW-2608-001671,2026-08-06T08:00:00-04:00,2026-08-10,shipped,,USD,true
06_shopgoodwill_periodic_reports_aug2026.csv,375,SGW-2608-001672,2026-08-07T08:00:00-04:00,2026-08-10,shipped,,USD,true
06_shopgoodwill_periodic_reports_aug2026.csv,1645,SGW-2608-001673,2026-08-29T08:00:00-04:00,,pending_fulfillment,,USD,true
06_shopgoodwill_periodic_reports_aug2026.csv,513,SGW-2608-001674,2026-08-09T08:00:00-04:00,2026-08-10,shipped,2026-08-18T21:00:00-04:00,USD,true
06_shopgoodwill_periodic_reports_aug2026.csv,776,SGW-2608-001675,2026-08-14T08:00:00-04:00,2026-08-17,shipped,,USD,true
06_shopgoodwill_periodic_reports_aug2026.csv,238,SGW-2608-001676,2026-08-04T08:00:00-04:00,2026-08-06,shipped,,USD,true
06_shopgoodwill_periodic_reports_aug2026.csv,514,SGW-2608-001677,2026-08-09T08:00:00-04:00,,local_pickup,,USD,true
06_shopgoodwill_periodic_reports_aug2026.csv,1107,SGW-2608-001678,2026-08-20T08:00:00-04:00,2026-08-21,shipped,,USD,true
06_shopgoodwill_periodic_reports_aug2026.csv,1229,SGW-2608-001679,2026-08-22T08:00:00-04:00,2026-08-24,shipped,,USD,true
06_shopgoodwill_periodic_reports_aug2026.csv,1796,SGW-2608-001680,2026-08-31T08:00:00-04:00,,pending_fulfillment,,USD,true
06_shopgoodwill_periodic_reports_aug2026.csv,1293,SGW-2608-001681,2026-08-23T08:00:00-04:00,2026-08-25,shipped,,USD,true
06_shopgoodwill_periodic_reports_aug2026.csv,1051,SGW-2608-001682,2026-08-19T08:00:00-04:00,2026-08-21,shipped,,USD,true
06_shopgoodwill_periodic_reports_aug2026.csv,616,SGW-2608-001683,2026-08-11T08:00:00-04:00,2026-08-17,shipped,,USD,true
06_shopgoodwill_periodic_reports_aug2026.csv,328,SGW-2608-001684,2026-08-06T08:00:00-04:00,2026-08-10,shipped,,USD,true
06_shopgoodwill_periodic_reports_aug2026.csv,1723,SGW-2608-001685,2026-08-30T08:00:00-04:00,2026-08-31,shipped,,USD,true
06_shopgoodwill_periodic_reports_aug2026.csv,1294,SGW-2608-001686,2026-08-23T08:00:00-04:00,2026-08-26,shipped,,USD,true
06_shopgoodwill_periodic_reports_aug2026.csv,1797,SGW-2608-001687,2026-08-31T08:00:00-04:00,,pending_fulfillment,,USD,true
06_shopgoodwill_periodic_reports_aug2026.csv,1052,SGW-2608-001688,2026-08-19T08:00:00-04:00,2026-08-21,shipped,,USD,true
06_shopgoodwill_periodic_reports_aug2026.csv,1646,SGW-2608-001689,2026-08-29T08:00:00-04:00,2026-08-31,shipped,,USD,true
06_shopgoodwill_periodic_reports_aug2026.csv,239,SGW-2608-001690,2026-08-04T08:00:00-04:00,2026-08-06,shipped,,USD,true
06_shopgoodwill_periodic_reports_aug2026.csv,240,SGW-2608-001691,2026-08-04T08:00:00-04:00,2026-08-05,shipped,,USD,true
06_shopgoodwill_periodic_reports_aug2026.csv,376,SGW-2608-001692,2026-08-07T08:00:00-04:00,2026-08-10,shipped,,USD,true
06_shopgoodwill_periodic_reports_aug2026.csv,1461,SGW-2608-001693,2026-08-26T08:00:00-04:00,2026-08-28,shipped,,USD,true
06_shopgoodwill_periodic_reports_aug2026.csv,1349,SGW-2608-001694,2026-08-24T08:00:00-04:00,2026-08-27,shipped,,USD,true
06_shopgoodwill_periodic_reports_aug2026.csv,1647,SGW-2608-001695,2026-08-29T08:00:00-04:00,2026-08-31,shipped,,USD,true
06_shopgoodwill_periodic_reports_aug2026.csv,848,SGW-2608-001696,2026-08-15T08:00:00-04:00,2026-08-17,shipped,,USD,true
06_shopgoodwill_periodic_reports_aug2026.csv,1012,SGW-2608-001697,2026-08-18T08:00:00-04:00,2026-08-19,shipped,2026-08-23T21:00:00-04:00,USD,true
06_shopgoodwill_periodic_reports_aug2026.csv,515,SGW-2608-001698,2026-08-09T08:00:00-04:00,2026-08-12,shipped,,USD,true
06_shopgoodwill_periodic_reports_aug2026.csv,1230,SGW-2608-001699,2026-08-22T08:00:00-04:00,,local_pickup,,USD,true
06_shopgoodwill_periodic_reports_aug2026.csv,516,SGW-2608-001700,2026-08-09T08:00:00-04:00,2026-08-10,shipped,,USD,true
06_shopgoodwill_periodic_reports_aug2026.csv,1724,SGW-2608-001701,2026-08-30T08:00:00-04:00,,pending_fulfillment,,USD,true
06_shopgoodwill_periodic_reports_aug2026.csv,849,SGW-2608-001702,2026-08-15T08:00:00-04:00,2026-08-17,shipped,,USD,true
06_shopgoodwill_periodic_reports_aug2026.csv,111,SGW-2608-001703,2026-08-02T08:00:00-04:00,2026-08-05,shipped,,USD,true
06_shopgoodwill_periodic_reports_aug2026.csv,241,SGW-2608-001704,2026-08-04T08:00:00-04:00,,local_pickup,,USD,true
06_shopgoodwill_periodic_reports_aug2026.csv,1108,SGW-2608-001705,2026-08-20T08:00:00-04:00,2026-08-21,shipped,,USD,true
06_shopgoodwill_periodic_reports_aug2026.csv,1725,SGW-2608-001706,2026-08-30T08:00:00-04:00,,pending_fulfillment,,USD,true
06_shopgoodwill_periodic_reports_aug2026.csv,451,SGW-2608-001707,2026-08-08T08:00:00-04:00,,local_pickup,,USD,true
06_shopgoodwill_periodic_reports_aug2026.csv,913,SGW-2608-001708,2026-08-16T08:00:00-04:00,2026-08-17,shipped,,USD,true
06_shopgoodwill_periodic_reports_aug2026.csv,1798,SGW-2608-001709,2026-08-31T08:00:00-04:00,,pending_fulfillment,,USD,true
06_shopgoodwill_periodic_reports_aug2026.csv,1408,SGW-2608-001710,2026-08-25T08:00:00-04:00,2026-08-26,shipped,,USD,true
06_shopgoodwill_periodic_reports_aug2026.csv,517,SGW-2608-001711,2026-08-09T08:00:00-04:00,2026-08-10,shipped,,USD,true
06_shopgoodwill_periodic_reports_aug2026.csv,112,SGW-2608-001712,2026-08-02T08:00:00-04:00,2026-08-04,shipped,,USD,true
06_shopgoodwill_periodic_reports_aug2026.csv,113,SGW-2608-001713,2026-08-02T08:00:00-04:00,2026-08-04,shipped,,USD,true
06_shopgoodwill_periodic_reports_aug2026.csv,169,SGW-2608-001714,2026-08-03T08:00:00-04:00,,local_pickup,,USD,true
06_shopgoodwill_periodic_reports_aug2026.csv,1053,SGW-2608-001715,2026-08-19T08:00:00-04:00,2026-08-20,shipped,,USD,true
06_shopgoodwill_periodic_reports_aug2026.csv,1648,SGW-2608-001716,2026-08-29T08:00:00-04:00,,pending_fulfillment,,USD,true
06_shopgoodwill_periodic_reports_aug2026.csv,967,SGW-2608-001717,2026-08-17T08:00:00-04:00,2026-08-20,shipped,,USD,true
06_shopgoodwill_periodic_reports_aug2026.csv,170,SGW-2608-001718,2026-08-03T08:00:00-04:00,2026-08-04,shipped,,USD,true
06_shopgoodwill_periodic_reports_aug2026.csv,1572,SGW-2608-001719,2026-08-28T08:00:00-04:00,2026-08-31,shipped,,USD,true
06_shopgoodwill_periodic_reports_aug2026.csv,777,SGW-2608-001720,2026-08-14T08:00:00-04:00,2026-08-17,shipped,,USD,true
06_shopgoodwill_periodic_reports_aug2026.csv,1295,SGW-2608-001721,2026-08-23T08:00:00-04:00,2026-08-24,shipped,,USD,true
06_shopgoodwill_periodic_reports_aug2026.csv,968,SGW-2608-001722,2026-08-17T08:00:00-04:00,2026-08-19,shipped,,USD,true
06_shopgoodwill_periodic_reports_aug2026.csv,617,SGW-2608-001723,2026-08-11T08:00:00-04:00,2026-08-13,shipped,,USD,true
06_shopgoodwill_periodic_reports_aug2026.csv,914,SGW-2608-001724,2026-08-16T08:00:00-04:00,2026-08-18,shipped,,USD,true
06_shopgoodwill_periodic_reports_aug2026.csv,1511,SGW-2608-001725,2026-08-27T08:00:00-04:00,2026-08-28,shipped,,USD,true
06_shopgoodwill_periodic_reports_aug2026.csv,724,SGW-2608-001726,2026-08-13T08:00:00-04:00,2026-08-17,shipped,,USD,true
06_shopgoodwill_periodic_reports_aug2026.csv,114,SGW-2608-001727,2026-08-02T08:00:00-04:00,2026-08-03,shipped,,USD,true
06_shopgoodwill_periodic_reports_aug2026.csv,329,SGW-2608-001728,2026-08-06T08:00:00-04:00,2026-08-07,shipped,,USD,true
06_shopgoodwill_periodic_reports_aug2026.csv,969,SGW-2608-001729,2026-08-17T08:00:00-04:00,2026-08-21,shipped,,USD,true
06_shopgoodwill_periodic_reports_aug2026.csv,1649,SGW-2608-001730,2026-08-29T08:00:00-04:00,2026-08-31,shipped,,USD,true
06_shopgoodwill_periodic_reports_aug2026.csv,850,SGW-2608-001731,2026-08-15T08:00:00-04:00,,local_pickup,,USD,true
06_shopgoodwill_periodic_reports_aug2026.csv,618,SGW-2608-001732,2026-08-11T08:00:00-04:00,2026-08-13,shipped,,USD,true
06_shopgoodwill_periodic_reports_aug2026.csv,1231,SGW-2608-001733,2026-08-22T08:00:00-04:00,2026-08-24,shipped,,USD,true
06_shopgoodwill_periodic_reports_aug2026.csv,330,SGW-2608-001734,2026-08-06T08:00:00-04:00,2026-08-07,shipped,,USD,true
06_shopgoodwill_periodic_reports_aug2026.csv,290,SGW-2608-001735,2026-08-05T08:00:00-04:00,2026-08-06,shipped,,USD,true
06_shopgoodwill_periodic_reports_aug2026.csv,1573,SGW-2608-001736,2026-08-28T08:00:00-04:00,2026-08-31,shipped,,USD,true
06_shopgoodwill_periodic_reports_aug2026.csv,1462,SGW-2608-001737,2026-08-26T08:00:00-04:00,2026-08-27,shipped,,USD,true
06_shopgoodwill_periodic_reports_aug2026.csv,778,SGW-2608-001738,2026-08-14T08:00:00-04:00,2026-08-17,shipped,,USD,true
06_shopgoodwill_periodic_reports_aug2026.csv,1296,SGW-2608-001739,2026-08-23T08:00:00-04:00,2026-08-24,shipped,,USD,true
06_shopgoodwill_periodic_reports_aug2026.csv,619,SGW-2608-001740,2026-08-11T08:00:00-04:00,2026-08-13,shipped,,USD,true
06_shopgoodwill_periodic_reports_aug2026.csv,1350,SGW-2608-001741,2026-08-24T08:00:00-04:00,2026-08-25,shipped,,USD,true
06_shopgoodwill_periodic_reports_aug2026.csv,1172,SGW-2608-001742,2026-08-21T08:00:00-04:00,2026-08-24,shipped,,USD,true
06_shopgoodwill_periodic_reports_aug2026.csv,669,SGW-2608-001743,2026-08-12T08:00:00-04:00,2026-08-13,shipped,,USD,true
06_shopgoodwill_periodic_reports_aug2026.csv,331,SGW-2608-001744,2026-08-06T08:00:00-04:00,,local_pickup,,USD,true
06_shopgoodwill_periodic_reports_aug2026.csv,1173,SGW-2608-001745,2026-08-21T08:00:00-04:00,2026-08-24,shipped,,USD,true
06_shopgoodwill_periodic_reports_aug2026.csv,970,SGW-2608-001746,2026-08-17T08:00:00-04:00,,canceled_before_fulfillment,2026-08-27T21:00:00-04:00,USD,true
06_shopgoodwill_periodic_reports_aug2026.csv,242,SGW-2608-001747,2026-08-04T08:00:00-04:00,2026-08-05,shipped,,USD,true
06_shopgoodwill_periodic_reports_aug2026.csv,243,SGW-2608-001748,2026-08-04T08:00:00-04:00,2026-08-05,shipped,,USD,true
06_shopgoodwill_periodic_reports_aug2026.csv,851,SGW-2608-001749,2026-08-15T08:00:00-04:00,2026-08-17,shipped,,USD,true
06_shopgoodwill_periodic_reports_aug2026.csv,1799,SGW-2608-001750,2026-08-31T08:00:00-04:00,,pending_fulfillment,,USD,true
06_shopgoodwill_periodic_reports_aug2026.csv,51,SGW-2608-001751,2026-08-01T08:00:00-04:00,2026-08-03,shipped,,USD,true
06_shopgoodwill_periodic_reports_aug2026.csv,915,SGW-2608-001752,2026-08-16T08:00:00-04:00,2026-08-18,shipped,,USD,true
06_shopgoodwill_periodic_reports_aug2026.csv,779,SGW-2608-001753,2026-08-14T08:00:00-04:00,2026-08-17,shipped,,USD,true
06_shopgoodwill_periodic_reports_aug2026.csv,518,SGW-2608-001754,2026-08-09T08:00:00-04:00,2026-08-11,shipped,,USD,true
06_shopgoodwill_periodic_reports_aug2026.csv,171,SGW-2608-001755,2026-08-03T08:00:00-04:00,2026-08-04,shipped,,USD,true
06_shopgoodwill_periodic_reports_aug2026.csv,1512,SGW-2608-001756,2026-08-27T08:00:00-04:00,2026-08-28,shipped,,USD,true
06_shopgoodwill_periodic_reports_aug2026.csv,291,SGW-2608-001757,2026-08-05T08:00:00-04:00,2026-08-06,shipped,,USD,true
06_shopgoodwill_periodic_reports_aug2026.csv,1351,SGW-2608-001758,2026-08-24T08:00:00-04:00,2026-08-25,shipped,,USD,true
06_shopgoodwill_periodic_reports_aug2026.csv,620,SGW-2608-001759,2026-08-11T08:00:00-04:00,2026-08-12,shipped,,USD,true
06_shopgoodwill_periodic_reports_aug2026.csv,1800,SGW-2608-001760,2026-08-31T08:00:00-04:00,,pending_fulfillment,,USD,true
06_shopgoodwill_periodic_reports_aug2026.csv,519,SGW-2608-001761,2026-08-09T08:00:00-04:00,2026-08-12,shipped,,USD,true
06_shopgoodwill_periodic_reports_aug2026.csv,52,SGW-2608-001762,2026-08-01T08:00:00-04:00,2026-08-03,shipped,,USD,true
06_shopgoodwill_periodic_reports_aug2026.csv,916,SGW-2608-001763,2026-08-16T08:00:00-04:00,2026-08-20,shipped,,USD,true
06_shopgoodwill_periodic_reports_aug2026.csv,917,SGW-2608-001764,2026-08-16T08:00:00-04:00,2026-08-17,shipped,,USD,true
06_shopgoodwill_periodic_reports_aug2026.csv,725,SGW-2608-001765,2026-08-13T08:00:00-04:00,,local_pickup,,USD,true
06_shopgoodwill_periodic_reports_aug2026.csv,1574,SGW-2608-001766,2026-08-28T08:00:00-04:00,2026-08-31,shipped,,USD,true
06_shopgoodwill_periodic_reports_aug2026.csv,1575,SGW-2608-001767,2026-08-28T08:00:00-04:00,2026-08-31,shipped,,USD,true
06_shopgoodwill_periodic_reports_aug2026.csv,780,SGW-2608-001768,2026-08-14T08:00:00-04:00,2026-08-17,shipped,,USD,true
06_shopgoodwill_periodic_reports_aug2026.csv,726,SGW-2608-001769,2026-08-13T08:00:00-04:00,2026-08-17,shipped,,USD,true
06_shopgoodwill_periodic_reports_aug2026.csv,670,SGW-2608-001770,2026-08-12T08:00:00-04:00,2026-08-13,shipped,,USD,true
06_shopgoodwill_periodic_reports_aug2026.csv,1297,SGW-2608-001771,2026-08-23T08:00:00-04:00,2026-08-28,shipped,,USD,true
06_shopgoodwill_periodic_reports_aug2026.csv,971,SGW-2608-001772,2026-08-17T08:00:00-04:00,2026-08-18,shipped,,USD,true
06_shopgoodwill_periodic_reports_aug2026.csv,53,SGW-2608-001773,2026-08-01T08:00:00-04:00,2026-08-03,shipped,,USD,true
06_shopgoodwill_periodic_reports_aug2026.csv,852,SGW-2608-001774,2026-08-15T08:00:00-04:00,2026-08-19,shipped,,USD,true
06_shopgoodwill_periodic_reports_aug2026.csv,1352,SGW-2608-001775,2026-08-24T08:00:00-04:00,2026-08-26,shipped,,USD,true
06_shopgoodwill_periodic_reports_aug2026.csv,115,SGW-2608-001776,2026-08-02T08:00:00-04:00,2026-08-04,shipped,,USD,true
06_shopgoodwill_periodic_reports_aug2026.csv,671,SGW-2608-001777,2026-08-12T08:00:00-04:00,2026-08-17,shipped,,USD,true
06_shopgoodwill_periodic_reports_aug2026.csv,1576,SGW-2608-001778,2026-08-28T08:00:00-04:00,2026-08-31,shipped,,USD,true
06_shopgoodwill_periodic_reports_aug2026.csv,452,SGW-2608-001779,2026-08-08T08:00:00-04:00,2026-08-10,shipped,,USD,true
06_shopgoodwill_periodic_reports_aug2026.csv,1650,SGW-2608-001780,2026-08-29T08:00:00-04:00,2026-08-31,shipped,,USD,true
06_shopgoodwill_periodic_reports_aug2026.csv,292,SGW-2608-001781,2026-08-05T08:00:00-04:00,2026-08-06,shipped,,USD,true
06_shopgoodwill_periodic_reports_aug2026.csv,1513,SGW-2608-001782,2026-08-27T08:00:00-04:00,2026-08-31,shipped,,USD,true
06_shopgoodwill_periodic_reports_aug2026.csv,781,SGW-2608-001783,2026-08-14T08:00:00-04:00,2026-08-17,shipped,,USD,true
06_shopgoodwill_periodic_reports_aug2026.csv,332,SGW-2608-001784,2026-08-06T08:00:00-04:00,2026-08-10,shipped,,USD,true
06_shopgoodwill_periodic_reports_aug2026.csv,520,SGW-2608-001785,2026-08-09T08:00:00-04:00,2026-08-10,shipped,2026-08-18T21:00:00-04:00,USD,true
06_shopgoodwill_periodic_reports_aug2026.csv,377,SGW-2608-001786,2026-08-07T08:00:00-04:00,2026-08-11,shipped,,USD,true
06_shopgoodwill_periodic_reports_aug2026.csv,1726,SGW-2608-001787,2026-08-30T08:00:00-04:00,,canceled_before_fulfillment,2026-08-30T21:00:00-04:00,USD,true
06_shopgoodwill_periodic_reports_aug2026.csv,1463,SGW-2608-001788,2026-08-26T08:00:00-04:00,2026-08-27,shipped,,USD,true
06_shopgoodwill_periodic_reports_aug2026.csv,521,SGW-2608-001789,2026-08-09T08:00:00-04:00,2026-08-11,shipped,,USD,true
06_shopgoodwill_periodic_reports_aug2026.csv,1464,SGW-2608-001790,2026-08-26T08:00:00-04:00,2026-08-27,shipped,,USD,true
06_shopgoodwill_periodic_reports_aug2026.csv,1651,SGW-2608-001791,2026-08-29T08:00:00-04:00,2026-08-31,shipped,,USD,true
06_shopgoodwill_periodic_reports_aug2026.csv,116,SGW-2608-001792,2026-08-02T08:00:00-04:00,2026-08-03,shipped,,USD,true
06_shopgoodwill_periodic_reports_aug2026.csv,621,SGW-2608-001793,2026-08-11T08:00:00-04:00,2026-08-14,shipped,,USD,true
06_shopgoodwill_periodic_reports_aug2026.csv,572,SGW-2608-001794,2026-08-10T08:00:00-04:00,2026-08-12,shipped,,USD,true
06_shopgoodwill_periodic_reports_aug2026.csv,1054,SGW-2608-001795,2026-08-19T08:00:00-04:00,,local_pickup,,USD,true
06_shopgoodwill_periodic_reports_aug2026.csv,453,SGW-2608-001796,2026-08-08T08:00:00-04:00,2026-08-10,shipped,,USD,true
06_shopgoodwill_periodic_reports_aug2026.csv,1652,SGW-2608-001797,2026-08-29T08:00:00-04:00,,pending_fulfillment,,USD,true
06_shopgoodwill_periodic_reports_aug2026.csv,972,SGW-2608-001798,2026-08-17T08:00:00-04:00,2026-08-20,shipped,,USD,true
06_shopgoodwill_periodic_reports_aug2026.csv,672,SGW-2608-001799,2026-08-12T08:00:00-04:00,2026-08-13,shipped,,USD,true
06_shopgoodwill_periodic_reports_aug2026.csv,333,SGW-2608-001800,2026-08-06T08:00:00-04:00,2026-08-07,shipped,,USD,true
02_upright_paid_order_items_aug2026.csv,644,UP-2608-000001,2026-08-31T08:00:00-04:00,,pending_fulfillment,,USD,true
02_upright_paid_order_items_aug2026.csv,540,UP-2608-000002,2026-08-27T08:00:00-04:00,2026-08-31,shipped,,USD,true
02_upright_paid_order_items_aug2026.csv,597,UP-2608-000003,2026-08-30T08:00:00-04:00,,pending_fulfillment,,USD,true
02_upright_paid_order_items_aug2026.csv,100,UP-2608-000004,2026-08-06T08:00:00-04:00,2026-08-10,shipped,2026-08-15T21:00:00-04:00,USD,true
02_upright_paid_order_items_aug2026.csv,110,UP-2608-000005,2026-08-06T08:00:00-04:00,2026-08-07,shipped,,USD,true
02_upright_paid_order_items_aug2026.csv,437,UP-2608-000006,2026-08-22T08:00:00-04:00,2026-08-24,shipped,,USD,true
02_upright_paid_order_items_aug2026.csv,260,UP-2608-000007,2026-08-14T08:00:00-04:00,2026-08-17,shipped,,USD,true
02_upright_paid_order_items_aug2026.csv,443,UP-2608-000008,2026-08-23T08:00:00-04:00,2026-08-27,shipped,,USD,true
02_upright_paid_order_items_aug2026.csv,196,UP-2608-000009,2026-08-10T08:00:00-04:00,2026-08-11,shipped,2026-08-16T21:00:00-04:00,USD,true
02_upright_paid_order_items_aug2026.csv,479,UP-2608-000010,2026-08-24T08:00:00-04:00,2026-08-26,shipped,,USD,true
02_upright_paid_order_items_aug2026.csv,433,UP-2608-000011,2026-08-22T08:00:00-04:00,2026-08-24,shipped,,USD,true
02_upright_paid_order_items_aug2026.csv,306,UP-2608-000012,2026-08-16T08:00:00-04:00,2026-08-20,shipped,,USD,true
02_upright_paid_order_items_aug2026.csv,575,UP-2608-000013,2026-08-29T08:00:00-04:00,2026-08-31,shipped,,USD,true
02_upright_paid_order_items_aug2026.csv,543,UP-2608-000014,2026-08-28T08:00:00-04:00,,local_pickup,,USD,true
02_upright_paid_order_items_aug2026.csv,267,UP-2608-000015,2026-08-14T08:00:00-04:00,2026-08-17,shipped,,USD,true
02_upright_paid_order_items_aug2026.csv,16,UP-2608-000016,2026-08-01T08:00:00-04:00,2026-08-04,shipped,,USD,true
02_upright_paid_order_items_aug2026.csv,467,UP-2608-000017,2026-08-24T08:00:00-04:00,2026-08-25,shipped,2026-08-31T21:00:00-04:00,USD,true
02_upright_paid_order_items_aug2026.csv,101,UP-2608-000018,2026-08-06T08:00:00-04:00,2026-08-11,shipped,2026-08-15T21:00:00-04:00,USD,true
02_upright_paid_order_items_aug2026.csv,8,UP-2608-000019,2026-08-01T08:00:00-04:00,,canceled_before_fulfillment,2026-08-06T21:00:00-04:00,USD,true
02_upright_paid_order_items_aug2026.csv,523,UP-2608-000020,2026-08-27T08:00:00-04:00,2026-08-28,shipped,,USD,true
02_upright_paid_order_items_aug2026.csv,550,UP-2608-000021,2026-08-28T08:00:00-04:00,2026-08-31,shipped,,USD,true
02_upright_paid_order_items_aug2026.csv,241,UP-2608-000022,2026-08-12T08:00:00-04:00,2026-08-13,shipped,,USD,true
02_upright_paid_order_items_aug2026.csv,528,UP-2608-000023,2026-08-27T08:00:00-04:00,2026-08-28,shipped,,USD,true
02_upright_paid_order_items_aug2026.csv,615,UP-2608-000024,2026-08-30T08:00:00-04:00,2026-08-31,shipped,,USD,true
02_upright_paid_order_items_aug2026.csv,536,UP-2608-000025,2026-08-27T08:00:00-04:00,2026-08-31,shipped,,USD,true
02_upright_paid_order_items_aug2026.csv,58,UP-2608-000026,2026-08-03T08:00:00-04:00,2026-08-04,shipped,,USD,true
02_upright_paid_order_items_aug2026.csv,532,UP-2608-000027,2026-08-27T08:00:00-04:00,2026-08-28,shipped,,USD,true
02_upright_paid_order_items_aug2026.csv,582,UP-2608-000028,2026-08-29T08:00:00-04:00,2026-08-31,shipped,,USD,true
02_upright_paid_order_items_aug2026.csv,626,UP-2608-000029,2026-08-30T08:00:00-04:00,2026-08-31,shipped,,USD,true
02_upright_paid_order_items_aug2026.csv,369,UP-2608-000030,2026-08-19T08:00:00-04:00,2026-08-24,shipped,,USD,true
02_upright_paid_order_items_aug2026.csv,294,UP-2608-000031,2026-08-15T08:00:00-04:00,2026-08-17,shipped,,USD,true
02_upright_paid_order_items_aug2026.csv,557,UP-2608-000032,2026-08-28T08:00:00-04:00,2026-08-31,shipped,,USD,true
02_upright_paid_order_items_aug2026.csv,422,UP-2608-000033,2026-08-22T08:00:00-04:00,2026-08-24,shipped,,USD,true
02_upright_paid_order_items_aug2026.csv,435,UP-2608-000034,2026-08-22T08:00:00-04:00,2026-08-26,shipped,2026-08-31T21:00:00-04:00,USD,true
02_upright_paid_order_items_aug2026.csv,416,UP-2608-000035,2026-08-21T08:00:00-04:00,2026-08-24,shipped,,USD,true
02_upright_paid_order_items_aug2026.csv,237,UP-2608-000036,2026-08-12T08:00:00-04:00,2026-08-13,shipped,,USD,true
02_upright_paid_order_items_aug2026.csv,344,UP-2608-000037,2026-08-18T08:00:00-04:00,2026-08-20,shipped,,USD,true
02_upright_paid_order_items_aug2026.csv,234,UP-2608-000038,2026-08-12T08:00:00-04:00,,local_pickup,,USD,true
02_upright_paid_order_items_aug2026.csv,64,UP-2608-000039,2026-08-03T08:00:00-04:00,2026-08-04,shipped,,USD,true
02_upright_paid_order_items_aug2026.csv,230,UP-2608-000040,2026-08-12T08:00:00-04:00,2026-08-14,shipped,,USD,true
02_upright_paid_order_items_aug2026.csv,310,UP-2608-000041,2026-08-16T08:00:00-04:00,2026-08-17,shipped,,USD,true
02_upright_paid_order_items_aug2026.csv,40,UP-2608-000042,2026-08-02T08:00:00-04:00,2026-08-04,shipped,,USD,true
02_upright_paid_order_items_aug2026.csv,546,UP-2608-000043,2026-08-28T08:00:00-04:00,,pending_fulfillment,,USD,true
02_upright_paid_order_items_aug2026.csv,261,UP-2608-000044,2026-08-14T08:00:00-04:00,2026-08-18,shipped,,USD,true
02_upright_paid_order_items_aug2026.csv,31,UP-2608-000045,2026-08-02T08:00:00-04:00,2026-08-03,shipped,,USD,true
02_upright_paid_order_items_aug2026.csv,95,UP-2608-000046,2026-08-05T08:00:00-04:00,2026-08-06,shipped,,USD,true
02_upright_paid_order_items_aug2026.csv,215,UP-2608-000047,2026-08-11T08:00:00-04:00,2026-08-12,shipped,,USD,true
02_upright_paid_order_items_aug2026.csv,469,UP-2608-000048,2026-08-24T08:00:00-04:00,2026-08-26,shipped,,USD,true
02_upright_paid_order_items_aug2026.csv,548,UP-2608-000049,2026-08-28T08:00:00-04:00,,pending_fulfillment,,USD,true
02_upright_paid_order_items_aug2026.csv,553,UP-2608-000050,2026-08-28T08:00:00-04:00,2026-08-31,shipped,,USD,true
02_upright_paid_order_items_aug2026.csv,439,UP-2608-000051,2026-08-22T08:00:00-04:00,,local_pickup,,USD,true
02_upright_paid_order_items_aug2026.csv,209,UP-2608-000052,2026-08-11T08:00:00-04:00,2026-08-14,shipped,,USD,true
02_upright_paid_order_items_aug2026.csv,600,UP-2608-000053,2026-08-30T08:00:00-04:00,,pending_fulfillment,,USD,true
02_upright_paid_order_items_aug2026.csv,175,UP-2608-000054,2026-08-09T08:00:00-04:00,2026-08-10,shipped,,USD,true
02_upright_paid_order_items_aug2026.csv,400,UP-2608-000055,2026-08-20T08:00:00-04:00,2026-08-21,shipped,,USD,true
02_upright_paid_order_items_aug2026.csv,60,UP-2608-000056,2026-08-03T08:00:00-04:00,2026-08-04,shipped,2026-08-12T21:00:00-04:00,USD,true
02_upright_paid_order_items_aug2026.csv,537,UP-2608-000057,2026-08-27T08:00:00-04:00,2026-08-31,shipped,,USD,true
02_upright_paid_order_items_aug2026.csv,322,UP-2608-000058,2026-08-16T08:00:00-04:00,2026-08-17,shipped,,USD,true
02_upright_paid_order_items_aug2026.csv,604,UP-2608-000059,2026-08-30T08:00:00-04:00,,local_pickup,,USD,true
02_upright_paid_order_items_aug2026.csv,409,UP-2608-000060,2026-08-21T08:00:00-04:00,,canceled_before_fulfillment,2026-08-21T21:00:00-04:00,USD,true
02_upright_paid_order_items_aug2026.csv,584,UP-2608-000061,2026-08-29T08:00:00-04:00,2026-08-31,shipped,,USD,true
02_upright_paid_order_items_aug2026.csv,331,UP-2608-000062,2026-08-17T08:00:00-04:00,2026-08-21,shipped,,USD,true
02_upright_paid_order_items_aug2026.csv,87,UP-2608-000063,2026-08-05T08:00:00-04:00,2026-08-10,shipped,,USD,true
02_upright_paid_order_items_aug2026.csv,637,UP-2608-000064,2026-08-31T08:00:00-04:00,,pending_fulfillment,,USD,true
02_upright_paid_order_items_aug2026.csv,111,UP-2608-000065,2026-08-06T08:00:00-04:00,2026-08-10,shipped,,USD,true
02_upright_paid_order_items_aug2026.csv,621,UP-2608-000066,2026-08-30T08:00:00-04:00,2026-08-31,shipped,,USD,true
02_upright_paid_order_items_aug2026.csv,166,UP-2608-000067,2026-08-09T08:00:00-04:00,2026-08-10,shipped,,USD,true
02_upright_paid_order_items_aug2026.csv,123,UP-2608-000068,2026-08-06T08:00:00-04:00,2026-08-07,shipped,,USD,true
02_upright_paid_order_items_aug2026.csv,629,UP-2608-000069,2026-08-31T08:00:00-04:00,,pending_fulfillment,,USD,true
02_upright_paid_order_items_aug2026.csv,38,UP-2608-000070,2026-08-02T08:00:00-04:00,2026-08-03,shipped,,USD,true
02_upright_paid_order_items_aug2026.csv,173,UP-2608-000071,2026-08-09T08:00:00-04:00,2026-08-10,shipped,,USD,true
02_upright_paid_order_items_aug2026.csv,117,UP-2608-000072,2026-08-06T08:00:00-04:00,2026-08-07,shipped,,USD,true
02_upright_paid_order_items_aug2026.csv,258,UP-2608-000073,2026-08-13T08:00:00-04:00,2026-08-14,shipped,,USD,true
02_upright_paid_order_items_aug2026.csv,7,UP-2608-000074,2026-08-01T08:00:00-04:00,2026-08-03,shipped,,USD,true
02_upright_paid_order_items_aug2026.csv,113,UP-2608-000075,2026-08-06T08:00:00-04:00,2026-08-07,shipped,,USD,true
02_upright_paid_order_items_aug2026.csv,408,UP-2608-000076,2026-08-21T08:00:00-04:00,2026-08-24,shipped,,USD,true
02_upright_paid_order_items_aug2026.csv,559,UP-2608-000077,2026-08-28T08:00:00-04:00,2026-08-31,shipped,,USD,true
02_upright_paid_order_items_aug2026.csv,162,UP-2608-000078,2026-08-09T08:00:00-04:00,2026-08-10,shipped,,USD,true
02_upright_paid_order_items_aug2026.csv,249,UP-2608-000079,2026-08-13T08:00:00-04:00,,local_pickup,,USD,true
02_upright_paid_order_items_aug2026.csv,373,UP-2608-000080,2026-08-19T08:00:00-04:00,2026-08-20,shipped,,USD,true
02_upright_paid_order_items_aug2026.csv,246,UP-2608-000081,2026-08-13T08:00:00-04:00,,local_pickup,,USD,true
02_upright_paid_order_items_aug2026.csv,78,UP-2608-000082,2026-08-04T08:00:00-04:00,2026-08-05,shipped,,USD,true
02_upright_paid_order_items_aug2026.csv,214,UP-2608-000083,2026-08-11T08:00:00-04:00,2026-08-12,shipped,,USD,true
02_upright_paid_order_items_aug2026.csv,363,UP-2608-000084,2026-08-19T08:00:00-04:00,2026-08-21,shipped,,USD,true
02_upright_paid_order_items_aug2026.csv,578,UP-2608-000085,2026-08-29T08:00:00-04:00,2026-08-31,shipped,,USD,true
02_upright_paid_order_items_aug2026.csv,545,UP-2608-000086,2026-08-28T08:00:00-04:00,,pending_fulfillment,,USD,true
02_upright_paid_order_items_aug2026.csv,392,UP-2608-000087,2026-08-20T08:00:00-04:00,2026-08-24,shipped,,USD,true
02_upright_paid_order_items_aug2026.csv,616,UP-2608-000088,2026-08-30T08:00:00-04:00,2026-08-31,shipped,,USD,true
02_upright_paid_order_items_aug2026.csv,593,UP-2608-000089,2026-08-30T08:00:00-04:00,2026-08-31,shipped,,USD,true
02_upright_paid_order_items_aug2026.csv,599,UP-2608-000090,2026-08-30T08:00:00-04:00,,pending_fulfillment,,USD,true
02_upright_paid_order_items_aug2026.csv,283,UP-2608-000091,2026-08-15T08:00:00-04:00,2026-08-18,shipped,,USD,true
02_upright_paid_order_items_aug2026.csv,352,UP-2608-000092,2026-08-18T08:00:00-04:00,2026-08-20,shipped,,USD,true
02_upright_paid_order_items_aug2026.csv,427,UP-2608-000093,2026-08-22T08:00:00-04:00,2026-08-24,shipped,,USD,true
02_upright_paid_order_items_aug2026.csv,135,UP-2608-000094,2026-08-07T08:00:00-04:00,2026-08-10,shipped,,USD,true
02_upright_paid_order_items_aug2026.csv,330,UP-2608-000095,2026-08-16T08:00:00-04:00,2026-08-17,shipped,,USD,true
02_upright_paid_order_items_aug2026.csv,361,UP-2608-000096,2026-08-19T08:00:00-04:00,2026-08-21,shipped,,USD,true
02_upright_paid_order_items_aug2026.csv,407,UP-2608-000097,2026-08-21T08:00:00-04:00,2026-08-24,shipped,,USD,true
02_upright_paid_order_items_aug2026.csv,263,UP-2608-000098,2026-08-14T08:00:00-04:00,2026-08-17,shipped,,USD,true
02_upright_paid_order_items_aug2026.csv,572,UP-2608-000099,2026-08-29T08:00:00-04:00,2026-08-31,shipped,,USD,true
02_upright_paid_order_items_aug2026.csv,220,UP-2608-000100,2026-08-11T08:00:00-04:00,2026-08-14,shipped,,USD,true
02_upright_paid_order_items_aug2026.csv,115,UP-2608-000101,2026-08-06T08:00:00-04:00,,canceled_before_fulfillment,2026-08-06T21:00:00-04:00,USD,true
02_upright_paid_order_items_aug2026.csv,645,UP-2608-000102,2026-08-31T08:00:00-04:00,,local_pickup,,USD,true
02_upright_paid_order_items_aug2026.csv,525,UP-2608-000103,2026-08-27T08:00:00-04:00,2026-08-28,shipped,,USD,true
02_upright_paid_order_items_aug2026.csv,69,UP-2608-000104,2026-08-04T08:00:00-04:00,2026-08-05,shipped,,USD,true
02_upright_paid_order_items_aug2026.csv,347,UP-2608-000105,2026-08-18T08:00:00-04:00,2026-08-19,shipped,,USD,true
02_upright_paid_order_items_aug2026.csv,603,UP-2608-000106,2026-08-30T08:00:00-04:00,2026-08-31,shipped,,USD,true
02_upright_paid_order_items_aug2026.csv,132,UP-2608-000107,2026-08-07T08:00:00-04:00,2026-08-12,shipped,,USD,true
02_upright_paid_order_items_aug2026.csv,146,UP-2608-000108,2026-08-08T08:00:00-04:00,2026-08-11,shipped,,USD,true
02_upright_paid_order_items_aug2026.csv,313,UP-2608-000109,2026-08-16T08:00:00-04:00,2026-08-19,shipped,,USD,true
02_upright_paid_order_items_aug2026.csv,350,UP-2608-000110,2026-08-18T08:00:00-04:00,2026-08-20,shipped,,USD,true
02_upright_paid_order_items_aug2026.csv,266,UP-2608-000111,2026-08-14T08:00:00-04:00,2026-08-18,shipped,,USD,true
02_upright_paid_order_items_aug2026.csv,314,UP-2608-000112,2026-08-16T08:00:00-04:00,2026-08-17,shipped,,USD,true
02_upright_paid_order_items_aug2026.csv,88,UP-2608-000113,2026-08-05T08:00:00-04:00,2026-08-10,shipped,,USD,true
02_upright_paid_order_items_aug2026.csv,70,UP-2608-000114,2026-08-04T08:00:00-04:00,2026-08-06,shipped,,USD,true
02_upright_paid_order_items_aug2026.csv,367,UP-2608-000115,2026-08-19T08:00:00-04:00,2026-08-20,shipped,,USD,true
02_upright_paid_order_items_aug2026.csv,94,UP-2608-000116,2026-08-05T08:00:00-04:00,2026-08-06,shipped,,USD,true
02_upright_paid_order_items_aug2026.csv,362,UP-2608-000117,2026-08-19T08:00:00-04:00,2026-08-24,shipped,,USD,true
02_upright_paid_order_items_aug2026.csv,650,UP-2608-000118,2026-08-31T08:00:00-04:00,,pending_fulfillment,,USD,true
02_upright_paid_order_items_aug2026.csv,143,UP-2608-000119,2026-08-08T08:00:00-04:00,,local_pickup,,USD,true
02_upright_paid_order_items_aug2026.csv,483,UP-2608-000120,2026-08-25T08:00:00-04:00,2026-08-26,shipped,,USD,true
02_upright_paid_order_items_aug2026.csv,37,UP-2608-000121,2026-08-02T08:00:00-04:00,2026-08-06,shipped,,USD,true
02_upright_paid_order_items_aug2026.csv,89,UP-2608-000122,2026-08-05T08:00:00-04:00,2026-08-07,shipped,,USD,true
02_upright_paid_order_items_aug2026.csv,116,UP-2608-000123,2026-08-06T08:00:00-04:00,2026-08-07,shipped,,USD,true
02_upright_paid_order_items_aug2026.csv,567,UP-2608-000124,2026-08-29T08:00:00-04:00,2026-08-31,shipped,,USD,true
02_upright_paid_order_items_aug2026.csv,633,UP-2608-000125,2026-08-31T08:00:00-04:00,,pending_fulfillment,,USD,true
02_upright_paid_order_items_aug2026.csv,181,UP-2608-000126,2026-08-10T08:00:00-04:00,2026-08-11,shipped,,USD,true
02_upright_paid_order_items_aug2026.csv,157,UP-2608-000127,2026-08-09T08:00:00-04:00,2026-08-11,shipped,,USD,true
02_upright_paid_order_items_aug2026.csv,305,UP-2608-000128,2026-08-16T08:00:00-04:00,,local_pickup,,USD,true
02_upright_paid_order_items_aug2026.csv,72,UP-2608-000129,2026-08-04T08:00:00-04:00,2026-08-06,shipped,,USD,true
02_upright_paid_order_items_aug2026.csv,411,UP-2608-000130,2026-08-21T08:00:00-04:00,2026-08-24,shipped,2026-08-28T21:00:00-04:00,USD,true
02_upright_paid_order_items_aug2026.csv,77,UP-2608-000131,2026-08-04T08:00:00-04:00,2026-08-06,shipped,,USD,true
02_upright_paid_order_items_aug2026.csv,54,UP-2608-000132,2026-08-03T08:00:00-04:00,2026-08-05,shipped,,USD,true
02_upright_paid_order_items_aug2026.csv,474,UP-2608-000133,2026-08-24T08:00:00-04:00,2026-08-25,shipped,,USD,true
02_upright_paid_order_items_aug2026.csv,93,UP-2608-000134,2026-08-05T08:00:00-04:00,2026-08-06,shipped,,USD,true
02_upright_paid_order_items_aug2026.csv,71,UP-2608-000135,2026-08-04T08:00:00-04:00,2026-08-06,shipped,,USD,true
02_upright_paid_order_items_aug2026.csv,52,UP-2608-000136,2026-08-03T08:00:00-04:00,2026-08-04,shipped,,USD,true
02_upright_paid_order_items_aug2026.csv,252,UP-2608-000137,2026-08-13T08:00:00-04:00,2026-08-17,shipped,,USD,true
02_upright_paid_order_items_aug2026.csv,478,UP-2608-000138,2026-08-24T08:00:00-04:00,2026-08-25,shipped,,USD,true
02_upright_paid_order_items_aug2026.csv,228,UP-2608-000139,2026-08-12T08:00:00-04:00,2026-08-13,shipped,,USD,true
02_upright_paid_order_items_aug2026.csv,298,UP-2608-000140,2026-08-15T08:00:00-04:00,2026-08-17,shipped,2026-08-24T21:00:00-04:00,USD,true
02_upright_paid_order_items_aug2026.csv,1,UP-2608-000141,2026-08-01T08:00:00-04:00,2026-08-03,shipped,,USD,true
02_upright_paid_order_items_aug2026.csv,303,UP-2608-000142,2026-08-16T08:00:00-04:00,2026-08-18,shipped,,USD,true
02_upright_paid_order_items_aug2026.csv,417,UP-2608-000143,2026-08-21T08:00:00-04:00,2026-08-24,shipped,,USD,true
02_upright_paid_order_items_aug2026.csv,634,UP-2608-000144,2026-08-31T08:00:00-04:00,,pending_fulfillment,,USD,true
02_upright_paid_order_items_aug2026.csv,583,UP-2608-000145,2026-08-29T08:00:00-04:00,2026-08-31,shipped,,USD,true
02_upright_paid_order_items_aug2026.csv,248,UP-2608-000146,2026-08-13T08:00:00-04:00,,local_pickup,,USD,true
02_upright_paid_order_items_aug2026.csv,581,UP-2608-000147,2026-08-29T08:00:00-04:00,2026-08-31,shipped,,USD,true
02_upright_paid_order_items_aug2026.csv,91,UP-2608-000148,2026-08-05T08:00:00-04:00,2026-08-10,shipped,,USD,true
02_upright_paid_order_items_aug2026.csv,114,UP-2608-000149,2026-08-06T08:00:00-04:00,2026-08-10,shipped,,USD,true
02_upright_paid_order_items_aug2026.csv,494,UP-2608-000150,2026-08-25T08:00:00-04:00,2026-08-27,shipped,,USD,true
02_upright_paid_order_items_aug2026.csv,573,UP-2608-000151,2026-08-29T08:00:00-04:00,2026-08-31,shipped,,USD,true
02_upright_paid_order_items_aug2026.csv,455,UP-2608-000152,2026-08-23T08:00:00-04:00,2026-08-25,shipped,,USD,true
02_upright_paid_order_items_aug2026.csv,491,UP-2608-000153,2026-08-25T08:00:00-04:00,2026-08-26,shipped,,USD,true
02_upright_paid_order_items_aug2026.csv,18,UP-2608-000154,2026-08-01T08:00:00-04:00,,local_pickup,,USD,true
02_upright_paid_order_items_aug2026.csv,349,UP-2608-000155,2026-08-18T08:00:00-04:00,2026-08-21,shipped,,USD,true
02_upright_paid_order_items_aug2026.csv,160,UP-2608-000156,2026-08-09T08:00:00-04:00,2026-08-10,shipped,,USD,true
02_upright_paid_order_items_aug2026.csv,312,UP-2608-000157,2026-08-16T08:00:00-04:00,2026-08-19,shipped,,USD,true
02_upright_paid_order_items_aug2026.csv,382,UP-2608-000158,2026-08-20T08:00:00-04:00,2026-08-21,shipped,,USD,true
02_upright_paid_order_items_aug2026.csv,210,UP-2608-000159,2026-08-11T08:00:00-04:00,2026-08-13,shipped,,USD,true
02_upright_paid_order_items_aug2026.csv,251,UP-2608-000160,2026-08-13T08:00:00-04:00,2026-08-17,shipped,,USD,true
02_upright_paid_order_items_aug2026.csv,424,UP-2608-000161,2026-08-22T08:00:00-04:00,2026-08-24,shipped,,USD,true
02_upright_paid_order_items_aug2026.csv,339,UP-2608-000162,2026-08-17T08:00:00-04:00,2026-08-18,shipped,,USD,true
02_upright_paid_order_items_aug2026.csv,34,UP-2608-000163,2026-08-02T08:00:00-04:00,2026-08-03,shipped,,USD,true
02_upright_paid_order_items_aug2026.csv,640,UP-2608-000164,2026-08-31T08:00:00-04:00,,pending_fulfillment,,USD,true
02_upright_paid_order_items_aug2026.csv,200,UP-2608-000165,2026-08-10T08:00:00-04:00,2026-08-12,shipped,,USD,true
02_upright_paid_order_items_aug2026.csv,290,UP-2608-000166,2026-08-15T08:00:00-04:00,2026-08-17,shipped,,USD,true
02_upright_paid_order_items_aug2026.csv,59,UP-2608-000167,2026-08-03T08:00:00-04:00,2026-08-04,shipped,,USD,true
02_upright_paid_order_items_aug2026.csv,420,UP-2608-000168,2026-08-21T08:00:00-04:00,2026-08-24,shipped,,USD,true
02_upright_paid_order_items_aug2026.csv,635,UP-2608-000169,2026-08-31T08:00:00-04:00,,pending_fulfillment,,USD,true
02_upright_paid_order_items_aug2026.csv,319,UP-2608-000170,2026-08-16T08:00:00-04:00,2026-08-17,shipped,,USD,true
02_upright_paid_order_items_aug2026.csv,556,UP-2608-000171,2026-08-28T08:00:00-04:00,2026-08-31,shipped,,USD,true
02_upright_paid_order_items_aug2026.csv,30,UP-2608-000172,2026-08-02T08:00:00-04:00,2026-08-04,shipped,,USD,true
02_upright_paid_order_items_aug2026.csv,105,UP-2608-000173,2026-08-06T08:00:00-04:00,2026-08-10,shipped,,USD,true
02_upright_paid_order_items_aug2026.csv,5,UP-2608-000174,2026-08-01T08:00:00-04:00,2026-08-03,shipped,,USD,true
02_upright_paid_order_items_aug2026.csv,368,UP-2608-000175,2026-08-19T08:00:00-04:00,2026-08-21,shipped,,USD,true
02_upright_paid_order_items_aug2026.csv,48,UP-2608-000176,2026-08-02T08:00:00-04:00,2026-08-05,shipped,,USD,true
02_upright_paid_order_items_aug2026.csv,174,UP-2608-000177,2026-08-09T08:00:00-04:00,,local_pickup,,USD,true
02_upright_paid_order_items_aug2026.csv,605,UP-2608-000178,2026-08-30T08:00:00-04:00,,pending_fulfillment,,USD,true
02_upright_paid_order_items_aug2026.csv,501,UP-2608-000179,2026-08-26T08:00:00-04:00,2026-08-27,shipped,,USD,true
02_upright_paid_order_items_aug2026.csv,264,UP-2608-000180,2026-08-14T08:00:00-04:00,2026-08-17,shipped,,USD,true
02_upright_paid_order_items_aug2026.csv,279,UP-2608-000181,2026-08-15T08:00:00-04:00,2026-08-17,shipped,,USD,true
02_upright_paid_order_items_aug2026.csv,324,UP-2608-000182,2026-08-16T08:00:00-04:00,2026-08-18,shipped,,USD,true
02_upright_paid_order_items_aug2026.csv,375,UP-2608-000183,2026-08-19T08:00:00-04:00,2026-08-24,shipped,,USD,true
02_upright_paid_order_items_aug2026.csv,592,UP-2608-000184,2026-08-29T08:00:00-04:00,2026-08-31,shipped,2026-08-31T21:00:00-04:00,USD,true
02_upright_paid_order_items_aug2026.csv,247,UP-2608-000185,2026-08-13T08:00:00-04:00,2026-08-14,shipped,,USD,true
02_upright_paid_order_items_aug2026.csv,183,UP-2608-000186,2026-08-10T08:00:00-04:00,2026-08-13,shipped,,USD,true
02_upright_paid_order_items_aug2026.csv,558,UP-2608-000187,2026-08-28T08:00:00-04:00,2026-08-31,shipped,,USD,true
02_upright_paid_order_items_aug2026.csv,520,UP-2608-000188,2026-08-27T08:00:00-04:00,2026-08-31,shipped,,USD,true
02_upright_paid_order_items_aug2026.csv,510,UP-2608-000189,2026-08-26T08:00:00-04:00,2026-08-31,shipped,,USD,true
02_upright_paid_order_items_aug2026.csv,231,UP-2608-000190,2026-08-12T08:00:00-04:00,2026-08-14,shipped,,USD,true
02_upright_paid_order_items_aug2026.csv,533,UP-2608-000191,2026-08-27T08:00:00-04:00,2026-08-31,shipped,,USD,true
02_upright_paid_order_items_aug2026.csv,271,UP-2608-000192,2026-08-15T08:00:00-04:00,2026-08-17,shipped,,USD,true
02_upright_paid_order_items_aug2026.csv,163,UP-2608-000193,2026-08-09T08:00:00-04:00,2026-08-10,shipped,,USD,true
02_upright_paid_order_items_aug2026.csv,454,UP-2608-000194,2026-08-23T08:00:00-04:00,2026-08-26,shipped,,USD,true
02_upright_paid_order_items_aug2026.csv,348,UP-2608-000195,2026-08-18T08:00:00-04:00,2026-08-21,shipped,,USD,true
02_upright_paid_order_items_aug2026.csv,221,UP-2608-000196,2026-08-11T08:00:00-04:00,2026-08-12,shipped,,USD,true
02_upright_paid_order_items_aug2026.csv,227,UP-2608-000197,2026-08-12T08:00:00-04:00,2026-08-14,shipped,,USD,true
02_upright_paid_order_items_aug2026.csv,130,UP-2608-000198,2026-08-07T08:00:00-04:00,2026-08-10,shipped,,USD,true
02_upright_paid_order_items_aug2026.csv,208,UP-2608-000199,2026-08-11T08:00:00-04:00,2026-08-13,shipped,,USD,true
02_upright_paid_order_items_aug2026.csv,406,UP-2608-000200,2026-08-21T08:00:00-04:00,2026-08-24,shipped,,USD,true
02_upright_paid_order_items_aug2026.csv,625,UP-2608-000201,2026-08-30T08:00:00-04:00,2026-08-31,shipped,,USD,true
02_upright_paid_order_items_aug2026.csv,243,UP-2608-000202,2026-08-13T08:00:00-04:00,2026-08-17,shipped,,USD,true
02_upright_paid_order_items_aug2026.csv,317,UP-2608-000203,2026-08-16T08:00:00-04:00,2026-08-18,shipped,,USD,true
02_upright_paid_order_items_aug2026.csv,452,UP-2608-000204,2026-08-23T08:00:00-04:00,2026-08-24,shipped,2026-08-25T21:00:00-04:00,USD,true
02_upright_paid_order_items_aug2026.csv,43,UP-2608-000205,2026-08-02T08:00:00-04:00,2026-08-06,shipped,,USD,true
02_upright_paid_order_items_aug2026.csv,601,UP-2608-000206,2026-08-30T08:00:00-04:00,,pending_fulfillment,,USD,true
02_upright_paid_order_items_aug2026.csv,75,UP-2608-000207,2026-08-04T08:00:00-04:00,2026-08-05,shipped,,USD,true
02_upright_paid_order_items_aug2026.csv,182,UP-2608-000208,2026-08-10T08:00:00-04:00,,local_pickup,,USD,true
02_upright_paid_order_items_aug2026.csv,511,UP-2608-000209,2026-08-26T08:00:00-04:00,2026-08-28,shipped,,USD,true
02_upright_paid_order_items_aug2026.csv,346,UP-2608-000210,2026-08-18T08:00:00-04:00,2026-08-24,shipped,,USD,true
02_upright_paid_order_items_aug2026.csv,76,UP-2608-000211,2026-08-04T08:00:00-04:00,2026-08-05,shipped,,USD,true
02_upright_paid_order_items_aug2026.csv,430,UP-2608-000212,2026-08-22T08:00:00-04:00,2026-08-24,shipped,,USD,true
02_upright_paid_order_items_aug2026.csv,447,UP-2608-000213,2026-08-23T08:00:00-04:00,2026-08-24,shipped,,USD,true
02_upright_paid_order_items_aug2026.csv,256,UP-2608-000214,2026-08-13T08:00:00-04:00,2026-08-17,shipped,,USD,true
02_upright_paid_order_items_aug2026.csv,451,UP-2608-000215,2026-08-23T08:00:00-04:00,2026-08-24,shipped,,USD,true
02_upright_paid_order_items_aug2026.csv,304,UP-2608-000216,2026-08-16T08:00:00-04:00,2026-08-18,shipped,,USD,true
02_upright_paid_order_items_aug2026.csv,568,UP-2608-000217,2026-08-29T08:00:00-04:00,2026-08-31,shipped,,USD,true
02_upright_paid_order_items_aug2026.csv,529,UP-2608-000218,2026-08-27T08:00:00-04:00,2026-08-31,shipped,,USD,true
02_upright_paid_order_items_aug2026.csv,503,UP-2608-000219,2026-08-26T08:00:00-04:00,2026-08-27,shipped,,USD,true
02_upright_paid_order_items_aug2026.csv,485,UP-2608-000220,2026-08-25T08:00:00-04:00,2026-08-26,shipped,,USD,true
02_upright_paid_order_items_aug2026.csv,516,UP-2608-000221,2026-08-26T08:00:00-04:00,2026-08-28,shipped,,USD,true
02_upright_paid_order_items_aug2026.csv,315,UP-2608-000222,2026-08-16T08:00:00-04:00,2026-08-17,shipped,,USD,true
02_upright_paid_order_items_aug2026.csv,179,UP-2608-000223,2026-08-09T08:00:00-04:00,2026-08-10,shipped,,USD,true
02_upright_paid_order_items_aug2026.csv,354,UP-2608-000224,2026-08-18T08:00:00-04:00,2026-08-19,shipped,,USD,true
02_upright_paid_order_items_aug2026.csv,487,UP-2608-000225,2026-08-25T08:00:00-04:00,2026-08-28,shipped,,USD,true
02_upright_paid_order_items_aug2026.csv,225,UP-2608-000226,2026-08-12T08:00:00-04:00,2026-08-17,shipped,,USD,true
02_upright_paid_order_items_aug2026.csv,464,UP-2608-000227,2026-08-24T08:00:00-04:00,2026-08-25,shipped,,USD,true
02_upright_paid_order_items_aug2026.csv,496,UP-2608-000228,2026-08-25T08:00:00-04:00,2026-08-28,shipped,,USD,true
02_upright_paid_order_items_aug2026.csv,377,UP-2608-000229,2026-08-19T08:00:00-04:00,2026-08-20,shipped,,USD,true
02_upright_paid_order_items_aug2026.csv,311,UP-2608-000230,2026-08-16T08:00:00-04:00,2026-08-18,shipped,,USD,true
02_upright_paid_order_items_aug2026.csv,222,UP-2608-000231,2026-08-11T08:00:00-04:00,2026-08-14,shipped,2026-08-20T21:00:00-04:00,USD,true
02_upright_paid_order_items_aug2026.csv,341,UP-2608-000232,2026-08-17T08:00:00-04:00,2026-08-18,shipped,,USD,true
02_upright_paid_order_items_aug2026.csv,343,UP-2608-000233,2026-08-18T08:00:00-04:00,2026-08-24,shipped,,USD,true
02_upright_paid_order_items_aug2026.csv,81,UP-2608-000234,2026-08-04T08:00:00-04:00,2026-08-05,shipped,,USD,true
02_upright_paid_order_items_aug2026.csv,337,UP-2608-000235,2026-08-17T08:00:00-04:00,2026-08-19,shipped,,USD,true
02_upright_paid_order_items_aug2026.csv,332,UP-2608-000236,2026-08-17T08:00:00-04:00,2026-08-18,shipped,,USD,true
02_upright_paid_order_items_aug2026.csv,628,UP-2608-000237,2026-08-31T08:00:00-04:00,,pending_fulfillment,,USD,true
02_upright_paid_order_items_aug2026.csv,475,UP-2608-000238,2026-08-24T08:00:00-04:00,2026-08-26,shipped,,USD,true
02_upright_paid_order_items_aug2026.csv,45,UP-2608-000239,2026-08-02T08:00:00-04:00,,local_pickup,,USD,true
02_upright_paid_order_items_aug2026.csv,370,UP-2608-000240,2026-08-19T08:00:00-04:00,2026-08-21,shipped,,USD,true
02_upright_paid_order_items_aug2026.csv,396,UP-2608-000241,2026-08-20T08:00:00-04:00,2026-08-21,shipped,,USD,true
02_upright_paid_order_items_aug2026.csv,471,UP-2608-000242,2026-08-24T08:00:00-04:00,2026-08-25,shipped,,USD,true
02_upright_paid_order_items_aug2026.csv,472,UP-2608-000243,2026-08-24T08:00:00-04:00,2026-08-25,shipped,,USD,true
02_upright_paid_order_items_aug2026.csv,142,UP-2608-000244,2026-08-08T08:00:00-04:00,,local_pickup,,USD,true
02_upright_paid_order_items_aug2026.csv,122,UP-2608-000245,2026-08-06T08:00:00-04:00,2026-08-10,shipped,,USD,true
02_upright_paid_order_items_aug2026.csv,212,UP-2608-000246,2026-08-11T08:00:00-04:00,2026-08-12,shipped,,USD,true
02_upright_paid_order_items_aug2026.csv,65,UP-2608-000247,2026-08-03T08:00:00-04:00,,local_pickup,,USD,true
02_upright_paid_order_items_aug2026.csv,493,UP-2608-000248,2026-08-25T08:00:00-04:00,2026-08-27,shipped,,USD,true
02_upright_paid_order_items_aug2026.csv,627,UP-2608-000249,2026-08-30T08:00:00-04:00,2026-08-31,shipped,,USD,true
02_upright_paid_order_items_aug2026.csv,253,UP-2608-000250,2026-08-13T08:00:00-04:00,2026-08-14,shipped,,USD,true
02_upright_paid_order_items_aug2026.csv,521,UP-2608-000251,2026-08-27T08:00:00-04:00,2026-08-28,shipped,,USD,true
02_upright_paid_order_items_aug2026.csv,425,UP-2608-000252,2026-08-22T08:00:00-04:00,2026-08-27,shipped,,USD,true
02_upright_paid_order_items_aug2026.csv,10,UP-2608-000253,2026-08-01T08:00:00-04:00,2026-08-03,shipped,,USD,true
02_upright_paid_order_items_aug2026.csv,79,UP-2608-000254,2026-08-04T08:00:00-04:00,2026-08-10,shipped,,USD,true
02_upright_paid_order_items_aug2026.csv,104,UP-2608-000255,2026-08-06T08:00:00-04:00,2026-08-07,shipped,,USD,true
02_upright_paid_order_items_aug2026.csv,622,UP-2608-000256,2026-08-30T08:00:00-04:00,,pending_fulfillment,,USD,true
02_upright_paid_order_items_aug2026.csv,259,UP-2608-000257,2026-08-14T08:00:00-04:00,2026-08-17,shipped,,USD,true
02_upright_paid_order_items_aug2026.csv,216,UP-2608-000258,2026-08-11T08:00:00-04:00,2026-08-12,shipped,,USD,true
02_upright_paid_order_items_aug2026.csv,211,UP-2608-000259,2026-08-11T08:00:00-04:00,2026-08-17,shipped,,USD,true
02_upright_paid_order_items_aug2026.csv,482,UP-2608-000260,2026-08-24T08:00:00-04:00,2026-08-28,shipped,2026-08-30T21:00:00-04:00,USD,true
02_upright_paid_order_items_aug2026.csv,587,UP-2608-000261,2026-08-29T08:00:00-04:00,2026-08-31,shipped,,USD,true
02_upright_paid_order_items_aug2026.csv,328,UP-2608-000262,2026-08-16T08:00:00-04:00,2026-08-17,shipped,,USD,true
02_upright_paid_order_items_aug2026.csv,195,UP-2608-000263,2026-08-10T08:00:00-04:00,2026-08-12,shipped,,USD,true
02_upright_paid_order_items_aug2026.csv,161,UP-2608-000264,2026-08-09T08:00:00-04:00,2026-08-10,shipped,,USD,true
02_upright_paid_order_items_aug2026.csv,90,UP-2608-000265,2026-08-05T08:00:00-04:00,2026-08-06,shipped,,USD,true
02_upright_paid_order_items_aug2026.csv,25,UP-2608-000266,2026-08-02T08:00:00-04:00,2026-08-03,shipped,,USD,true
02_upright_paid_order_items_aug2026.csv,112,UP-2608-000267,2026-08-06T08:00:00-04:00,2026-08-07,shipped,,USD,true
02_upright_paid_order_items_aug2026.csv,531,UP-2608-000268,2026-08-27T08:00:00-04:00,2026-08-28,shipped,,USD,true
02_upright_paid_order_items_aug2026.csv,632,UP-2608-000269,2026-08-31T08:00:00-04:00,,pending_fulfillment,,USD,true
02_upright_paid_order_items_aug2026.csv,108,UP-2608-000270,2026-08-06T08:00:00-04:00,,local_pickup,,USD,true
02_upright_paid_order_items_aug2026.csv,148,UP-2608-000271,2026-08-08T08:00:00-04:00,2026-08-13,shipped,,USD,true
02_upright_paid_order_items_aug2026.csv,562,UP-2608-000272,2026-08-28T08:00:00-04:00,2026-08-31,shipped,,USD,true
02_upright_paid_order_items_aug2026.csv,85,UP-2608-000273,2026-08-04T08:00:00-04:00,2026-08-10,shipped,,USD,true
02_upright_paid_order_items_aug2026.csv,180,UP-2608-000274,2026-08-09T08:00:00-04:00,2026-08-10,shipped,,USD,true
02_upright_paid_order_items_aug2026.csv,395,UP-2608-000275,2026-08-20T08:00:00-04:00,2026-08-21,shipped,,USD,true
02_upright_paid_order_items_aug2026.csv,602,UP-2608-000276,2026-08-30T08:00:00-04:00,,pending_fulfillment,,USD,true
02_upright_paid_order_items_aug2026.csv,83,UP-2608-000277,2026-08-04T08:00:00-04:00,2026-08-05,shipped,,USD,true
02_upright_paid_order_items_aug2026.csv,309,UP-2608-000278,2026-08-16T08:00:00-04:00,2026-08-17,shipped,,USD,true
02_upright_paid_order_items_aug2026.csv,499,UP-2608-000279,2026-08-25T08:00:00-04:00,2026-08-26,shipped,,USD,true
02_upright_paid_order_items_aug2026.csv,429,UP-2608-000280,2026-08-22T08:00:00-04:00,,local_pickup,,USD,true
02_upright_paid_order_items_aug2026.csv,624,UP-2608-000281,2026-08-30T08:00:00-04:00,2026-08-31,shipped,,USD,true
02_upright_paid_order_items_aug2026.csv,551,UP-2608-000282,2026-08-28T08:00:00-04:00,2026-08-31,shipped,,USD,true
02_upright_paid_order_items_aug2026.csv,207,UP-2608-000283,2026-08-11T08:00:00-04:00,2026-08-12,shipped,,USD,true
02_upright_paid_order_items_aug2026.csv,623,UP-2608-000284,2026-08-30T08:00:00-04:00,,pending_fulfillment,,USD,true
02_upright_paid_order_items_aug2026.csv,190,UP-2608-000285,2026-08-10T08:00:00-04:00,2026-08-13,shipped,,USD,true
02_upright_paid_order_items_aug2026.csv,152,UP-2608-000286,2026-08-08T08:00:00-04:00,2026-08-10,shipped,2026-08-15T21:00:00-04:00,USD,true
02_upright_paid_order_items_aug2026.csv,29,UP-2608-000287,2026-08-02T08:00:00-04:00,2026-08-03,shipped,,USD,true
02_upright_paid_order_items_aug2026.csv,308,UP-2608-000288,2026-08-16T08:00:00-04:00,2026-08-18,shipped,,USD,true
02_upright_paid_order_items_aug2026.csv,484,UP-2608-000289,2026-08-25T08:00:00-04:00,2026-08-27,shipped,,USD,true
02_upright_paid_order_items_aug2026.csv,127,UP-2608-000290,2026-08-07T08:00:00-04:00,2026-08-10,shipped,,USD,true
02_upright_paid_order_items_aug2026.csv,393,UP-2608-000291,2026-08-20T08:00:00-04:00,,local_pickup,,USD,true
02_upright_paid_order_items_aug2026.csv,245,UP-2608-000292,2026-08-13T08:00:00-04:00,,local_pickup,,USD,true
02_upright_paid_order_items_aug2026.csv,606,UP-2608-000293,2026-08-30T08:00:00-04:00,2026-08-31,shipped,,USD,true
02_upright_paid_order_items_aug2026.csv,198,UP-2608-000294,2026-08-10T08:00:00-04:00,2026-08-12,shipped,,USD,true
02_upright_paid_order_items_aug2026.csv,415,UP-2608-000295,2026-08-21T08:00:00-04:00,,local_pickup,,USD,true
02_upright_paid_order_items_aug2026.csv,486,UP-2608-000296,2026-08-25T08:00:00-04:00,2026-08-26,shipped,,USD,true
02_upright_paid_order_items_aug2026.csv,372,UP-2608-000297,2026-08-19T08:00:00-04:00,2026-08-24,shipped,,USD,true
02_upright_paid_order_items_aug2026.csv,80,UP-2608-000298,2026-08-04T08:00:00-04:00,2026-08-06,shipped,2026-08-07T21:00:00-04:00,USD,true
02_upright_paid_order_items_aug2026.csv,217,UP-2608-000299,2026-08-11T08:00:00-04:00,2026-08-12,shipped,,USD,true
02_upright_paid_order_items_aug2026.csv,149,UP-2608-000300,2026-08-08T08:00:00-04:00,2026-08-10,shipped,,USD,true
02_upright_paid_order_items_aug2026.csv,438,UP-2608-000301,2026-08-22T08:00:00-04:00,2026-08-24,shipped,,USD,true
02_upright_paid_order_items_aug2026.csv,187,UP-2608-000302,2026-08-10T08:00:00-04:00,2026-08-13,shipped,,USD,true
02_upright_paid_order_items_aug2026.csv,380,UP-2608-000303,2026-08-20T08:00:00-04:00,2026-08-24,shipped,,USD,true
02_upright_paid_order_items_aug2026.csv,84,UP-2608-000304,2026-08-04T08:00:00-04:00,2026-08-05,shipped,,USD,true
02_upright_paid_order_items_aug2026.csv,15,UP-2608-000305,2026-08-01T08:00:00-04:00,2026-08-03,shipped,,USD,true
02_upright_paid_order_items_aug2026.csv,125,UP-2608-000306,2026-08-07T08:00:00-04:00,2026-08-10,shipped,,USD,true
02_upright_paid_order_items_aug2026.csv,561,UP-2608-000307,2026-08-28T08:00:00-04:00,2026-08-31,shipped,,USD,true
02_upright_paid_order_items_aug2026.csv,505,UP-2608-000308,2026-08-26T08:00:00-04:00,2026-08-28,shipped,,USD,true
02_upright_paid_order_items_aug2026.csv,176,UP-2608-000309,2026-08-09T08:00:00-04:00,2026-08-10,shipped,,USD,true
02_upright_paid_order_items_aug2026.csv,515,UP-2608-000310,2026-08-26T08:00:00-04:00,2026-08-27,shipped,,USD,true
02_upright_paid_order_items_aug2026.csv,36,UP-2608-000311,2026-08-02T08:00:00-04:00,2026-08-03,shipped,,USD,true
02_upright_paid_order_items_aug2026.csv,120,UP-2608-000312,2026-08-06T08:00:00-04:00,2026-08-10,shipped,,USD,true
02_upright_paid_order_items_aug2026.csv,588,UP-2608-000313,2026-08-29T08:00:00-04:00,2026-08-31,shipped,,USD,true
02_upright_paid_order_items_aug2026.csv,278,UP-2608-000314,2026-08-15T08:00:00-04:00,2026-08-17,shipped,,USD,true
02_upright_paid_order_items_aug2026.csv,351,UP-2608-000315,2026-08-18T08:00:00-04:00,2026-08-21,shipped,,USD,true
02_upright_paid_order_items_aug2026.csv,530,UP-2608-000316,2026-08-27T08:00:00-04:00,,local_pickup,,USD,true
02_upright_paid_order_items_aug2026.csv,74,UP-2608-000317,2026-08-04T08:00:00-04:00,2026-08-05,shipped,,USD,true
02_upright_paid_order_items_aug2026.csv,262,UP-2608-000318,2026-08-14T08:00:00-04:00,2026-08-17,shipped,,USD,true
02_upright_paid_order_items_aug2026.csv,448,UP-2608-000319,2026-08-23T08:00:00-04:00,2026-08-24,shipped,,USD,true
02_upright_paid_order_items_aug2026.csv,273,UP-2608-000320,2026-08-15T08:00:00-04:00,2026-08-18,shipped,,USD,true
02_upright_paid_order_items_aug2026.csv,189,UP-2608-000321,2026-08-10T08:00:00-04:00,2026-08-13,shipped,,USD,true
02_upright_paid_order_items_aug2026.csv,386,UP-2608-000322,2026-08-20T08:00:00-04:00,2026-08-24,shipped,,USD,true
02_upright_paid_order_items_aug2026.csv,591,UP-2608-000323,2026-08-29T08:00:00-04:00,2026-08-31,shipped,,USD,true
02_upright_paid_order_items_aug2026.csv,106,UP-2608-000324,2026-08-06T08:00:00-04:00,2026-08-07,shipped,,USD,true
02_upright_paid_order_items_aug2026.csv,165,UP-2608-000325,2026-08-09T08:00:00-04:00,2026-08-13,shipped,,USD,true
02_upright_paid_order_items_aug2026.csv,524,UP-2608-000326,2026-08-27T08:00:00-04:00,2026-08-31,shipped,,USD,true
02_upright_paid_order_items_aug2026.csv,199,UP-2608-000327,2026-08-10T08:00:00-04:00,2026-08-12,shipped,,USD,true
02_upright_paid_order_items_aug2026.csv,26,UP-2608-000328,2026-08-02T08:00:00-04:00,2026-08-03,shipped,,USD,true
02_upright_paid_order_items_aug2026.csv,274,UP-2608-000329,2026-08-15T08:00:00-04:00,,local_pickup,2026-08-25T21:00:00-04:00,USD,true
02_upright_paid_order_items_aug2026.csv,50,UP-2608-000330,2026-08-03T08:00:00-04:00,2026-08-06,shipped,,USD,true
02_upright_paid_order_items_aug2026.csv,119,UP-2608-000331,2026-08-06T08:00:00-04:00,,canceled_before_fulfillment,2026-08-11T21:00:00-04:00,USD,true
02_upright_paid_order_items_aug2026.csv,285,UP-2608-000332,2026-08-15T08:00:00-04:00,2026-08-17,shipped,,USD,true
02_upright_paid_order_items_aug2026.csv,480,UP-2608-000333,2026-08-24T08:00:00-04:00,2026-08-26,shipped,,USD,true
02_upright_paid_order_items_aug2026.csv,140,UP-2608-000334,2026-08-07T08:00:00-04:00,2026-08-10,shipped,,USD,true
02_upright_paid_order_items_aug2026.csv,255,UP-2608-000335,2026-08-13T08:00:00-04:00,2026-08-14,shipped,,USD,true
02_upright_paid_order_items_aug2026.csv,184,UP-2608-000336,2026-08-10T08:00:00-04:00,2026-08-12,shipped,,USD,true
02_upright_paid_order_items_aug2026.csv,55,UP-2608-000337,2026-08-03T08:00:00-04:00,2026-08-05,shipped,,USD,true
02_upright_paid_order_items_aug2026.csv,590,UP-2608-000338,2026-08-29T08:00:00-04:00,2026-08-31,shipped,,USD,true
02_upright_paid_order_items_aug2026.csv,614,UP-2608-000339,2026-08-30T08:00:00-04:00,,pending_fulfillment,,USD,true
02_upright_paid_order_items_aug2026.csv,194,UP-2608-000340,2026-08-10T08:00:00-04:00,2026-08-11,shipped,,USD,true
02_upright_paid_order_items_aug2026.csv,539,UP-2608-000341,2026-08-27T08:00:00-04:00,2026-08-31,shipped,,USD,true
02_upright_paid_order_items_aug2026.csv,23,UP-2608-000342,2026-08-02T08:00:00-04:00,2026-08-06,shipped,,USD,true
02_upright_paid_order_items_aug2026.csv,394,UP-2608-000343,2026-08-20T08:00:00-04:00,2026-08-21,shipped,,USD,true
02_upright_paid_order_items_aug2026.csv,96,UP-2608-000344,2026-08-05T08:00:00-04:00,2026-08-06,shipped,,USD,true
02_upright_paid_order_items_aug2026.csv,459,UP-2608-000345,2026-08-23T08:00:00-04:00,2026-08-24,shipped,,USD,true
02_upright_paid_order_items_aug2026.csv,450,UP-2608-000346,2026-08-23T08:00:00-04:00,2026-08-25,shipped,,USD,true
02_upright_paid_order_items_aug2026.csv,374,UP-2608-000347,2026-08-19T08:00:00-04:00,,local_pickup,,USD,true
02_upright_paid_order_items_aug2026.csv,177,UP-2608-000348,2026-08-09T08:00:00-04:00,2026-08-11,shipped,,USD,true
02_upright_paid_order_items_aug2026.csv,441,UP-2608-000349,2026-08-23T08:00:00-04:00,2026-08-24,shipped,2026-08-30T21:00:00-04:00,USD,true
02_upright_paid_order_items_aug2026.csv,2,UP-2608-000350,2026-08-01T08:00:00-04:00,2026-08-03,shipped,,USD,true
02_upright_paid_order_items_aug2026.csv,620,UP-2608-000351,2026-08-30T08:00:00-04:00,,pending_fulfillment,,USD,true
02_upright_paid_order_items_aug2026.csv,403,UP-2608-000352,2026-08-21T08:00:00-04:00,2026-08-24,shipped,,USD,true
02_upright_paid_order_items_aug2026.csv,544,UP-2608-000353,2026-08-28T08:00:00-04:00,2026-08-31,shipped,,USD,true
02_upright_paid_order_items_aug2026.csv,526,UP-2608-000354,2026-08-27T08:00:00-04:00,2026-08-28,shipped,,USD,true
02_upright_paid_order_items_aug2026.csv,301,UP-2608-000355,2026-08-15T08:00:00-04:00,,local_pickup,2026-08-16T21:00:00-04:00,USD,true
02_upright_paid_order_items_aug2026.csv,24,UP-2608-000356,2026-08-02T08:00:00-04:00,2026-08-03,shipped,,USD,true
02_upright_paid_order_items_aug2026.csv,99,UP-2608-000357,2026-08-06T08:00:00-04:00,2026-08-07,shipped,,USD,true
02_upright_paid_order_items_aug2026.csv,327,UP-2608-000358,2026-08-16T08:00:00-04:00,2026-08-17,shipped,,USD,true
02_upright_paid_order_items_aug2026.csv,203,UP-2608-000359,2026-08-11T08:00:00-04:00,2026-08-17,shipped,,USD,true
02_upright_paid_order_items_aug2026.csv,129,UP-2608-000360,2026-08-07T08:00:00-04:00,2026-08-10,shipped,,USD,true
02_upright_paid_order_items_aug2026.csv,421,UP-2608-000361,2026-08-21T08:00:00-04:00,2026-08-24,shipped,,USD,true
02_upright_paid_order_items_aug2026.csv,316,UP-2608-000362,2026-08-16T08:00:00-04:00,2026-08-17,shipped,,USD,true
02_upright_paid_order_items_aug2026.csv,571,UP-2608-000363,2026-08-29T08:00:00-04:00,2026-08-31,shipped,,USD,true
02_upright_paid_order_items_aug2026.csv,434,UP-2608-000364,2026-08-22T08:00:00-04:00,2026-08-24,shipped,,USD,true
02_upright_paid_order_items_aug2026.csv,19,UP-2608-000365,2026-08-01T08:00:00-04:00,2026-08-03,shipped,,USD,true
02_upright_paid_order_items_aug2026.csv,598,UP-2608-000366,2026-08-30T08:00:00-04:00,2026-08-31,shipped,,USD,true
02_upright_paid_order_items_aug2026.csv,473,UP-2608-000367,2026-08-24T08:00:00-04:00,2026-08-28,shipped,,USD,true
02_upright_paid_order_items_aug2026.csv,647,UP-2608-000368,2026-08-31T08:00:00-04:00,,pending_fulfillment,,USD,true
02_upright_paid_order_items_aug2026.csv,213,UP-2608-000369,2026-08-11T08:00:00-04:00,2026-08-17,shipped,,USD,true
02_upright_paid_order_items_aug2026.csv,226,UP-2608-000370,2026-08-12T08:00:00-04:00,2026-08-13,shipped,,USD,true
02_upright_paid_order_items_aug2026.csv,126,UP-2608-000371,2026-08-07T08:00:00-04:00,2026-08-10,shipped,,USD,true
02_upright_paid_order_items_aug2026.csv,381,UP-2608-000372,2026-08-20T08:00:00-04:00,2026-08-21,shipped,,USD,true
02_upright_paid_order_items_aug2026.csv,242,UP-2608-000373,2026-08-12T08:00:00-04:00,2026-08-14,shipped,2026-08-17T21:00:00-04:00,USD,true
02_upright_paid_order_items_aug2026.csv,468,UP-2608-000374,2026-08-24T08:00:00-04:00,2026-08-25,shipped,,USD,true
02_upright_paid_order_items_aug2026.csv,617,UP-2608-000375,2026-08-30T08:00:00-04:00,,pending_fulfillment,,USD,true
02_upright_paid_order_items_aug2026.csv,612,UP-2608-000376,2026-08-30T08:00:00-04:00,2026-08-31,shipped,,USD,true
02_upright_paid_order_items_aug2026.csv,509,UP-2608-000377,2026-08-26T08:00:00-04:00,2026-08-31,shipped,,USD,true
02_upright_paid_order_items_aug2026.csv,67,UP-2608-000378,2026-08-03T08:00:00-04:00,2026-08-05,shipped,,USD,true
02_upright_paid_order_items_aug2026.csv,292,UP-2608-000379,2026-08-15T08:00:00-04:00,2026-08-17,shipped,,USD,true
02_upright_paid_order_items_aug2026.csv,268,UP-2608-000380,2026-08-14T08:00:00-04:00,2026-08-17,shipped,,USD,true
02_upright_paid_order_items_aug2026.csv,150,UP-2608-000381,2026-08-08T08:00:00-04:00,2026-08-12,shipped,,USD,true
02_upright_paid_order_items_aug2026.csv,134,UP-2608-000382,2026-08-07T08:00:00-04:00,2026-08-10,shipped,,USD,true
02_upright_paid_order_items_aug2026.csv,519,UP-2608-000383,2026-08-26T08:00:00-04:00,2026-08-27,shipped,,USD,true
02_upright_paid_order_items_aug2026.csv,563,UP-2608-000384,2026-08-29T08:00:00-04:00,2026-08-31,shipped,,USD,true
02_upright_paid_order_items_aug2026.csv,13,UP-2608-000385,2026-08-01T08:00:00-04:00,2026-08-03,shipped,2026-08-11T21:00:00-04:00,USD,true
02_upright_paid_order_items_aug2026.csv,254,UP-2608-000386,2026-08-13T08:00:00-04:00,2026-08-17,shipped,,USD,true
02_upright_paid_order_items_aug2026.csv,17,UP-2608-000387,2026-08-01T08:00:00-04:00,2026-08-03,shipped,,USD,true
02_upright_paid_order_items_aug2026.csv,291,UP-2608-000388,2026-08-15T08:00:00-04:00,,canceled_before_fulfillment,2026-08-15T21:00:00-04:00,USD,true
02_upright_paid_order_items_aug2026.csv,379,UP-2608-000389,2026-08-20T08:00:00-04:00,2026-08-24,shipped,,USD,true
02_upright_paid_order_items_aug2026.csv,229,UP-2608-000390,2026-08-12T08:00:00-04:00,2026-08-17,shipped,,USD,true
02_upright_paid_order_items_aug2026.csv,325,UP-2608-000391,2026-08-16T08:00:00-04:00,2026-08-18,shipped,,USD,true
02_upright_paid_order_items_aug2026.csv,589,UP-2608-000392,2026-08-29T08:00:00-04:00,2026-08-31,shipped,,USD,true
02_upright_paid_order_items_aug2026.csv,419,UP-2608-000393,2026-08-21T08:00:00-04:00,2026-08-24,shipped,,USD,true
02_upright_paid_order_items_aug2026.csv,191,UP-2608-000394,2026-08-10T08:00:00-04:00,2026-08-12,shipped,,USD,true
02_upright_paid_order_items_aug2026.csv,224,UP-2608-000395,2026-08-12T08:00:00-04:00,2026-08-14,shipped,,USD,true
02_upright_paid_order_items_aug2026.csv,204,UP-2608-000396,2026-08-11T08:00:00-04:00,2026-08-12,shipped,,USD,true
02_upright_paid_order_items_aug2026.csv,286,UP-2608-000397,2026-08-15T08:00:00-04:00,2026-08-17,shipped,,USD,true
02_upright_paid_order_items_aug2026.csv,167,UP-2608-000398,2026-08-09T08:00:00-04:00,2026-08-10,shipped,,USD,true
02_upright_paid_order_items_aug2026.csv,35,UP-2608-000399,2026-08-02T08:00:00-04:00,2026-08-03,shipped,,USD,true
02_upright_paid_order_items_aug2026.csv,284,UP-2608-000400,2026-08-15T08:00:00-04:00,2026-08-17,shipped,,USD,true
02_upright_paid_order_items_aug2026.csv,512,UP-2608-000401,2026-08-26T08:00:00-04:00,2026-08-27,shipped,,USD,true
02_upright_paid_order_items_aug2026.csv,383,UP-2608-000402,2026-08-20T08:00:00-04:00,2026-08-24,shipped,,USD,true
02_upright_paid_order_items_aug2026.csv,321,UP-2608-000403,2026-08-16T08:00:00-04:00,2026-08-18,shipped,2026-08-20T21:00:00-04:00,USD,true
02_upright_paid_order_items_aug2026.csv,495,UP-2608-000404,2026-08-25T08:00:00-04:00,2026-08-26,shipped,,USD,true
02_upright_paid_order_items_aug2026.csv,151,UP-2608-000405,2026-08-08T08:00:00-04:00,2026-08-10,shipped,,USD,true
02_upright_paid_order_items_aug2026.csv,648,UP-2608-000406,2026-08-31T08:00:00-04:00,,pending_fulfillment,,USD,true
02_upright_paid_order_items_aug2026.csv,639,UP-2608-000407,2026-08-31T08:00:00-04:00,,pending_fulfillment,,USD,true
02_upright_paid_order_items_aug2026.csv,57,UP-2608-000408,2026-08-03T08:00:00-04:00,2026-08-05,shipped,,USD,true
02_upright_paid_order_items_aug2026.csv,342,UP-2608-000409,2026-08-17T08:00:00-04:00,2026-08-19,shipped,,USD,true
02_upright_paid_order_items_aug2026.csv,68,UP-2608-000410,2026-08-03T08:00:00-04:00,2026-08-06,shipped,,USD,true
02_upright_paid_order_items_aug2026.csv,414,UP-2608-000411,2026-08-21T08:00:00-04:00,2026-08-24,shipped,,USD,true
02_upright_paid_order_items_aug2026.csv,481,UP-2608-000412,2026-08-24T08:00:00-04:00,2026-08-25,shipped,,USD,true
02_upright_paid_order_items_aug2026.csv,488,UP-2608-000413,2026-08-25T08:00:00-04:00,2026-08-27,shipped,,USD,true
02_upright_paid_order_items_aug2026.csv,596,UP-2608-000414,2026-08-30T08:00:00-04:00,2026-08-31,shipped,,USD,true
02_upright_paid_order_items_aug2026.csv,169,UP-2608-000415,2026-08-09T08:00:00-04:00,2026-08-12,shipped,,USD,true
02_upright_paid_order_items_aug2026.csv,631,UP-2608-000416,2026-08-31T08:00:00-04:00,,pending_fulfillment,,USD,true
02_upright_paid_order_items_aug2026.csv,580,UP-2608-000417,2026-08-29T08:00:00-04:00,,local_pickup,,USD,true
02_upright_paid_order_items_aug2026.csv,492,UP-2608-000418,2026-08-25T08:00:00-04:00,2026-08-27,shipped,,USD,true
02_upright_paid_order_items_aug2026.csv,102,UP-2608-000419,2026-08-06T08:00:00-04:00,2026-08-10,shipped,2026-08-19T21:00:00-04:00,USD,true
02_upright_paid_order_items_aug2026.csv,453,UP-2608-000420,2026-08-23T08:00:00-04:00,2026-08-24,shipped,,USD,true
02_upright_paid_order_items_aug2026.csv,619,UP-2608-000421,2026-08-30T08:00:00-04:00,,pending_fulfillment,,USD,true
02_upright_paid_order_items_aug2026.csv,42,UP-2608-000422,2026-08-02T08:00:00-04:00,2026-08-06,shipped,,USD,true
02_upright_paid_order_items_aug2026.csv,136,UP-2608-000423,2026-08-07T08:00:00-04:00,2026-08-10,shipped,,USD,true
02_upright_paid_order_items_aug2026.csv,552,UP-2608-000424,2026-08-28T08:00:00-04:00,2026-08-31,shipped,,USD,true
02_upright_paid_order_items_aug2026.csv,205,UP-2608-000425,2026-08-11T08:00:00-04:00,2026-08-17,shipped,,USD,true
02_upright_paid_order_items_aug2026.csv,188,UP-2608-000426,2026-08-10T08:00:00-04:00,2026-08-11,shipped,,USD,true
02_upright_paid_order_items_aug2026.csv,12,UP-2608-000427,2026-08-01T08:00:00-04:00,2026-08-03,shipped,,USD,true
02_upright_paid_order_items_aug2026.csv,358,UP-2608-000428,2026-08-19T08:00:00-04:00,2026-08-24,shipped,,USD,true
02_upright_paid_order_items_aug2026.csv,289,UP-2608-000429,2026-08-15T08:00:00-04:00,2026-08-17,shipped,,USD,true
02_upright_paid_order_items_aug2026.csv,366,UP-2608-000430,2026-08-19T08:00:00-04:00,2026-08-20,shipped,,USD,true
02_upright_paid_order_items_aug2026.csv,405,UP-2608-000431,2026-08-21T08:00:00-04:00,2026-08-24,shipped,,USD,true
02_upright_paid_order_items_aug2026.csv,555,UP-2608-000432,2026-08-28T08:00:00-04:00,2026-08-31,shipped,,USD,true
02_upright_paid_order_items_aug2026.csv,326,UP-2608-000433,2026-08-16T08:00:00-04:00,,local_pickup,,USD,true
02_upright_paid_order_items_aug2026.csv,232,UP-2608-000434,2026-08-12T08:00:00-04:00,2026-08-17,shipped,,USD,true
02_upright_paid_order_items_aug2026.csv,462,UP-2608-000435,2026-08-23T08:00:00-04:00,2026-08-26,shipped,,USD,true
02_upright_paid_order_items_aug2026.csv,390,UP-2608-000436,2026-08-20T08:00:00-04:00,2026-08-21,shipped,,USD,true
02_upright_paid_order_items_aug2026.csv,297,UP-2608-000437,2026-08-15T08:00:00-04:00,2026-08-17,shipped,,USD,true
02_upright_paid_order_items_aug2026.csv,534,UP-2608-000438,2026-08-27T08:00:00-04:00,2026-08-31,shipped,,USD,true
02_upright_paid_order_items_aug2026.csv,649,UP-2608-000439,2026-08-31T08:00:00-04:00,,pending_fulfillment,,USD,true
02_upright_paid_order_items_aug2026.csv,288,UP-2608-000440,2026-08-15T08:00:00-04:00,2026-08-17,shipped,,USD,true
02_upright_paid_order_items_aug2026.csv,11,UP-2608-000441,2026-08-01T08:00:00-04:00,2026-08-04,shipped,,USD,true
02_upright_paid_order_items_aug2026.csv,265,UP-2608-000442,2026-08-14T08:00:00-04:00,2026-08-17,shipped,,USD,true
02_upright_paid_order_items_aug2026.csv,73,UP-2608-000443,2026-08-04T08:00:00-04:00,2026-08-05,shipped,,USD,true
02_upright_paid_order_items_aug2026.csv,576,UP-2608-000444,2026-08-29T08:00:00-04:00,2026-08-31,shipped,,USD,true
02_upright_paid_order_items_aug2026.csv,238,UP-2608-000445,2026-08-12T08:00:00-04:00,2026-08-13,shipped,,USD,true
02_upright_paid_order_items_aug2026.csv,139,UP-2608-000446,2026-08-07T08:00:00-04:00,2026-08-10,shipped,,USD,true
02_upright_paid_order_items_aug2026.csv,97,UP-2608-000447,2026-08-05T08:00:00-04:00,2026-08-07,shipped,,USD,true
02_upright_paid_order_items_aug2026.csv,320,UP-2608-000448,2026-08-16T08:00:00-04:00,2026-08-17,shipped,,USD,true
02_upright_paid_order_items_aug2026.csv,49,UP-2608-000449,2026-08-02T08:00:00-04:00,2026-08-03,shipped,,USD,true
02_upright_paid_order_items_aug2026.csv,302,UP-2608-000450,2026-08-16T08:00:00-04:00,2026-08-18,shipped,,USD,true
02_upright_paid_order_items_aug2026.csv,272,UP-2608-000451,2026-08-15T08:00:00-04:00,2026-08-18,shipped,,USD,true
02_upright_paid_order_items_aug2026.csv,133,UP-2608-000452,2026-08-07T08:00:00-04:00,2026-08-12,shipped,,USD,true
02_upright_paid_order_items_aug2026.csv,401,UP-2608-000453,2026-08-20T08:00:00-04:00,2026-08-24,shipped,,USD,true
02_upright_paid_order_items_aug2026.csv,201,UP-2608-000454,2026-08-10T08:00:00-04:00,2026-08-13,shipped,,USD,true
02_upright_paid_order_items_aug2026.csv,118,UP-2608-000455,2026-08-06T08:00:00-04:00,2026-08-10,shipped,,USD,true
02_upright_paid_order_items_aug2026.csv,356,UP-2608-000456,2026-08-18T08:00:00-04:00,2026-08-19,shipped,,USD,true
02_upright_paid_order_items_aug2026.csv,444,UP-2608-000457,2026-08-23T08:00:00-04:00,2026-08-24,shipped,,USD,true
02_upright_paid_order_items_aug2026.csv,206,UP-2608-000458,2026-08-11T08:00:00-04:00,2026-08-13,shipped,,USD,true
02_upright_paid_order_items_aug2026.csv,636,UP-2608-000459,2026-08-31T08:00:00-04:00,,pending_fulfillment,,USD,true
02_upright_paid_order_items_aug2026.csv,391,UP-2608-000460,2026-08-20T08:00:00-04:00,,local_pickup,,USD,true
02_upright_paid_order_items_aug2026.csv,547,UP-2608-000461,2026-08-28T08:00:00-04:00,2026-08-31,shipped,,USD,true
02_upright_paid_order_items_aug2026.csv,470,UP-2608-000462,2026-08-24T08:00:00-04:00,2026-08-25,shipped,,USD,true
02_upright_paid_order_items_aug2026.csv,170,UP-2608-000463,2026-08-09T08:00:00-04:00,2026-08-10,shipped,,USD,true
02_upright_paid_order_items_aug2026.csv,98,UP-2608-000464,2026-08-05T08:00:00-04:00,2026-08-07,shipped,,USD,true
02_upright_paid_order_items_aug2026.csv,293,UP-2608-000465,2026-08-15T08:00:00-04:00,2026-08-17,shipped,,USD,true
02_upright_paid_order_items_aug2026.csv,276,UP-2608-000466,2026-08-15T08:00:00-04:00,2026-08-17,shipped,,USD,true
02_upright_paid_order_items_aug2026.csv,497,UP-2608-000467,2026-08-25T08:00:00-04:00,2026-08-26,shipped,,USD,true
02_upright_paid_order_items_aug2026.csv,287,UP-2608-000468,2026-08-15T08:00:00-04:00,,local_pickup,,USD,true
02_upright_paid_order_items_aug2026.csv,466,UP-2608-000469,2026-08-24T08:00:00-04:00,2026-08-27,shipped,,USD,true
02_upright_paid_order_items_aug2026.csv,168,UP-2608-000470,2026-08-09T08:00:00-04:00,2026-08-10,shipped,,USD,true
02_upright_paid_order_items_aug2026.csv,240,UP-2608-000471,2026-08-12T08:00:00-04:00,2026-08-17,shipped,,USD,true
02_upright_paid_order_items_aug2026.csv,610,UP-2608-000472,2026-08-30T08:00:00-04:00,2026-08-31,shipped,,USD,true
02_upright_paid_order_items_aug2026.csv,323,UP-2608-000473,2026-08-16T08:00:00-04:00,2026-08-17,shipped,,USD,true
02_upright_paid_order_items_aug2026.csv,376,UP-2608-000474,2026-08-19T08:00:00-04:00,2026-08-20,shipped,,USD,true
02_upright_paid_order_items_aug2026.csv,506,UP-2608-000475,2026-08-26T08:00:00-04:00,,local_pickup,,USD,true
02_upright_paid_order_items_aug2026.csv,275,UP-2608-000476,2026-08-15T08:00:00-04:00,2026-08-19,shipped,,USD,true
02_upright_paid_order_items_aug2026.csv,404,UP-2608-000477,2026-08-21T08:00:00-04:00,2026-08-24,shipped,,USD,true
02_upright_paid_order_items_aug2026.csv,641,UP-2608-000478,2026-08-31T08:00:00-04:00,,pending_fulfillment,,USD,true
02_upright_paid_order_items_aug2026.csv,145,UP-2608-000479,2026-08-08T08:00:00-04:00,2026-08-10,shipped,,USD,true
02_upright_paid_order_items_aug2026.csv,28,UP-2608-000480,2026-08-02T08:00:00-04:00,2026-08-04,shipped,,USD,true
02_upright_paid_order_items_aug2026.csv,500,UP-2608-000481,2026-08-25T08:00:00-04:00,2026-08-26,shipped,,USD,true
02_upright_paid_order_items_aug2026.csv,144,UP-2608-000482,2026-08-08T08:00:00-04:00,2026-08-10,shipped,,USD,true
02_upright_paid_order_items_aug2026.csv,458,UP-2608-000483,2026-08-23T08:00:00-04:00,2026-08-24,shipped,,USD,true
02_upright_paid_order_items_aug2026.csv,413,UP-2608-000484,2026-08-21T08:00:00-04:00,2026-08-24,shipped,,USD,true
02_upright_paid_order_items_aug2026.csv,609,UP-2608-000485,2026-08-30T08:00:00-04:00,2026-08-31,shipped,,USD,true
02_upright_paid_order_items_aug2026.csv,27,UP-2608-000486,2026-08-02T08:00:00-04:00,2026-08-04,shipped,,USD,true
02_upright_paid_order_items_aug2026.csv,6,UP-2608-000487,2026-08-01T08:00:00-04:00,2026-08-03,shipped,,USD,true
02_upright_paid_order_items_aug2026.csv,574,UP-2608-000488,2026-08-29T08:00:00-04:00,2026-08-31,shipped,,USD,true
02_upright_paid_order_items_aug2026.csv,186,UP-2608-000489,2026-08-10T08:00:00-04:00,,local_pickup,,USD,true
02_upright_paid_order_items_aug2026.csv,307,UP-2608-000490,2026-08-16T08:00:00-04:00,,local_pickup,,USD,true
02_upright_paid_order_items_aug2026.csv,595,UP-2608-000491,2026-08-30T08:00:00-04:00,2026-08-31,shipped,,USD,true
02_upright_paid_order_items_aug2026.csv,463,UP-2608-000492,2026-08-24T08:00:00-04:00,2026-08-25,shipped,,USD,true
02_upright_paid_order_items_aug2026.csv,398,UP-2608-000493,2026-08-20T08:00:00-04:00,2026-08-24,shipped,,USD,true
02_upright_paid_order_items_aug2026.csv,611,UP-2608-000494,2026-08-30T08:00:00-04:00,2026-08-31,shipped,,USD,true
02_upright_paid_order_items_aug2026.csv,47,UP-2608-000495,2026-08-02T08:00:00-04:00,2026-08-06,shipped,,USD,true
02_upright_paid_order_items_aug2026.csv,638,UP-2608-000496,2026-08-31T08:00:00-04:00,,pending_fulfillment,,USD,true
02_upright_paid_order_items_aug2026.csv,63,UP-2608-000497,2026-08-03T08:00:00-04:00,2026-08-07,shipped,,USD,true
02_upright_paid_order_items_aug2026.csv,107,UP-2608-000498,2026-08-06T08:00:00-04:00,,local_pickup,,USD,true
02_upright_paid_order_items_aug2026.csv,618,UP-2608-000499,2026-08-30T08:00:00-04:00,2026-08-31,shipped,,USD,true
02_upright_paid_order_items_aug2026.csv,436,UP-2608-000500,2026-08-22T08:00:00-04:00,2026-08-24,shipped,,USD,true
02_upright_paid_order_items_aug2026.csv,554,UP-2608-000501,2026-08-28T08:00:00-04:00,2026-08-31,shipped,,USD,true
02_upright_paid_order_items_aug2026.csv,270,UP-2608-000502,2026-08-14T08:00:00-04:00,2026-08-17,shipped,,USD,true
02_upright_paid_order_items_aug2026.csv,14,UP-2608-000503,2026-08-01T08:00:00-04:00,2026-08-05,shipped,,USD,true
02_upright_paid_order_items_aug2026.csv,570,UP-2608-000504,2026-08-29T08:00:00-04:00,2026-08-31,shipped,,USD,true
02_upright_paid_order_items_aug2026.csv,418,UP-2608-000505,2026-08-21T08:00:00-04:00,2026-08-24,shipped,,USD,true
02_upright_paid_order_items_aug2026.csv,594,UP-2608-000506,2026-08-30T08:00:00-04:00,,pending_fulfillment,,USD,true
02_upright_paid_order_items_aug2026.csv,155,UP-2608-000507,2026-08-08T08:00:00-04:00,2026-08-10,shipped,,USD,true
02_upright_paid_order_items_aug2026.csv,345,UP-2608-000508,2026-08-18T08:00:00-04:00,2026-08-19,shipped,,USD,true
02_upright_paid_order_items_aug2026.csv,235,UP-2608-000509,2026-08-12T08:00:00-04:00,2026-08-13,shipped,,USD,true
02_upright_paid_order_items_aug2026.csv,333,UP-2608-000510,2026-08-17T08:00:00-04:00,,local_pickup,,USD,true
02_upright_paid_order_items_aug2026.csv,153,UP-2608-000511,2026-08-08T08:00:00-04:00,2026-08-10,shipped,,USD,true
02_upright_paid_order_items_aug2026.csv,147,UP-2608-000512,2026-08-08T08:00:00-04:00,2026-08-10,shipped,,USD,true
02_upright_paid_order_items_aug2026.csv,489,UP-2608-000513,2026-08-25T08:00:00-04:00,2026-08-27,shipped,,USD,true
02_upright_paid_order_items_aug2026.csv,281,UP-2608-000514,2026-08-15T08:00:00-04:00,2026-08-17,shipped,,USD,true
02_upright_paid_order_items_aug2026.csv,82,UP-2608-000515,2026-08-04T08:00:00-04:00,2026-08-05,shipped,,USD,true
02_upright_paid_order_items_aug2026.csv,357,UP-2608-000516,2026-08-19T08:00:00-04:00,2026-08-24,shipped,,USD,true
02_upright_paid_order_items_aug2026.csv,440,UP-2608-000517,2026-08-22T08:00:00-04:00,2026-08-25,shipped,,USD,true
02_upright_paid_order_items_aug2026.csv,371,UP-2608-000518,2026-08-19T08:00:00-04:00,2026-08-24,shipped,,USD,true
02_upright_paid_order_items_aug2026.csv,336,UP-2608-000519,2026-08-17T08:00:00-04:00,2026-08-20,shipped,,USD,true
02_upright_paid_order_items_aug2026.csv,39,UP-2608-000520,2026-08-02T08:00:00-04:00,2026-08-03,shipped,,USD,true
02_upright_paid_order_items_aug2026.csv,164,UP-2608-000521,2026-08-09T08:00:00-04:00,2026-08-10,shipped,,USD,true
02_upright_paid_order_items_aug2026.csv,46,UP-2608-000522,2026-08-02T08:00:00-04:00,2026-08-03,shipped,,USD,true
02_upright_paid_order_items_aug2026.csv,360,UP-2608-000523,2026-08-19T08:00:00-04:00,2026-08-24,shipped,,USD,true
02_upright_paid_order_items_aug2026.csv,171,UP-2608-000524,2026-08-09T08:00:00-04:00,2026-08-11,shipped,2026-08-14T21:00:00-04:00,USD,true
02_upright_paid_order_items_aug2026.csv,236,UP-2608-000525,2026-08-12T08:00:00-04:00,2026-08-17,shipped,,USD,true
02_upright_paid_order_items_aug2026.csv,585,UP-2608-000526,2026-08-29T08:00:00-04:00,2026-08-31,shipped,,USD,true
02_upright_paid_order_items_aug2026.csv,579,UP-2608-000527,2026-08-29T08:00:00-04:00,2026-08-31,shipped,,USD,true
02_upright_paid_order_items_aug2026.csv,502,UP-2608-000528,2026-08-26T08:00:00-04:00,2026-08-28,shipped,,USD,true
02_upright_paid_order_items_aug2026.csv,507,UP-2608-000529,2026-08-26T08:00:00-04:00,2026-08-27,shipped,,USD,true
02_upright_paid_order_items_aug2026.csv,461,UP-2608-000530,2026-08-23T08:00:00-04:00,2026-08-27,shipped,,USD,true
02_upright_paid_order_items_aug2026.csv,359,UP-2608-000531,2026-08-19T08:00:00-04:00,2026-08-21,shipped,,USD,true
02_upright_paid_order_items_aug2026.csv,542,UP-2608-000532,2026-08-28T08:00:00-04:00,2026-08-31,shipped,,USD,true
02_upright_paid_order_items_aug2026.csv,33,UP-2608-000533,2026-08-02T08:00:00-04:00,,local_pickup,,USD,true
02_upright_paid_order_items_aug2026.csv,280,UP-2608-000534,2026-08-15T08:00:00-04:00,2026-08-17,shipped,,USD,true
02_upright_paid_order_items_aug2026.csv,66,UP-2608-000535,2026-08-03T08:00:00-04:00,2026-08-05,shipped,,USD,true
02_upright_paid_order_items_aug2026.csv,22,UP-2608-000536,2026-08-02T08:00:00-04:00,2026-08-05,shipped,,USD,true
02_upright_paid_order_items_aug2026.csv,541,UP-2608-000537,2026-08-27T08:00:00-04:00,2026-08-31,shipped,,USD,true
02_upright_paid_order_items_aug2026.csv,613,UP-2608-000538,2026-08-30T08:00:00-04:00,,pending_fulfillment,,USD,true
02_upright_paid_order_items_aug2026.csv,565,UP-2608-000539,2026-08-29T08:00:00-04:00,2026-08-31,shipped,,USD,true
02_upright_paid_order_items_aug2026.csv,197,UP-2608-000540,2026-08-10T08:00:00-04:00,2026-08-12,shipped,,USD,true
02_upright_paid_order_items_aug2026.csv,299,UP-2608-000541,2026-08-15T08:00:00-04:00,2026-08-19,shipped,,USD,true
02_upright_paid_order_items_aug2026.csv,538,UP-2608-000542,2026-08-27T08:00:00-04:00,2026-08-31,shipped,,USD,true
02_upright_paid_order_items_aug2026.csv,643,UP-2608-000543,2026-08-31T08:00:00-04:00,,pending_fulfillment,,USD,true
02_upright_paid_order_items_aug2026.csv,353,UP-2608-000544,2026-08-18T08:00:00-04:00,2026-08-19,shipped,,USD,true
02_upright_paid_order_items_aug2026.csv,384,UP-2608-000545,2026-08-20T08:00:00-04:00,2026-08-21,shipped,,USD,true
02_upright_paid_order_items_aug2026.csv,517,UP-2608-000546,2026-08-26T08:00:00-04:00,2026-08-28,shipped,,USD,true
02_upright_paid_order_items_aug2026.csv,566,UP-2608-000547,2026-08-29T08:00:00-04:00,2026-08-31,shipped,,USD,true
02_upright_paid_order_items_aug2026.csv,156,UP-2608-000548,2026-08-08T08:00:00-04:00,2026-08-10,shipped,,USD,true
02_upright_paid_order_items_aug2026.csv,514,UP-2608-000549,2026-08-26T08:00:00-04:00,2026-08-27,shipped,,USD,true
02_upright_paid_order_items_aug2026.csv,522,UP-2608-000550,2026-08-27T08:00:00-04:00,,canceled_before_fulfillment,2026-08-27T21:00:00-04:00,USD,true
02_upright_paid_order_items_aug2026.csv,334,UP-2608-000551,2026-08-17T08:00:00-04:00,2026-08-18,shipped,,USD,true
02_upright_paid_order_items_aug2026.csv,300,UP-2608-000552,2026-08-15T08:00:00-04:00,2026-08-18,shipped,,USD,true
02_upright_paid_order_items_aug2026.csv,423,UP-2608-000553,2026-08-22T08:00:00-04:00,2026-08-24,shipped,,USD,true
02_upright_paid_order_items_aug2026.csv,428,UP-2608-000554,2026-08-22T08:00:00-04:00,2026-08-26,shipped,,USD,true
02_upright_paid_order_items_aug2026.csv,219,UP-2608-000555,2026-08-11T08:00:00-04:00,2026-08-12,shipped,,USD,true
02_upright_paid_order_items_aug2026.csv,277,UP-2608-000556,2026-08-15T08:00:00-04:00,2026-08-17,shipped,,USD,true
02_upright_paid_order_items_aug2026.csv,244,UP-2608-000557,2026-08-13T08:00:00-04:00,2026-08-17,shipped,,USD,true
02_upright_paid_order_items_aug2026.csv,387,UP-2608-000558,2026-08-20T08:00:00-04:00,2026-08-24,shipped,,USD,true
02_upright_paid_order_items_aug2026.csv,397,UP-2608-000559,2026-08-20T08:00:00-04:00,2026-08-24,shipped,,USD,true
02_upright_paid_order_items_aug2026.csv,250,UP-2608-000560,2026-08-13T08:00:00-04:00,2026-08-18,shipped,2026-08-24T21:00:00-04:00,USD,true
02_upright_paid_order_items_aug2026.csv,431,UP-2608-000561,2026-08-22T08:00:00-04:00,2026-08-24,shipped,,USD,true
02_upright_paid_order_items_aug2026.csv,476,UP-2608-000562,2026-08-24T08:00:00-04:00,2026-08-26,shipped,,USD,true
02_upright_paid_order_items_aug2026.csv,608,UP-2608-000563,2026-08-30T08:00:00-04:00,,pending_fulfillment,,USD,true
02_upright_paid_order_items_aug2026.csv,159,UP-2608-000564,2026-08-09T08:00:00-04:00,2026-08-12,shipped,,USD,true
02_upright_paid_order_items_aug2026.csv,449,UP-2608-000565,2026-08-23T08:00:00-04:00,2026-08-26,shipped,,USD,true
02_upright_paid_order_items_aug2026.csv,432,UP-2608-000566,2026-08-22T08:00:00-04:00,2026-08-27,shipped,,USD,true
02_upright_paid_order_items_aug2026.csv,62,UP-2608-000567,2026-08-03T08:00:00-04:00,2026-08-05,shipped,,USD,true
02_upright_paid_order_items_aug2026.csv,295,UP-2608-000568,2026-08-15T08:00:00-04:00,2026-08-17,shipped,,USD,true
02_upright_paid_order_items_aug2026.csv,41,UP-2608-000569,2026-08-02T08:00:00-04:00,2026-08-03,shipped,,USD,true
02_upright_paid_order_items_aug2026.csv,465,UP-2608-000570,2026-08-24T08:00:00-04:00,,local_pickup,,USD,true
02_upright_paid_order_items_aug2026.csv,378,UP-2608-000571,2026-08-19T08:00:00-04:00,2026-08-24,shipped,,USD,true
02_upright_paid_order_items_aug2026.csv,630,UP-2608-000572,2026-08-31T08:00:00-04:00,,pending_fulfillment,,USD,true
02_upright_paid_order_items_aug2026.csv,202,UP-2608-000573,2026-08-11T08:00:00-04:00,2026-08-12,shipped,,USD,true
02_upright_paid_order_items_aug2026.csv,535,UP-2608-000574,2026-08-27T08:00:00-04:00,2026-08-31,shipped,,USD,true
02_upright_paid_order_items_aug2026.csv,4,UP-2608-000575,2026-08-01T08:00:00-04:00,2026-08-03,shipped,,USD,true
02_upright_paid_order_items_aug2026.csv,233,UP-2608-000576,2026-08-12T08:00:00-04:00,2026-08-17,shipped,,USD,true
02_upright_paid_order_items_aug2026.csv,365,UP-2608-000577,2026-08-19T08:00:00-04:00,2026-08-20,shipped,,USD,true
02_upright_paid_order_items_aug2026.csv,569,UP-2608-000578,2026-08-29T08:00:00-04:00,,pending_fulfillment,,USD,true
02_upright_paid_order_items_aug2026.csv,124,UP-2608-000579,2026-08-06T08:00:00-04:00,2026-08-07,shipped,2026-08-09T21:00:00-04:00,USD,true
02_upright_paid_order_items_aug2026.csv,53,UP-2608-000580,2026-08-03T08:00:00-04:00,,local_pickup,,USD,true
02_upright_paid_order_items_aug2026.csv,51,UP-2608-000581,2026-08-03T08:00:00-04:00,2026-08-04,shipped,,USD,true
02_upright_paid_order_items_aug2026.csv,121,UP-2608-000582,2026-08-06T08:00:00-04:00,2026-08-10,shipped,,USD,true
02_upright_paid_order_items_aug2026.csv,577,UP-2608-000583,2026-08-29T08:00:00-04:00,2026-08-31,shipped,,USD,true
02_upright_paid_order_items_aug2026.csv,3,UP-2608-000584,2026-08-01T08:00:00-04:00,2026-08-03,shipped,,USD,true
02_upright_paid_order_items_aug2026.csv,338,UP-2608-000585,2026-08-17T08:00:00-04:00,2026-08-18,shipped,,USD,true
02_upright_paid_order_items_aug2026.csv,340,UP-2608-000586,2026-08-17T08:00:00-04:00,2026-08-18,shipped,2026-08-28T21:00:00-04:00,USD,true
02_upright_paid_order_items_aug2026.csv,412,UP-2608-000587,2026-08-21T08:00:00-04:00,2026-08-24,shipped,,USD,true
02_upright_paid_order_items_aug2026.csv,385,UP-2608-000588,2026-08-20T08:00:00-04:00,2026-08-21,shipped,,USD,true
02_upright_paid_order_items_aug2026.csv,477,UP-2608-000589,2026-08-24T08:00:00-04:00,,canceled_before_fulfillment,2026-08-26T21:00:00-04:00,USD,true
02_upright_paid_order_items_aug2026.csv,490,UP-2608-000590,2026-08-25T08:00:00-04:00,2026-08-26,shipped,,USD,true
02_upright_paid_order_items_aug2026.csv,549,UP-2608-000591,2026-08-28T08:00:00-04:00,2026-08-31,shipped,,USD,true
02_upright_paid_order_items_aug2026.csv,137,UP-2608-000592,2026-08-07T08:00:00-04:00,2026-08-10,shipped,,USD,true
02_upright_paid_order_items_aug2026.csv,32,UP-2608-000593,2026-08-02T08:00:00-04:00,2026-08-05,shipped,,USD,true
02_upright_paid_order_items_aug2026.csv,364,UP-2608-000594,2026-08-19T08:00:00-04:00,2026-08-24,shipped,,USD,true
02_upright_paid_order_items_aug2026.csv,389,UP-2608-000595,2026-08-20T08:00:00-04:00,2026-08-21,shipped,,USD,true
02_upright_paid_order_items_aug2026.csv,410,UP-2608-000596,2026-08-21T08:00:00-04:00,2026-08-24,shipped,,USD,true
02_upright_paid_order_items_aug2026.csv,318,UP-2608-000597,2026-08-16T08:00:00-04:00,2026-08-17,shipped,,USD,true
02_upright_paid_order_items_aug2026.csv,92,UP-2608-000598,2026-08-05T08:00:00-04:00,2026-08-07,shipped,,USD,true
02_upright_paid_order_items_aug2026.csv,61,UP-2608-000599,2026-08-03T08:00:00-04:00,2026-08-05,shipped,,USD,true
02_upright_paid_order_items_aug2026.csv,9,UP-2608-000600,2026-08-01T08:00:00-04:00,2026-08-03,shipped,,USD,true
02_upright_paid_order_items_aug2026.csv,44,UP-2608-000601,2026-08-02T08:00:00-04:00,2026-08-03,shipped,2026-08-11T21:00:00-04:00,USD,true
02_upright_paid_order_items_aug2026.csv,141,UP-2608-000602,2026-08-07T08:00:00-04:00,2026-08-10,shipped,2026-08-18T21:00:00-04:00,USD,true
02_upright_paid_order_items_aug2026.csv,560,UP-2608-000603,2026-08-28T08:00:00-04:00,2026-08-31,shipped,,USD,true
02_upright_paid_order_items_aug2026.csv,158,UP-2608-000604,2026-08-09T08:00:00-04:00,2026-08-12,shipped,,USD,true
02_upright_paid_order_items_aug2026.csv,426,UP-2608-000605,2026-08-22T08:00:00-04:00,2026-08-25,shipped,,USD,true
02_upright_paid_order_items_aug2026.csv,460,UP-2608-000606,2026-08-23T08:00:00-04:00,2026-08-24,shipped,,USD,true
02_upright_paid_order_items_aug2026.csv,498,UP-2608-000607,2026-08-25T08:00:00-04:00,2026-08-26,shipped,,USD,true
02_upright_paid_order_items_aug2026.csv,103,UP-2608-000608,2026-08-06T08:00:00-04:00,2026-08-10,shipped,,USD,true
02_upright_paid_order_items_aug2026.csv,446,UP-2608-000609,2026-08-23T08:00:00-04:00,2026-08-24,shipped,,USD,true
02_upright_paid_order_items_aug2026.csv,192,UP-2608-000610,2026-08-10T08:00:00-04:00,2026-08-12,shipped,,USD,true
02_upright_paid_order_items_aug2026.csv,138,UP-2608-000611,2026-08-07T08:00:00-04:00,,local_pickup,,USD,true
02_upright_paid_order_items_aug2026.csv,20,UP-2608-000612,2026-08-01T08:00:00-04:00,2026-08-03,shipped,,USD,true
02_upright_paid_order_items_aug2026.csv,564,UP-2608-000613,2026-08-29T08:00:00-04:00,2026-08-31,shipped,,USD,true
02_upright_paid_order_items_aug2026.csv,109,UP-2608-000614,2026-08-06T08:00:00-04:00,2026-08-07,shipped,,USD,true
02_upright_paid_order_items_aug2026.csv,56,UP-2608-000615,2026-08-03T08:00:00-04:00,2026-08-06,shipped,,USD,true
02_upright_paid_order_items_aug2026.csv,445,UP-2608-000616,2026-08-23T08:00:00-04:00,2026-08-24,shipped,,USD,true
02_upright_paid_order_items_aug2026.csv,355,UP-2608-000617,2026-08-18T08:00:00-04:00,2026-08-21,shipped,,USD,true
02_upright_paid_order_items_aug2026.csv,296,UP-2608-000618,2026-08-15T08:00:00-04:00,2026-08-17,shipped,,USD,true
02_upright_paid_order_items_aug2026.csv,586,UP-2608-000619,2026-08-29T08:00:00-04:00,2026-08-31,shipped,,USD,true
02_upright_paid_order_items_aug2026.csv,329,UP-2608-000620,2026-08-16T08:00:00-04:00,2026-08-17,shipped,,USD,true
02_upright_paid_order_items_aug2026.csv,457,UP-2608-000621,2026-08-23T08:00:00-04:00,2026-08-24,shipped,,USD,true
02_upright_paid_order_items_aug2026.csv,518,UP-2608-000622,2026-08-26T08:00:00-04:00,2026-08-31,shipped,,USD,true
02_upright_paid_order_items_aug2026.csv,223,UP-2608-000623,2026-08-12T08:00:00-04:00,2026-08-13,shipped,,USD,true
02_upright_paid_order_items_aug2026.csv,335,UP-2608-000624,2026-08-17T08:00:00-04:00,2026-08-20,shipped,,USD,true
02_upright_paid_order_items_aug2026.csv,646,UP-2608-000625,2026-08-31T08:00:00-04:00,,pending_fulfillment,,USD,true
02_upright_paid_order_items_aug2026.csv,131,UP-2608-000626,2026-08-07T08:00:00-04:00,2026-08-10,shipped,2026-08-14T21:00:00-04:00,USD,true
02_upright_paid_order_items_aug2026.csv,239,UP-2608-000627,2026-08-12T08:00:00-04:00,2026-08-14,shipped,,USD,true
02_upright_paid_order_items_aug2026.csv,185,UP-2608-000628,2026-08-10T08:00:00-04:00,2026-08-13,shipped,,USD,true
02_upright_paid_order_items_aug2026.csv,193,UP-2608-000629,2026-08-10T08:00:00-04:00,2026-08-12,shipped,,USD,true
02_upright_paid_order_items_aug2026.csv,269,UP-2608-000630,2026-08-14T08:00:00-04:00,2026-08-18,shipped,,USD,true
02_upright_paid_order_items_aug2026.csv,178,UP-2608-000631,2026-08-09T08:00:00-04:00,2026-08-10,shipped,,USD,true
02_upright_paid_order_items_aug2026.csv,504,UP-2608-000632,2026-08-26T08:00:00-04:00,,local_pickup,,USD,true
02_upright_paid_order_items_aug2026.csv,513,UP-2608-000633,2026-08-26T08:00:00-04:00,2026-08-27,shipped,,USD,true
02_upright_paid_order_items_aug2026.csv,399,UP-2608-000634,2026-08-20T08:00:00-04:00,2026-08-24,shipped,,USD,true
02_upright_paid_order_items_aug2026.csv,642,UP-2608-000635,2026-08-31T08:00:00-04:00,,pending_fulfillment,,USD,true
02_upright_paid_order_items_aug2026.csv,607,UP-2608-000636,2026-08-30T08:00:00-04:00,,local_pickup,,USD,true
02_upright_paid_order_items_aug2026.csv,128,UP-2608-000637,2026-08-07T08:00:00-04:00,2026-08-10,shipped,,USD,true
02_upright_paid_order_items_aug2026.csv,21,UP-2608-000638,2026-08-02T08:00:00-04:00,2026-08-03,shipped,,USD,true
02_upright_paid_order_items_aug2026.csv,442,UP-2608-000639,2026-08-23T08:00:00-04:00,2026-08-25,shipped,,USD,true
02_upright_paid_order_items_aug2026.csv,402,UP-2608-000640,2026-08-21T08:00:00-04:00,2026-08-24,shipped,,USD,true
02_upright_paid_order_items_aug2026.csv,508,UP-2608-000641,2026-08-26T08:00:00-04:00,2026-08-31,shipped,,USD,true
02_upright_paid_order_items_aug2026.csv,257,UP-2608-000642,2026-08-13T08:00:00-04:00,2026-08-17,shipped,,USD,true
02_upright_paid_order_items_aug2026.csv,456,UP-2608-000643,2026-08-23T08:00:00-04:00,2026-08-25,shipped,,USD,true
02_upright_paid_order_items_aug2026.csv,86,UP-2608-000644,2026-08-05T08:00:00-04:00,2026-08-06,shipped,,USD,true
02_upright_paid_order_items_aug2026.csv,172,UP-2608-000645,2026-08-09T08:00:00-04:00,2026-08-12,shipped,,USD,true
02_upright_paid_order_items_aug2026.csv,527,UP-2608-000646,2026-08-27T08:00:00-04:00,2026-08-31,shipped,,USD,true
02_upright_paid_order_items_aug2026.csv,282,UP-2608-000647,2026-08-15T08:00:00-04:00,2026-08-17,shipped,,USD,true
02_upright_paid_order_items_aug2026.csv,154,UP-2608-000648,2026-08-08T08:00:00-04:00,2026-08-10,shipped,,USD,true
02_upright_paid_order_items_aug2026.csv,218,UP-2608-000649,2026-08-11T08:00:00-04:00,2026-08-13,shipped,,USD,true
02_upright_paid_order_items_aug2026.csv,388,UP-2608-000650,2026-08-20T08:00:00-04:00,2026-08-24,shipped,,USD,true
